venue,asset,market,round,received_ms,venue_age_ms,mid,spread_bps,bid_depth_10bp_usd,ask_depth_10bp_usd,returned_bid_usd,returned_ask_usd,bid_levels,ask_levels
hyperliquid,BTC,BTC,0,1790654091989,803,83038.5,0.12042679255364064,4972777.81709,3412018.70939,4972777.81709,3412018.70939,20,20
hyperliquid,BTC,BTC,1,1790654151992,823,83065.5,0.1203876482280819,4064163.12133,4213249.03056,4064163.12133,4213249.03056,20,20
hyperliquid,BTC,BTC,2,1790654212337,480,83035.5,0.12043114349324924,4574251.7073,3961610.45029,4574251.7073,3961610.45029,20,20
hyperliquid,BTC,BTC,3,1790654272037,425,83028.5,0.12044129691135552,8587475.72092,2077929.93952,8587475.72092,2077929.93952,20,20
hyperliquid,BTC,BTC,4,1790654331998,413,83008.5,0.12047031611395198,5007543.74779,4315538.7777,5007543.74779,4315538.7777,20,20
hyperliquid,BTC,BTC,5,1790654391982,488,83031.5,0.12043694523677928,5210658.8996,2958799.91977,5210658.8996,2958799.91977,20,20
hyperliquid,BTC,BTC,6,1790654451979,378,82987.5,0.12050080133052532,4928947.64829,4222321.31991,4928947.64829,4222321.31991,20,20
hyperliquid,BTC,BTC,7,1790654511982,378,83045.5,0.12041664158024545,3246757.17564,6336252.68511,3246757.17564,6336252.68511,20,20
hyperliquid,BTC,BTC,8,1790654572006,454,83054.5,0.1204035928425995,4065271.41135,4233005.43413,4065271.41135,4233005.43413,20,20
hyperliquid,BTC,BTC,9,1790654632005,668,83005.5,0.12047467019993263,6814845.70279,3387890.28617,6814845.70279,3387890.28617,20,20
hyperliquid,BTC,BTC,10,1790654691983,531,83031.5,0.12043694523677928,2685048.3715,5594836.85711,2685048.3715,5594836.85711,20,20
hyperliquid,BTC,BTC,11,1790654752009,685,83036.5,0.12042969314451923,2902341.70076,8917521.08373,2902341.70076,8917521.08373,20,20
hyperliquid,BTC,BTC,12,1790654812081,501,83030.5,0.12043839576092452,3598136.01966,6179045.70589,3598136.01966,6179045.70589,20,20
hyperliquid,BTC,BTC,13,1790654872029,416,83043.5,0.12041954168262592,4429086.21055,7239497.2551,4429086.21055,7239497.2551,20,20
hyperliquid,BTC,BTC,14,1790654931983,719,82992.5,0.12049354154664016,5816380.98059,4101625.68586,5816380.98059,4101625.68586,20,20
hyperliquid,BTC,BTC,15,1790654992018,397,83029.5,0.12043984631837645,6045724.6130099995,4016265.5123400004,6045724.6130099995,4016265.5123400004,20,20
hyperliquid,BTC,BTC,16,1790655051989,699,83053.5,0.12040504256294327,6502549.67314,4433282.20511,6502549.67314,4433282.20511,20,20
hyperliquid,BTC,BTC,17,1790655111985,379,83081.5,0.12036446359608988,3906491.55249,5919408.37007,3906491.55249,5919408.37007,20,20
hyperliquid,BTC,BTC,18,1790655171996,441,83091.5,0.12034997773469058,5859092.77485,3163281.4335,5859092.77485,3163281.4335,20,20
hyperliquid,BTC,BTC,19,1790655232040,357,83121.5,0.12030654106709449,4740949.99478,5452633.01113,4740949.99478,5452633.01113,20,20
hyperliquid,BTC,BTC,20,1790655291990,315,83093.5,0.12034708098074276,4118118.57552,5283595.919,4118118.57552,5283595.919,20,20
hyperliquid,BTC,BTC,21,1790655352036,748,83103.5,0.12033259930488427,8503319.90305,2327222.70021,8503319.90305,2327222.70021,20,20
hyperliquid,BTC,BTC,22,1790655411988,410,83116.5,0.12031377833343626,3181734.14102,5313020.82175,3181734.14102,5313020.82175,20,20
hyperliquid,BTC,BTC,23,1790655471994,501,83191.5,0.12020531066969653,3843550.3456699997,4462656.05704,3843550.3456699997,4462656.05704,20,20
hyperliquid,BTC,BTC,24,1790655532109,820,83140.5,0.12027904739086992,3743614.1151,4556575.55667,3743614.1151,4556575.55667,20,20
hyperliquid,BTC,BTC,25,1790655591994,687,83186.5,0.12021253576355306,6030561.48617,2989089.88416,6030561.48617,2989089.88416,20,20
hyperliquid,BTC,BTC,26,1790655651990,574,83200.5,0.1201923076932232,3765900.0579999997,8003100.02761,3765900.0579999997,8003100.02761,20,20
hyperliquid,BTC,BTC,27,1790655712033,385,83209.5,0.12017930752783457,4971055.19309,3357221.45969,4971055.19309,3357221.45969,20,20
hyperliquid,BTC,BTC,28,1790655771989,557,83231.5,0.12014754118050419,6944864.0549,6424422.61666,6944864.0549,6424422.61666,20,20
hyperliquid,BTC,BTC,29,1790655831983,502,83239.5,0.12013599394622432,1659671.7121599999,7887589.83834,1659671.7121599999,7887589.83834,20,20
hyperliquid,BTC,BTC,30,1790655892005,753,83229.5,0.12015042833546374,2097942.17497,9608212.29738,2097942.17497,9608212.29738,20,20
hyperliquid,BTC,BTC,31,1790655951998,619,83210.5,0.12017786323870183,5133687.63881,9074533.7762,5133687.63881,9074533.7762,20,20
hyperliquid,BTC,BTC,32,1790656011996,420,83198.5,0.12019519699979497,2029813.62176,12075047.68382,2029813.62176,12075047.68382,20,20
hyperliquid,BTC,BTC,33,1790656072330,738,83195.5,0.12019953122166527,5713572.99868,6939584.13059,5713572.99868,6939584.13059,20,20
hyperliquid,BTC,BTC,34,1790656131996,523,83191.5,0.12020531066969653,5273551.73966,5968926.00021,5273551.73966,5968926.00021,20,20
hyperliquid,ETH,ETH,0,1790654091984,798,2665.8500000000004,0.37512191462196753,8848692.37432,6882972.02746,8848692.37432,6882972.02746,20,20
hyperliquid,ETH,ETH,1,1790654151988,309,2666.75,0.37499531255980045,7168214.93875,8873943.00042,7168214.93875,8873943.00042,20,20
hyperliquid,ETH,ETH,2,1790654212098,792,2665.8500000000004,0.37512191462196753,8824163.71207,8146880.61643,8824163.71207,8146880.61643,20,20
hyperliquid,ETH,ETH,3,1790654272041,429,2665.3500000000004,0.3751922860462109,12914265.0868,10779062.605800001,12914265.0868,10779062.605800001,20,20
hyperliquid,ETH,ETH,4,1790654331983,398,2664.45,0.3753190211686075,12310802.90459,10162836.52283,12310802.90459,10162836.52283,20,20
hyperliquid,ETH,ETH,5,1790654391985,491,2664.95,0.37524860219795286,12691923.89515,9962555.520680001,12691923.89515,9962555.520680001,20,20
hyperliquid,ETH,ETH,6,1790654451982,381,2663.45,0.37545993842424963,11176743.58287,7242508.264,11176743.58287,7242508.264,20,20
hyperliquid,ETH,ETH,7,1790654511978,374,2666.1499999999996,0.37507970443773075,9141394.1093,12865861.60868,9141394.1093,12865861.60868,20,20
hyperliquid,ETH,ETH,8,1790654571998,446,2665.75,0.3751359867965043,10381774.16571,10405754.13804,10381774.16571,10405754.13804,20,20
hyperliquid,ETH,ETH,9,1790654632001,664,2663.45,0.37545993842424963,10963600.22715,9589074.47939,10963600.22715,9589074.47939,20,20
hyperliquid,ETH,ETH,10,1790654691981,529,2664.75,0.3752767666176382,9809910.01319,10543312.6828,9809910.01319,10543312.6828,20,20
hyperliquid,ETH,ETH,11,1790654751981,657,2664.3500000000004,0.3753331081335354,8679997.47557,11460611.98402,8679997.47557,11460611.98402,20,20
hyperliquid,ETH,ETH,12,1790654812007,427,2663.95,0.3753894665714519,11293563.99088,8844564.2807,11293563.99088,8844564.2807,20,20
hyperliquid,ETH,ETH,13,1790654872033,420,2664.1499999999996,0.37536128523640855,11618822.0518,8540079.11957,11618822.0518,8540079.11957,20,20
hyperliquid,ETH,ETH,14,1790654931980,716,2662.8500000000004,0.3755445395814405,8605470.01224,10344061.96087,8605470.01224,10344061.96087,20,20
hyperliquid,ETH,ETH,15,1790654992021,400,2664.25,0.375347196157616,10412080.207799999,10215583.98072,10412080.207799999,10215583.98072,20,20
hyperliquid,ETH,ETH,16,1790655051996,706,2665.45,0.3751782096483858,10198161.28216,9384655.626600001,10198161.28216,9384655.626600001,20,20
hyperliquid,ETH,ETH,17,1790655111997,391,2666.45,0.3750375037503417,8478519.35323,9496530.07917,8478519.35323,9496530.07917,20,20
hyperliquid,ETH,ETH,18,1790655171993,438,2667.05,0.37495313085722515,10195449.46852,9327557.48045,10195449.46852,9327557.48045,20,20
hyperliquid,ETH,ETH,19,1790655231984,301,2667.3500000000004,0.3749109586470567,9972912.84371,7171059.48627,9972912.84371,7171059.48627,20,20
hyperliquid,ETH,ETH,20,1790655292003,328,2667.8500000000004,0.3748406927051029,9545376.47447,8645839.45085,9545376.47447,8645839.45085,20,20
hyperliquid,ETH,ETH,21,1790655352064,776,2669.05,0.3746721618580473,10586731.36298,8348198.05853,10586731.36298,8348198.05853,20,20
hyperliquid,ETH,ETH,22,1790655412007,429,2668.8500000000004,0.37470023980690215,8776371.97209,8723154.99014,8776371.97209,8723154.99014,20,20
hyperliquid,ETH,ETH,23,1790655472004,511,2671.3500000000004,0.37434956762671945,10086582.67271,7295020.60154,10086582.67271,7295020.60154,20,20
hyperliquid,ETH,ETH,24,1790655532102,813,2669.3500000000004,0.3746300528217894,9623333.20083,9102153.90192,9623333.20083,9102153.90192,20,20
hyperliquid,ETH,ETH,25,1790655591991,684,2671.6499999999996,0.37430753106804104,10254146.77478,6479536.99719,10254146.77478,6479536.99719,20,20
hyperliquid,ETH,ETH,26,1790655651988,572,2670.75,0.37443366907696785,9680899.27579,7985735.13583,9680899.27579,7985735.13583,20,20
hyperliquid,ETH,ETH,27,1790655712025,377,2671.95,0.3742655039484788,9229482.61796,9050646.7236,9229482.61796,9050646.7236,20,20
hyperliquid,ETH,ETH,28,1790655772070,638,2672.3500000000004,0.37420948246769115,10879888.15096,6445519.27908,10879888.15096,6445519.27908,20,20
hyperliquid,ETH,ETH,29,1790655831994,513,2672.3500000000004,0.37420948246769115,8467628.06045,8497653.77567,8467628.06045,8497653.77567,20,20
hyperliquid,ETH,ETH,30,1790655892064,812,2671.95,0.3742655039484788,10775091.22769,11475232.59853,10775091.22769,11475232.59853,20,20
hyperliquid,ETH,ETH,31,1790655952001,622,2670.95,0.37440563106061475,13197199.08001,11484036.04112,13197199.08001,11484036.04112,20,20
hyperliquid,ETH,ETH,32,1790656012001,425,2670.3500000000004,0.374489757704044,10227790.52854,12761125.82131,10227790.52854,12761125.82131,20,20
hyperliquid,ETH,ETH,33,1790656072332,740,2669.95,0.3745458631398968,12789985.837509999,9950895.22076,12789985.837509999,9950895.22076,20,20
hyperliquid,ETH,ETH,34,1790656131989,516,2669.8500000000004,0.3745598921267579,13601748.83956,10035571.16635,13601748.83956,10035571.16635,20,20
hyperliquid,SOL,SOL,0,1790654092185,462,117.795,0.8489685032686545,1951691.9513,3013022.8507,3839552.5807,4981990.1593,20,20
hyperliquid,SOL,SOL,1,1790654152186,507,117.785,0.8490405841410364,2247607.3111,2620032.1722999997,3941696.6686,4670850.3538,20,20
hyperliquid,SOL,SOL,2,1790654212298,441,117.755,0.8492569002127581,2402969.2812,2512299.4239,4093482.2667,4413769.9546,20,20
hyperliquid,SOL,SOL,3,1790654272263,651,117.735,0.8494011721738026,3281212.1161,3304172.163,5654955.7451,5182565.6043,20,20
hyperliquid,SOL,SOL,4,1790654332179,594,117.695,0.8496898632004424,3067833.3166,3579265.2321,5035522.2795,5267522.0806,20,20
hyperliquid,SOL,SOL,5,1790654392178,684,117.795,0.8489685032686545,3143841.3411,3053684.48,5259687.7398,4778063.7731,20,20
hyperliquid,SOL,SOL,6,1790654452169,568,117.63499999999999,0.8501232678748138,2626699.4375,2240012.2201,4691313.2374,4148433.1407,20,20
hyperliquid,SOL,SOL,7,1790654512179,575,117.735,0.8494011721738026,2195189.1331,2039458.7038,3680505.4663,3811029.8986,20,20
hyperliquid,SOL,SOL,8,1790654572198,646,117.765,0.8491847826075372,1840180.5199,2642080.6972,3563947.6312,4466873.3465,20,20
hyperliquid,SOL,SOL,9,1790654632197,350,117.445,0.8514986376018108,1754719.1228,2653830.5443,3658584.7554,5063852.2364,20,20
hyperliquid,SOL,SOL,10,1790654692179,727,117.465,0.8513536523069298,2281843.6354,2577192.3015,3888111.9836,4618273.2201,20,20
hyperliquid,SOL,SOL,11,1790654752179,303,117.41499999999999,0.8517162081589369,2402932.2119,2707852.9604,4461061.094,4502001.1474,20,20
hyperliquid,SOL,SOL,12,1790654812217,637,117.405,0.8517887563885829,2330839.4677999998,2929700.5705,4832748.9704,4806559.8833,20,20
hyperliquid,SOL,SOL,13,1790654872445,832,117.36500000000001,0.8520790729393823,2551906.9377,2516546.9529,4477203.4212,4408514.8072,20,20
hyperliquid,SOL,SOL,14,1790654932180,376,117.345,0.852224305436522,2481525.8113,2665006.0411,4248634.6583,4762855.2649,20,20
hyperliquid,SOL,SOL,15,1790654992223,602,117.485,0.8512087163770055,2673664.5164,2042596.17,4811549.7554,3973240.8818,20,20
hyperliquid,SOL,SOL,16,1790655052249,418,117.625,0.8501955449746745,2577578.7442,2370566.2246999997,4602552.8006,4226969.486,20,20
hyperliquid,SOL,SOL,17,1790655112188,582,117.63499999999999,0.8501232678748138,1699041.8194,3011677.4673,4531079.222,4792261.6453,20,20
hyperliquid,SOL,SOL,18,1790655172186,631,117.67500000000001,0.8498342823148874,2244427.537,2838608.4099,4107991.6543,4633312.0571,20,20
hyperliquid,SOL,SOL,19,1790655232187,504,117.695,0.8496898632004424,2286990.8896,2494953.0081,4473464.7117,4386400.8033,20,20
hyperliquid,SOL,SOL,20,1790655292190,515,117.67500000000001,0.8498342823148874,2339260.6293,3025500.8915999997,4305749.1113,4549863.5204,20,20
hyperliquid,SOL,SOL,21,1790655352257,424,117.745,0.8493290300659595,2078587.5294,2452744.5553,4254614.7377,4878511.27,20,20
hyperliquid,SOL,SOL,22,1790655412257,679,117.66499999999999,0.8499065102851588,2085295.919,2637627.8292,4349472.2676,4257269.454,20,20
hyperliquid,SOL,SOL,23,1790655472286,793,117.86500000000001,0.8484642796546815,2316650.6168,2677033.0873,4468625.0154,4682199.0753,20,20
hyperliquid,SOL,SOL,24,1790655532307,478,117.685,0.8497620666214623,2774692.7505,1422082.514,4560229.2136,4396696.6433999995,20,20
hyperliquid,SOL,SOL,25,1790655592192,386,117.845,0.8486082824155083,2282073.726,2787848.7276,4221173.1783,5045738.6797,20,20
hyperliquid,SOL,SOL,26,1790655652182,247,117.815,0.8488243782345251,2033892.7471,2639682.9177,4510056.4996,4373765.3565,20,20
hyperliquid,SOL,SOL,27,1790655712229,581,117.85499999999999,0.8485362749266478,2900803.8452,2001295.4611,4757778.0167000005,4219060.7266999995,20,20
hyperliquid,SOL,SOL,28,1790655772244,812,117.955,0.8478168715542189,2104726.3164999997,2383166.7857,4324663.474,4141630.2526000002,20,20
hyperliquid,SOL,SOL,29,1790655832187,706,117.945,0.8478887569962623,2343157.0285,2772147.6109,4350003.0976,4948679.6492,20,20
hyperliquid,SOL,SOL,30,1790655892260,460,117.86500000000001,0.8484642796546815,2285683.3128,3932241.5670000003,4635357.9798,5567322.6127,20,20
hyperliquid,SOL,SOL,31,1790655952206,827,117.80000000000001,1.697937006537309,2001105.6846,3233029.2019,4970179.8559,5549421.6787,20,20
hyperliquid,SOL,SOL,32,1790656012205,629,117.795,0.8489685032686545,2950125.8896999997,3556484.9573,5228435.1587,5729074.3218,20,20
hyperliquid,SOL,SOL,33,1790656072449,344,117.815,0.8488243782345251,2553949.5818,3893414.9445,5108791.185,5904932.8467,20,20
hyperliquid,SOL,SOL,34,1790656132190,717,117.82499999999999,0.8487523340683367,2346435.3736,3704040.0475,4805276.8884,5830231.3103,20,20
hyperliquid,AVAX,AVAX,0,1790654092311,588,10.432500000000001,0.9585889570540296,69993.9209,61793.95745,303377.39579,163580.86031,20,20
hyperliquid,AVAX,AVAX,1,1790654152373,694,10.439499999999999,0.9579461634245945,65010.632509999996,63321.76459,214584.65637,148506.19616,20,20
hyperliquid,AVAX,AVAX,2,1790654212535,678,10.426,1.9184652278170233,102016.31657000001,54590.59945,224377.28644,178595.85244,20,20
hyperliquid,AVAX,AVAX,3,1790654272602,452,10.426,1.9184652278170233,110968.91568,54042.33115,221036.8652,179255.03736,20,20
hyperliquid,AVAX,AVAX,4,1790654332374,789,10.412500000000001,0.960430272760604,105521.20725,48209.40191,236162.94364,164297.00268,20,20
hyperliquid,AVAX,AVAX,5,1790654392369,344,10.419,1.9197542714533,96834.27246,45159.70219,248130.94676999998,155598.49229,20,20
hyperliquid,AVAX,AVAX,6,1790654452362,761,10.389,1.9252984212569935,77264.9737,60970.8643,203903.11952,233681.66780999998,20,20
hyperliquid,AVAX,AVAX,7,1790654512374,770,10.3995,0.9616309260507272,59771.71523,58720.78028,281742.61652,182160.04464,20,20
hyperliquid,AVAX,AVAX,8,1790654572386,834,10.398,1.9236318168691646,93566.72671,64859.65581999999,237962.3051,169277.57291,20,20
hyperliquid,AVAX,AVAX,9,1790654632369,522,10.372499999999999,0.9641342074817594,65440.51011,45486.31747,290245.63714,131896.35455,20,20
hyperliquid,AVAX,AVAX,10,1790654692424,421,10.3585,0.9654373431167151,67863.39316,56608.25724,189599.8794,129568.57421,20,20
hyperliquid,AVAX,AVAX,11,1790654752368,492,10.3675,0.9645992090279165,76358.91851,60651.35631,304954.57568999997,152664.80144,20,20
hyperliquid,AVAX,AVAX,12,1790654812531,403,10.3635,0.9649715333415188,106823.26569,37116.56252,309278.38112,138055.00467999998,20,20
hyperliquid,AVAX,AVAX,13,1790654872459,846,10.364,1.929943066680817,107147.17148,52992.95981,321321.52873,161763.02916,20,20
hyperliquid,AVAX,AVAX,14,1790654932400,596,10.3535,0.9659036028208945,71827.84577,49693.78385,209583.93882,143931.67278999998,20,20
hyperliquid,AVAX,AVAX,15,1790654992313,692,10.3995,0.9616309260507272,129253.36248,16592.76006,231790.55338,235040.56675,20,20
hyperliquid,AVAX,AVAX,16,1790655052436,605,10.442,1.915525332820689,92621.4615,71433.90348,227376.62853,208496.12646,20,20
hyperliquid,AVAX,AVAX,17,1790655112375,769,10.433,1.9171779141102796,123269.85105,36702.50643,310700.42699,122256.99927999999,20,20
hyperliquid,AVAX,AVAX,18,1790655172380,287,10.430499999999999,0.9587727708537663,136595.58426,46305.197479999995,341492.7723,138590.71659,20,20
hyperliquid,AVAX,AVAX,19,1790655232376,693,10.434000000000001,1.916994153168261,87711.51962,47017.21385000001,236545.31908,149028.77739,20,20
hyperliquid,AVAX,AVAX,20,1790655292283,608,10.4255,0.9592326139085117,75941.0335,43421.15311,212681.37588,156786.38945000002,20,20
hyperliquid,AVAX,AVAX,21,1790655352484,651,10.434000000000001,1.916994153168261,60186.016,60208.688590000005,194666.97989000002,256296.76537,20,20
hyperliquid,AVAX,AVAX,22,1790655412398,820,10.4245,0.9593246354588914,68038.25292,45371.629779999996,219295.58162,157650.59058,20,20
hyperliquid,AVAX,AVAX,23,1790655472444,259,10.4785,2.863415099743083,107175.53329,44860.374769999995,335398.34511,130423.64631,20,20
hyperliquid,AVAX,AVAX,24,1790655532408,579,10.4435,4.788813332055053,71021.55489,59719.34501999999,217797.51664,182409.12766,20,20
hyperliquid,AVAX,AVAX,25,1790655592384,578,10.473500000000001,0.9548362455835679,61642.95855,66935.51957,200172.98978,168429.48576,20,20
hyperliquid,AVAX,AVAX,26,1790655652241,306,10.477,1.9091256204650797,115810.27523,52301.79006,329071.11076999997,153767.69137,20,20
hyperliquid,AVAX,AVAX,27,1790655712415,767,10.4825,0.9540164090826586,47496.65456,59425.03857,188385.06019,259599.67989,20,20
hyperliquid,AVAX,AVAX,28,1790655772425,416,10.497,1.9054878048763157,89209.01374,67114.93153,214815.34055999998,177079.5758,20,20
hyperliquid,AVAX,AVAX,29,1790655832383,902,10.4875,0.9535615523970087,74648.17208,43901.6663,287332.8044,158791.05223,20,20
hyperliquid,AVAX,AVAX,30,1790655892420,620,10.4725,0.9549274255160611,80070.85767,81164.45914,330120.18065,190901.44022,20,20
hyperliquid,AVAX,AVAX,31,1790655952396,466,10.461,1.9120458891008774,88740.07427,51393.75049,305269.63925,166111.27226,20,20
hyperliquid,AVAX,AVAX,32,1790656012389,813,10.4585,2.868891651526262,69546.94167,37093.32534,310810.6309,161534.0047,20,20
hyperliquid,AVAX,AVAX,33,1790656072536,431,10.466999999999999,1.9109497420233268,68057.88645,65270.99532,218278.80671,174331.50208,20,20
hyperliquid,AVAX,AVAX,34,1790656132395,383,10.469000000000001,1.910584638900037,50638.596470000004,84800.00512,200630.19527,196361.89954,20,20
hyperliquid,BNB,BNB,0,1790654092393,670,758.6800000000001,0.26361922838669116,67412.17619,75571.54079,67412.17619,75571.54079,20,20
hyperliquid,BNB,BNB,1,1790654152395,716,758.885,0.1317731393624122,103449.95669,79446.76092,103449.95669,79446.76092,20,20
hyperliquid,BNB,BNB,2,1790654212532,675,758.535,0.6591870904792962,121739.22632,75594.10846,121739.22632,75594.10846,20,20
hyperliquid,BNB,BNB,3,1790654272700,550,758.405,0.13185654008429637,101565.25436,68040.20350999999,101565.25436,68040.20350999999,20,20
hyperliquid,BNB,BNB,4,1790654332377,792,758.215,0.1318895820423549,88643.79104000001,110170.47665,88643.79104000001,110170.47665,20,20
hyperliquid,BNB,BNB,5,1790654392372,347,758.44,0.2637026488949701,111208.21682,57113.73487,111208.21682,57113.73487,20,20
hyperliquid,BNB,BNB,6,1790654452364,763,757.915,1.1875387599458165,91783.22103,82676.14940000001,91783.22103,82676.14940000001,20,20
hyperliquid,BNB,BNB,7,1790654512369,765,758.4200000000001,0.5274261603394059,126585.23831,52761.1901,126585.23831,52761.1901,20,20
hyperliquid,BNB,BNB,8,1790654572392,840,758.405,0.13185654008429637,127264.77702,86609.06113,127264.77702,86609.06113,20,20
hyperliquid,BNB,BNB,9,1790654632397,550,757.495,0.1320149440919849,126609.29794,72903.76709,126609.29794,72903.76709,20,20
hyperliquid,BNB,BNB,10,1790654692430,427,757.555,0.13200448815142707,69754.73679,106636.50454,69754.73679,106636.50454,20,20
hyperliquid,BNB,BNB,11,1790654752419,543,757.455,0.13202191563754795,90550.68066,80646.54147,90550.68066,80646.54147,20,20
hyperliquid,BNB,BNB,12,1790654812405,277,757.44,0.26405080337577047,112995.58517,78577.74159,112995.58517,78577.74159,20,20
hyperliquid,BNB,BNB,13,1790654872467,854,757.435,0.13202540168899546,70228.07538,87402.06905,70228.07538,87402.06905,20,20
hyperliquid,BNB,BNB,14,1790654932378,574,757.085,0.1320864373655084,88543.11327999999,71165.61075,88543.11327999999,71165.61075,20,20
hyperliquid,BNB,BNB,15,1790654992389,768,757.785,0.3958984916274666,42638.51541,73920.96759,42638.51541,73920.96759,20,20
hyperliquid,BNB,BNB,16,1790655052437,606,757.895,0.13194526910176307,84791.0856,76568.64451,84791.0856,76568.64451,20,20
hyperliquid,BNB,BNB,17,1790655112382,776,758.195,0.1318930611060587,87603.45982,34870.41659,87603.45982,34870.41659,20,20
hyperliquid,BNB,BNB,18,1790655172442,349,758.185,0.13189480070785464,93981.78845000001,95580.24756,93981.78845000001,95580.24756,20,20
hyperliquid,BNB,BNB,19,1790655232410,727,758.405,0.6593000870269705,73836.96911,75833.98685999999,73836.96911,75833.98685999999,20,20
hyperliquid,BNB,BNB,20,1790655292384,709,758.265,0.13188088518356622,111807.5526,51834.850060000004,111807.5526,51834.850060000004,20,20
hyperliquid,BNB,BNB,21,1790655352445,612,758.345,0.13186697259692792,140625.93247,64174.588090000005,140625.93247,64174.588090000005,20,20
hyperliquid,BNB,BNB,22,1790655412436,286,758.375,0.13186175613411066,104276.41741,66717.19588,104276.41741,66717.19588,20,20
hyperliquid,BNB,BNB,23,1790655472487,302,759.44,0.526717758291273,79080.08353,52284.16309,79080.08353,52284.16309,20,20
hyperliquid,BNB,BNB,24,1790655532508,679,758.8050000000001,0.3953663068845259,92127.7656,98142.96379000001,92127.7656,98142.96379000001,20,20
hyperliquid,BNB,BNB,25,1790655592385,579,759.455,0.3950279153053238,147282.53375,42108.75391,147282.53375,42108.75391,20,20
hyperliquid,BNB,BNB,26,1790655652374,439,759.185,0.9220839096357736,52845.47599,47907.56366,52845.47599,47907.56366,20,20
hyperliquid,BNB,BNB,27,1790655712411,763,759.255,0.13170892327885042,136314.87116,69138.55845,136314.87116,69138.55845,20,20
hyperliquid,BNB,BNB,28,1790655772436,427,759.535,0.1316603689116569,150500.66296,58772.207930000004,150500.66296,58772.207930000004,20,20
hyperliquid,BNB,BNB,29,1790655832380,899,759.715,0.13162917428921617,88899.61183,82448.89934,88899.61183,82448.89934,20,20
hyperliquid,BNB,BNB,30,1790655892472,672,759.055,0.13174362690104857,101167.61538,55450.47691,101167.61538,55450.47691,20,20
hyperliquid,BNB,BNB,31,1790655952425,495,758.975,0.13175751347294096,57488.33909,83940.46199,57488.33909,83940.46199,20,20
hyperliquid,BNB,BNB,32,1790656012397,821,758.805,0.1317870321559944,129762.10435,67848.57893999999,129762.10435,67848.57893999999,20,20
hyperliquid,BNB,BNB,33,1790656072644,539,759.005,0.1317523056654224,151225.6423,89859.07647,151225.6423,89859.07647,20,20
hyperliquid,BNB,BNB,34,1790656132419,407,758.825,0.13178355868337377,93946.40471,72738.20095,93946.40471,72738.20095,20,20
hyperliquid,OP,OP,0,1790654092379,656,0.13022499999999998,2.3039705091787432,14920.194227,8403.017781999999,76161.384068,75377.417695,20,20
hyperliquid,OP,OP,1,1790654152398,719,0.130145,0.7684032580290712,19223.006676,16935.142754,56758.397032,76809.26781800001,20,20
hyperliquid,OP,OP,2,1790654212659,266,0.13005499999999998,2.3069824669330607,16914.824014,7150.462506,75460.315932,73154.24021399999,20,20
hyperliquid,OP,OP,3,1790654272458,308,0.129975,2.3084025854114287,18756.478972,38287.051595000004,70086.825321,85760.14101600001,20,20
hyperliquid,OP,OP,4,1790654332418,833,0.12971,1.5420200462590294,20042.501196999998,3737.520794,98400.470693,111876.282142,20,20
hyperliquid,OP,OP,5,1790654392412,387,0.129815,0.7703566751393609,19502.320761,18900.710297,85101.62332,91440.8447,20,20
hyperliquid,OP,OP,6,1790654452404,803,0.12963999999999998,1.5428527347061127,13673.15203,24082.492466999996,74952.159762,91932.543509,20,20
hyperliquid,OP,OP,7,1790654512383,779,0.12996000000000002,3.0783438510084693,13785.137219999999,18559.648396999997,103626.834581,76883.907331,20,20
hyperliquid,OP,OP,8,1790654572403,315,0.129915,0.7697636825509946,16572.977088,13468.892519,39574.602134,147450.457451,20,20
hyperliquid,OP,OP,9,1790654632421,574,0.129515,2.3166023166032446,12382.40692,30147.45924,94441.37884599999,83303.049745,20,20
hyperliquid,OP,OP,10,1790654692427,424,0.12930999999999998,1.5467904098986907,14766.327193,9170.538787,93887.353271,93974.376225,20,20
hyperliquid,OP,OP,11,1790654752447,571,0.12898500000000002,2.326122354034954,18146.337144,4537.421925,69592.899596,82843.473893,20,20
hyperliquid,OP,OP,12,1790654812432,304,0.129055,0.7748934521512041,19134.557481,13187.488782,77578.514073,80869.351043,20,20
hyperliquid,OP,OP,13,1790654872644,425,0.12921,3.0962148773139297,15040.221403,34506.715274,54139.838787,71880.882172,20,20
hyperliquid,OP,OP,14,1790654932403,599,0.129155,0.7742934572219085,16538.441859000002,4880.8986540000005,90933.826084,84039.591421,20,20
hyperliquid,OP,OP,15,1790654992403,782,0.129525,2.3164234422057284,14935.684626,18613.403431,90906.329934,90229.696346,20,20
hyperliquid,OP,OP,16,1790655052475,644,0.129725,3.8550501156509043,22211.615529,25132.44221,96495.599505,71373.065048,20,20
hyperliquid,OP,OP,17,1790655112393,787,0.12966499999999997,2.3139220979562225,19532.98052,5207.690463,98520.63047,63720.58168,20,20
hyperliquid,OP,OP,18,1790655172439,346,0.129805,2.3114261499346256,13547.954131,6861.828683,92583.553521,70879.139223,20,20
hyperliquid,OP,OP,19,1790655232425,742,0.12975,3.0833269097341187,14665.011348000002,6529.864497,72186.364245,43672.349201,20,20
hyperliquid,OP,OP,20,1790655292381,706,0.129685,2.3135652039796284,14536.586657,8490.851594,73754.081813,68335.334658,20,20
hyperliquid,OP,OP,21,1790655352481,648,0.12976,1.5414258188828356,12965.327340999998,30639.506712000002,63795.970966999994,79344.288213,20,20
hyperliquid,OP,OP,22,1790655412495,345,0.12967,1.542495758135587,13018.218095,27341.561373999997,74314.07255299999,97696.820813,20,20
hyperliquid,OP,OP,23,1790655472640,455,0.130255,0.7677543186157543,17102.523141,27621.756859000005,112528.869234,127321.26850100001,20,20
hyperliquid,OP,OP,24,1790655532503,674,0.13021,3.0724325985098666,10007.829011,10341.162322999999,86424.957257,82341.290526,20,20
hyperliquid,OP,OP,25,1790655592392,586,0.13048500000000002,2.2993791676251263,17328.170369,6166.653483000001,111421.693225,74642.776476,20,20
hyperliquid,OP,OP,26,1790655652378,443,0.130455,2.2999080036800734,16959.221194,2643.2580540000004,94949.207317,70161.513076,20,20
hyperliquid,OP,OP,27,1790655712433,785,0.13058999999999998,3.063490847821093,17250.39471,5248.105435,91954.385084,84042.53722,20,20
hyperliquid,OP,OP,28,1790655772497,488,0.130775,0.7647013841105554,10779.885847000001,25586.88068,62160.842606,73119.26063399999,20,20
hyperliquid,OP,OP,29,1790655832386,905,0.13062,3.062787136294265,18237.641392999998,31489.654868999998,92101.36894700001,71340.539995,20,20
hyperliquid,OP,OP,30,1790655892466,666,0.13054500000000002,2.298322224776328,10368.554479,16185.184038000001,97350.391696,88636.533745,20,20
hyperliquid,OP,OP,31,1790655952407,477,0.13039499999999998,0.7669299792922857,29950.583744,1761.424835,92222.57625,69160.590035,20,20
hyperliquid,OP,OP,32,1790656012423,313,0.13036,4.603698304304071,18446.410202,28441.115758,99172.884325,98693.969207,20,20
hyperliquid,OP,OP,33,1790656072730,625,0.13026,3.0712530712539987,20688.220181,26934.398727000003,94043.398679,91005.40455,20,20
hyperliquid,OP,OP,34,1790656132401,389,0.13017499999999999,0.7682261657815381,19209.110764,8018.532357,94229.555088,72514.479325,20,20
hyperliquid,LTC,LTC,0,1790654092452,729,67.8955,1.0310493136156396,39940.65419,39591.46962,39940.65419,39591.46962,20,20
hyperliquid,LTC,LTC,1,1790654152505,308,67.8995,0.14727757404520148,39991.47036,41482.59767,39991.47036,41482.59767,20,20
hyperliquid,LTC,LTC,2,1790654212715,322,67.8925,0.14729275908953454,30038.05585,49727.65023,30038.05585,49727.65023,20,20
hyperliquid,LTC,LTC,3,1790654272620,470,67.86099999999999,0.2947244326545473,44509.99532,43214.51931,44509.99532,43214.51931,20,20
hyperliquid,LTC,LTC,4,1790654332453,306,67.82149999999999,0.4423473901504771,44817.54808,40433.60552,44817.54808,40433.60552,20,20
hyperliquid,LTC,LTC,5,1790654392433,408,67.86449999999999,0.14735353058847878,37360.98764,57197.5793,37360.98764,57197.5793,20,20
hyperliquid,LTC,LTC,6,1790654452471,364,67.8005,0.14749262536861707,29817.347810000003,45036.786389999994,29817.347810000003,45036.786389999994,20,20
hyperliquid,LTC,LTC,7,1790654512495,344,67.866,0.8841342115739614,43162.26489,38847.30737,43162.26489,38847.30737,20,20
hyperliquid,LTC,LTC,8,1790654572549,461,67.86099999999999,1.178949850419997,49089.16917,40972.405660000004,49089.16917,40972.405660000004,20,20
hyperliquid,LTC,LTC,9,1790654632478,631,67.724,0.8859880982270418,28999.0202,43570.21795,28999.0202,43570.21795,20,20
hyperliquid,LTC,LTC,10,1790654692451,448,67.728,0.8859357696566761,43083.72808,44768.696299999996,43083.72808,44768.696299999996,20,20
hyperliquid,LTC,LTC,11,1790654752493,617,67.66300000000001,1.1823999763516113,44506.80642,52116.66023,44506.80642,52116.66023,20,20
hyperliquid,LTC,LTC,12,1790654812500,372,67.68,0.8865641207500552,52652.88567,49356.86745,52652.88567,49356.86745,20,20
hyperliquid,LTC,LTC,13,1790654872634,415,67.7165,1.0337749028987986,40570.49983,44578.2389,40570.49983,44578.2389,20,20
hyperliquid,LTC,LTC,14,1790654932447,643,67.6755,0.14776505356639547,39080.029239999996,45465.12276,39080.029239999996,45465.12276,20,20
hyperliquid,LTC,LTC,15,1790654992407,260,67.803,0.8849557522117024,38455.921220000004,53642.56701,38455.921220000004,53642.56701,20,20
hyperliquid,LTC,LTC,16,1790655052487,656,67.912,1.178064440123805,47846.88299,40691.219189999996,47846.88299,40691.219189999996,20,20
hyperliquid,LTC,LTC,17,1790655112462,334,67.97800000000001,0.29421716168709366,40356.81735,55272.4303,40356.81735,55272.4303,20,20
hyperliquid,LTC,LTC,18,1790655172457,364,67.985,0.5883823897145923,47851.72059,40184.04991,47851.72059,40184.04991,20,20
hyperliquid,LTC,LTC,19,1790655232442,759,67.9975,0.1470653117063847,35016.16028,47055.77913,35016.16028,47055.77913,20,20
hyperliquid,LTC,LTC,20,1790655292430,755,67.977,0.2942214899359641,38216.25644,62183.029480000005,38216.25644,62183.029480000005,20,20
hyperliquid,LTC,LTC,21,1790655352487,654,67.9505,1.030214726183143,52528.642510000005,56171.931899999996,52528.642510000005,56171.931899999996,20,20
hyperliquid,LTC,LTC,22,1790655412476,326,67.9235,0.1472255347967355,31762.18286,46957.88317,31762.18286,46957.88317,20,20
hyperliquid,LTC,LTC,23,1790655472708,523,68.0975,0.1468493472556176,54767.93743,36217.05066,54767.93743,36217.05066,20,20
hyperliquid,LTC,LTC,24,1790655532529,700,68.0125,0.1470328765518225,74120.09488,43778.23225,74120.09488,59101.12006,20,20
hyperliquid,LTC,LTC,25,1790655592517,711,68.15100000000001,1.1739328216942013,53255.93366,40344.42485,53255.93366,40344.42485,20,20
hyperliquid,LTC,LTC,26,1790655652455,520,68.10749999999999,1.3215276860045755,64611.52084,40928.45055,64611.52084,40928.45055,20,20
hyperliquid,LTC,LTC,27,1790655712467,301,68.1315,1.02747768905731,37524.267629999995,47198.81098,37524.267629999995,47198.81098,20,20
hyperliquid,LTC,LTC,28,1790655772501,492,68.2085,0.7330733366561759,41709.889520000004,39376.807870000004,41709.889520000004,39376.807870000004,20,20
hyperliquid,LTC,LTC,29,1790655832519,475,68.14,0.5870439402366756,56032.306809999995,38330.15122,56032.306809999995,38330.15122,20,20
hyperliquid,LTC,LTC,30,1790655892544,744,68.07749999999999,0.44068394147611656,47236.33531,53739.153829999996,47236.33531,53739.153829999996,20,20
hyperliquid,LTC,LTC,31,1790655952467,537,68.0755,1.9098267934003488,44384.929,49890.72377,44384.929,49890.72377,20,20
hyperliquid,LTC,LTC,32,1790656012465,355,68.0485,0.14695509052531364,35371.18362,59849.13381,35371.18362,59849.13381,20,20
hyperliquid,LTC,LTC,33,1790656072728,623,68.04650000000001,0.14695940981024336,46073.87771,57172.995429999995,46073.87771,57172.995429999995,20,20
hyperliquid,LTC,LTC,34,1790656132470,458,68.115,0.8809020436917336,32490.20247,64957.7952,32490.20247,64957.7952,20,20
hyperliquid,ARB,ARB,0,1790654092505,782,0.19707000000000002,1.0149193139130652,38779.110813,27370.490077,50174.402986,28863.764796,20,20
hyperliquid,ARB,ARB,1,1790654152609,412,0.197045,0.5075111652463882,33926.384904,19438.583412,46933.847526,38601.137177000004,20,20
hyperliquid,ARB,ARB,2,1790654212719,326,0.19689,1.01584721657888,25219.291689,28838.648676,45343.507688,46140.734989,20,20
hyperliquid,ARB,ARB,3,1790654272648,498,0.196495,0.5089317522521952,21250.580374,42677.659146,39461.353423,51989.301631,20,20
hyperliquid,ARB,ARB,4,1790654332606,459,0.196025,1.5305341564197938,41691.917623,11862.270537,85951.817583,18310.47254,20,20
hyperliquid,ARB,ARB,5,1790654392570,545,0.196435,0.5090872066393359,27880.798922,50952.897121,45516.939036,53673.007691,20,20
hyperliquid,ARB,ARB,6,1790654452564,457,0.196065,0.5100479445063755,25319.155225,35530.005547,36232.153272,44371.330476999996,20,20
hyperliquid,ARB,ARB,7,1790654512568,417,0.196675,0.5084659582021978,25002.314213999998,47119.454746,26948.460156,63359.502909,20,20
hyperliquid,ARB,ARB,8,1790654572586,498,0.196765,0.5082333807693296,25233.046481999998,50300.119737,37740.412351,61459.881496999995,20,20
hyperliquid,ARB,ARB,9,1790654632564,717,0.19633499999999998,0.5093465084282656,23531.941004,47547.039181,45669.321924,57551.505166,20,20
hyperliquid,ARB,ARB,10,1790654692637,634,0.19632,1.018796800977828,27078.354362,39536.480856,48645.461246,59151.745837,20,20
hyperliquid,ARB,ARB,11,1790654752557,681,0.19611499999999998,1.5298317185119537,26795.00209,30563.20131,48273.107855,42915.920481,20,20
hyperliquid,ARB,ARB,12,1790654812609,481,0.195945,0.5103603143830071,31406.878294,36242.564364,52762.014359,39813.361633,20,20
hyperliquid,ARB,ARB,13,1790654872658,439,0.19603500000000001,1.5304560759110686,31608.039432999998,42426.159037,41449.767552,43725.969954,20,20
hyperliquid,ARB,ARB,14,1790654932835,491,0.19606,1.0201479214488884,36055.413241,34379.077464,42416.935405,57413.209063,20,20
hyperliquid,ARB,ARB,15,1790654992500,353,0.1966,1.0173457449513812,23269.178796,38510.685419,41037.492003,45541.395657,20,20
hyperliquid,ARB,ARB,16,1790655052636,805,0.19682,3.0489354133855784,21248.979536000003,37773.224861,43691.066774,68967.136095,20,20
hyperliquid,ARB,ARB,17,1790655112605,477,0.196685,0.5084401057553478,35987.9633,16007.293132,52268.548743,43971.961812,20,20
hyperliquid,ARB,ARB,18,1790655172566,473,0.19696,2.031075454451692,43364.186714999996,13427.871709000001,63250.434321,53019.304723,20,20
hyperliquid,ARB,ARB,19,1790655232571,343,0.19701000000000002,1.0152284263953426,29821.807568,25490.350893,42229.399221,56506.239851,20,20
hyperliquid,ARB,ARB,20,1790655292476,801,0.19676,2.0331401850159914,28590.884921,36732.093241,59137.439376999995,40310.79838,20,20
hyperliquid,ARB,ARB,21,1790655352640,807,0.19694499999999998,1.5233839435335739,18390.832768,40560.601443,42969.846961999996,66098.688142,20,20
hyperliquid,ARB,ARB,22,1790655412588,438,0.19680999999999998,1.0162601626007017,28326.812671,30577.132716,51857.879741,56887.914295999995,20,20
hyperliquid,ARB,ARB,23,1790655472634,449,0.197435,0.5065086359734572,25017.954183,25556.938817,41399.673863,40702.643229,20,20
hyperliquid,ARB,ARB,24,1790655532599,770,0.196935,3.5551041137638073,18767.692971,34113.194687,39118.702444,53925.831077,20,20
hyperliquid,ARB,ARB,25,1790655592580,774,0.197175,3.5507760982045333,23423.368958,27995.483704000002,61123.739068999996,54131.003948,20,20
hyperliquid,ARB,ARB,26,1790655652443,508,0.197155,0.5072279989870587,22584.516256,25038.284237,30675.800747,50494.477732,20,20
hyperliquid,ARB,ARB,27,1790655712656,490,0.197435,0.5065086359734572,18096.767849,35855.469585,48885.15049,59756.797124000004,20,20
hyperliquid,ARB,ARB,28,1790655772618,609,0.19853500000000002,1.5111827523672794,147800.093939,31438.950823,187528.227639,57660.358178999995,20,20
hyperliquid,ARB,ARB,29,1790655832609,565,0.19833,1.0084711577240668,118354.59827700001,41787.172402,179717.020951,64453.171474999996,20,20
hyperliquid,ARB,ARB,30,1790655892611,272,0.198085,0.50484652665439,135760.542992,49253.897337999995,178903.035184,65276.126194,20,20
hyperliquid,ARB,ARB,31,1790655952591,661,0.198075,0.504872014943647,30703.86026,40172.019409,50459.149410000005,62678.27789,20,20
hyperliquid,ARB,ARB,32,1790656012585,475,0.198165,0.5046427129595799,70945.991479,31177.282676,94720.514204,43870.661715,20,20
hyperliquid,ARB,ARB,33,1790656072745,640,0.198105,0.5047955577985874,46608.77626599999,23484.066941,71033.672827,36143.045959999996,20,20
hyperliquid,ARB,ARB,34,1790656132726,714,0.198195,0.5045663252434274,33820.674909,28800.219694,37491.574689,54775.845607999996,20,20
hyperliquid,DOGE,DOGE,0,1790654092619,375,0.093184,0.6439080928521967,111586.2552,111432.779377,111586.2552,111432.779377,20,20
hyperliquid,DOGE,DOGE,1,1790654152619,422,0.0931965,0.7511293766704341,152125.913038,158573.665556,152125.913038,158573.665556,20,20
hyperliquid,DOGE,DOGE,2,1790654212733,340,0.0931555,0.5367513660337053,140525.9099,133137.64231599998,140525.9099,133137.64231599998,20,20
hyperliquid,DOGE,DOGE,3,1790654272796,646,0.0931545,0.10734912081034054,131004.069894,100996.577762,131004.069894,100996.577762,20,20
hyperliquid,DOGE,DOGE,4,1790654332611,464,0.0930855,0.7520250961534636,153367.533596,145592.13401,153367.533596,145592.13401,20,20
hyperliquid,DOGE,DOGE,5,1790654392573,548,0.0931335,0.10737332631904906,160776.506984,175159.595686,160776.506984,175159.595686,20,20
hyperliquid,DOGE,DOGE,6,1790654452557,450,0.0930015,0.10752572553007766,109165.946939,163334.156801,109165.946939,163334.156801,20,20
hyperliquid,DOGE,DOGE,7,1790654512565,414,0.0931335,0.10737332631904906,124660.763653,106577.587233,124660.763653,106577.587233,20,20
hyperliquid,DOGE,DOGE,8,1790654572576,488,0.0931225,0.10738600975113144,162173.950873,173505.14041300002,162173.950873,173505.14041300002,20,20
hyperliquid,DOGE,DOGE,9,1790654632604,757,0.0929315,0.7532713498625832,194784.91254699999,138931.803046,194784.91254699999,138931.803046,20,20
hyperliquid,DOGE,DOGE,10,1790654692641,638,0.0929365,0.10760092967299073,155512.300283,177695.134064,155512.300283,177695.134064,20,20
hyperliquid,DOGE,DOGE,11,1790654752632,756,0.0928575,0.10769247337227839,85230.290933,178291.807451,85230.290933,178291.807451,20,20
hyperliquid,DOGE,DOGE,12,1790654812618,490,0.0928205,0.9696604033804235,121104.83152200001,147589.737854,121104.83152200001,147589.737854,20,20
hyperliquid,DOGE,DOGE,13,1790654872652,433,0.092828,0.21545455524574209,101175.993887,189903.948084,101175.993887,189903.948084,20,20
hyperliquid,DOGE,DOGE,14,1790654932589,785,0.092782,0.8622733837748697,189019.853211,169479.06576599999,189019.853211,169479.06576599999,20,20
hyperliquid,DOGE,DOGE,15,1790654992584,437,0.0929205,0.5381088701872372,155816.64274799998,104445.275091,155816.64274799998,104445.275091,20,20
hyperliquid,DOGE,DOGE,16,1790655052639,808,0.0931015,0.7518958516827823,136360.231019,176725.7326,136360.231019,176725.7326,20,20
hyperliquid,DOGE,DOGE,17,1790655112572,444,0.0930455,0.5373859398338787,138551.519252,172185.019459,138551.519252,172185.019459,20,20
hyperliquid,DOGE,DOGE,18,1790655172632,539,0.0930715,0.5372358142885503,94849.62088,194275.76926200002,94849.62088,194275.76926200002,20,20
hyperliquid,DOGE,DOGE,19,1790655232600,372,0.0930535,0.7522837184326114,78308.22712000001,168155.649785,78308.22712000001,168155.649785,20,20
hyperliquid,DOGE,DOGE,20,1790655292574,353,0.0930125,0.10751300907330119,148971.88761,118779.191537,148971.88761,118779.191537,20,20
hyperliquid,DOGE,DOGE,21,1790655352677,290,0.0930945,0.5371030808243304,134203.205732,157961.643092,134203.205732,157961.643092,20,20
hyperliquid,DOGE,DOGE,22,1790655412631,481,0.0930445,0.5373917155693242,159281.454979,95894.61083800001,159281.454979,95894.61083800001,20,20
hyperliquid,DOGE,DOGE,23,1790655472685,500,0.0932705,0.10721561059190421,99246.744332,107294.820941,99246.744332,107294.820941,20,20
hyperliquid,DOGE,DOGE,24,1790655532851,456,0.0930965,1.6113611704926534,195696.977894,145146.469074,195696.977894,145146.469074,20,20
hyperliquid,DOGE,DOGE,25,1790655592583,777,0.0932705,0.10721561059190421,177882.613734,78082.418038,177882.613734,78082.418038,20,20
hyperliquid,DOGE,DOGE,26,1790655652563,628,0.0932445,0.10724550641327824,130500.25888699999,177583.677029,130500.25888699999,177583.677029,20,20
hyperliquid,DOGE,DOGE,27,1790655712705,539,0.0933645,0.1071076646241842,157323.621516,130189.13678,157323.621516,130189.13678,20,20
hyperliquid,DOGE,DOGE,28,1790655772619,610,0.09346,0.8560178051708611,134639.392368,194797.707755,134639.392368,194797.707755,20,20
hyperliquid,DOGE,DOGE,29,1790655832583,539,0.0934265,0.1070365851041366,151571.71741,154177.766764,151571.71741,154177.766764,20,20
hyperliquid,DOGE,DOGE,30,1790655892715,376,0.0933765,0.10709389993257545,121503.154834,217103.612155,121503.154834,217103.612155,20,20
hyperliquid,DOGE,DOGE,31,1790655952603,673,0.0933315,0.3214400514317539,182397.483732,141493.969795,182397.483732,141493.969795,20,20
hyperliquid,DOGE,DOGE,32,1790656012589,479,0.09332299999999999,1.071604620759281,109802.008166,139837.941494,109802.008166,139837.941494,20,20
hyperliquid,DOGE,DOGE,33,1790656072855,750,0.0933375,0.10713864812439411,69311.704263,130616.662003,69311.704263,130616.662003,20,20
hyperliquid,DOGE,DOGE,34,1790656132593,581,0.0933375,0.10713864812439411,124146.354397,112120.945169,124146.354397,112120.945169,20,20
hyperliquid,SUI,SUI,0,1790654092616,372,1.1174499999999998,0.8949346697684213,130976.01716999999,129621.27470000001,289025.97947,328868.85233,20,20
hyperliquid,SUI,SUI,1,1790654152616,419,1.11835,0.8942144326207213,97114.32599,102824.87181,246904.85288999998,349509.00075999997,20,20
hyperliquid,SUI,SUI,2,1790654212860,467,1.1180500000000002,0.8944543828270923,101310.05347,175901.27223,248279.86869,311991.11444,20,20
hyperliquid,SUI,SUI,3,1790654272815,665,1.11645,0.8957362952344283,125318.51778,94948.48327,301740.93338,295879.53518999997,20,20
hyperliquid,SUI,SUI,4,1790654332609,462,1.1153499999999998,0.8966197435666956,127537.68962,124102.02952000001,285223.59907,302843.80468,20,20
hyperliquid,SUI,SUI,5,1790654392603,578,1.1157499999999998,0.8962982880711401,84505.76621,119415.49290000001,276389.29813,250253.93881,20,20
hyperliquid,SUI,SUI,6,1790654452607,500,1.1144500000000002,0.8973438621673324,84687.63521,144575.04835,245100.78256,265759.80325,20,20
hyperliquid,SUI,SUI,7,1790654512573,422,1.11595,0.8961376467442328,89894.49055,159191.50926000002,254858.01745,300605.20391000004,20,20
hyperliquid,SUI,SUI,8,1790654572599,511,1.11625,0.8958967926897543,97795.67921999999,141782.65165,267855.24341,285404.88856,20,20
hyperliquid,SUI,SUI,9,1790654632612,765,1.1141,1.7953321364450048,87434.24803999999,152377.33189,235879.03668,357045.97523,20,20
hyperliquid,SUI,SUI,10,1790654692627,624,1.11315,6.290438533429477,62668.66361,165114.60906999998,275289.83623,325266.42281,20,20
hyperliquid,SUI,SUI,11,1790654752636,760,1.11185,0.8994423457475698,97384.34102,116915.78555000002,249639.82882,278414.76479,20,20
hyperliquid,SUI,SUI,12,1790654812699,571,1.1115499999999998,0.8996851102116565,110402.03166,136058.30398000003,272771.56823,302142.91342,20,20
hyperliquid,SUI,SUI,13,1790654872833,614,1.1122,1.7983994245129864,98972.41252,179033.74823,248090.61027,310316.46788999997,20,20
hyperliquid,SUI,SUI,14,1790654933057,713,1.1117499999999998,0.8995232526753938,108030.17397999999,133489.04395000002,277737.53166,281413.02225,20,20
hyperliquid,SUI,SUI,15,1790654992591,444,1.1146,1.794526693583709,95397.56732999999,146058.38753,255643.73588999998,295596.22651,20,20
hyperliquid,SUI,SUI,16,1790655052677,292,1.1169,1.7908309455583193,97530.08059,131472.60969,256283.49565,284056.48326,20,20
hyperliquid,SUI,SUI,17,1790655112748,620,1.11775,0.8946944618415387,72923.09595,149905.12365,214071.43505,281314.78016,20,20
hyperliquid,SUI,SUI,18,1790655172629,536,1.1182500000000002,0.8942944017165111,109733.21531,129662.24194,264754.86092,310373.24228,20,20
hyperliquid,SUI,SUI,19,1790655232615,387,1.1185,1.7882689556514286,93781.10599,114034.56488,271719.45336,308751.12301000004,20,20
hyperliquid,SUI,SUI,20,1790655292639,418,1.11755,0.8948545861287016,107246.06911,127561.1447,228706.47326,258478.78083,20,20
hyperliquid,SUI,SUI,21,1790655352668,835,1.11815,2.6833631484790565,97315.22902999999,122341.43511,251775.93737,317602.85769000003,20,20
hyperliquid,SUI,SUI,22,1790655412677,527,1.11755,0.8948545861287016,109414.98544,96033.23768,221990.81807,275216.65734,20,20
hyperliquid,SUI,SUI,23,1790655472834,649,1.12115,2.676181980374448,102963.89028,115654.95071,286282.28158,339384.75817,20,20
hyperliquid,SUI,SUI,24,1790655532743,914,1.1184,3.577177606868265,97677.31062999999,125513.48453,288964.3726,290672.39127,20,20
hyperliquid,SUI,SUI,25,1790655592588,782,1.1226500000000001,0.8907892392651107,90006.22528,84117.14469,235528.21275,231431.33026000002,20,20
hyperliquid,SUI,SUI,26,1790655652566,631,1.1236,1.7801513128623547,111712.82774,123722.61208,287388.58442,236425.60174,20,20
hyperliquid,SUI,SUI,27,1790655712700,534,1.12425,0.8895214374660121,119749.37663,105675.74066,228942.93715,324279.27103,20,20
hyperliquid,SUI,SUI,28,1790655772686,677,1.12605,0.8880994671423004,133114.16627,108157.67572,278279.15693,276550.65013,20,20
hyperliquid,SUI,SUI,29,1790655832607,563,1.12405,0.8896797153012947,76880.60667,77713.55195000001,238189.60505,216398.80405,20,20
hyperliquid,SUI,SUI,30,1790655892711,372,1.12295,0.8905512512247249,111187.88759,120123.03254999999,272581.66707,253800.37083,20,20
hyperliquid,SUI,SUI,31,1790655952614,684,1.1226500000000001,0.8907892392651107,97848.05174,97740.19447999999,271485.07137,218494.26222,20,20
hyperliquid,SUI,SUI,32,1790656012621,511,1.1222500000000002,0.8911067545880336,123043.25867,147320.22274,329649.01984,276686.36565,20,20
hyperliquid,SUI,SUI,33,1790656072923,268,1.12235,0.8910273545392755,94937.93115,150620.01746,265625.12118,380055.18513,20,20
hyperliquid,SUI,SUI,34,1790656132767,755,1.12215,0.8911861687899147,117691.69304,102891.25898,305102.74515000003,241902.82026,20,20
hyperliquid,CRV,CRV,0,1790654092650,406,0.38776,0.5157962604784849,15781.077365000001,15758.146209999999,35433.033926000004,26521.666613,20,20
hyperliquid,CRV,CRV,1,1790654152699,502,0.38827500000000004,0.2575527339221395,7216.650332,22008.360316000002,41624.294063,48352.465444,20,20
hyperliquid,CRV,CRV,2,1790654212912,519,0.38722999999999996,1.0330311717154927,10864.035531,16576.984718,27463.738863,32216.638238,20,20
hyperliquid,CRV,CRV,3,1790654272844,694,0.38673,2.068840673408179,14102.541589999999,21633.981626999997,27183.179232,51206.625,20,20
hyperliquid,CRV,CRV,4,1790654332649,502,0.386965,0.775293965626922,16064.903485,15609.813407,29529.798214000002,50799.215218,20,20
hyperliquid,CRV,CRV,5,1790654392617,592,0.38632500000000003,1.294330830960977,12384.566966,30595.203187,19207.845373,51048.523821999996,20,20
hyperliquid,CRV,CRV,6,1790654452655,548,0.384695,2.3397894189525204,10611.176896,24234.738154,17928.84823,41262.730637,20,20
hyperliquid,CRV,CRV,7,1790654512681,530,0.38599,0.5181615627747327,32215.753597,11445.378393,51598.118453999996,29371.98789,20,20
hyperliquid,CRV,CRV,8,1790654572761,673,0.385505,0.2594033722447264,4606.051016,14015.794239,45038.863175,40666.119388,20,20
hyperliquid,CRV,CRV,9,1790654632663,816,0.3834,2.608582235554824,11398.254485,34168.292499,24067.667792,44577.136568,20,20
hyperliquid,CRV,CRV,10,1790654692642,639,0.38272,1.0452051215059655,31218.747990000003,29227.789061,47989.369029,44703.280823,20,20
hyperliquid,CRV,CRV,11,1790654752675,277,0.381515,1.8349585823629333,18102.133637,62357.355636,47481.634397,89456.670887,20,20
hyperliquid,CRV,CRV,12,1790654812730,602,0.38066,1.5763339726238002,14601.718469000001,63727.689241,49568.170212,76811.406932,20,20
hyperliquid,CRV,CRV,13,1790654872839,620,0.38122,2.623501324867661,11055.658019,46442.705646,45484.14546,101792.363025,20,20
hyperliquid,CRV,CRV,14,1790654932694,350,0.381585,4.980471309865564,15309.817867,4657.910457,31972.862284,41860.0316,20,20
hyperliquid,CRV,CRV,15,1790654992594,447,0.38346,8.348552048005331,3562.7647939999997,5349.598306,42821.005998,38841.606691,20,20
hyperliquid,CRV,CRV,16,1790655052673,288,0.38280000000000003,1.5675209655929834,11927.054334,16673.747257000003,29479.458177,41549.263818,20,20
hyperliquid,CRV,CRV,17,1790655112655,527,0.38369,2.606610363884432,10101.849444,19791.573669,29706.797831,45844.491689,20,20
hyperliquid,CRV,CRV,18,1790655172650,557,0.383505,0.2607561929601765,6163.276502,21600.98696,20140.813221,42824.434826000004,20,20
hyperliquid,CRV,CRV,19,1790655232641,413,0.38409000000000004,1.5622558975159073,20876.526825,21782.063554999997,31039.938646000002,34169.452688,20,20
hyperliquid,CRV,CRV,20,1790655292623,402,0.384305,1.3011345893620962,3196.71273,32780.505623,19963.978342,49658.741543,20,20
hyperliquid,CRV,CRV,21,1790655352677,290,0.384955,3.377588401880516,6434.726616,15448.567032999998,40224.833113,43164.348552999996,20,20
hyperliquid,CRV,CRV,22,1790655412696,546,0.38339999999999996,0.5216620151804463,3532.9783559999996,10624.115372,18923.238791,14759.262216,20,20
hyperliquid,CRV,CRV,23,1790655472829,644,0.3849,5.197505197505059,11064.664947000001,38429.818323,38037.074748,46815.345978000005,20,20
hyperliquid,CRV,CRV,24,1790655533137,742,0.38388500000000003,2.865852069926511,28648.962003,11807.987667,43036.09154,32671.877631,20,20
hyperliquid,CRV,CRV,25,1790655592710,370,0.38624,4.6614010099710335,10120.123411,14137.745164,24109.629096,38398.615456,20,20
hyperliquid,CRV,CRV,26,1790655652664,729,0.38714499999999996,0.7749334848772271,10957.819478,8136.670760999999,19817.373383,30448.823773,20,20
hyperliquid,CRV,CRV,27,1790655712653,487,0.38688,6.20539869686576,13739.751095,16868.646257,43013.162385999996,41000.283074,20,20
hyperliquid,CRV,CRV,28,1790655772691,682,0.390245,4.869921824939283,6137.073981,22238.276211,34095.336336,33815.405561,20,20
hyperliquid,CRV,CRV,29,1790655832712,608,0.390385,3.8430990750937255,6305.984305,17998.978292,33413.534372999995,43359.048344,20,20
hyperliquid,CRV,CRV,30,1790655892738,399,0.388655,2.315946578832495,14391.285088999999,15951.977877,33260.596184,35740.141277999996,20,20
hyperliquid,CRV,CRV,31,1790655952660,730,0.387645,5.935024385208543,13860.763383,6214.812538,36994.634296,42762.178013,20,20
hyperliquid,CRV,CRV,32,1790656012659,549,0.386385,2.8473067067014135,11868.779924,24852.080717999997,26947.806648,33153.688429,20,20
hyperliquid,CRV,CRV,33,1790656072920,265,0.386235,0.7767593599505851,11456.550955,25428.569995,35861.838727,45781.993426,20,20
hyperliquid,CRV,CRV,34,1790656132677,665,0.38600500000000004,0.2590673575131319,10813.341229,25228.869149000002,43907.026367,45023.101028000005,20,20
hyperliquid,LDO,LDO,0,1790654092724,480,0.43404,1.8433179723498228,16196.071983,34533.883875,16196.071983,34533.883875,20,20
hyperliquid,LDO,LDO,1,1790654152808,611,0.43408,3.2257321259865357,12661.569662,49601.00716,14060.529653,49601.00716,20,20
hyperliquid,LDO,LDO,2,1790654212910,517,0.433775,2.536198469058615,14033.413773,46425.757123,14033.413773,46425.757123,20,20
hyperliquid,LDO,LDO,3,1790654272889,739,0.43339,1.846082842966723,15449.386227,25574.941579,15449.386227,25574.941579,20,20
hyperliquid,LDO,LDO,4,1790654332803,656,0.43294,1.8480018480016014,11383.893463,11431.693288999999,11383.893463,11431.693288999999,20,20
hyperliquid,LDO,LDO,5,1790654392781,756,0.43329,2.7698912817664123,9298.16316,49949.065568,9298.16316,49949.065568,20,20
hyperliquid,LDO,LDO,6,1790654452746,639,0.43226,2.776492364646721,16055.806481,47306.166445999996,16055.806481,61693.18934,20,20
hyperliquid,LDO,LDO,7,1790654512758,607,0.432945,3.0031417482900835,12279.622523,24570.567947,12332.25899,24570.567947,20,20
hyperliquid,LDO,LDO,8,1790654572768,680,0.433175,0.23085624581531405,13621.245789999999,36954.652719,13621.245789999999,36954.652719,20,20
hyperliquid,LDO,LDO,9,1790654632746,304,0.431775,0.2316047895867257,27364.835193,59536.21034,27364.835193,61515.052557,20,20
hyperliquid,LDO,LDO,10,1790654692824,821,0.431205,3.4792290028518025,29045.872705,61879.781599,30083.396178000003,61879.781599,20,20
hyperliquid,LDO,LDO,11,1790654752773,375,0.43167500000000003,0.6949914284404279,14535.930395,29213.264589,14535.930395,29213.264589,20,20
hyperliquid,LDO,LDO,12,1790654812795,667,0.43118500000000004,3.015401744295154,13427.303855,30199.792435,13427.303855,34988.13273,20,20
hyperliquid,LDO,LDO,13,1790654872859,640,0.43164,1.853568118628246,30097.916277,30120.689265999998,30097.916277,30120.689265999998,20,20
hyperliquid,LDO,LDO,14,1790654933088,744,0.43174999999999997,3.7065350846710032,15965.51371,48325.421378,15965.51371,48325.421378,20,20
hyperliquid,LDO,LDO,15,1790654992687,540,0.43329,2.7698912817664123,12660.144913,42186.741334,13088.004817000001,42186.741334,20,20
hyperliquid,LDO,LDO,16,1790655052827,442,0.43466499999999997,2.0707744696513153,26463.830362,50813.812459,30903.726640999997,54441.426555,20,20
hyperliquid,LDO,LDO,17,1790655112765,637,0.434695,2.070631542621104,15302.479254,27356.715603,16081.413384000001,35079.707434,20,20
hyperliquid,LDO,LDO,18,1790655172757,664,0.435005,3.4488308463442863,10973.687338,32990.965976,10973.687338,32990.965976,20,20
hyperliquid,LDO,LDO,19,1790655232758,530,0.43520499999999995,2.527863954957521,12723.868401999998,50212.402917,12723.868401999998,50212.402917,20,20
hyperliquid,LDO,LDO,20,1790655292666,445,0.434925,0.22992734296067852,10088.128073,24632.149637,10088.128073,25206.333876999997,20,20
hyperliquid,LDO,LDO,21,1790655352837,450,0.435815,3.442419791619411,14132.734706,63885.99403,14132.734706,67554.578745,20,20
hyperliquid,LDO,LDO,22,1790655412777,627,0.435335,0.2297107941107157,15077.069349,22591.709618999997,15077.069349,25911.296403999997,20,20
hyperliquid,LDO,LDO,23,1790655472888,703,0.43694,0.9154994049254128,11361.396128999999,14894.520996000001,11361.396128999999,14894.520996000001,20,20
hyperliquid,LDO,LDO,24,1790655533005,610,0.43592,2.294262050612783,5824.720473,24171.237501,5824.720473,51525.771291000005,20,20
hyperliquid,LDO,LDO,25,1790655592776,436,0.437175,3.4317089910773646,13541.894578000001,42116.926294,13541.894578000001,59133.044749,20,20
hyperliquid,LDO,LDO,26,1790655652645,710,0.43772,3.198903233176953,31303.756316000003,24187.496439,33602.797634,51546.028799,20,20
hyperliquid,LDO,LDO,27,1790655712880,714,0.438585,1.5961691939359035,12364.091725,51787.790306,12464.425785000001,51787.790306,20,20
hyperliquid,LDO,LDO,28,1790655772820,295,0.438485,3.4214548025812697,10901.395556,36927.292938,10901.395556,47095.527456,20,20
hyperliquid,LDO,LDO,29,1790655832772,668,0.43742000000000003,3.201097519149876,27887.730883999997,15904.754586,31134.801723999997,26679.216816999997,20,20
hyperliquid,LDO,LDO,30,1790655892823,484,0.43738,3.2013903180816428,34109.528684,15045.60339,34109.528684,15045.60339,20,20
hyperliquid,LDO,LDO,31,1790655952836,366,0.437005,2.059685097033359,31532.046943999998,22848.676754,31532.046943999998,22848.676754,20,20
hyperliquid,LDO,LDO,32,1790656012799,689,0.437375,3.887580324271056,32202.45611,47084.394015,32202.45611,56109.04436099999,20,20
hyperliquid,LDO,LDO,33,1790656072937,282,0.437525,0.2285609800689592,28230.941103999998,23076.140443999997,31447.500017,23076.140443999997,20,20
hyperliquid,LDO,LDO,34,1790656132790,778,0.437635,2.056719760508141,12485.136183,53226.490672,18133.336706,53226.490672,20,20
hyperliquid,LINK,LINK,0,1790654092811,567,14.871500000000001,0.6724497343824076,154257.00509999998,105310.61839999999,209650.4019,183129.7371,20,20
hyperliquid,LINK,LINK,1,1790654152815,618,14.875499999999999,0.6722689075622235,117121.6478,146503.2757,163060.048,169287.8036,20,20
hyperliquid,LINK,LINK,2,1790654212932,539,14.871500000000001,0.6724497343824076,150462.6235,137655.3293,187548.2088,200234.7472,20,20
hyperliquid,LINK,LINK,3,1790654272984,300,14.8665,0.672675904749287,154349.6651,142192.3094,194301.8328,171972.5699,20,20
hyperliquid,LINK,LINK,4,1790654332801,654,14.8545,0.6732193348590876,148484.1225,110382.9381,208408.9432,175004.0845,20,20
hyperliquid,LINK,LINK,5,1790654392774,749,14.8575,0.6730833950330251,139705.39740000002,118971.05189999999,196108.78280000002,168053.0975,20,20
hyperliquid,LINK,LINK,6,1790654452766,659,14.813500000000001,3.375869286341704,104606.0194,111169.1654,160634.3777,178128.3308,20,20
hyperliquid,LINK,LINK,7,1790654512797,646,14.8455,2.021018593372226,153039.831,142668.8224,254309.5301,213876.31769999999,20,20
hyperliquid,LINK,LINK,8,1790654572786,698,14.8325,0.674217907228325,144681.1295,93324.5257,202686.2195,150592.13940000001,20,20
hyperliquid,LINK,LINK,9,1790654632881,439,14.7425,0.678334011667836,100453.2381,129306.4271,132687.8988,169931.6675,20,20
hyperliquid,LINK,LINK,10,1790654692821,818,14.697,1.3609145345672147,114248.8674,127487.6878,161428.07,176525.6748,20,20
hyperliquid,LINK,LINK,11,1790654752824,426,14.6725,0.6815703380591565,128498.6601,83532.4679,225357.6381,124128.7613,20,20
hyperliquid,LINK,LINK,12,1790654812802,674,14.6745,0.6814774430985437,105397.01479999999,107099.6205,213050.5779,125382.0306,20,20
hyperliquid,LINK,LINK,13,1790654872855,636,14.656500000000001,0.6823144104806111,5538.5458,179798.9351,82952.76209999999,212263.2941,20,20
hyperliquid,LINK,LINK,14,1790654932878,534,14.6465,0.6827802813047512,148141.1669,105602.5385,188133.5421,154979.3405,20,20
hyperliquid,LINK,LINK,15,1790654992772,625,14.661999999999999,2.7285129604370795,96232.0075,118096.0501,191368.8604,191240.5814,20,20
hyperliquid,LINK,LINK,16,1790655052835,450,14.6655,0.6818956699627954,121611.2436,145229.3257,156539.3781,219239.1273,20,20
hyperliquid,LINK,LINK,17,1790655112794,666,14.6685,0.6817562039818093,102619.6388,164873.5758,174054.9987,192537.9976,20,20
hyperliquid,LINK,LINK,18,1790655172826,733,14.654499999999999,0.6824075337785729,126284.905,139465.8823,183869.2151,161420.4615,20,20
hyperliquid,LINK,LINK,19,1790655232804,576,14.6655,0.6818956699627954,122830.2436,117803.675,166182.5336,149117.5584,20,20
hyperliquid,LINK,LINK,20,1790655292765,544,14.647,1.3655605626095024,125451.3971,137481.6902,175834.5949,198642.3111,20,20
hyperliquid,LINK,LINK,21,1790655352863,476,14.657499999999999,0.6822678583606745,152991.22040000002,161817.67369999998,233208.8219,207880.266,20,20
hyperliquid,LINK,LINK,22,1790655412825,675,14.6525,0.6825006825006419,168304.5071,135449.6571,210775.9422,172651.9677,20,20
hyperliquid,LINK,LINK,23,1790655472900,715,14.7405,0.6784260515591001,153404.1817,83842.4016,210388.7061,226802.6658,20,20
hyperliquid,LINK,LINK,24,1790655533008,613,14.7345,6.109979633401874,113985.3563,79486.5985,251443.776,180905.2938,20,20
hyperliquid,LINK,LINK,25,1790655592779,439,14.7725,0.6769564040065568,122891.17599999999,137647.5701,164851.0802,174732.60689999998,20,20
hyperliquid,LINK,LINK,26,1790655652754,819,14.7675,0.6771856165777024,143001.9542,110103.7717,194530.2136,153312.405,20,20
hyperliquid,LINK,LINK,27,1790655712886,720,14.782499999999999,0.6764984440521538,155549.9824,130964.3944,208609.9392,231107.2094,20,20
hyperliquid,LINK,LINK,28,1790655772823,298,14.795,1.3518994186823008,130419.3797,115277.9894,183692.6118,175880.5667,20,20
hyperliquid,LINK,LINK,29,1790655832801,757,14.773499999999999,0.6769105801129882,113359.6174,132918.9205,181802.0677,186894.2252,20,20
hyperliquid,LINK,LINK,30,1790655892908,569,14.7575,0.6776445076916993,152679.3097,139966.7107,248134.7547,164567.434,20,20
hyperliquid,LINK,LINK,31,1790655952801,331,14.738,1.3571283164837133,118707.2796,112488.74239999999,178823.0118,210206.096,20,20
hyperliquid,LINK,LINK,32,1790656012840,730,14.7285,0.6789788158600985,175592.7462,128013.92899999999,228874.62639999998,163816.76129999998,20,20
hyperliquid,LINK,LINK,33,1790656073067,412,14.7105,0.6798096532967257,138925.6848,115544.92050000001,205747.388,174685.4094,20,20
hyperliquid,LINK,LINK,34,1790656132899,349,14.7095,0.6798558705556346,136163.44,97188.9666,190194.6815,158520.5582,20,20
hyperliquid,XRP,XRP,0,1790654092814,570,1.4888499999999998,0.671681891455389,1286890.7933,825388.3719,2044438.7122,1267778.8325,20,20
hyperliquid,XRP,XRP,1,1790654152819,622,1.48935,0.671456388907643,1292063.3880999999,826359.5403999999,1997776.777,1489003.9251,20,20
hyperliquid,XRP,XRP,2,1790654213051,658,1.4884499999999998,0.6718624025792153,1071550.9207000001,1029538.0435,2038190.6771,1675739.0648,20,20
hyperliquid,XRP,XRP,3,1790654273005,321,1.48815,0.671997849606143,1387843.9089000002,870825.1114,2164996.8727,1275110.041,20,20
hyperliquid,XRP,XRP,4,1790654332798,651,1.4873500000000002,0.6723593088153734,2060051.2323,635235.6314,2297556.7326,1208359.3595999999,20,20
hyperliquid,XRP,XRP,5,1790654392789,764,1.4888499999999998,0.671681891455389,1765494.9024,783603.6573,2118421.8845,1179869.1605,20,20
hyperliquid,XRP,XRP,6,1790654452799,692,1.48665,0.672675904749287,1248555.9524,770188.8976,1987435.0089,1379992.3872,20,20
hyperliquid,XRP,XRP,7,1790654512762,611,1.48955,0.671366230278192,1112831.1438,889480.6973,1442457.255,1181460.1639,20,20
hyperliquid,XRP,XRP,8,1790654572783,695,1.4896500000000001,0.6713211600439806,1119171.4391,980504.6272,1966678.0768,1401618.4379,20,20
hyperliquid,XRP,XRP,9,1790654632816,374,1.48645,0.6727664155015134,965733.6714999999,750477.2496,1991209.9146,1420153.691,20,20
hyperliquid,XRP,XRP,10,1790654692831,828,1.4858500000000001,0.6730380939568015,1362434.7523999999,806493.6338,2002616.8717999998,1276982.6192,20,20
hyperliquid,XRP,XRP,11,1790654752827,429,1.4842499999999998,0.6737636437126326,1307897.5206000002,674235.5261,2163686.0047,1205529.0581,20,20
hyperliquid,XRP,XRP,12,1790654812898,770,1.48325,0.674217907228325,1321407.4279,738693.5534999999,2484120.6578,1343208.3092,20,20
hyperliquid,XRP,XRP,13,1790654873022,803,1.48285,0.674399784192925,1824191.6418,716311.2006,2004959.1984,1116058.849,20,20
hyperliquid,XRP,XRP,14,1790654933025,681,1.4821499999999999,0.6747183051070138,1137175.0407,790626.3533,1820408.4759,1482427.1903000001,20,20
hyperliquid,XRP,XRP,15,1790654992776,629,1.48395,0.6738998584809863,1332788.1372,894552.3406,2053311.4108,1315331.3035,20,20
hyperliquid,XRP,XRP,16,1790655052879,494,1.48555,0.6731740154819477,1298646.8288999998,729727.3934,2063951.5277,1340942.6408,20,20
hyperliquid,XRP,XRP,17,1790655112839,711,1.4859499999999999,0.6729927989779227,1003897.5441,695613.6544,1997227.7378,1247126.7899,20,20
hyperliquid,XRP,XRP,18,1790655172833,740,1.48665,0.672675904749287,1413663.0938000001,798133.9738,2125370.5968,1141464.8984,20,20
hyperliquid,XRP,XRP,19,1790655232801,573,1.4869500000000002,0.6725401842766487,1245865.6615,817509.9886,2049786.3646,1458083.3229,20,20
hyperliquid,XRP,XRP,20,1790655292815,594,1.4863499999999998,0.6728116800114314,1166172.4123,862615.5252,1963503.4688,1611231.2558,20,20
hyperliquid,XRP,XRP,21,1790655352866,479,1.4871500000000002,0.6724497343824076,1315548.1926,892410.4574,2049547.0291,1524658.7388,20,20
hyperliquid,XRP,XRP,22,1790655412877,727,1.4865499999999998,0.6727211570800584,1467576.4185000001,872832.9772,2228545.2283,1582295.4175,20,20
hyperliquid,XRP,XRP,23,1790655473020,292,1.48915,0.6715465717554991,1433331.1879,806308.6199,2238917.5024,1250043.6014,20,20
hyperliquid,XRP,XRP,24,1790655533041,646,1.4864,1.3456233600206424,1526662.7922,580188.473,2206458.5683,1121934.7606,20,20
hyperliquid,XRP,XRP,25,1790655592784,444,1.4886499999999998,0.6717721348925565,1634398.5709000002,912767.255,2039068.0279,1429527.2999,20,20
hyperliquid,XRP,XRP,26,1790655652757,822,1.48935,0.671456388907643,1257821.1759,758365.414,2041453.8795999999,1396969.7536,20,20
hyperliquid,XRP,XRP,27,1790655712888,722,1.4903499999999998,0.6710058377512595,1915231.1427,684209.5199000001,2276562.2899,1501766.8012,20,20
hyperliquid,XRP,XRP,28,1790655772928,403,1.49165,0.6704210244024011,1158273.5511,883713.8591,2196020.9343,1575095.5038,20,20
hyperliquid,XRP,XRP,29,1790655832804,700,1.49065,0.6708707902847166,1431752.5641,943322.5817,2191772.7956,1418734.2992,20,20
hyperliquid,XRP,XRP,30,1790655892904,565,1.4898500000000001,0.6712310377232633,1526015.8122,662757.1734,2288412.8089,1253121.9071,20,20
hyperliquid,XRP,XRP,31,1790655952869,399,1.48875,0.6717270101419537,1306970.7149,935867.217,1842530.4689,1328707.7734,20,20
hyperliquid,XRP,XRP,32,1790656012821,711,1.48785,0.6721333512560435,1467311.0815,871482.1925,2315298.0396000003,1437839.0242,20,20
hyperliquid,XRP,XRP,33,1790656073111,456,1.4877500000000001,0.6721785306185168,1876015.0066,838748.1946,2229905.433,1555865.6843,20,20
hyperliquid,XRP,XRP,34,1790656132951,401,1.4877500000000001,0.6721785306185168,1537742.2601,862012.9298,2379742.5047,1353970.7829,20,20
hyperliquid,BCH,BCH,0,1790654092898,654,305.315,0.3275359470689132,56134.1957,45462.9207,56134.1957,45462.9207,20,20
hyperliquid,BCH,BCH,1,1790654152943,746,305.6,1.3089861901960376,35976.713410000004,55159.253419999994,35976.713410000004,55159.253419999994,20,20
hyperliquid,BCH,BCH,2,1790654213107,714,305.395,0.3274501457140033,31762.21661,50466.81068,31762.21661,50466.81068,20,20
hyperliquid,BCH,BCH,3,1790654273083,399,305.28499999999997,0.9827365938352983,53560.21619,44465.400069999996,53560.21619,44465.400069999996,20,20
hyperliquid,BCH,BCH,4,1790654333035,888,304.64,3.2831018746515284,73909.20628,61337.696930000006,73909.20628,62745.39229,20,20
hyperliquid,BCH,BCH,5,1790654392883,325,304.69500000000005,2.297643274469241,45238.568549999996,37614.24614,45238.568549999996,54238.58911,20,20
hyperliquid,BCH,BCH,6,1790654452908,281,304.28,1.9720624486452287,47411.90737,47874.57828,47411.90737,47874.57828,20,20
hyperliquid,BCH,BCH,7,1790654512923,772,304.83,0.6561249261860524,20356.57307,56292.24797,20356.57307,61439.95977,20,20
hyperliquid,BCH,BCH,8,1790654572958,870,304.96000000000004,0.6558452205296383,23848.15418,49598.20308,23848.15418,49598.20308,20,20
hyperliquid,BCH,BCH,9,1790654632907,465,304.395,0.3285259042673516,15477.52818,64849.90918,24005.80157,64849.90918,20,20
hyperliquid,BCH,BCH,10,1790654692942,407,304.445,0.9854482146964827,35224.49237,56413.409080000005,35224.49237,56413.409080000005,20,20
hyperliquid,BCH,BCH,11,1790654752916,518,304.28499999999997,1.6433313613362088,39857.60618,68894.25609,39857.60618,68894.25609,20,20
hyperliquid,BCH,BCH,12,1790654812989,338,304.15999999999997,0.6575702778244263,53160.54779,77845.89451,53160.54779,77845.89451,20,20
hyperliquid,BCH,BCH,13,1790654873048,290,304.28,1.3146650890694112,35555.24669,71392.64636,35555.24669,71392.64636,20,20
hyperliquid,BCH,BCH,14,1790654933120,776,303.995,0.9869070333556884,54504.64116,61253.65774,54504.64116,61253.65774,20,20
hyperliquid,BCH,BCH,15,1790654992887,740,304.70500000000004,0.9846073057873106,46849.19634,40387.06886,46849.19634,54026.077189999996,20,20
hyperliquid,BCH,BCH,16,1790655053011,626,305.185,0.3276754702130624,57547.60318,33324.0088,57547.60318,33324.0088,20,20
hyperliquid,BCH,BCH,17,1790655112954,273,305.235,0.32762179340117825,63653.145730000004,37760.712419999996,65215.14843,37760.712419999996,20,20
hyperliquid,BCH,BCH,18,1790655172893,800,305.475,0.9821253191910628,25705.315179999998,62666.594209999996,25705.315179999998,62666.594209999996,20,20
hyperliquid,BCH,BCH,19,1790655232952,724,305.71500000000003,0.9813542688918986,48985.659100000004,28831.83001,48985.659100000004,28831.83001,20,20
hyperliquid,BCH,BCH,20,1790655292859,638,305.69,1.3086007786156095,52711.96495,38915.70087,52711.96495,38915.70087,20,20
hyperliquid,BCH,BCH,21,1790655352924,537,305.73,1.3084295574250504,54356.649639999996,33932.74146,54356.649639999996,33932.74146,20,20
hyperliquid,BCH,BCH,22,1790655412961,295,305.605,0.9817075166074218,38183.92254,40143.76934,38183.92254,40143.76934,20,20
hyperliquid,BCH,BCH,23,1790655473106,378,306.175,0.32661593232452546,48072.72957,46144.73543,48072.72957,46144.73543,20,20
hyperliquid,BCH,BCH,24,1790655533203,808,305.835,0.3269790406434936,60352.820790000005,27458.988969999995,60352.820790000005,46515.03655,20,20
hyperliquid,BCH,BCH,25,1790655592993,653,306.395,0.9791761864352821,53870.57078,54257.885630000004,53870.57078,54257.885630000004,20,20
hyperliquid,BCH,BCH,26,1790655652862,367,306.305,0.9794639067539634,73479.60472,35353.72664,73479.60472,35353.72664,20,20
hyperliquid,BCH,BCH,27,1790655713121,401,306.58,0.6523795544244315,59259.24353,30423.262039999998,59259.24353,58646.71339,20,20
hyperliquid,BCH,BCH,28,1790655773019,494,306.96500000000003,0.9773578758776047,43891.97333,67289.75685,43891.97333,71228.0672,20,20
hyperliquid,BCH,BCH,29,1790655832951,309,306.78999999999996,1.3039084656263356,45419.4154,32727.15331,45419.4154,32727.15331,20,20
hyperliquid,BCH,BCH,30,1790655892987,648,306.485,0.978888635101427,57983.35245,47366.61178,57983.35245,47366.61178,20,20
hyperliquid,BCH,BCH,31,1790655953002,532,306.16499999999996,0.9799118079389935,61699.02008,26689.084890000002,61699.02008,26689.084890000002,20,20
hyperliquid,BCH,BCH,32,1790656012990,354,306.145,1.6333464001050402,33118.82137,42463.19222,33118.82137,42463.19222,20,20
hyperliquid,BCH,BCH,33,1790656073121,466,306.25,1.3062077523429139,58925.8379,42711.859580000004,58925.8379,42711.859580000004,20,20
hyperliquid,BCH,BCH,34,1790656132991,441,306.325,0.32645599373104517,66464.59675,37630.581079999996,66464.59675,37630.581079999996,20,20
hyperliquid,APT,APT,0,1790654092929,685,0.82185,1.2168410805557528,26018.91155,4174.9709569999995,93843.842617,52555.147714,20,20
hyperliquid,APT,APT,1,1790654153000,803,0.8219,2.433682161109285,28119.658193000003,5094.854849,123938.18163,61556.896689999994,20,20
hyperliquid,APT,APT,2,1790654213132,739,0.82095,1.2181751735895752,11428.024467,5604.08971,94983.012728,56658.492414,20,20
hyperliquid,APT,APT,3,1790654273079,395,0.81975,3.6603221083453263,24840.280166,8390.138321,109244.060637,86294.707065,20,20
hyperliquid,APT,APT,4,1790654332991,844,0.8182,2.444688913334492,30746.29729,9291.85136,101817.055076,84571.723809,20,20
hyperliquid,APT,APT,5,1790654392971,413,0.8181499999999999,3.6674816625925644,28629.676392999998,9770.589666,115486.974175,90976.775316,20,20
hyperliquid,APT,APT,6,1790654452941,314,0.81545,3.6796271311168027,7200.035025,10945.856697,81180.936237,73042.181587,20,20
hyperliquid,APT,APT,7,1790654512945,794,0.8180000000000001,4.891171435559283,7691.808971,8188.550284000001,85985.489465,65624.38228,20,20
hyperliquid,APT,APT,8,1790654572989,293,0.8177,2.4461839530331986,14892.395398999999,6574.198873,103442.872273,65624.109733,20,20
hyperliquid,APT,APT,9,1790654632948,506,0.8141499999999999,3.6855036855043544,27185.434273,5887.476675999999,112452.502148,72504.549869,20,20
hyperliquid,APT,APT,10,1790654693009,474,0.8148,2.454891371057588,32901.728565000005,5844.144087,126765.014563,79840.361986,20,20
hyperliquid,APT,APT,11,1790654753039,641,0.81425,1.2281994595930712,12355.626380000002,5771.372245,96871.404128,83908.41080099999,20,20
hyperliquid,APT,APT,12,1790654813050,399,0.8146,2.4554941682009,12678.380478,4241.141611,91900.819221,67577.83325699999,20,20
hyperliquid,APT,APT,13,1790654873044,286,0.81465,3.6832412523013502,9248.022199,9750.502534000001,90772.817574,69353.106649,20,20
hyperliquid,APT,APT,14,1790654933223,329,0.8137,2.4582104228110246,8661.897488999999,10421.478929,97377.812775,62265.566363,20,20
hyperliquid,APT,APT,15,1790654992962,815,0.8156,2.452483139179229,11549.869991,9365.224885,96862.173249,53391.180613,20,20
hyperliquid,APT,APT,16,1790655053017,632,0.81715,3.671970624234966,6511.440836999999,9416.480957,97303.204269,86044.671859,20,20
hyperliquid,APT,APT,17,1790655112982,301,0.8167,2.449179524859346,15019.380737,6772.926368,91017.711493,70790.211463,20,20
hyperliquid,APT,APT,18,1790655173057,456,0.8176,2.4464831804271725,12540.473951999998,10398.818183000001,101100.338238,64130.997595,20,20
hyperliquid,APT,APT,19,1790655232996,768,0.81885,3.664345914253797,29942.57594,5880.675774,99306.382784,75766.571602,20,20
hyperliquid,APT,APT,20,1790655292880,659,0.81865,3.6652412950521907,6130.113209,9769.45894,91592.307082,79813.44598799999,20,20
hyperliquid,APT,APT,21,1790655353025,638,0.81965,3.6607687614398365,6245.767604000001,6680.318936,65256.95478,79267.072846,20,20
hyperliquid,APT,APT,22,1790655412971,305,0.8197,2.4402147388968842,28936.043041,6351.592143,117642.756348,69857.828244,20,20
hyperliquid,APT,APT,23,1790655473093,365,0.8236,2.4286581663623963,13027.639334,4920.017656999999,99091.683021,127664.65571,20,20
hyperliquid,APT,APT,24,1790655533234,839,0.82085,1.218323586744674,17034.174109,5016.662417,108238.52625899999,71998.60902,20,20
hyperliquid,APT,APT,25,1790655592979,639,0.82335,3.6443148688047877,9677.007172,7526.375813000001,92195.852662,84223.909379,20,20
hyperliquid,APT,APT,26,1790655652901,406,0.82375,6.071645415905991,25947.530428,4877.617243,90063.907542,53197.523666,20,20
hyperliquid,APT,APT,27,1790655713118,398,0.82585,1.2109469605237067,12746.980395999999,1610.605734,97393.465294,70256.98920499999,20,20
hyperliquid,APT,APT,28,1790655773023,498,0.82745,1.2086052695181593,13510.236827,2731.268393,106713.46977699999,69847.566911,20,20
hyperliquid,APT,APT,29,1790655832954,312,0.8271,4.837344297980994,24738.975103999997,3502.135182,109153.51306099999,82500.33871899999,20,20
hyperliquid,APT,APT,30,1790655893019,680,0.82585,1.2109469605237067,4454.485082,2240.213431,87742.752524,65158.706807999995,20,20
hyperliquid,APT,APT,31,1790655953032,562,0.82495,1.2122681537163338,3606.2158910000003,5110.215999,89747.877372,80111.33186600001,20,20
hyperliquid,APT,APT,32,1790656013013,377,0.82475,3.6381275770058785,25366.594766000002,4127.631151,91887.280396,84572.776691,20,20
hyperliquid,APT,APT,33,1790656073170,515,0.82445,1.2130033964097287,5846.240954999999,5175.377036,96190.97992700001,59126.294719,20,20
hyperliquid,APT,APT,34,1790656133003,453,0.82435,1.2131505519841213,5334.522815,4320.944366,103979.844266,53191.139451,20,20
hyperliquid,AAVE,AAVE,0,1790654093006,762,147.93,1.3520822065982152,68594.72690000001,61593.6442,91886.8088,103757.2787,20,20
hyperliquid,AAVE,AAVE,1,1790654153004,807,147.985,2.0274379941875864,64019.773499999996,75809.3762,100405.2233,293851.1814,20,20
hyperliquid,AAVE,AAVE,2,1790654213162,769,147.87,1.3526308670352982,70783.1695,90768.09629999999,113486.7747,145457.73679999998,20,20
hyperliquid,AAVE,AAVE,3,1790654273176,492,147.70499999999998,0.6770480704143544,82749.9587,77555.7582,125636.8692,110307.3098,20,20
hyperliquid,AAVE,AAVE,4,1790654333044,897,147.64499999999998,0.6773232186407796,77032.90090000001,72899.2072,113006.2433,118323.7212,20,20
hyperliquid,AAVE,AAVE,5,1790654392965,407,147.49,1.356116083537362,64561.5906,68381.8885,83380.4303,130772.3224,20,20
hyperliquid,AAVE,AAVE,6,1790654452965,338,147.28500000000003,2.03707476064352,58497.9948,92753.9543,107035.591,130983.4762,20,20
hyperliquid,AAVE,AAVE,7,1790654512948,797,147.64,1.35473819684373,75503.3258,51315.713500000005,138444.4462,105660.7125,20,20
hyperliquid,AAVE,AAVE,8,1790654572995,299,147.62,1.3549217532671243,70127.0607,60081.395000000004,116464.94320000001,96331.04830000001,20,20
hyperliquid,AAVE,AAVE,9,1790654633020,578,147.345,0.6787023211618504,68863.6402,63110.8479,129922.4712,130178.43410000001,20,20
hyperliquid,AAVE,AAVE,10,1790654693021,486,147.16,1.35915732245806,74400.0044,44571.976,149323.4715,66656.1748,20,20
hyperliquid,AAVE,AAVE,11,1790654753018,620,147.185,2.038458925053277,66132.1841,62857.6414,135189.7713,128352.7457,20,20
hyperliquid,AAVE,AAVE,12,1790654813017,366,147.14499999999998,0.6796248470863908,48644.804000000004,78392.0986,97631.9667,121371.1149,20,20
hyperliquid,AAVE,AAVE,13,1790654873215,457,147.165,0.6795324816510906,59487.87,82109.1206,111417.92390000001,111854.7819,20,20
hyperliquid,AAVE,AAVE,14,1790654933296,402,147.085,0.6799020940984057,74495.75450000001,77450.32459999999,100347.791,295247.1831,20,20
hyperliquid,AAVE,AAVE,15,1790654992956,809,147.37,1.357220412594451,74245.7453,61513.9965,103965.9849,114972.04490000001,20,20
hyperliquid,AAVE,AAVE,16,1790655053088,703,147.755,3.3845529005627206,72233.9851,72864.0925,140657.1158,112664.306,20,20
hyperliquid,AAVE,AAVE,17,1790655113029,348,147.755,2.030594287261156,75465.73359999999,70629.3619,138097.53579999998,129320.4813,20,20
hyperliquid,AAVE,AAVE,18,1790655173040,439,148.04500000000002,3.3779219024454576,79584.64719999999,81026.6181,153592.7119,123886.0912,20,20
hyperliquid,AAVE,AAVE,19,1790655232992,764,148.135,2.0253848231166494,60940.5901,70964.9887,86356.0232,140440.0671,20,20
hyperliquid,AAVE,AAVE,20,1790655292960,739,148.075,2.026205592327024,67039.7717,65607.6696,145562.7195,135799.4997,20,20
hyperliquid,AAVE,AAVE,21,1790655353062,675,148.385,0.6739452756421294,64077.285899999995,67144.5874,84078.13799999999,130250.1385,20,20
hyperliquid,AAVE,AAVE,22,1790655413022,356,148.255,0.674536256322078,67024.5309,72640.1923,81579.712,133589.5301,20,20
hyperliquid,AAVE,AAVE,23,1790655473087,359,148.635,0.672811680009211,75019.1643,61304.0363,124996.3885,94564.3455,20,20
hyperliquid,AAVE,AAVE,24,1790655533331,415,148.385,2.0219720967862287,65551.2475,53167.0659,138201.718,113794.7888,20,20
hyperliquid,AAVE,AAVE,25,1790655592972,632,148.74,1.3447186176307468,73387.466,67530.69110000001,105768.8204,114541.333,20,20
hyperliquid,AAVE,AAVE,26,1790655652945,450,148.89999999999998,1.3432735576612842,79380.0949,66826.4304,157439.8408,124217.0399,20,20
hyperliquid,AAVE,AAVE,27,1790655713126,406,149.235,2.0104543626864313,86140.9344,75174.9464,148809.7713,283872.09929999994,20,20
hyperliquid,AAVE,AAVE,28,1790655773104,579,149.51999999999998,1.3377031636685466,67688.5851,76401.9279,117780.0891,125319.1824,20,20
hyperliquid,AAVE,AAVE,29,1790655832999,357,149.505,2.006823198876795,66704.99209999999,104524.2421,119552.4101,132098.8045,20,20
hyperliquid,AAVE,AAVE,30,1790655893102,763,149.315,2.009377093101783,61812.9312,66498.841,102360.3941,125824.2773,20,20
hyperliquid,AAVE,AAVE,31,1790655953058,588,149.265,2.0100502512554463,66807.2584,83861.4189,124682.8009,119643.1359,20,20
hyperliquid,AAVE,AAVE,32,1790656013051,415,149.075,7.3815595222104236,57112.208900000005,49332.712999999996,136314.246,309344.8676,20,20
hyperliquid,AAVE,AAVE,33,1790656073255,600,149.05,1.3419216317767102,61836.51,93865.6136,106402.1103,134137.064,20,20
hyperliquid,AAVE,AAVE,34,1790656133149,599,148.87,1.3435442697828925,62832.401399999995,44069.1808,117625.6332,114430.9182,20,20
hyperliquid,WLD,WLD,0,1790654093001,757,0.47514999999999996,1.6838205889158075,26708.411435,95445.265818,26708.411435,95445.265818,20,20
hyperliquid,WLD,WLD,1,1790654153003,806,0.47535,0.8415206277745391,42099.560047,80170.179009,42099.560047,80170.179009,20,20
hyperliquid,WLD,WLD,2,1790654213245,322,0.47492500000000004,0.21056177882616822,29093.432186000002,60892.008041,29093.432186000002,60892.008041,20,20
hyperliquid,WLD,WLD,3,1790654273204,520,0.47452,0.842992623815153,27851.224228,54536.50642,27851.224228,54536.50642,20,20
hyperliquid,WLD,WLD,4,1790654333038,891,0.47423499999999996,0.21086814415038901,24438.01299,84088.885221,24438.01299,84088.885221,20,20
hyperliquid,WLD,WLD,5,1790654392993,435,0.47426500000000005,0.21085480538030055,22929.422452,83522.989743,22929.422452,83522.989743,20,20
hyperliquid,WLD,WLD,6,1790654452988,361,0.473495,1.4784775905041236,27861.223651,83758.462163,27861.223651,83758.462163,20,20
hyperliquid,WLD,WLD,7,1790654512992,841,0.47511499999999995,2.7365540469426186,20728.229371,81381.80269,20728.229371,81381.80269,20,20
hyperliquid,WLD,WLD,8,1790654573063,367,0.47446,2.107881368436093,28181.86642,94532.323902,28181.86642,94532.323902,20,20
hyperliquid,WLD,WLD,9,1790654633071,629,0.472935,1.057283626906269,33244.263112,97725.84056699999,33244.263112,97725.84056699999,20,20
hyperliquid,WLD,WLD,10,1790654693017,482,0.472715,1.9040768400802044,21161.409064,42655.332702,21161.409064,42655.332702,20,20
hyperliquid,WLD,WLD,11,1790654753024,626,0.47241,1.6935876537460537,19467.291427,53217.504574,19467.291427,53217.504574,20,20
hyperliquid,WLD,WLD,12,1790654813084,433,0.47224,0.8470628097079214,28623.612722,74271.540886,28623.612722,74271.540886,20,20
hyperliquid,WLD,WLD,13,1790654873303,545,0.472905,1.9033117624656093,25153.728811,48954.871971,25153.728811,48954.871971,20,20
hyperliquid,WLD,WLD,14,1790654933300,406,0.47245000000000004,0.4233341800019552,23616.246652,75756.917295,23616.246652,75756.917295,20,20
hyperliquid,WLD,WLD,15,1790654993003,303,0.474345,1.475828044950056,22962.374343,92807.678445,22962.374343,92807.678445,20,20
hyperliquid,WLD,WLD,16,1790655053099,714,0.47595,1.260716086737279,27371.101977,99401.367522,27471.136657,99401.367522,20,20
hyperliquid,WLD,WLD,17,1790655113150,469,0.475765,3.153314133153007,20398.998306,101960.614453,20398.998306,101960.614453,20,20
hyperliquid,WLD,WLD,18,1790655173037,436,0.47645499999999996,0.209885612341143,28863.274112,97589.450549,28863.274112,97589.450549,20,20
hyperliquid,WLD,WLD,19,1790655233060,300,0.476495,1.8889705110725075,26852.204889,65085.197026,30782.19105,65085.197026,20,20
hyperliquid,WLD,WLD,20,1790655293005,784,0.47626500000000005,0.20996934447570226,43022.333022,81326.862738,43022.333022,81326.862738,20,20
hyperliquid,WLD,WLD,21,1790655353053,666,0.47687,0.8388382090807056,37117.390227,98360.860967,39201.421707,98360.860967,20,20
hyperliquid,WLD,WLD,22,1790655413118,452,0.47618499999999997,1.4701249606208222,33640.86286,79292.294162,33640.86286,79292.294162,20,20
hyperliquid,WLD,WLD,23,1790655473215,487,0.47854,2.507941815750314,28174.104478,105269.690721,28174.104478,105269.690721,20,20
hyperliquid,WLD,WLD,24,1790655533405,489,0.477495,1.4660914003261638,39758.525327,91656.394084,39758.525327,91656.394084,20,20
hyperliquid,WLD,WLD,25,1790655592987,647,0.47879499999999997,0.2088598341654091,24419.493809,62528.079621,31731.074589,62528.079621,20,20
hyperliquid,WLD,WLD,26,1790655652940,445,0.47962499999999997,2.2937214588059085,34778.549362,99896.706577,38457.338368,99896.706577,20,20
hyperliquid,WLD,WLD,27,1790655713122,402,0.48009,2.9165451439516765,26818.518519999998,50263.125147,34064.882794,50263.125147,20,20
hyperliquid,WLD,WLD,28,1790655773115,590,0.48009,1.2498437695285247,29512.091523,83911.138581,29512.091523,83911.138581,20,20
hyperliquid,WLD,WLD,29,1790655833021,379,0.47840499999999997,0.2090301003354611,22437.135705,49481.950307,22437.135705,49481.950307,20,20
hyperliquid,WLD,WLD,30,1790655893121,782,0.478255,0.2090956612654793,16739.8864,103455.562211,16739.8864,103455.562211,20,20
hyperliquid,WLD,WLD,31,1790655953093,623,0.47753999999999996,1.6753926701573718,23272.219964,66985.644596,23272.219964,66985.644596,20,20
hyperliquid,WLD,WLD,32,1790656013061,425,0.477425,0.20945917640569078,28203.521212,95370.44666500001,28203.521212,95370.44666500001,20,20
hyperliquid,WLD,WLD,33,1790656073303,648,0.477105,1.048042257063564,23462.842894999998,70093.570641,23462.842894999998,70093.570641,20,20
hyperliquid,WLD,WLD,34,1790656133203,653,0.477075,3.144654088051979,21933.627555,39636.165602,21933.627555,39636.165602,20,20
hyperliquid,TRX,TRX,0,1790654093142,359,0.33418499999999995,0.299239930576789,44899.482280000004,50509.71916,44899.482280000004,50509.71916,20,20
hyperliquid,TRX,TRX,1,1790654153197,462,0.33421500000000004,0.8976660682225024,49236.25097,43508.25981,49236.25097,43508.25981,20,20
hyperliquid,TRX,TRX,2,1790654213330,407,0.33421500000000004,0.8976660682225024,47974.095760000004,42494.49623,47974.095760000004,42494.49623,20,20
hyperliquid,TRX,TRX,3,1790654273281,597,0.33425,0.5983724269986723,37735.01586,47620.22661,37735.01586,47620.22661,20,20
hyperliquid,TRX,TRX,4,1790654333261,516,0.33425,0.5983724269986723,43292.098,49969.05376,43292.098,49969.05376,20,20
hyperliquid,TRX,TRX,5,1790654393130,572,0.33431,0.5982650314084736,39560.65101,38007.84514,39560.65101,38007.84514,20,20
hyperliquid,TRX,TRX,6,1790654453126,499,0.33426500000000003,0.29916831209231276,49564.19472,40498.52243,49564.19472,40498.52243,20,20
hyperliquid,TRX,TRX,7,1790654513137,452,0.33430499999999996,0.2991325157042368,94100.65895,53244.8179,94100.65895,53244.8179,20,20
hyperliquid,TRX,TRX,8,1790654573185,489,0.334325,0.2991146207231843,93831.49025999999,61603.57301,93831.49025999999,61603.57301,20,20
hyperliquid,TRX,TRX,9,1790654633137,695,0.334295,0.2991414639996748,87364.57857,46944.54722,87364.57857,46944.54722,20,20
hyperliquid,TRX,TRX,10,1790654693237,702,0.3342,0.5984619527810153,35320.91194,50144.16379,35320.91194,50144.16379,20,20
hyperliquid,TRX,TRX,11,1790654753157,759,0.334195,0.29923097639050766,34722.56775,51316.931670000005,34722.56775,51316.931670000005,20,20
hyperliquid,TRX,TRX,12,1790654813211,560,0.334195,0.29923097639050766,34523.99721,53169.39681,34523.99721,53169.39681,20,20
hyperliquid,TRX,TRX,13,1790654873328,570,0.334195,0.29923097639050766,32741.98016,46815.067390000004,32741.98016,46815.067390000004,20,20
hyperliquid,TRX,TRX,14,1790654933414,520,0.33404500000000004,0.8981229230919929,41813.37473,41393.26039,41813.37473,41393.26039,20,20
hyperliquid,TRX,TRX,15,1790654993137,437,0.334125,0.2992936669454771,30053.30281,57750.863580000005,30053.30281,57750.863580000005,20,20
hyperliquid,TRX,TRX,16,1790655053204,819,0.334245,0.29918621349933616,46903.777500000004,37189.14505,46903.777500000004,37189.14505,20,20
hyperliquid,TRX,TRX,17,1790655113176,495,0.334245,0.29918621349933616,48706.7178,37189.414749999996,48706.7178,37189.414749999996,20,20
hyperliquid,TRX,TRX,18,1790655173144,543,0.334245,0.29918621349933616,43298.08442,37098.17286,43298.08442,37098.17286,20,20
hyperliquid,TRX,TRX,19,1790655233185,425,0.334245,0.29918621349933616,49878.35193,35950.32322,49878.35193,35950.32322,20,20
hyperliquid,TRX,TRX,20,1790655293072,308,0.33413499999999996,0.2992847095439899,40059.70427,53509.81944,40059.70427,53509.81944,20,20
hyperliquid,TRX,TRX,21,1790655353162,775,0.33416500000000005,0.29925784055473414,47051.51884,56319.48573,47051.51884,56319.48573,20,20
hyperliquid,TRX,TRX,22,1790655413174,508,0.334125,0.2992936669454771,38701.29604,48392.67946,38701.29604,48392.67946,20,20
hyperliquid,TRX,TRX,23,1790655473298,570,0.334245,0.29918621349933616,38842.34753,43738.18982,38842.34753,43738.18982,20,20
hyperliquid,TRX,TRX,24,1790655533427,511,0.33404,0.598748615394662,49523.88311,54964.50449,49523.88311,54964.50449,20,20
hyperliquid,TRX,TRX,25,1790655593215,356,0.334205,0.8976929291737434,34824.06372,41405.05168,34824.06372,41405.05168,20,20
hyperliquid,TRX,TRX,26,1790655653104,609,0.3342,0.5984619527810153,35742.517719999996,34531.11487,35742.517719999996,34531.11487,20,20
hyperliquid,TRX,TRX,27,1790655713320,600,0.3342,0.5984619527810153,35475.92545,32714.385729999998,35475.92545,32714.385729999998,20,20
hyperliquid,TRX,TRX,28,1790655773213,688,0.33430499999999996,0.2991325157042368,41519.065480000005,56157.52735,41519.065480000005,56157.52735,20,20
hyperliquid,TRX,TRX,29,1790655833150,508,0.33430499999999996,0.2991325157042368,40572.83068,56571.71744,40572.83068,56571.71744,20,20
hyperliquid,TRX,TRX,30,1790655893216,344,0.334225,0.29920411704909,46871.78852,40205.31162,46871.78852,40205.31162,20,20
hyperliquid,TRX,TRX,31,1790655953264,794,0.334225,0.29920411704909,46684.69014,39312.82175,46684.69014,39312.82175,20,20
hyperliquid,TRX,TRX,32,1790656013205,569,0.33409,0.5986590038320472,41161.65516,38550.86931,41161.65516,38550.86931,20,20
hyperliquid,TRX,TRX,33,1790656073361,706,0.33404500000000004,0.29936534546859406,41340.65954,63165.80835,41340.65954,63165.80835,20,20
hyperliquid,TRX,TRX,34,1790656133199,649,0.33401499999999995,0.29939223376684865,47798.03507,51116.345460000004,47798.03507,51116.345460000004,20,20
hyperliquid,UNI,UNI,0,1790654093145,362,8.60125,0.5813277525845706,7212.27848,30380.07218,7212.27848,30380.07218,20,20
hyperliquid,UNI,UNI,1,1790654153190,455,8.59985,0.11628177399414241,6611.70294,24491.180669999998,6611.70294,24491.180669999998,20,20
hyperliquid,UNI,UNI,2,1790654213352,429,8.58975,0.11641850122812158,8980.71946,18475.92352,8980.71946,18475.92352,20,20
hyperliquid,UNI,UNI,3,1790654273366,682,8.58035,0.11654604151312142,25911.63386,18974.69892,25911.63386,18974.69892,20,20
hyperliquid,UNI,UNI,4,1790654333260,515,8.58015,0.11654875817335153,5423.10156,19806.71267,5423.10156,19806.71267,20,20
hyperliquid,UNI,UNI,5,1790654393165,607,8.58055,0.11654332498167719,6503.13613,65461.2138,6503.13613,65461.2138,20,20
hyperliquid,UNI,UNI,6,1790654453162,535,8.56255,0.35036905540408725,12341.96085,16954.66472,12341.96085,16954.66472,20,20
hyperliquid,UNI,UNI,7,1790654513140,455,8.58275,0.34954442709844713,18167.36241,22733.77375,18167.36241,22733.77375,20,20
hyperliquid,UNI,UNI,8,1790654573184,488,8.577,0.6995697645928445,30528.47793,16977.36929,30528.47793,16977.36929,20,20
hyperliquid,UNI,UNI,9,1790654633153,711,8.5521,1.4032625855109337,10188.23354,56739.21629,10188.23354,56739.21629,20,20
hyperliquid,UNI,UNI,10,1790654693240,705,8.54535,3.160112359550382,14677.157280000001,29248.41386,14677.157280000001,29248.41386,20,20
hyperliquid,UNI,UNI,11,1790654753214,270,8.54565,0.11701928477769741,7650.15103,24410.0027,7650.15103,24410.0027,20,20
hyperliquid,UNI,UNI,12,1790654813241,590,8.53895,0.8198065256603826,10925.75349,68457.93497,10925.75349,68457.93497,20,20
hyperliquid,UNI,UNI,13,1790654873402,644,8.53545,1.2888258796217578,14569.32219,7438.90684,14569.32219,7438.90684,20,20
hyperliquid,UNI,UNI,14,1790654933491,597,8.5232,0.4693183151482927,17500.53851,24364.99314,17500.53851,24364.99314,20,20
hyperliquid,UNI,UNI,15,1790654993151,451,8.54855,0.11697958706147205,18394.25321,12791.203689999998,18394.25321,12791.203689999998,20,20
hyperliquid,UNI,UNI,16,1790655053397,498,8.5685,1.4005765706892603,8302.639790000001,57326.6012,8302.639790000001,57326.6012,20,20
hyperliquid,UNI,UNI,17,1790655113219,538,8.557549999999999,0.3505737724096569,9665.74116,35699.04052,9665.74116,35699.04052,20,20
hyperliquid,UNI,UNI,18,1790655173226,625,8.57105,0.35002158466301836,9387.7069,31503.71754,9387.7069,31503.71754,20,20
hyperliquid,UNI,UNI,19,1790655233188,428,8.56095,0.817699693944629,12517.96183,10625.80099,12517.96183,10625.80099,20,20
hyperliquid,UNI,UNI,20,1790655293106,342,8.56165,0.3504058868175619,6637.48354,61651.60702,6637.48354,61651.60702,20,20
hyperliquid,UNI,UNI,21,1790655353213,291,8.57285,0.11664800298571976,11616.714240000001,66791.24359,11616.714240000001,66791.24359,20,20
hyperliquid,UNI,UNI,22,1790655413220,554,8.57025,0.11668339128689809,13614.96349,62332.982019999996,13614.96349,62332.982019999996,20,20
hyperliquid,UNI,UNI,23,1790655473291,563,8.599450000000001,0.1162871828275236,20582.75539,12671.85017,20582.75539,12671.85017,20,20
hyperliquid,UNI,UNI,24,1790655533568,652,8.585049999999999,1.0483889756063292,28347.89789,55860.78079,28347.89789,55860.78079,20,20
hyperliquid,UNI,UNI,25,1790655593419,560,8.59865,0.11629800199974838,26287.637,17703.109950000002,26287.637,17703.109950000002,20,20
hyperliquid,UNI,UNI,26,1790655653120,625,8.60715,0.1161831511198308,15501.224049999999,30229.77634,15501.224049999999,30229.77634,20,20
hyperliquid,UNI,UNI,27,1790655713334,614,8.63005,3.360916023458227,13947.5365,29462.93609,13947.5365,29462.93609,20,20
hyperliquid,UNI,UNI,28,1790655773300,775,8.62575,0.11593261996178938,12241.35835,49857.106009999996,12241.35835,49857.106009999996,20,20
hyperliquid,UNI,UNI,29,1790655833190,548,8.60985,0.5807470730334607,5323.29628,30523.6949,5323.29628,30523.6949,20,20
hyperliquid,UNI,UNI,30,1790655893319,447,8.606449999999999,1.0457820125497896,10645.82403,61281.99024,10645.82403,61281.99024,20,20
hyperliquid,UNI,UNI,31,1790655953260,790,8.60375,0.11622906423980339,10912.930479999999,25501.98355,10912.930479999999,25501.98355,20,20
hyperliquid,UNI,UNI,32,1790656013243,607,8.5963,5.352571561554331,34722.19225,66434.62392,34722.19225,66434.62392,20,20
hyperliquid,UNI,UNI,33,1790656073358,703,8.584399999999999,0.6989666942369688,10996.38246,24746.50435,10996.38246,24746.50435,20,20
hyperliquid,UNI,UNI,34,1790656133367,286,8.5868,1.1646460058489794,10667.10619,66752.56664,10667.10619,66752.56664,20,20
hyperliquid,SEI,SEI,0,1790654093191,408,0.0744015,3.6296176802719238,20632.137364000002,21152.892615,29677.920561000003,21152.892615,20,20
hyperliquid,SEI,SEI,1,1790654153193,458,0.074436,4.031120248317865,15776.094105,25371.776035,28107.081087,40461.974736,20,20
hyperliquid,SEI,SEI,2,1790654213442,519,0.0742865,3.6352375695059003,22768.811917,20644.687988,31281.949332,27404.840838,20,20
hyperliquid,SEI,SEI,3,1790654273486,802,0.0739745,1.7575167640049294,20298.619575,22053.487835,25269.423919,28545.257091,20,20
hyperliquid,SEI,SEI,4,1790654333257,512,0.0739545,3.6515600275888183,19534.017067999997,25100.105849,26870.251507999998,26507.213065999997,20,20
hyperliquid,SEI,SEI,5,1790654393168,610,0.0739995,0.6757030690440757,24709.604046,24080.055578,30510.748800999998,29804.519823,20,20
hyperliquid,SEI,SEI,6,1790654453183,556,0.073919,4.330000135313039,15781.691551,23089.731338999998,42802.869283,37046.064185999996,20,20
hyperliquid,SEI,SEI,7,1790654513192,507,0.07403799999999999,1.620920682947613,17283.7588,16560.912364,21914.077837999997,16560.912364,20,20
hyperliquid,SEI,SEI,8,1790654573245,549,0.073967,1.081621892027318,20795.131989999998,9105.357623,28066.479616999997,9105.357623,20,20
hyperliquid,SEI,SEI,9,1790654633216,774,0.07372000000000001,1.8992579327936632,17881.952499,16005.931936,17881.952499,46591.549551000004,20,20
hyperliquid,SEI,SEI,10,1790654693231,696,0.073643,3.259496679386409,16672.024816,22307.230034,22209.681562,25208.164914,20,20
hyperliquid,SEI,SEI,11,1790654753209,265,0.073617,1.0867645660428416,15140.609591,23269.436464,22104.793008,23269.436464,20,20
hyperliquid,SEI,SEI,12,1790654813267,616,0.073683,2.443195699974865,21531.143589,16065.801755,23702.247081,29259.701301,20,20
hyperliquid,SEI,SEI,13,1790654873492,734,0.073728,3.255738238645556,10796.022308,22998.240349,26831.186295,23977.592889,20,20
hyperliquid,SEI,SEI,14,1790654933495,601,0.0736435,5.025466893040509,17506.150144,24517.270203,30972.870062,48040.448197,20,20
hyperliquid,SEI,SEI,15,1790654993353,653,0.07388600000000001,4.331934479488986,16565.988424,37357.856459,20336.075446,37357.856459,20,20
hyperliquid,SEI,SEI,16,1790655053421,522,0.0740975,3.1045001754703705,16886.089688,29381.162742,27901.406354,41617.031001999996,20,20
hyperliquid,SEI,SEI,17,1790655113345,664,0.0740845,5.26564504151672,17022.881414,19843.468481,28302.411597,23307.639603,20,20
hyperliquid,SEI,SEI,18,1790655173230,629,0.07416500000000001,3.236551454426362,21477.301117,39813.192373,25537.798625,47813.12323,20,20
hyperliquid,SEI,SEI,19,1790655233245,485,0.0742475,2.828778102563767,25561.566251,10476.664419,25894.724415,10476.664419,20,20
hyperliquid,SEI,SEI,20,1790655293149,385,0.074208,2.1563342318065004,16513.620849,36974.307111999995,22334.896167,41911.4027,20,20
hyperliquid,SEI,SEI,21,1790655353255,333,0.0742225,2.0211547530823992,22738.041748,31536.32647,22738.041748,37024.788249,20,20
hyperliquid,SEI,SEI,22,1790655413319,653,0.0742515,1.4815612962304492,12867.124394,40913.675318,27540.794151,40913.675318,20,20
hyperliquid,SEI,SEI,23,1790655473411,683,0.0744705,0.13428226131262377,22987.593924,28253.674328,31495.52886,35953.495497,20,20
hyperliquid,SEI,SEI,24,1790655533520,604,0.074411,1.075167658957099,22952.159795,4482.494528,22952.159795,34088.528804,20,20
hyperliquid,SEI,SEI,25,1790655593604,745,0.0745815,1.7432115320148434,11040.354254,35296.611246,28437.292717,42112.080974,20,20
hyperliquid,SEI,SEI,26,1790655653132,637,0.074594,2.4133538915327435,19743.120271,8730.380713999999,42700.898821999996,8730.380713999999,20,20
hyperliquid,SEI,SEI,27,1790655713318,598,0.074628,1.6081048484384297,17059.349253,22547.768994,20874.142354,34593.44517,20,20
hyperliquid,SEI,SEI,28,1790655773304,779,0.0747845,3.6110256650312422,17019.766633,25951.393033,30436.883209,42077.283535,20,20
hyperliquid,SEI,SEI,29,1790655833208,566,0.0747,4.5525755526698575,21947.728272,10619.858814,32950.578221,16448.138132,20,20
hyperliquid,SEI,SEI,30,1790655893342,470,0.074635,4.288452002840781,11832.980685,30800.52743,35857.486226,34481.816932,20,20
hyperliquid,SEI,SEI,31,1790655953301,831,0.07468150000000001,2.2765926104484357,17484.263536,14957.277519,37248.558549,30701.965895999998,20,20
hyperliquid,SEI,SEI,32,1790656013253,617,0.0746075,1.4744913005015903,21519.237322,14858.387502,30281.819702,30016.600132,20,20
hyperliquid,SEI,SEI,33,1790656073448,265,0.07455400000000001,1.3413996163591513,19330.003004000002,12294.061276,25423.518579,23617.546324,20,20
hyperliquid,SEI,SEI,34,1790656133416,335,0.07452349999999999,2.5498564028247905,19682.298219,21495.21287,22063.554491,31111.071228,20,20
hyperliquid,ZRO,ZRO,0,1790654093224,441,1.51945,0.6581545346850959,9132.465279999999,11639.513869999999,27805.13779,31554.178379999998,20,20
hyperliquid,ZRO,ZRO,1,1790654153371,636,1.5195,1.3163090693701918,4793.16086,18584.93679,27689.42793,38036.65335,20,20
hyperliquid,ZRO,ZRO,2,1790654213540,617,1.5179,2.6355669763455936,9845.26571,14471.57215,24386.40361,34328.16377,20,20
hyperliquid,ZRO,ZRO,3,1790654273477,793,1.51485,1.9805902158842592,6350.35193,7622.04573,25321.27791,25523.89633,20,20
hyperliquid,ZRO,ZRO,4,1790654333427,682,1.5134500000000002,1.9824225203191048,10823.20106,19836.67579,21838.04044,33962.22375,20,20
hyperliquid,ZRO,ZRO,5,1790654393212,654,1.5153,1.3199577613520752,9338.19926,17694.57695,20759.53081,32058.36157,20,20
hyperliquid,ZRO,ZRO,6,1790654453344,717,1.5117500000000001,0.661506912746912,2998.08831,20123.23354,22528.89037,43721.7082,20,20
hyperliquid,ZRO,ZRO,7,1790654513264,579,1.5137,5.28646005418576,7406.2161399999995,19369.27367,33925.07669,39634.349239999996,20,20
hyperliquid,ZRO,ZRO,8,1790654573375,679,1.5162499999999999,0.6595435958312024,8146.727979999999,21275.18276,27875.51791,40176.18287,20,20
hyperliquid,ZRO,ZRO,9,1790654633269,271,1.5086499999999998,0.6628662335939062,11587.9517,10214.86749,34392.40595,29145.30509,20,20
hyperliquid,ZRO,ZRO,10,1790654693355,820,1.5074,3.981155862251562,9372.73963,18731.42968,27718.483630000002,36508.331790000004,20,20
hyperliquid,ZRO,ZRO,11,1790654753236,292,1.5097,2.649884067571495,8041.29417,17557.54404,30708.64648,37377.04986,20,20
hyperliquid,ZRO,ZRO,12,1790654813404,753,1.5095,1.3250298131706195,6400.484530000001,18740.04578,25206.399859999998,36148.28004,20,20
hyperliquid,ZRO,ZRO,13,1790654873497,739,1.50915,3.31367221154677,7942.66801,12694.22913,26629.53696,29605.608630000002,20,20
hyperliquid,ZRO,ZRO,14,1790654933538,644,1.50725,0.6634819532913561,22733.09317,4586.7625,31582.1206,28953.23893,20,20
hyperliquid,ZRO,ZRO,15,1790654993196,496,1.51125,0.6617257808372301,15499.10631,7574.21734,32652.87086,34681.77628,20,20
hyperliquid,ZRO,ZRO,16,1790655053417,518,1.51565,1.9795447047177284,8258.93177,12129.14603,28352.794859999998,29178.246929999998,20,20
hyperliquid,ZRO,ZRO,17,1790655113526,845,1.5148,2.640961309916534,9882.4253,13461.02412,32964.05215,33951.4581,20,20
hyperliquid,ZRO,ZRO,18,1790655173246,645,1.5171999999999999,1.3183046602072146,10059.82201,5313.82318,31086.29698,38685.06069,20,20
hyperliquid,ZRO,ZRO,19,1790655233379,619,1.52005,0.6578947368418575,7321.6525599999995,10333.515500000001,28666.746199999998,32582.62096,20,20
hyperliquid,ZRO,ZRO,20,1790655293196,432,1.5201500000000001,3.289690111190069,7606.85654,19304.12158,24072.76913,36293.45278,20,20
hyperliquid,ZRO,ZRO,21,1790655353265,343,1.52555,0.6555227794158291,9029.72248,5911.54072,28759.17793,34162.23538,20,20
hyperliquid,ZRO,ZRO,22,1790655413365,699,1.53335,3.2613658600233464,11800.179759999999,6036.60033,35786.84435,28763.94544,20,20
hyperliquid,ZRO,ZRO,23,1790655473515,787,1.5357500000000002,1.9536337587910957,4269.44171,13728.770919999999,14324.26103,32964.94871,20,20
hyperliquid,ZRO,ZRO,24,1790655533595,679,1.5343499999999999,0.6517630189661894,7053.968690000001,1554.56302,28144.147520000002,18282.481,20,20
hyperliquid,ZRO,ZRO,25,1790655593386,527,1.5422,7.784120394394023,6862.56464,2194.42588,33155.10842,13407.18251,20,20
hyperliquid,ZRO,ZRO,26,1790655653128,633,1.5392000000000001,2.59909031838923,10139.79225,13520.15336,22628.36648,26457.92351,20,20
hyperliquid,ZRO,ZRO,27,1790655713522,802,1.5402,1.298616972924549,7149.057049999999,2543.7870700000003,23031.7262,25556.87745,20,20
hyperliquid,ZRO,ZRO,28,1790655773400,323,1.5415,1.2975217334898481,9418.49089,12441.76687,26696.364419999998,27753.68378,20,20
hyperliquid,ZRO,ZRO,29,1790655833339,697,1.5406499999999999,1.9474196689395207,2926.50885,12956.64501,22146.73839,31092.25172,20,20
hyperliquid,ZRO,ZRO,30,1790655893412,540,1.5398,1.2989543417551985,10315.62584,17233.78763,31563.10846,35347.64706,20,20
hyperliquid,ZRO,ZRO,31,1790655953448,434,1.5394,1.2992918859233704,9780.90566,12680.48423,27116.24048,33739.87162,20,20
hyperliquid,ZRO,ZRO,32,1790656013419,783,1.5407,1.2981955082436158,3433.0030899999997,4926.08505,18044.24074,34940.74551,20,20
hyperliquid,ZRO,ZRO,33,1790656073545,362,1.54215,1.9455252918287869,9096.57995,13746.86809,35857.85032,33257.294519999996,20,20
hyperliquid,ZRO,ZRO,34,1790656133401,320,1.5405,2.596896708433327,7631.26903,13177.91745,24463.7142,30191.0213,20,20
hyperliquid,DOT,DOT,0,1790654093334,551,1.1552,1.731451822353236,40783.662280000004,44741.908579999996,89095.49801,78826.16956,20,20
hyperliquid,DOT,DOT,1,1790654153381,646,1.1553499999999999,0.8655760408560198,46050.666320000004,45222.30684,74124.86815,76087.07579,20,20
hyperliquid,DOT,DOT,2,1790654213538,615,1.1546500000000002,2.5985275010831366,37521.38658,47528.93644,122472.88466,73421.21715,20,20
hyperliquid,DOT,DOT,3,1790654273480,796,1.15415,2.59965337955137,45056.94256,57450.66100000001,127383.46261,92044.84794,20,20
hyperliquid,DOT,DOT,4,1790654333463,718,1.1565,1.7295053614674316,51993.580969999995,53693.56158,79944.48173,80738.51116,20,20
hyperliquid,DOT,DOT,5,1790654393404,300,1.1571500000000001,2.592912705272621,49460.00626,56644.10358,82660.01369,87206.19689,20,20
hyperliquid,DOT,DOT,6,1790654453316,689,1.1569,1.7289073305670755,44272.76184,40948.69353,88141.39053,78738.31248000001,20,20
hyperliquid,DOT,DOT,7,1790654513325,640,1.1592,1.7254766629282159,48029.23672,33612.434629999996,105859.75335,74177.81319,20,20
hyperliquid,DOT,DOT,8,1790654573382,686,1.1588500000000002,2.5891084836460188,65709.03588,37518.0914,97265.44066,64770.93034,20,20
hyperliquid,DOT,DOT,9,1790654633460,462,1.15625,2.5949312343231945,37967.88085,46641.41859,76184.53621,79108.90761,20,20
hyperliquid,DOT,DOT,10,1790654693441,348,1.1553,1.7313019390585715,56109.954430000005,33462.88656,91537.20535,69255.43976,20,20
hyperliquid,DOT,DOT,11,1790654753365,421,1.1542,1.7329520838771373,66690.55602,30783.083420000003,126046.1514,71798.79815999999,20,20
hyperliquid,DOT,DOT,12,1790654813506,855,1.1544500000000002,2.5989777354240573,52049.59687,32433.17833,97845.51355,79859.54574,20,20
hyperliquid,DOT,DOT,13,1790654873561,803,1.1549,1.7319016279881971,35444.10227,41129.26266,96922.6972,89320.71105,20,20
hyperliquid,DOT,DOT,14,1790654933605,711,1.154,3.466805338880885,46226.10148,37891.40875,118878.23732,76561.95384,20,20
hyperliquid,DOT,DOT,15,1790654993331,631,1.15645,2.594482400761766,57902.48587,42883.55862,84151.32115,69612.59966,20,20
hyperliquid,DOT,DOT,16,1790655053440,541,1.1597,1.7247326664371343,39354.03358,41096.763510000004,80161.57349,65204.79804,20,20
hyperliquid,DOT,DOT,17,1790655113377,696,1.1596,1.7248814144021907,58884.89133,19916.63556,103676.50743,58469.3701,20,20
hyperliquid,DOT,DOT,18,1790655173338,737,1.1614499999999999,0.8610297916300524,65820.49682,36963.15338,93723.3098,72809.93434,20,20
hyperliquid,DOT,DOT,19,1790655233382,622,1.1613,1.7223561832580003,39785.86967,38584.93576,86833.52398,69039.97865,20,20
hyperliquid,DOT,DOT,20,1790655293272,508,1.16105,0.8613264427226319,48987.59979,46388.17402,75650.03459,76213.59319,20,20
hyperliquid,DOT,DOT,21,1790655353348,426,1.1624500000000002,2.581089219650945,45107.10511,46913.86486,102575.71841,73712.9754,20,20
hyperliquid,DOT,DOT,22,1790655413407,741,1.1622,1.721022287239915,49411.71275,40089.03646,111541.81186,83312.13828,20,20
hyperliquid,DOT,DOT,23,1790655473513,785,1.16235,2.5813113061445847,44207.21765,43348.55307,91606.51153999999,69208.42255999999,20,20
hyperliquid,DOT,DOT,24,1790655533621,705,1.16105,2.5842019123101245,55411.933840000005,16616.015049999998,96699.34867,55045.98603,20,20
hyperliquid,DOT,DOT,25,1790655593406,547,1.1639499999999998,2.5777625021472517,49738.42588,40675.67675,90916.14494,74806.96694,20,20
hyperliquid,DOT,DOT,26,1790655653300,805,1.16405,2.577541025861052,61298.811630000004,30617.20117,108099.80706,66453.59544,20,20
hyperliquid,DOT,DOT,27,1790655713519,799,1.1656,5.148888698187637,46989.83413,12314.58717,115631.60964,41589.26916,20,20
hyperliquid,DOT,DOT,28,1790655773468,391,1.1657,1.7158544955386823,49828.83959,40357.7661,103444.5394,69967.56519000001,20,20
hyperliquid,DOT,DOT,29,1790655833393,751,1.1649,1.7170329670324058,60393.380280000005,34392.95923,109601.67855,75894.75806,20,20
hyperliquid,DOT,DOT,30,1790655893408,536,1.1641499999999998,2.577319587628857,64514.56327,31446.52456,146009.77187,69264.98099,20,20
hyperliquid,DOT,DOT,31,1790655953457,443,1.16385,0.8592541673824172,80901.79031,43718.53084,139371.47716,69326.66334,20,20
hyperliquid,DOT,DOT,32,1790656013402,766,1.1631,1.7196904557170711,55218.83905,42105.289509999995,93664.23318,72731.91283,20,20
hyperliquid,DOT,DOT,33,1790656073551,368,1.1631,1.7196904557170711,63893.98304,45157.99454,90096.32305,74936.60356999999,20,20
hyperliquid,DOT,DOT,34,1790656133410,329,1.1611,1.7226528854430434,46865.39654,41654.71632,85193.56001,75974.09233,20,20
hyperliquid,TIA,TIA,0,1790654093337,554,0.43067,0.9288285150366171,8765.31408,2641.89905,26451.676215,29823.515217,20,20
hyperliquid,TIA,TIA,1,1790654153383,648,0.43098499999999995,0.2320293285063002,8141.975613,2444.950212,33381.965674,37199.601285,20,20
hyperliquid,TIA,TIA,2,1790654213552,629,0.43064,0.4644358265792903,8897.807858,3387.167986,33741.2411,50481.10157100001,20,20
hyperliquid,TIA,TIA,3,1790654273573,889,0.43035999999999996,1.394278809285776,18654.136528000003,4346.860001,36392.255048,18158.015224,20,20
hyperliquid,TIA,TIA,4,1790654333456,711,0.430515,0.23228264151908817,5324.337269000001,15032.347225,46455.551745,48180.745843000004,20,20
hyperliquid,TIA,TIA,5,1790654393364,806,0.430595,2.0903495528989957,6613.383555,4061.318756,47331.877627,45987.804364,20,20
hyperliquid,TIA,TIA,6,1790654453364,737,0.42991999999999997,1.8609844607797577,6361.410597,4956.480805,51992.475646,51934.203953000004,20,20
hyperliquid,TIA,TIA,7,1790654513328,643,0.430525,2.0906894629257877,6190.30425,3497.0280900000002,44005.727321000006,65571.262466,20,20
hyperliquid,TIA,TIA,8,1790654573379,683,0.43113,1.8557609779867867,5761.527016999999,4389.454761,48747.085084,14602.26169,20,20
hyperliquid,TIA,TIA,9,1790654633349,351,0.429245,1.6309032874350926,6506.405703,4396.120804,46718.156749999995,32879.360867,20,20
hyperliquid,TIA,TIA,10,1790654693428,335,0.42850999999999995,6.536405443891002,17743.208164,4220.9747990000005,62515.711501,52525.006870000005,20,20
hyperliquid,TIA,TIA,11,1790654753396,452,0.427885,3.973819541842616,9447.798118,4153.597547,47493.179151,43107.994297,20,20
hyperliquid,TIA,TIA,12,1790654813509,858,0.42754000000000003,1.8713450292406897,5624.980069,6966.186885,50475.042881,19735.355615,20,20
hyperliquid,TIA,TIA,13,1790654873599,306,0.42771,2.806032970887884,5111.553028,4514.225607,45966.774607,37470.940481000005,20,20
hyperliquid,TIA,TIA,14,1790654933684,260,0.427725,1.6366994785932398,7912.391645,4754.842549,39112.573956,11838.521095,20,20
hyperliquid,TIA,TIA,15,1790654993338,638,0.429,2.3312740412628763,5242.357369,4713.777364,46736.687924000005,30293.355258,20,20
hyperliquid,TIA,TIA,16,1790655053661,762,0.4303,2.7891409445901516,6078.204533,5311.828482,46752.928861,44567.424117999995,20,20
hyperliquid,TIA,TIA,17,1790655113414,733,0.43011,0.9300378990451108,6657.061969,4379.67713,44293.937570999995,9333.153794,20,20
hyperliquid,TIA,TIA,18,1790655173422,821,0.43035500000000004,2.091515419115897,29586.712088,5709.638509,31764.741754,51662.687703,20,20
hyperliquid,TIA,TIA,19,1790655233439,679,0.43081499999999995,2.5536261491310164,14367.068517,3466.249101,43206.242199,51632.75909,20,20
hyperliquid,TIA,TIA,20,1790655293297,533,0.43013999999999997,1.3949919787958898,5104.710798,3829.240795,55115.463928,60965.318899,20,20
hyperliquid,TIA,TIA,21,1790655353403,481,0.430825,1.6249216555630497,4648.598747,3331.232559,42468.043563,50284.502023,20,20
hyperliquid,TIA,TIA,22,1790655413427,761,0.430355,1.1618990077377767,14843.810888,3928.752532,34859.688382,44724.445487000005,20,20
hyperliquid,TIA,TIA,23,1790655473533,805,0.431925,1.620783069764542,5851.970499,2092.675283,33394.720914,46867.617427,20,20
hyperliquid,TIA,TIA,24,1790655533715,799,0.43100499999999997,2.552500290056159,3448.111488,2311.9586799999997,28197.17631,69319.414407,20,20
hyperliquid,TIA,TIA,25,1790655593578,719,0.43215,2.7771991946123897,6608.048968,2272.790079,43542.306626000005,46314.742578,20,20
hyperliquid,TIA,TIA,26,1790655653311,816,0.43228999999999995,1.3880534863286442,17544.868703,3997.335895,44272.426564,35182.018999,20,20
hyperliquid,TIA,TIA,27,1790655713525,805,0.43264,1.8492834026817562,7260.483925,1233.4306669999999,43094.45726,56105.078414,20,20
hyperliquid,TIA,TIA,28,1790655773491,414,0.432985,2.078809996766129,27900.154816,2492.524929,48487.544789,6696.629126,20,20
hyperliquid,TIA,TIA,29,1790655833387,745,0.4326,2.7743098904142727,6726.849714,1616.183279,59604.875938,19432.503543000003,20,20
hyperliquid,TIA,TIA,30,1790655893525,653,0.43254499999999996,2.0809248554898296,25713.479836,4073.443261,42378.232377,12955.554816,20,20
hyperliquid,TIA,TIA,31,1790655953463,449,0.43249000000000004,0.9249196476046606,27495.045502,4192.858469,47500.822464,32986.63566,20,20
hyperliquid,TIA,TIA,32,1790656013433,797,0.432515,4.856501931036483,3468.569237,4378.384293,9143.039647,47022.448291,20,20
hyperliquid,TIA,TIA,33,1790656073548,365,0.432485,1.156176293761746,8936.687829,3322.659751,11934.704376,45879.558435,20,20
hyperliquid,TIA,TIA,34,1790656133561,480,0.432415,1.1563634681643897,27924.955701,4924.522106,67556.526817,29950.622362000002,20,20
hyperliquid,ADA,ADA,0,1790654093382,599,0.242745,1.2359411691997835,76998.62685,128284.60609999999,76998.62685,128284.60609999999,20,20
hyperliquid,ADA,ADA,1,1790654153378,643,0.242865,1.235330450894967,76695.43336,191619.93789,76695.43336,191619.93789,20,20
hyperliquid,ADA,ADA,2,1790654213638,715,0.24275000000000002,1.6479215589337848,105902.36053,143379.90913,105902.36053,143379.90913,20,20
hyperliquid,ADA,ADA,3,1790654273751,460,0.24251,0.8247422680418559,80746.08396,148263.6538,80746.08396,148263.6538,20,20
hyperliquid,ADA,ADA,4,1790654333459,714,0.242395,1.237725884972729,88878.66475,159485.16478,88878.66475,159485.16478,20,20
hyperliquid,ADA,ADA,5,1790654393557,453,0.24255,1.649280501381245,113107.24225,139215.85679,113107.24225,176351.16472,20,20
hyperliquid,ADA,ADA,6,1790654453380,753,0.24220999999999998,0.8257638315445348,85773.05598,137823.8191,85773.05598,137823.8191,20,20
hyperliquid,ADA,ADA,7,1790654513383,698,0.242565,0.41226912928848947,108064.83803,175869.16188,114534.75995,175869.16188,20,20
hyperliquid,ADA,ADA,8,1790654573485,789,0.24245,1.6499608134301624,122239.89086,125551.74566,122239.89086,125551.74566,20,20
hyperliquid,ADA,ADA,9,1790654633409,411,0.24167,0.8276090374903511,80059.71534000001,143117.94109,82437.81298,143117.94109,20,20
hyperliquid,ADA,ADA,10,1790654693426,333,0.24179499999999998,0.41358203399566307,82980.33899,116907.94894,91735.26449,119291.07478,20,20
hyperliquid,ADA,ADA,11,1790654753400,456,0.241595,1.2418246543588474,87935.66148,160733.12987,87935.66148,160733.12987,20,20
hyperliquid,ADA,ADA,12,1790654813460,809,0.241505,2.0705648500918272,76447.93874,178051.03552,110358.27441,180117.052,20,20
hyperliquid,ADA,ADA,13,1790654873682,389,0.241595,1.2418246543588474,86341.2552,125801.94865,86341.2552,125801.94865,20,20
hyperliquid,ADA,ADA,14,1790654933681,787,0.24151,0.8281573498969408,71693.28546,151416.84391999998,71693.28546,151416.84391999998,20,20
hyperliquid,ADA,ADA,15,1790654993388,688,0.242,1.653029175965326,83917.61841,182612.84915,83917.61841,182612.84915,20,20
hyperliquid,ADA,ADA,16,1790655054098,596,0.242725,2.0601565718991743,107798.43501,112355.66895,141501.67932999998,112860.56061,20,20
hyperliquid,ADA,ADA,17,1790655113540,859,0.24275000000000002,0.8239268352960849,146065.70242,146149.22733,146065.70242,146149.22733,20,20
hyperliquid,ADA,ADA,18,1790655173419,818,0.24287,1.6471072678592158,91546.23927,132220.47186,91546.23927,132220.47186,20,20
hyperliquid,ADA,ADA,19,1790655233505,745,0.24307,1.6457519029011713,104368.53019,126147.85058,105942.97507,126147.85058,20,20
hyperliquid,ADA,ADA,20,1790655293350,586,0.24302,0.8230113987073295,88272.32762,153092.09628,88272.32762,159280.90597,20,20
hyperliquid,ADA,ADA,21,1790655353441,519,0.24333500000000002,1.232944270919134,79582.09019,128444.80176,79582.09019,128444.80176,20,20
hyperliquid,ADA,ADA,22,1790655413528,304,0.24311500000000003,1.2340600575888594,95026.42172,124536.72331,95026.42172,124536.72331,20,20
hyperliquid,ADA,ADA,23,1790655473607,879,0.243925,1.2299618711830718,102169.61323,106870.25687,102169.61323,141523.59578,20,20
hyperliquid,ADA,ADA,24,1790655533766,850,0.24301,2.4693390402497073,112182.38727,103055.74426,115829.80778,113953.51948,20,20
hyperliquid,ADA,ADA,25,1790655593593,734,0.243505,0.41067761807012104,119254.05432,112869.91894999999,119254.05432,115075.85644999999,20,20
hyperliquid,ADA,ADA,26,1790655653314,819,0.24368499999999998,2.052039727489241,139296.76339,100710.1108,139296.76339,100710.1108,20,20
hyperliquid,ADA,ADA,27,1790655713542,822,0.243895,3.6907935206054177,144086.77874,78592.20562000001,154294.90106,113676.95447000001,20,20
hyperliquid,ADA,ADA,28,1790655773499,422,0.24410500000000002,2.048508685676964,82021.61051,129313.4623,117850.97537,129313.4623,20,20
hyperliquid,ADA,ADA,29,1790655833397,755,0.243815,1.2305168170634317,111360.4148,121286.22837,111360.4148,121286.22837,20,20
hyperliquid,ADA,ADA,30,1790655893560,688,0.24357499999999999,1.23172934800575,91557.76199,128482.63732,92071.67495,128482.63732,20,20
hyperliquid,ADA,ADA,31,1790655953513,499,0.2434,1.6435204207398968,94931.27416,123272.50649,94931.27416,123272.50649,20,20
hyperliquid,ADA,ADA,32,1790656013441,271,0.243425,1.2324883940673104,97030.549,147741.4165,102013.52923,147741.4165,20,20
hyperliquid,ADA,ADA,33,1790656073636,453,0.24337,1.643723032669353,121300.32594,151668.57927,121300.32594,151668.57927,20,20
hyperliquid,ADA,ADA,34,1790656133591,510,0.243445,0.41077883667473003,133254.43913,138491.99571,133254.43913,138491.99571,20,20
hyperliquid,PENDLE,PENDLE,0,1790654093409,626,2.32005,2.155358220536918,19267.7953,9588.6979,22129.7567,32174.0574,20,20
hyperliquid,PENDLE,PENDLE,1,1790654153569,285,2.32815,3.0071311968393744,14271.1229,12208.0964,23200.6238,24321.8518,20,20
hyperliquid,PENDLE,PENDLE,2,1790654213729,806,2.32815,1.2886597938144284,11695.1515,34238.978299999995,16383.2649,44379.3143,20,20
hyperliquid,PENDLE,PENDLE,3,1790654273683,392,2.3247,3.4418964849636247,5394.0483,11149.9243,7302.7176,37637.4715,20,20
hyperliquid,PENDLE,PENDLE,4,1790654333627,882,2.32325,2.1523891519592553,19640.5791,8944.006300000001,33850.3222,12288.5244,20,20
hyperliquid,PENDLE,PENDLE,5,1790654393496,392,2.3230000000000004,2.5832005855241924,16100.547,31247.3902,20787.5229,40680.3277,20,20
hyperliquid,PENDLE,PENDLE,6,1790654453509,334,2.3203500000000004,2.1550795224345443,14422.6082,12945.4635,19845.2909,37549.9473,20,20
hyperliquid,PENDLE,PENDLE,7,1790654513451,766,2.3215500000000002,2.1539654503954786,13564.1432,18472.3767,26101.3564,32182.1872,20,20
hyperliquid,PENDLE,PENDLE,8,1790654573597,378,2.32055,0.4309416074121941,9807.1764,13158.5769,22134.7575,37591.8832,20,20
hyperliquid,PENDLE,PENDLE,9,1790654633486,488,2.3105,2.597177733529854,13658.4042,6131.2316,14258.4842,12531.8308,20,20
hyperliquid,PENDLE,PENDLE,10,1790654693543,450,2.3080499999999997,1.299883010528191,16508.5228,4140.3864,25052.0851,8946.5174,20,20
hyperliquid,PENDLE,PENDLE,11,1790654753427,483,2.3076,1.7335529167028518,19997.2059,6020.026,36478.2259,10522.8073,20,20
hyperliquid,PENDLE,PENDLE,12,1790654813640,379,2.30725,0.433425797503606,15576.8276,24356.0623,23461.2147,29244.0232,20,20
hyperliquid,PENDLE,PENDLE,13,1790654873687,394,2.3064,2.601795238716953,15401.5402,5917.3927,17615.4795,21103.7227,20,20
hyperliquid,PENDLE,PENDLE,14,1790654933731,307,2.3070500000000003,3.03463822777017,15532.1494,15928.6966,18005.0414,18665.8326,20,20
hyperliquid,PENDLE,PENDLE,15,1790654993535,835,2.3131500000000003,2.161788231225259,20159.0363,4342.1667,29183.0513,30771.548899999998,20,20
hyperliquid,PENDLE,PENDLE,16,1790655053778,879,2.3175499999999998,1.2945542418218992,16042.9802,7233.2212,25886.6689,10810.7561,20,20
hyperliquid,PENDLE,PENDLE,17,1790655113569,282,2.3159,1.7273394653871676,20844.0647,4780.761,29710.3083,12673.8222,20,20
hyperliquid,PENDLE,PENDLE,18,1790655173441,840,2.3272500000000003,3.867973182052342,2584.0095,10547.6823,15980.7127,37908.1444,20,20
hyperliquid,PENDLE,PENDLE,19,1790655233569,809,2.3244,2.581644507551051,16120.9636,7080.5336,18781.9362,10117.5259,20,20
hyperliquid,PENDLE,PENDLE,20,1790655293392,628,2.32455,3.011789002669296,12201.925299999999,2696.0753,17223.9965,38416.3973,20,20
hyperliquid,PENDLE,PENDLE,21,1790655353450,528,2.3263499999999997,0.4298671710456503,12129.471599999999,17172.691,21370.284499999998,51018.1351,20,20
hyperliquid,PENDLE,PENDLE,22,1790655413571,347,2.32675,3.008940852819997,11280.9452,8089.026800000001,16921.5966,15338.31,20,20
hyperliquid,PENDLE,PENDLE,23,1790655473725,395,2.33455,0.42835724994638724,10959.6997,3592.753,48045.016,27569.6675,20,20
hyperliquid,PENDLE,PENDLE,24,1790655533799,883,2.3303000000000003,4.292213923942079,5081.5273,22901.5867,10732.3802,57912.547399999996,20,20
hyperliquid,PENDLE,PENDLE,25,1790655593616,757,2.33535,0.4282105082853427,11041.3264,2832.6406,20275.1367,36261.388,20,20
hyperliquid,PENDLE,PENDLE,26,1790655653319,824,2.3379000000000003,4.278257893386428,8796.2938,5069.7892,17199.1949,11162.204,20,20
hyperliquid,PENDLE,PENDLE,27,1790655713712,454,2.33995,2.137026114457097,10604.3176,5105.1886,11847.765,12238.4566,20,20
hyperliquid,PENDLE,PENDLE,28,1790655773591,514,2.3389499999999996,2.137939881130535,10202.2882,3264.8977,22393.666,31610.5453,20,20
hyperliquid,PENDLE,PENDLE,29,1790655833527,885,2.3379,1.7110835436540128,11246.1016,27834.684800000003,15388.1551,38989.667,20,20
hyperliquid,PENDLE,PENDLE,30,1790655893606,734,2.3377999999999997,2.5668449197868703,13387.4202,4994.579,20873.9288,13881.3428,20,20
hyperliquid,PENDLE,PENDLE,31,1790655953647,633,2.34025,2.136752136752129,11650.5185,6450.0761999999995,23034.926199999998,14971.5739,20,20
hyperliquid,PENDLE,PENDLE,32,1790656013597,427,2.3391,2.565418163160693,10218.5942,4672.3418,14499.0252,32755.558500000003,20,20
hyperliquid,PENDLE,PENDLE,33,1790656073746,563,2.33915,2.13775706528585,8427.7293,7982.1993999999995,11194.2326,35318.2882,20,20
hyperliquid,PENDLE,PENDLE,34,1790656133607,526,2.3384,2.5661862195791585,11619.169,8380.6812,19687.9317,10780.197400000001,20,20
hyperliquid,NEAR,NEAR,0,1790654093518,735,4.66425,0.2143990394909423,265281.55095,61995.948300000004,265281.55095,61995.948300000004,20,20
hyperliquid,NEAR,NEAR,1,1790654153572,288,4.66455,0.21438525029449096,255656.19444,41934.75751,255656.19444,41934.75751,20,20
hyperliquid,NEAR,NEAR,2,1790654213732,809,4.66435,0.2143944428945055,291890.40377,61567.58535,291890.40377,61567.58535,20,20
hyperliquid,NEAR,NEAR,3,1790654273698,407,4.65885,0.21464754872413394,42422.54926,60634.52704,42422.54926,60634.52704,20,20
hyperliquid,NEAR,NEAR,4,1790654333645,900,4.64605,0.21523891519548144,65339.20693,191792.61639,65339.20693,191792.61639,20,20
hyperliquid,NEAR,NEAR,5,1790654393564,460,4.64025,1.5086532037322797,45890.05418,51221.57778,45890.05418,51221.57778,20,20
hyperliquid,NEAR,NEAR,6,1790654453541,366,4.63465,0.21576835109726744,40359.20796,43998.52119,40359.20796,43998.52119,20,20
hyperliquid,NEAR,NEAR,7,1790654513516,831,4.64965,0.21507226428019166,35406.20598,66035.41915,35406.20598,66035.41915,20,20
hyperliquid,NEAR,NEAR,8,1790654573600,381,4.64525,1.0764262648010892,100078.44092,73060.78587,100078.44092,73060.78587,20,20
hyperliquid,NEAR,NEAR,9,1790654633551,553,4.62695,0.21612742873156066,37782.0113,70326.48816000001,37782.0113,70326.48816000001,20,20
hyperliquid,NEAR,NEAR,10,1790654693620,527,4.63195,0.2158941255192559,53817.643899999995,40569.93587,53817.643899999995,40569.93587,20,20
hyperliquid,NEAR,NEAR,11,1790654753569,625,4.62865,0.21604804908648134,35008.78587,30751.15137,35008.78587,30751.15137,20,20
hyperliquid,NEAR,NEAR,12,1790654813648,387,4.62855,0.2160527168615367,35855.101910000005,59163.30636,35855.101910000005,59163.30636,20,20
hyperliquid,NEAR,NEAR,13,1790654873753,460,4.61735,1.949359960145003,44113.27697,63071.255189999996,44113.27697,63071.255189999996,20,20
hyperliquid,NEAR,NEAR,14,1790654933797,373,4.6159,0.8666074484908748,30988.22346,46378.16254,30988.22346,46378.16254,20,20
hyperliquid,NEAR,NEAR,15,1790654993528,828,4.63035,0.21596872772811082,37553.32812,43644.76967,37553.32812,43644.76967,20,20
hyperliquid,NEAR,NEAR,16,1790655053784,885,4.6403,3.879812044660369,63974.489290000005,68980.75378,63974.489290000005,68980.75378,20,20
hyperliquid,NEAR,NEAR,17,1790655113668,381,4.63835,0.21559623137656914,27864.39744,48616.97412,27864.39744,48616.97412,20,20
hyperliquid,NEAR,NEAR,18,1790655173527,297,4.63875,0.21557764028568016,21577.16164,44369.82514,21577.16164,44369.82514,20,20
hyperliquid,NEAR,NEAR,19,1790655233570,810,4.62275,0.2163237934538209,16758.0901,40589.85888,16758.0901,40589.85888,20,20
hyperliquid,NEAR,NEAR,20,1790655293463,699,4.62645,0.2161507867892709,301938.92710000003,53762.84633,301938.92710000003,53762.84633,20,20
hyperliquid,NEAR,NEAR,21,1790655353536,614,4.63175,0.21590344797761674,41964.59105,55181.43561,41964.59105,55181.43561,20,20
hyperliquid,NEAR,NEAR,22,1790655413615,391,4.632899999999999,0.863427374964143,35162.72817,62844.37866,35162.72817,62844.37866,20,20
hyperliquid,NEAR,NEAR,23,1790655473722,392,4.6560500000000005,0.21477663230351496,68158.10281,75463.46511,68158.10281,75463.46511,20,20
hyperliquid,NEAR,NEAR,24,1790655533824,308,4.6507000000000005,2.5805896647379534,83741.14086,67284.66925,83741.14086,67284.66925,20,20
hyperliquid,NEAR,NEAR,25,1790655593775,362,4.66355,0.21443122118602886,34580.13101,61131.93984,34580.13101,61131.93984,20,20
hyperliquid,NEAR,NEAR,26,1790655653493,998,4.66815,0.21421991816650277,63428.24733,44190.64187,63428.24733,44190.64187,20,20
hyperliquid,NEAR,NEAR,27,1790655713709,451,4.69935,0.21279765071380297,63068.02573,49153.33499,63068.02573,49153.33499,20,20
hyperliquid,NEAR,NEAR,28,1790655773650,573,4.6956500000000005,0.212965329244863,52960.66172,11413.66409,52960.66172,11413.66409,20,20
hyperliquid,NEAR,NEAR,29,1790655833639,395,4.68375,0.6405329233927226,22811.66689,28478.64041,22811.66689,28478.64041,20,20
hyperliquid,NEAR,NEAR,30,1790655893601,729,4.67695,0.6414642490604194,36656.86178,55605.76141,36656.86178,55605.76141,20,20
hyperliquid,NEAR,NEAR,31,1790655953656,642,4.66915,0.2141740378225343,55987.09306000001,45871.414600000004,55987.09306000001,45871.414600000004,20,20
hyperliquid,NEAR,NEAR,32,1790656013611,441,4.665,0.428733734914033,31689.10346,23984.2998,31689.10346,23984.2998,20,20
hyperliquid,NEAR,NEAR,33,1790656073743,560,4.65665,0.2147489584669593,37674.49307,33479.84462,37674.49307,33479.84462,20,20
hyperliquid,NEAR,NEAR,34,1790656133602,521,4.65705,0.21473051320608505,46283.04031,43238.43041,46283.04031,43238.43041,20,20
hyperliquid,PYTH,PYTH,0,1790654093571,788,0.08017099999999999,1.9959332859298407,2994.254292,6202.319437,15489.563341,48260.967767,20,20
hyperliquid,PYTH,PYTH,1,1790654153566,282,0.079912,6.759717093320905,2968.9061220000003,1548.055854,24054.208886,13970.511021,20,20
hyperliquid,PYTH,PYTH,2,1790654213799,321,0.0798335,6.641021464282026,622.4245950000001,2646.1461600000002,26105.021061,15778.740962,20,20
hyperliquid,PYTH,PYTH,3,1790654273825,534,0.0795985,12.948319861212365,2787.0933170000003,593.864389,32765.439241,22006.628742999997,20,20
hyperliquid,PYTH,PYTH,4,1790654333650,905,0.0794175,6.1718287506451475,969.874414,3060.121081,22860.439387,19500.164718,20,20
hyperliquid,PYTH,PYTH,5,1790654393693,589,0.07949,6.543843753146206,967.1270930000001,12796.043094999999,24165.004057000002,26745.54754,20,20
hyperliquid,PYTH,PYTH,6,1790654453568,393,0.0794865,9.691873930117723,558.423005,879.557374,22235.343557,26574.156258,20,20
hyperliquid,PYTH,PYTH,7,1790654513572,887,0.079692,4.769495312089145,871.7016859999999,4220.1872,22144.212966,24049.378427,20,20
hyperliquid,PYTH,PYTH,8,1790654573667,448,0.0797275,3.1361726149414793,675.209088,1924.568354,25502.359958,10828.047543,20,20
hyperliquid,PYTH,PYTH,9,1790654633658,660,0.079374,7.0576966702806665,1669.564692,2848.906567,22884.906383,18851.499949,20,20
hyperliquid,PYTH,PYTH,10,1790654693622,529,0.079307,11.102279752217559,769.876852,1780.046056,25383.676778999998,19291.505984,20,20
hyperliquid,PYTH,PYTH,11,1790654753600,656,0.07930799999999999,4.792594180780263,1269.955749,2447.389339,24568.033141,32680.512901000002,20,20
hyperliquid,PYTH,PYTH,12,1790654813695,434,0.07912,8.345240052094471,2120.980957,729.2926500000001,14838.69457,26492.740746,20,20
hyperliquid,PYTH,PYTH,13,1790654873883,590,0.079374,5.0407036822353035,769.6480310000001,1688.245226,23762.018618000002,25652.65637,20,20
hyperliquid,PYTH,PYTH,14,1790654933882,458,0.079353,7.059565080362873,1790.558706,3341.1121439999997,21444.426099,13923.557214,20,20
hyperliquid,PYTH,PYTH,15,1790654993581,321,0.079375,5.292738866344848,717.569997,2946.834908,23586.583645,11695.630174,20,20
hyperliquid,PYTH,PYTH,16,1790655054000,498,0.0797145,5.144678394859437,672.036268,2535.639368,23002.748023,16599.820753,20,20
hyperliquid,PYTH,PYTH,17,1790655113732,506,0.079679,4.268032437046987,671.866169,4711.5392059999995,28005.729412999997,11534.285512,20,20
hyperliquid,PYTH,PYTH,18,1790655173613,383,0.0798755,1.126816992400581,1854.214309,2648.0618750000003,25911.504754999998,18336.052461,20,20
hyperliquid,PYTH,PYTH,19,1790655233713,409,0.079867,2.0035312237820513,2429.05043,3867.877997,24668.189731,13159.80778,20,20
hyperliquid,PYTH,PYTH,20,1790655293543,779,0.079911,3.003792287763485,799.8456469999999,6875.534148,12800.686063000001,9803.094068,20,20
hyperliquid,PYTH,PYTH,21,1790655353638,716,0.08010500000000001,4.744899233324329,623.78052,5112.384202,25428.145377,14091.906543000001,20,20
hyperliquid,PYTH,PYTH,22,1790655413671,447,0.08008950000000001,3.1219950797378715,1585.4847949999998,4272.380208,21598.764729,19743.381565,20,20
hyperliquid,PYTH,PYTH,23,1790655473788,458,0.080207,1.7456359102241414,4190.958977,3914.665104,24985.015896,17350.359783,20,20
hyperliquid,PYTH,PYTH,24,1790655533973,457,0.08023050000000001,2.6178010471222812,7705.994924,2910.04159,13991.972009,13918.988033,20,20
hyperliquid,PYTH,PYTH,25,1790655593800,387,0.080803,1.4852036585533135,1427.003438,3233.10412,26601.325073,14992.924351,20,20
hyperliquid,PYTH,PYTH,26,1790655653511,486,0.081013,2.2221124882704224,1577.9132730000001,2896.653437,31660.574877,12017.036559,20,20
hyperliquid,PYTH,PYTH,27,1790655713737,479,0.0809455,4.324831949387153,1405.305474,2556.823336,25017.518822000002,12085.264845,20,20
hyperliquid,PYTH,PYTH,28,1790655773695,618,0.08125299999999999,6.401812205303337,1008.216335,3050.282674,26617.596588,18618.857107,20,20
hyperliquid,PYTH,PYTH,29,1790655833630,386,0.08112549999999999,4.561875053941122,628.5925090000001,2517.623795,24140.86678,18447.732399,20,20
hyperliquid,PYTH,PYTH,30,1790655893810,400,0.0810835,4.317469716035305,1856.69055,2493.33982,25842.395989999997,17666.304925,20,20
hyperliquid,PYTH,PYTH,31,1790655953718,704,0.0810555,7.528540573897846,540.109338,3226.357803,29211.025319999997,15568.365805,20,20
hyperliquid,PYTH,PYTH,32,1790656013635,465,0.0810825,0.12333193557090283,628.466582,760.117924,28239.488876,18977.99823,20,20
hyperliquid,PYTH,PYTH,33,1790656073852,669,0.0811195,7.275866321372337,1028.463137,3635.8674650000003,25349.283363,16881.07856,20,20
hyperliquid,PYTH,PYTH,34,1790656133792,711,0.08124100000000001,2.4621142174785504,1241.176182,4941.747974,27626.562341,21871.176602,20,20
hyperliquid,JUP,JUP,0,1790654093594,811,0.32574000000000003,3.6845983787747727,16523.76809,7152.21347,16718.35813,17802.299039999998,20,20
hyperliquid,JUP,JUP,1,1790654153637,353,0.325665,2.763957987836907,17717.34414,8391.52279,26870.503640000003,11989.26403,20,20
hyperliquid,JUP,JUP,2,1790654213861,383,0.32543500000000003,1.5365231554054226,15408.61246,11916.44974,18455.08391,15011.26475,20,20
hyperliquid,JUP,JUP,3,1790654273872,581,0.323055,0.3095496053240332,5575.143599999999,10911.48919,15486.57986,20691.40128,20,20
hyperliquid,JUP,JUP,4,1790654333832,462,0.322905,0.3096934035284882,14564.70352,7874.60177,24898.48906,12845.10783,20,20
hyperliquid,JUP,JUP,5,1790654393748,644,0.32320499999999996,0.9282465422821851,14092.47061,6141.74279,18020.28997,14199.49556,20,20
hyperliquid,JUP,JUP,6,1790654453699,524,0.323065,0.9286488159720996,10422.97631,3169.81255,18312.99164,15331.40461,20,20
hyperliquid,JUP,JUP,7,1790654513684,392,0.323315,1.5465990287366616,19971.37371,6106.03831,24280.04576,15578.28993,20,20
hyperliquid,JUP,JUP,8,1790654573831,612,0.32184999999999997,2.4859389080522654,15005.13963,4371.26604,27307.85462,13561.38139,20,20
hyperliquid,JUP,JUP,9,1790654633685,687,0.32035,1.2487122654758487,16472.08021,6895.65234,23597.33539,13184.80262,20,20
hyperliquid,JUP,JUP,10,1790654693730,637,0.320395,3.4338515327458907,13824.787279999999,5927.35489,19854.28655,13448.3904,20,20
hyperliquid,JUP,JUP,11,1790654753623,679,0.32037499999999997,0.3121390891780429,12239.793239999999,7736.49373,25240.72839,11151.83545,20,20
hyperliquid,JUP,JUP,12,1790654813832,571,0.32016500000000003,0.3123438280860924,13203.1626,4204.02682,13661.15955,16045.13093,20,20
hyperliquid,JUP,JUP,13,1790654873887,594,0.32064499999999996,0.31187624750517173,13999.26434,5934.32713,21048.84227,10809.65166,20,20
hyperliquid,JUP,JUP,14,1790654933915,491,0.32023500000000005,0.3122755519480158,16343.757300000001,9085.06868,23232.60204,15680.70243,20,20
hyperliquid,JUP,JUP,15,1790654993745,485,0.32027,3.1228530385352116,14356.99514,1844.32823,24255.56499,18957.7666,20,20
hyperliquid,JUP,JUP,16,1790655054001,499,0.321835,0.3107230525434268,19947.15828,2209.95452,29007.35299,6056.03708,20,20
hyperliquid,JUP,JUP,17,1790655113759,472,0.32216999999999996,1.8625442354247568,17763.092839999998,4701.52461,20900.18179,14685.26611,20,20
hyperliquid,JUP,JUP,18,1790655173638,408,0.322435,0.3101448376385818,16817.66962,5001.86614,26630.34062,16780.71159,20,20
hyperliquid,JUP,JUP,19,1790655233763,459,0.32248,0.6202127329690832,17801.75249,5517.35145,23760.474439999998,15055.906200000001,20,20
hyperliquid,JUP,JUP,20,1790655293559,795,0.32241,1.2407332733643806,11752.18581,6563.90949,26216.18288,14500.37177,20,20
hyperliquid,JUP,JUP,21,1790655353637,715,0.32242000000000004,1.240694789081953,12406.74791,6209.29989,22331.24724,10308.79857,20,20
hyperliquid,JUP,JUP,22,1790655413728,504,0.322795,0.30979894048543954,6912.00002,5266.35226,17837.46497,15039.51648,20,20
hyperliquid,JUP,JUP,23,1790655473830,500,0.324365,0.30829942039733993,13677.10915,6377.44663,20836.36016,11487.21633,20,20
hyperliquid,JUP,JUP,24,1790655534032,516,0.32344,0.6183718269792138,13836.48848,5714.75994,15284.17753,9911.68038,20,20
hyperliquid,JUP,JUP,25,1790655593804,391,0.323995,1.5433527795782886,13725.7101,2032.71958,18865.44019,18235.875910000002,20,20
hyperliquid,JUP,JUP,26,1790655653508,483,0.32504500000000003,0.3076544425306693,9950.31244,8881.7345,17621.70804,20149.37095,20,20
hyperliquid,JUP,JUP,27,1790655713901,643,0.324885,0.30780595912327513,11668.39717,3641.0426,21324.54224,10727.6831,20,20
hyperliquid,JUP,JUP,28,1790655773736,659,0.32494999999999996,1.8466083959123303,4240.8516,6417.46297,17311.95354,16668.90681,20,20
hyperliquid,JUP,JUP,29,1790655833718,474,0.32426999999999995,1.8504811250918962,11404.63501,5433.64195,12958.82885,16067.00714,20,20
hyperliquid,JUP,JUP,30,1790655893792,382,0.323855,0.3087849312932711,11767.0242,6224.83533,16970.157509999997,13858.83807,20,20
hyperliquid,JUP,JUP,31,1790655953838,284,0.323745,0.3088898498782022,14414.66756,8274.30127,15386.090259999999,23053.18092,20,20
hyperliquid,JUP,JUP,32,1790656013794,624,0.323795,2.7799227799230053,8217.406719999999,10952.59091,18073.66275,18311.94087,20,20
hyperliquid,JUP,JUP,33,1790656073963,780,0.323835,0.3088040021004268,14642.510129999999,6758.64518,17270.40785,14120.69135,20,20
hyperliquid,JUP,JUP,34,1790656133799,718,0.32394500000000004,0.9261260148796246,13156.9351,11496.25127,15603.58214,13821.36937,20,20
hyperliquid,JTO,JTO,0,1790654093705,372,0.5439350000000001,0.91926973212475,35249.69342,5467.37619,46417.390810000004,10909.65574,20,20
hyperliquid,JTO,JTO,1,1790654153757,473,0.543805,0.1838911364493434,26196.87457,4392.17806,26196.87457,13116.19142,20,20
hyperliquid,JTO,JTO,2,1790654213915,437,0.5431349999999999,0.9206238146974854,46437.56102,6435.0886199999995,46437.56102,14219.533099999999,20,20
hyperliquid,JTO,JTO,3,1790654273886,595,0.5421450000000001,0.9223050247175735,31743.211610000002,5307.95876,43704.95297,11730.43198,20,20
hyperliquid,JTO,JTO,4,1790654333835,465,0.5419,1.8455292054997408,45265.08889,5373.29759,48647.71666,8312.83319,20,20
hyperliquid,JTO,JTO,5,1790654393744,640,0.54308,1.1048706380623052,22362.983659999998,7167.50381,25262.72181,12196.83937,20,20
hyperliquid,JTO,JTO,6,1790654453736,561,0.54186,1.8456654546805673,19213.04309,6107.96217,55821.47548,14732.248090000001,20,20
hyperliquid,JTO,JTO,7,1790654513709,417,0.54332,1.840705358293615,26008.73054,5633.32406,56957.96592,12472.6584,20,20
hyperliquid,JTO,JTO,8,1790654573824,605,0.542985,1.2892531540642516,41382.75118,4392.76018,43461.66796,12510.889000000001,20,20
hyperliquid,JTO,JTO,9,1790654633729,731,0.541165,3.8812700994350635,21646.03222,4937.19773,59508.15601,31520.14172,20,20
hyperliquid,JTO,JTO,10,1790654693809,716,0.539415,2.781176994104406,44462.56581,4872.44708,47815.94685,18011.89292,20,20
hyperliquid,JTO,JTO,11,1790654753765,821,0.539015,1.2987494897775953,20153.75916,6717.5714,20917.81971,10933.63587,20,20
hyperliquid,JTO,JTO,12,1790654813835,574,0.5396799999999999,0.7412074268975388,27304.524159999997,4663.04071,29721.45296,8509.14874,20,20
hyperliquid,JTO,JTO,13,1790654873949,656,0.539845,0.18524007113329688,50628.75312,6392.51296,51349.257920000004,9932.25948,20,20
hyperliquid,JTO,JTO,14,1790654933993,569,0.5395350000000001,0.926766881057528,23500.12846,7568.16886,23500.12846,7758.3087000000005,20,20
hyperliquid,JTO,JTO,15,1790654993741,481,0.54155,0.7386479050097705,18958.97357,8283.32926,22910.99511,24789.82924,20,20
hyperliquid,JTO,JTO,16,1790655054071,569,0.543255,2.0250368188512446,40299.9874,7024.49082,53914.29376,9662.21471,20,20
hyperliquid,JTO,JTO,17,1790655113860,634,0.543085,1.657336476135196,41339.95801,5523.27102,43653.08157,13954.88636,20,20
hyperliquid,JTO,JTO,18,1790655173720,490,0.54339,2.944911744677814,22522.002829999998,5362.54224,46139.45575,12386.32263,20,20
hyperliquid,JTO,JTO,19,1790655233766,462,0.543615,1.6557205143774567,27689.17755,6939.82463,43260.919799999996,15329.64781,20,20
hyperliquid,JTO,JTO,20,1790655293586,283,0.54387,0.7354969201078809,20436.56681,10355.50236,42553.72356,14275.22455,20,20
hyperliquid,JTO,JTO,21,1790655353664,742,0.54355,8.834735234029,10232.02473,15915.10563,53918.07101,18574.12958,20,20
hyperliquid,JTO,JTO,22,1790655413770,546,0.5426249999999999,1.65874156806467,41175.57666,9184.051089999999,56519.5674,13981.838039999999,20,20
hyperliquid,JTO,JTO,23,1790655473904,574,0.5442549999999999,0.9187292137524672,7206.7761,9225.75786,12797.9091,11891.92145,20,20
hyperliquid,JTO,JTO,24,1790655534029,513,0.5422849999999999,3.504306608383967,1723.34003,3675.69221,2350.99212,10600.24085,20,20
hyperliquid,JTO,JTO,25,1790655593844,431,0.5443549999999999,0.9185604320904872,16942.53434,7835.74968,31817.72914,24229.24289,20,20
hyperliquid,JTO,JTO,26,1790655653556,531,0.54425,3.3078506321682077,34465.35236,5687.28511,51239.16446,13588.78337,20,20
hyperliquid,JTO,JTO,27,1790655713904,646,0.54489,2.93680365631932,5823.31464,10025.40037,30942.70592,19440.19966,20,20
hyperliquid,JTO,JTO,28,1790655773779,702,0.54646,0.7320108337594,14608.57499,4761.51067,31259.39385,16500.8861,20,20
hyperliquid,JTO,JTO,29,1790655833849,605,0.5450349999999999,0.18347613892633063,19223.54791,7128.37387,56971.91929,10318.6067,20,20
hyperliquid,JTO,JTO,30,1790655893827,417,0.5442400000000001,0.3674916855000987,39490.63903,5524.62938,41237.89022,16361.21618,20,20
hyperliquid,JTO,JTO,31,1790655953847,293,0.545365,0.18336511662164767,37003.03839,5141.55073,74038.36665,18217.87079,20,20
hyperliquid,JTO,JTO,32,1790656013799,629,0.545275,1.6506795297410726,27578.55916,5462.08927,62220.90227,8684.26001,20,20
hyperliquid,JTO,JTO,33,1790656073966,783,0.54508,1.4677821811259761,18746.2831,5768.95046,53008.610799999995,14811.847249999999,20,20
hyperliquid,JTO,JTO,34,1790656133796,715,0.545185,0.1834256575805604,30286.672140000002,8358.61311,64548.84826,17529.13568,20,20
hyperliquid,WIF,WIF,0,1790654093747,414,0.23122,2.5952679614182905,9914.54681,14067.16036,73186.6918,44428.87249,20,20
hyperliquid,WIF,WIF,1,1790654153761,477,0.23132999999999998,1.729281051403575,8778.64255,10629.91049,13884.50654,47839.39151,20,20
hyperliquid,WIF,WIF,2,1790654213922,444,0.230965,2.1650645189219553,18346.46097,10231.62518,19995.05673,31089.02693,20,20
hyperliquid,WIF,WIF,3,1790654273939,648,0.230725,2.1673168617253324,15053.2876,9766.08032,73075.56881,47756.31753,20,20
hyperliquid,WIF,WIF,4,1790654333829,459,0.23039500000000002,0.4340466166063983,8626.24225,14987.73935,51234.37202,55052.60671,20,20
hyperliquid,WIF,WIF,5,1790654393821,717,0.23085,0.8664009703696074,7166.7174700000005,23336.511300000002,45979.69891,63553.52085,20,20
hyperliquid,WIF,WIF,6,1790654453765,590,0.230265,0.43429167028596893,10914.59572,19410.4024,37897.70098,45277.15115,20,20
hyperliquid,WIF,WIF,7,1790654513735,443,0.23058,0.8674155354126967,7339.04567,11130.69274,30828.789950000002,48285.68196,20,20
hyperliquid,WIF,WIF,8,1790654573828,609,0.23062,1.7346053772770986,16061.60265,9553.15705,35024.634170000005,50648.437359999996,20,20
hyperliquid,WIF,WIF,9,1790654633839,297,0.229825,4.787396091743279,10101.87539,10312.94388,70460.80158,81090.53917,20,20
hyperliquid,WIF,WIF,10,1790654693811,718,0.229635,2.1776055049871346,16643.42945,10929.79678,74186.73007,49589.47838,20,20
hyperliquid,WIF,WIF,11,1790654753800,856,0.22955,2.614151272219978,15552.95929,15798.248019999999,73108.8529,47611.80693,20,20
hyperliquid,WIF,WIF,12,1790654813887,626,0.22947499999999998,0.435786813091088,17306.99395,8141.77696,59163.28234,53964.21737,20,20
hyperliquid,WIF,WIF,13,1790654874024,731,0.229495,3.9224231858803194,29597.05366,17391.19802,94061.19465,78197.94352,20,20
hyperliquid,WIF,WIF,14,1790654934067,643,0.229095,2.182738900773362,17267.45195,11674.72148,61009.51545,53742.81428,20,20
hyperliquid,WIF,WIF,15,1790654993770,510,0.23002,2.6088090786546836,10431.1813,9415.02015,70469.97517,75906.68976000001,20,20
hyperliquid,WIF,WIF,16,1790655054240,738,0.230885,2.1658147795200478,6964.8557,8362.98152,69132.87065,44899.38264,20,20
hyperliquid,WIF,WIF,17,1790655113926,700,0.230575,2.1687269572767676,35679.606649999994,8864.75088,65321.115999999995,46957.27967,20,20
hyperliquid,WIF,WIF,18,1790655173798,568,0.230945,2.1652520353376836,8555.07178,8092.98083,73527.79401,46237.42087,20,20
hyperliquid,WIF,WIF,19,1790655233848,544,0.23106,0.8656135035711721,5782.95103,5799.48397,78804.94905,44078.53518,20,20
hyperliquid,WIF,WIF,20,1790655293661,358,0.231235,0.43246983522982063,13692.0858,16421.10292,69785.4207,33791.37972,20,20
hyperliquid,WIF,WIF,21,1790655353724,802,0.23161500000000002,1.2953367875656596,2723.87809,13959.19543,90041.46913,57012.5602,20,20
hyperliquid,WIF,WIF,22,1790655413810,586,0.231225,2.162629757787027,14690.612819999998,9728.19789,79469.29507,47181.79456,20,20
hyperliquid,WIF,WIF,23,1790655473919,589,0.23207,1.7237664296487765,43842.15967,7838.15567,71198.76454999999,31858.08765,20,20
hyperliquid,WIF,WIF,24,1790655534059,543,0.231665,3.8856748121918194,6215.77986,9534.17714,62127.54558,68057.46775,20,20
hyperliquid,WIF,WIF,25,1790655593969,556,0.232375,2.151925973745694,8576.38985,6471.06292,67051.78419,80333.88529,20,20
hyperliquid,WIF,WIF,26,1790655653876,851,0.23202,1.7241379310339866,46335.67811,6067.933,69728.50889,78930.23277,20,20
hyperliquid,WIF,WIF,27,1790655714218,960,0.232595,3.00997592019403,6821.16633,13336.81187,49947.621250000004,87836.82636,20,20
hyperliquid,WIF,WIF,28,1790655773852,775,0.23292000000000002,2.576323586240825,6970.3765,7292.22012,77774.03715999999,60442.254030000004,20,20
hyperliquid,WIF,WIF,29,1790655833827,583,0.232545,0.43003354261772486,24553.6342,12912.37564,72032.76261,57458.49226,20,20
hyperliquid,WIF,WIF,30,1790655893971,561,0.232285,2.1527598381121393,34487.68772,14247.762770000001,45858.23875,55580.88833,20,20
hyperliquid,WIF,WIF,31,1790655953914,360,0.23209000000000002,0.8617718028269827,9471.37454,13525.58997,75117.2816,57067.45843,20,20
hyperliquid,WIF,WIF,32,1790656013831,661,0.23198,2.5867643888766167,9873.0411,8020.19949,69838.8731,49011.52217,20,20
hyperliquid,WIF,WIF,33,1790656073976,793,0.231715,1.2947777298233376,8466.18813,7718.73179,44792.90842,47660.8441,20,20
hyperliquid,WIF,WIF,34,1790656133994,371,0.23177,2.5891084836460188,8723.724979999999,7697.19802,71752.56587,48040.133180000004,20,20
hyperliquid,ONDO,ONDO,0,1790654093755,422,0.50909,1.571554857087154,34942.17416,36819.68709,34942.17416,36819.68709,20,20
hyperliquid,ONDO,ONDO,1,1790654153759,475,0.50901,1.1788282447255938,49554.45582,38453.70603,49554.45582,38453.70603,20,20
hyperliquid,ONDO,ONDO,2,1790654213996,518,0.50857,1.966490993470238,30268.94936,68719.98803,30268.94936,68719.98803,20,20
hyperliquid,ONDO,ONDO,3,1790654274014,723,0.508185,0.1967806682690032,432317.0088499999,79324.99257,432317.0088499999,79324.99257,20,20
hyperliquid,ONDO,ONDO,4,1790654333878,508,0.507945,0.1968736464941223,403504.4917499999,34596.00808,410071.8247899999,34596.00808,20,20
hyperliquid,ONDO,ONDO,5,1790654393882,778,0.509055,0.5893446487492682,34223.01471,41872.34916,34223.01471,41872.34916,20,20
hyperliquid,ONDO,ONDO,6,1790654453763,588,0.5081549999999999,0.1967922857404325,374792.22735,86829.19092000001,374806.94891,86829.19092000001,20,20
hyperliquid,ONDO,ONDO,7,1790654513757,465,0.509525,0.19626314963216984,29433.05833,41600.75405,46154.3075,41600.75405,20,20
hyperliquid,ONDO,ONDO,8,1790654573864,645,0.509305,0.19634792853162608,34062.71557,71835.18389,34062.71557,71835.18389,20,20
hyperliquid,ONDO,ONDO,9,1790654633857,315,0.509125,0.19641734757991358,53266.04445,71976.40025,53266.04445,71976.40025,20,20
hyperliquid,ONDO,ONDO,10,1790654693831,738,0.509595,0.588720122454145,47148.792050000004,61844.281129999996,47148.792050000004,71679.03132,20,20
hyperliquid,ONDO,ONDO,11,1790654753821,877,0.50935,1.1780413099837794,66355.08927,77507.79393,66355.08927,77507.79393,20,20
hyperliquid,ONDO,ONDO,12,1790654813921,660,0.5099199999999999,0.39222607911337803,54826.28613,24326.34083,54826.28613,24326.34083,20,20
hyperliquid,ONDO,ONDO,13,1790654874082,789,0.510005,0.1960784313714825,67101.72725,27286.37171,67101.72725,82755.28738,20,20
hyperliquid,ONDO,ONDO,14,1790654934086,662,0.509295,0.981797474817192,80608.1526,23899.04755,80608.1526,23899.04755,20,20
hyperliquid,ONDO,ONDO,15,1790654993766,506,0.510445,0.1959094114867277,66378.98082,64255.26371,67902.62178,64255.26371,20,20
hyperliquid,ONDO,ONDO,16,1790655054195,693,0.512435,0.19514860566172132,73291.35495,68926.09466,73291.35495,68926.09466,20,20
hyperliquid,ONDO,ONDO,17,1790655113954,667,0.512,0.39063262954330824,60186.28513,29342.20403,60186.28513,29342.20403,20,20
hyperliquid,ONDO,ONDO,18,1790655173839,609,0.513235,0.19484441673434105,46598.17223,73069.58428000001,46598.17223,73069.58428000001,20,20
hyperliquid,ONDO,ONDO,19,1790655233907,603,0.513555,0.9736529511417125,53590.229139999996,75754.835,53590.229139999996,75754.835,20,20
hyperliquid,ONDO,ONDO,20,1790655293733,430,0.514525,0.5830790460814583,49802.20588,78733.20431,49802.20588,78733.20431,20,20
hyperliquid,ONDO,ONDO,21,1790655353829,362,0.5154350000000001,0.19401276603936424,69657.75975,29283.0394,69657.75975,29283.0394,20,20
hyperliquid,ONDO,ONDO,22,1790655413876,652,0.51529,1.94084310224385,40505.67146,79242.64171,41760.117790000004,79242.64171,20,20
hyperliquid,ONDO,ONDO,23,1790655473983,653,0.516375,0.19365958517925108,42930.31142,24088.51396,42930.31142,24088.51396,20,20
hyperliquid,ONDO,ONDO,24,1790655534172,656,0.5156099999999999,0.38789759503554677,53689.91893,25578.16958,53689.91893,25578.16958,20,20
hyperliquid,ONDO,ONDO,25,1790655593992,579,0.5170349999999999,0.9670992824117874,64717.67055,27098.16099,64717.67055,27098.16099,20,20
hyperliquid,ONDO,ONDO,26,1790655654098,531,0.5171399999999999,1.5470895378055793,39759.7486,34315.41988,51296.23648,34315.41988,20,20
hyperliquid,ONDO,ONDO,27,1790655714210,952,0.5172950000000001,2.5133886278849715,32653.20742,36908.71876,32653.20742,36908.71876,20,20
hyperliquid,ONDO,ONDO,28,1790655773895,818,0.5168699999999999,2.7089783281719626,30082.08221,73155.23119,30383.11426,73155.23119,20,20
hyperliquid,ONDO,ONDO,29,1790655833823,579,0.5162249999999999,1.7435778216912112,28781.19581,66530.98908,28781.19581,66530.98908,20,20
hyperliquid,ONDO,ONDO,30,1790655894021,611,0.515835,0.5815982319434809,28562.51751,65204.59505999999,28562.51751,65204.59505999999,20,20
hyperliquid,ONDO,ONDO,31,1790655953911,357,0.51595,0.7752989746667716,43716.06136,31882.63148,43716.06136,31882.63148,20,20
hyperliquid,ONDO,ONDO,32,1790656013899,729,0.5159,0.7753741180116513,32870.92325,22382.46849,32870.92325,22382.46849,20,20
hyperliquid,ONDO,ONDO,33,1790656074063,351,0.515415,0.19402029452164626,36750.87883,27323.33573,36750.87883,27323.33573,20,20
hyperliquid,ONDO,ONDO,34,1790656134007,384,0.515235,0.1940880771700293,29988.59311,25767.42689,29988.59311,25767.42689,20,20
hyperliquid,STRK,STRK,0,1790654093785,452,0.041800000000000004,4.785833931562067,2423.1298269999998,5296.406620000001,57182.727309,93655.239363,20,20
hyperliquid,STRK,STRK,1,1790654153823,539,0.041685,2.3992322456800608,3554.823122,4900.788491,90898.45007400001,97843.09254,20,20
hyperliquid,STRK,STRK,2,1790654214062,584,0.041645,2.4015369836694056,2556.949439,4745.304488,63070.074241999995,83138.538033,20,20
hyperliquid,STRK,STRK,3,1790654274065,774,0.041525,2.4084778420019326,4234.32027,3756.1671239999996,60522.923215,78085.007313,20,20
hyperliquid,STRK,STRK,4,1790654334019,649,0.04156,4.813477737666272,4271.001501,6815.742503,67873.683729,79674.935953,20,20
hyperliquid,STRK,STRK,5,1790654393936,288,0.041565000000000005,2.406159769008376,1548.06087,6614.3104619999995,63310.109127,82944.343635,20,20
hyperliquid,STRK,STRK,6,1790654453894,719,0.041455,2.412545235221941,1856.019067,5977.237403,69731.37794600001,74379.167728,20,20
hyperliquid,STRK,STRK,7,1790654513874,582,0.041475,2.4113817217275013,2209.772396,5575.316065999999,70440.184657,79409.990765,20,20
hyperliquid,STRK,STRK,8,1790654574029,810,0.041305,2.421307506053072,5460.285161999999,4852.587142,54536.831301,95226.414969,20,20
hyperliquid,STRK,STRK,9,1790654633883,341,0.041190000000000004,4.8567265662935455,7259.847629,6430.743301,70138.274755,81898.489065,20,20
hyperliquid,STRK,STRK,10,1790654693923,830,0.041215,2.426595486533234,7507.5203089999995,6805.814118,69917.79792699999,92418.541089,20,20
hyperliquid,STRK,STRK,11,1790654753818,874,0.041165,2.4295432458698585,7728.852707,5077.613002,103375.947531,103105.58504100001,20,20
hyperliquid,STRK,STRK,12,1790654814025,764,0.041150000000000006,4.8614487117149,7457.262833,5227.55958,122458.39018799999,90106.522226,20,20
hyperliquid,STRK,STRK,13,1790654874076,783,0.041145,2.43072435585745,6263.783859,4632.281166000001,104362.806349,87815.648237,20,20
hyperliquid,STRK,STRK,14,1790654934105,681,0.041075,2.4348672997320797,1534.689423,6210.184496999999,58932.876316,89209.48984899999,20,20
hyperliquid,STRK,STRK,15,1790654993948,688,0.041145,2.43072435585745,1569.9144039999999,4096.209174,61532.811325,96709.380119,20,20
hyperliquid,STRK,STRK,16,1790655054364,862,0.041190000000000004,4.8567265662935455,3269.420171,6999.087299,73234.03734899999,93172.97365100001,20,20
hyperliquid,STRK,STRK,17,1790655113957,731,0.041095,2.433682161109285,7199.726232,2521.709377,101801.372385,86577.250656,20,20
hyperliquid,STRK,STRK,18,1790655173824,594,0.04116,4.86026731470135,7203.924076,2865.718688,110400.200256,90285.945834,20,20
hyperliquid,STRK,STRK,19,1790655233953,649,0.041150000000000006,4.8614487117149,5697.533791,4892.467288,61048.718674,90185.253476,20,20
hyperliquid,STRK,STRK,20,1790655293752,449,0.041135000000000005,2.4313153416000155,982.423198,6521.821037,63674.211002000004,94282.430027,20,20
hyperliquid,STRK,STRK,21,1790655353834,367,0.041194999999999996,2.4277737314881698,3682.335409,4990.011058,53752.989892,89427.572486,20,20
hyperliquid,STRK,STRK,22,1790655413923,699,0.041139999999999996,4.862630683200031,5277.730036999999,7279.906311000001,60304.980854,96426.1637,20,20
hyperliquid,STRK,STRK,23,1790655474025,695,0.041275,2.4230676035852383,1155.747561,5526.589263,101043.933977,110214.082597,20,20
hyperliquid,STRK,STRK,24,1790655534229,713,0.041225,2.4260067928194573,2484.427268,3907.426265,73537.368406,75651.995156,20,20
hyperliquid,STRK,STRK,25,1790655593989,576,0.04129,4.844961240311196,5285.759056,4948.6678249999995,100672.211096,97747.300054,20,20
hyperliquid,STRK,STRK,26,1790655653699,596,0.041389999999999996,4.833252779119501,14213.435368,2372.047756,107822.713264,91743.042912,20,20
hyperliquid,STRK,STRK,27,1790655714087,296,0.041435,2.413709872073344,2539.641433,4345.305241,65962.655001,92709.664384,20,20
hyperliquid,STRK,STRK,28,1790655773935,309,0.041514999999999996,2.4090580582991628,5154.410492999999,1269.559292,82015.875455,93232.565749,20,20
hyperliquid,STRK,STRK,29,1790655833909,665,0.041575,2.4055809477974144,4404.661759,3400.598049,64805.743028000004,99803.083948,20,20
hyperliquid,STRK,STRK,30,1790655894026,616,0.041580000000000006,4.811161895597049,4908.130795,1626.7586390000001,63161.544699,96004.43659,20,20
hyperliquid,STRK,STRK,31,1790655954040,486,0.041510000000000005,4.819277108434328,16773.051945,1291.784275,102411.648371,58749.330622,20,20
hyperliquid,STRK,STRK,32,1790656014040,369,0.041505,2.4096385542149434,5594.519827,1779.136716,91397.91757199999,101139.219083,20,20
hyperliquid,STRK,STRK,33,1790656074146,434,0.041440000000000005,4.827419744146688,7928.637868000001,1746.306846,102098.445168,108203.365169,20,20
hyperliquid,STRK,STRK,34,1790656133999,376,0.041475,2.4113817217275013,4835.518510999999,3024.901617,77056.26156,97177.509745,20,20
hyperliquid,TAO,TAO,0,1790654093898,565,301.775,0.9941675503721825,23292.92518,44065.46632,23677.6009,44065.46632,20,20
hyperliquid,TAO,TAO,1,1790654153941,657,301.825,0.33132330528040654,38922.54642,71045.26348000001,38922.54642,109230.01422000001,20,20
hyperliquid,TAO,TAO,2,1790654214115,637,301.745,0.33141114867074606,28189.610819999998,96186.57999,28189.610819999998,96186.57999,20,20
hyperliquid,TAO,TAO,3,1790654274075,784,301.28499999999997,0.33191715347991035,30760.39901,43156.56286,30760.39901,43156.56286,20,20
hyperliquid,TAO,TAO,4,1790654334018,648,300.79499999999996,0.9974067424711741,36334.77504,34721.99442,36334.77504,34721.99442,20,20
hyperliquid,TAO,TAO,5,1790654393940,292,300.995,1.6612951456940195,35388.77173,105465.91644,35388.77173,105465.91644,20,20
hyperliquid,TAO,TAO,6,1790654454157,441,300.46500000000003,2.329993675731501,50186.36645,103166.30371000001,50186.36645,257613.73086000004,20,20
hyperliquid,TAO,TAO,7,1790654513920,628,301.095,0.3321266066635964,15961.6627,47260.73301,26952.07377,47260.73301,20,20
hyperliquid,TAO,TAO,8,1790654574026,807,300.54999999999995,1.3309819319218263,31091.30197,35926.16535,54154.41071,35926.16535,20,20
hyperliquid,TAO,TAO,9,1790654633919,377,299.70500000000004,1.0010344022171047,31790.613,57619.397469999996,33215.45425,57619.397469999996,20,20
hyperliquid,TAO,TAO,10,1790654694006,366,299.84000000000003,1.3341338136219072,29393.96726,59791.72322,31264.8941,59791.72322,20,20
hyperliquid,TAO,TAO,11,1790654753950,400,299.515,2.3373848003194198,47398.40683,101487.12649000001,47398.40683,113612.23552000002,20,20
hyperliquid,TAO,TAO,12,1790654814017,756,299.33500000000004,1.6705088369928234,25133.96558,106939.58667,25133.96558,110314.89359,20,20
hyperliquid,TAO,TAO,13,1790654874136,310,299.755,1.0008674184280864,31161.30056,106649.16275999999,31161.30056,106649.16275999999,20,20
hyperliquid,TAO,TAO,14,1790654934188,764,299.695,1.0010678056593392,23009.73556,108741.11046,24676.43969,108741.11046,20,20
hyperliquid,TAO,TAO,15,1790654993945,685,300.53,1.9966722129782788,21551.98995,66610.87003,21551.98995,66610.87003,20,20
hyperliquid,TAO,TAO,16,1790655054367,865,301.435,0.33175198221879754,23377.57213,86819.29444,54321.927820000004,86819.29444,20,20
hyperliquid,TAO,TAO,17,1790655114041,754,301.58500000000004,2.321339744653095,26404.70285,58131.53325,26404.70285,63611.242679999996,20,20
hyperliquid,TAO,TAO,18,1790655173918,688,302.22,1.9855058076045928,30407.23133,93730.13583,30407.23133,93730.13583,20,20
hyperliquid,TAO,TAO,19,1790655233956,652,302.41999999999996,1.984192598962764,33356.56715,97812.33822,48352.93975,97812.33822,20,20
hyperliquid,TAO,TAO,20,1790655293779,476,301.92999999999995,1.9874130506791765,22076.867840000003,112577.43753000001,22076.867840000003,112577.43753000001,20,20
hyperliquid,TAO,TAO,21,1790655353849,382,302.385,2.3151976186541745,22920.65554,106354.00175000001,35950.49707,106354.00175000001,20,20
hyperliquid,TAO,TAO,22,1790655413968,744,302.015,1.6556839630466058,19243.33909,112525.12958000001,19537.79829,112525.12958000001,20,20
hyperliquid,TAO,TAO,23,1790655474098,768,303.09000000000003,1.3198271026504393,32853.989779999996,132424.87533,32853.989779999996,134163.66073,20,20
hyperliquid,TAO,TAO,24,1790655534238,722,302.505,2.9756000793512705,30502.789960000002,107274.75317,42666.74465,115398.90959,20,20
hyperliquid,TAO,TAO,25,1790655594027,614,302.755,1.6516367720398328,40391.33805,47013.92646,41591.117529999996,47013.92646,20,20
hyperliquid,TAO,TAO,26,1790655653748,645,302.47,1.3225326500254653,18176.56995,53070.291639999996,18176.56995,53070.291639999996,20,20
hyperliquid,TAO,TAO,27,1790655714296,505,303.125,0.3299023489033992,33231.567370000004,71934.11373000001,57328.30308,137386.74166,20,20
hyperliquid,TAO,TAO,28,1790655774013,387,303.4,1.9777829053624352,41886.80476,85370.63833999999,51680.79478,85370.63833999999,20,20
hyperliquid,TAO,TAO,29,1790655834017,773,302.895,0.33015286077464623,28722.96262,64717.89633,28722.96262,64824.92946,20,20
hyperliquid,TAO,TAO,30,1790655894110,700,302.385,2.3151976186541745,31607.1176,52957.07972,31607.1176,52957.07972,20,20
hyperliquid,TAO,TAO,31,1790655954032,478,302.03,0.6622078008100551,36056.96833,58945.38041,36056.96833,61446.33689,20,20
hyperliquid,TAO,TAO,32,1790656014105,434,301.54999999999995,1.9899177500670717,30271.54031,86836.48543,30271.54031,86836.48543,20,20
hyperliquid,TAO,TAO,33,1790656074156,444,301.54999999999995,1.9899177500670717,20783.525449999997,94908.57584,20783.525449999997,94908.57584,20,20
hyperliquid,TAO,TAO,34,1790656134002,379,301.885,7.621698644664221,55712.4951,36634.53987,66400.88433,112547.49532,20,20
hyperliquid,ETHFI,ETHFI,0,1790654093944,611,0.68485,0.8761426360215374,5413.308099,5968.957142,7410.033815,12519.740653,20,20
hyperliquid,ETHFI,ETHFI,1,1790654153950,666,0.685325,1.021465365027563,5290.533014,6930.122745,7269.594108,15913.937652,20,20
hyperliquid,ETHFI,ETHFI,2,1790654214112,634,0.6855450000000001,0.7293733224411625,2549.054966,3730.57981,2549.054966,19378.830079,20,20
hyperliquid,ETHFI,ETHFI,3,1790654274126,835,0.6850099999999999,1.75195269727757,5019.868472,4412.273496,5019.868472,8763.229976999999,20,20
hyperliquid,ETHFI,ETHFI,4,1790654334020,650,0.684355,2.192085111356601,4991.265079,5016.410486,5776.909799,15155.279369,20,20
hyperliquid,ETHFI,ETHFI,5,1790654394044,396,0.68483,1.1682413586644458,7122.616901,5819.991981,7856.962043,5872.9853969999995,20,20
hyperliquid,ETHFI,ETHFI,6,1790654454120,404,0.684075,2.192982456139525,19635.303065,8257.827448,19635.303065,18223.536954,20,20
hyperliquid,ETHFI,ETHFI,7,1790654513931,639,0.686885,1.6015607937913678,5715.480315,5274.85948,5783.33705,8158.693586,20,20
hyperliquid,ETHFI,ETHFI,8,1790654574034,815,0.6871700000000001,1.455349866108513,4643.398903,4875.997184,7046.771516,6128.048817,20,20
hyperliquid,ETHFI,ETHFI,9,1790654634031,489,0.6848099999999999,3.7973944032243523,4172.87771,5188.46401,9222.4417,6032.138497,20,20
hyperliquid,ETHFI,ETHFI,10,1790654694011,371,0.6839949999999999,2.1932389753187564,8104.76492,3921.431262,10659.23856,5729.90004,20,20
hyperliquid,ETHFI,ETHFI,11,1790654753992,442,0.6844049999999999,5.115239027810858,23255.475774,3547.739392,25441.353443,16824.623683,20,20
hyperliquid,ETHFI,ETHFI,12,1790654814081,820,0.68459,2.045228773448482,5187.141346,5852.976347,7576.837073,5852.976347,20,20
hyperliquid,ETHFI,ETHFI,13,1790654874234,408,0.68409,1.461902812700533,7325.021774,4093.599446,7325.021774,12292.380932,20,20
hyperliquid,ETHFI,ETHFI,14,1790654934260,295,0.6841900000000001,1.1693342103336057,5047.87018,6687.584503,6751.399932,17544.727968,20,20
hyperliquid,ETHFI,ETHFI,15,1790654993958,698,0.6853549999999999,3.3564882376979632,3838.939405,4429.125285,6291.662085,5511.213606,20,20
hyperliquid,ETHFI,ETHFI,16,1790655054385,883,0.687515,0.1454524297828108,5712.008939,1623.06562,7809.685157,5733.32553,20,20
hyperliquid,ETHFI,ETHFI,17,1790655114417,591,0.6873199999999999,2.3281531924812526,5837.739890000001,2631.508029,14436.860437000001,4320.671537,20,20
hyperliquid,ETHFI,ETHFI,18,1790655174012,782,0.68781,1.744820065430197,1968.720818,4997.230246,5499.567378,5498.2138540000005,20,20
hyperliquid,ETHFI,ETHFI,19,1790655234041,737,0.68773,2.0358898292749394,5225.403398,5440.9787830000005,5604.553179,5473.887171,20,20
hyperliquid,ETHFI,ETHFI,20,1790655293855,552,0.687845,1.0177229176666636,4235.128919,6502.390960000001,5194.069289,11884.714155000001,20,20
hyperliquid,ETHFI,ETHFI,21,1790655353912,445,0.68838,2.90579415354264,3998.9878810000005,5438.838953,5950.303279000001,5855.288406,20,20
hyperliquid,ETHFI,ETHFI,22,1790655414009,785,0.687745,2.4721519355486166,5732.80113,5206.213616,8831.28813,8910.782066,20,20
hyperliquid,ETHFI,ETHFI,23,1790655474117,787,0.689135,1.5963313403366541,2865.895476,6442.664648,5879.7769370000005,8583.236845000001,20,20
hyperliquid,ETHFI,ETHFI,24,1790655534267,751,0.688025,1.8896447467864341,5892.303103,4713.535255,8226.840437,9127.345961,20,20
hyperliquid,ETHFI,ETHFI,25,1790655594164,751,0.690045,1.0144780510423779,4662.793608,4897.337093,7663.840393,6525.406034,20,20
hyperliquid,ETHFI,ETHFI,26,1790655653886,319,0.69035,2.0281624847884316,3881.962053,4260.375491,13767.416305,6858.883835,20,20
hyperliquid,ETHFI,ETHFI,27,1790655714320,529,0.692125,3.034594375885824,3555.245547,3011.896377,14737.069637,5495.327426,20,20
hyperliquid,ETHFI,ETHFI,28,1790655774054,428,0.689235,4.789063520398429,5405.034673,4578.602495,26872.99444,15923.449291,20,20
hyperliquid,ETHFI,ETHFI,29,1790655834012,768,0.6872400000000001,1.7462673535328932,8532.587081,3704.982805,43195.739581,4469.709425,20,20
hyperliquid,ETHFI,ETHFI,30,1790655894170,760,0.686295,0.14571099681059962,5477.4996,2859.831549,17501.704639,3702.583313,20,20
hyperliquid,ETHFI,ETHFI,31,1790655954101,547,0.68601,1.4578109510754444,5783.8278279999995,2642.830564,12649.21266,6062.749815,20,20
hyperliquid,ETHFI,ETHFI,32,1790656014067,396,0.685945,2.187003367986051,6081.017242,3951.561035,10747.049093,4981.527223,20,20
hyperliquid,ETHFI,ETHFI,33,1790656074164,452,0.68621,1.7488887269556663,6074.250444,3930.116738,11290.27779,3930.116738,20,20
hyperliquid,ETHFI,ETHFI,34,1790656134181,558,0.6869350000000001,0.14557524056213467,6849.775316,6127.164559,9346.122252000001,8042.550425,20,20
hyperliquid,ENA,ENA,0,1790654093947,614,0.250135,2.7988804478207285,46429.82306,70089.06611,54552.14992,77318.78946,20,20
hyperliquid,ENA,ENA,1,1790654153953,669,0.25011,3.999040230344697,48537.87742,65619.94442,55412.27974,91432.25445,20,20
hyperliquid,ENA,ENA,2,1790654214181,703,0.24965500000000002,0.40056078509875803,52810.276320000004,81534.87648,67621.91517000001,86241.93133,20,20
hyperliquid,ENA,ENA,3,1790654274198,308,0.249475,0.4008498015806161,50397.93401,72359.61799,62771.7189,96421.27984,20,20
hyperliquid,ENA,ENA,4,1790654334075,705,0.249805,0.400320256206399,75974.43326,54974.576890000004,75974.43326,55706.00239,20,20
hyperliquid,ENA,ENA,5,1790654394073,425,0.25,1.6001280102417859,87425.37935,54822.2501,98059.30855,65842.14164,20,20
hyperliquid,ENA,ENA,6,1790654453954,779,0.249365,1.2031281331470467,64152.12662,55084.73008,64152.12662,64691.9897,20,20
hyperliquid,ENA,ENA,7,1790654513948,656,0.25011,2.3992322456800608,70802.30326,63731.17946000001,82158.21425,76453.9976,20,20
hyperliquid,ENA,ENA,8,1790654574057,290,0.25000500000000003,0.40000000000040004,40872.46902,78220.68516000001,58131.15442,93755.21576,20,20
hyperliquid,ENA,ENA,9,1790654634048,506,0.249335,0.40107488068041874,47920.23005,66612.81147,55248.11284,71694.74036,20,20
hyperliquid,ENA,ENA,10,1790654694024,384,0.249635,2.003124874805362,45589.17435,77316.22501,75164.08873,83779.81524,20,20
hyperliquid,ENA,ENA,11,1790654754066,516,0.24946000000000002,4.0094623311026645,33774.03215,81521.17239,79826.93088,93210.10676,20,20
hyperliquid,ENA,ENA,12,1790654814107,300,0.249635,0.4005928774586387,46807.592639999995,88805.55308,70077.24565,88805.55308,20,20
hyperliquid,ENA,ENA,13,1790654874270,444,0.24955,1.6030136656919325,38166.17127,64727.61036,49944.20401,108686.57321,20,20
hyperliquid,ENA,ENA,14,1790654934349,384,0.24946000000000002,2.4054845046705964,53863.46777,68844.08476,56176.33575,87498.35482,20,20
hyperliquid,ENA,ENA,15,1790654994013,753,0.25014000000000003,0.799584216206739,46611.4985,72076.91029,46611.4985,76492.71429,20,20
hyperliquid,ENA,ENA,16,1790655054429,376,0.25038000000000005,2.3966446974243993,45836.9334,69898.1928,48634.02536,96810.91657,20,20
hyperliquid,ENA,ENA,17,1790655114551,725,0.25037,0.7988496564936831,79214.97697,70997.47939,84448.82566,70997.47939,20,20
hyperliquid,ENA,ENA,18,1790655174024,794,0.25132,2.387679573401247,50772.279050000005,73571.63181,51125.771530000005,75994.34721,20,20
hyperliquid,ENA,ENA,19,1790655234094,790,0.251185,1.1944101604477453,43788.417440000005,76746.49983,54214.959030000005,83369.13506,20,20
hyperliquid,ENA,ENA,20,1790655293928,625,0.250965,0.3984698756775984,43385.63699,88607.69453000001,58806.32109,88607.69453000001,20,20
hyperliquid,ENA,ENA,21,1790655354015,548,0.25117500000000004,0.3981367201499886,30626.468,68721.97348,57080.4264,68721.97348,20,20
hyperliquid,ENA,ENA,22,1790655414130,381,0.25088,1.5945148688500943,42588.404,93321.43028999999,42588.404,115102.04764,20,20
hyperliquid,ENA,ENA,23,1790655474184,288,0.25153499999999995,0.39756689062864226,42043.37401,80532.20337,51089.75177,100960.80055,20,20
hyperliquid,ENA,ENA,24,1790655534377,861,0.251205,2.7869570410476996,23897.27639,78446.57558,46606.05421,78446.57558,20,20
hyperliquid,ENA,ENA,25,1790655594186,773,0.25133,1.5916597031573332,44862.00095,92544.51094000001,60780.48737,115530.43235,20,20
hyperliquid,ENA,ENA,26,1790655653959,392,0.25223,0.7929585282706597,27787.42395,77531.98069,37807.21533,98307.43473,20,20
hyperliquid,ENA,ENA,27,1790655714409,618,0.25243499999999996,0.396149427563941,53572.77672,76786.03609,54202.470180000004,107468.55038999999,20,20
hyperliquid,ENA,ENA,28,1790655774125,499,0.25273999999999996,1.5827793605560636,46645.537950000005,78627.23567,48659.939170000005,106531.28174,20,20
hyperliquid,ENA,ENA,29,1790655834034,790,0.25227,1.5857284440046193,45690.99935,68804.75562,45840.9453,82593.05604,20,20
hyperliquid,ENA,ENA,30,1790655894214,804,0.25200500000000003,0.3968253968267277,51246.764749999995,84771.25018,51246.764749999995,86173.20177,20,20
hyperliquid,ENA,ENA,31,1790655954105,551,0.251575,0.39750367690993826,54770.72873,86232.93156,55447.784810000005,98537.22219,20,20
hyperliquid,ENA,ENA,32,1790656014133,462,0.251355,0.3978516013503075,34873.95699,55434.67523,34873.95699,78306.03447,20,20
hyperliquid,ENA,ENA,33,1790656074262,550,0.251205,0.3980891719757018,47748.92761,93060.2472,61465.86932,93060.2472,20,20
hyperliquid,ENA,ENA,34,1790656134196,573,0.251035,0.39835876190164043,51523.602450000006,77474.727,51523.602450000006,79994.20032999999,20,20
hyperliquid,HBAR,HBAR,0,1790654094081,748,0.11885,1.6829350387070896,18103.44786,24904.33193,58743.45054,201533.63754,20,20
hyperliquid,HBAR,HBAR,1,1790654154131,315,0.118815,0.8416799932664532,19852.02608,20503.82934,74700.46933,205674.32639,20,20
hyperliquid,HBAR,HBAR,2,1790654214309,831,0.118615,0.8430992327812525,22246.05204,29113.46529,65285.68471,206097.27663,20,20
hyperliquid,HBAR,HBAR,3,1790654274258,368,0.118465,0.844166807361102,23275.047309999998,19474.21488,55645.03936,184719.13297,20,20
hyperliquid,HBAR,HBAR,4,1790654334215,294,0.118595,0.8432414200187921,19812.27855,26632.53076,58709.54377,205893.09876999998,20,20
hyperliquid,HBAR,HBAR,5,1790654394127,479,0.11876500000000001,0.8420343550019638,20702.04393,22266.56658,64948.63269,199399.95137999998,20,20
hyperliquid,HBAR,HBAR,6,1790654454132,416,0.11860499999999999,0.8431703204037078,51464.09227,3864.95851,95933.79347,216274.93972,20,20
hyperliquid,HBAR,HBAR,7,1790654514289,462,0.119125,2.518680211569535,24856.90118,13322.12429,242166.85841,52998.07119,20,20
hyperliquid,HBAR,HBAR,8,1790654574229,462,0.11929999999999999,1.6765864699475053,20343.44092,16821.15021,104783.78489,188225.68509,20,20
hyperliquid,HBAR,HBAR,9,1790654634104,562,0.11887,5.048805116123489,17996.2874,11419.42497,110518.15008,46220.83336,20,20
hyperliquid,HBAR,HBAR,10,1790654694177,537,0.118645,2.52887128045165,17509.71062,18176.575829999998,73488.663,65353.16324,20,20
hyperliquid,HBAR,HBAR,11,1790654754071,521,0.11862500000000001,0.8430281571403242,29700.73891,6821.33794,72932.91678,83325.20092,20,20
hyperliquid,HBAR,HBAR,12,1790654814224,417,0.11849000000000001,3.3763822064658555,20802.64377,10135.46001,243083.52242,52883.54043,20,20
hyperliquid,HBAR,HBAR,13,1790654874323,497,0.11871000000000001,1.6849199663027115,22162.82383,11821.276319999999,87557.58481,227636.92264,20,20
hyperliquid,HBAR,HBAR,14,1790654934357,392,0.118195,2.5385005923173054,21251.18651,19671.445,76137.70807000001,74046.05031,20,20
hyperliquid,HBAR,HBAR,15,1790654994134,339,0.118395,0.8446659346228458,16929.60962,19527.275700000002,203998.67187,60214.87939,20,20
hyperliquid,HBAR,HBAR,16,1790655054568,515,0.11885,1.6829350387070896,17484.333919999997,11504.15063,204587.25736999998,59071.00478,20,20
hyperliquid,HBAR,HBAR,17,1790655114627,801,0.11881,1.683501683500399,26309.33241,14084.61975,111036.17666,51711.55406,20,20
hyperliquid,HBAR,HBAR,18,1790655174082,852,0.118865,0.8413259296657927,28239.20459,17674.54598,80446.45344,46102.54076,20,20
hyperliquid,HBAR,HBAR,19,1790655234251,415,0.119185,2.5174121003601613,23112.79715,10371.10903,99750.99036,62114.976259999996,20,20
hyperliquid,HBAR,HBAR,20,1790655293963,660,0.11951,5.021760964176725,12428.316190000001,12777.4445,224630.87133,59875.58453,20,20
hyperliquid,HBAR,HBAR,21,1790655354045,578,0.11972,1.6707042018215823,17921.998610000002,5006.93596,228276.59354,53685.48375,20,20
hyperliquid,HBAR,HBAR,22,1790655414171,422,0.11948500000000001,2.5110906503722497,17411.41613,12011.69583,72492.32920000001,224096.72759999998,20,20
hyperliquid,HBAR,HBAR,23,1790655474296,400,0.120305,2.493972898827135,10728.29279,21931.067339999998,219414.136,244767.66909,20,20
hyperliquid,HBAR,HBAR,24,1790655534439,923,0.119855,4.172577818575274,24236.24099,5986.2398,113167.18811,65663.48774,20,20
hyperliquid,HBAR,HBAR,25,1790655594218,266,0.120205,2.4960479241187272,6312.87796,12191.96337,41983.11602,194858.54723,20,20
hyperliquid,HBAR,HBAR,26,1790655654073,506,0.120535,2.489213408563007,11982.0569,31868.38917,63207.348490000004,82744.76284,20,20
hyperliquid,HBAR,HBAR,27,1790655714481,690,0.120175,2.496671105194359,7952.69434,10135.10979,64245.756239999995,53998.55574,20,20
hyperliquid,HBAR,HBAR,28,1790655774177,551,0.12035,1.6619577862719837,16195.54667,13288.89603,80260.18611,189819.73983,20,20
hyperliquid,HBAR,HBAR,29,1790655834135,891,0.120395,2.492108323641773,10834.43651,29596.86532,52994.38931,220109.39179000002,20,20
hyperliquid,HBAR,HBAR,30,1790655894316,369,0.120225,0.8318083513558783,8145.75939,23908.33181,81620.86561000001,86858.70986,20,20
hyperliquid,HBAR,HBAR,31,1790655954238,684,0.1199,1.6681958461939317,7716.27725,30989.72037,50068.15678,218580.83387,20,20
hyperliquid,HBAR,HBAR,32,1790656014264,593,0.119975,2.5008336112031238,17583.853750000002,18041.50485,67588.35323,217296.59960999998,20,20
hyperliquid,HBAR,HBAR,33,1790656074351,639,0.120205,0.8319467554063209,18635.39354,22149.7958,55307.047399999996,62321.90357,20,20
hyperliquid,HBAR,HBAR,34,1790656134202,579,0.12003,1.6663889351775651,27829.257289999998,16235.457390000001,198956.57265,79334.7785,20,20
hyperliquid,EIGEN,EIGEN,0,1790654094137,804,0.24855,4.024144869214652,3770.7071969999997,871.484204,51163.882201,29569.729409,20,20
hyperliquid,EIGEN,EIGEN,1,1790654154192,376,0.24875,4.020908725370642,1478.5265,1598.641428,30347.027644,38710.024587,20,20
hyperliquid,EIGEN,EIGEN,2,1790654214312,834,0.2484,8.05477245267916,3578.1228920000003,1681.4048009999997,38197.583763999995,39508.786701000005,20,20
hyperliquid,EIGEN,EIGEN,3,1790654274317,427,0.24819999999999998,8.061265618701796,1863.108305,1572.700269,51454.089709,39289.342771999996,20,20
hyperliquid,EIGEN,EIGEN,4,1790654334217,296,0.24780000000000002,8.074283407348837,3557.4953699999996,2423.838221,36440.57307,35444.811875,20,20
hyperliquid,EIGEN,EIGEN,5,1790654394183,535,0.24795,4.033884630898488,2355.8731239999997,1254.229021,27854.491200999997,33873.119168000005,20,20
hyperliquid,EIGEN,EIGEN,6,1790654454173,457,0.24764999999999998,4.038772213248443,2177.360523,1375.611966,32652.733502,17416.313867,20,20
hyperliquid,EIGEN,EIGEN,7,1790654514374,547,0.24835000000000002,4.02738622633958,2128.024333,1371.529271,18149.874403,30826.837195999997,20,20
hyperliquid,EIGEN,EIGEN,8,1790654574232,465,0.24869999999999998,8.045052292839916,3277.8755419999998,1911.867926,25126.907256,20437.522247,20,20
hyperliquid,EIGEN,EIGEN,9,1790654634129,587,0.248,8.067769261799196,4508.486887999999,1853.63119,38033.85867,36883.594881,20,20
hyperliquid,EIGEN,EIGEN,10,1790654694190,550,0.24864999999999998,4.022526146421068,3550.789036,1191.2478350000001,31717.471362,39691.584609000005,20,20
hyperliquid,EIGEN,EIGEN,11,1790654754278,728,0.24895,4.017677782242046,2370.844623,949.050712,20100.949007,19519.301881,20,20
hyperliquid,EIGEN,EIGEN,12,1790654814280,473,0.24855,4.024144869214652,3538.31864,1217.939871,36921.747306,29361.599349,20,20
hyperliquid,EIGEN,EIGEN,13,1790654874363,537,0.24869999999999998,8.045052292839916,3789.3867539999997,2040.556693,19118.124739,24765.149590999998,20,20
hyperliquid,EIGEN,EIGEN,14,1790654934474,509,0.24855,4.024144869214652,3134.01927,1277.7469770000002,40656.903978,41607.733779,20,20
hyperliquid,EIGEN,EIGEN,15,1790654994214,419,0.24955,4.008016032064354,1238.7709,1286.631206,20086.428904,19099.695454,20,20
hyperliquid,EIGEN,EIGEN,16,1790655054592,539,0.25005,3.9999999999995595,1540.07683,2177.083892,23671.102731,19258.208673,20,20
hyperliquid,EIGEN,EIGEN,17,1790655114388,562,0.2499,8.006405124099114,1254.705356,2428.888972,20191.071329000002,19808.036253,20,20
hyperliquid,EIGEN,EIGEN,18,1790655174107,877,0.25015,3.998400639744215,1005.228397,2609.118661,24962.709904000003,19542.512068,20,20
hyperliquid,EIGEN,EIGEN,19,1790655234255,419,0.25,8.003201280510908,1128.0454770000001,2186.9504159999997,17333.974906,19804.581967,20,20
hyperliquid,EIGEN,EIGEN,20,1790655294051,748,0.24975,4.004805766919528,856.662259,1576.2369039999999,28560.344321999997,16312.061294,20,20
hyperliquid,EIGEN,EIGEN,21,1790655354102,635,0.25035,3.995205753095643,1618.352198,2867.996551,17123.233719,16984.840257,20,20
hyperliquid,EIGEN,EIGEN,22,1790655414262,513,0.25005,3.9999999999995595,2539.413967,1837.631783,29917.485239,37761.221942000004,20,20
hyperliquid,EIGEN,EIGEN,23,1790655474307,411,0.25095,3.985651654045963,2503.483106,2647.9063049999995,25682.139404999998,47411.62446,20,20
hyperliquid,EIGEN,EIGEN,24,1790655534470,456,0.25055,3.9920159680639777,986.094006,1638.375196,22354.418874,26758.099615,20,20
hyperliquid,EIGEN,EIGEN,25,1790655594361,409,0.2512,7.964954201513663,1079.3223389999998,2596.562894,30854.510176,51577.330574,20,20
hyperliquid,EIGEN,EIGEN,26,1790655654128,561,0.25145,3.9777247414485295,2111.478111,3152.895836,30851.723972,38159.011849,20,20
hyperliquid,EIGEN,EIGEN,27,1790655714506,715,0.25185,3.971405877680745,2373.819851,1321.075313,24823.998422,35483.123675,20,20
hyperliquid,EIGEN,EIGEN,28,1790655774204,578,0.25225,3.9651070578927694,2392.212677,1943.541558,37570.033348000004,38625.346735,20,20
hyperliquid,EIGEN,EIGEN,29,1790655834199,338,0.25195,3.9698292973389115,1385.177454,3284.412527,46097.832772999995,30354.486136,20,20
hyperliquid,EIGEN,EIGEN,30,1790655894366,419,0.25165,3.974562798092496,1511.896777,2142.514099,26806.519684000003,38259.928114,20,20
hyperliquid,EIGEN,EIGEN,31,1790655954320,766,0.25155,3.9761431411533543,3744.542258000001,3327.881332,47600.102451000006,39941.735326,20,20
hyperliquid,EIGEN,EIGEN,32,1790656014305,634,0.25155,3.9761431411533543,1267.138997,2371.417869,42899.489611,39173.651318000004,20,20
hyperliquid,EIGEN,EIGEN,33,1790656074352,640,0.25145,3.9777247414485295,1180.277168,1890.8660159999997,43204.448392,38596.896454,20,20
hyperliquid,EIGEN,EIGEN,34,1790656134375,752,0.25125,3.980891719745916,3712.202206,2869.334402,41130.536649,39083.698946,20,20
hyperliquid,GRASS,GRASS,0,1790654094144,273,0.651295,2.6105250226504673,5550.381182,1795.6534940000001,15902.218269,7939.510534,20,20
hyperliquid,GRASS,GRASS,1,1790654154133,317,0.652415,2.6060429537189123,4232.0152499999995,995.3783910000001,17421.226631999998,4685.646183,20,20
hyperliquid,GRASS,GRASS,2,1790654214368,356,0.65317,4.59403999877539,2544.211081,1688.817034,13077.569934000001,10710.754500000001,20,20
hyperliquid,GRASS,GRASS,3,1790654274433,543,0.65274,3.6774846005327433,7524.362249,1939.25084,16699.536037,15211.683184,20,20
hyperliquid,GRASS,GRASS,4,1790654334265,344,0.651905,2.3012135065880734,21199.801794,1889.00096,33694.772107,11599.980812,20,20
hyperliquid,GRASS,GRASS,5,1790654394236,588,0.651845,5.984807795595959,3918.295944,1649.798136,15809.48286,8937.530922,20,20
hyperliquid,GRASS,GRASS,6,1790654454328,612,0.6492549999999999,0.1540238736996713,3120.561266,724.677612,13362.034917,6505.978796,20,20
hyperliquid,GRASS,GRASS,7,1790654514231,404,0.6501250000000001,1.6921254634105765,4447.157907,2169.064028,10536.276704,11002.032806,20,20
hyperliquid,GRASS,GRASS,8,1790654574253,486,0.654005,10.862082154059483,5161.563349,942.552131,19963.253897,7320.804812,20,20
hyperliquid,GRASS,GRASS,9,1790654634219,677,0.6521250000000001,3.220760099382769,4116.341883,1585.6979489999999,12681.813109,9151.694396,20,20
hyperliquid,GRASS,GRASS,10,1790654694196,556,0.6583,5.166152583835348,4553.861636,1741.479173,14705.190093,6024.133314,20,20
hyperliquid,GRASS,GRASS,11,1790654754289,739,0.652965,1.6847651284268572,14504.634313999999,189.37725,20671.402982,11915.604264,20,20
hyperliquid,GRASS,GRASS,12,1790654814313,506,0.65549,5.798870746223095,14994.574014,1469.8119279999999,20632.985648,7410.859008,20,20
hyperliquid,GRASS,GRASS,13,1790654874430,604,0.657195,5.631573339828222,4261.461993,1072.110747,12935.219566,10505.425118,20,20
hyperliquid,GRASS,GRASS,14,1790654934452,487,0.65835,1.822904798796099,3998.15104,659.25306,13169.675769,11511.036988,20,20
hyperliquid,GRASS,GRASS,15,1790654994208,413,0.659035,3.794144875628458,6829.161009,699.203597,15766.587346,8918.048201,20,20
hyperliquid,GRASS,GRASS,16,1790655054610,557,0.658165,0.15193873830199323,27561.664714,3686.333331,30261.190705,10740.367735,20,20
hyperliquid,GRASS,GRASS,17,1790655114600,774,0.66265,2.716735088141853,10012.505937,1571.8638420000002,18017.578508,11160.449964,20,20
hyperliquid,GRASS,GRASS,18,1790655174201,384,0.665195,7.669864950221594,6339.063385,765.8229,15756.850936,8060.119496,20,20
hyperliquid,GRASS,GRASS,19,1790655234306,470,0.668865,2.8410365297482087,1937.663627,2193.855489,13952.936896000001,6584.8565610000005,20,20
hyperliquid,GRASS,GRASS,20,1790655294122,819,0.67021,5.372893751025565,1778.040143,2206.297456,11269.512237,5588.660639000001,20,20
hyperliquid,GRASS,GRASS,21,1790655354143,676,0.6755549999999999,5.774697938876194,2068.491882,1150.6550659999998,15819.4703,12866.514960999999,20,20
hyperliquid,GRASS,GRASS,22,1790655414235,486,0.6743950000000001,0.14828215127771216,1291.947374,1582.049346,12855.300298,12938.876295,20,20
hyperliquid,GRASS,GRASS,23,1790655474385,489,0.677155,9.307960522428882,2366.131382,737.879764,15329.046651,7565.513576,20,20
hyperliquid,GRASS,GRASS,24,1790655534576,562,0.679245,6.921842093636776,18480.498426,521.100576,23916.410367,6375.87986,20,20
hyperliquid,GRASS,GRASS,25,1790655594375,423,0.687125,5.094985078972769,2668.0097419999997,1262.135443,15372.008794000001,8576.881246,20,20
hyperliquid,GRASS,GRASS,26,1790655654145,578,0.68591,5.541620486495535,1492.4300600000001,433.13493,16773.320544000002,21076.653617,20,20
hyperliquid,GRASS,GRASS,27,1790655714612,292,0.6897,4.060560357330711,2815.645524,323407.212612,21068.085617,334821.56364099996,20,20
hyperliquid,GRASS,GRASS,28,1790655774253,627,0.68744,11.061624894477262,3105.073441,4157.052576,10410.231352,25591.817574,20,20
hyperliquid,GRASS,GRASS,29,1790655834203,342,0.692715,2.165627165626738,2600.3554470000004,24326.627026,19815.198108,39503.340411,20,20
hyperliquid,GRASS,GRASS,30,1790655894407,460,0.6954849999999999,2.1570009059401762,8000.428631,750.49896,17333.398498,15525.053844,20,20
hyperliquid,GRASS,GRASS,31,1790655954316,762,0.69462,14.983431782162882,4162.347157,847.037268,19842.638379,36612.971645,20,20
hyperliquid,GRASS,GRASS,32,1790656014377,706,0.6903250000000001,0.1448603546183591,3003.026855,25482.631926999995,13375.077286,41502.143959999994,20,20
hyperliquid,GRASS,GRASS,33,1790656074467,755,0.691235,0.14466964685988515,8009.793249,2204.427213,11878.175788999999,18018.010564,20,20
hyperliquid,GRASS,GRASS,34,1790656134392,769,0.687775,5.090168702732711,2452.1339550000002,4407.611365,10910.098759999999,14959.649031,20,20
hyperliquid,PURR,PURR,0,1790654094207,336,0.13942500000000002,6.457167455875545,445.14454,377.56471,914.98363,1121.10001,20,20
hyperliquid,PURR,PURR,1,1790654154223,407,0.13935,4.306632213608719,298.04728,473.00021,1042.36538,1191.29269,20,20
hyperliquid,PURR,PURR,2,1790654214468,456,0.139325,0.7177720356033035,446.00061,366.58808999999997,988.17935,1241.4183600000001,20,20
hyperliquid,PURR,PURR,3,1790654274493,603,0.13944,5.738880918220168,211.43502999999998,597.54068,895.3217500000001,1107.26015,20,20
hyperliquid,PURR,PURR,4,1790654334416,495,0.13931,4.30786904078051,450.75234,347.5096199999999,945.9055000000001,1031.52145,20,20
hyperliquid,PURR,PURR,5,1790654394265,617,0.139395,3.58757264834475,406.19277,391.75284,893.36275,982.88479,20,20
hyperliquid,PURR,PURR,6,1790654454330,614,0.13917000000000002,7.188039102934418,53.54902,566.6015,1085.10556,1208.97335,20,20
hyperliquid,PURR,PURR,7,1790654514282,455,0.139405,6.458094144659032,559.59825,166.64274999999998,1120.60074,1499.60833,20,20
hyperliquid,PURR,PURR,8,1790654574427,660,0.139375,7.895492391616354,366.19754,319.59318,1385.34356,1690.80402,20,20
hyperliquid,PURR,PURR,9,1790654634238,696,0.13918999999999998,5.749191519941466,29.21376,454.61952,840.0557299999999,1211.19542,20,20
hyperliquid,PURR,PURR,10,1790654694218,578,0.13907999999999998,5.753739930955959,240.72061000000002,309.1328,1195.1288100000002,1198.59577,20,20
hyperliquid,PURR,PURR,11,1790654754310,760,0.13913999999999999,7.189589474441149,571.3989799999999,330.99382,1199.0486,1247.39215,20,20
hyperliquid,PURR,PURR,12,1790654814447,640,0.13909,7.192174913694949,378.96325,395.7363000000001,1108.75067,1095.2652,20,20
hyperliquid,PURR,PURR,13,1790654874464,638,0.13910499999999998,6.472026463397729,367.50811,373.26302,1455.52689,1139.51709,20,20
hyperliquid,PURR,PURR,14,1790654934542,577,0.13910499999999998,6.472026463397729,381.26742,379.11624,1358.2879,1137.41606,20,20
hyperliquid,PURR,PURR,15,1790654994335,540,0.13937,7.177720356013051,392.92406,336.86192,889.60991,1651.1909899999998,20,20
hyperliquid,PURR,PURR,16,1790655054613,560,0.139525,5.0182808803489465,194.57173,300.25799,1015.3026000000001,1286.3867,20,20
hyperliquid,PURR,PURR,17,1790655114623,797,0.13944499999999999,0.717154331610903,395.78652999999997,365.17701,909.9271600000001,1443.5084,20,20
hyperliquid,PURR,PURR,18,1790655174229,412,0.13951,7.170514842964604,213.62828000000002,541.60938,848.45122,1353.4440499999998,20,20
hyperliquid,PURR,PURR,19,1790655234362,526,0.13946999999999998,10.043041606886405,390.00442,428.11918,986.5225399999999,870.51282,20,20
hyperliquid,PURR,PURR,20,1790655294149,291,0.139455,7.890961262553287,349.71414999999996,50.935950000000005,933.70687,622.48215,20,20
hyperliquid,PURR,PURR,21,1790655354208,741,0.13946999999999998,5.737646130674623,396.69471000000004,158.69655,1101.82086,637.30755,20,20
hyperliquid,PURR,PURR,22,1790655414345,596,0.139505,0.7168458781348086,283.97468000000003,132.74211,1136.78137,794.89894,20,20
hyperliquid,PURR,PURR,23,1790655474439,543,0.13985,8.58430502897356,355.72893,201.2332,898.89727,1481.87111,20,20
hyperliquid,PURR,PURR,24,1790655534638,624,0.139745,7.874579425870554,334.51455,88.93105,942.78917,1787.71959,20,20
hyperliquid,PURR,PURR,25,1790655594392,440,0.13985999999999998,4.290924694270171,382.21365,172.25433999999998,864.5148,1876.89505,20,20
hyperliquid,PURR,PURR,26,1790655654267,700,0.13985999999999998,7.1525641942638,382.61353,83.54816,839.14825,1617.01856,20,20
hyperliquid,PURR,PURR,27,1790655714632,312,0.13985999999999998,7.1525641942638,216.81796,235.97619000000003,987.68021,2734.62794,20,20
hyperliquid,PURR,PURR,28,1790655774313,687,0.139855,6.437307774838086,337.14378,93.89967,859.5307799999999,1592.82214,20,20
hyperliquid,PURR,PURR,29,1790655834220,359,0.13987,5.721232925695041,372.79911000000004,79.63134000000001,986.40295,2882.00332,20,20
hyperliquid,PURR,PURR,30,1790655894435,488,0.13987,5.721232925695041,352.53012,66.33705,966.13396,1649.44686,20,20
hyperliquid,PURR,PURR,31,1790655954493,402,0.139875,5.005720823798576,152.82988,256.15722999999997,831.57051,1498.25181,20,20
hyperliquid,PURR,PURR,32,1790656014448,777,0.1399,8.581235697942002,283.81593999999996,69.01555,774.53944,3032.04199,20,20
hyperliquid,PURR,PURR,33,1790656074540,828,0.13990999999999998,10.011441647597152,272.21957999999995,69.02441,772.7561,2834.20432,20,20
hyperliquid,PURR,PURR,34,1790656134397,774,0.139955,9.293015941098659,206.17224,247.32584,880.05589,3094.34607,20,20
hyperliquid,XLM,XLM,0,1790654094337,466,0.22662,2.6479544551816225,74501.73711,35070.97131,88124.02472,40169.90129,20,20
hyperliquid,XLM,XLM,1,1790654154339,523,0.22657500000000003,1.324152542372392,41949.5101,38423.20984,74832.07537,50776.5473,20,20
hyperliquid,XLM,XLM,2,1790654214548,536,0.22677,1.7640573318633557,78175.91678,20060.65888,80435.10047,28985.45745,20,20
hyperliquid,XLM,XLM,3,1790654274504,614,0.22698000000000002,1.7624250969339172,28230.42962,42897.40835,60757.01165,45003.19063,20,20
hyperliquid,XLM,XLM,4,1790654334524,603,0.22683,1.763590670604831,76128.45141,35382.42384,84121.21528,45834.76698,20,20
hyperliquid,XLM,XLM,5,1790654394375,727,0.227045,2.202449123425154,26659.85658,31720.45801,35997.19569,74924.45289,20,20
hyperliquid,XLM,XLM,6,1790654454359,643,0.22668500000000003,1.3235099483832613,25610.3184,41973.30413,35751.66347,78572.99616,20,20
hyperliquid,XLM,XLM,7,1790654514477,650,0.227355,2.1994457396723455,35889.072550000004,36148.27788,56920.83894,40164.18971,20,20
hyperliquid,XLM,XLM,8,1790654574466,699,0.227525,0.43952180028172805,73444.37811,19926.81628,88545.87711,24634.48525,20,20
hyperliquid,XLM,XLM,9,1790654634314,772,0.22658,1.7655367231639296,31089.27447,41226.20025,51116.080089999996,48045.77266,20,20
hyperliquid,XLM,XLM,10,1790654694378,738,0.22638999999999998,1.767018597871317,78404.85415,41643.18739,81307.84391,50247.61748,20,20
hyperliquid,XLM,XLM,11,1790654754472,456,0.226145,4.865319120703759,46066.74962,25350.04992,68048.10682,35375.39861,20,20
hyperliquid,XLM,XLM,12,1790654814467,660,0.22606500000000002,2.2119978764822967,79312.36141,43373.49615,81369.74397000001,47516.92237,20,20
hyperliquid,XLM,XLM,13,1790654874562,736,0.22608,2.654280026543887,3873.13583,41044.23693,50891.93993,48813.790290000004,20,20
hyperliquid,XLM,XLM,14,1790654934649,684,0.22586499999999998,3.0996767479951615,63215.33842,32815.03275,80614.53239,33725.80383,20,20
hyperliquid,XLM,XLM,15,1790654994409,614,0.226325,1.3256153064378218,73893.86415000001,47237.09878,80362.0135,54647.99088,20,20
hyperliquid,XLM,XLM,16,1790655054789,736,0.22742,0.8794688008428864,56106.328129999994,19085.27094,74588.72396999999,30841.7042,20,20
hyperliquid,XLM,XLM,17,1790655114838,406,0.227415,2.1988653854609908,52605.20502,39287.79688,69679.29089,48097.243160000005,20,20
hyperliquid,XLM,XLM,18,1790655174301,484,0.227555,1.3184495033846666,78771.18429,35991.63833,91399.81823,51442.60165,20,20
hyperliquid,XLM,XLM,19,1790655234452,616,0.227795,3.073410607656868,67699.69633,45517.123889999995,92955.18579,55941.407269999996,20,20
hyperliquid,XLM,XLM,20,1790655294242,384,0.22769,1.7569288883034773,41583.85158,31939.52805,83166.85951,40250.451890000004,20,20
hyperliquid,XLM,XLM,21,1790655354281,814,0.22839500000000001,1.3136001401181652,3880.1475800000003,23592.694199999998,174522.92032,23866.37628,20,20
hyperliquid,XLM,XLM,22,1790655414436,687,0.22826000000000002,3.5053895364112186,68893.08573,30718.11625,87315.02851,33358.19328,20,20
hyperliquid,XLM,XLM,23,1790655474495,599,0.22852,1.750547045951123,79418.98252,19857.52605,91388.83658,39049.4805,20,20
hyperliquid,XLM,XLM,24,1790655534711,697,0.22769,1.7569288883034773,54229.14701,23577.556090000002,57694.48728,40680.50728,20,20
hyperliquid,XLM,XLM,25,1790655594563,611,0.22798000000000002,0.8773084177748913,69752.50855,35429.79304,84219.88526,40869.40896,20,20
hyperliquid,XLM,XLM,26,1790655654323,756,0.22804000000000002,1.7542320849051052,39456.457989999995,28593.838089999997,75778.6053,30087.031919999998,20,20
hyperliquid,XLM,XLM,27,1790655714834,514,0.22831,1.752157343730687,87587.18229,33253.01841,93768.79067,77619.87075,20,20
hyperliquid,XLM,XLM,28,1790655774454,828,0.228125,2.1920210434012155,31927.46312,29640.72921,72438.81211,37812.46227,20,20
hyperliquid,XLM,XLM,29,1790655834394,533,0.22786499999999998,1.3166556945365393,83960.7595,28660.552200000002,116307.13176,35782.59954,20,20
hyperliquid,XLM,XLM,30,1790655894561,614,0.227445,1.3190871916624047,75972.85442,31614.10315,79042.87593,38201.23866,20,20
hyperliquid,XLM,XLM,31,1790655954525,434,0.226955,2.2033226104967163,44403.96676,21063.731789999998,85145.43490000001,32243.32956,20,20
hyperliquid,XLM,XLM,32,1790656014496,290,0.226775,2.2050716648291946,29798.44442,35889.01823,38446.63344,72478.50426,20,20
hyperliquid,XLM,XLM,33,1790656074561,290,0.22658,1.7655367231639296,24016.2932,39484.04571,86082.80765,50507.71965,20,20
hyperliquid,XLM,XLM,34,1790656134577,420,0.22678500000000001,1.322926313005457,42047.74793,37065.84864,52054.72541,49707.73436,20,20
hyperliquid,HYPE,HYPE,0,1790654094330,459,86.8175,0.11518481403571812,160268.41796,92767.56567,160268.41796,92767.56567,20,20
hyperliquid,HYPE,HYPE,1,1790654154393,577,86.7895,0.11522197513658128,42718.3688,189415.84297,42718.3688,189415.84297,20,20
hyperliquid,HYPE,HYPE,2,1790654214557,545,86.7825,0.11523126915768955,101027.12383,177090.38075,101027.12383,177090.38075,20,20
hyperliquid,HYPE,HYPE,3,1790654274620,730,86.8235,0.11517685406081668,140431.00058,157050.52031999998,140431.00058,157050.52031999998,20,20
hyperliquid,HYPE,HYPE,4,1790654334469,548,86.8105,0.11519410206162206,94472.2034,160594.41692,94472.2034,160594.41692,20,20
hyperliquid,HYPE,HYPE,5,1790654394444,270,86.845,0.23029800562124336,57218.48691,94304.57948,57218.48691,94304.57948,20,20
hyperliquid,HYPE,HYPE,6,1790654454521,805,86.7295,0.11530168686491038,155976.01442,127302.90421000001,155976.01442,127302.90421000001,20,20
hyperliquid,HYPE,HYPE,7,1790654514472,645,86.8505,0.11514104778509449,54206.97883,143738.64573,54206.97883,143738.64573,20,20
hyperliquid,HYPE,HYPE,8,1790654574464,697,86.8205,0.11518083391059974,98654.21122,239148.60997,98654.21122,239148.60997,20,20
hyperliquid,HYPE,HYPE,9,1790654634404,321,86.6875,0.11535755072955567,72891.84976,142847.90129,72891.84976,142847.90129,20,20
hyperliquid,HYPE,HYPE,10,1790654694401,761,86.65950000000001,0.11539482338784879,115626.07046,67037.76682,115626.07046,67037.76682,20,20
hyperliquid,HYPE,HYPE,11,1790654754501,406,86.6385,0.807987533906207,68266.95182,112499.12235,68266.95182,112499.12235,20,20
hyperliquid,HYPE,HYPE,12,1790654814506,699,86.6445,0.11541480079202415,57180.13509,156571.85621,57180.13509,156571.85621,20,20
hyperliquid,HYPE,HYPE,13,1790654874624,798,86.6755,0.11537352177626303,85900.87630999999,137237.02951,85900.87630999999,137237.02951,20,20
hyperliquid,HYPE,HYPE,14,1790654934672,707,86.6695,0.11538150896051036,119727.54485,145119.38971,119727.54485,145119.38971,20,20
hyperliquid,HYPE,HYPE,15,1790654994398,603,86.82249999999999,0.11517818064410434,76039.20471,178157.89906,76039.20471,178157.89906,20,20
hyperliquid,HYPE,HYPE,16,1790655054805,752,86.9495,0.11500994836044498,195728.50086,67630.99186,195728.50086,67630.99186,20,20
hyperliquid,HYPE,HYPE,17,1790655114860,428,86.9055,0.11506817789497248,203565.62394,72396.96073,203565.62394,72396.96073,20,20
hyperliquid,HYPE,HYPE,18,1790655174404,587,86.9495,0.11500994836044498,129257.32658,81820.28499,129257.32658,81820.28499,20,20
hyperliquid,HYPE,HYPE,19,1790655234498,662,86.9675,0.11498614417071451,139891.77202,74474.61772,139891.77202,74474.61772,20,20
hyperliquid,HYPE,HYPE,20,1790655294319,461,86.9995,0.11494384992927209,186668.90387,54391.01151,186668.90387,54391.01151,20,20
hyperliquid,HYPE,HYPE,21,1790655354329,862,87.1685,0.11472099852971596,172014.89064,555397.8515900001,172014.89064,555397.8515900001,20,20
hyperliquid,HYPE,HYPE,22,1790655414462,713,87.1695,0.11471968245579944,276976.24707,397393.0619,276976.24707,397393.0619,20,20
hyperliquid,HYPE,HYPE,23,1790655474580,684,87.3205,0.1145213009623447,131799.53678,203071.53558999998,131799.53678,203071.53558999998,20,20
hyperliquid,HYPE,HYPE,24,1790655534776,762,87.2755,0.11458034946842943,80124.50518,90366.72144,80124.50518,90366.72144,20,20
hyperliquid,HYPE,HYPE,25,1790655594570,618,87.32249999999999,0.11451867799605608,103989.37858,144073.40693,103989.37858,144073.40693,20,20
hyperliquid,HYPE,HYPE,26,1790655654344,777,87.3245,0.114516055151892,72083.58474,200855.50587,72083.58474,200855.50587,20,20
hyperliquid,HYPE,HYPE,27,1790655714801,481,87.3845,0.1144374256156766,140227.48282,225070.08872,140227.48282,225070.08872,20,20
hyperliquid,HYPE,HYPE,28,1790655774524,387,87.4305,0.11437721605833673,133662.08444,78172.05488,133662.08444,78172.05488,20,20
hyperliquid,HYPE,HYPE,29,1790655834398,537,87.4135,0.11439946003610757,114141.78875,147521.01829,114141.78875,147521.01829,20,20
hyperliquid,HYPE,HYPE,30,1790655894598,651,87.4065,0.11440862183187406,81370.15258,114877.94957,81370.15258,114877.94957,20,20
hyperliquid,HYPE,HYPE,31,1790655954521,430,87.4105,0.11440338633983416,148697.53404,102416.51161,148697.53404,102416.51161,20,20
hyperliquid,HYPE,HYPE,32,1790656014611,405,87.4435,0.34308455890696976,131672.63064,100740.78125,131672.63064,100740.78125,20,20
hyperliquid,HYPE,HYPE,33,1790656074661,390,87.4605,0.11433798307924903,128446.49811999999,152724.39997,128446.49811999999,152724.39997,20,20
hyperliquid,HYPE,HYPE,34,1790656134594,437,87.4915,0.11429747059699125,329312.39087,254380.66301000002,329312.39087,254380.66301000002,20,20
hyperliquid,VIRTUAL,VIRTUAL,0,1790654094522,651,0.802675,1.1213136812737723,11273.009381,6418.113539,12860.97927,7876.621760999999,20,20
hyperliquid,VIRTUAL,VIRTUAL,1,1790654154539,723,0.8025450000000001,0.623037432088136,10892.802126999999,5960.090998,16319.136160999999,5960.090998,20,20
hyperliquid,VIRTUAL,VIRTUAL,2,1790654214745,733,0.802195,1.1219846662080535,11921.156798,11567.318038,16591.192396,13567.239348,20,20
hyperliquid,VIRTUAL,VIRTUAL,3,1790654274705,815,0.80081,0.9990384255154083,14608.270286,19644.357029,14608.270286,21035.425568,20,20
hyperliquid,VIRTUAL,VIRTUAL,4,1790654334652,731,0.7999700000000001,1.7502187773454914,9282.701213,24983.321922,12586.911203,26525.624202,20,20
hyperliquid,VIRTUAL,VIRTUAL,5,1790654394570,396,0.800915,1.3735234622780368,6187.231432,23904.478418,13736.909182,34593.065686,20,20
hyperliquid,VIRTUAL,VIRTUAL,6,1790654454547,831,0.79864,0.5008639903847367,7778.347651,24444.221241,7778.347651,30374.499085,20,20
hyperliquid,VIRTUAL,VIRTUAL,7,1790654514647,820,0.8013049999999999,2.8707297894392525,9628.974089,7262.963248,25758.838703999998,7262.963248,20,20
hyperliquid,VIRTUAL,VIRTUAL,8,1790654575016,709,0.80436,6.466857356048905,23183.976776,5716.221854,26751.724251,44052.957449,20,20
hyperliquid,VIRTUAL,VIRTUAL,9,1790654634505,422,0.799315,4.630035163240009,11868.778175,4773.949888,15452.580509,6670.386453,20,20
hyperliquid,VIRTUAL,VIRTUAL,10,1790654694597,440,0.7988550000000001,1.1266759304473517,14206.978901,10809.762198,14206.978901,10809.762198,20,20
hyperliquid,VIRTUAL,VIRTUAL,11,1790654754681,586,0.799535,1.375894331316907,15020.526211,8916.247959,16198.797955,8916.247959,20,20
hyperliquid,VIRTUAL,VIRTUAL,12,1790654814681,330,0.79828,1.0022048506730385,13796.611522,12582.575235,13796.611522,12582.575235,20,20
hyperliquid,VIRTUAL,VIRTUAL,13,1790654874758,427,0.7994749999999999,0.12508286739931762,12298.635998,8790.061894,16734.104049,8790.061894,20,20
hyperliquid,VIRTUAL,VIRTUAL,14,1790654934858,348,0.798075,1.3784115686332754,14686.875367999999,11623.017278,16467.490966,11623.017278,20,20
hyperliquid,VIRTUAL,VIRTUAL,15,1790654994590,795,0.801615,0.12474894275138482,14064.730857999999,18591.323793,17271.378597,18591.323793,20,20
hyperliquid,VIRTUAL,VIRTUAL,16,1790655055015,456,0.805275,4.595759480305883,6812.108212,6393.343979,45060.606987,8919.360765,20,20
hyperliquid,VIRTUAL,VIRTUAL,17,1790655114995,563,0.80393,1.243966761208526,11603.948019,25718.450715,17015.765047999997,25718.450715,20,20
hyperliquid,VIRTUAL,VIRTUAL,18,1790655174488,671,0.804605,1.3672239139905784,10654.818195,16030.409808,12244.863252,16030.409808,20,20
hyperliquid,VIRTUAL,VIRTUAL,19,1790655234646,272,0.804465,2.859451731211937,22093.937855,9558.226996,22093.937855,13652.703804,20,20
hyperliquid,VIRTUAL,VIRTUAL,20,1790655294446,588,0.803515,0.3733665214689097,6840.782373,33142.143165,11508.766475999999,34495.723872,20,20
hyperliquid,VIRTUAL,VIRTUAL,21,1790655354542,475,0.8039350000000001,1.3683634373284903,10514.258291,21662.74083,13019.849796,21662.74083,20,20
hyperliquid,VIRTUAL,VIRTUAL,22,1790655414691,405,0.803255,0.8714922437169648,10825.609988,24043.910951,10825.609988,24043.910951,20,20
hyperliquid,VIRTUAL,VIRTUAL,23,1790655474694,798,0.8062400000000001,0.9923096005959309,10418.411042,10825.153568,11123.743846,10825.153568,20,20
hyperliquid,VIRTUAL,VIRTUAL,24,1790655534900,379,0.80475,0.4970611260923796,8998.302714,16575.577002,16016.076479,16575.577002,20,20
hyperliquid,VIRTUAL,VIRTUAL,25,1790655594759,807,0.806385,0.8681093817819452,10361.443653,21254.550351,17428.696706,21254.550351,20,20
hyperliquid,VIRTUAL,VIRTUAL,26,1790655654542,425,0.80758,0.7429880502751729,11817.886767,6713.581345,15532.505081,9709.729346,20,20
hyperliquid,VIRTUAL,VIRTUAL,27,1790655714990,670,0.808435,1.1133240143990086,12551.654373,7978.262017999999,16963.645998,10394.623765,20,20
hyperliquid,VIRTUAL,VIRTUAL,28,1790655774639,502,0.80941,1.729804532089041,11275.237699000001,11103.33028,14300.816704,28508.378275000003,20,20
hyperliquid,VIRTUAL,VIRTUAL,29,1790655834589,728,0.80739,0.7431629013088248,16874.765182,9460.405646,17273.523502,27577.378905,20,20
hyperliquid,VIRTUAL,VIRTUAL,30,1790655894755,264,0.806775,1.1156148897395468,12286.839947,10423.875714,13433.681315,10423.875714,20,20
hyperliquid,VIRTUAL,VIRTUAL,31,1790655954730,639,0.806905,1.115435143641541,13997.421773,11033.272582,14397.414757999999,23813.886063,20,20
hyperliquid,VIRTUAL,VIRTUAL,32,1790656014691,485,0.80689,1.2394031034657083,11726.379241,10253.562768,16955.320606,10253.562768,20,20
hyperliquid,VIRTUAL,VIRTUAL,33,1790656074752,481,0.8069999999999999,0.9913750371759456,11952.329466,13202.460915,16555.122607999998,13202.460915,20,20
hyperliquid,VIRTUAL,VIRTUAL,34,1790656134779,622,0.807375,0.867044863379629,11115.742864,23841.021468,14461.943362,23841.021468,20,20
hyperliquid,PENGU,PENGU,0,1790654094526,655,0.009179,2.179123992156473,22234.342016000002,32514.317189999998,77544.161395,83658.115288,20,20
hyperliquid,PENGU,PENGU,1,1790654154592,776,0.0091825,1.089087344805506,14111.068301,38349.306962,74051.455446,173722.319024,20,20
hyperliquid,PENGU,PENGU,2,1790654214748,736,0.0091745,1.0900370612620947,19588.490443,35508.569853,71383.504589,170425.28055700002,20,20
hyperliquid,PENGU,PENGU,3,1790654274811,317,0.0091675,3.272965306566622,15374.021859,16285.468697000002,70157.970443,174465.930487,20,20
hyperliquid,PENGU,PENGU,4,1790654334714,793,0.009152500000000001,1.092657342656178,20592.0605,35096.535923999996,68597.719205,171040.74449299998,20,20
hyperliquid,PENGU,PENGU,5,1790654394636,462,0.009164499999999999,1.0912265386275877,18059.973602000002,36110.416553,56577.963124999995,182744.363257,20,20
hyperliquid,PENGU,PENGU,6,1790654454719,452,0.0091485,3.279763857002571,12794.071202,27990.735779,60660.934808,177995.416818,20,20
hyperliquid,PENGU,PENGU,7,1790654514656,280,0.009174000000000002,2.1803117845853315,14803.975517,38712.064667,70680.070926,171990.280226,20,20
hyperliquid,PENGU,PENGU,8,1790654574719,412,0.009170999999999999,2.1810250817888566,18494.731086,52509.351573,70031.925165,189599.048334,20,20
hyperliquid,PENGU,PENGU,9,1790654634592,509,0.0091325,1.0950503723172744,15620.234569999999,43268.632176,45905.833607,185578.129047,20,20
hyperliquid,PENGU,PENGU,10,1790654694589,432,0.0091275,3.2873109796183186,9277.290247,25925.588426000002,43249.262931,81314.129561,20,20
hyperliquid,PENGU,PENGU,11,1790654754695,679,0.009129,2.1910604732666705,17106.421337,35875.492531,48052.242881,177313.78051,20,20
hyperliquid,PENGU,PENGU,12,1790654814697,346,0.0091215,3.2894736842092875,14060.994801,29772.276851,74934.14075600001,91384.782342,20,20
hyperliquid,PENGU,PENGU,13,1790654874823,492,0.00912,2.193222941111461,9702.797281,40006.415185,54404.997559999996,89151.115962,20,20
hyperliquid,PENGU,PENGU,14,1790654934953,443,0.009118999999999999,2.1934634788323137,13418.106282,45355.419921,43792.852355,187746.208247,20,20
hyperliquid,PENGU,PENGU,15,1790654994594,799,0.0091495,1.0930156301247607,14668.847789,39737.177294,62653.9773,183571.97624,20,20
hyperliquid,PENGU,PENGU,16,1790655055036,477,0.009184000000000001,2.17793749319517,14301.531895,32335.995047,54676.538673999996,67500.849266,20,20
hyperliquid,PENGU,PENGU,17,1790655115032,600,0.0091835,1.0889687465964748,16610.628718,26794.156583,64987.928924,78759.776423,20,20
hyperliquid,PENGU,PENGU,18,1790655174590,773,0.009189,2.176752285589778,21795.290571999998,49439.881947,74310.973938,180909.854001,20,20
hyperliquid,PENGU,PENGU,19,1790655234694,320,0.009191999999999999,2.1760417800020804,19118.404566999998,31682.003505,73396.92343,80667.07844,20,20
hyperliquid,PENGU,PENGU,20,1790655294510,652,0.009179,2.179123992156473,18399.688658,46926.044348,59688.629369,95044.981212,20,20
hyperliquid,PENGU,PENGU,21,1790655354528,461,0.0091935,1.0877841836198776,15348.2428,38572.587902,51961.450094,84540.409694,20,20
hyperliquid,PENGU,PENGU,22,1790655414704,418,0.009174999999999999,2.1800741225197484,20325.860338,39278.679878999996,75117.34631,93081.058981,20,20
hyperliquid,PENGU,PENGU,23,1790655474773,341,0.009215999999999998,2.1703743895828964,16448.0186,36804.013906,63809.923585,74745.015655,20,20
hyperliquid,PENGU,PENGU,24,1790655534973,452,0.0091965,3.2626427406201586,10732.75011,18881.80074,53423.084899,161925.581247,20,20
hyperliquid,PENGU,PENGU,25,1790655594756,804,0.009222000000000001,2.1689621516096658,21016.985019,43764.998588,72471.851905,180131.09210900002,20,20
hyperliquid,PENGU,PENGU,26,1790655654529,412,0.0092225,3.253443227415609,20002.532857,35554.258179,71878.75517799999,96929.148338,20,20
hyperliquid,PENGU,PENGU,27,1790655715025,705,0.0092315,1.0833062506776514,17813.043671,31960.020796,57121.309831,194686.187529,20,20
hyperliquid,PENGU,PENGU,28,1790655774703,566,0.0092375,1.082602576594205,18435.677331,34219.170832,52426.647904,168573.880478,20,20
hyperliquid,PENGU,PENGU,29,1790655834585,724,0.009222999999999999,2.1687269572767676,22479.202796,37801.433445,64229.932089,93097.122781,20,20
hyperliquid,PENGU,PENGU,30,1790655894792,301,0.0091985,1.0871928680167287,17115.973158,35275.418834000004,58506.643898999995,76948.36086,20,20
hyperliquid,PENGU,PENGU,31,1790655954726,635,0.0091965,1.0874293170948235,21914.588412,43462.047412,67154.35938,185758.551009,20,20
hyperliquid,PENGU,PENGU,32,1790656014814,608,0.0091935,1.0877841836198776,17688.324406,43624.775255,48887.505033,87569.58185100001,20,20
hyperliquid,PENGU,PENGU,33,1790656074804,533,0.009194,2.1755683672353143,19052.436354,39421.68225,66538.221532,87664.15933000001,20,20
hyperliquid,PENGU,PENGU,34,1790656134783,626,0.009202,2.1736767742619456,23628.800027,38278.781752999996,82633.213232,87832.125692,20,20
hyperliquid,FARTCOIN,FARTCOIN,0,1790654094632,244,0.16413,1.2186205215702905,9759.246211,31683.681348,35636.986574,80347.765811,20,20
hyperliquid,FARTCOIN,FARTCOIN,1,1790654154582,766,0.16418500000000003,1.8273740634699998,13924.958088,22521.754165,39137.05237,60236.777092000004,20,20
hyperliquid,FARTCOIN,FARTCOIN,2,1790654214741,729,0.164105,1.828264976535543,12082.343092,25883.956693,33874.854161,51685.339285,20,20
hyperliquid,FARTCOIN,FARTCOIN,3,1790654274886,392,0.16391499999999998,1.8303843807210285,12121.843763,22854.478914,45949.126402,79403.927302,20,20
hyperliquid,FARTCOIN,FARTCOIN,4,1790654334852,372,0.16381,2.442151535504422,16071.856926,31174.648663,51934.004754,52578.282886,20,20
hyperliquid,FARTCOIN,FARTCOIN,5,1790654394650,476,0.16394999999999998,2.440065881779141,13168.90357,30774.61052,40495.717814999996,56591.468398,20,20
hyperliquid,FARTCOIN,FARTCOIN,6,1790654454714,447,0.16369,3.6661371135293663,8517.093098,25794.365176000003,30564.651765,72365.974475,20,20
hyperliquid,FARTCOIN,FARTCOIN,7,1790654514671,295,0.16399999999999998,2.4393218685214713,15491.275658,21696.487375,42565.33112,43307.593136,20,20
hyperliquid,FARTCOIN,FARTCOIN,8,1790654574979,672,0.164055,3.048222886057328,8654.954017,18569.740563,47077.463344,37748.694408999996,20,20
hyperliquid,FARTCOIN,FARTCOIN,9,1790654634697,614,0.16344,2.447680822419418,6121.251322,21655.267196,47853.971688,65315.600745,20,20
hyperliquid,FARTCOIN,FARTCOIN,10,1790654694617,460,0.163605,3.056608387332904,7688.45838,26393.120947,53064.066569999995,65062.275809,20,20
hyperliquid,FARTCOIN,FARTCOIN,11,1790654754692,676,0.163655,3.055674387337781,6720.856468,20949.474582000003,37580.019006999995,75562.80506500001,20,20
hyperliquid,FARTCOIN,FARTCOIN,12,1790654814822,471,0.16355999999999998,2.445884798827347,14489.350836,34112.448411,32509.566336,68511.549675,20,20
hyperliquid,FARTCOIN,FARTCOIN,13,1790654874844,513,0.16352499999999998,1.8347501681859057,11034.648894,16389.718688,38312.07404,39281.384028,20,20
hyperliquid,FARTCOIN,FARTCOIN,14,1790654934919,409,0.163395,1.8362100624313982,14616.46096,18298.783691,36436.563031,52527.862224,20,20
hyperliquid,FARTCOIN,FARTCOIN,15,1790654994748,412,0.163885,1.8307194727529286,9835.913253,30402.583587,22657.720144000003,71476.724626,20,20
hyperliquid,FARTCOIN,FARTCOIN,16,1790655054993,434,0.16452,4.863813229574188,7999.967849,18252.670575,37474.477258,57247.603616,20,20
hyperliquid,FARTCOIN,FARTCOIN,17,1790655115049,617,0.164435,1.8245955479878617,15376.538898,21623.957659,42597.393023,71066.303124,20,20
hyperliquid,FARTCOIN,FARTCOIN,18,1790655174613,796,0.16473500000000002,1.8212724623611898,10993.623937,19073.611109,22316.977738999998,50759.815052,20,20
hyperliquid,FARTCOIN,FARTCOIN,19,1790655234771,397,0.16486499999999998,0.6065752759898402,15046.870331,23290.759172,26521.524573,51908.687855,20,20
hyperliquid,FARTCOIN,FARTCOIN,20,1790655294536,678,0.16463499999999998,1.8223788118088002,9304.652253,40915.943122000004,22480.699937,67363.60482000001,20,20
hyperliquid,FARTCOIN,FARTCOIN,21,1790655354536,469,0.16481,1.2135922330092086,7704.576037,25455.925525,33240.661756,62296.11957,20,20
hyperliquid,FARTCOIN,FARTCOIN,22,1790655414658,372,0.16462500000000002,1.8224895206864211,12233.53892,32754.692347,24679.033204,49744.245036,20,20
hyperliquid,FARTCOIN,FARTCOIN,23,1790655474826,394,0.164995,0.6060973392330027,21767.22937,5039.648164,44548.124242000005,28245.438421,20,20
hyperliquid,FARTCOIN,FARTCOIN,24,1790655535072,551,0.16479,2.4276263882994087,11817.263546,24851.065206,37909.033813,59536.370521,20,20
hyperliquid,FARTCOIN,FARTCOIN,25,1790655594777,288,0.16513499999999998,1.816860465115866,12160.798572,19499.935879,46404.304826,65472.133001,20,20
hyperliquid,FARTCOIN,FARTCOIN,26,1790655654677,560,0.16514,2.4224806201567084,9857.286468,23502.034706,26004.038168,70147.647054,20,20
hyperliquid,FARTCOIN,FARTCOIN,27,1790655715022,702,0.16557,2.41618846269942,8258.467987,45679.516215999996,25500.882141000002,55923.792168,20,20
hyperliquid,FARTCOIN,FARTCOIN,28,1790655774721,584,0.165765,1.8099547511307712,9812.344147,31437.565349,28905.631261,55894.366351,20,20
hyperliquid,FARTCOIN,FARTCOIN,29,1790655834599,738,0.16549,2.4173566205343278,16730.628732,25562.369964999998,39732.090276,40824.850977,20,20
hyperliquid,FARTCOIN,FARTCOIN,30,1790655894855,364,0.16535499999999997,1.814442966010521,27014.408473,21412.087919999998,36109.437952,39233.580857,20,20
hyperliquid,FARTCOIN,FARTCOIN,31,1790655954903,270,0.165375,4.233700254023809,12135.74089,37546.794789,42203.746798,67851.501995,20,20
hyperliquid,FARTCOIN,FARTCOIN,32,1790656014877,671,0.16522,2.421307506053072,9351.519891,25986.704076,42975.288981,43902.533905000004,20,20
hyperliquid,FARTCOIN,FARTCOIN,33,1790656074853,582,0.16508,2.423361201986385,12083.115732,26714.200569,45012.168126,33708.434329,20,20
hyperliquid,FARTCOIN,FARTCOIN,34,1790656134796,639,0.16508,1.2116071969470177,12971.8832,29164.444555,28571.325089,40412.435166,20,20
hyperliquid,SPX,SPX,0,1790654094713,325,0.40537,3.9477904710216727,2210.450103,11956.400561,12338.924965,13475.841256,20,20
hyperliquid,SPX,SPX,1,1790654154604,788,0.40552,2.9596014403399096,2912.837859,7724.141748,12402.705421,20098.572765,20,20
hyperliquid,SPX,SPX,2,1790654214864,323,0.40552,1.9729703067961069,5380.315447,7610.391803,14240.679515,20855.051154,20,20
hyperliquid,SPX,SPX,3,1790654274894,400,0.40498999999999996,0.9877274859859675,6059.077163999999,3521.767508,17528.030512,17459.728022,20,20
hyperliquid,SPX,SPX,4,1790654334933,453,0.40486500000000003,2.717324176775282,2832.435332,8802.318315999999,10822.910667,15068.219042,20,20
hyperliquid,SPX,SPX,5,1790654394734,560,0.404925,2.22288085358624,2437.2886129999997,9379.098608,7800.710498,20189.627147,20,20
hyperliquid,SPX,SPX,6,1790654454738,471,0.404345,2.2260697501863547,690.673084,14162.204778,11001.589587,29904.242209,20,20
hyperliquid,SPX,SPX,7,1790654514759,383,0.404925,1.7288646298974086,3633.312339,10802.127148,11956.406457000001,12946.682061,20,20
hyperliquid,SPX,SPX,8,1790654574827,520,0.404355,2.7207519168936933,6494.946564,6740.30353,13410.28033,16282.726558,20,20
hyperliquid,SPX,SPX,9,1790654634715,632,0.40236,2.982848620431966,2755.464371,6296.873914,9815.266339,8476.041487,20,20
hyperliquid,SPX,SPX,10,1790654694785,628,0.4021,4.975124378108209,5953.389947000001,5521.9909020000005,16818.462355000003,14474.971622,20,20
hyperliquid,SPX,SPX,11,1790654754720,704,0.401675,2.2408684610231155,6464.719717,4017.651153,15479.244809,15580.208421,20,20
hyperliquid,SPX,SPX,12,1790654814878,527,0.401525,2.241705688950102,7011.683961,6279.157683,10172.179937,12120.8679,20,20
hyperliquid,SPX,SPX,13,1790654874940,609,0.40162,3.9846590626080314,2077.806735,9261.366825,13685.729611,15899.673815,20,20
hyperliquid,SPX,SPX,14,1790654934946,436,0.401355,5.732230086732404,2203.371177,7208.421284999999,14626.16283,21492.670561,20,20
hyperliquid,SPX,SPX,15,1790654994759,423,0.402385,3.2312586995408843,4275.942513,4680.482051999999,10503.763676,11075.24547,20,20
hyperliquid,SPX,SPX,16,1790655054996,437,0.403515,4.709731793168803,4491.810972,3846.040132,13213.940798,10337.367415,20,20
hyperliquid,SPX,SPX,17,1790655115052,620,0.40363499999999997,2.2299858767560465,5575.805333,9456.916462,8722.44924,18515.939768,20,20
hyperliquid,SPX,SPX,18,1790655174678,303,0.403875,2.723985934327544,6216.733846,8652.379,12051.688106,30361.688278,20,20
hyperliquid,SPX,SPX,19,1790655234836,462,0.403975,0.7426477869110215,5061.001535,4988.091793,9146.521981,14771.621373,20,20
hyperliquid,SPX,SPX,20,1790655294556,698,0.40326,1.9840285700101212,5129.063973,10227.477105,10855.419104,19369.360232,20,20
hyperliquid,SPX,SPX,21,1790655354593,526,0.40365,1.9821114442142296,4909.762191,6613.690035,9484.768141,17054.129393,20,20
hyperliquid,SPX,SPX,22,1790655414738,452,0.40327999999999997,0.49594564435651023,5876.621124,7809.780726,10643.172799,17956.279423,20,20
hyperliquid,SPX,SPX,23,1790655474887,455,0.405035,1.2345374188282854,4990.157043,4583.068563,13134.8214,15864.137958,20,20
hyperliquid,SPX,SPX,24,1790655535079,558,0.40492,1.4818839684838103,7010.102065,8371.569114,12349.986624000001,16441.372089,20,20
hyperliquid,SPX,SPX,25,1790655594807,318,0.40603500000000003,2.2168033695413314,3075.28611,8294.541435,14243.5059,21157.409486,20,20
hyperliquid,SPX,SPX,26,1790655654686,569,0.406045,0.2462811545655974,6727.644886,5296.172722,17321.991338,17070.007907,20,20
hyperliquid,SPX,SPX,27,1790655715026,706,0.40756000000000003,3.9265730833415446,5426.840856,4073.141942,11778.058325,13193.33986,20,20
hyperliquid,SPX,SPX,28,1790655774778,641,0.40725500000000003,2.210161832960633,4351.826069,2632.318019,15770.308179,9638.495566,20,20
hyperliquid,SPX,SPX,29,1790655834732,871,0.407105,2.210976268854914,3777.3157260000003,4031.25519,13713.550188,18798.301004,20,20
hyperliquid,SPX,SPX,30,1790655894927,436,0.40701,6.881804999139263,4008.524497,885.084553,14656.649204,16578.189809,20,20
hyperliquid,SPX,SPX,31,1790655954935,302,0.40637500000000004,2.214948440921738,8710.849023,939.297836,19344.953074,10713.981212,20,20
hyperliquid,SPX,SPX,32,1790656014885,679,0.40620999999999996,3.9396252431478374,10880.660381,3721.6059509999995,20535.253824,11839.096725,20,20
hyperliquid,SPX,SPX,33,1790656074973,702,0.406785,2.212715739784432,4557.956978,5224.692848,17199.401382,21796.352807,20,20
hyperliquid,SPX,SPX,34,1790656134841,684,0.40704,2.948547840189164,1474.799385,8606.658256,12395.490516,20904.402927,20,20
hyperliquid,MORPHO,MORPHO,0,1790654094716,328,2.4427000000000003,2.4566000655079634,5377.36152,6654.4316,14722.73362,21790.5743,20,20
hyperliquid,MORPHO,MORPHO,1,1790654154734,390,2.4427000000000003,2.4566000655079634,6348.07461,6705.81923,13985.111490000001,17099.87321,20,20
hyperliquid,MORPHO,MORPHO,2,1790654214949,408,2.4415500000000003,2.0480891328400475,6859.185,6868.66893,15138.14381,11980.24739,20,20
hyperliquid,MORPHO,MORPHO,3,1790654274907,413,2.4404000000000003,2.458915618213098,6598.85685,6558.9173900000005,14639.650669999999,15027.24786,20,20
hyperliquid,MORPHO,MORPHO,4,1790654334872,392,2.4387499999999998,2.050440844783008,8151.254859999999,2965.2630999999997,11836.29912,14483.98462,20,20
hyperliquid,MORPHO,MORPHO,5,1790654394765,591,2.43965,1.2297601967614646,5671.88854,6071.50139,9739.7734,16442.22653,20,20
hyperliquid,MORPHO,MORPHO,6,1790654454757,490,2.4315499999999997,3.702027888610182,1725.29065,3973.52566,11028.4831,23824.62778,20,20
hyperliquid,MORPHO,MORPHO,7,1790654514841,465,2.43575,2.8742711669549337,6137.56099,5884.1452500000005,15183.91907,11466.34554,20,20
hyperliquid,MORPHO,MORPHO,8,1790654575088,781,2.43175,2.878999753228584,6764.82011,6239.1951500000005,18155.11375,14921.21811,20,20
hyperliquid,MORPHO,MORPHO,9,1790654634711,628,2.4268,2.4726973006394815,4745.10339,7568.11568,12123.43985,15216.33549,20,20
hyperliquid,MORPHO,MORPHO,10,1790654694802,645,2.4283,2.4711696869839095,5945.52639,5961.49605,14432.54204,13226.88435,20,20
hyperliquid,MORPHO,MORPHO,11,1790654754890,328,2.4286,3.294621530351982,6067.0725,5273.67733,10438.78665,12228.2228,20,20
hyperliquid,MORPHO,MORPHO,12,1790654814866,515,2.42715,2.884456897973564,2094.4448899999998,7778.78662,10606.88302,16171.67685,20,20
hyperliquid,MORPHO,MORPHO,13,1790654874944,613,2.427,3.2967938679639985,7257.58518,7415.9073,12894.27802,13350.666949999999,20,20
hyperliquid,MORPHO,MORPHO,14,1790654935048,538,2.42535,2.061770648633665,6249.59348,6400.05848,12637.65076,16251.410179999999,20,20
hyperliquid,MORPHO,MORPHO,15,1790654994791,455,2.42745,2.8841003666935094,4042.51582,6422.184679999999,13737.03198,25940.73526,20,20
hyperliquid,MORPHO,MORPHO,16,1790655055191,632,2.43385,2.054569362259784,4868.24728,8314.92837,9648.65473,14273.34331,20,20
hyperliquid,MORPHO,MORPHO,17,1790655115191,759,2.4341,2.4652806311120656,6437.51399,7277.35041,13648.96371,14020.56795,20,20
hyperliquid,MORPHO,MORPHO,18,1790655174681,306,2.4315499999999997,2.056512976598146,5254.27841,5765.5336099999995,12515.69159,22680.19424,20,20
hyperliquid,MORPHO,MORPHO,19,1790655234861,487,2.4349,3.286095707537573,6839.85605,4269.44476,11097.234910000001,22268.12967,20,20
hyperliquid,MORPHO,MORPHO,20,1790655294637,779,2.4320500000000003,2.0560901389932162,5919.18568,5004.61906,14769.26754,11174.41889,20,20
hyperliquid,MORPHO,MORPHO,21,1790655354717,650,2.43315,0.4109983149058749,3223.32377,4597.99814,12794.3078,19850.58453,20,20
hyperliquid,MORPHO,MORPHO,22,1790655414849,563,2.4324500000000002,2.878171127831397,4332.95773,6587.96603,12467.61854,23202.26381,20,20
hyperliquid,MORPHO,MORPHO,23,1790655474892,460,2.44265,2.8661507595306723,3926.86029,3361.0439499999998,6890.04082,18726.55789,20,20
hyperliquid,MORPHO,MORPHO,24,1790655535106,585,2.4409,3.2780167998347487,3559.2529699999996,4465.77887,9754.66888,20152.20057,20,20
hyperliquid,MORPHO,MORPHO,25,1790655594952,463,2.4438,2.4554941682031206,5848.49288,2304.19388,11955.216489999999,12608.60778,20,20
hyperliquid,MORPHO,MORPHO,26,1790655654716,599,2.44665,2.8614642521374023,5683.56989,4987.2282000000005,14099.18211,11058.1193,20,20
hyperliquid,MORPHO,MORPHO,27,1790655715184,359,2.44835,2.0424002287477983,6544.15946,5803.83223,13131.62423,16922.12099,20,20
hyperliquid,MORPHO,MORPHO,28,1790655774835,698,2.4473000000000003,3.2694429686563886,9683.0355,2898.79582,12766.71088,6776.01384,20,20
hyperliquid,MORPHO,MORPHO,29,1790655834783,922,2.44475,3.682035756658042,4392.33539,3678.84884,15287.24314,13951.094509999999,20,20
hyperliquid,MORPHO,MORPHO,30,1790655894947,456,2.44205,2.866855059999729,6770.05322,4321.09292,11040.79906,16089.59764,20,20
hyperliquid,MORPHO,MORPHO,31,1790655954952,319,2.4410499999999997,5.326995574497229,39571.8434,1581.34458,48170.89087,22850.72698,20,20
hyperliquid,MORPHO,MORPHO,32,1790656014880,674,2.44115,2.8679121599473056,5963.0337,5185.16838,9285.40653,22775.553509999998,20,20
hyperliquid,MORPHO,MORPHO,33,1790656075007,736,2.4408,1.6389412439554718,7383.42987,6380.74558,10018.13178,24266.03851,20,20
hyperliquid,MORPHO,MORPHO,34,1790656134992,288,2.44125,1.2289541600085663,2536.82488,6207.46576,9386.691350000001,22003.9333,20,20
hyperliquid,TRUMP,TRUMP,0,1790654094724,336,1.9643,1.0182262498736883,36434.86436,85503.35975,62933.70347,102537.16797,20,20
hyperliquid,TRUMP,TRUMP,1,1790654154808,464,1.96535,0.5088281687282148,37914.08919,61888.35213000001,64475.85536,64578.68621,20,20
hyperliquid,TRUMP,TRUMP,2,1790654214951,410,1.9640499999999999,0.5091649694510814,42576.64028,48651.42267,73769.34249,68766.91608,20,20
hyperliquid,TRUMP,TRUMP,3,1790654275004,510,1.9633500000000002,0.509346508430486,45705.09896,56654.13423,67027.43822,71606.02798,20,20
hyperliquid,TRUMP,TRUMP,4,1790654334906,426,1.9626,1.0191082802557538,40917.119510000004,50078.398,67363.53222000001,72647.89397,20,20
hyperliquid,TRUMP,TRUMP,5,1790654394821,647,1.963,1.0189006062466532,37104.68454,61113.51877,69989.33,84504.64393,20,20
hyperliquid,TRUMP,TRUMP,6,1790654454902,635,1.9598,2.041232904674839,26658.69678,40998.98057,59362.74837,87272.52463,20,20
hyperliquid,TRUMP,TRUMP,7,1790654514838,462,1.96325,0.5093724531368693,49458.19545,28210.26263,72817.48334,62685.307720000004,20,20
hyperliquid,TRUMP,TRUMP,8,1790654575017,710,1.9628,1.019004432669668,38187.20771,47846.18473,62189.97533,71101.07004,20,20
hyperliquid,TRUMP,TRUMP,9,1790654634848,765,1.9572500000000002,1.5328802820491205,17992.52697,64099.37725,74596.62202,113181.02259,20,20
hyperliquid,TRUMP,TRUMP,10,1790654694790,633,1.9532,1.0240131073668834,19624.977590000002,60791.8078,59684.932890000004,112317.01213,20,20
hyperliquid,TRUMP,TRUMP,11,1790654754945,383,1.95215,2.5616066396838555,27856.34271,54767.6517,64578.49157,76031.87743,20,20
hyperliquid,TRUMP,TRUMP,12,1790654814896,545,1.9509,1.0252204223903938,33522.88168,41706.18771,60165.76142,88416.01089,20,20
hyperliquid,TRUMP,TRUMP,13,1790654875015,684,1.95005,0.5128205128213104,19485.1417,55686.67595,80569.76057,90642.86914,20,20
hyperliquid,TRUMP,TRUMP,14,1790654935122,612,1.947,2.054653790835026,26975.42766,58109.87404,62767.94848,69515.78423,20,20
hyperliquid,TRUMP,TRUMP,15,1790654994788,452,1.9522499999999998,1.5368065160603628,22748.18135,76927.77815,81612.94729,102542.04773,20,20
hyperliquid,TRUMP,TRUMP,16,1790655055183,624,1.9588,3.0635690579527974,18187.88231,42288.92291,88434.21514,74198.12399,20,20
hyperliquid,TRUMP,TRUMP,17,1790655115227,795,1.9582,2.0429009193057013,28463.0734,53384.52588,65182.7681,70346.42783,20,20
hyperliquid,TRUMP,TRUMP,18,1790655174784,409,1.95925,0.5104124132304655,36208.85371,45428.517420000004,65429.88147,87638.39126,20,20
hyperliquid,TRUMP,TRUMP,19,1790655234900,526,1.9600499999999998,2.551280742932871,45479.51394,58060.69186,88816.11564,100702.81076000001,20,20
hyperliquid,TRUMP,TRUMP,20,1790655294710,315,1.95885,1.5316281206922966,26865.51148,58609.1056,60638.40615,65992.9247,20,20
hyperliquid,TRUMP,TRUMP,21,1790655354742,675,1.95875,4.595822907624836,31906.916350000003,49350.16867,49136.50919,60397.27488,20,20
hyperliquid,TRUMP,TRUMP,22,1790655414891,605,1.95505,1.5346053506570811,46937.75722,35543.228689999996,68392.94126,78735.20642999999,20,20
hyperliquid,TRUMP,TRUMP,23,1790655474975,543,1.95965,5.614823133071045,28802.89593,21789.99175,110880.71199,55583.053179999995,20,20
hyperliquid,TRUMP,TRUMP,24,1790655535204,683,1.9570500000000002,1.53303694619078,29787.35328,20023.00665,92529.26523,67160.80117,20,20
hyperliquid,TRUMP,TRUMP,25,1790655594949,460,1.96015,0.5101780521399313,64385.454880000005,7093.52161,86392.76346,52112.015230000005,20,20
hyperliquid,TRUMP,TRUMP,26,1790655654734,617,1.9595,3.062474479378352,57124.63978,46283.27621,100251.36293,84423.64915,20,20
hyperliquid,TRUMP,TRUMP,27,1790655715223,398,1.9635,4.075187203911312,40911.23091,35690.46789,79665.59671,67893.38738,20,20
hyperliquid,TRUMP,TRUMP,28,1790655774896,759,1.96535,1.526562181966007,54267.04208,32477.54122,114817.13176999999,76445.91217,20,20
hyperliquid,TRUMP,TRUMP,29,1790655834800,939,1.9646,1.018070755918199,55876.35219,24870.5793,112186.80632999999,52879.13673,20,20
hyperliquid,TRUMP,TRUMP,30,1790655894985,494,1.9640499999999999,0.5091649694510814,50926.64188,45934.429149999996,70150.98153,84131.04438,20,20
hyperliquid,TRUMP,TRUMP,31,1790655954963,330,1.96205,0.5096839959217725,38411.72153,26654.38784,117507.52844,61155.55839,20,20
hyperliquid,TRUMP,TRUMP,32,1790656014998,792,1.9619,2.039047764694768,28464.89001,65926.84072,64833.732899999995,85748.05372,20,20
hyperliquid,TRUMP,TRUMP,33,1790656075031,760,1.9618,3.058883507518484,45974.12729,31923.72603,105051.22822,55149.80366,20,20
hyperliquid,TRUMP,TRUMP,34,1790656134998,294,1.9623499999999998,0.5096060745035658,46422.12888,42822.32853,69717.60124,68405.45478,20,20
hyperliquid,VVV,VVV,0,1790654094831,443,26.865499999999997,0.3722315280119126,409575.00259000005,9029.356029999999,425374.92287000007,13670.44701,20,20
hyperliquid,VVV,VVV,1,1790654154814,470,26.872500000000002,0.3721345638596496,411888.48752,2531.02896,416166.04202,9069.73683,20,20
hyperliquid,VVV,VVV,2,1790654214991,450,26.862499999999997,0.3722730995470158,403783.91727000003,6163.55872,420329.05220000003,10520.77847,20,20
hyperliquid,VVV,VVV,3,1790654275075,581,26.862499999999997,0.3722730995470158,409679.43902,4520.9918800000005,413647.96248,9123.71139,20,20
hyperliquid,VVV,VVV,4,1790654335044,564,26.8615,0.3722869587874378,398018.1695,9218.47605,409583.08831,12786.38507,20,20
hyperliquid,VVV,VVV,5,1790654394835,661,26.8615,0.3722869587874378,383568.45704,6295.57327,391953.07419,9211.51411,20,20
hyperliquid,VVV,VVV,6,1790654454913,646,26.8615,0.3722869587874378,371776.37678000005,7968.719059999999,387095.39904000005,12891.71023,20,20
hyperliquid,VVV,VVV,7,1790654514863,487,26.9035,0.3717057577223848,29456.10533,5361.46206,34849.31207,9667.39423,20,20
hyperliquid,VVV,VVV,8,1790654575187,358,26.8955,1.8592198713407448,18613.41557,9130.42661,25559.91707,12676.536,20,20
hyperliquid,VVV,VVV,9,1790654634884,801,26.874499999999998,0.3721068690931695,363607.04756,6353.14148,365592.75857999997,8679.48092,20,20
hyperliquid,VVV,VVV,10,1790654694837,680,26.875,2.977187302297679,360723.415,8629.91433,367473.57294,9263.45643,20,20
hyperliquid,VVV,VVV,11,1790654754941,379,26.868000000000002,1.4888706915816563,364689.79495999997,8280.88584,366386.02707999997,10868.0832,20,20
hyperliquid,VVV,VVV,12,1790654815035,684,26.8645,0.3722453841570328,362749.38987,4980.95428,367056.83832,10955.61054,20,20
hyperliquid,VVV,VVV,13,1790654875037,706,26.878,0.744130669345644,356983.61459,6013.71873,364548.99474,6516.6105099999995,20,20
hyperliquid,VVV,VVV,14,1790654935135,625,27.134500000000003,0.3685413134824067,6640.626090000001,3593.0136100000004,10315.80103,9961.52594,20,20
hyperliquid,VVV,VVV,15,1790654995003,667,27.025,0.7400828892833999,14127.85661,4087.5775399999998,16023.70435,6647.35704,20,20
hyperliquid,VVV,VVV,16,1790655055212,653,27.165,2.9453996539152705,13023.20686,1691.95351,19546.48724,5602.83381,20,20
hyperliquid,VVV,VVV,17,1790655115241,809,27.0885,0.36916715888901663,14757.52642,1822.7891399999999,18480.50803,6050.77491,20,20
hyperliquid,VVV,VVV,18,1790655175265,890,27.118000000000002,3.6882676206984044,17530.21174,7094.72353,24234.9939,9527.78401,20,20
hyperliquid,VVV,VVV,19,1790655234967,593,27.148,1.4735135931620569,15322.67238,6251.535519999999,30487.90977,7963.195519999999,20,20
hyperliquid,VVV,VVV,20,1790655294729,334,27.149,2.2102703897441955,16444.04908,3744.80886,30633.40418,5931.7305400000005,20,20
hyperliquid,VVV,VVV,21,1790655354728,661,27.155,1.4731337237150477,20312.65627,5215.8175,25465.74716,5691.30204,20,20
hyperliquid,VVV,VVV,22,1790655414903,617,27.518,4.361733061937212,16873.09572,4429.59113,37813.92889,7010.40013,20,20
hyperliquid,VVV,VVV,23,1790655475014,582,27.490000000000002,4.366176684615919,6373.6866199999995,3585.98758,13602.39971,7736.77374,20,20
hyperliquid,VVV,VVV,24,1790655535266,745,27.396,0.7300602299675774,11532.35552,2853.51297,13670.652979999999,6333.28464,20,20
hyperliquid,VVV,VVV,25,1790655594975,486,27.461,5.828142643791168,6289.36194,30030.231470000002,16755.7795,33550.80912,20,20
hyperliquid,VVV,VVV,26,1790655654870,753,27.4955,2.546195256800665,8083.97483,1294.65727,14753.3744,6175.0261199999995,20,20
hyperliquid,VVV,VVV,27,1790655715226,401,27.4895,0.36378187638685944,10334.07039,1588.36713,17030.53654,15116.66459,20,20
hyperliquid,VVV,VVV,28,1790655774916,779,27.4105,0.36483035388501506,8571.476130000001,3099.17497,15247.069080000001,8320.48031,20,20
hyperliquid,VVV,VVV,29,1790655834787,926,27.3945,1.0951702989814294,9596.06143,5804.64355,12927.7132,25654.00011,20,20
hyperliquid,VVV,VVV,30,1790655895037,546,27.3885,1.825750383406266,7410.73484,3706.9206,16610.21458,21484.202729999997,20,20
hyperliquid,VVV,VVV,31,1790655955096,463,27.469,2.9127981066801034,9353.73624,1738.88147,20821.17976,7976.22625,20,20
hyperliquid,VVV,VVV,32,1790656015137,390,27.463,2.91343457518467,9765.42527,1812.93912,23204.56413,2501.09537,20,20
hyperliquid,VVV,VVV,33,1790656075045,774,27.493000000000002,3.6379511059370095,10013.32923,6037.20954,17391.49385,10895.0912,20,20
hyperliquid,VVV,VVV,34,1790656135063,359,27.511499999999998,3.2718944268728123,5643.615290000001,2625.59445,12723.75747,23409.5326,20,20
hyperliquid,PAXG,PAXG,0,1790654094906,518,4145.25,0.2412428833364899,266218.304,262045.7891,266218.304,262045.7891,20,20
hyperliquid,PAXG,PAXG,1,1790654154790,446,4144.45,0.2412894508263541,183280.1239,354757.971,183280.1239,354757.971,20,20
hyperliquid,PAXG,PAXG,2,1790654215053,512,4143.45,0.2413476854767893,279144.7983,295760.7257,279144.7983,295760.7257,20,20
hyperliquid,PAXG,PAXG,3,1790654275070,576,4143.35,0.24135351048615306,211432.24539999999,225555.16950000002,211432.24539999999,225555.16950000002,20,20
hyperliquid,PAXG,PAXG,4,1790654335062,582,4142.85,0.24138263975848062,298847.0053,219364.7439,298847.0053,219364.7439,20,20
hyperliquid,PAXG,PAXG,5,1790654394929,755,4143.95,0.24131856463771584,339981.3068,249563.4797,339981.3068,249563.4797,20,20
hyperliquid,PAXG,PAXG,6,1790654454934,667,4143.15,0.2413651613508705,212772.7982,136809.0319,212772.7982,136809.0319,20,20
hyperliquid,PAXG,PAXG,7,1790654514950,574,4142.85,0.24138263975848062,245666.87879999998,302537.6475,245666.87879999998,302537.6475,20,20
hyperliquid,PAXG,PAXG,8,1790654575207,378,4142.55,0.24140012070184014,322126.4188,202445.1114,322126.4188,202445.1114,20,20
hyperliquid,PAXG,PAXG,9,1790654634917,834,4142.55,0.24140012070184014,297714.0226,294315.7319,297714.0226,294315.7319,20,20
hyperliquid,PAXG,PAXG,10,1790654694979,822,4142.55,0.24140012070184014,256827.18480000002,217385.5056,256827.18480000002,217385.5056,20,20
hyperliquid,PAXG,PAXG,11,1790654754936,374,4142.05,0.24142926122738828,245095.2541,278056.3879,245095.2541,278056.3879,20,20
hyperliquid,PAXG,PAXG,12,1790654815071,720,4142.05,0.24142926122738828,253872.19400000002,268255.0279,253872.19400000002,268255.0279,20,20
hyperliquid,PAXG,PAXG,13,1790654875137,300,4142.05,0.24142926122738828,180857.1757,223100.8182,180857.1757,223100.8182,20,20
hyperliquid,PAXG,PAXG,14,1790654935142,632,4141.65,0.24145257871310832,220192.5923,243369.5078,220192.5923,243369.5078,20,20
hyperliquid,PAXG,PAXG,15,1790654995010,674,4142.05,0.24142926122738828,221593.9314,202230.1366,221593.9314,202230.1366,20,20
hyperliquid,PAXG,PAXG,16,1790655055221,662,4142.05,0.24142926122738828,236799.96910000002,234455.7278,236799.96910000002,234455.7278,20,20
hyperliquid,PAXG,PAXG,17,1790655115257,825,4142.05,0.24142926122738828,168002.6207,226669.8507,168002.6207,226669.8507,20,20
hyperliquid,PAXG,PAXG,18,1790655175351,444,4141.85,0.241440919406255,189632.09410000002,218373.812,189632.09410000002,218373.812,20,20
hyperliquid,PAXG,PAXG,19,1790655235039,665,4141.75,0.2414467489209038,287380.1279,287438.87179999996,287380.1279,287438.87179999996,20,20
hyperliquid,PAXG,PAXG,20,1790655294753,358,4141.75,0.2414467489209038,222285.0666,288628.48819999996,222285.0666,288628.48819999996,20,20
hyperliquid,PAXG,PAXG,21,1790655354796,729,4140.95,0.24149339515666668,197389.509,272546.2428,197389.509,272546.2428,20,20
hyperliquid,PAXG,PAXG,22,1790655414929,643,4141.95,0.24143509017582332,221661.15110000002,217883.8988,221661.15110000002,217883.8988,20,20
hyperliquid,PAXG,PAXG,23,1790655475084,652,4142.35,0.24141177606518127,302890.2185,227572.34709999998,302890.2185,227572.34709999998,20,20
hyperliquid,PAXG,PAXG,24,1790655535277,756,4142.45,0.24140594824251238,251633.4709,300848.9782,251633.4709,300848.9782,20,20
hyperliquid,PAXG,PAXG,25,1790655594989,500,4142.45,0.24140594824251238,262692.1343,324603.3002,262692.1343,324603.3002,20,20
hyperliquid,PAXG,PAXG,26,1790655654881,764,4141.25,0.24147590070633385,175848.7939,321318.1058,175848.7939,321318.1058,20,20
hyperliquid,PAXG,PAXG,27,1790655715222,397,4141.25,0.24147590070633385,304571.1853,228746.3621,304571.1853,228746.3621,20,20
hyperliquid,PAXG,PAXG,28,1790655774969,832,4141.25,0.24147590070633385,179858.481,246704.6616,179858.481,246704.6616,20,20
hyperliquid,PAXG,PAXG,29,1790655834912,433,4141.25,0.24147590070633385,251264.9859,362466.6185,251264.9859,362466.6185,20,20
hyperliquid,PAXG,PAXG,30,1790655895168,677,4140.75,0.24150505953279833,200010.3641,334307.9877,200010.3641,334307.9877,20,20
hyperliquid,PAXG,PAXG,31,1790655955127,494,4140.75,0.24150505953279833,214311.21229999998,263543.4036,214311.21229999998,263543.4036,20,20
hyperliquid,PAXG,PAXG,32,1790656015141,394,4140.45,0.24152255820864,185072.9198,266005.9481,185072.9198,266005.9481,20,20
hyperliquid,PAXG,PAXG,33,1790656075176,310,4139.95,0.24155172830386817,301730.5434,311091.63049999997,301730.5434,311091.63049999997,20,20
hyperliquid,PAXG,PAXG,34,1790656135036,332,4139.95,0.24155172830386817,272159.0633,256360.2467,272159.0633,256360.2467,20,20
hyperliquid,SYRUP,SYRUP,0,1790654094909,521,0.22703,4.405674508767277,1975.9904099999999,2625.78053,24310.24913,15535.05384,20,20
hyperliquid,SYRUP,SYRUP,1,1790654154918,574,0.226995,3.96563119629878,2256.03974,1268.4798600000001,19455.99675,17909.39491,20,20
hyperliquid,SYRUP,SYRUP,2,1790654215138,597,0.22669,4.412283798094219,4386.04471,1075.84509,19647.27664,14869.87593,20,20
hyperliquid,SYRUP,SYRUP,3,1790654275101,607,0.22601500000000002,5.753485284354376,1450.36752,2968.4137,17503.5696,16936.62542,20,20
hyperliquid,SYRUP,SYRUP,4,1790654335096,616,0.2262,4.421843908910539,1133.25903,5612.89244,9667.97856,24615.08896,20,20
hyperliquid,SYRUP,SYRUP,5,1790654394957,783,0.22612500000000002,6.635700066357497,1410.084,2287.43241,10584.135989999999,27774.56405,20,20
hyperliquid,SYRUP,SYRUP,6,1790654454948,681,0.22557,10.645375914837274,5636.54236,1019.7480400000001,35817.05736,17537.52727,20,20
hyperliquid,SYRUP,SYRUP,7,1790654515031,655,0.225725,6.647462884998845,2455.06974,399.8918,14453.409230000001,21154.94622,20,20
hyperliquid,SYRUP,SYRUP,8,1790654575211,382,0.225465,5.76752440106576,2869.27362,2821.1633100000004,12019.72544,11970.26898,20,20
hyperliquid,SYRUP,SYRUP,9,1790654634911,828,0.22453,6.237191481779369,3061.99181,1799.59564,16594.58275,13986.9325,20,20
hyperliquid,SYRUP,SYRUP,10,1790654694974,817,0.224475,14.71178280058938,399.94473,1209.38905,23044.44712,15803.67799,20,20
hyperliquid,SYRUP,SYRUP,11,1790654755112,550,0.22362500000000002,9.395132426628372,2611.2956799999997,1661.22425,16766.52549,11483.62058,20,20
hyperliquid,SYRUP,SYRUP,12,1790654815076,725,0.222765,4.9391585469882315,2607.15831,1200.1010999999999,26491.66676,15022.49022,20,20
hyperliquid,SYRUP,SYRUP,13,1790654875134,297,0.22294999999999998,4.486316733962603,2529.46124,2229.36395,21243.51174,11801.66377,20,20
hyperliquid,SYRUP,SYRUP,14,1790654935252,742,0.22274,7.185843887540511,4884.33732,2437.8150100000003,28492.13423,15165.11636,20,20
hyperliquid,SYRUP,SYRUP,15,1790654994989,653,0.22394,6.253629338455191,400.05569,800.1815799999999,29020.66229,18253.45617,20,20
hyperliquid,SYRUP,SYRUP,16,1790655055377,313,0.224335,4.904583556268882,4955.82507,1832.07138,22939.87582,19369.74025,20,20
hyperliquid,SYRUP,SYRUP,17,1790655115383,951,0.224525,4.009265858873068,3136.05952,2389.34067,21836.055659999998,12845.83643,20,20
hyperliquid,SYRUP,SYRUP,18,1790655175085,710,0.22440500000000002,4.011410233553114,2818.54368,753.1922500000001,15450.47333,13945.54025,20,20
hyperliquid,SYRUP,SYRUP,19,1790655235068,694,0.22430499999999998,4.013198965486797,1073.28876,1212.87652,14024.20876,16106.51747,20,20
hyperliquid,SYRUP,SYRUP,20,1790655294824,429,0.224495,2.227469149551631,1080.35627,1870.4828400000001,13681.51434,14910.55443,20,20
hyperliquid,SYRUP,SYRUP,21,1790655354913,375,0.22496,0.8890864636579288,2699.3042,4949.67369,18042.19867,19835.95926,20,20
hyperliquid,SYRUP,SYRUP,22,1790655415044,758,0.2254,1.77478037092893,2867.57906,4911.20125,12812.682859999999,9567.31164,20,20
hyperliquid,SYRUP,SYRUP,23,1790655475081,649,0.22586499999999998,3.0996767479951615,520.5244700000001,3265.84263,26596.25844,11135.28244,20,20
hyperliquid,SYRUP,SYRUP,24,1790655535305,784,0.225105,8.444069152482303,1319.0500299999999,2429.80891,25536.52576,19962.16012,20,20
hyperliquid,SYRUP,SYRUP,25,1790655595144,655,0.223995,4.018754186201345,3078.1558999999997,2908.0973599999998,13469.03001,16571.94731,20,20
hyperliquid,SYRUP,SYRUP,26,1790655654909,792,0.22464499999999998,6.679431803002789,2708.1936,1855.46852,21557.76875,21926.393920000002,20,20
hyperliquid,SYRUP,SYRUP,27,1790655715381,556,0.22501500000000002,4.000533404453499,2533.25324,3270.20988,23495.838499999998,20933.36945,20,20
hyperliquid,SYRUP,SYRUP,28,1790655775064,368,0.225505,6.653950228452388,2857.41214,973.92021,18440.64905,17730.13972,20,20
hyperliquid,SYRUP,SYRUP,29,1790655835257,778,0.22522999999999999,15.99644523439192,2288.55474,891.3530000000001,24029.08394,14097.24664,20,20
hyperliquid,SYRUP,SYRUP,30,1790655895145,654,0.225155,5.775467590740657,843.5967499999999,4229.65682,22528.57956,16117.43421,20,20
hyperliquid,SYRUP,SYRUP,31,1790655955157,524,0.224985,3.111802622803861,3767.36369,2338.7931,26233.83465,22554.14793,20,20
hyperliquid,SYRUP,SYRUP,32,1790656015145,398,0.22483999999999998,5.338553252067779,3667.48148,2363.94004,21857.51736,19027.18319,20,20
hyperliquid,SYRUP,SYRUP,33,1790656075255,389,0.225245,3.108210115003729,3446.2047199999997,3608.18885,28739.94263,14501.62728,20,20
hyperliquid,SYRUP,SYRUP,34,1790656135197,493,0.22533999999999998,2.6629976476844064,2449.3405900000002,5901.69939,13469.00352,13498.66582,20,20
hyperliquid,PUMP,PUMP,0,1790654094912,524,0.004824500000000001,2.0729684908782353,39447.10172,55850.373782,317467.96538199997,253990.399268,20,20
hyperliquid,PUMP,PUMP,1,1790654154979,635,0.0048265,2.0721094073761215,43070.365478,31520.169942,324906.698013,319263.69336800004,20,20
hyperliquid,PUMP,PUMP,2,1790654215141,600,0.0048155,2.076843198339784,29945.491028,32979.274708000004,351748.356834,303550.849513,20,20
hyperliquid,PUMP,PUMP,3,1790654275192,698,0.004805500000000001,2.0811654526542434,31095.658704999998,56618.41226899999,314830.947312,323073.590257,20,20
hyperliquid,PUMP,PUMP,4,1790654335118,638,0.004800499999999999,2.083333333333659,35948.151193000005,42221.500845,315113.918405,332563.023348,20,20
hyperliquid,PUMP,PUMP,5,1790654395014,280,0.0048085,2.079866888520243,30577.130388999998,42516.138404,208864.72980499998,406028.090252,20,20
hyperliquid,PUMP,PUMP,6,1790654455100,833,0.004798500000000001,2.084201750729431,41748.877582999994,43307.301772,361873.799763,287912.673411,20,20
hyperliquid,PUMP,PUMP,7,1790654515034,658,0.004807499999999999,2.0802995631363785,49307.909452,34492.486354,331345.807692,350846.753675,20,20
hyperliquid,PUMP,PUMP,8,1790654575283,454,0.0047995,2.083767451550589,39604.358381,45154.177004000005,363184.992931,328148.971425,20,20
hyperliquid,PUMP,PUMP,9,1790654635043,438,0.004791,4.1753653444676075,20214.863287,44598.733051999996,264198.220029,342523.552408,20,20
hyperliquid,PUMP,PUMP,10,1790654695050,326,0.004795499999999999,2.085505735140991,34462.099899,42113.99585,356189.307094,343419.307056,20,20
hyperliquid,PUMP,PUMP,11,1790654755128,566,0.0047834999999999996,2.0907380305246193,26794.489594,27924.529118,309813.448843,305354.371676,20,20
hyperliquid,PUMP,PUMP,12,1790654815090,739,0.004779500000000001,2.092487968194945,53416.579085,28315.478863,371548.357046,348931.796877,20,20
hyperliquid,PUMP,PUMP,13,1790654875210,373,0.0047895,2.0881186051369127,90509.29848,77384.129782,275779.900566,381975.94272,20,20
hyperliquid,PUMP,PUMP,14,1790654935315,805,0.0047845000000000006,2.090301003345729,11423.961786,79128.46594299999,292810.720035,364949.298711,20,20
hyperliquid,PUMP,PUMP,15,1790654994985,649,0.0047975,2.0846362309789868,18048.012348,84110.03548399999,339071.37648599996,411459.049567,20,20
hyperliquid,PUMP,PUMP,16,1790655055375,311,0.0048125,2.07813798836165,20041.634249,51665.320066,309665.81106700003,353043.727795,20,20
hyperliquid,PUMP,PUMP,17,1790655115414,317,0.0048094999999999995,2.0794343938446147,21001.938670000003,45750.342116,348431.854778,328129.975551,20,20
hyperliquid,PUMP,PUMP,18,1790655175279,372,0.004838500000000001,2.0669698222408606,19325.527554,25537.35727,350872.891812,305074.58709,20,20
hyperliquid,PUMP,PUMP,19,1790655235130,756,0.004833499999999999,2.069108214359794,107396.739737,25610.58233,303273.324552,278734.023798,20,20
hyperliquid,PUMP,PUMP,20,1790655294905,510,0.004824500000000001,2.0729684908782353,149228.154801,19520.576059,440788.798845,223529.150501,20,20
hyperliquid,PUMP,PUMP,21,1790655354911,373,0.00483,4.1416442327602,14503.704497,40840.257056999995,329992.117903,402447.275178,20,20
hyperliquid,PUMP,PUMP,22,1790655415093,807,0.0048345,2.0686801820435363,6652.835046,53874.806273,305688.58374699997,421827.049158,20,20
hyperliquid,PUMP,PUMP,23,1790655475174,742,0.004855,4.120313143800569,6832.010609000001,65561.87786800001,335709.936616,442468.925292,20,20
hyperliquid,PUMP,PUMP,24,1790655535398,338,0.0048775,2.050440844783008,121392.836286,45684.413884,397933.160941,365569.760173,20,20
hyperliquid,PUMP,PUMP,25,1790655595147,658,0.0048614999999999995,2.057189878625909,34928.162009,62228.860105,269722.806393,315476.448981,20,20
hyperliquid,PUMP,PUMP,26,1790655654921,804,0.0048585,2.058460271714413,16275.852255,36412.361441,340198.091511,288579.091218,20,20
hyperliquid,PUMP,PUMP,27,1790655715432,607,0.0048684999999999996,2.0542317173388724,30600.409460000003,42910.551515,249163.101594,310621.437985,20,20
hyperliquid,PUMP,PUMP,28,1790655775085,389,0.0048874999999999995,2.046245140168157,21400.357007,27078.735113,297395.642314,429794.756733,20,20
hyperliquid,PUMP,PUMP,29,1790655834992,513,0.0048725,2.0525451559927355,30182.597545,25962.395923,343385.838369,306387.263568,20,20
hyperliquid,PUMP,PUMP,30,1790655895176,685,0.0048865,2.0466639377825224,26468.621649,48924.426035000004,296074.33186700003,402225.80134299997,20,20
hyperliquid,PUMP,PUMP,31,1790655955153,520,0.0048850000000000005,4.095004095003851,18008.242906,37227.262849,317428.39837,430008.971473,20,20
hyperliquid,PUMP,PUMP,32,1790656015186,439,0.0048915,2.0445716622341514,22170.476113999997,91793.846137,293295.737469,382060.010777,20,20
hyperliquid,PUMP,PUMP,33,1790656075222,356,0.0048850000000000005,4.095004095003851,42034.839982,16334.666028000001,422216.277076,313932.03488399996,20,20
hyperliquid,PUMP,PUMP,34,1790656135192,488,0.0048845,2.047502047499705,32178.173529,66461.47083,211302.312274,344783.62706,20,20
hyperliquid,XPL,XPL,0,1790654095066,678,0.0959245,0.10424919728135862,5405.7736159999995,9272.090069,5405.7736159999995,9572.251714999999,20,20
hyperliquid,XPL,XPL,1,1790654155001,657,0.09592149999999999,0.10425245775103065,8032.741816,4412.935256,8032.741816,4412.935256,20,20
hyperliquid,XPL,XPL,2,1790654215249,708,0.095965,0.2084114876410581,9706.191432,20949.120339,10106.002637,20949.120339,20,20
hyperliquid,XPL,XPL,3,1790654275268,774,0.09590950000000001,0.9384286533542507,9021.582511,17570.382481,9021.582511,17570.382481,20,20
hyperliquid,XPL,XPL,4,1790654335254,774,0.0959415,0.10423072513310316,11825.126477,3045.483597,12025.238309,3045.483597,20,20
hyperliquid,XPL,XPL,5,1790654395107,373,0.0959165,0.5213003315485132,13268.992522,14551.487642999999,13669.024322000001,14551.487642999999,20,20
hyperliquid,XPL,XPL,6,1790654455121,314,0.09571550000000001,2.194242725042095,5275.372727,19140.45147,5275.372727,19140.45147,20,20
hyperliquid,XPL,XPL,7,1790654515112,736,0.09581049999999999,0.1043732387007168,3363.865633,24173.021172,3363.865633,24173.021172,20,20
hyperliquid,XPL,XPL,8,1790654575411,582,0.0959835,0.10418511611431924,1155887.147022,4511.9145260000005,1156864.157691,4511.9145260000005,20,20
hyperliquid,XPL,XPL,9,1790654635242,637,0.096302,1.8692947566267826,887421.571158,18207.492612,897353.3174070001,18207.492612,20,20
hyperliquid,XPL,XPL,10,1790654695078,354,0.096251,0.20779220779143515,817122.044473,17104.06279,852523.616548,17104.06279,20,20
hyperliquid,XPL,XPL,11,1790654755135,573,0.0962515,0.1038950244680592,813484.465993,24326.652372999997,844382.0305400001,33798.586298999995,20,20
hyperliquid,XPL,XPL,12,1790654815267,394,0.0963325,5.918757268650321,429386.527723,282.756925,454707.473968,33209.374712,20,20
hyperliquid,XPL,XPL,13,1790654875414,577,0.096393,0.6224712107050223,3298.335024,4920.774299,3298.335024,4920.774299,20,20
hyperliquid,XPL,XPL,14,1790654935335,825,0.0959365,0.10423615743881953,121128.46605799999,5712.860704,159605.799209,5712.860704,20,20
hyperliquid,XPL,XPL,15,1790654995187,315,0.0963205,0.10382059800750909,107657.236129,5883.737921,128937.047114,5883.737921,20,20
hyperliquid,XPL,XPL,16,1790655055435,371,0.0965945,0.10352609892905207,103502.123784,5086.99508,131356.183985,5086.99508,20,20
hyperliquid,XPL,XPL,17,1790655115523,426,0.09684,0.4130609884556158,101234.261302,6462.6855829999995,122343.681261,6462.6855829999995,20,20
hyperliquid,XPL,XPL,18,1790655175326,419,0.096855,0.6195019204557894,99931.49177000001,3864.258557,141902.642396,3864.258557,20,20
hyperliquid,XPL,XPL,19,1790655235220,846,0.0969665,0.10312893178987537,97846.675445,5502.786423,109319.42067400001,5502.786423,20,20
hyperliquid,XPL,XPL,20,1790655294938,543,0.0967865,0.10332072820418148,105538.921894,4248.862423,119382.85820199999,4248.862423,20,20
hyperliquid,XPL,XPL,21,1790655354992,454,0.0969335,0.9285146860071869,99751.382186,5671.006854,99751.382186,5671.006854,20,20
hyperliquid,XPL,XPL,22,1790655415126,282,0.096825,1.8591968269721093,93022.657056,7957.0622,93022.657056,7957.0622,20,20
hyperliquid,XPL,XPL,23,1790655475281,325,0.0972255,0.10285420416478175,1639.054689,4347.063665,18809.217499000002,4347.063665,20,20
hyperliquid,XPL,XPL,24,1790655535506,446,0.097025,2.680080814745356,4397.271517,4762.9116109999995,27993.085078,4762.9116109999995,20,20
hyperliquid,XPL,XPL,25,1790655595193,704,0.09747549999999999,0.10259040779558859,82300.94966500001,5601.301729,87354.298546,5601.301729,20,20
hyperliquid,XPL,XPL,26,1790655655070,436,0.097369,0.41081680651533503,87051.73054,6998.14951,132198.287628,6998.14951,20,20
hyperliquid,XPL,XPL,27,1790655715411,586,0.0974685,0.10259777567966921,4433.455371,6871.544002,4433.455371,6871.544002,20,20
hyperliquid,XPL,XPL,28,1790655775167,471,0.097579,0.2049642337409452,5018.163737,6364.292368,5018.163737,6364.292368,20,20
hyperliquid,XPL,XPL,29,1790655835283,804,0.09729499999999999,2.4670291828998714,8665.913921,4018.096232,8665.913921,4018.096232,20,20
hyperliquid,XPL,XPL,30,1790655895341,850,0.0972195,0.10286055194930199,7612.318246,5437.111444,7612.318246,5437.111444,20,20
hyperliquid,XPL,XPL,31,1790655955327,694,0.0970955,0.10299191513407635,73033.30624,4047.617802,83693.593354,4047.617802,20,20
hyperliquid,XPL,XPL,32,1790656015363,616,0.097085,0.6180342390971205,9089.6237,3928.793316,14554.604115,3928.793316,20,20
hyperliquid,XPL,XPL,33,1790656075361,495,0.0970695,0.3090616887124753,58090.000107,4333.892766,74956.939959,4333.892766,20,20
hyperliquid,XPL,XPL,34,1790656135263,559,0.0971555,0.10292831043257067,5473.513533,5152.402368,5473.513533,5152.402368,20,20
hyperliquid,SKY,SKY,0,1790654095101,713,0.0776975,3.4756191751195153,3828.369963,4066.389317,12841.413475,10099.46257,20,20
hyperliquid,SKY,SKY,1,1790654155053,709,0.077761,5.917311996708197,6340.646001,3011.067195,12845.574565,17286.296458,20,20
hyperliquid,SKY,SKY,2,1790654215332,791,0.0777535,6.818737375686723,5971.898196,3949.666557,13614.69167,12310.514201,20,20
hyperliquid,SKY,SKY,3,1790654275293,799,0.0777195,3.4746351633074823,7080.412438,3331.4324610000003,12140.686235,11425.207644,20,20
hyperliquid,SKY,SKY,4,1790654335285,805,0.077711,4.118669155028787,9176.18157,5532.960948,13900.707336,13408.019113,20,20
hyperliquid,SKY,SKY,5,1790654395125,391,0.077666,4.893943101473841,7353.812186,3039.452014,15229.318114,13717.33005,20,20
hyperliquid,SKY,SKY,6,1790654455138,331,0.077513,7.22720526553422,3750.395728,4790.121289,11619.868478,10187.296221,20,20
hyperliquid,SKY,SKY,7,1790654515135,759,0.077707,4.376367614880028,10121.196949,5399.141182,14745.569524999999,13780.789038,20,20
hyperliquid,SKY,SKY,8,1790654575445,616,0.07758899999999999,8.251995306676196,5445.337857,12189.502873,11962.138241,20433.091511,20,20
hyperliquid,SKY,SKY,9,1790654635429,824,0.0774405,9.689546916786806,2947.410251,11205.974389,11385.105142999999,26140.050374,20,20
hyperliquid,SKY,SKY,10,1790654695196,472,0.0773945,9.17798834007666,5789.030052,7015.4894859999995,12526.640044,15680.275593999999,20,20
hyperliquid,SKY,SKY,11,1790654755299,737,0.07739850000000001,7.884396649777692,5019.318044,5621.04058,9413.846268,14649.718777999999,20,20
hyperliquid,SKY,SKY,12,1790654815264,391,0.0773715,7.628455431718528,5859.640053,2764.722398,13239.180448,15848.506094,20,20
hyperliquid,SKY,SKY,13,1790654875411,574,0.077382,4.653327128896212,7508.535948,1056.673284,13180.470157,13468.833598,20,20
hyperliquid,SKY,SKY,14,1790654935481,440,0.077378,4.13639771464025,7971.306465,5298.668343,13140.100984,12130.144894000001,20,20
hyperliquid,SKY,SKY,15,1790654995251,379,0.07754,3.0956557630790194,7452.269134,3078.044727,12406.146764,16721.175523,20,20
hyperliquid,SKY,SKY,16,1790655055575,511,0.077643,3.0915484793436754,8654.650013,4401.85381,14839.138296,20544.478383,20,20
hyperliquid,SKY,SKY,17,1790655115514,417,0.077816,5.655963184820756,9327.539393000001,3650.610184,15306.648725,15051.057359,20,20
hyperliquid,SKY,SKY,18,1790655175461,554,0.0778305,2.184472257202863,7784.637556,5601.777301,16245.410969,16200.270584,20,20
hyperliquid,SKY,SKY,19,1790655235389,412,0.078044,4.61384666649689,12241.877937000001,3664.017291,16094.048167,13305.932853,20,20
hyperliquid,SKY,SKY,20,1790655294996,601,0.07802600000000001,5.640736372494182,8605.680191,5859.902405,13648.966316,13651.929147,20,20
hyperliquid,SKY,SKY,21,1790655354995,457,0.07814499999999999,7.937117546148453,9057.043936,2858.383367,14692.332776000001,16640.386208,20,20
hyperliquid,SKY,SKY,22,1790655415209,365,0.0781285,7.810699377706065,2273.948557,4245.238521,12874.043228999999,16457.075504,20,20
hyperliquid,SKY,SKY,23,1790655475277,321,0.078276,3.577726099512901,5197.260912,4239.725864,15685.513872,12781.514687,20,20
hyperliquid,SKY,SKY,24,1790655535494,434,0.078267,5.623362515176922,3961.491703,20402.182888,12964.762866,29686.427386,20,20
hyperliquid,SKY,SKY,25,1790655595342,853,0.07828,2.5552574421872087,4913.717058,3188.6757319999997,13091.849483,13522.810254,20,20
hyperliquid,SKY,SKY,26,1790655655118,484,0.07823250000000001,4.98638333780832,2936.2064920000003,5863.903404000001,14200.168306,14414.226993,20,20
hyperliquid,SKY,SKY,27,1790655715574,749,0.078279,3.0664264632607185,5907.416382,6422.26518,12625.477164,8626.295938,20,20
hyperliquid,SKY,SKY,28,1790655775257,561,0.0782225,4.7312157945889055,4722.231425,6773.89657,15960.777505,14575.565508,20,20
hyperliquid,SKY,SKY,29,1790655835287,808,0.0781735,7.5501638001629345,8118.16197,1831.054827,17071.096761,13871.222782,20,20
hyperliquid,SKY,SKY,30,1790655895361,870,0.07817099999999999,4.350385137035229,2659.260857,7140.683989,11573.275023,13076.612272,20,20
hyperliquid,SKY,SKY,31,1790655955380,747,0.078149,7.936711129317153,6313.122473,3843.06084,15877.564466,17855.917260000002,20,20
hyperliquid,SKY,SKY,32,1790656015339,592,0.078109,9.478430167024765,7104.368112,1457.810191,16272.243995,17629.991615,20,20
hyperliquid,SKY,SKY,33,1790656075403,537,0.0781135,5.762507843414255,6087.292187,5335.349284,12732.287608,11312.739541,20,20
hyperliquid,SKY,SKY,34,1790656135491,787,0.07813149999999999,5.24894061015635,5543.98543,2688.011234,14017.474959,14479.473622,20,20
hyperliquid,ASTER,ASTER,0,1790654095096,708,0.703715,1.563254981100659,24624.84003,28314.53461,24624.84003,28314.53461,20,20
hyperliquid,ASTER,ASTER,1,1790654155104,760,0.70378,1.4209995310698886,25354.0688,28172.19931,25354.0688,28172.19931,20,20
hyperliquid,ASTER,ASTER,2,1790654215328,787,0.703635,3.2692745053441996,50203.53673,31780.61752,50203.53673,34672.807120000005,20,20
hyperliquid,ASTER,ASTER,3,1790654275482,469,0.70367,1.9897669130197748,26598.69587,36277.42804,26598.69587,36277.42804,20,20
hyperliquid,ASTER,ASTER,4,1790654335306,299,0.70394,1.9890036512437703,24046.76202,58021.517009999996,24046.76202,58021.517009999996,20,20
hyperliquid,ASTER,ASTER,5,1790654395180,446,0.70394,1.420676526162623,13214.47603,48284.47312,13214.47603,48284.47312,20,20
hyperliquid,ASTER,ASTER,6,1790654455155,348,0.7028749999999999,2.703548763482999,26564.35493,28699.055809999998,26564.35493,47700.677749999995,20,20
hyperliquid,ASTER,ASTER,7,1790654515218,307,0.70271,1.1385145231757043,17175.71309,32111.22059,17175.71309,32111.22059,20,20
hyperliquid,ASTER,ASTER,8,1790654575506,677,0.703685,1.8475881868051935,28132.167599999997,27071.24941,28132.167599999997,27071.24941,20,20
hyperliquid,ASTER,ASTER,9,1790654635191,586,0.7051050000000001,0.7091393884373076,33597.09416,26423.25411,33597.09416,26423.25411,20,20
hyperliquid,ASTER,ASTER,10,1790654695178,454,0.70438,1.4197890193523577,25762.23559,25708.65376,25762.23559,25708.65376,20,20
hyperliquid,ASTER,ASTER,11,1790654755325,763,0.70398,1.9888906252218952,25384.30616,29659.76999,25384.30616,29659.76999,20,20
hyperliquid,ASTER,ASTER,12,1790654815286,413,0.704195,1.2781367606318206,14688.9073,19074.76247,14688.9073,19074.76247,20,20
hyperliquid,ASTER,ASTER,13,1790654875417,580,0.704615,2.1290487410219328,24495.86771,28682.75313,24495.86771,28682.75313,20,20
hyperliquid,ASTER,ASTER,14,1790654935645,604,0.7041299999999999,0.852151682999569,12998.72545,19658.25219,12998.72545,19658.25219,20,20
hyperliquid,ASTER,ASTER,15,1790654995245,373,0.70433,1.9879021952129428,24980.12846,32228.85623,24980.12846,32228.85623,20,20
hyperliquid,ASTER,ASTER,16,1790655055572,508,0.7051750000000001,0.7090689924127425,38916.43707,28768.52698,38916.43707,28768.52698,20,20
hyperliquid,ASTER,ASTER,17,1790655115576,479,0.705045,1.844023943942119,48529.78688,30072.9262,48529.78688,30072.9262,20,20
hyperliquid,ASTER,ASTER,18,1790655175465,558,0.7055100000000001,0.28348688873247596,24811.40624,25167.96918,26424.62751,25167.96918,20,20
hyperliquid,ASTER,ASTER,19,1790655235319,342,0.70584,1.7002465357474073,37041.49909,26244.58536,37041.49909,26244.58536,20,20
hyperliquid,ASTER,ASTER,20,1790655295013,618,0.705315,1.8433179723498228,22800.00447,27418.29387,22800.00447,27418.29387,20,20
hyperliquid,ASTER,ASTER,21,1790655355114,576,0.70523,0.5672069312701034,25470.36159,25384.029309999998,25470.36159,25384.029309999998,20,20
hyperliquid,ASTER,ASTER,22,1790655415311,467,0.705435,0.14175750960410127,22501.22667,37192.3344,22501.22667,37192.3344,20,20
hyperliquid,ASTER,ASTER,23,1790655475408,452,0.7062,1.416129717481951,18586.03226,29801.42744,18586.03226,29801.42744,20,20
hyperliquid,ASTER,ASTER,24,1790655535527,467,0.70685,1.697816890449122,20386.43222,28191.17256,27893.80604,28191.17256,20,20
hyperliquid,ASTER,ASTER,25,1790655595340,851,0.707095,0.14142471255418343,20162.84433,29848.92969,20162.84433,29848.92969,20,20
hyperliquid,ASTER,ASTER,26,1790655655099,465,0.706785,1.2734527549018715,29713.66439,27167.45933,29713.66439,27167.45933,20,20
hyperliquid,ASTER,ASTER,27,1790655715606,781,0.70746,1.1308699216860951,24563.74971,23814.2606,24563.74971,23814.2606,20,20
hyperliquid,ASTER,ASTER,28,1790655775283,587,0.707715,0.14130081530616678,491651.62016,21715.85993,501094.86478,21715.85993,20,20
hyperliquid,ASTER,ASTER,29,1790655835251,772,0.707805,0.14128284826275816,459739.37221999996,24990.484650000002,478018.63304999995,24990.484650000002,20,20
hyperliquid,ASTER,ASTER,30,1790655895372,881,0.707775,0.4238724991534326,445957.71148,46066.857169999996,462812.19064,46066.857169999996,20,20
hyperliquid,ASTER,ASTER,31,1790655955364,731,0.707705,0.14130281192459293,422752.10582,57471.748049999995,458022.62884,57471.748049999995,20,20
hyperliquid,ASTER,ASTER,32,1790656015381,634,0.70833,1.9766752322603054,42748.68183,38508.56504,42748.68183,38508.56504,20,20
hyperliquid,ASTER,ASTER,33,1790656075465,599,0.70844,0.8469671517907784,27062.23628,18739.63208,27062.23628,18739.63208,20,20
hyperliquid,ASTER,ASTER,34,1790656135495,791,0.709595,1.2684095553527897,53073.52504,43533.47284,53073.52504,43533.47284,20,20
hyperliquid,ZEC,ZEC,0,1790654095099,711,1376.05,0.7267441860459023,435969.78800000006,557200.751,1127341.251,1476918.132,20,20
hyperliquid,ZEC,ZEC,1,1790654155171,277,1376.45,0.7265329845962398,554556.104,523887.28,1039396.531,1075828.24,20,20
hyperliquid,ZEC,ZEC,2,1790654215399,858,1377.35,0.7260582298718177,438132.206,988486.1050000001,757308.9770000001,1324559.139,20,20
hyperliquid,ZEC,ZEC,3,1790654275453,440,1377.55,0.7259528130654225,487646.159,516337.828,955362.537,1104828.233,20,20
hyperliquid,ZEC,ZEC,4,1790654335447,440,1378.25,0.7255840951958525,540219.6900000001,759697.766,972090.9060000001,1345633.767,20,20
hyperliquid,ZEC,ZEC,5,1790654395200,466,1377.75,0.7258474268700965,472000.825,489250.391,1238378.264,972727.8250000001,20,20
hyperliquid,ZEC,ZEC,6,1790654455286,479,1375.2,2.9090909090911943,449556.04600000003,320867.479,1290388.455,1092988.013,20,20
hyperliquid,ZEC,ZEC,7,1790654515221,310,1377.15,0.726163677293723,586220.915,501994.15400000004,1212714.731,975752.998,20,20
hyperliquid,ZEC,ZEC,8,1790654575589,760,1378.75,0.7253209545221573,482410.831,808152.485,933248.614,1117553.782,20,20
hyperliquid,ZEC,ZEC,9,1790654635249,644,1376.95,0.726269155348902,442034.98099999997,562489.9029999999,1126001.169,946297.849,20,20
hyperliquid,ZEC,ZEC,10,1790654695240,516,1376.65,2.179440610243777,661664.421,540929.379,1340168.544,1128457.58,20,20
hyperliquid,ZEC,ZEC,11,1790654755339,777,1375.5,1.454122437107852,471770.016,489712.417,1214754.511,1029865.5549999999,20,20
hyperliquid,ZEC,ZEC,12,1790654815456,583,1376.35,2.179915709925595,469432.967,751167.644,946195.8670000001,1607545.465,20,20
hyperliquid,ZEC,ZEC,13,1790654875443,606,1376.25,0.7266385699744582,512795.103,657711.693,1280849.639,1137793.867,20,20
hyperliquid,ZEC,ZEC,14,1790654935524,483,1376.35,0.7265857734517489,472316.189,595190.151,1103521.538,1056944.328,20,20
hyperliquid,ZEC,ZEC,15,1790654995235,363,1379.55,0.7249003262055354,404106.03699999995,826917.1460000001,1099874.632,1232097.873,20,20
hyperliquid,ZEC,ZEC,16,1790655055626,562,1381.95,0.7236413633404659,484136.214,682557.3690000001,683280.999,1240290.2680000002,20,20
hyperliquid,ZEC,ZEC,17,1790655115605,508,1383.25,0.7229612492754001,581701.471,597108.544,1008312.064,1231698.719,20,20
hyperliquid,ZEC,ZEC,18,1790655175520,613,1384.15,0.7224911494851938,420067.914,1228698.515,1023313.1209999999,1649185.557,20,20
hyperliquid,ZEC,ZEC,19,1790655235461,484,1382.35,0.7234319612248186,559395.845,633793.485,872066.086,920667.471,20,20
hyperliquid,ZEC,ZEC,20,1790655295102,707,1382.15,0.7235366471314286,536456.807,713626.591,1074935.477,1131203.535,20,20
hyperliquid,ZEC,ZEC,21,1790655355099,561,1382.75,0.723222680263369,541417.701,875398.206,765803.984,1989880.457,20,20
hyperliquid,ZEC,ZEC,22,1790655415289,445,1382.15,0.7235366471314286,472558.827,852242.826,1038750.884,1396311.3,20,20
hyperliquid,ZEC,ZEC,23,1790655475426,470,1384.85,2.1665342673493626,432111.496,1255136.717,1099121.162,1595078.439,20,20
hyperliquid,ZEC,ZEC,24,1790655535585,525,1382.1,1.4471780028957326,461565.763,555046.714,1182264.914,1067449.154,20,20
hyperliquid,ZEC,ZEC,25,1790655595438,347,1385.15,0.7219695328863907,534388.551,1362327.942,1228067.439,2156174.517,20,20
hyperliquid,ZEC,ZEC,26,1790655655121,487,1384.45,0.7223345853790697,368750.7,745742.14,737653.382,1256843.794,20,20
hyperliquid,ZEC,ZEC,27,1790655715623,798,1385.95,0.7215527815862544,477751.725,785700.974,1198208.7689999999,1420243.416,20,20
hyperliquid,ZEC,ZEC,28,1790655775336,640,1387.15,0.7209285559817147,636349.96,1163697.956,1259910.895,1778593.431,20,20
hyperliquid,ZEC,ZEC,29,1790655835525,442,1385.65,0.7217090069300269,563420.333,952648.503,1325773.0219999999,1550200.747,20,20
hyperliquid,ZEC,ZEC,30,1790655895436,337,1385.55,0.7217610970755572,560391.538,722053.656,1155809.956,1255983.815,20,20
hyperliquid,ZEC,ZEC,31,1790655955505,330,1384.45,0.7223345853790697,570910.839,642310.623,1047590.317,1503611.691,20,20
hyperliquid,ZEC,ZEC,32,1790656015527,780,1383.65,0.7227522405339748,583673.4349999999,1298213.657,901330.76,1501311.362,20,20
hyperliquid,ZEC,ZEC,33,1790656075442,576,1383.75,0.7227000072274059,578279.136,1229614.045,1199498.83,1572736.842,20,20
hyperliquid,ZEC,ZEC,34,1790656135501,797,1383.95,0.7225955632628178,672205.919,978832.054,1041099.497,1543712.2149999999,20,20
hyperliquid,MON,MON,0,1790654095304,360,0.027258499999999998,0.36686477364433756,19597.398705,5469.109136,23552.910171,9726.544396,20,20
hyperliquid,MON,MON,1,1790654155247,353,0.027268,2.2006235099936156,15164.672944,5965.274771,23028.208418,6449.369331,20,20
hyperliquid,MON,MON,2,1790654215506,401,0.027243999999999997,1.46832097496441,16049.506275,4912.429323,16049.506275,9661.51747,20,20
hyperliquid,MON,MON,3,1790654275479,466,0.0271015,0.36899007416657525,6436.845872,11511.334321,15810.166314,19206.845307,20,20
hyperliquid,MON,MON,4,1790654335476,469,0.02709,0.7383070619071397,8100.293308,14380.256051,9785.42497,21093.051015,20,20
hyperliquid,MON,MON,5,1790654395316,582,0.0271035,0.36896284544285507,8455.933079999999,47876.784245999996,10471.351951,55917.367062,20,20
hyperliquid,MON,MON,6,1790654455341,534,0.027140499999999998,0.368459837876145,3658.0417,43641.961017999995,10189.767277,57640.032664,20,20
hyperliquid,MON,MON,7,1790654515323,412,0.0272435,0.3670667694466445,8458.59716,5146.802867,10138.527273,12069.452003,20,20
hyperliquid,MON,MON,8,1790654575628,799,0.027255500000000002,0.3669051550159175,10622.312149000001,14618.907629,10804.760276,19333.041539,20,20
hyperliquid,MON,MON,9,1790654635433,283,0.0271385,0.3684869924103218,5154.322196,43966.036848,8624.11557,50847.352904,20,20
hyperliquid,MON,MON,10,1790654695372,648,0.027171,1.4722661857269337,9805.832366,42685.526773,12844.585629,50273.323066,20,20
hyperliquid,MON,MON,11,1790654755496,394,0.027238,0.7342952601230301,6709.5193340000005,14792.620561,8843.445839,17841.077685,20,20
hyperliquid,MON,MON,12,1790654815468,595,0.0273065,0.36621987841600756,5510.585421,15163.808973,9676.31992,16843.869512999998,20,20
hyperliquid,MON,MON,13,1790654875611,774,0.027320999999999998,1.4641824371319778,10586.172909,14644.856780999999,14246.177728,18097.940134,20,20
hyperliquid,MON,MON,14,1790654935669,628,0.0272665,0.36675713342759764,5238.587069,15648.853909,8550.617205,18833.334173,20,20
hyperliquid,MON,MON,15,1790654995432,560,0.0273215,0.36601881336695286,5733.042218,45128.469333,7117.8604080000005,45128.469333,20,20
hyperliquid,MON,MON,16,1790655055687,623,0.027415000000000002,2.918536354017398,8059.840308,8925.213459,11113.70328,9928.108648,20,20
hyperliquid,MON,MON,17,1790655115715,618,0.0273965,1.825217200845941,8159.796346,19180.049087,12804.969157,19393.298111,20,20
hyperliquid,MON,MON,18,1790655175646,739,0.027456500000000002,0.36421911421724573,7157.660355,41352.94841,11865.467903,52329.198162,20,20
hyperliquid,MON,MON,19,1790655235464,487,0.0274835,0.36386129607324236,5368.825977,8201.40028,5916.991638,16248.177655,20,20
hyperliquid,MON,MON,20,1790655295187,792,0.027471000000000002,0.7280669821607688,7826.3754309999995,23531.220944,7967.130577999999,23671.663444,20,20
hyperliquid,MON,MON,21,1790655355185,647,0.0274685,0.3640599970888836,7151.540717,36452.835850999996,7641.167315000001,39662.707763,20,20
hyperliquid,MON,MON,22,1790655415408,564,0.0274715,0.36402023952497586,5785.284772,25664.345921,8206.594192,38881.642868,20,20
hyperliquid,MON,MON,23,1790655475475,519,0.027535,0.7263746640528979,6455.384835,16038.067053,6734.323116,16177.728774,20,20
hyperliquid,MON,MON,24,1790655535716,656,0.0274615,4.735020943360535,4783.061185,18758.205068,5337.573773,28090.794674,20,20
hyperliquid,MON,MON,25,1790655595543,452,0.0275685,0.3627394080085722,6974.600785,27025.781612,8062.847460999999,44686.115309,20,20
hyperliquid,MON,MON,26,1790655655296,662,0.0275595,1.088613106901004,6563.9035380000005,11774.028221,6696.052338,11774.028221,20,20
hyperliquid,MON,MON,27,1790655715762,391,0.027581500000000002,0.3625684347907665,7359.429381,20828.590469000002,7359.429381,23656.296864,20,20
hyperliquid,MON,MON,28,1790655775449,753,0.0276155,0.36212203512686614,7726.78136,16254.31494,7726.78136,16254.31494,20,20
hyperliquid,MON,MON,29,1790655835464,381,0.0275395,2.542126670539435,5764.503162,18182.478948,5764.503162,19928.871220999998,20,20
hyperliquid,MON,MON,30,1790655895840,741,0.027466499999999998,1.8205651034075565,3667.9960419999998,9847.369913,5456.934312,12832.93278,20,20
hyperliquid,MON,MON,31,1790655955557,382,0.0274125,0.3648037355907796,10259.658631,14214.847193,12007.195975,18209.539018,20,20
hyperliquid,MON,MON,32,1790656015561,814,0.0273445,3.291880029261396,4859.033676,7232.638161999999,6545.441907,19708.022736,20,20
hyperliquid,MON,MON,33,1790656075596,730,0.02734,2.194827523136489,8742.72457,9234.352362,11223.95573,18715.967544,20,20
hyperliquid,MON,MON,34,1790656135597,359,0.027341,2.1947472382755073,8124.549166,6971.483056,9164.371547,19073.765929,20,20
hyperliquid,CC,CC,0,1790654095286,342,0.133285,2.251069257896976,6393.83724,8554.53822,32374.183040000004,39463.052520000005,20,20
hyperliquid,CC,CC,1,1790654155294,400,0.133325,2.250393818916674,14344.68257,11438.09794,39820.95964,39254.69877,20,20
hyperliquid,CC,CC,2,1790654215520,415,0.13281500000000002,3.765343775887775,5270.39473,8953.162339999999,41359.78645,27973.12442,20,20
hyperliquid,CC,CC,3,1790654275645,632,0.132525,2.2639800769752583,6121.08575,8871.57288,32139.35429,31344.23857,20,20
hyperliquid,CC,CC,4,1790654335495,488,0.13247,3.020007550018633,13427.233020000001,6232.8445,37414.08775,35321.7136,20,20
hyperliquid,CC,CC,5,1790654395384,650,0.13316,6.009615384616751,7807.52753,5958.67968,40837.69972,44284.94309,20,20
hyperliquid,CC,CC,6,1790654455338,531,0.13300499999999998,2.2558087074209254,7784.629060000001,6313.803989999999,37913.70046,36528.73023,20,20
hyperliquid,CC,CC,7,1790654515404,493,0.132985,0.7519927808696814,8857.32008,9054.56562,42123.84416,39803.39104,20,20
hyperliquid,CC,CC,8,1790654575722,341,0.13302999999999998,1.503533303262028,7911.579860000001,7554.76131,39116.7707,37004.9739,20,20
hyperliquid,CC,CC,9,1790654635436,286,0.132645,2.2619316896621555,10565.78909,12961.136110000001,43828.736150000004,46820.20649,20,20
hyperliquid,CC,CC,10,1790654695403,679,0.132465,2.2650056625117543,11877.77427,7783.713019999999,37187.08734,34145.80628,20,20
hyperliquid,CC,CC,11,1790654755523,421,0.132235,0.7562580352415971,8549.48277,7518.48556,32861.253749999996,41030.217880000004,20,20
hyperliquid,CC,CC,12,1790654815491,618,0.13212000000000002,3.028009084027339,10846.19443,7104.9382399999995,42090.96909,41711.8742,20,20
hyperliquid,CC,CC,13,1790654875608,771,0.131915,0.7580926389216813,9208.61567,9758.42241,38407.34512,40314.7298,20,20
hyperliquid,CC,CC,14,1790654935713,672,0.131685,2.2784233310546576,10886.78419,6971.12566,37769.92607,37326.23593,20,20
hyperliquid,CC,CC,15,1790654995439,567,0.13236,3.0225177572895667,11399.21466,10010.29249,39647.418,39448.406879999995,20,20
hyperliquid,CC,CC,16,1790655055764,700,0.13257000000000002,1.5087507543753986,6039.55885,11869.491100000001,34097.39224,34761.96575,20,20
hyperliquid,CC,CC,17,1790655115782,685,0.13265,3.0159089195525013,12464.207040000001,11438.73633,39206.07617,42648.7864,20,20
hyperliquid,CC,CC,18,1790655175652,745,0.13289499999999999,2.257676098735839,8516.89331,13295.474979999999,38594.15321,43602.89292,20,20
hyperliquid,CC,CC,19,1790655235537,560,0.1331,3.005710850614296,11631.061239999999,6354.0811699999995,43303.51024,40001.50039,20,20
hyperliquid,CC,CC,20,1790655295206,276,0.133135,2.2536057692312816,9271.33169,12361.0218,43722.29087,45486.53092,20,20
hyperliquid,CC,CC,21,1790655355286,748,0.13301000000000002,3.0077449432286407,6792.382100000001,10787.19527,43362.76894,45964.29825,20,20
hyperliquid,CC,CC,22,1790655415487,643,0.13291999999999998,1.5047776690990666,9577.46345,10821.88929,38872.50703,39645.55463,20,20
hyperliquid,CC,CC,23,1790655475594,638,0.133205,3.7543174650833677,6407.868,9559.209280000001,36732.71456,43121.82815,20,20
hyperliquid,CC,CC,24,1790655535725,665,0.13292500000000002,2.25716650364971,8595.44912,13267.065830000001,43326.32368,43751.80724,20,20
hyperliquid,CC,CC,25,1790655595537,446,0.133075,2.254621975048554,4011.6711,11465.05084,34538.01815,43530.00949,20,20
hyperliquid,CC,CC,26,1790655655308,674,0.13331500000000002,2.2505626406599255,6834.0681,5160.99021,42896.20067,33002.60247,20,20
hyperliquid,CC,CC,27,1790655715833,462,0.133515,0.7490075649774219,6479.134959999999,4584.790599999999,33845.97454,33184.86245,20,20
hyperliquid,CC,CC,28,1790655775468,772,0.13359500000000002,2.245845186406026,9036.624600000001,7129.2898399999995,35416.75584,33385.75173,20,20
hyperliquid,CC,CC,29,1790655835491,408,0.13368000000000002,2.992667963490625,8903.78566,8983.07177,36116.29599,33653.66977,20,20
hyperliquid,CC,CC,30,1790655896085,530,0.13379999999999997,5.980861244019309,5777.1742,4346.3088099999995,33342.87378,52872.00481,20,20
hyperliquid,CC,CC,31,1790655955580,405,0.133855,3.736083090486453,9274.26169,10053.80928,38193.84386,35172.67003,20,20
hyperliquid,CC,CC,32,1790656015570,823,0.133845,0.747160789003054,6489.262519999999,10326.791079999999,35724.71764,45482.53198,20,20
hyperliquid,CC,CC,33,1790656075649,783,0.13393500000000003,2.2401433691765504,9443.45974,7606.06182,42583.78259,38450.16826,20,20
hyperliquid,CC,CC,34,1790656135683,445,0.13411,2.9830710716693964,12270.54394,12004.220379999999,32990.23307,42406.5237,20,20
hyperliquid,ICP,ICP,0,1790654095293,349,3.21305,4.669551411762285,9086.08166,8953.14733,20094.72104,42371.33969,20,20
hyperliquid,ICP,ICP,1,1790654155436,542,3.2235500000000004,4.0336343045077605,8622.0988,15107.35827,18951.98115,40034.65677,20,20
hyperliquid,ICP,ICP,2,1790654215525,420,3.23125,4.643244079864939,2782.55445,23487.07903,41555.13631,52706.37412,20,20
hyperliquid,ICP,ICP,3,1790654275712,699,3.2295499999999997,6.504568685148371,1771.18747,4325.1482,33387.32753,44536.18451,20,20
hyperliquid,ICP,ICP,4,1790654335521,514,3.2277500000000003,7.748334108166333,3157.9458000000004,13788.88054,44118.1226,46939.13426,20,20
hyperliquid,ICP,ICP,5,1790654395411,677,3.2347,7.4222978197013845,3659.24184,57736.32066,44352.46823,76164.15367,20,20
hyperliquid,ICP,ICP,6,1790654455475,668,3.2371499999999997,6.489292667100077,2566.56846,14081.583920000001,23748.517109999997,42608.20117,20,20
hyperliquid,ICP,ICP,7,1790654515410,499,3.2493,1.8467220683282548,2868.8514,32893.38135,41530.55864,71969.29743,20,20
hyperliquid,ICP,ICP,8,1790654575784,403,3.2632000000000003,4.291187739462465,2257.23253,1220.0222099999999,17253.56581,20341.16871,20,20
hyperliquid,ICP,ICP,9,1790654635614,464,3.2555,8.604529670261929,4051.84366,25930.66159,24067.28649,56228.750609999996,20,20
hyperliquid,ICP,ICP,10,1790654695452,728,3.24415,2.157962883038156,5129.30275,6598.6079899999995,14312.87277,49537.607729999996,20,20
hyperliquid,ICP,ICP,11,1790654755534,432,3.2412,5.555041199889477,6418.41759,6578.3638599999995,35754.54493,34375.16053,20,20
hyperliquid,ICP,ICP,12,1790654815645,772,3.2443999999999997,6.783214627077427,5703.66281,7514.1874099999995,18947.56393,43620.25369,20,20
hyperliquid,ICP,ICP,13,1790654875642,273,3.2408,4.3208542946193695,11035.621599999999,14837.45673,16998.86769,42311.19183,20,20
hyperliquid,ICP,ICP,14,1790654935763,722,3.23765,4.634063455775106,4610.57664,19679.6545,36967.75589,40516.24551,20,20
hyperliquid,ICP,ICP,15,1790654995435,563,3.24785,7.08411617950544,6214.47586,18099.58783,26787.2425,37285.16087,20,20
hyperliquid,ICP,ICP,16,1790655055762,698,3.2436,6.784888203545947,5324.7366999999995,8504.22747,38517.17493,29857.35256,20,20
hyperliquid,ICP,ICP,17,1790655115788,691,3.24615,4.621926418930666,5169.8160100000005,13831.06664,34385.97793,33488.80135,20,20
hyperliquid,ICP,ICP,18,1790655175736,829,3.2469,1.2320202051308016,3543.9274,15938.611,37834.90995,40960.38602,20,20
hyperliquid,ICP,ICP,19,1790655235578,601,3.2572,5.5277462150304935,4983.8791,9273.80486,45939.95212,39768.1375,20,20
hyperliquid,ICP,ICP,20,1790655295319,389,3.2553,7.375311145938479,3653.5841100000002,49388.484899999996,50275.67653,66733.07147,20,20
hyperliquid,ICP,ICP,21,1790655355311,773,3.2518000000000002,8.614324390845418,3267.37462,48845.7896,43350.50223,66963.76744,20,20
hyperliquid,ICP,ICP,22,1790655415506,662,3.259,2.455042042595057,6045.38252,5329.11236,35331.71146,47285.92454,20,20
hyperliquid,ICP,ICP,23,1790655475627,671,3.2731500000000002,2.138841359080601,10013.43157,5097.3216600000005,25070.68375,13942.80915,20,20
hyperliquid,ICP,ICP,24,1790655535760,700,3.2625,4.292108651664517,27376.999929999998,7935.31638,56751.33308,30775.31973,20,20
hyperliquid,ICP,ICP,25,1790655595600,509,3.2639500000000004,3.98369748414229,6658.613579999999,5417.3308799999995,46664.52798,18757.47365,20,20
hyperliquid,ICP,ICP,26,1790655655304,670,3.25685,2.763788232402753,9975.69032,30115.7565,36424.33324,50834.1623,20,20
hyperliquid,ICP,ICP,27,1790655715831,460,3.2592499999999998,2.761752792439509,10146.37984,9089.37697,28861.29974,31424.3097,20,20
hyperliquid,ICP,ICP,28,1790655775524,319,3.2790999999999997,4.270375793069547,8422.38596,5644.67893,43504.60401,16498.02347,20,20
hyperliquid,ICP,ICP,29,1790655835661,578,3.27355,3.3608310418564713,8823.12434,4962.91742,36103.69851,24847.49476,20,20
hyperliquid,ICP,ICP,30,1790655895843,744,3.24665,1.5401675702331197,5306.41826,29323.542100000002,37819.761790000004,45484.86581,20,20
hyperliquid,ICP,ICP,31,1790655955687,512,3.23455,0.9275290625776478,1980.8642399999999,10999.80364,32311.81628,23852.46086,20,20
hyperliquid,ICP,ICP,32,1790656015757,405,3.23575,0.3090521370952004,10109.64818,9296.86782,33307.9863,24542.42583,20,20
hyperliquid,ICP,ICP,33,1790656075652,786,3.2393,7.411753806243482,6266.75926,9085.071899999999,35939.1471,26780.259019999998,20,20
hyperliquid,ICP,ICP,34,1790656135687,449,3.22815,3.4081050935674817,7595.28698,8244.27498,24007.169270000002,40369.58021,20,20
hyperliquid,AERO,AERO,0,1790654095472,528,0.8264750000000001,0.12099652739960831,4062.9876200000003,6646.94475,4062.9876200000003,6646.94475,20,20
hyperliquid,AERO,AERO,1,1790654156463,509,0.82519,0.7271317077894857,2649.38572,6268.68922,2649.38572,6268.68922,20,20
hyperliquid,AERO,AERO,2,1790654215598,493,0.8264050000000001,1.5732023138181894,3904.61959,5990.42968,4044.96649,5990.42968,20,20
hyperliquid,AERO,AERO,3,1790654275722,709,0.824785,3.0315523973523106,4432.58144,7416.79417,4571.82899,7416.79417,20,20
hyperliquid,AERO,AERO,4,1790654335641,634,0.82526,2.908597328938889,4137.07344,11086.44,4347.29256,11086.44,20,20
hyperliquid,AERO,AERO,5,1790654395507,773,0.82481,1.212473931810898,4559.07477,3622.7187400000003,4559.07477,3622.7187400000003,20,20
hyperliquid,AERO,AERO,6,1790654455526,719,0.823605,2.5500910746822925,5970.17834,4139.86217,5970.17834,4139.86217,20,20
hyperliquid,AERO,AERO,7,1790654515513,602,0.824315,1.5771913861084563,5439.60956,10533.376549999999,5439.60956,10533.376549999999,20,20
hyperliquid,AERO,AERO,8,1790654575830,449,0.822705,1.3371421625252289,4246.19166,4129.31969,4246.19166,4129.31969,20,20
hyperliquid,AERO,AERO,9,1790654635623,473,0.821555,2.312954982592874,115722.27071000001,8429.79712,115971.75439,8429.79712,20,20
hyperliquid,AERO,AERO,10,1790654695493,769,0.8208949999999999,1.3400906388572054,5141.76511,7856.56265,5141.76511,7856.56265,20,20
hyperliquid,AERO,AERO,11,1790654755590,488,0.819635,2.5624443278471354,5170.10438,8583.2216,5384.62348,8583.2216,20,20
hyperliquid,AERO,AERO,12,1790654815655,782,0.8187249999999999,1.8322848592200458,3401.4419199999998,4668.91914,3401.4419199999998,4668.91914,20,20
hyperliquid,AERO,AERO,13,1790654875808,439,0.817955,2.567708014917791,4705.8036,5781.3125199999995,4705.8036,5781.3125199999995,20,20
hyperliquid,AERO,AERO,14,1790654935841,800,0.8196749999999999,1.3420853566281643,3122.08658,8626.0749,3122.08658,8626.0749,20,20
hyperliquid,AERO,AERO,15,1790654995445,573,0.820025,1.8293798402346795,3871.26212,8286.23651,3871.26212,8286.23651,20,20
hyperliquid,AERO,AERO,16,1790655055826,762,0.821645,1.3388673182479494,4729.52994,10917.45708,4729.52994,10917.45708,20,20
hyperliquid,AERO,AERO,17,1790655115907,338,0.822475,2.0671457580956343,5209.80954,8111.84892,5209.80954,8111.84892,20,20
hyperliquid,AERO,AERO,18,1790655175755,293,0.823245,1.3362650177972668,3361.90603,7807.996529999999,3361.90603,7807.996529999999,20,20
hyperliquid,AERO,AERO,19,1790655235666,689,0.82388,1.2138426617158693,4287.93321,4378.77781,4287.93321,4378.77781,20,20
hyperliquid,AERO,AERO,20,1790655295353,423,0.823815,1.3353403904048378,3642.04321,11968.34924,3642.04321,11968.34924,20,20
hyperliquid,AERO,AERO,21,1790655355441,367,0.82441,2.426271669637714,3336.96088,17241.07695,3336.96088,17241.07695,20,20
hyperliquid,AERO,AERO,22,1790655415539,695,0.82376,1.699668564629775,4050.69451,8438.15337,4050.69451,8438.15337,20,20
hyperliquid,AERO,AERO,23,1790655475737,781,0.82531,1.6964761766269376,6162.33068,3385.3585199999998,6162.33068,3385.3585199999998,20,20
hyperliquid,AERO,AERO,24,1790655535779,719,0.8251999999999999,1.9391118867573276,6219.2683099999995,2744.22838,6219.2683099999995,2744.22838,20,20
hyperliquid,AERO,AERO,25,1790655595630,539,0.82602,0.7264010460161785,6208.83656,4379.24825,6208.83656,4379.24825,20,20
hyperliquid,AERO,AERO,26,1790655655487,303,0.8262,1.2104339405683007,8271.61148,6398.23129,8271.61148,6398.23129,20,20
hyperliquid,AERO,AERO,27,1790655715866,495,0.8266150000000001,1.814794202337211,7400.73628,2922.81571,7400.73628,2922.81571,20,20
hyperliquid,AERO,AERO,28,1790655775576,371,0.827495,1.5711298840992427,5632.37341,2718.11043,5632.37341,2718.11043,20,20
hyperliquid,AERO,AERO,29,1790655835682,599,0.8276600000000001,0.4833019187078236,8669.067869999999,2708.66365,8669.067869999999,2708.66365,20,20
hyperliquid,AERO,AERO,30,1790655895770,671,0.82852,2.4142343255828536,18346.54426,4768.485,18346.54426,4768.485,20,20
hyperliquid,AERO,AERO,31,1790655955738,563,0.828335,1.0865759576961231,3325.89295,4402.75978,3325.89295,4402.75978,20,20
hyperliquid,AERO,AERO,32,1790656015754,402,0.828415,1.5693849218312295,6211.65352,2869.49349,6211.65352,2869.49349,20,20
hyperliquid,AERO,AERO,33,1790656075760,349,0.8286800000000001,1.4481909681163252,5461.62758,3837.87824,5461.62758,3837.87824,20,20
hyperliquid,AERO,AERO,34,1790656135694,456,0.8290599999999999,2.6539598286978716,5961.9619999999995,2701.83689,5961.9619999999995,2701.83689,20,20
hyperliquid,LIT,LIT,0,1790654095481,537,4.357150000000001,2.524904742229328,14165.798999999999,23119.84,14165.798999999999,23119.84,20,20
hyperliquid,LIT,LIT,1,1790654155439,545,4.3567,1.836420815830575,9723.7859,19566.1207,9723.7859,19566.1207,20,20
hyperliquid,LIT,LIT,2,1790654215696,591,4.35395,0.22967913824389896,10345.1778,23004.1396,10345.1778,23004.1396,20,20
hyperliquid,LIT,LIT,3,1790654275782,769,4.3561,0.45913682277465284,18184.471299999997,23271.771,18184.471299999997,23271.771,20,20
hyperliquid,LIT,LIT,4,1790654335666,659,4.35325,1.6081233200848644,10221.2275,21867.4201,10221.2275,21867.4201,20,20
hyperliquid,LIT,LIT,5,1790654395535,801,4.3545,1.837348705817643,14931.3155,17697.7434,14931.3155,17697.7434,20,20
hyperliquid,LIT,LIT,6,1790654455528,721,4.35065,0.22985335355940606,13057.854000000001,15771.475,13057.854000000001,15771.475,20,20
hyperliquid,LIT,LIT,7,1790654515551,640,4.354100000000001,0.9187165529755958,8508.7321,22435.9109,8508.7321,22435.9109,20,20
hyperliquid,LIT,LIT,8,1790654575827,446,4.35055,0.22985863693758546,20864.6084,17005.1461,20864.6084,27101.2558,20,20
hyperliquid,LIT,LIT,9,1790654635631,481,4.350149999999999,1.1494517115329117,9326.449999999999,15209.916299999999,9326.449999999999,15209.916299999999,20,20
hyperliquid,LIT,LIT,10,1790654695567,307,4.3519,1.838446512696379,13734.537,14791.4424,13734.537,14791.4424,20,20
hyperliquid,LIT,LIT,11,1790654755697,595,4.34945,0.22991677012917933,14985.8194,11372.5855,14985.8194,11372.5855,20,20
hyperliquid,LIT,LIT,12,1790654815666,245,4.348599999999999,0.9198785760289319,14533.583999999999,11744.6574,14533.583999999999,11744.6574,20,20
hyperliquid,LIT,LIT,13,1790654875798,429,4.3473500000000005,0.23002783337000565,11036.8662,8947.223600000001,11036.8662,8947.223600000001,20,20
hyperliquid,LIT,LIT,14,1790654935863,822,4.34455,1.6113438607812114,7964.28,12986.0427,7964.28,12986.0427,20,20
hyperliquid,LIT,LIT,15,1790654995620,748,4.3529,1.3784864219101856,15978.7185,11871.5427,15978.7185,11871.5427,20,20
hyperliquid,LIT,LIT,16,1790655055878,814,4.353199999999999,2.2974245870388543,19197.6014,11642.8199,19197.6014,11642.8199,20,20
hyperliquid,LIT,LIT,17,1790655115929,360,4.352399999999999,2.2978469174383953,8965.966,16924.7476,8965.966,16924.7476,20,20
hyperliquid,LIT,LIT,18,1790655175845,383,4.35455,0.22964749110121474,10534.4432,14812.5782,10534.4432,14812.5782,20,20
hyperliquid,LIT,LIT,19,1790655235658,681,4.36165,0.22927366104097402,11061.4594,12152.8384,11061.4594,12152.8384,20,20
hyperliquid,LIT,LIT,20,1790655295488,558,4.357,1.8362943579863789,17106.210600000002,13135.0017,17106.210600000002,13135.0017,20,20
hyperliquid,LIT,LIT,21,1790655355398,324,4.3591,0.917662713069145,18558.5675,10650.920900000001,18558.5675,10650.920900000001,20,20
hyperliquid,LIT,LIT,22,1790655415605,761,4.36095,0.22931046343543926,30849.383100000003,25692.7857,35606.365900000004,25692.7857,20,20
hyperliquid,LIT,LIT,23,1790655475704,748,4.36485,0.22910557184729896,29628.6985,60538.804,29628.6985,60538.804,20,20
hyperliquid,LIT,LIT,24,1790655535915,305,4.36395,2.062564455138638,14842.1746,50304.854999999996,14842.1746,50304.854999999996,20,20
hyperliquid,LIT,LIT,25,1790655595722,631,4.36655,0.22901637467098723,13627.7085,58498.8912,13627.7085,58498.8912,20,20
hyperliquid,LIT,LIT,26,1790655655483,299,4.36505,3.4369772930364917,9427.9266,59140.1992,9427.9266,59140.1992,20,20
hyperliquid,LIT,LIT,27,1790655715951,580,4.3694500000000005,0.22886437497371404,11514.4113,60674.4207,11514.4113,67322.7487,20,20
hyperliquid,LIT,LIT,28,1790655775645,440,4.36795,0.22894297030839894,21302.9758,20316.093399999998,21302.9758,20316.093399999998,20,20
hyperliquid,LIT,LIT,29,1790655835684,601,4.36615,0.22903735599211217,25216.1804,17917.5329,25216.1804,17917.5329,20,20
hyperliquid,LIT,LIT,30,1790655895953,398,4.36645,2.0613834173177636,13983.4515,14789.8886,13983.4515,14789.8886,20,20
hyperliquid,LIT,LIT,31,1790655955742,567,4.36355,1.6043270993759684,10639.257399999999,19827.2583,10639.257399999999,19827.2583,20,20
hyperliquid,LIT,LIT,32,1790656015761,409,4.362299999999999,0.9169895233940295,31262.7675,11499.5144,31262.7675,11499.5144,20,20
hyperliquid,LIT,LIT,33,1790656075795,384,4.36055,0.6880102742856664,13026.8322,16530.4012,13026.8322,16530.4012,20,20
hyperliquid,LIT,LIT,34,1790656135781,543,4.364,0.45830564403326335,18105.093100000002,9958.4849,18105.093100000002,9958.4849,20,20
hyperliquid,XMR,XMR,0,1790654095492,548,540.345,0.18506866047207637,30244.190609999998,29396.023930000003,33384.34968,34829.91471,20,20
hyperliquid,XMR,XMR,1,1790654155569,675,540.5,1.4802205528607892,10020.58512,13893.16553,10020.58512,13893.16553,20,20
hyperliquid,XMR,XMR,2,1790654215722,617,540.415,0.1850446882922796,30749.347469999997,31768.85662,42208.154819999996,31768.85662,20,20
hyperliquid,XMR,XMR,3,1790654275903,340,540.415,0.1850446882922796,13625.568039999998,55955.9674,23117.8845,88108.59431,20,20
hyperliquid,XMR,XMR,4,1790654335711,704,539.77,3.33530981322383,10011.21803,39561.05801,10011.21803,40069.54618,20,20
hyperliquid,XMR,XMR,5,1790654395597,863,539.78,1.8527782409738514,33618.45599,14236.673999999999,33618.45599,14236.673999999999,20,20
hyperliquid,XMR,XMR,6,1790654455620,286,539.735,1.6676240063717707,15259.62722,11652.91775,15259.62722,11652.91775,20,20
hyperliquid,XMR,XMR,7,1790654515611,700,540.1600000000001,1.11084368578096,14097.08274,25032.51386,14097.08274,25032.51386,20,20
hyperliquid,XMR,XMR,8,1790654575971,590,540.38,1.1103914129728665,33073.06229,37188.3461,35021.16979,54185.1301,20,20
hyperliquid,XMR,XMR,9,1790654635816,666,540.065,2.7778292190583365,12614.90716,35442.198899999996,12614.90716,35442.198899999996,20,20
hyperliquid,XMR,XMR,10,1790654695886,626,540.3199999999999,1.8509263886579141,30592.8879,31559.5946,44018.87728,39566.63408,20,20
hyperliquid,XMR,XMR,11,1790654755756,654,540.245,0.18510291722284578,37348.70853,24321.373,41329.829150000005,24321.373,20,20
hyperliquid,XMR,XMR,12,1790654815881,460,540.385,2.7761840424966877,37126.99029,21620.26895,37380.170560000006,23382.67464,20,20
hyperliquid,XMR,XMR,13,1790654875831,462,540.28,1.4808233377761049,35664.512030000005,21910.68934,35664.512030000005,28309.45869,20,20
hyperliquid,XMR,XMR,14,1790654936012,430,539.655,0.18530529046545396,30614.276560000002,21027.77084,52532.20882,21027.77084,20,20
hyperliquid,XMR,XMR,15,1790654995625,753,539.905,1.66709887748695,35415.07063,18696.06394,35415.07063,18696.06394,20,20
hyperliquid,XMR,XMR,16,1790655055966,366,540.55,3.330496243938441,16009.36824,22038.5809,16009.36824,23092.16172,20,20
hyperliquid,XMR,XMR,17,1790655115987,418,540.46,0.7401376656046565,39262.11727,28374.77309,42395.41312,28374.77309,20,20
hyperliquid,XMR,XMR,18,1790655175933,471,540.435,0.18503784024126446,20331.03292,52647.18434,53125.84197,53156.24652,20,20
hyperliquid,XMR,XMR,19,1790655235768,791,540.475,1.2952409148092592,13134.0305,23716.95688,13134.0305,23716.95688,20,20
hyperliquid,XMR,XMR,20,1790655295505,575,540.245,0.18510291722284578,26428.780450000002,21075.49176,52532.07315,27652.9372,20,20
hyperliquid,XMR,XMR,21,1790655355499,425,540.325,0.925411808256893,31169.27422,33520.384920000004,43962.50785,40464.294870000005,20,20
hyperliquid,XMR,XMR,22,1790655415706,338,540.425,0.5551340648790593,35106.5451,24928.055800000002,35106.5451,25437.18385,20,20
hyperliquid,XMR,XMR,23,1790655475834,330,541.085,0.18481555407623418,63428.86743,21201.346410000002,63611.56995,21201.346410000002,20,20
hyperliquid,XMR,XMR,24,1790655535986,376,541.005,0.18484288354825296,55183.02984999999,13424.74848,71872.77038999999,20452.1055,20,20
hyperliquid,XMR,XMR,25,1790655595799,708,541.205,0.1847745750183094,61030.94453,18463.1343,61030.94453,18463.1343,20,20
hyperliquid,XMR,XMR,26,1790655655507,323,541.46,10.717519448601998,161065.3546,37765.87692,167142.35666,44257.92961,20,20
hyperliquid,XMR,XMR,27,1790655716043,672,541.72,1.1076445937696633,40943.548670000004,50532.38199,41961.44244,67301.37824,20,20
hyperliquid,XMR,XMR,28,1790655775718,513,541.73,0.7384024662626665,35761.57366,44273.03428,44949.77078,50301.56104,20,20
hyperliquid,XMR,XMR,29,1790655835854,771,541.6400000000001,2.215739133646366,44883.20751,40542.91182,58823.63321,41068.30334,20,20
hyperliquid,XMR,XMR,30,1790655896037,482,541.585,0.1846449278031237,35384.57764,43100.38652,35526.33012,43100.38652,20,20
hyperliquid,XMR,XMR,31,1790655955879,704,541.585,0.1846449278031237,27213.300180000002,54934.203030000004,27213.300180000002,55416.1566,20,20
hyperliquid,XMR,XMR,32,1790656015963,611,541.485,0.18467902785035406,58798.773649999996,51582.52693,61450.31447,51582.52693,20,20
hyperliquid,XMR,XMR,33,1790656075843,432,541.485,0.18467902785035406,60688.1089,53753.30299,66757.07674,53753.30299,20,20
hyperliquid,XMR,XMR,34,1790656135892,654,541.485,0.18467902785035406,59286.255410000005,43421.33803,60097.65041,43421.33803,20,20
hyperliquid,DASH,DASH,0,1790654095664,720,59.9705,2.835128914979723,7342.595,43296.54952,19096.4713,52163.32765,20,20
hyperliquid,DASH,DASH,1,1790654155633,739,60.010999999999996,2.333177788147456,10735.80734,42654.74202,20489.36107,180570.23393999998,20,20
hyperliquid,DASH,DASH,2,1790654215797,692,59.870000000000005,1.6704251231924871,8921.56342,37184.65001,18663.91761,52281.49819,20,20
hyperliquid,DASH,DASH,3,1790654275924,361,59.8205,2.50781602661565,13247.0511,2198.32987,62167.2476,42067.57178,20,20
hyperliquid,DASH,DASH,4,1790654335780,773,59.574,2.0145044319108685,7299.48708,3239.77123,8208.70504,5559.40762,20,20
hyperliquid,DASH,DASH,5,1790654395629,284,59.539,3.6957398199155556,9055.8968,54675.8572,46603.758929999996,65381.91073999999,20,20
hyperliquid,DASH,DASH,6,1790654455665,331,59.397999999999996,3.0308643014698156,12816.31812,37159.74009,54280.32591,58334.249560000004,20,20
hyperliquid,DASH,DASH,7,1790654515704,793,59.4655,3.5320830880491982,10629.99476,2594.9514400000003,22056.91201,39812.97989,20,20
hyperliquid,DASH,DASH,8,1790654575968,587,59.436499999999995,1.850885901297783,9633.19973,39676.027050000004,19032.24626,57268.22228,20,20
hyperliquid,DASH,DASH,9,1790654635832,682,59.311,3.0353107820979552,4733.53175,44711.53285999999,12961.937310000001,49906.62207,20,20
hyperliquid,DASH,DASH,10,1790654695882,622,59.334999999999994,4.720082264291214,7933.10009,5816.05794,55692.74676,21539.03248,20,20
hyperliquid,DASH,DASH,11,1790654755796,694,59.349,1.0110201193014312,724.14522,43962.04637999999,151938.67253,43962.04637999999,20,20
hyperliquid,DASH,DASH,12,1790654815884,463,59.3155,2.1919101654055417,7452.256890000001,9509.29287,85940.77636999999,58892.68387,20,20
hyperliquid,DASH,DASH,13,1790654875871,502,59.4005,2.5255501490084598,37622.45013,7619.87803,231115.10690999997,16114.97197,20,20
hyperliquid,DASH,DASH,14,1790654936031,449,59.419,3.3664932922627955,3793.6057100000003,11059.12004,9694.46319,62925.933229999995,20,20
hyperliquid,DASH,DASH,15,1790654995636,764,59.6105,1.8454827615133063,8232.77096,5710.09585,9074.4686,63837.587980000004,20,20
hyperliquid,DASH,DASH,16,1790655056014,414,59.6935,1.1727257497073929,10713.40587,42118.42315999999,14850.814989999999,47907.08374999999,20,20
hyperliquid,DASH,DASH,17,1790655116101,532,59.655,1.0058338362495256,10017.85506,5242.15696,49415.60451,191658.48793,20,20
hyperliquid,DASH,DASH,18,1790655176003,541,59.6965,1.8428238762946414,5243.63576,14553.466929999999,13412.526460000001,58195.42123,20,20
hyperliquid,DASH,DASH,19,1790655235784,807,59.704,2.0101175918796343,7685.8321000000005,5134.51969,50310.86155,44045.51555999999,20,20
hyperliquid,DASH,DASH,20,1790655295553,623,59.5955,0.8390247176670584,10240.863379999999,41616.11846,50521.39286,66501.75014999999,20,20
hyperliquid,DASH,DASH,21,1790655355549,475,59.641000000000005,2.68307816142066,10652.14175,44728.78574,20438.48427,52130.96199,20,20
hyperliquid,DASH,DASH,22,1790655415760,392,59.6475,1.5089784216093527,2953.24235,49561.85789,10578.647480000001,184000.96377,20,20
hyperliquid,DASH,DASH,23,1790655475863,359,59.852,1.0025230162580279,3272.94777,40654.87399,5514.14052,186463.14662999997,20,20
hyperliquid,DASH,DASH,24,1790655535974,364,59.504000000000005,1.3445378151266674,3784.1059,7060.64251,54091.7741,9364.02572,20,20
hyperliquid,DASH,DASH,25,1790655595796,705,59.753,1.6736961906693715,13397.496000000001,39675.09077,13797.425700000002,198799.76648,20,20
hyperliquid,DASH,DASH,26,1790655655682,498,59.727999999999994,3.6840430698115156,3840.12737,39898.8369,13412.09852,50608.36595,20,20
hyperliquid,DASH,DASH,27,1790655716060,689,60.158500000000004,8.813942659482432,2889.16729,10883.62247,9858.65483,195889.22233000002,20,20
hyperliquid,DASH,DASH,28,1790655775765,560,60.1455,7.15188610205475,2276.5803,45838.842,10224.33525,189635.06059,20,20
hyperliquid,DASH,DASH,29,1790655835881,798,60.0965,6.824688727611328,2536.1245,11258.84021,9099.2857,197309.93092,20,20
hyperliquid,DASH,DASH,30,1790655896181,626,60.0615,3.497027526602192,1658.00934,46586.359780000006,4981.43281,202531.74308,20,20
hyperliquid,DASH,DASH,31,1790655955921,746,60.047,1.6655008160948448,2583.62165,49218.70584,4632.83198,193711.99904999998,20,20
hyperliquid,DASH,DASH,32,1790656015970,618,60.023,0.9996667777412149,11961.97435,3048.3855799999997,65471.4039,193508.67497000002,20,20
hyperliquid,DASH,DASH,33,1790656075891,480,60.0565,3.164188052693362,13987.71124,43413.31177,58690.301629999994,189804.02823999999,20,20
hyperliquid,DASH,DASH,34,1790656135885,647,60.088499999999996,3.49545590731859,3970.56995,40724.60818,5427.77719,59583.72553,20,20
hyperliquid,SKR,SKR,0,1790654095670,726,0.0183095,0.5461794745764692,38216.08113,1565.96178,53923.160986999996,11105.7825,20,20
hyperliquid,SKR,SKR,1,1790654155646,752,0.0183135,2.730599093438979,6677.640501,2260.907108,16379.908285,7616.747641,20,20
hyperliquid,SKR,SKR,2,1790654215891,263,0.0183015,0.5464182285108699,6523.058604000001,3009.306484,22300.839894,11789.249155,20,20
hyperliquid,SKR,SKR,3,1790654275973,410,0.018299,1.0930156301247607,40003.520697,2521.757555,50133.910087,8363.327779000001,20,20
hyperliquid,SKR,SKR,4,1790654335834,291,0.018299,1.0930156301247607,6623.688816,2598.2992520000003,19634.591374,7907.8976170000005,20,20
hyperliquid,SKR,SKR,5,1790654395710,429,0.018299000000000003,2.1861507350928733,4121.83227,3088.102575,19654.216713,12238.501752,20,20
hyperliquid,SKR,SKR,6,1790654455716,382,0.0182895,0.5467767510536348,6872.80857,3088.993151,18856.773755,11289.562697,20,20
hyperliquid,SKR,SKR,7,1790654515739,828,0.0183035,0.5463585204612542,4145.120315,2020.274227,21062.659483,6594.536243,20,20
hyperliquid,SKR,SKR,8,1790654576025,644,0.018319500000000002,1.6377333770067892,6785.573211999999,2519.059747,15200.402966,9791.371308,20,20
hyperliquid,SKR,SKR,9,1790654635813,663,0.0182685,0.5474052988829747,4510.242592,4265.678694,14948.996539,12061.730172000001,20,20
hyperliquid,SKR,SKR,10,1790654695755,495,0.0182555,0.5477951246235513,33425.150771,3187.6057020000003,49628.233299,11718.662126000001,20,20
hyperliquid,SKR,SKR,11,1790654755783,681,0.018253,2.1916607309191427,3593.005855,3149.343301,20616.69059,11728.177311,20,20
hyperliquid,SKR,SKR,12,1790654815888,467,0.018254,2.1915406530803594,3907.383423,3954.593358,17706.176282,11738.690097,20,20
hyperliquid,SKR,SKR,13,1790654876000,631,0.018252499999999998,0.5478851632689796,34260.472154,603.618931,53138.052018,9284.156144,20,20
hyperliquid,SKR,SKR,14,1790654936050,468,0.0182375,0.5483358008451233,6242.334866,2987.627042,17429.917367000002,8519.380453,20,20
hyperliquid,SKR,SKR,15,1790654995819,409,0.0182345,1.645368288267779,5907.520856,3379.8593090000004,22130.480849,14729.242571,20,20
hyperliquid,SKR,SKR,16,1790655056086,486,0.018257000000000002,2.191180498494205,34308.869254,3331.104121,50276.154969999996,10303.353157,20,20
hyperliquid,SKR,SKR,17,1790655116129,560,0.018247,1.0961306587753405,4978.975942,2312.0215359999997,20945.822111,10525.103879,20,20
hyperliquid,SKR,SKR,18,1790655176038,576,0.01824,1.0965513460181597,4774.020270999999,2813.084712,16641.980961,11080.216323,20,20
hyperliquid,SKR,SKR,19,1790655235883,356,0.018236500000000003,1.6451878256096286,4124.261624,3088.05947,14894.591243,10239.080832,20,20
hyperliquid,SKR,SKR,20,1790655295626,696,0.0182235,0.5487570652484841,34380.828926999995,2491.058727,47473.915800999996,10986.066384,20,20
hyperliquid,SKR,SKR,21,1790655355596,522,0.0182325,1.6455487905209232,35688.364175,3199.153808,45653.624998,12564.812241,20,20
hyperliquid,SKR,SKR,22,1790655415738,370,0.018269,2.1897410631188663,61722.208033999996,2700.544167,79103.787105,10090.50711,20,20
hyperliquid,SKR,SKR,23,1790655475902,398,0.0183275,2.728512960434859,32614.349857,726.240232,43303.031369,3747.190029,20,20
hyperliquid,SKR,SKR,24,1790655535983,373,0.0182925,3.827437257368782,1734.2386940000001,640.421388,13501.967753,7662.041078,20,20
hyperliquid,SKR,SKR,25,1790655595828,737,0.0183605,3.8132592471540327,1408.092763,1527.492453,11919.890813,8694.484781,20,20
hyperliquid,SKR,SKR,26,1790655655742,558,0.0184095,0.543212559074302,749.942095,1140.944714,15056.603909,7652.464489,20,20
hyperliquid,SKR,SKR,27,1790655716080,709,0.018401,2.1740311973483806,3690.442556,1333.518294,18673.299154,8894.00517,20,20
hyperliquid,SKR,SKR,28,1790655775867,662,0.018374500000000002,1.6328307843038736,32727.39844,313.990096,50554.645919,10156.972494,20,20
hyperliquid,SKR,SKR,29,1790655835874,791,0.018382000000000003,1.0880800826940096,33905.556249,883.6703520000001,47615.579985,7528.00781,20,20
hyperliquid,SKR,SKR,30,1790655896231,676,0.018363499999999998,0.5445733267972486,1473.8653020000002,486.827993,18674.912517,7912.411186,20,20
hyperliquid,SKR,SKR,31,1790655955936,761,0.018360500000000002,2.723608236192554,36460.956681,2141.677048,51389.235128,5762.020468,20,20
hyperliquid,SKR,SKR,32,1790656015967,615,0.0183575,0.5447513210232735,3114.731037,1263.257357,20152.255068,8926.668423,20,20
hyperliquid,SKR,SKR,33,1790656075952,541,0.0183575,1.6343429941167997,3601.2828950000003,1610.112799,17423.671107000002,9015.681142,20,20
hyperliquid,SKR,SKR,34,1790656135940,702,0.018355999999999997,1.0896213565780855,3545.466548,2394.154856,15957.30524,10027.663009,20,20
hyperliquid,AZTEC,AZTEC,0,1790654095684,740,0.0183715,4.9000925573028375,3438.5324189999997,2459.823282,18160.129618,31921.184703,20,20
hyperliquid,AZTEC,AZTEC,1,1790654155805,372,0.0184005,5.979885838540699,893.929472,2484.998842,33091.208198,31668.259089,20,20
hyperliquid,AZTEC,AZTEC,2,1790654215940,312,0.0183835,3.808487486398615,1629.1237729999998,4572.634915,25046.095783,40197.286074,20,20
hyperliquid,AZTEC,AZTEC,3,1790654276074,511,0.018366,3.2674399607901528,1208.197251,2573.946132,35284.650735,24836.596411000002,20,20
hyperliquid,AZTEC,AZTEC,4,1790654335908,365,0.0183685,3.8115981486530615,690.317392,5146.171565,15644.816042,29222.770138,20,20
hyperliquid,AZTEC,AZTEC,5,1790654395728,447,0.018351,4.360385894153218,1591.7814700000001,3372.0909110000002,13979.638794,22624.011807,20,20
hyperliquid,AZTEC,AZTEC,6,1790654455719,385,0.0183715,2.7219772442710344,1321.732671,5751.315155,18160.005299,33348.471246,20,20
hyperliquid,AZTEC,AZTEC,7,1790654515793,882,0.0183805,3.8091092126024684,1618.691616,8076.432935000001,18787.927555,36679.531445,20,20
hyperliquid,AZTEC,AZTEC,8,1790654576016,635,0.0183815,3.8089019479814468,2604.148796,686.7172419999999,41538.292309000004,18048.11156,20,20
hyperliquid,AZTEC,AZTEC,9,1790654635866,716,0.018307999999999998,5.463585204610322,2767.366375,2402.99705,25816.633352,30726.665375,20,20
hyperliquid,AZTEC,AZTEC,10,1790654695809,549,0.0183085,4.9169580419583525,1987.0203510000001,5277.154568,21890.635748,31303.627018,20,20
hyperliquid,AZTEC,AZTEC,11,1790654755881,779,0.0183235,4.912931928600095,3071.921111,2849.3063449999995,18654.057926,29542.073969999998,20,20
hyperliquid,AZTEC,AZTEC,12,1790654815900,479,0.018311,4.369913147976856,1114.847178,6230.476312,13449.890574000001,31913.64876,20,20
hyperliquid,AZTEC,AZTEC,13,1790654875996,627,0.018312000000000002,6.555227794167173,2589.602213,856.956204,39679.018415,31559.582733,20,20
hyperliquid,AZTEC,AZTEC,14,1790654936118,536,0.018307999999999998,2.1850759313890578,1614.202934,4699.099483999999,24397.055943,35977.838299,20,20
hyperliquid,AZTEC,AZTEC,15,1790654995822,412,0.01836,3.2685079261329797,2017.040399,2631.641464,13355.782093,30858.437995,20,20
hyperliquid,AZTEC,AZTEC,16,1790655056159,559,0.0183715,4.9000925573028375,1041.896884,4595.973154,34540.860181,28750.863441,20,20
hyperliquid,AZTEC,AZTEC,17,1790655116181,612,0.0184015,3.8047613871072805,124.738588,4096.612086,11068.432160999999,32797.973119,20,20
hyperliquid,AZTEC,AZTEC,18,1790655176069,607,0.0184245,4.88599348534402,404.59529999999995,2935.27316,34520.292722,33904.481747,20,20
hyperliquid,AZTEC,AZTEC,19,1790655235990,463,0.0184275,2.713704206240841,141.57003600000002,2985.0473,4937.41265,57505.809800999996,20,20
hyperliquid,AZTEC,AZTEC,20,1790655295677,747,0.018410999999999997,2.172850236297208,119.970494,2762.176103,19159.788724,33775.598295,20,20
hyperliquid,AZTEC,AZTEC,21,1790655355627,553,0.0184225,3.8004234757593736,423.231782,3650.46831,37544.586112000005,28418.542946,20,20
hyperliquid,AZTEC,AZTEC,22,1790655415799,431,0.018422,4.343576935605942,447.41899399999994,3308.315356,17648.959328,30067.321574999998,20,20
hyperliquid,AZTEC,AZTEC,23,1790655475934,430,0.018487999999999997,6.492803809112768,2193.96112,49.705483,31918.441675000002,8109.626055,20,20
hyperliquid,AZTEC,AZTEC,24,1790655536165,555,0.0185675,9.159976291825966,53.595504,2103.618052,29657.791448,25725.537739,20,20
hyperliquid,AZTEC,AZTEC,25,1790655595924,336,0.0186355,6.978367062107083,115.123107,75.375207,18290.608354,16931.865741,20,20
hyperliquid,AZTEC,AZTEC,26,1790655655705,521,0.0185975,6.9926308428813755,422.014516,46.311550999999994,37901.855976,15529.514903,20,20
hyperliquid,AZTEC,AZTEC,27,1790655716149,778,0.018578499999999998,8.077109471755772,423.19594800000004,68.677604,19549.050848,15393.309687,20,20
hyperliquid,AZTEC,AZTEC,28,1790655775875,670,0.018539,10.793890657887495,2481.1910399999997,45.770679,38934.095569,15596.58548,20,20
hyperliquid,AZTEC,AZTEC,29,1790655835964,881,0.0185655,5.926724137932382,75.180694,1500.895742,11190.741356,26697.119678,20,20
hyperliquid,AZTEC,AZTEC,30,1790655896272,717,0.018583500000000003,5.920981806437631,76.762099,5690.223275,21325.900189,34634.236305,20,20
hyperliquid,AZTEC,AZTEC,31,1790655955998,823,0.018516499999999998,10.266385691901636,1133.998179,260.231728,16654.683544,12368.300571,20,20
hyperliquid,AZTEC,AZTEC,32,1790656015986,634,0.018499500000000002,4.8661800486615725,2937.2767420000005,1419.810745,21865.233872,12249.144384,20,20
hyperliquid,AZTEC,AZTEC,33,1790656075992,581,0.0185195,7.022092583588435,1096.736774,3517.9434829999996,21930.370604,27470.280831,20,20
hyperliquid,AZTEC,AZTEC,34,1790656135993,755,0.018514,6.483682731790452,1261.738735,1057.420783,22893.126694,16188.697195,20,20
hyperliquid,CHIP,CHIP,0,1790654095704,760,0.0427225,0.23407143860065815,2520.318744,4685.13263,17514.242271,20535.518559,20,20
hyperliquid,CHIP,CHIP,1,1790654155826,393,0.0427615,4.444236526948142,3097.424872,4159.836945,15821.416438,20179.897102,20,20
hyperliquid,CHIP,CHIP,2,1790654215937,309,0.042692499999999994,1.6397666846268422,1110.451078,4579.613556,16696.887846999998,18846.21037,20,20
hyperliquid,CHIP,CHIP,3,1790654276097,534,0.0426585,0.23442261709361034,1743.631653,9919.609144,14722.486712,17194.620458999998,20,20
hyperliquid,CHIP,CHIP,4,1790654335899,356,0.0426195,0.23463713367366523,1086.537797,5730.93886,11338.078418000001,18340.181546,20,20
hyperliquid,CHIP,CHIP,5,1790654395789,508,0.042610999999999996,1.8776257422481457,3336.522831,4986.843459,12793.578871,16154.007503,20,20
hyperliquid,CHIP,CHIP,6,1790654455815,481,0.042521,1.4111670351368844,2247.523002,6157.355826,13799.101029000001,13969.757206999999,20,20
hyperliquid,CHIP,CHIP,7,1790654515809,898,0.042609499999999995,1.1735160889059237,2318.680696,6151.247061,17326.203700000002,16665.958383,20,20
hyperliquid,CHIP,CHIP,8,1790654576164,783,0.042588,0.9392758183457417,5624.648923,3429.236522,21522.892093,17538.310987,20,20
hyperliquid,CHIP,CHIP,9,1790654636009,320,0.042428499999999994,1.6499705362393868,6662.590719,5536.283612,19150.01065,21387.697965,20,20
hyperliquid,CHIP,CHIP,10,1790654695948,688,0.042442,2.3564342437021324,3810.595445,3396.871768,17204.139046,13257.908506,20,20
hyperliquid,CHIP,CHIP,11,1790654755950,312,0.0424205,1.1787448724609462,3472.398302,1185.975106,16652.997242,14204.023769,20,20
hyperliquid,CHIP,CHIP,12,1790654816083,662,0.0424205,2.121840814786058,3112.451773,3549.2646,12285.323588,19842.822907,20,20
hyperliquid,CHIP,CHIP,13,1790654876026,657,0.0424015,0.7075471698114733,2800.417578,2718.9951730000002,14596.454886,19478.383705,20,20
hyperliquid,CHIP,CHIP,14,1790654936213,631,0.042382500000000004,1.1798017932984628,7031.6061549999995,3399.463573,14190.837502,12921.580388,20,20
hyperliquid,CHIP,CHIP,15,1790654995828,418,0.042474,0.9417969485769895,7737.178672,2268.3560350000002,18578.868177,15099.510087999999,20,20
hyperliquid,CHIP,CHIP,16,1790655056184,584,0.0426225,3.05049746573971,5068.15654,6610.247559,16845.570827,14139.568844,20,20
hyperliquid,CHIP,CHIP,17,1790655116192,623,0.0426025,0.23473076381508307,4716.109059,2061.621099,22175.322869,14888.134854,20,20
hyperliquid,CHIP,CHIP,18,1790655176126,664,0.0425875,0.23481344072262544,5458.783644,1606.658247,20891.935435,17595.732636,20,20
hyperliquid,CHIP,CHIP,19,1790655235959,432,0.0426125,1.6428454082473287,5119.844136,1971.6704280000001,20074.64443,24185.735365,20,20
hyperliquid,CHIP,CHIP,20,1790655295694,764,0.042591500000000004,2.1133209664925268,6059.177898,3542.807201,12042.823941,12744.628717,20,20
hyperliquid,CHIP,CHIP,21,1790655355685,611,0.042608999999999994,1.8777138833470097,4805.262602000001,2008.094095,16408.27924,16700.967785,20,20
hyperliquid,CHIP,CHIP,22,1790655415908,540,0.0426095,3.0514283031712885,2599.799818,5279.247714,20718.003425,20126.006546,20,20
hyperliquid,CHIP,CHIP,23,1790655476031,527,0.0427425,1.169864295740286,4994.004411,3711.887854,16517.034657,17729.983992,20,20
hyperliquid,CHIP,CHIP,24,1790655536197,587,0.042733,3.74488004681206,1716.034009,4563.559781,11743.043326,16016.510463,20,20
hyperliquid,CHIP,CHIP,25,1790655596002,414,0.0427985,1.1683334891099406,2967.532551,546.239832,17370.397908,18824.400715,20,20
hyperliquid,CHIP,CHIP,26,1790655655724,540,0.042859,3.7338685211540934,6024.0449579999995,1491.191674,20759.575596,14953.733164,20,20
hyperliquid,CHIP,CHIP,27,1790655716238,269,0.0429145,3.495933064534551,5648.333124,713.7324820000001,17483.135022000002,21553.270805,20,20
hyperliquid,CHIP,CHIP,28,1790655775913,708,0.04295,3.7259559405722342,4526.338411,783.793803,14119.100203,16211.84667,20,20
hyperliquid,CHIP,CHIP,29,1790655836085,388,0.042878,4.665484743864301,1507.834676,397.502036,15773.934241,18440.668721000002,20,20
hyperliquid,CHIP,CHIP,30,1790655896269,714,0.0428495,2.1005951686325908,6776.44368,901.6754729999999,23234.821994,9412.2819,20,20
hyperliquid,CHIP,CHIP,31,1790655956093,369,0.042799500000000004,2.103049421662284,6482.328946,498.121765,16598.150979,12031.706346,20,20
hyperliquid,CHIP,CHIP,32,1790656016198,345,0.042829,2.802232445180408,802.417916,5531.980273,11105.769837,13691.589885,20,20
hyperliquid,CHIP,CHIP,33,1790656076093,682,0.0428105,3.0370993365114174,3927.195651,2282.827564,14010.521816,14472.252939,20,20
hyperliquid,CHIP,CHIP,34,1790656136078,840,0.0427875,2.103639295980564,2882.601512,5692.314617,15759.560991,20992.20473,20,20
hyperliquid,GRAM,GRAM,0,1790654095952,468,1.55105,0.6447453255953306,15963.7025,30500.9768,29532.5475,53467.1234,20,20
hyperliquid,GRAM,GRAM,1,1790654155831,398,1.5514000000000001,3.868222551739464,15959.559799999999,17736.6813,36363.2414,53457.3046,20,20
hyperliquid,GRAM,GRAM,2,1790654215991,363,1.55035,10.971281058405058,1666.8319999999999,25927.0727,18302.7018,46480.4691,20,20
hyperliquid,GRAM,GRAM,3,1790654276110,547,1.54765,0.646161798913969,16624.2539,27400.5676,27325.0464,58773.1154,20,20
hyperliquid,GRAM,GRAM,4,1790654335978,435,1.5479500000000002,1.9382349140717459,15864.9748,22436.7833,26140.9013,55750.875400000004,20,20
hyperliquid,GRAM,GRAM,5,1790654395826,481,1.5531,3.863987635239763,15314.9707,15993.924,28010.5913,34864.1342,20,20
hyperliquid,GRAM,GRAM,6,1790654455851,517,1.54675,17.471204866053025,361.6236,13938.0287,12916.0557,102399.4438,20,20
hyperliquid,GRAM,GRAM,7,1790654515998,458,1.5502500000000001,0.645078054444248,12752.3852,17865.6365,27102.1213,37538.2747,20,20
hyperliquid,GRAM,GRAM,8,1790654576162,781,1.5488499999999998,0.6456611570238024,16286.4718,23780.2557,25183.3391,46486.6473,20,20
hyperliquid,GRAM,GRAM,9,1790654636007,318,1.5494500000000002,0.6454111268872076,12203.6738,28146.4207,19388.076399999998,61349.4208,20,20
hyperliquid,GRAM,GRAM,10,1790654695996,736,1.56005,0.6410256410260828,232488.09960000002,48665.1712,256815.84060000003,74011.168,20,20
hyperliquid,GRAM,GRAM,11,1790654756039,401,1.5606499999999999,0.6407791874929458,203141.4689,15085.900599999999,221916.3134,36836.249299999996,20,20
hyperliquid,GRAM,GRAM,12,1790654816085,664,1.5601,1.2820512820521657,155677.9329,33253.5738,185644.6562,47459.7534,20,20
hyperliquid,GRAM,GRAM,13,1790654876063,694,1.56005,0.6410256410260828,133240.8264,50660.7539,159959.038,64882.9515,20,20
hyperliquid,GRAM,GRAM,14,1790654936223,641,1.56025,0.6409434687859594,129936.85220000001,30795.5985,154708.3321,43787.0799,20,20
hyperliquid,GRAM,GRAM,15,1790654995859,449,1.56005,0.6410256410260828,114973.13369999999,39223.823599999996,135058.6318,60355.0094,20,20
hyperliquid,GRAM,GRAM,16,1790655056205,605,1.5619,1.280573697015619,18986.888,20412.4354,144889.2519,36451.553,20,20
hyperliquid,GRAM,GRAM,17,1790655116306,737,1.5603500000000001,0.6409023905651345,129184.80700000002,15743.0013,149705.3464,32726.3934,20,20
hyperliquid,GRAM,GRAM,18,1790655176191,729,1.56135,0.6404918977764851,138984.85259999998,15608.134399999999,145188.3911,42708.888,20,20
hyperliquid,GRAM,GRAM,19,1790655235982,455,1.56235,0.6400819304874794,23677.6042,14512.9854,33785.3309,25602.0745,20,20
hyperliquid,GRAM,GRAM,20,1790655295757,827,1.56115,1.9218449711710939,93310.3203,20604.7009,106962.64450000001,37621.0297,20,20
hyperliquid,GRAM,GRAM,21,1790655355741,667,1.56385,4.4771346338357,17962.985399999998,20360.6007,39577.7494,41015.494,20,20
hyperliquid,GRAM,GRAM,22,1790655415932,564,1.5657,1.2774655084313302,23535.7518,17998.3724,36543.0649,37963.267400000004,20,20
hyperliquid,GRAM,GRAM,23,1790655476066,562,1.5679500000000002,1.9135093761968314,7882.5076,12054.3619,23590.8615,23183.4439,20,20
hyperliquid,GRAM,GRAM,24,1790655536169,559,1.5674000000000001,2.5523226135804045,20816.0143,16004.8365,30248.1998,40641.4885,20,20
hyperliquid,GRAM,GRAM,25,1790655596005,417,1.5686499999999999,1.91265540325114,25535.4997,16691.1669,39428.4724,36674.6254,20,20
hyperliquid,GRAM,GRAM,26,1790655655867,683,1.56805,1.9133873333765372,35998.7309,13568.5934,46037.0255,32717.4295,20,20
hyperliquid,GRAM,GRAM,27,1790655716247,278,1.5688499999999999,0.6374298827127589,28439.9633,1035.7108,41897.9598,21662.7649,20,20
hyperliquid,GRAM,GRAM,28,1790655775950,745,1.56845,0.6375924509050002,22160.8259,14630.4954,36605.8647,30535.533,20,20
hyperliquid,GRAM,GRAM,29,1790655836069,372,1.5681500000000002,0.6377144314773098,25609.2059,16654.7957,35501.8923,43392.5935,20,20
hyperliquid,GRAM,GRAM,30,1790655896366,811,1.5671499999999998,0.638121370684086,27079.694600000003,15302.5671,44118.9677,37650.3515,20,20
hyperliquid,GRAM,GRAM,31,1790655956517,793,1.5671499999999998,0.638121370684086,24194.2424,15059.3923,43401.2925,35677.2914,20,20
hyperliquid,GRAM,GRAM,32,1790656016186,333,1.5648499999999999,0.6390593047034265,36388.5148,11121.3865,42486.0105,26608.7451,20,20
hyperliquid,GRAM,GRAM,33,1790656076084,673,1.5673,1.276161306789092,27665.2234,14284.1904,40321.2966,38773.0671,20,20
hyperliquid,GRAM,GRAM,34,1790656136079,841,1.57375,3.177629488402278,20091.3969,15508.0613,38193.1147,26926.1979,20,20
hyperliquid,CASHCAT,CASHCAT,0,1790654095948,464,0.17052499999999998,4.105812657633212,373.21560999999997,4107.45378,4159.41259,9623.76215,20,20
hyperliquid,CASHCAT,CASHCAT,1,1790654156002,569,0.171315,6.422982599556537,2027.9832000000001,3364.61525,9663.85769,12589.140239999999,20,20
hyperliquid,CASHCAT,CASHCAT,2,1790654216082,454,0.171095,4.092131415878164,2429.02094,1655.2193300000001,8627.62702,7010.81565,20,20
hyperliquid,CASHCAT,CASHCAT,3,1790654276160,597,0.17083500000000001,7.612578321718466,1244.55427,2789.82877,8358.41848,7254.17716,20,20
hyperliquid,CASHCAT,CASHCAT,4,1790654336028,485,0.17066,7.033997655334634,1340.0054,2852.48556,7905.18031,10550.05508,20,20
hyperliquid,CASHCAT,CASHCAT,5,1790654395901,556,0.17025,5.87544065804968,985.60093,1990.62247,10025.19487,10431.6887,20,20
hyperliquid,CASHCAT,CASHCAT,6,1790654455909,575,0.170085,5.292872265350024,3957.2689,3669.52804,10773.18241,9591.229080000001,20,20
hyperliquid,CASHCAT,CASHCAT,7,1790654515929,389,0.1704,8.219338930310904,874.89108,2087.16428,3746.09414,9533.14651,20,20
hyperliquid,CASHCAT,CASHCAT,8,1790654576208,297,0.17063,2.3445284567125135,270.7922,1874.21289,6047.03975,7076.59725,20,20
hyperliquid,CASHCAT,CASHCAT,9,1790654636022,333,0.17004,3.5292041644607863,1156.614,1072.5369,8440.61874,10788.08315,20,20
hyperliquid,CASHCAT,CASHCAT,10,1790654696076,816,0.170605,5.276735459662785,282.78848,3564.1467000000002,6023.39935,11311.69433,20,20
hyperliquid,CASHCAT,CASHCAT,11,1790654756243,605,0.17035,3.5227806481930024,531.50094,2047.72048,8695.84947,8109.57677,20,20
hyperliquid,CASHCAT,CASHCAT,12,1790654816080,659,0.17025,4.700076376240592,815.48913,2471.95505,8878.29201,6679.5231,20,20
hyperliquid,CASHCAT,CASHCAT,13,1790654876188,292,0.170185,5.289761372986312,1093.58094,1482.6901,7791.43375,6136.37362,20,20
hyperliquid,CASHCAT,CASHCAT,14,1790654936243,661,0.16999999999999998,2.35321802565025,2094.4866700000002,1874.74376,7705.85103,6451.96872,20,20
hyperliquid,CASHCAT,CASHCAT,15,1790654996053,643,0.17032999999999998,1.174260216063594,1020.69235,1942.55023,6426.3785100000005,9139.76528,20,20
hyperliquid,CASHCAT,CASHCAT,16,1790655056280,680,0.17054999999999998,1.1727453969734292,1061.79293,2513.91509,8191.55622,8156.61089,20,20
hyperliquid,CASHCAT,CASHCAT,17,1790655116326,757,0.170995,4.094525035094332,912.73143,4979.15734,7273.34004,11726.38063,20,20
hyperliquid,CASHCAT,CASHCAT,18,1790655176229,767,0.172405,5.221629148293161,124.41324,1831.35297,6689.40786,12646.00123,20,20
hyperliquid,CASHCAT,CASHCAT,19,1790655236101,574,0.173095,4.0448399399051205,1104.42332,1565.80174,3669.76501,7880.86691,20,20
hyperliquid,CASHCAT,CASHCAT,20,1790655296267,790,0.17213499999999998,0.5809562539926816,1783.68224,2887.40483,4729.6875,6261.63269,20,20
hyperliquid,CASHCAT,CASHCAT,21,1790655355786,712,0.171885,1.7455053237913631,2140.59494,6175.5075,11229.2727,16898.92498,20,20
hyperliquid,CASHCAT,CASHCAT,22,1790655415964,596,0.17241,4.641178859430273,1881.9066599999999,2356.6137200000003,6883.90222,7720.35389,20,20
hyperliquid,CASHCAT,CASHCAT,23,1790655476092,588,0.17404,5.747456750386792,1216.11277,556.95436,10312.20787,10219.75766,20,20
hyperliquid,CASHCAT,CASHCAT,24,1790655536213,603,0.17365,5.760368663594306,1581.76888,696.0942,14257.0814,8182.947099999999,20,20
hyperliquid,CASHCAT,CASHCAT,25,1790655596026,438,0.173895,0.5750761975975571,1216.47459,517.57055,5735.44435,5065.400439999999,20,20
hyperliquid,CASHCAT,CASHCAT,26,1790655655899,715,0.17336000000000001,11.543345261457727,193.67128,3108.9278,14292.59492,11570.61197,20,20
hyperliquid,CASHCAT,CASHCAT,27,1790655716319,350,0.17341,10.385414262634729,423.84776999999997,1059.26282,8693.067930000001,9158.23183,20,20
hyperliquid,CASHCAT,CASHCAT,28,1790655776092,385,0.173795,0.5754071005248385,135.5332,2364.6703,4611.739,8810.62191,20,20
hyperliquid,CASHCAT,CASHCAT,29,1790655836071,374,0.17424,9.186954524573743,6578.3441,2731.08086,12602.78497,8774.24882,20,20
hyperliquid,CASHCAT,CASHCAT,30,1790655896435,314,0.17407,5.7464659234574,365.20002,4053.10287,7193.4192299999995,8082.72808,20,20
hyperliquid,CASHCAT,CASHCAT,31,1790655956172,448,0.174595,4.010082493126621,338.81169,2366.70589,5372.48068,14286.22288,20,20
hyperliquid,CASHCAT,CASHCAT,32,1790656016164,311,0.17485,2.287936852942707,632.41366,1966.0790200000001,6882.50002,8690.48916,20,20
hyperliquid,CASHCAT,CASHCAT,33,1790656076140,729,0.1748,1.1442302191189135,1230.39275,1369.74885,5408.58886,7979.30603,20,20
hyperliquid,CASHCAT,CASHCAT,34,1790656136186,401,0.174895,0.571787981016314,400.2841,781.38705,7317.73088,10270.65713,20,20
hyperliquid,PONS,PONS,0,1790654095898,414,0.526725,0.18985419198092046,17205.469670000002,7907.63614,23674.77119,11793.72789,20,20
hyperliquid,PONS,PONS,1,1790654156007,574,0.52755,3.41258104879838,17876.84734,6113.002570000001,20469.16397,25161.95352,20,20
hyperliquid,PONS,PONS,2,1790654216126,498,0.52626,1.5202766903565923,18527.176799999997,4933.3907,41130.28277,6647.47139,20,20
hyperliquid,PONS,PONS,3,1790654276262,699,0.526215,0.19003819767826613,15306.440879999998,11155.05285,27200.65268,13454.43847,20,20
hyperliquid,PONS,PONS,4,1790654336092,549,0.525805,3.9946737683105304,17096.8357,2570.08341,42602.28572,5781.02165,20,20
hyperliquid,PONS,PONS,5,1790654395937,592,0.526445,0.18995517057973643,17480.18057,6286.44652,17480.18057,14051.2525,20,20
hyperliquid,PONS,PONS,6,1790654455912,578,0.52603,3.0421142694159187,7747.04037,9882.39731,15143.75398,11834.35265,20,20
hyperliquid,PONS,PONS,7,1790654516027,487,0.527425,0.18960221455310844,17740.468670000002,10497.82116,28564.870580000003,11251.87656,20,20
hyperliquid,PONS,PONS,8,1790654576211,300,0.527895,2.0839648378312425,4706.01449,14449.815709999999,19329.17527,14449.815709999999,20,20
hyperliquid,PONS,PONS,9,1790654636090,401,0.5263599999999999,3.800402842704109,11961.31748,6755.409619999999,19942.16999,14696.62552,20,20
hyperliquid,PONS,PONS,10,1790654696079,819,0.52632,1.1400558627361335,16210.43257,9634.84742,22554.953980000002,15447.23791,20,20
hyperliquid,PONS,PONS,11,1790654756127,489,0.5266500000000001,3.798309752161,3532.9723599999998,9578.785740000001,16728.75093,24197.24922,20,20
hyperliquid,PONS,PONS,12,1790654816093,672,0.5263899999999999,3.040033440369072,14595.450089999998,8423.580460000001,32266.95476,15481.89095,20,20
hyperliquid,PONS,PONS,13,1790654876192,296,0.52696,3.0367446097767647,19840.8264,7094.92888,36138.989,11731.42578,20,20
hyperliquid,PONS,PONS,14,1790654936309,727,0.5266,3.0388209374776487,18469.727619999998,5647.8571,32654.79715,14314.71154,20,20
hyperliquid,PONS,PONS,15,1790654996014,604,0.527485,0.18958064760932203,18646.43979,9064.86914,42647.35754,9546.42418,20,20
hyperliquid,PONS,PONS,16,1790655056356,756,0.5289900000000001,1.1343012704179145,15319.00275,8718.260549999999,39549.13267,11338.28706,20,20
hyperliquid,PONS,PONS,17,1790655116377,808,0.52912,1.5120586678762926,7376.12922,16630.238820000002,20752.09292,31816.89413,20,20
hyperliquid,PONS,PONS,18,1790655176263,801,0.5286900000000001,4.162094668735961,8324.42201,9437.06178,21136.93803,24291.61047,20,20
hyperliquid,PONS,PONS,19,1790655236185,658,0.5287550000000001,0.18912529550663137,18303.12677,6351.92828,25062.36171,15156.15369,20,20
hyperliquid,PONS,PONS,20,1790655296284,807,0.5294449999999999,1.3222266296430973,13116.90751,2625.1571400000003,39268.444670000004,12726.91842,20,20
hyperliquid,PONS,PONS,21,1790655355834,760,0.529915,2.4535245824286456,16285.84128,12340.81643,18799.96485,24395.38186,20,20
hyperliquid,PONS,PONS,22,1790655415995,627,0.5296449999999999,4.721256987458844,7270.40501,4768.27161,8740.99968,25991.56147,20,20
hyperliquid,PONS,PONS,23,1790655476126,622,0.532185,1.3154185849861832,12960.70527,5585.82272,33704.81464,16539.64875,20,20
hyperliquid,PONS,PONS,24,1790655536378,768,0.53286,2.252252252250564,8441.61242,3845.5371099999998,32633.26111,13384.376260000001,20,20
hyperliquid,PONS,PONS,25,1790655596106,518,0.533245,0.1875328182432412,6887.55088,24609.36763,33301.54487,24764.70343,20,20
hyperliquid,PONS,PONS,26,1790655655916,732,0.53269,3.3796470146474356,14638.76299,7569.34044,36750.84033,36107.71365,20,20
hyperliquid,PONS,PONS,27,1790655716338,369,0.533335,0.18750117188437443,2555.55512,20101.51993,38192.1432,21165.571519999998,20,20
hyperliquid,PONS,PONS,28,1790655776128,421,0.53461,2.2448788700768496,7530.27704,11832.03835,21449.03293,30395.97423,20,20
hyperliquid,PONS,PONS,29,1790655836159,462,0.532605,0.18775816748251017,12140.12176,6675.21703,40331.63805,11081.44133,20,20
hyperliquid,PONS,PONS,30,1790655896481,360,0.531345,2.82342311818784,18228.13344,7368.08645,21871.1413,12997.399440000001,20,20
hyperliquid,PONS,PONS,31,1790655956269,545,0.531895,0.18800879881375465,15893.805190000001,1929.78812,15893.805190000001,25836.8709,20,20
hyperliquid,PONS,PONS,32,1790656016202,349,0.53182,4.137593801132322,12783.892960000001,10606.80313,34719.61535,25392.88191,20,20
hyperliquid,PONS,PONS,33,1790656076186,775,0.531155,1.6945642145693718,5093.92005,10533.70178,19128.599309999998,29995.07645,20,20
hyperliquid,PONS,PONS,34,1790656136230,445,0.530975,5.086278351291718,17900.152830000003,8449.60487,45752.80231,15492.09737,20,20
hyperliquid,USELESS,USELESS,0,1790654095901,417,0.23286,1.7179178835258213,2883.31481,2821.20492,7240.63009,14091.9031,20,20
hyperliquid,USELESS,USELESS,1,1790654156033,600,0.232905,0.42936882782340646,3974.95049,5348.65139,12291.09128,11021.252410000001,20,20
hyperliquid,USELESS,USELESS,2,1790654216130,502,0.23253000000000001,2.580645161289752,1934.09394,3933.65915,12486.82136,12951.19666,20,20
hyperliquid,USELESS,USELESS,3,1790654276286,723,0.232455,2.1511853031008776,1372.71913,5014.21031,4588.74539,27502.83932,20,20
hyperliquid,USELESS,USELESS,4,1790654336094,551,0.232045,0.43096017928068164,2604.36716,2759.14584,10438.919240000001,5524.9147,20,20
hyperliquid,USELESS,USELESS,5,1790654395975,694,0.232495,2.1508151589455515,2742.06405,5168.34912,9028.10123,12433.42081,20,20
hyperliquid,USELESS,USELESS,6,1790654456010,676,0.23245500000000002,3.8724667613276864,2023.70938,1424.82996,14306.61954,16286.49671,20,20
hyperliquid,USELESS,USELESS,7,1790654516058,518,0.23322500000000002,2.1440823327623093,2838.02207,5650.03967,23791.63177,21286.17567,20,20
hyperliquid,USELESS,USELESS,8,1790654576368,457,0.23243,2.58175559380458,1339.72014,20137.4716,12265.91246,28869.07353,20,20
hyperliquid,USELESS,USELESS,9,1790654636198,509,0.23176,6.906077348065587,1440.6321699999999,3398.38917,17457.13235,14912.45184,20,20
hyperliquid,USELESS,USELESS,10,1790654696142,354,0.23160999999999998,4.318535152876279,7158.73782,584.23163,20186.13648,8679.289569999999,20,20
hyperliquid,USELESS,USELESS,11,1790654756143,505,0.23200500000000002,0.43103448275738643,1197.96503,4078.59045,18996.61777,23100.44533,20,20
hyperliquid,USELESS,USELESS,12,1790654816382,451,0.231355,2.161414429602271,12300.92267,1768.7865499999998,16189.94701,29649.99311,20,20
hyperliquid,USELESS,USELESS,13,1790654876232,336,0.23089500000000002,3.032140691328067,4289.63842,810.7072800000001,14825.17273,8574.3569,20,20
hyperliquid,USELESS,USELESS,14,1790654936416,301,0.230855,2.166096261317918,1847.12607,2524.27541,11169.79474,15677.67688,20,20
hyperliquid,USELESS,USELESS,15,1790654996018,608,0.23145,1.7283843926896303,2133.47783,2808.757,10584.34793,13095.66478,20,20
hyperliquid,USELESS,USELESS,16,1790655056449,849,0.23172500000000001,3.88466850828717,2256.97798,1384.75928,17840.59546,13625.5497,20,20
hyperliquid,USELESS,USELESS,17,1790655116396,827,0.231625,3.8863459711535597,4481.25605,947.08195,13775.76722,12376.67674,20,20
hyperliquid,USELESS,USELESS,18,1790655176317,855,0.232105,3.016331279355189,6752.66677,2650.36302,16525.96399,15958.08145,20,20
hyperliquid,USELESS,USELESS,19,1790655236188,661,0.23227,4.306261303934633,4550.98046,3452.4714,13002.16215,13306.91846,20,20
hyperliquid,USELESS,USELESS,20,1790655296039,562,0.23204999999999998,3.4481272358943826,5008.65028,3773.24781,14819.91338,13214.99547,20,20
hyperliquid,USELESS,USELESS,21,1790655355871,797,0.23194,2.5872105558200076,6042.35598,3541.93307,13346.32064,14466.66581,20,20
hyperliquid,USELESS,USELESS,22,1790655416105,737,0.23176000000000002,1.726072322429939,3235.62714,4520.71135,10505.92439,13830.1899,20,20
hyperliquid,USELESS,USELESS,23,1790655476223,719,0.23263,1.7196165255151108,5309.471689999999,5362.16071,12105.36104,25220.51596,20,20
hyperliquid,USELESS,USELESS,24,1790655536379,769,0.23204000000000002,3.448275862067973,3490.7175399999996,4719.18385,9826.86142,22782.86734,20,20
hyperliquid,USELESS,USELESS,25,1790655596199,611,0.23282,1.7182130584192379,3280.64334,5886.83205,14315.29998,17371.92398,20,20
hyperliquid,USELESS,USELESS,26,1790655655928,744,0.233205,0.42881646655335004,2788.52784,5187.81191,9501.81899,16419.09792,20,20
hyperliquid,USELESS,USELESS,27,1790655716425,456,0.23398000000000002,3.4196802598951415,1969.46996,21236.72193,15164.59109,27817.39367,20,20
hyperliquid,USELESS,USELESS,28,1790655776134,427,0.23406,1.7091095539223389,3763.82226,4695.89914,8812.180690000001,6230.62763,20,20
hyperliquid,USELESS,USELESS,29,1790655836262,565,0.233345,3.000300030002734,1689.23301,388.70671,11565.64392,10578.5077,20,20
hyperliquid,USELESS,USELESS,30,1790655896524,403,0.23337000000000002,3.428620408862937,755.0365400000001,13708.49517,6596.02188,29575.08239,20,20
hyperliquid,USELESS,USELESS,31,1790655956283,559,0.232445,0.43021855102409745,4427.06375,4568.5818,17283.30099,17931.153140000002,20,20
hyperliquid,USELESS,USELESS,32,1790656016377,524,0.23249,4.302185510238754,2894.5911,8050.76619,6104.82359,18743.92337,20,20
hyperliquid,USELESS,USELESS,33,1790656076288,364,0.2324,2.5820889099281708,2425.33943,6707.74428,6091.07564,14373.90577,20,20
hyperliquid,USELESS,USELESS,34,1790656136330,545,0.232765,2.148320013748428,2119.65253,19536.30347,14185.3951,28208.93358,20,20
hyperliquid,US100,xyz:XYZ100,0,1790654096090,606,30185.5,0.3312903760144259,3902552.8255000003,4100228.2576,3902552.8255000003,4100228.2576,20,20
hyperliquid,US100,xyz:XYZ100,1,1790654156197,764,30179.5,0.3313562410944826,3864646.5576,3480543.0677,3864646.5576,3480543.0677,20,20
hyperliquid,US100,xyz:XYZ100,2,1790654216186,558,30173.5,0.3314221323691413,3839918.986,3672067.4669,3839918.986,3672067.4669,20,20
hyperliquid,US100,xyz:XYZ100,3,1790654276297,734,30171.5,0.33144410195307117,3536717.0052,3558866.4113,3536717.0052,3558866.4113,20,20
hyperliquid,US100,xyz:XYZ100,4,1790654336174,631,30163.5,0.3315320094166019,3519229.4491,3568443.4003000003,3519229.4491,3568443.4003000003,20,20
hyperliquid,US100,xyz:XYZ100,5,1790654396019,674,30169.5,0.3314660744480058,3296794.1879,3473297.6695,3296794.1879,3473297.6695,20,20
hyperliquid,US100,xyz:XYZ100,6,1790654456055,721,30161.5,0.33155399356887827,3151480.9559,3844709.4455,3151480.9559,3844709.4455,20,20
hyperliquid,US100,xyz:XYZ100,7,1790654516133,593,30161.5,0.33155399356887827,3335025.8455,4158417.2732,3335025.8455,4158417.2732,20,20
hyperliquid,US100,xyz:XYZ100,8,1790654576365,454,30162.5,0.3315430011263665,3508459.3465,3976966.3788,3508459.3465,3976966.3788,20,20
hyperliquid,US100,xyz:XYZ100,9,1790654636201,512,30159.5,0.3315759806366003,3436754.1607,4046168.0188,3436754.1607,4046168.0188,20,20
hyperliquid,US100,xyz:XYZ100,10,1790654696188,400,30160.5,0.3315649867374759,3465859.23,4285858.3513,3465859.23,4285858.3513,20,20
hyperliquid,US100,xyz:XYZ100,11,1790654756226,588,30159.5,0.3315759806366003,3949603.5388,4137465.0217,3949603.5388,4137465.0217,20,20
hyperliquid,US100,xyz:XYZ100,12,1790654816441,510,30161.5,0.33155399356887827,3517151.7097,3836343.292,3517151.7097,3836343.292,20,20
hyperliquid,US100,xyz:XYZ100,13,1790654876263,367,30161.5,0.33155399356887827,4079261.0219,4399668.7136,4079261.0219,4399668.7136,20,20
hyperliquid,US100,xyz:XYZ100,14,1790654936436,321,30158.5,0.331586975264031,4255937.0597,4296535.3787,4255937.0597,4296535.3787,20,20
hyperliquid,US100,xyz:XYZ100,15,1790654996058,648,30164.5,0.33152101843292314,3596262.6141,4366574.7389,3596262.6141,4366574.7389,20,20
hyperliquid,US100,xyz:XYZ100,16,1790655056396,796,30164.5,0.33152101843292314,3498109.2065,3995132.8443,3498109.2065,3995132.8443,20,20
hyperliquid,US100,xyz:XYZ100,17,1790655116621,518,30159.5,0.3315759806366003,3709413.767,3913777.7393,3709413.767,3913777.7393,20,20
hyperliquid,US100,xyz:XYZ100,18,1790655176384,320,30155.5,0.3316199635228223,4325054.2604,3640916.1063,4325054.2604,3640916.1063,20,20
hyperliquid,US100,xyz:XYZ100,19,1790655236192,665,30157.5,0.33159797061976803,3944862.7697,4365857.059,3944862.7697,4365857.059,20,20
hyperliquid,US100,xyz:XYZ100,20,1790655296006,529,30158.5,0.331586975264031,3973917.3829,4376755.862,3973917.3829,4376755.862,20,20
hyperliquid,US100,xyz:XYZ100,21,1790655355928,854,30158.5,0.331586975264031,3569856.3468,3792274.993,3569856.3468,3792274.993,20,20
hyperliquid,US100,xyz:XYZ100,22,1790655416131,763,30162.5,0.3315430011263665,4165725.1091,4036031.878,4165725.1091,4036031.878,20,20
hyperliquid,US100,xyz:XYZ100,23,1790655476266,762,30163.5,0.3315320094166019,4110267.8612,4010415.1139,4110267.8612,4010415.1139,20,20
hyperliquid,US100,xyz:XYZ100,24,1790655536399,789,30164.5,0.33152101843292314,3919406.9687,4021507.9234,3919406.9687,4021507.9234,20,20
hyperliquid,US100,xyz:XYZ100,25,1790655596204,616,30170.5,0.33145508783638533,4034093.1127,4134082.5213,4034093.1127,4134082.5213,20,20
hyperliquid,US100,xyz:XYZ100,26,1790655656271,580,30167.5,0.33148804985616565,4243229.8871,3929819.6562,4243229.8871,3929819.6562,20,20
hyperliquid,US100,xyz:XYZ100,27,1790655716439,470,30171.5,0.33144410195307117,3584962.0383,3608385.2264,3584962.0383,3608385.2264,20,20
hyperliquid,US100,xyz:XYZ100,28,1790655776140,433,30170.5,0.33145508783638533,3577936.8204,3206746.7025,3577936.8204,3206746.7025,20,20
hyperliquid,US100,xyz:XYZ100,29,1790655836257,560,30167.5,0.33148804985616565,3820389.1166999997,3481883.2287999997,3820389.1166999997,3481883.2287999997,20,20
hyperliquid,US100,xyz:XYZ100,30,1790655896545,424,30171.5,0.33144410195307117,3617194.1849,3782091.7101000003,3617194.1849,3782091.7101000003,20,20
hyperliquid,US100,xyz:XYZ100,31,1790655956383,659,30167.5,0.33148804985616565,3814318.3959,3417438.1346,3814318.3959,3417438.1346,20,20
hyperliquid,US100,xyz:XYZ100,32,1790656016384,531,30166.5,0.331499038652705,3956691.5834,3324666.6115,3956691.5834,3324666.6115,20,20
hyperliquid,US100,xyz:XYZ100,33,1790656076293,369,30165.5,0.3315100281775507,4391394.9798,3558681.9246,4391394.9798,3558681.9246,20,20
hyperliquid,US100,xyz:XYZ100,34,1790656136313,528,30165.5,0.3315100281775507,4317165.6471,3544738.2484,4317165.6471,3544738.2484,20,20
hyperliquid,TSLA,xyz:TSLA,0,1790654096142,658,357.245,0.27992386070874176,262501.15708,159448.80895,262501.15708,159448.80895,20,20
hyperliquid,TSLA,xyz:TSLA,1,1790654156221,788,357.20500000000004,0.8398891346339532,286027.6225,155967.48399,286027.6225,155967.48399,20,20
hyperliquid,TSLA,xyz:TSLA,2,1790654216314,686,357.075,0.28005713165413226,369374.34472,156115.68401,369374.34472,156115.68401,20,20
hyperliquid,TSLA,xyz:TSLA,3,1790654276444,341,357.02,0.5602083975242422,313506.05297,151904.46265,313506.05297,151904.46265,20,20
hyperliquid,TSLA,xyz:TSLA,4,1790654336283,740,356.955,0.28015128169078807,186394.71862,157204.66258,186394.71862,157204.66258,20,20
hyperliquid,TSLA,xyz:TSLA,5,1790654396181,386,357.015,0.2801041987621211,172471.61686,180269.73199,172471.61686,180269.73199,20,20
hyperliquid,TSLA,xyz:TSLA,6,1790654456099,765,356.815,0.2802612034402685,363071.08185,169081.97798,363071.08185,169081.97798,20,20
hyperliquid,TSLA,xyz:TSLA,7,1790654516221,681,356.79499999999996,0.8408543079774233,317649.21256,149786.69577,317649.21256,149786.69577,20,20
hyperliquid,TSLA,xyz:TSLA,8,1790654576399,488,356.825,0.840783610323026,241768.80373,184025.41964,241768.80373,184025.41964,20,20
hyperliquid,TSLA,xyz:TSLA,9,1790654636278,589,356.78,1.1212019284689845,219963.5143,133862.10277,219963.5143,133862.10277,20,20
hyperliquid,TSLA,xyz:TSLA,10,1790654696267,479,356.79999999999995,1.121139077302491,330139.09687,231020.80252,330139.09687,231020.80252,20,20
hyperliquid,TSLA,xyz:TSLA,11,1790654756358,720,356.83500000000004,0.8407600470827781,310388.28219,243034.42313,310388.28219,243034.42313,20,20
hyperliquid,TSLA,xyz:TSLA,12,1790654816348,417,356.825,0.2802533490275927,312163.36178,247971.76018,312163.36178,247971.76018,20,20
hyperliquid,TSLA,xyz:TSLA,13,1790654876379,483,356.81,1.1211076543604648,315195.4598,246934.53281,315195.4598,246934.53281,20,20
hyperliquid,TSLA,xyz:TSLA,14,1790654936499,384,356.78,1.1212019284689845,328345.62595,137448.00998,328345.62595,137448.00998,20,20
hyperliquid,TSLA,xyz:TSLA,15,1790654996206,796,356.75,1.121296218427048,340682.85506000003,145953.39047,340682.85506000003,145953.39047,20,20
hyperliquid,TSLA,xyz:TSLA,16,1790655056596,477,356.725,1.4017381553133035,255655.9861,106226.76227,255655.9861,106226.76227,20,20
hyperliquid,TSLA,xyz:TSLA,17,1790655116610,507,356.735,0.280324054606762,296193.70454999997,154391.49557,296193.70454999997,154391.49557,20,20
hyperliquid,TSLA,xyz:TSLA,18,1790655176521,457,356.68,0.560742422968108,252879.71314,249757.92817,252879.71314,249757.92817,20,20
hyperliquid,TSLA,xyz:TSLA,19,1790655236384,350,356.72,0.5606795436086109,252373.66981000002,180884.58419,252373.66981000002,180884.58419,20,20
hyperliquid,TSLA,xyz:TSLA,20,1790655296241,764,356.74,0.560648109213524,297045.51746,164542.52724,297045.51746,164542.52724,20,20
hyperliquid,TSLA,xyz:TSLA,21,1790655356019,327,356.78499999999997,0.8408778765045533,204079.94963000002,200261.43631,204079.94963000002,200261.43631,20,20
hyperliquid,TSLA,xyz:TSLA,22,1790655416196,295,356.78999999999996,0.5605695386523557,198332.74657,202453.57547,198332.74657,202453.57547,20,20
hyperliquid,TSLA,xyz:TSLA,23,1790655476321,817,356.805,0.8408307407714588,222982.23797,174292.92729,222982.23797,174292.92729,20,20
hyperliquid,TSLA,xyz:TSLA,24,1790655536468,335,356.89,0.5604124635727459,145799.67762,188145.32038,145799.67762,188145.32038,20,20
hyperliquid,TSLA,xyz:TSLA,25,1790655596291,703,356.96000000000004,0.560302563386017,256978.56252,180971.07721,256978.56252,180971.07721,20,20
hyperliquid,TSLA,xyz:TSLA,26,1790655656111,420,356.895,0.2801983804534558,308347.33074,136728.15534,308347.33074,136728.15534,20,20
hyperliquid,TSLA,xyz:TSLA,27,1790655716533,564,357.01,1.6807664294926639,278946.32069,246377.99005,278946.32069,246377.99005,20,20
hyperliquid,TSLA,xyz:TSLA,28,1790655776321,614,356.96500000000003,0.8404538450768051,298098.4053,139279.04461,298098.4053,139279.04461,20,20
hyperliquid,TSLA,xyz:TSLA,29,1790655836343,646,356.925,0.2801748290925943,315247.29564,159493.15197,315247.29564,159493.15197,20,20
hyperliquid,TSLA,xyz:TSLA,30,1790655896673,552,357.025,0.8403125962863633,213787.11217,256801.20760999998,213787.11217,256801.20760999998,20,20
hyperliquid,TSLA,xyz:TSLA,31,1790655956479,755,356.915,0.28018267910656647,303546.40826,155407.60726,303546.40826,155407.60726,20,20
hyperliquid,TSLA,xyz:TSLA,32,1790656016405,552,356.895,0.2801983804534558,293650.10766,173598.86097,293650.10766,173598.86097,20,20
hyperliquid,TSLA,xyz:TSLA,33,1790656076384,460,356.88,0.5604281671200972,299652.46183,137612.49114,299652.46183,137612.49114,20,20
hyperliquid,TSLA,xyz:TSLA,34,1790656136422,637,356.885,0.28020623178637294,299637.74966,139263.10700000002,299637.74966,139263.10700000002,20,20
hyperliquid,NVDA,xyz:NVDA,0,1790654096145,661,228.445,0.4377517072318149,794144.73884,531378.90417,794144.73884,531378.90417,20,20
hyperliquid,NVDA,xyz:NVDA,1,1790654156428,474,228.39999999999998,0.8756950829735821,901070.08375,752362.19865,901070.08375,752362.19865,20,20
hyperliquid,NVDA,xyz:NVDA,2,1790654216381,753,228.365,0.43790506218277514,791874.9763399999,552804.14994,791874.9763399999,552804.14994,20,20
hyperliquid,NVDA,xyz:NVDA,3,1790654276496,393,228.36,0.8758484782145359,720810.09687,580477.8989,720810.09687,580477.8989,20,20
hyperliquid,NVDA,xyz:NVDA,4,1790654336364,821,228.29000000000002,0.8761170492377346,798089.04222,702444.8375100001,798089.04222,702444.8375100001,20,20
hyperliquid,NVDA,xyz:NVDA,5,1790654396185,390,228.29000000000002,0.8761170492377346,586691.30037,628619.76876,586691.30037,628619.76876,20,20
hyperliquid,NVDA,xyz:NVDA,6,1790654456198,325,228.20499999999998,0.43821209465555455,750547.29283,508255.63178,750547.29283,508255.63178,20,20
hyperliquid,NVDA,xyz:NVDA,7,1790654516349,809,228.215,0.4381928925112355,597872.22062,675310.15437,597872.22062,675310.15437,20,20
hyperliquid,NVDA,xyz:NVDA,8,1790654576561,650,228.215,0.4381928925112355,607806.3979,666611.71276,607806.3979,666611.71276,20,20
hyperliquid,NVDA,xyz:NVDA,9,1790654636392,703,228.185,0.43825050398682563,679748.00528,725976.99436,679748.00528,725976.99436,20,20
hyperliquid,NVDA,xyz:NVDA,10,1790654696379,591,228.20499999999998,0.43821209465555455,690502.27982,752648.56534,690502.27982,752648.56534,20,20
hyperliquid,NVDA,xyz:NVDA,11,1790654756436,798,228.22,0.876385785022471,582061.95481,748840.38712,582061.95481,748840.38712,20,20
hyperliquid,NVDA,xyz:NVDA,12,1790654816784,853,228.155,0.4383081306147396,786763.73516,560048.48714,786763.73516,560048.48714,20,20
hyperliquid,NVDA,xyz:NVDA,13,1790654876465,569,228.16,0.8766162612316997,810481.4456900001,547687.86258,810481.4456900001,547687.86258,20,20
hyperliquid,NVDA,xyz:NVDA,14,1790654936623,508,228.125,0.4383657723994183,875234.61646,532467.91059,875234.61646,532467.91059,20,20
hyperliquid,NVDA,xyz:NVDA,15,1790654996274,324,228.22,0.876385785022471,773999.39035,669106.03119,773999.39035,669106.03119,20,20
hyperliquid,NVDA,xyz:NVDA,16,1790655056635,516,228.265,0.4380969070361118,743998.16686,772173.57368,743998.16686,772173.57368,20,20
hyperliquid,NVDA,xyz:NVDA,17,1790655116756,653,228.245,0.4381352961790874,727864.34907,536115.43243,727864.34907,536115.43243,20,20
hyperliquid,NVDA,xyz:NVDA,18,1790655176641,577,228.225,0.438173692052235,866230.61404,668656.13706,866230.61404,668656.13706,20,20
hyperliquid,NVDA,xyz:NVDA,19,1790655236387,353,228.245,0.4381352961790874,713721.29007,723430.9552,713721.29007,723430.9552,20,20
hyperliquid,NVDA,xyz:NVDA,20,1790655296445,435,228.245,0.4381352961790874,717989.1221,715229.08466,717989.1221,715229.08466,20,20
hyperliquid,NVDA,xyz:NVDA,21,1790655356071,379,228.225,0.438173692052235,752817.14039,682496.59382,752817.14039,682496.59382,20,20
hyperliquid,NVDA,xyz:NVDA,22,1790655416329,428,228.275,0.4380777149859405,735116.1685500001,753096.72769,735116.1685500001,753096.72769,20,20
hyperliquid,NVDA,xyz:NVDA,23,1790655476469,431,228.325,0.43798177995935106,631231.85067,733927.54212,631231.85067,733927.54212,20,20
hyperliquid,NVDA,xyz:NVDA,24,1790655536577,444,228.335,0.4379625979944457,631215.29913,756253.90444,631215.29913,756253.90444,20,20
hyperliquid,NVDA,xyz:NVDA,25,1790655596400,812,228.375,0.43788588693693953,568703.24194,800031.35902,568703.24194,800031.35902,20,20
hyperliquid,NVDA,xyz:NVDA,26,1790655656167,476,228.32999999999998,0.8759635599164817,818576.40064,769227.45551,818576.40064,769227.45551,20,20
hyperliquid,NVDA,xyz:NVDA,27,1790655716608,639,228.38,0.8757717738738791,568784.29174,791952.06495,568784.29174,791952.06495,20,20
hyperliquid,NVDA,xyz:NVDA,28,1790655776348,641,228.39499999999998,0.4378475414879013,617755.52817,738484.76572,617755.52817,738484.76572,20,20
hyperliquid,NVDA,xyz:NVDA,29,1790655836447,750,228.39499999999998,0.4378475414879013,830347.1118,705136.87843,830347.1118,705136.87843,20,20
hyperliquid,NVDA,xyz:NVDA,30,1790655896733,612,228.44,0.8755417414518796,612116.64149,748357.2246,612116.64149,748357.2246,20,20
hyperliquid,NVDA,xyz:NVDA,31,1790655956713,452,228.435,0.43777087072482956,621407.52763,730619.1424400001,621407.52763,730619.1424400001,20,20
hyperliquid,NVDA,xyz:NVDA,32,1790656016827,450,228.39499999999998,0.4378475414879013,910440.0304,625304.77284,910440.0304,625304.77284,20,20
hyperliquid,NVDA,xyz:NVDA,33,1790656076493,569,228.35500000000002,0.43792423910726797,763735.84756,654077.1052700001,763735.84756,654077.1052700001,20,20
hyperliquid,NVDA,xyz:NVDA,34,1790656136521,736,228.345,0.437943417710418,784245.24177,675267.8785400001,784245.24177,675267.8785400001,20,20
hyperliquid,XAU,xyz:GOLD,0,1790654096328,844,4136.35,0.2417619611727595,1061501.9792,1214313.6032099999,1061501.9792,1214313.6032099999,20,20
hyperliquid,XAU,xyz:GOLD,1,1790654156441,487,4135.45,0.24181457658256633,1149671.8165499999,1510494.1072799999,1149671.8165499999,1510494.1072799999,20,20
hyperliquid,XAU,xyz:GOLD,2,1790654216539,378,4134.55,0.24186721490071506,1128017.28182,1399922.56115,1128017.28182,1399922.56115,20,20
hyperliquid,XAU,xyz:GOLD,3,1790654276554,451,4134.65,0.24186136506454403,1123254.2613899999,1800087.91835,1123254.2613899999,1800087.91835,20,20
hyperliquid,XAU,xyz:GOLD,4,1790654336468,384,4134.05,0.2418964683115199,1748487.13958,1287089.33176,1748487.13958,1287089.33176,20,20
hyperliquid,XAU,xyz:GOLD,5,1790654396367,572,4135.45,0.24181457658256633,1545309.42944,1172976.69423,1545309.42944,1172976.69423,20,20
hyperliquid,XAU,xyz:GOLD,6,1790654456289,416,4134.65,0.24186136506454403,1565025.40582,1242514.58354,1565025.40582,1242514.58354,20,20
hyperliquid,XAU,xyz:GOLD,7,1790654516416,876,4133.95,0.2419023198441117,1094915.93503,1189320.5447500001,1094915.93503,1189320.5447500001,20,20
hyperliquid,XAU,xyz:GOLD,8,1790654576655,744,4133.95,0.2419023198441117,1149657.10488,1802586.84791,1149657.10488,1802586.84791,20,20
hyperliquid,XAU,xyz:GOLD,9,1790654636471,782,4133.95,0.2419023198441117,1098101.83235,1582186.3068000001,1098101.83235,1582186.3068000001,20,20
hyperliquid,XAU,xyz:GOLD,10,1790654696480,692,4133.95,0.2419023198441117,1129799.22976,1502011.56242,1129799.22976,1502011.56242,20,20
hyperliquid,XAU,xyz:GOLD,11,1790654756546,364,4132.85,0.24196670538101372,1196756.5103799999,1150100.04019,1196756.5103799999,1150100.04019,20,20
hyperliquid,XAU,xyz:GOLD,12,1790654816705,774,4132.85,0.24196670538101372,1437529.77058,1199147.29532,1437529.77058,1199147.29532,20,20
hyperliquid,XAU,xyz:GOLD,13,1790654876609,713,4132.65,0.24197841552497934,1190149.01317,1174659.01897,1190149.01317,1174659.01897,20,20
hyperliquid,XAU,xyz:GOLD,14,1790654936699,584,4132.35,0.24199598286589463,1549991.3896299999,1249427.07351,1549991.3896299999,1249427.07351,20,20
hyperliquid,XAU,xyz:GOLD,15,1790654996449,499,4133.35,0.24193743497713527,1466491.76974,1314856.33261,1466491.76974,1314856.33261,20,20
hyperliquid,XAU,xyz:GOLD,16,1790655056792,673,4133.35,0.24193743497713527,1344900.29837,1291072.9598700001,1344900.29837,1291072.9598700001,20,20
hyperliquid,XAU,xyz:GOLD,17,1790655116829,726,4132.75,0.24197256031310843,1365118.8381700001,1343460.30936,1365118.8381700001,1343460.30936,20,20
hyperliquid,XAU,xyz:GOLD,18,1790655176703,639,4132.75,0.725935246574938,1146039.45738,1244874.93795,1146039.45738,1244874.93795,20,20
hyperliquid,XAU,xyz:GOLD,19,1790655236569,535,4132.75,0.24197256031310843,1041427.4632400001,1212301.45106,1041427.4632400001,1212301.45106,20,20
hyperliquid,XAU,xyz:GOLD,20,1790655296481,471,4132.75,0.24197256031310843,1116269.61764,1272838.52427,1116269.61764,1272838.52427,20,20
hyperliquid,XAU,xyz:GOLD,21,1790655356131,439,4132.15,0.2420076958431494,1429583.03731,1332266.00484,1429583.03731,1332266.00484,20,20
hyperliquid,XAU,xyz:GOLD,22,1790655416387,486,4133.15,0.24194914229003217,1584923.11354,1311039.2737099999,1584923.11354,1311039.2737099999,20,20
hyperliquid,XAU,xyz:GOLD,23,1790655476523,485,4133.75,0.2419140237575057,1056785.01728,1412549.89676,1056785.01728,1412549.89676,20,20
hyperliquid,XAU,xyz:GOLD,24,1790655536636,503,4133.45,0.24193158175034313,1120157.13,1617885.2439599999,1120157.13,1617885.2439599999,20,20
hyperliquid,XAU,xyz:GOLD,25,1790655596612,489,4133.45,0.24193158175034313,1086632.91692,1682711.00477,1086632.91692,1682711.00477,20,20
hyperliquid,XAU,xyz:GOLD,26,1790655656313,622,4132.15,0.2420076958431494,1087447.4170600001,1557638.27887,1087447.4170600001,1557638.27887,20,20
hyperliquid,XAU,xyz:GOLD,27,1790655716732,290,4132.65,0.24197841552497934,1168998.16872,1562672.1624099999,1168998.16872,1562672.1624099999,20,20
hyperliquid,XAU,xyz:GOLD,28,1790655776503,796,4132.65,0.24197841552497934,1079695.96112,1675122.3189700001,1079695.96112,1675122.3189700001,20,20
hyperliquid,XAU,xyz:GOLD,29,1790655836524,298,4132.65,0.24197841552497934,836110.17889,1679702.32344,836110.17889,1679702.32344,20,20
hyperliquid,XAU,xyz:GOLD,30,1790655896867,746,4132.65,0.24197841552497934,841709.0998,1686182.13533,841709.0998,1686182.13533,20,20
hyperliquid,XAU,xyz:GOLD,31,1790655956718,457,4132.65,0.24197841552497934,774543.04431,1605198.78667,774543.04431,1605198.78667,20,20
hyperliquid,XAU,xyz:GOLD,32,1790656016851,474,4132.65,0.24197841552497934,630042.68545,1688668.99777,630042.68545,1688668.99777,20,20
hyperliquid,XAU,xyz:GOLD,33,1790656076572,648,4131.55,0.24204284158280132,782273.0510399999,1670089.49318,782273.0510399999,1670089.49318,20,20
hyperliquid,XAU,xyz:GOLD,34,1790656136589,273,4131.35,0.24205455909642737,882577.67576,1648831.24701,882577.67576,1648831.24701,20,20
hyperliquid,HOOD,xyz:HOOD,0,1790654096593,570,115.555,2.596503375453807,158190.3998,212150.29636,311303.77741,314218.06936,20,20
hyperliquid,HOOD,xyz:HOOD,1,1790654156676,722,115.53,1.7313019390585715,133151.16292,146588.76598,322151.02825,311278.58513,20,20
hyperliquid,HOOD,xyz:HOOD,2,1790654216552,391,115.505,2.597627500215971,160012.03026,155809.85448,339888.49573,290039.44705,20,20
hyperliquid,HOOD,xyz:HOOD,3,1790654276638,535,115.445,2.598977735421837,160164.65457,140004.90409,324172.48024,296749.52265,20,20
hyperliquid,HOOD,xyz:HOOD,4,1790654336583,499,115.36,1.73385348938071,173418.6762,149961.32908,331948.92747,287988.82181,20,20
hyperliquid,HOOD,xyz:HOOD,5,1790654396378,583,115.42,1.7329520838749168,110211.40071,148886.53614,289769.43759,335674.80951,20,20
hyperliquid,HOOD,xyz:HOOD,6,1790654456510,637,115.34,1.7341541663040694,197339.73124,131945.23874,295405.69087,297356.66155,20,20
hyperliquid,HOOD,xyz:HOOD,7,1790654516470,930,115.405,0.8665511265149028,92227.01196,226701.01833000002,238153.66482,298519.40133,20,20
hyperliquid,HOOD,xyz:HOOD,8,1790654576776,332,115.41499999999999,0.8664760419385686,107374.74923,113337.40767,262045.50314000002,229580.41348,20,20
hyperliquid,HOOD,xyz:HOOD,9,1790654636611,396,115.385,2.6003293750531675,133831.30415,202287.91808,269472.05683,344651.68685,20,20
hyperliquid,HOOD,xyz:HOOD,10,1790654696564,776,115.4,1.7332524482194245,108329.72928999999,185989.37711,266725.64639999997,282695.55164,20,20
hyperliquid,HOOD,xyz:HOOD,11,1790654756629,447,115.395,2.6001040041601087,145088.81417,148868.73571,301991.8154,270245.12762,20,20
hyperliquid,HOOD,xyz:HOOD,12,1790654816797,319,115.37,1.733703190014424,161075.97117,129226.01135,319409.72933999996,259778.12254,20,20
hyperliquid,HOOD,xyz:HOOD,13,1790654876653,757,115.405,2.5998786723291367,157118.79512,137382.97051,297443.87102,259677.07147,20,20
hyperliquid,HOOD,xyz:HOOD,14,1790654936827,712,115.365,2.600780234069955,147207.10087999998,153416.6219,279392.5355,269924.45582000003,20,20
hyperliquid,HOOD,xyz:HOOD,15,1790654996463,513,115.345,2.6012312494572143,144964.00183,150649.93759000002,326794.08433,338086.71014,20,20
hyperliquid,HOOD,xyz:HOOD,16,1790655056830,711,115.355,2.6010057222136673,205742.26129,126223.32401,351336.28724,263478.84101,20,20
hyperliquid,HOOD,xyz:HOOD,17,1790655116864,761,115.35,1.7340038148083714,195298.46322,141169.04665,369679.65355,281931.14403,20,20
hyperliquid,HOOD,xyz:HOOD,18,1790655176727,663,115.41,1.7331022530320261,144332.08659000002,127279.52377,324249.11599,278491.24803,20,20
hyperliquid,HOOD,xyz:HOOD,19,1790655236580,546,115.43,1.7328019407369943,143763.63802,174846.25673,297959.55815,283077.81207,20,20
hyperliquid,HOOD,xyz:HOOD,20,1790655296656,646,115.38,1.7335529167028518,150366.61744,122742.33689,316775.40435,255978.39432,20,20
hyperliquid,HOOD,xyz:HOOD,21,1790655356204,512,115.42,1.7329520838749168,138060.88,144550.26943,319424.02099,277550.90371,20,20
hyperliquid,HOOD,xyz:HOOD,22,1790655416528,627,115.435,2.5992029111066017,202216.14515,173570.01081,358335.4541,333911.51005,20,20
hyperliquid,HOOD,xyz:HOOD,23,1790655476571,533,115.63499999999999,0.8648274669198486,118048.10661999999,183425.30161,226950.55154,316227.28607000003,20,20
hyperliquid,HOOD,xyz:HOOD,24,1790655536763,630,115.545,0.865501125151269,156857.56532,133772.30539,277126.81446,320704.75332,20,20
hyperliquid,HOOD,xyz:HOOD,25,1790655596638,515,115.61,1.7301038062300655,141889.10751,135977.15868,298026.65932,265085.67762,20,20
hyperliquid,HOOD,xyz:HOOD,26,1790655656391,700,115.625,2.5949312343231945,180553.93234,176931.3549,336374.38816000003,318897.5611,20,20
hyperliquid,HOOD,xyz:HOOD,27,1790655716819,377,115.655,0.8646779074794608,109598.84703,208808.94509999998,211821.11815,332617.97106999997,20,20
hyperliquid,HOOD,xyz:HOOD,28,1790655776543,298,115.69999999999999,1.7287578874580767,166457.41185,135120.46491,295140.26883,290332.56925,20,20
hyperliquid,HOOD,xyz:HOOD,29,1790655836675,449,115.61,1.7301038062300655,201528.392,128926.88829,317987.54861,266282.20652,20,20
hyperliquid,HOOD,xyz:HOOD,30,1790655896924,295,115.69,1.7289073305670755,139410.08677,189973.31386,280904.19575,319263.48899,20,20
hyperliquid,HOOD,xyz:HOOD,31,1790655956877,616,115.6,1.730253482135069,165490.61372,142172.62696,324388.54933999997,263309.68217,20,20
hyperliquid,HOOD,xyz:HOOD,32,1790656016897,520,115.60499999999999,0.8650519031139225,120172.95846,185726.55148999998,301020.7203,288317.0843,20,20
hyperliquid,HOOD,xyz:HOOD,33,1790656076671,747,115.605,2.5953802232026035,162620.07165,182623.35051000002,375473.49191,314428.25348,20,20
hyperliquid,HOOD,xyz:HOOD,34,1790656136694,378,115.65,1.7295053614652112,151557.12904,181600.39855,262961.65944,323760.24932,20,20
hyperliquid,INTC,xyz:INTC,0,1790654096483,460,114.36,1.7490161784006197,311322.8657,796059.7512,672688.8389,1029517.558,20,20
hyperliquid,INTC,xyz:INTC,1,1790654157017,511,114.285,0.87504375218872,174416.5007,757715.4388,547114.2134,1123554.2364999999,20,20
hyperliquid,INTC,xyz:INTC,2,1790654216582,421,114.305,0.8748906386712996,176453.4898,866634.4115,521192.278,1201020.1503,20,20
hyperliquid,INTC,xyz:INTC,3,1790654276651,548,114.295,0.8749671887287036,174032.7861,826679.2428,542670.6213,1185979.9142,20,20
hyperliquid,INTC,xyz:INTC,4,1790654336561,477,114.225,0.8755034144636298,371728.2625,755841.5882,696189.0532,1055727.1944,20,20
hyperliquid,INTC,xyz:INTC,5,1790654396447,652,114.33500000000001,0.874661068837046,183822.2967,302681.5557,402522.0192,1183822.0497,20,20
hyperliquid,INTC,xyz:INTC,6,1790654456466,593,114.215,2.6269702276704443,223545.08010000002,614288.0057,587065.5448,934398.042,20,20
hyperliquid,INTC,xyz:INTC,7,1790654516556,344,114.28,1.7502406580915952,214243.76380000002,637391.2668999999,521382.44169999997,1094587.2419,20,20
hyperliquid,INTC,xyz:INTC,8,1790654576809,365,114.25,1.7507002801120386,259580.5086,755376.9883,571144.597,1171481.9961,20,20
hyperliquid,INTC,xyz:INTC,9,1790654636643,428,114.19999999999999,1.7514668534901467,303178.3114,719900.2442,560476.3898,1078539.9729,20,20
hyperliquid,INTC,xyz:INTC,10,1790654696628,296,114.16499999999999,0.8759635599164817,294661.4505,708674.9143000001,648450.0867999999,1054857.8626,20,20
hyperliquid,INTC,xyz:INTC,11,1790654756632,450,114.16499999999999,0.8759635599164817,259453.4366,735301.7816,633710.0229,1087149.3538,20,20
hyperliquid,INTC,xyz:INTC,12,1790654816902,424,114.21000000000001,1.7513134851143697,355687.52520000003,713287.5804,590603.6735,1134527.8037999999,20,20
hyperliquid,INTC,xyz:INTC,13,1790654876711,815,114.22,1.751160143597108,236375.7549,759347.5863000001,596609.7169,1190633.7753,20,20
hyperliquid,INTC,xyz:INTC,14,1790654936898,783,114.10499999999999,0.8764241893088887,350386.25,688977.0482,803950.1449000001,1037611.0732,20,20
hyperliquid,INTC,xyz:INTC,15,1790654996567,617,114.155,0.8760402978524873,212754.92659999998,812162.2771000001,474403.1386,1279222.7650000001,20,20
hyperliquid,INTC,xyz:INTC,16,1790655056890,771,114.185,0.8758101243633298,255431.44210000001,755095.539,458674.76780000003,1100328.9457,20,20
hyperliquid,INTC,xyz:INTC,17,1790655116998,360,114.245,0.8753501400571295,219386.02980000002,690259.894,544444.9364,1130968.8193,20,20
hyperliquid,INTC,xyz:INTC,18,1790655176842,778,114.22999999999999,1.7510068289272596,261279.3168,769232.5371000001,735037.0573,1151351.3697,20,20
hyperliquid,INTC,xyz:INTC,19,1790655236612,578,114.245,0.8753501400571295,265408.2416,782226.0298,542498.9358999999,1165992.6604,20,20
hyperliquid,INTC,xyz:INTC,20,1790655296668,658,114.195,0.8757334267461836,284644.7295,760386.7539,645196.8979,1057147.662,20,20
hyperliquid,INTC,xyz:INTC,21,1790655356253,561,114.11500000000001,0.87634738410447,222870.5972,690794.4545,966272.2649,1118442.7969,20,20
hyperliquid,INTC,xyz:INTC,22,1790655416586,685,114.14500000000001,0.8761170492377346,239062.7627,780251.0501999999,667692.1533,1302167.1025,20,20
hyperliquid,INTC,xyz:INTC,23,1790655476609,571,114.16499999999999,0.8759635599164817,219266.5689,807033.8372000001,601809.2565,1128213.2559,20,20
hyperliquid,INTC,xyz:INTC,24,1790655536816,683,114.16,1.752080595707195,214937.6888,832799.2011,549179.714,1206573.2010000001,20,20
hyperliquid,INTC,xyz:INTC,25,1790655596661,538,114.11500000000001,0.87634738410447,212975.4038,707851.0847,705919.1319,1165129.5116,20,20
hyperliquid,INTC,xyz:INTC,26,1790655656464,773,114.11,1.7528483786155569,283639.4984,689548.7871999999,751184.6867,1144967.0013,20,20
hyperliquid,INTC,xyz:INTC,27,1790655716835,393,114.155,0.8760402978524873,210502.94429999997,684982.5221,610290.7836,1110313.3258999998,20,20
hyperliquid,INTC,xyz:INTC,28,1790655776627,382,114.16499999999999,0.8759635599164817,216742.7918,816330.6340000001,565726.0897,1200452.2919,20,20
hyperliquid,INTC,xyz:INTC,29,1790655836718,492,114.17500000000001,4.380201489269098,167257.0827,768654.1649,736848.0272,1063490.4485,20,20
hyperliquid,INTC,xyz:INTC,30,1790655896966,337,114.255,0.8752735229755615,221644.6837,729056.0945,482026.0354,1240150.348,20,20
hyperliquid,INTC,xyz:INTC,31,1790655956893,632,114.17500000000001,0.875886835420836,234433.1261,699530.1738999999,715881.0453,1058609.876,20,20
hyperliquid,INTC,xyz:INTC,32,1790656017031,654,114.165,2.6281208935619027,87708.9772,719288.4665000001,836084.4891,1042079.2421,20,20
hyperliquid,INTC,xyz:INTC,33,1790656076690,766,114.095,0.8765010079758717,311448.36460000003,692084.0549999999,581671.7746,1217880.9622,20,20
hyperliquid,INTC,xyz:INTC,34,1790656136673,357,114.11500000000001,0.87634738410447,202998.158,800622.0567000001,543121.5589000001,1271331.887,20,20
hyperliquid,PLTR,xyz:PLTR,0,1790654096560,537,186.695,0.5356473297979392,113076.14125,104818.35123,140884.31803,148072.76166,20,20
hyperliquid,PLTR,xyz:PLTR,1,1790654156753,799,186.62,1.0717539252969033,120664.20293,110423.32299,139836.69747,118253.41444,20,20
hyperliquid,PLTR,xyz:PLTR,2,1790654216587,426,186.60000000000002,1.0718688032596013,123029.53925,108263.12193,132676.49756,114999.02273,20,20
hyperliquid,PLTR,xyz:PLTR,3,1790654276679,576,186.60500000000002,1.6078032048882918,112204.95805,121428.23989,130082.98358,123072.58727999999,20,20
hyperliquid,PLTR,xyz:PLTR,4,1790654336645,561,186.495,1.6087516087526232,113455.89037,95419.83077,124222.28255999999,108287.14916999999,20,20
hyperliquid,PLTR,xyz:PLTR,5,1790654396456,661,186.53500000000003,1.6084066051891277,90744.00329000001,127298.63351,109480.34344,129148.05129999999,20,20
hyperliquid,PLTR,xyz:PLTR,6,1790654456497,624,186.415,2.6825473469616057,100283.97918,91233.66433,136917.94947,111728.08314,20,20
hyperliquid,PLTR,xyz:PLTR,7,1790654516607,459,186.485,1.6088378827694427,112963.6361,124054.5034,117598.87664,139456.93674,20,20
hyperliquid,PLTR,xyz:PLTR,8,1790654576865,421,186.435,1.6092693916958112,121557.86582,93808.03467000001,130302.31689,116294.71651,20,20
hyperliquid,PLTR,xyz:PLTR,9,1790654636646,431,186.435,1.6092693916958112,126680.27764,92809.08948,136628.88411,123409.51666,20,20
hyperliquid,PLTR,xyz:PLTR,10,1790654696672,340,186.47500000000002,1.6089241660410813,100547.92943,116929.75372000001,109054.99606,151380.62119,20,20
hyperliquid,PLTR,xyz:PLTR,11,1790654756651,469,186.5,2.145002145004238,93810.02438999999,134259.31941,110283.80342,151485.37137,20,20
hyperliquid,PLTR,xyz:PLTR,12,1790654816905,427,186.505,2.681252681253632,108583.47873,142112.66239,125727.04807,153420.96685,20,20
hyperliquid,PLTR,xyz:PLTR,13,1790654876822,376,186.51999999999998,2.144772117962379,117933.30609,117224.00036,124045.85887,138540.72088,20,20
hyperliquid,PLTR,xyz:PLTR,14,1790654936883,768,186.47,2.1453472780907923,112944.99938,112140.2282,128693.21012,123443.09406,20,20
hyperliquid,PLTR,xyz:PLTR,15,1790654996601,651,186.54000000000002,1.0722135849472458,112869.69711,121992.22935,124656.68513,131114.03996,20,20
hyperliquid,PLTR,xyz:PLTR,16,1790655056916,797,186.46499999999997,1.609010458567539,122552.89803,126745.77139000001,130968.54973,152482.1195,20,20
hyperliquid,PLTR,xyz:PLTR,17,1790655117029,391,186.45499999999998,1.6090967603510364,115706.68081,126240.84383,125929.38606,155062.83715,20,20
hyperliquid,PLTR,xyz:PLTR,18,1790655176896,832,186.435,1.6092693916958112,110271.61327,120916.45906,115192.37233,140808.27309,20,20
hyperliquid,PLTR,xyz:PLTR,19,1790655236628,594,186.41,1.072961373389525,117762.43919,138285.7908,126082.67675,139905.93882,20,20
hyperliquid,PLTR,xyz:PLTR,20,1790655296690,680,186.405,0.5364806866947625,119644.00581,137559.67319,127156.04857,138369.70379,20,20
hyperliquid,PLTR,xyz:PLTR,21,1790655356511,819,186.405,0.5364806866947625,118938.42565,138116.29286,122097.02147,138926.32346,20,20
hyperliquid,PLTR,xyz:PLTR,22,1790655416595,694,186.435,0.5363943571312646,112944.19962,127410.19561,113325.80537999999,136835.61392,20,20
hyperliquid,PLTR,xyz:PLTR,23,1790655476664,626,186.495,1.6087516087526232,103194.79669,125150.58475,107322.31478,127511.6274,20,20
hyperliquid,PLTR,xyz:PLTR,24,1790655536821,688,186.45,1.0727311735680978,117479.52618,93730.65315,133274.76451,120315.16004,20,20
hyperliquid,PLTR,xyz:PLTR,25,1790655596809,686,186.48000000000002,1.0725585885129618,114000.37708,113112.74468,131615.98895,143146.13287,20,20
hyperliquid,PLTR,xyz:PLTR,26,1790655656510,819,186.45499999999998,0.5363368195232532,108007.1692,101838.716,114599.8419,122678.35798,20,20
hyperliquid,PLTR,xyz:PLTR,27,1790655716856,414,186.515,1.6085790884723394,90565.50499,119431.22107,96842.2397,126447.14922,20,20
hyperliquid,PLTR,xyz:PLTR,28,1790655776623,378,186.49,1.0725010725010087,103529.11558,123308.65922,115476.75979,124920.72738,20,20
hyperliquid,PLTR,xyz:PLTR,29,1790655836715,489,186.49,1.0725010725010087,104159.06974,121088.89131,116106.71395,122700.95947,20,20
hyperliquid,PLTR,xyz:PLTR,30,1790655896993,364,186.49,1.0725010725010087,103617.05207,110923.1439,115564.69628,122706.90829,20,20
hyperliquid,PLTR,xyz:PLTR,31,1790655956903,642,186.465,0.5363080553455468,109039.06731,104832.43835000001,116125.79348000001,106093.69997,20,20
hyperliquid,PLTR,xyz:PLTR,32,1790656017019,642,186.40499999999997,1.6095284081774075,112666.36698,101673.15725,122158.73313000001,114762.04562,20,20
hyperliquid,PLTR,xyz:PLTR,33,1790656076712,788,186.40499999999997,1.6095284081774075,110600.78956,97217.07287,120942.09091,124426.18507,20,20
hyperliquid,PLTR,xyz:PLTR,34,1790656136763,447,186.445,1.6091830713937938,114740.27551,99533.31707,120398.94746,122667.83866000001,20,20
hyperliquid,COIN,xyz:COIN,0,1790654096572,549,191.315,1.5682174594888743,76526.18488,94209.85549,87497.92954,140797.85676,20,20
hyperliquid,COIN,xyz:COIN,1,1790654157116,610,191.42000000000002,1.0448774881144374,85311.36899,139940.77657,99587.4062,192084.67826,20,20
hyperliquid,COIN,xyz:COIN,2,1790654216731,570,191.35500000000002,0.5226025607529827,82525.46296,111220.94406,88456.71684,124492.465,20,20
hyperliquid,COIN,xyz:COIN,3,1790654276747,644,191.325,0.5226845076311548,86284.37694,117070.36949,108034.97544,165646.64749,20,20
hyperliquid,COIN,xyz:COIN,4,1790654336667,583,191.24,1.045861005073423,100869.78896,117749.19178,107768.24339,163801.36756,20,20
hyperliquid,COIN,xyz:COIN,5,1790654396561,766,191.3,2.0911752404839667,79931.13308,149477.14081,98262.35728,230946.66388,20,20
hyperliquid,COIN,xyz:COIN,6,1790654456620,747,191.14999999999998,1.046353458198368,75351.63564000001,114325.30002,80810.12691,157549.8697,20,20
hyperliquid,COIN,xyz:COIN,7,1790654516663,451,191.34500000000003,1.5679715674488115,67053.15754,164430.23494,91278.69919,200841.00211,20,20
hyperliquid,COIN,xyz:COIN,8,1790654576974,530,191.37,1.0451505016706442,83299.17139,190280.964,87180.93721,199977.21702,20,20
hyperliquid,COIN,xyz:COIN,9,1790654636658,443,191.21499999999997,1.5690376569033049,81103.51792,122128.3262,108213.49436,202886.00103,20,20
hyperliquid,COIN,xyz:COIN,10,1790654696705,373,191.24,2.091831398389754,82725.70697,152688.08275,91327.35417,199055.84592999998,20,20
hyperliquid,COIN,xyz:COIN,11,1790654756739,557,191.25,1.0458063166685072,82437.96364,192855.33624,114881.49088,194490.97902,20,20
hyperliquid,COIN,xyz:COIN,12,1790654816979,501,191.285,0.5227938101204366,90044.95129,162973.66522999998,111259.90769000001,198159.7917,20,20
hyperliquid,COIN,xyz:COIN,13,1790654876804,358,191.3,1.0455329604264207,87761.66258,123165.30364,96645.05112,167067.45239,20,20
hyperliquid,COIN,xyz:COIN,14,1790654936901,786,191.22500000000002,1.5689555985565207,61519.817520000004,119770.02963,81347.95181,161285.81843,20,20
hyperliquid,COIN,xyz:COIN,15,1790654996639,689,191.29500000000002,1.5683814303635302,82353.60277,121400.99293,99831.85247,154729.66074,20,20
hyperliquid,COIN,xyz:COIN,16,1790655056993,319,191.375,0.522547943773155,60508.73881,122976.55248,68637.99474,195641.77679,20,20
hyperliquid,COIN,xyz:COIN,17,1790655117032,394,191.38,1.04509588754631,81979.90688,126045.02523,87078.71757,130989.26323000001,20,20
hyperliquid,COIN,xyz:COIN,18,1790655176918,854,191.32999999999998,2.090847315874278,78739.71775,120783.96681,136666.10861999998,166765.42484,20,20
hyperliquid,COIN,xyz:COIN,19,1790655236762,728,191.485,1.5668250900935377,75929.65398999999,127748.98925000001,86479.43196,192891.14831000002,20,20
hyperliquid,COIN,xyz:COIN,20,1790655296702,692,191.51999999999998,1.044331888675476,79944.8128,124056.75524,114943.7037,147448.37563,20,20
hyperliquid,COIN,xyz:COIN,21,1790655356393,701,191.505,1.5666614444609372,80370.58486,113081.18267,92562.88249,161697.83124,20,20
hyperliquid,COIN,xyz:COIN,22,1790655416618,717,191.54000000000002,1.0442228371543294,74257.59435,120527.21405,87826.06962,163471.02851,20,20
hyperliquid,COIN,xyz:COIN,23,1790655476721,683,191.74,1.0431335732552505,70382.31262,60401.38907,107340.31318,77496.72759,20,20
hyperliquid,COIN,xyz:COIN,24,1790655536885,752,191.685,1.5651901706048577,65419.27258,149161.36335,81936.70184000001,201772.77129,20,20
hyperliquid,COIN,xyz:COIN,25,1790655596834,711,191.77499999999998,1.5644555694627194,78653.70843,153215.7047,83836.93342,170501.24228,20,20
hyperliquid,COIN,xyz:COIN,26,1790655656582,306,191.72,1.043242397369415,79521.79574,124999.39419,95055.57545,170883.15745,20,20
hyperliquid,COIN,xyz:COIN,27,1790655716932,490,191.78500000000003,1.5643739896753495,62881.330910000004,151583.86693000002,82131.34449,202984.21113,20,20
hyperliquid,COIN,xyz:COIN,28,1790655776722,477,191.89,2.0847448793448464,75785.72624,126071.47988,81930.89334,166875.19382,20,20
hyperliquid,COIN,xyz:COIN,29,1790655836849,623,191.79500000000002,0.521403618543026,66518.299,146705.38844,92196.76103,167239.96493000002,20,20
hyperliquid,COIN,xyz:COIN,30,1790655897062,433,191.78500000000003,1.5643739896753495,75929.43742,123123.66971,97894.74169,167178.23848,20,20
hyperliquid,COIN,xyz:COIN,31,1790655956913,652,191.65499999999997,1.5654351909821784,83233.86083,114294.93652,115138.12291,195091.87811,20,20
hyperliquid,COIN,xyz:COIN,32,1790656017039,662,191.64999999999998,1.043623460657006,88123.89148,147316.54878,102140.26828,154212.50783000002,20,20
hyperliquid,COIN,xyz:COIN,33,1790656076764,840,191.735,1.5647819737107937,83159.44993,188693.67924,92057.8673,229672.52456,20,20
hyperliquid,COIN,xyz:COIN,34,1790656136788,472,191.695,1.5651085141898946,58214.28565,121359.26543,77549.76148,198378.81818,20,20
hyperliquid,META,xyz:META,0,1790654096673,650,715.3050000000001,0.6990269544804306,254993.1094,122431.06397,254993.1094,122431.06397,20,20
hyperliquid,META,xyz:META,1,1790654156985,479,715.335,0.6989976373894535,142308.04446,112327.53487,142308.04446,112327.53487,20,20
hyperliquid,META,xyz:META,2,1790654216737,576,715.085,0.9789525208026006,264581.73163,105067.33108,264581.73163,105067.33108,20,20
hyperliquid,META,xyz:META,3,1790654276828,725,715.1,0.5593779716939196,140663.11054,100696.30975,140663.11054,100696.30975,20,20
hyperliquid,META,xyz:META,4,1790654336814,730,714.7,0.8395483230039247,152542.25192,149700.74656,152542.25192,149700.74656,20,20
hyperliquid,META,xyz:META,5,1790654396558,763,714.78,0.5596284067377333,99540.25368,166042.7409,99540.25368,166042.7409,20,20
hyperliquid,META,xyz:META,6,1790654456658,785,714.825,0.9793086081244518,116707.23933000001,162654.36211,116707.23933000001,162654.36211,20,20
hyperliquid,META,xyz:META,7,1790654516666,454,714.8199999999999,0.5595970900951208,116480.07508000001,128050.72109,116480.07508000001,128050.72109,20,20
hyperliquid,META,xyz:META,8,1790654576984,540,714.76,0.5596440663735436,104626.77816,140843.49897000002,104626.77816,140843.49897000002,20,20
hyperliquid,META,xyz:META,9,1790654636799,584,714.715,0.6996040241213919,143170.96676,133544.69962,143170.96676,133544.69962,20,20
hyperliquid,META,xyz:META,10,1790654696756,424,714.585,0.6997313031797958,224103.84264999998,111132.83992,224103.84264999998,111132.83992,20,20
hyperliquid,META,xyz:META,11,1790654756841,659,714.605,0.6997117187701463,232982.36119999998,129911.60797,232982.36119999998,129911.60797,20,20
hyperliquid,META,xyz:META,12,1790654816986,508,714.5550000000001,0.6997606818481827,163792.84673,113469.74816,163792.84673,113469.74816,20,20
hyperliquid,META,xyz:META,13,1790654876841,395,714.585,0.6997313031797958,151324.46286,159459.28717,151324.46286,159459.28717,20,20
hyperliquid,META,xyz:META,14,1790654937018,381,714.535,0.13995213636874837,172696.02300000002,143916.78024,172696.02300000002,143916.78024,20,20
hyperliquid,META,xyz:META,15,1790654996647,697,714.58,0.27988860433536544,163885.36005,206826.88202,163885.36005,206826.88202,20,20
hyperliquid,META,xyz:META,16,1790655057016,342,712.835,0.7014491940360301,170203.35589,147265.33928,170203.35589,147265.33928,20,20
hyperliquid,META,xyz:META,17,1790655117059,421,713.04,0.5609940815110015,104452.02996,255890.14061,104452.02996,255890.14061,20,20
hyperliquid,META,xyz:META,18,1790655176953,889,712.925,0.7013606396411021,111898.50685,159673.33276000002,111898.50685,159673.33276000002,20,20
hyperliquid,META,xyz:META,19,1790655236765,731,713.085,0.4207160587310632,96567.21845,206484.2955,96567.21845,206484.2955,20,20
hyperliquid,META,xyz:META,20,1790655296845,292,713.165,0.14022098827837226,113002.11015,245676.27682,113002.11015,245676.27682,20,20
hyperliquid,META,xyz:META,21,1790655356516,824,712.985,0.42077506767324024,144748.85288000002,188342.47844,144748.85288000002,188342.47844,20,20
hyperliquid,META,xyz:META,22,1790655416772,314,712.975,0.14025835589182023,139081.45811,187970.46493000002,139081.45811,187970.46493000002,20,20
hyperliquid,META,xyz:META,23,1790655476754,716,712.945,0.14026425786184404,91226.05404,153999.49083,91226.05404,153999.49083,20,20
hyperliquid,META,xyz:META,24,1790655536956,321,713.005,0.7012819433915851,120343.2215,156521.06155,120343.2215,156521.06155,20,20
hyperliquid,META,xyz:META,25,1790655596844,721,713.13,0.5609232797176844,74216.765,218802.77785,74216.765,218802.77785,20,20
hyperliquid,META,xyz:META,26,1790655656640,364,712.985,0.1402563886787611,110805.71,179737.16720999999,110805.71,179737.16720999999,20,20
hyperliquid,META,xyz:META,27,1790655717015,573,713.005,0.14025245441695589,151416.42636,137073.65404999998,151416.42636,137073.65404999998,20,20
hyperliquid,META,xyz:META,28,1790655776732,487,713.045,0.14024458655947925,133622.20639,179572.89592,133622.20639,179572.89592,20,20
hyperliquid,META,xyz:META,29,1790655836869,643,713.105,0.14023278642527615,122072.6545,189575.68662,122072.6545,189575.68662,20,20
hyperliquid,META,xyz:META,30,1790655897116,487,713.1,0.2804695059532847,134508.28119,198063.61308,134508.28119,198063.61308,20,20
hyperliquid,META,xyz:META,31,1790655957076,815,713.025,0.14024852037719526,261844.28187,165959.39379,261844.28187,165959.39379,20,20
hyperliquid,META,xyz:META,32,1790656017101,724,712.865,0.14027999887700204,165137.08904999998,140148.39706,165137.08904999998,140148.39706,20,20
hyperliquid,META,xyz:META,33,1790656076866,942,712.755,0.7015279278266284,140915.9391,126240.63378,140915.9391,126240.63378,20,20
hyperliquid,META,xyz:META,34,1790656136889,573,712.86,0.5611357387347304,137027.48234,199523.09321999998,137027.48234,199523.09321999998,20,20
hyperliquid,AAPL,xyz:AAPL,0,1790654096774,751,337.35,0.5928736586247041,153576.19352,201159.72718,153576.19352,201159.72718,20,20
hyperliquid,AAPL,xyz:AAPL,1,1790654156991,485,337.355,0.2964280420925114,145235.58002,203042.56217,145235.58002,203042.56217,20,20
hyperliquid,AAPL,xyz:AAPL,2,1790654216849,688,337.445,0.2963489805596353,133835.83264,201146.7367,133835.83264,201146.7367,20,20
hyperliquid,AAPL,xyz:AAPL,3,1790654276872,769,337.445,0.2963489805596353,126353.20337999999,231221.39189,126353.20337999999,231221.39189,20,20
hyperliquid,AAPL,xyz:AAPL,4,1790654336826,742,337.445,0.2963489805596353,162099.81289,196607.01399,162099.81289,196607.01399,20,20
hyperliquid,AAPL,xyz:AAPL,5,1790654396656,311,337.5,0.5926101514108773,126870.09317,239787.33144,126870.09317,239787.33144,20,20
hyperliquid,AAPL,xyz:AAPL,6,1790654456700,827,337.40999999999997,0.5927682276252177,204630.18364,177211.94071,204630.18364,177211.94071,20,20
hyperliquid,AAPL,xyz:AAPL,7,1790654516804,592,337.37,0.5928385107889511,192874.87376,183326.13557,192874.87376,183326.13557,20,20
hyperliquid,AAPL,xyz:AAPL,8,1790654577063,619,337.37,0.5928385107889511,155228.68069,172253.74557,155228.68069,172253.74557,20,20
hyperliquid,AAPL,xyz:AAPL,9,1790654636837,622,337.38,0.5928209384342686,190293.96133,187983.2033,190293.96133,187983.2033,20,20
hyperliquid,AAPL,xyz:AAPL,10,1790654696868,536,337.385,0.8892314076525132,190397.73385,189643.43247,190397.73385,189643.43247,20,20
hyperliquid,AAPL,xyz:AAPL,11,1790654756838,656,337.355,0.2964280420925114,186385.6887,198671.45799,186385.6887,198671.45799,20,20
hyperliquid,AAPL,xyz:AAPL,12,1790654817093,615,337.33,0.5929088106237934,185274.15781,160133.8141,185274.15781,160133.8141,20,20
hyperliquid,AAPL,xyz:AAPL,13,1790654876994,548,337.33,0.5929088106237934,195595.78113,169617.09534,195595.78113,169617.09534,20,20
hyperliquid,AAPL,xyz:AAPL,14,1790654937087,450,337.38,0.5928209384342686,156245.27522,168954.80141,156245.27522,168954.80141,20,20
hyperliquid,AAPL,xyz:AAPL,15,1790654996789,839,337.38,0.5928209384342686,184315.16695,175525.34063,184315.16695,175525.34063,20,20
hyperliquid,AAPL,xyz:AAPL,16,1790655057110,436,337.38,0.5928209384342686,181262.13379,170724.9915,181262.13379,170724.9915,20,20
hyperliquid,AAPL,xyz:AAPL,17,1790655117233,595,337.445,0.8890732892741227,146555.88671,200522.3949,146555.88671,200522.3949,20,20
hyperliquid,AAPL,xyz:AAPL,18,1790655177081,402,337.48,0.5926452721727316,190600.82127,216954.00351,190600.82127,216954.00351,20,20
hyperliquid,AAPL,xyz:AAPL,19,1790655236828,794,337.45,0.5926979611192706,212492.0728,184635.17206,212492.0728,184635.17206,20,20
hyperliquid,AAPL,xyz:AAPL,20,1790655296897,344,337.43,0.5927330922883556,206327.68062,169939.48761,206327.68062,169939.48761,20,20
hyperliquid,AAPL,xyz:AAPL,21,1790655356492,800,337.385,0.2964016835615979,168949.48767,178250.55983,168949.48767,178250.55983,20,20
hyperliquid,AAPL,xyz:AAPL,22,1790655416862,404,337.405,0.8891786952802683,147892.08964,201487.0765,147892.08964,201487.0765,20,20
hyperliquid,AAPL,xyz:AAPL,23,1790655476855,297,337.42,0.5927506594338716,137077.3175,207446.42767,137077.3175,207446.42767,20,20
hyperliquid,AAPL,xyz:AAPL,24,1790655537095,460,337.42,0.5927506594338716,145498.93175,207724.15437,145498.93175,207724.15437,20,20
hyperliquid,AAPL,xyz:AAPL,25,1790655596903,780,337.455,0.29634019854674065,143217.00298,189075.61656,143217.00298,189075.61656,20,20
hyperliquid,AAPL,xyz:AAPL,26,1790655656704,428,337.51,0.5925925925920339,151212.7631,220470.11186,151212.7631,220470.11186,20,20
hyperliquid,AAPL,xyz:AAPL,27,1790655717052,610,337.59000000000003,0.5924521594891097,152967.0748,199231.26472,152967.0748,199231.26472,20,20
hyperliquid,AAPL,xyz:AAPL,28,1790655776822,577,337.595,0.29621730501583343,155297.55546,210735.34152000002,155297.55546,210735.34152000002,20,20
hyperliquid,AAPL,xyz:AAPL,29,1790655836905,679,337.555,0.8887835515780651,156298.43073,204565.19398,156298.43073,204565.19398,20,20
hyperliquid,AAPL,xyz:AAPL,30,1790655897236,607,337.56,0.5925048141008915,149181.71896,192618.42064,149181.71896,192618.42064,20,20
hyperliquid,AAPL,xyz:AAPL,31,1790655957095,834,337.555,0.29625240705044575,140935.21067,182806.32276,140935.21067,182806.32276,20,20
hyperliquid,AAPL,xyz:AAPL,32,1790656017220,337,337.565,0.296243630761861,149289.30647,214204.55899,149289.30647,214204.55899,20,20
hyperliquid,AAPL,xyz:AAPL,33,1790656076907,395,337.53999999999996,0.5925399223793981,189618.48288999998,186952.3949,189618.48288999998,186952.3949,20,20
hyperliquid,AAPL,xyz:AAPL,34,1790656136964,648,337.51,0.5925925925920339,206930.12461,145026.16942,206930.12461,145026.16942,20,20
hyperliquid,MSFT,xyz:MSFT,0,1790654096855,832,507.69000000000005,1.1818933932161713,284947.83367,59499.668900000004,284947.83367,59499.668900000004,20,20
hyperliquid,MSFT,xyz:MSFT,1,1790654157191,685,507.59000000000003,0.7880686407779613,166426.30049,108482.10051,166426.30049,108482.10051,20,20
hyperliquid,MSFT,xyz:MSFT,2,1790654216928,767,507.375,0.5912961210974288,147655.86935,86058.2529,147655.86935,86058.2529,20,20
hyperliquid,MSFT,xyz:MSFT,3,1790654276955,324,507.34000000000003,0.7884569896710047,176696.05027,96380.23977,176696.05027,96380.23977,20,20
hyperliquid,MSFT,xyz:MSFT,4,1790654336865,781,507.33500000000004,0.5913427422532536,151735.16769,96661.61804,151735.16769,96661.61804,20,20
hyperliquid,MSFT,xyz:MSFT,5,1790654396749,404,507.43,0.7883171399836186,96222.93096,297703.8652,96222.93096,297703.8652,20,20
hyperliquid,MSFT,xyz:MSFT,6,1790654456899,470,507.295,0.19712590431542054,150944.15844,145416.18413,150944.15844,145416.18413,20,20
hyperliquid,MSFT,xyz:MSFT,7,1790654516858,710,507.24,0.7886124364175906,193331.3856,98469.22253,193331.3856,98469.22253,20,20
hyperliquid,MSFT,xyz:MSFT,8,1790654577111,667,507.3,0.3942518086308411,112934.61034,118934.81055,112934.61034,118934.81055,20,20
hyperliquid,MSFT,xyz:MSFT,9,1790654636897,682,507.24,0.7886124364175906,188736.74925,109269.62756,188736.74925,109269.62756,20,20
hyperliquid,MSFT,xyz:MSFT,10,1790654696907,575,507.29999999999995,1.182802058075083,121346.82798999999,152697.78983,121346.82798999999,152697.78983,20,20
hyperliquid,MSFT,xyz:MSFT,11,1790654756984,802,507.27,0.7885657959594283,182016.28406,108564.12882,182016.28406,108564.12882,20,20
hyperliquid,MSFT,xyz:MSFT,12,1790654817169,691,507.315,0.1971181328963567,120148.09263,220587.44864,120148.09263,220587.44864,20,20
hyperliquid,MSFT,xyz:MSFT,13,1790654877041,595,507.305,0.5913777129440412,141113.66917,171920.32691,141113.66917,171920.32691,20,20
hyperliquid,MSFT,xyz:MSFT,14,1790654937125,488,507.20500000000004,0.5914943117968363,203365.93321,94154.0681,203365.93321,94154.0681,20,20
hyperliquid,MSFT,xyz:MSFT,15,1790654996840,890,507.21000000000004,0.7886590823957818,204097.77549,101802.45040999999,204097.77549,101802.45040999999,20,20
hyperliquid,MSFT,xyz:MSFT,16,1790655057219,545,507.195,0.19716477059894544,209392.11342,75721.45659,209392.11342,75721.45659,20,20
hyperliquid,MSFT,xyz:MSFT,17,1790655117253,615,507.165,0.1971764334718351,264497.84176,92329.94775,264497.84176,92329.94775,20,20
hyperliquid,MSFT,xyz:MSFT,18,1790655177115,436,507.165,0.1971764334718351,274025.64281,79355.38632,274025.64281,79355.38632,20,20
hyperliquid,MSFT,xyz:MSFT,19,1790655236992,401,507.165,0.1971764334718351,257008.84262,102957.32537,257008.84262,102957.32537,20,20
hyperliquid,MSFT,xyz:MSFT,20,1790655296917,364,507.17,0.39435286694589067,214683.96809,93915.25854000001,214683.96809,93915.25854000001,20,20
hyperliquid,MSFT,xyz:MSFT,21,1790655356627,935,507.17,0.39435286694589067,190864.67971,96602.1652,190864.67971,96602.1652,20,20
hyperliquid,MSFT,xyz:MSFT,22,1790655416845,387,507.18,0.39434509139013585,166623.70525,91928.56801,166623.70525,91928.56801,20,20
hyperliquid,MSFT,xyz:MSFT,23,1790655476939,381,507.165,0.1971764334718351,164561.7893,91287.7136,164561.7893,91287.7136,20,20
hyperliquid,MSFT,xyz:MSFT,24,1790655537232,597,507.195,0.19716477059894544,161417.47215,115066.6252,161417.47215,115066.6252,20,20
hyperliquid,MSFT,xyz:MSFT,25,1790655597028,361,507.185,0.19716865806929107,227110.8163,85591.99323,227110.8163,85591.99323,20,20
hyperliquid,MSFT,xyz:MSFT,26,1790655656798,522,507.165,0.1971764334718351,215236.73705,119180.22977,215236.73705,119180.22977,20,20
hyperliquid,MSFT,xyz:MSFT,27,1790655717129,687,507.21500000000003,0.5914826498432113,183202.32991,113687.2444,183202.32991,113687.2444,20,20
hyperliquid,MSFT,xyz:MSFT,28,1790655776930,685,507.21500000000003,0.5914826498432113,196078.92426,118590.54188,196078.92426,118590.54188,20,20
hyperliquid,MSFT,xyz:MSFT,29,1790655837035,809,507.235,0.1971492222452298,235625.31819,76482.76544999999,235625.31819,76482.76544999999,20,20
hyperliquid,MSFT,xyz:MSFT,30,1790655897313,684,507.225,0.19715310910495276,220322.53367,128195.34058,220322.53367,128195.34058,20,20
hyperliquid,MSFT,xyz:MSFT,31,1790655957145,336,507.265,0.1971375625919869,200020.92513,108279.15876,200020.92513,108279.15876,20,20
hyperliquid,MSFT,xyz:MSFT,32,1790656017293,410,507.21000000000004,0.3943217665614007,204734.5157,115403.72602,204734.5157,115403.72602,20,20
hyperliquid,MSFT,xyz:MSFT,33,1790656077036,524,507.26,0.39428289797971416,145309.12698,147040.04696,145309.12698,147040.04696,20,20
hyperliquid,MSFT,xyz:MSFT,34,1790656137040,724,507.28,0.3942673526924345,165712.35913,89654.16983,165712.35913,89654.16983,20,20
hyperliquid,ORCL,xyz:ORCL,0,1790654096973,402,132.865,0.7526719855488473,202310.94854,79031.29186,346783.23137,128653.96591,20,20
hyperliquid,ORCL,xyz:ORCL,1,1790654157305,799,132.825,0.7528986598415166,241277.14445,80058.27921000001,398774.1929,168535.40865,20,20
hyperliquid,ORCL,xyz:ORCL,2,1790654216977,816,132.815,0.7529553497476194,212114.30854,94102.33472000001,339275.94033,200248.61836000002,20,20
hyperliquid,ORCL,xyz:ORCL,3,1790654277106,475,132.82,1.5059106994952387,210207.67338000002,79950.6414,336826.4081,201956.19780999998,20,20
hyperliquid,ORCL,xyz:ORCL,4,1790654336941,340,132.79500000000002,0.7530687551793314,119730.21566,104869.99588,324045.66730000003,196448.36795,20,20
hyperliquid,ORCL,xyz:ORCL,5,1790654396795,450,132.755,2.2600572547837317,234889.38741,85933.64102,415729.71741,195421.49122,20,20
hyperliquid,ORCL,xyz:ORCL,6,1790654456897,468,132.70499999999998,0.7535795026392123,201133.22381999998,71744.87677,423172.46421,130741.82649,20,20
hyperliquid,ORCL,xyz:ORCL,7,1790654516849,701,132.725,0.7534659433394708,156118.92315,89504.43288000001,401622.93999,159644.38871,20,20
hyperliquid,ORCL,xyz:ORCL,8,1790654577181,737,132.725,0.7534659433394708,165345.98442,88543.01912,396275.45686,189128.91628,20,20
hyperliquid,ORCL,xyz:ORCL,9,1790654637029,814,132.725,0.7534659433394708,183399.57804999998,88191.39262000001,408985.75995,145561.12902,20,20
hyperliquid,ORCL,xyz:ORCL,10,1790654696954,622,132.685,2.2612497173435386,143495.35700000002,98423.19917,323967.42431000003,199522.91892,20,20
hyperliquid,ORCL,xyz:ORCL,11,1790654757036,324,132.68,1.5074998115638394,141493.33076,68786.45668,289936.66573,165418.75662,20,20
hyperliquid,ORCL,xyz:ORCL,12,1790654817286,808,132.685,0.7536930961715704,161057.49648,84123.9455,300498.44903,167014.6668,20,20
hyperliquid,ORCL,xyz:ORCL,13,1790654877113,667,132.695,0.7536362951232611,144175.9236,80493.95083,292731.84254,196754.21021,20,20
hyperliquid,ORCL,xyz:ORCL,14,1790654937219,582,132.70499999999998,0.7535795026392123,114969.96195,85296.06415,291591.95904,196909.58883,20,20
hyperliquid,ORCL,xyz:ORCL,15,1790654997028,530,132.70499999999998,0.7535795026392123,102750.61579,79220.10210999999,303263.16516,195833.61246,20,20
hyperliquid,ORCL,xyz:ORCL,16,1790655057306,632,132.695,0.7536362951232611,144983.45474,65694.41479,329446.52727,174098.37055999998,20,20
hyperliquid,ORCL,xyz:ORCL,17,1790655117412,774,132.65499999999997,2.261761158022235,188584.39599,77306.55993999999,335497.4658,221935.28599,20,20
hyperliquid,ORCL,xyz:ORCL,18,1790655177157,478,132.59,1.5085231558287227,197291.52156,94199.68674,432117.36048,176250.32341,20,20
hyperliquid,ORCL,xyz:ORCL,19,1790655237012,421,132.58499999999998,2.2629554197783897,209811.95822,72431.74055,424150.91998,172044.33814,20,20
hyperliquid,ORCL,xyz:ORCL,20,1790655297094,541,132.57999999999998,1.5086369465189264,203670.59522,60408.200809999995,442155.00071,146299.31901,20,20
hyperliquid,ORCL,xyz:ORCL,21,1790655356702,386,132.60000000000002,3.0170463116596657,206684.11607000002,54869.66845,431022.78093,117954.35191,20,20
hyperliquid,ORCL,xyz:ORCL,22,1790655416981,523,132.615,0.7540909433667586,209500.77603,82815.05438,434964.92671,147449.95376,20,20
hyperliquid,ORCL,xyz:ORCL,23,1790655476958,400,132.63,1.5080681646795213,218254.71255,89539.47421,455483.5282,157953.94391,20,20
hyperliquid,ORCL,xyz:ORCL,24,1790655537315,680,132.69,1.5073861923409204,185436.29234,76081.75605,331997.0806,189784.16221,20,20
hyperliquid,ORCL,xyz:ORCL,25,1790655597097,430,132.70499999999998,0.7535795026392123,152076.66631,70375.88707000001,346087.51248,184782.70039,20,20
hyperliquid,ORCL,xyz:ORCL,26,1790655656821,545,132.68,1.5074998115638394,196058.32429000002,87032.99729,327963.17829,192198.24869,20,20
hyperliquid,ORCL,xyz:ORCL,27,1790655717210,768,132.7,1.5072725902487427,192824.19136,86769.65783000001,337026.2248,191224.63208,20,20
hyperliquid,ORCL,xyz:ORCL,28,1790655776970,725,132.66,1.5077271013930194,216349.91175,84285.35351,356584.29327,154239.92549,20,20
hyperliquid,ORCL,xyz:ORCL,29,1790655837059,833,132.685,3.7690336197804264,75372.97063,50969.51352,293981.10551,202738.85117,20,20
hyperliquid,ORCL,xyz:ORCL,30,1790655897426,797,132.7,1.5072725902487427,203274.76678,86735.0981,362017.17938,184583.68325,20,20
hyperliquid,ORCL,xyz:ORCL,31,1790655957267,458,132.70499999999998,0.7535795026392123,208897.40463,63069.158,341865.13471,186232.27964,20,20
hyperliquid,ORCL,xyz:ORCL,32,1790656017431,548,132.69,1.5073861923409204,258467.9886,87111.07566,362141.393,190334.70463,20,20
hyperliquid,ORCL,xyz:ORCL,33,1790656077103,591,132.69,1.5073861923409204,256795.53921,87049.89706,351537.55406,190273.39335,20,20
hyperliquid,ORCL,xyz:ORCL,34,1790656137094,778,132.69,1.5073861923409204,265290.50069,86729.56604,360032.51554,189953.06233,20,20
hyperliquid,GOOGL,xyz:GOOGL,0,1790654096988,417,342.08500000000004,0.8770134767743798,159859.02326,165686.72853,159859.02326,165686.72853,20,20
hyperliquid,GOOGL,xyz:GOOGL,1,1790654157396,890,342.06,0.5847098377431692,135241.65323999999,158475.66531,135241.65323999999,158475.66531,20,20
hyperliquid,GOOGL,xyz:GOOGL,2,1790654217031,319,341.95500000000004,0.8773469029654812,181712.77985,149320.6048,181712.77985,149320.6048,20,20
hyperliquid,GOOGL,xyz:GOOGL,3,1790654277109,478,341.945,0.29244896765590056,139408.7635,124204.50223,139408.7635,124204.50223,20,20
hyperliquid,GOOGL,xyz:GOOGL,4,1790654337008,407,341.83,0.5851032707271386,158119.25657,132843.10073,158119.25657,132843.10073,20,20
hyperliquid,GOOGL,xyz:GOOGL,5,1790654396851,506,341.935,0.8773982218057697,116141.98109,179538.3017,116141.98109,179538.3017,20,20
hyperliquid,GOOGL,xyz:GOOGL,6,1790654456945,516,341.89,0.5850005850005502,190883.93601,137742.57249,190883.93601,137742.57249,20,20
hyperliquid,GOOGL,xyz:GOOGL,7,1790654516927,715,341.875,0.2925088483918259,169217.77582,145561.91575000001,169217.77582,145561.91575000001,20,20
hyperliquid,GOOGL,xyz:GOOGL,8,1790654577255,811,341.895,0.8775008775008253,161234.96979,168699.16141,161234.96979,168699.16141,20,20
hyperliquid,GOOGL,xyz:GOOGL,9,1790654637034,276,341.885,0.8775265451776981,183786.73848,144587.44237,183786.73848,144587.44237,20,20
hyperliquid,GOOGL,xyz:GOOGL,10,1790654696977,645,341.915,0.2924746278254453,171770.65065,168322.01654,171770.65065,168322.01654,20,20
hyperliquid,GOOGL,xyz:GOOGL,11,1790654757057,345,341.925,0.2924660739345164,134504.48432000002,168028.94531,134504.48432000002,168028.94531,20,20
hyperliquid,GOOGL,xyz:GOOGL,12,1790654817368,890,341.935,0.2924575205454083,147552.52956,173586.52108,147552.52956,173586.52108,20,20
hyperliquid,GOOGL,xyz:GOOGL,13,1790654877244,798,341.95,0.5848979353095807,131660.44937,180502.83205,131660.44937,180502.83205,20,20
hyperliquid,GOOGL,xyz:GOOGL,14,1790654937279,642,341.95,0.5848979353095807,130855.06267,179663.32160999998,130855.06267,179663.32160999998,20,20
hyperliquid,GOOGL,xyz:GOOGL,15,1790654997033,535,341.95500000000004,0.8773469029654812,162304.19640000002,178332.14281,162304.19640000002,178332.14281,20,20
hyperliquid,GOOGL,xyz:GOOGL,16,1790655057428,754,341.925,0.8774238834763359,195135.84902,157879.78512,195135.84902,157879.78512,20,20
hyperliquid,GOOGL,xyz:GOOGL,17,1790655117421,783,341.895,0.29249173710832466,177287.32861,138596.86543,177287.32861,138596.86543,20,20
hyperliquid,GOOGL,xyz:GOOGL,18,1790655177272,593,341.915,0.2924746278254453,178555.04174000002,152796.22483,178555.04174000002,152796.22483,20,20
hyperliquid,GOOGL,xyz:GOOGL,19,1790655237017,426,341.915,0.2924746278254453,177255.97454999998,163087.18394,177255.97454999998,163087.18394,20,20
hyperliquid,GOOGL,xyz:GOOGL,20,1790655297110,557,341.945,0.29244896765590056,196849.68466,170211.7891,196849.68466,170211.7891,20,20
hyperliquid,GOOGL,xyz:GOOGL,21,1790655356742,426,341.95,0.5848979353095807,208008.03265,157719.38638,208008.03265,157719.38638,20,20
hyperliquid,GOOGL,xyz:GOOGL,22,1790655416968,510,341.945,0.29244896765590056,207346.7722,158146.92892,207346.7722,158146.92892,20,20
hyperliquid,GOOGL,xyz:GOOGL,23,1790655476985,427,341.905,0.8774752113271944,190451.42978,140893.23113,190451.42978,140893.23113,20,20
hyperliquid,GOOGL,xyz:GOOGL,24,1790655537319,684,341.90999999999997,0.5849663644341696,157758.43328,156782.70316,157758.43328,156782.70316,20,20
hyperliquid,GOOGL,xyz:GOOGL,25,1790655597093,426,341.93,0.5849321478712532,201421.38842,143156.04778,201421.38842,143156.04778,20,20
hyperliquid,GOOGL,xyz:GOOGL,26,1790655656824,548,341.885,0.2925002925002751,146794.56514,136759.79619,146794.56514,136759.79619,20,20
hyperliquid,GOOGL,xyz:GOOGL,27,1790655717245,803,341.94,0.5849150410908166,162116.31717,165091.67096000002,162116.31717,165091.67096000002,20,20
hyperliquid,GOOGL,xyz:GOOGL,28,1790655777010,765,341.94,0.5849150410908166,184205.60451,170919.41718000002,184205.60451,170919.41718000002,20,20
hyperliquid,GOOGL,xyz:GOOGL,29,1790655837084,315,341.895,0.8775008775008253,227824.97736000002,152255.24937,227824.97736000002,152255.24937,20,20
hyperliquid,GOOGL,xyz:GOOGL,30,1790655897516,349,341.935,0.8773982218057697,185496.02997,173969.14719,185496.02997,173969.14719,20,20
hyperliquid,GOOGL,xyz:GOOGL,31,1790655957287,478,341.935,0.2924575205454083,167231.22183,146823.46025,167231.22183,146823.46025,20,20
hyperliquid,GOOGL,xyz:GOOGL,32,1790656017445,562,341.91499999999996,0.8774495466523646,199700.91761,137647.55294,199700.91761,137647.55294,20,20
hyperliquid,GOOGL,xyz:GOOGL,33,1790656077099,587,341.89,0.5850005850005502,237825.10327,119458.12512,237825.10327,119458.12512,20,20
hyperliquid,GOOGL,xyz:GOOGL,34,1790656137160,292,341.89,0.5850005850005502,236003.64567,155003.714,236003.64567,155003.714,20,20
hyperliquid,AMZN,xyz:AMZN,0,1790654097068,497,246.13,0.8126117341133998,151573.4445,128537.20103,151573.4445,128537.20103,20,20
hyperliquid,AMZN,xyz:AMZN,1,1790654157421,915,246.10500000000002,1.2190661952948822,209939.76385,134275.87714,209939.76385,152956.3705,20,20
hyperliquid,AMZN,xyz:AMZN,2,1790654217160,448,246.075,0.40638842605744685,222413.16650000002,172182.07132,222413.16650000002,172182.07132,20,20
hyperliquid,AMZN,xyz:AMZN,3,1790654277145,514,246.07,0.8128098837678621,218267.36157,171229.377,218267.36157,171229.377,20,20
hyperliquid,AMZN,xyz:AMZN,4,1790654337057,456,246.01999999999998,0.812975082313816,190664.06299,117192.35125,190664.06299,117192.35125,20,20
hyperliquid,AMZN,xyz:AMZN,5,1790654396937,592,246.075,0.40638842605744685,120988.27403,171721.14822,120988.27403,171721.14822,20,20
hyperliquid,AMZN,xyz:AMZN,6,1790654457090,661,246.05,0.8128759551295772,141631.10785,178873.44078,141631.10785,178873.44078,20,20
hyperliquid,AMZN,xyz:AMZN,7,1790654517043,895,246.01999999999998,0.812975082313816,157809.32074,138432.2096,157809.32074,138432.2096,20,20
hyperliquid,AMZN,xyz:AMZN,8,1790654577371,379,246.005,1.2195617708044004,159277.18563,131263.90325,159277.18563,131263.90325,20,20
hyperliquid,AMZN,xyz:AMZN,9,1790654637122,364,245.985,1.2196609342596254,176127.24997,131511.03702,176127.24997,131511.03702,20,20
hyperliquid,AMZN,xyz:AMZN,10,1790654697098,766,245.985,1.2196609342596254,147940.35908,127203.4482,147940.35908,127203.4482,20,20
hyperliquid,AMZN,xyz:AMZN,11,1790654757180,468,245.97500000000002,1.219710522035733,144625.37185999998,133070.23223,144625.37185999998,133070.23223,20,20
hyperliquid,AMZN,xyz:AMZN,12,1790654817405,321,245.96499999999997,1.2197601138441705,210298.54433,162813.08561,210298.54433,164736.31003,20,20
hyperliquid,AMZN,xyz:AMZN,13,1790654877252,806,245.95,0.8132064731247723,209306.91917,132461.86785,209306.91917,132461.86785,20,20
hyperliquid,AMZN,xyz:AMZN,14,1790654937370,733,245.945,1.2198593095602561,210196.38472,180321.57165,210196.38472,180321.57165,20,20
hyperliquid,AMZN,xyz:AMZN,15,1790654997082,584,245.97500000000002,1.219710522035733,169670.56331,198238.03831,169670.56331,198238.03831,20,20
hyperliquid,AMZN,xyz:AMZN,16,1790655057504,830,245.95499999999998,1.219809709684938,225649.71766,159247.93539,225649.71766,159247.93539,20,20
hyperliquid,AMZN,xyz:AMZN,17,1790655117548,372,245.95,0.8132064731247723,179417.9994,145035.05619,179417.9994,145035.05619,20,20
hyperliquid,AMZN,xyz:AMZN,18,1790655177345,666,245.97,0.813140348023822,170518.94264,147084.20955,170518.94264,147084.20955,20,20
hyperliquid,AMZN,xyz:AMZN,19,1790655237110,519,245.98000000000002,1.626280696047644,176472.58668,207773.24356,176472.58668,207773.24356,20,20
hyperliquid,AMZN,xyz:AMZN,20,1790655297249,696,245.98000000000002,0.8131072895078972,176822.98252,142049.27475,176822.98252,142049.27475,20,20
hyperliquid,AMZN,xyz:AMZN,21,1790655356881,565,245.985,1.2196609342596254,195039.04832,172251.47194999998,195039.04832,172251.47194999998,20,20
hyperliquid,AMZN,xyz:AMZN,22,1790655417065,607,245.98000000000002,1.626280696047644,201906.73101,175773.77853,201906.73101,175773.77853,20,20
hyperliquid,AMZN,xyz:AMZN,23,1790655477124,566,245.98000000000002,1.626280696047644,124914.91471,142880.89322,124914.91471,142880.89322,20,20
hyperliquid,AMZN,xyz:AMZN,24,1790655537430,795,245.985,1.2196609342596254,122467.26679,144635.96632,122467.26679,144635.96632,20,20
hyperliquid,AMZN,xyz:AMZN,25,1790655597218,551,245.985,1.2196609342596254,118319.29454,146037.54061,118319.29454,146037.54061,20,20
hyperliquid,AMZN,xyz:AMZN,26,1790655656951,675,245.995,0.4065205902681335,117863.18493,142321.95371,117863.18493,142321.95371,20,20
hyperliquid,AMZN,xyz:AMZN,27,1790655717341,360,246.01,0.8130081300827818,115075.44779,152714.72602,115075.44779,152714.72602,20,20
hyperliquid,AMZN,xyz:AMZN,28,1790655777144,358,246.01,0.8130081300827818,117348.8344,184418.31726,117348.8344,184418.31726,20,20
hyperliquid,AMZN,xyz:AMZN,29,1790655837143,374,245.99,0.8130742336787122,110149.35698,143512.00885,110149.35698,143512.00885,20,20
hyperliquid,AMZN,xyz:AMZN,30,1790655897602,435,246.09500000000003,1.219115734720777,73219.15013000001,215529.88355,73219.15013000001,215529.88355,20,20
hyperliquid,AMZN,xyz:AMZN,31,1790655957380,571,246.125,1.2189671285178783,88409.45445,258165.40542999998,88409.45445,258165.40542999998,20,20
hyperliquid,AMZN,xyz:AMZN,32,1790656017623,740,246.13,0.8126117341133998,100070.70937,255662.46041,100070.70937,255662.46041,20,20
hyperliquid,AMZN,xyz:AMZN,33,1790656077276,764,246.13,0.8126117341133998,100075.13863,257497.7334,100075.13863,257497.7334,20,20
hyperliquid,AMZN,xyz:AMZN,34,1790656137295,427,246.17000000000002,0.8124796880082386,126393.55647,225715.33592,126393.55647,225715.33592,20,20
hyperliquid,AMD,xyz:AMD,0,1790654097154,583,605.6700000000001,1.6512004227076105,90448.82976000001,40511.93599,90448.82976000001,40511.93599,20,20
hyperliquid,AMD,xyz:AMD,1,1790654157499,302,605.315,1.817400786439105,93605.51492,66447.00345,93605.51492,66447.00345,20,20
hyperliquid,AMD,xyz:AMD,2,1790654217219,507,605.3,0.9912931419053805,74164.35292,52548.71521,74164.35292,52548.71521,20,20
hyperliquid,AMD,xyz:AMD,3,1790654277302,671,605.015,0.49586776859511517,54018.22225,51455.75068,54018.22225,51455.75068,20,20
hyperliquid,AMD,xyz:AMD,4,1790654337107,506,604.8399999999999,1.653466492501643,65322.29542,58310.242099999996,65322.29542,58310.242099999996,20,20
hyperliquid,AMD,xyz:AMD,5,1790654396988,643,605.05,1.652892561982977,71085.53115000001,43193.32035,71085.53115000001,43193.32035,20,20
hyperliquid,AMD,xyz:AMD,6,1790654457135,706,604.635,0.8269793751325416,60924.9271,45655.29569,60924.9271,45655.29569,20,20
hyperliquid,AMD,xyz:AMD,7,1790654517037,825,604.9549999999999,1.8184823937850148,80968.47728,44692.94609,80968.47728,44692.94609,20,20
hyperliquid,AMD,xyz:AMD,8,1790654577460,468,604.895,2.1493642841785565,90900.92389,45924.590449999996,90900.92389,45924.590449999996,20,20
hyperliquid,AMD,xyz:AMD,9,1790654637145,387,604.5999999999999,1.6541229013311565,61127.830330000004,48916.76541,61127.830330000004,48916.76541,20,20
hyperliquid,AMD,xyz:AMD,10,1790654697149,817,604.685,1.4884890182598198,49415.91248,43073.99778,49415.91248,43073.99778,20,20
hyperliquid,AMD,xyz:AMD,11,1790654757228,516,604.7650000000001,1.8190537613071989,60174.76156,46523.33756,60174.76156,46523.33756,20,20
hyperliquid,AMD,xyz:AMD,12,1790654817566,482,604.9449999999999,1.4878492312786484,62123.92845,45256.994,62123.92845,45256.994,20,20
hyperliquid,AMD,xyz:AMD,13,1790654877414,423,604.885,1.8186928558439064,95383.07617,37892.0558,95383.07617,37892.0558,20,20
hyperliquid,AMD,xyz:AMD,14,1790654937472,835,604.905,0.4959579427654681,149490.20705,45827.79174,149490.20705,45827.79174,20,20
hyperliquid,AMD,xyz:AMD,15,1790654997217,719,605.105,1.1568909382364545,120245.20095,98912.89687,120245.20095,98912.89687,20,20
hyperliquid,AMD,xyz:AMD,16,1790655057563,349,605.105,1.8180315676397107,110323.8159,51900.99109,110323.8159,51900.99109,20,20
hyperliquid,AMD,xyz:AMD,17,1790655117653,477,605.0550000000001,0.8264053022166706,110252.08483,60593.222570000005,110252.08483,60593.222570000005,20,20
hyperliquid,AMD,xyz:AMD,18,1790655177470,791,605.095,2.1486537857628996,75085.71673,52004.97202,75085.71673,52004.97202,20,20
hyperliquid,AMD,xyz:AMD,19,1790655237228,637,605.1600000000001,1.6525920906951264,73081.54668,64615.65945,73081.54668,64615.65945,20,20
hyperliquid,AMD,xyz:AMD,20,1790655297301,748,605.095,2.1486537857628996,98057.43575,59879.66894,98057.43575,59879.66894,20,20
hyperliquid,AMD,xyz:AMD,21,1790655356894,578,605.15,0.9915388683223725,102965.50969,58939.749110000004,102965.50969,58939.749110000004,20,20
hyperliquid,AMD,xyz:AMD,22,1790655417168,710,605.385,0.8259548037514719,84685.43838,81957.52161,84685.43838,81957.52161,20,20
hyperliquid,AMD,xyz:AMD,23,1790655477169,611,605.49,1.6516913319231108,95275.70638999999,56143.0112,95275.70638999999,56143.0112,20,20
hyperliquid,AMD,xyz:AMD,24,1790655537512,877,605.6700000000001,1.3209385268231344,62559.62659,89549.64140000001,62559.62659,89549.64140000001,20,20
hyperliquid,AMD,xyz:AMD,25,1790655597280,613,605.9000000000001,1.320437064669111,72974.34763,48266.66487,72974.34763,48266.66487,20,20
hyperliquid,AMD,xyz:AMD,26,1790655657021,745,605.62,1.3210475907388108,72286.7619,48841.53748,72286.7619,48841.53748,20,20
hyperliquid,AMD,xyz:AMD,27,1790655717426,445,605.79,0.9904912836766755,49076.96492,117472.01252,49076.96492,117472.01252,20,20
hyperliquid,AMD,xyz:AMD,28,1790655777167,381,605.655,1.1558402958966596,55740.34664,49172.80203,55740.34664,49172.80203,20,20
hyperliquid,AMD,xyz:AMD,29,1790655837276,507,605.495,0.16515549389639617,107014.74974,73120.53835,107014.74974,73120.53835,20,20
hyperliquid,AMD,xyz:AMD,30,1790655897710,543,605.735,0.8254775387550595,96706.4222,76202.0575,96706.4222,76202.0575,20,20
hyperliquid,AMD,xyz:AMD,31,1790655957507,698,605.41,0.6607310989603654,95932.68557,35048.1656,95932.68557,35048.1656,20,20
hyperliquid,AMD,xyz:AMD,32,1790656017652,769,605.3,0.9912931419053805,133793.27745,31413.165829999998,133793.27745,31413.165829999998,20,20
hyperliquid,AMD,xyz:AMD,33,1790656077294,782,604.97,1.653111155195397,87079.76494,53445.01581,87079.76494,53445.01581,20,20
hyperliquid,AMD,xyz:AMD,34,1790656137350,482,605.095,1.4874803735231978,55643.30656,85603.57628,55643.30656,85603.57628,20,20
hyperliquid,MU,xyz:MU,0,1790654097158,587,1051.85,0.9507510933648433,767911.412,823154.8086,1545010.7687,1929146.9321,20,20
hyperliquid,MU,xyz:MU,1,1790654157601,404,1051.6999999999998,1.9018638265499987,723684.4804,978803.1024,1471953.811,1848553.7341,20,20
hyperliquid,MU,xyz:MU,2,1790654217509,797,1051.65,0.9509319132772198,810552.9879,1143348.25,1484721.265,2004882.0528,20,20
hyperliquid,MU,xyz:MU,3,1790654277308,677,1051.45,0.9511128019767945,823106.0312,889528.9556,1780314.7939,1997626.9128999999,20,20
hyperliquid,MU,xyz:MU,4,1790654337142,541,1051.05,0.9514747859173944,771274.201,1141439.8998999998,1638547.0039000001,2050264.5883,20,20
hyperliquid,MU,xyz:MU,5,1790654397092,747,1051.55,0.9510223490249992,683949.5664,1048161.7379,1398559.6613,1866873.1059,20,20
hyperliquid,MU,xyz:MU,6,1790654457154,725,1050.85,0.9516558812339149,797907.5781,721920.2744,1767808.5701,2041246.354,20,20
hyperliquid,MU,xyz:MU,7,1790654517095,345,1050.95,0.9515653249581035,892885.6092,1057761.4546,1594078.4864999999,1999492.6054999998,20,20
hyperliquid,MU,xyz:MU,8,1790654577551,559,1050.45,0.952018278750355,982222.5059,695417.9361,1651074.5071999999,1794381.7509,20,20
hyperliquid,MU,xyz:MU,9,1790654637214,456,1050.25,0.9521995810302109,766572.7935,990976.5162,1550814.396,1993761.2563,20,20
hyperliquid,MU,xyz:MU,10,1790654697166,297,1050.55,0.9519276534963872,670323.1366,1217343.224,1543598.1524,2028266.5676,20,20
hyperliquid,MU,xyz:MU,11,1790654757284,572,1050.65,0.951837045499726,813474.8265000001,944548.3459,1634123.6779,2145669.9874,20,20
hyperliquid,MU,xyz:MU,12,1790654817601,517,1050.65,0.951837045499726,885840.5049,844709.2796,1606698.9375,2084662.7377,20,20
hyperliquid,MU,xyz:MU,13,1790654877584,593,1050.75,0.951746454742608,931526.1913,731306.7743,1568074.7744,2221653.9058,20,20
hyperliquid,MU,xyz:MU,14,1790654937544,907,1050.3000000000002,1.9043991620648626,720288.4201,846557.9138,1618399.8573,1997054.9868,20,20
hyperliquid,MU,xyz:MU,15,1790654997225,667,1050.45,0.952018278750355,788490.0803,1036389.9035,1585115.9274000002,1911335.2131,20,20
hyperliquid,MU,xyz:MU,16,1790655057648,434,1050.85,0.9516558812339149,727594.9068,953897.8326,1636025.7007,2363576.5398,20,20
hyperliquid,MU,xyz:MU,17,1790655117659,483,1050.45,0.952018278750355,923549.0509,758061.6885,1750876.1445,1838205.4978,20,20
hyperliquid,MU,xyz:MU,18,1790655177523,844,1050.55,0.9519276534963872,694697.8619,1062806.809,1638686.161,1930371.2644,20,20
hyperliquid,MU,xyz:MU,19,1790655237232,641,1050.65,0.951837045499726,861080.3834,801660.8724,1646087.4776,2155314.6741,20,20
hyperliquid,MU,xyz:MU,20,1790655297375,822,1050.75,0.951746454742608,802464.7531,907481.2734999999,1693259.3088,2226472.9808,20,20
hyperliquid,MU,xyz:MU,21,1790655356945,629,1050.65,0.951837045499726,731704.5361,1145250.8003,1593943.6456,2028153.7108,20,20
hyperliquid,MU,xyz:MU,22,1790655417171,713,1050.95,0.9515653249581035,680212.9377,1096049.2338,1603925.5742,2297244.7131,20,20
hyperliquid,MU,xyz:MU,23,1790655477189,631,1051.1,1.9029495718370093,686000.8885,818887.369,1728393.0096999998,2425617.9605,20,20
hyperliquid,MU,xyz:MU,24,1790655537851,613,1051.25,0.9512937595124171,751886.4578,1196153.9654,1683993.7391,2554332.8911,20,20
hyperliquid,MU,xyz:MU,25,1790655597406,739,1051.95,0.9506607091913644,682181.5911,1254143.5752,1451127.5609,2100923.079,20,20
hyperliquid,MU,xyz:MU,26,1790655657009,733,1051.45,0.9511128019767945,896369.1542,765138.4172,1992436.9707,2051841.1147,20,20
hyperliquid,MU,xyz:MU,27,1790655717524,543,1051.85,0.9507510933648433,810652.8650999999,945809.1312,1569793.8540999999,2008983.3364,20,20
hyperliquid,MU,xyz:MU,28,1790655777199,413,1051.95,0.9506607091913644,763262.5731,1007056.7607,1492968.4719,1870758.5016,20,20
hyperliquid,MU,xyz:MU,29,1790655837280,511,1051.55,0.9510223490249992,830196.1296,1035726.5301,2012201.5918,2048542.6121,20,20
hyperliquid,MU,xyz:MU,30,1790655897714,547,1052.25,0.9503896597595762,744432.8158,1155942.1783999999,1498991.0285,2321189.0453999997,20,20
hyperliquid,MU,xyz:MU,31,1790655957529,720,1051.85,0.9507510933648433,940169.076,833135.8353,1839884.1324,1826960.3243,20,20
hyperliquid,MU,xyz:MU,32,1790656017702,819,1051.95,0.9506607091913644,865178.6897999999,1059395.928,1626459.2497,2013581.031,20,20
hyperliquid,MU,xyz:MU,33,1790656077342,830,1051.75,0.9508414947223542,700876.9627,1396341.8302,1594699.2033,2196565.2031,20,20
hyperliquid,MU,xyz:MU,34,1790656137351,483,1051.75,0.9508414947223542,693426.5301,1403886.2803,1590514.1762,2195119.4551999997,20,20
hyperliquid,SNDK,io:SNDK,0,1790654097266,695,1700.65,1.7641870038231922,31325.277869999998,98813.49554,56797.237669999995,283602.47133,20,20
hyperliquid,SNDK,io:SNDK,1,1790654157690,493,1700.3000000000002,1.17633219621327,27025.37153,101287.74191,61216.93696,110013.01,20,20
hyperliquid,SNDK,io:SNDK,2,1790654217402,690,1699.85,0.5883045064125625,29744.49687,89081.99483000001,40825.725959999996,106841.52863,20,20
hyperliquid,SNDK,io:SNDK,3,1790654277367,736,1699.75,0.5883391186678466,13170.74621,89317.04854,53354.25868,276274.52262,20,20
hyperliquid,SNDK,io:SNDK,4,1790654337248,647,1699.1,1.1771630370804864,12230.32538,90984.5027,99355.44138999999,112909.2733,20,20
hyperliquid,SNDK,io:SNDK,5,1790654397161,288,1700.05,0.588235294116668,7267.86509,266527.65842999995,37610.42188,284283.6039,20,20
hyperliquid,SNDK,io:SNDK,6,1790654457286,318,1698.6999999999998,1.17744024490829,12001.97077,69187.00149,37104.30894,92847.58353999999,20,20
hyperliquid,SNDK,io:SNDK,7,1790654517221,471,1699.45,0.5884429798741486,10898.29859,83090.30547,44637.92692,107491.62488,20,20
hyperliquid,SNDK,io:SNDK,8,1790654577626,634,1698.75,1.7661603673624349,30781.498310000003,67198.25072000001,38441.035070000005,102752.10058,20,20
hyperliquid,SNDK,io:SNDK,9,1790654637307,549,1698.35,0.5888241182372411,12399.18951,103278.57798,30547.82393,106793.33162000001,20,20
hyperliquid,SNDK,io:SNDK,10,1790654697290,421,1698.15,0.5888934691711256,38768.04265,87636.35768,63784.82443,107838.03017,20,20
hyperliquid,SNDK,io:SNDK,11,1790654757391,679,1698.35,0.5888241182372411,29430.4335,88424.80231,35702.999,112982.08489,20,20
hyperliquid,SNDK,io:SNDK,12,1790654817693,609,1698.35,0.5888241182372411,11807.332190000001,102174.09924,35576.933489999996,289372.87881,20,20
hyperliquid,SNDK,io:SNDK,13,1790654877537,546,1698.15,0.5888934691711256,55666.88358,100231.23605,58758.248400000004,104262.56849,20,20
hyperliquid,SNDK,io:SNDK,14,1790654937827,584,1697.45,0.5891363261456561,46069.65868,87224.17007,51784.898890000004,110244.41724,20,20
hyperliquid,SNDK,io:SNDK,15,1790654997417,318,1697.55,0.5891016200298971,56312.86746,86068.29135,94989.3376,96833.89215,20,20
hyperliquid,SNDK,io:SNDK,16,1790655057704,490,1698.1,2.35585134577887,11157.39238,87112.79533,52317.60303,97324.75036,20,20
hyperliquid,SNDK,io:SNDK,17,1790655117777,601,1697.55,0.5891016200298971,56188.12662,65849.7812,100010.85053,94080.39568,20,20
hyperliquid,SNDK,io:SNDK,18,1790655177569,285,1697.65,0.5890669180019792,53546.47114,100578.86719,63033.73784,108020.26069000001,20,20
hyperliquid,SNDK,io:SNDK,19,1790655237429,294,1698.15,0.5888934691711256,13034.59873,86480.30591,42052.26818,96986.20173999999,20,20
hyperliquid,SNDK,io:SNDK,20,1790655297446,357,1698.55,0.5887547836325169,55520.448209999995,89799.73784,63584.26385999999,276409.48370000004,20,20
hyperliquid,SNDK,io:SNDK,21,1790655357067,751,1697.85,0.5889975262118874,49923.39458,100839.30761999999,56908.954600000005,107649.42222,20,20
hyperliquid,SNDK,io:SNDK,22,1790655417259,801,1699.05,0.588581518539133,12970.970650000001,83425.64027,89081.85944,112167.59071,20,20
hyperliquid,SNDK,io:SNDK,23,1790655477363,805,1698.95,0.5886161633994469,37147.53585,87256.83527,68261.25518000001,114633.54569,20,20
hyperliquid,SNDK,io:SNDK,24,1790655537886,648,1698.25,0.588858791661373,38639.10822,90007.87042,58015.91171,92991.01461,20,20
hyperliquid,SNDK,io:SNDK,25,1790655597464,268,1699.6,1.1768167107972793,57297.6743,64264.90361,75714.29958,94879.3348,20,20
hyperliquid,SNDK,io:SNDK,26,1790655657142,866,1698.95,0.5886161633994469,40476.15883,86799.8866,76559.02183,112024.07081,20,20
hyperliquid,SNDK,io:SNDK,27,1790655717613,632,1699.65,0.5883737349976492,34465.56048,90297.22861,70395.55061,93498.62794,20,20
hyperliquid,SNDK,io:SNDK,28,1790655777393,607,1699.55,0.5884083553975294,71577.35077,86198.23313,84156.51449,96778.2422,20,20
hyperliquid,SNDK,io:SNDK,29,1790655837449,680,1699.05,0.588581518539133,56820.71525,86885.34107000001,82099.30375,91613.36786000001,20,20
hyperliquid,SNDK,io:SNDK,30,1790655897839,672,1700.35,0.5881315062050696,46125.93022,78423.87993,96039.24854,82868.47952000001,20,20
hyperliquid,SNDK,io:SNDK,31,1790655957572,763,1699.65,0.5883737349976492,63144.044760000004,101253.57197,84815.5089,102009.21889,20,20
hyperliquid,SNDK,io:SNDK,32,1790656017845,425,1699.95,0.5882698982295764,39885.56385,85434.86477,77864.71255,100175.44048,20,20
hyperliquid,SNDK,io:SNDK,33,1790656077511,402,1699.45,0.5884429798741486,37970.27357,86586.38173,63883.72623,91553.32354,20,20
hyperliquid,SNDK,io:SNDK,34,1790656137496,628,1699.35,0.5884776084275067,56434.69961,88323.61909,81012.83149,91853.16889,20,20
hyperliquid,MSTR,xyz:MSTR,0,1790654097339,768,156.04500000000002,0.6408613176112077,107583.12637999999,272139.55773,210831.08995999998,341087.96106,20,20
hyperliquid,MSTR,xyz:MSTR,1,1790654157794,597,156.03,1.2818869375719188,137232.38428,318924.96821,221347.29227,418096.29876,20,20
hyperliquid,MSTR,xyz:MSTR,2,1790654217461,749,155.885,0.6415191172681745,180531.50936,240977.25139,234323.34944000002,298940.95657,20,20
hyperliquid,MSTR,xyz:MSTR,3,1790654277666,481,155.74,1.284274064086155,163891.83013,411457.76814999996,200935.21803,541371.2732899999,20,20
hyperliquid,MSTR,xyz:MSTR,4,1790654337328,727,155.70499999999998,0.6422607578682182,108217.37744,274310.79393,196262.74331,463294.69388,20,20
hyperliquid,MSTR,xyz:MSTR,5,1790654397286,413,155.785,0.6419309282312824,155735.76881,254740.34654,208000.1044,327679.56069,20,20
hyperliquid,MSTR,xyz:MSTR,6,1790654457354,386,155.70499999999998,0.6422607578682182,70953.70543,336289.05969,162049.70234,539629.85434,20,20
hyperliquid,MSTR,xyz:MSTR,7,1790654517281,531,155.85500000000002,0.6416426050703805,164404.91589,301251.13815,187449.59199000002,416314.07758,20,20
hyperliquid,MSTR,xyz:MSTR,8,1790654577741,749,155.87,1.2832028743736679,125929.10547,281331.81591,223618.80917999998,338472.91408,20,20
hyperliquid,MSTR,xyz:MSTR,9,1790654637401,643,155.685,0.6423432682423069,109258.4714,323168.12554,166546.39635999998,367092.05539,20,20
hyperliquid,MSTR,xyz:MSTR,10,1790654697358,489,155.735,1.9265348060626408,128577.03298,390287.20535999996,196506.45916,520526.68906999996,20,20
hyperliquid,MSTR,xyz:MSTR,11,1790654757474,762,155.74,1.284274064086155,153227.57533999998,368017.04396,230389.30331,461498.3428,20,20
hyperliquid,MSTR,xyz:MSTR,12,1790654817798,714,155.73000000000002,1.2843565373743537,133064.10304,257981.43726,229136.37086999998,488304.99196,20,20
hyperliquid,MSTR,xyz:MSTR,13,1790654877622,631,155.73000000000002,1.2843565373743537,150139.81894,226983.98526000002,213984.65073,402810.78766000003,20,20
hyperliquid,MSTR,xyz:MSTR,14,1790654937737,494,155.45499999999998,1.9300051466797363,146880.0372,265597.94344,197813.64712,462572.49198,20,20
hyperliquid,MSTR,xyz:MSTR,15,1790654997471,372,155.635,0.642549636959977,177034.10006,302702.83024000004,232003.58275,338573.14607,20,20
hyperliquid,MSTR,xyz:MSTR,16,1790655057845,631,155.685,0.6423432682423069,194734.97278,216307.66781,228054.14964000002,303515.66727,20,20
hyperliquid,MSTR,xyz:MSTR,17,1790655117858,682,155.73000000000002,1.2843565373743537,214326.04319,256794.43378,255410.2048,470178.44840999995,20,20
hyperliquid,MSTR,xyz:MSTR,18,1790655177708,424,155.75,1.284191601385043,200967.02946,425771.42373,260364.11277,499388.43043,20,20
hyperliquid,MSTR,xyz:MSTR,19,1790655237420,285,155.86,1.2832852101385406,191039.02672,293321.24867,249385.71513,415762.77443,20,20
hyperliquid,MSTR,xyz:MSTR,20,1790655297556,467,155.79000000000002,1.2838618564647852,129963.76389,379023.90128,213084.17065000001,521820.34009,20,20
hyperliquid,MSTR,xyz:MSTR,21,1790655357138,822,155.815,0.6418073294400806,189449.14458999998,316186.67182,275013.72097,417134.22923,20,20
hyperliquid,MSTR,xyz:MSTR,22,1790655417442,475,155.825,1.9254219883202417,232038.02202,294925.05353,281920.65824,421025.15440999996,20,20
hyperliquid,MSTR,xyz:MSTR,23,1790655477681,582,156.055,1.922583952833623,206652.58508,236829.86106999998,222712.79234,370949.15279,20,20
hyperliquid,MSTR,xyz:MSTR,24,1790655537765,527,156.03,1.2818869375719188,173809.39345,301675.63505,251449.92742999998,411602.01701999997,20,20
hyperliquid,MSTR,xyz:MSTR,25,1790655597593,397,156.185,0.6402868485078095,201238.10285,331684.14602,251677.56888,582915.29782,20,20
hyperliquid,MSTR,xyz:MSTR,26,1790655657255,388,156.175,0.6403278478583907,219671.14342,232453.63811,235082.37977,401400.36884999997,20,20
hyperliquid,MSTR,xyz:MSTR,27,1790655717709,728,156.24,1.2801638609749588,214443.59528,216460.85558,258492.71169,342377.58691,20,20
hyperliquid,MSTR,xyz:MSTR,28,1790655777437,651,156.39499999999998,0.6394270733434126,232481.65019000001,319180.80493,274020.82753,502848.0713,20,20
hyperliquid,MSTR,xyz:MSTR,29,1790655837468,699,156.345,0.6396315722145829,120735.34354,279792.90817,238706.01493,310332.44995,20,20
hyperliquid,MSTR,xyz:MSTR,30,1790655897894,727,156.285,0.6398771435889294,244966.50722,263131.48477,261482.03326999999,401787.65525999997,20,20
hyperliquid,MSTR,xyz:MSTR,31,1790655957728,389,156.245,0.6400409626206027,192257.59840000002,392224.78899000003,226175.70981,420391.44142000005,20,20
hyperliquid,MSTR,xyz:MSTR,32,1790656017892,472,156.215,0.640163881953093,224600.37972,352341.25801,242989.98998,451400.27805,20,20
hyperliquid,MSTR,xyz:MSTR,33,1790656077540,496,156.195,0.6402458544085832,224262.84085,456759.09772,278971.45994000003,524498.91627,20,20
hyperliquid,MSTR,xyz:MSTR,34,1790656137552,684,156.175,0.6403278478583907,190089.32842,304698.67249,227856.57554,541053.51779,20,20
hyperliquid,CRCL,xyz:CRCL,0,1790654097400,829,85.178,1.408913727516392,53935.194304000004,76356.03765,53935.194304000004,76356.03765,20,20
hyperliquid,CRCL,xyz:CRCL,1,1790654157797,600,85.147,2.11421456928651,67700.381453,80067.947906,67700.381453,80067.947906,20,20
hyperliquid,CRCL,xyz:CRCL,2,1790654217535,287,85.106,2.1152332044604982,61584.1878,87558.831537,61584.1878,87558.831537,20,20
hyperliquid,CRCL,xyz:CRCL,3,1790654277668,483,85.078,1.410569870228251,62022.335997,77099.118453,62022.335997,77099.118453,20,20
hyperliquid,CRCL,xyz:CRCL,4,1790654337393,792,85.03,1.8818658700081592,76443.629747,79466.326539,76443.629747,79466.326539,20,20
hyperliquid,CRCL,xyz:CRCL,5,1790654397320,447,85.059,1.4108849776017784,59471.252709,96101.37816,59471.252709,96101.37816,20,20
hyperliquid,CRCL,xyz:CRCL,6,1790654457456,488,85.041,1.8816224289408545,57575.999099,79614.138765,57575.999099,79614.138765,20,20
hyperliquid,CRCL,xyz:CRCL,7,1790654517332,582,85.13550000000001,1.0571942065751294,69633.789948,108558.562567,69633.789948,108558.562567,20,20
hyperliquid,CRCL,xyz:CRCL,8,1790654577738,746,85.1245,1.2923084152771658,70394.692211,81564.098865,70394.692211,81564.098865,20,20
hyperliquid,CRCL,xyz:CRCL,9,1790654637405,647,85.0615,1.5284227852552235,69453.698816,88382.446166,69453.698816,88382.446166,20,20
hyperliquid,CRCL,xyz:CRCL,10,1790654697349,480,85.084,1.8806713996899482,33040.874126,88890.380388,33040.874126,88890.380388,20,20
hyperliquid,CRCL,xyz:CRCL,11,1790654757581,324,85.0825,1.5280455122490544,47511.217162,88443.865922,47511.217162,88443.865922,20,20
hyperliquid,CRCL,xyz:CRCL,12,1790654817801,717,85.08099999999999,1.8807377193708064,53958.499201,82038.548566,53958.499201,82038.548566,20,20
hyperliquid,CRCL,xyz:CRCL,13,1790654877741,750,85.071,0.9404351863828708,50654.321232,88397.906336,50654.321232,88397.906336,20,20
hyperliquid,CRCL,xyz:CRCL,14,1790654937882,639,85.01,1.4116982730216776,83750.22506,77757.166966,83750.22506,77757.166966,20,20
hyperliquid,CRCL,xyz:CRCL,15,1790654997482,383,85.06299999999999,2.3514749626696307,60268.222718000005,116018.59749199999,60268.222718000005,116018.59749199999,20,20
hyperliquid,CRCL,xyz:CRCL,16,1790655057862,648,85.0775,0.8228130803766831,61646.622416,81305.708551,61646.622416,81305.708551,20,20
hyperliquid,CRCL,xyz:CRCL,17,1790655117850,674,85.0675,0.8229098090861697,102278.46387600001,69423.99978099999,102278.46387600001,69423.99978099999,20,20
hyperliquid,CRCL,xyz:CRCL,18,1790655177716,432,85.0925,1.9980254807006048,55741.595286,85013.8806,55741.595286,85013.8806,20,20
hyperliquid,CRCL,xyz:CRCL,19,1790655237497,362,85.1235,1.2923235978301584,54188.944017,79206.93506,54188.944017,79206.93506,20,20
hyperliquid,CRCL,xyz:CRCL,20,1790655297566,477,85.107,1.1750605156146676,63300.536456,82161.623458,63300.536456,82161.623458,20,20
hyperliquid,CRCL,xyz:CRCL,21,1790655357140,824,85.1235,1.9972977736015807,45055.812815,96378.801012,45055.812815,96378.801012,20,20
hyperliquid,CRCL,xyz:CRCL,22,1790655417377,410,85.099,1.4102217573719322,64929.114034,82128.043048,64929.114034,82128.043048,20,20
hyperliquid,CRCL,xyz:CRCL,23,1790655477472,373,85.23599999999999,0.4692962902130837,68728.816491,92534.630417,68728.816491,92534.630417,20,20
hyperliquid,CRCL,xyz:CRCL,24,1790655537787,549,85.224,1.4081532070697733,62227.440558999995,140540.534803,62227.440558999995,140540.534803,20,20
hyperliquid,CRCL,xyz:CRCL,25,1790655597598,402,85.274,1.1727591504517854,187176.627622,54436.043807,187176.627622,54436.043807,20,20
hyperliquid,CRCL,xyz:CRCL,26,1790655657262,395,85.24600000000001,0.9385044930887432,72756.109061,90659.367894,72756.109061,90659.367894,20,20
hyperliquid,CRCL,xyz:CRCL,27,1790655717716,735,85.30699999999999,1.641266119576379,97533.875044,80661.75907,97533.875044,80661.75907,20,20
hyperliquid,CRCL,xyz:CRCL,28,1790655777535,749,85.342,1.8749853516752957,47628.206697,105901.070522,47628.206697,105901.070522,20,20
hyperliquid,CRCL,xyz:CRCL,29,1790655837532,763,85.312,1.1722367449329418,68520.592443,81126.79704800001,68520.592443,81126.79704800001,20,20
hyperliquid,CRCL,xyz:CRCL,30,1790655897997,284,85.274,2.11106550167095,53161.678369,87825.86907500001,53161.678369,87825.86907500001,20,20
hyperliquid,CRCL,xyz:CRCL,31,1790655957779,440,85.255,1.4076411453500803,64912.381151,90590.647876,64912.381151,90590.647876,20,20
hyperliquid,CRCL,xyz:CRCL,32,1790656018013,593,85.2165,2.2298637435902435,72394.166311,78815.823743,72394.166311,78815.823743,20,20
hyperliquid,CRCL,xyz:CRCL,33,1790656077651,542,85.225,1.4081366831342201,62218.85272,114977.537831,62218.85272,114977.537831,20,20
hyperliquid,CRCL,xyz:CRCL,34,1790656137659,791,85.2235,1.760232820127161,103449.026625,102312.869034,103449.026625,102312.869034,20,20
hyperliquid,NFLX,xyz:NFLX,0,1790654097394,823,69.2695,0.43310042155075834,20458.748348,20327.048356,21240.917324,20327.048356,20,20
hyperliquid,NFLX,xyz:NFLX,1,1790654157880,683,69.298,2.5978149489813696,15529.568734,26283.142123999998,16920.56129,26283.142123999998,20,20
hyperliquid,NFLX,xyz:NFLX,2,1790654217623,375,69.284,1.7321516210055954,23811.144175,19020.471542,23811.144175,19020.471542,20,20
hyperliquid,NFLX,xyz:NFLX,3,1790654277671,486,69.279,1.443543032018102,13463.755912999999,23103.348893,13463.755912999999,23103.348893,20,20
hyperliquid,NFLX,xyz:NFLX,4,1790654337451,296,69.26050000000001,0.43315670165577913,17604.570241,27849.406351999998,17604.570241,27849.406351999998,20,20
hyperliquid,NFLX,xyz:NFLX,5,1790654397392,519,69.26400000000001,1.1550678602367803,22591.888863,19105.792433,22591.888863,19105.792433,20,20
hyperliquid,NFLX,xyz:NFLX,6,1790654457486,518,69.26050000000001,0.14438348252765465,22002.043111,19518.974766,22002.043111,19518.974766,20,20
hyperliquid,NFLX,xyz:NFLX,7,1790654517415,665,69.26050000000001,0.14438348252765465,21623.817445999997,20285.418284,21623.817445999997,20285.418284,20,20
hyperliquid,NFLX,xyz:NFLX,8,1790654577818,279,69.261,0.28876696505752975,21990.727758,19904.642794,21990.727758,19904.642794,20,20
hyperliquid,NFLX,xyz:NFLX,9,1790654637491,733,69.261,0.28876696505752975,21091.788422999998,19943.326146,21091.788422999998,19943.326146,20,20
hyperliquid,NFLX,xyz:NFLX,10,1790654697491,622,69.261,0.28876696505752975,21090.27344,20335.64953,21090.27344,20335.64953,20,20
hyperliquid,NFLX,xyz:NFLX,11,1790654757693,436,69.2715,1.2993200225208668,18913.626365,19559.665152,20304.817512,19559.665152,20,20
hyperliquid,NFLX,xyz:NFLX,12,1790654817923,344,69.267,1.7325767748088694,20986.913549,14128.664896,22861.304926,14128.664896,20,20
hyperliquid,NFLX,xyz:NFLX,13,1790654877778,787,69.26400000000001,1.1550678602367803,20938.779759,19439.441219,20938.779759,19439.441219,20,20
hyperliquid,NFLX,xyz:NFLX,14,1790654937926,683,69.26400000000001,1.1550678602367803,20710.580529,19732.050209,21101.734211,19732.050209,20,20
hyperliquid,NFLX,xyz:NFLX,15,1790654997602,503,69.2695,2.454483764313675,14657.453492,21198.579143,14657.453492,21198.579143,20,20
hyperliquid,NFLX,xyz:NFLX,16,1790655057895,681,69.2695,2.454483764313675,19618.650722,25592.463795,20009.763469999998,25592.463795,20,20
hyperliquid,NFLX,xyz:NFLX,17,1790655117973,797,69.2645,2.7434842249673963,17771.898061,12607.161485,17771.898061,12607.161485,20,20
hyperliquid,NFLX,xyz:NFLX,18,1790655177730,446,69.27000000000001,2.021281203528069,17756.235205,14827.910502,17756.235205,14827.910502,20,20
hyperliquid,NFLX,xyz:NFLX,19,1790655237606,471,69.259,2.599277978339032,24021.165502,13388.106986,24021.165502,13388.106986,20,20
hyperliquid,NFLX,xyz:NFLX,20,1790655297643,554,69.275,2.8874611997387056,13403.666390999999,23263.650438,13403.666390999999,23263.650438,20,20
hyperliquid,NFLX,xyz:NFLX,21,1790655357288,408,69.2815,3.320340695829316,15190.688166,22556.590926999997,15190.688166,22556.590926999997,20,20
hyperliquid,NFLX,xyz:NFLX,22,1790655417466,499,69.2815,3.320340695829316,14174.011906,22556.590926999997,14174.011906,22556.590926999997,20,20
hyperliquid,NFLX,xyz:NFLX,23,1790655477540,441,69.2815,3.320340695829316,14657.140518,22674.221030999997,14657.140518,22674.221030999997,20,20
hyperliquid,NFLX,xyz:NFLX,24,1790655538011,773,69.28200000000001,3.175932208283605,15049.390065,23382.204995,15049.390065,23382.204995,20,20
hyperliquid,NFLX,xyz:NFLX,25,1790655597657,461,69.28200000000001,3.175932208283605,15049.390065,18529.314995,15049.390065,18922.332779,20,20
hyperliquid,NFLX,xyz:NFLX,26,1790655657331,464,69.2815,2.7428109481442142,14049.347897,18460.19016,14049.347897,18460.19016,20,20
hyperliquid,NFLX,xyz:NFLX,27,1790655717803,292,69.285,2.3095688323704344,14097.662422,19512.461445,14097.662422,19905.507564,20,20
hyperliquid,NFLX,xyz:NFLX,28,1790655777580,794,69.28550000000001,2.1651895262575493,13704.76863,18905.303957,13704.76863,20023.914575,20,20
hyperliquid,NFLX,xyz:NFLX,29,1790655837649,345,69.28550000000001,2.1651895262575493,13704.76863,22577.788649,13704.76863,24089.479388,20,20
hyperliquid,NFLX,xyz:NFLX,30,1790655898020,307,69.28550000000001,2.1651895262575493,13704.76863,22577.788649,13704.76863,24089.479388,20,20
hyperliquid,NFLX,xyz:NFLX,31,1790655957775,436,69.28550000000001,2.1651895262575493,13714.062396,22577.788649,13714.062396,24089.479388,20,20
hyperliquid,NFLX,xyz:NFLX,32,1790656018032,612,69.28550000000001,2.1651895262575493,18321.733363,23327.981294,18321.733363,28327.92469,20,20
hyperliquid,NFLX,xyz:NFLX,33,1790656077728,684,69.28550000000001,2.1651895262575493,24714.327032,23329.876212,24714.327032,28329.819607999998,20,20
hyperliquid,NFLX,xyz:NFLX,34,1790656137790,378,69.28550000000001,2.1651895262575493,24714.327032,28348.228199999998,24714.327032,28741.274319,20,20
hyperliquid,LLY,xyz:LLY,0,1790654097467,360,1186.8,3.3709758975231097,43753.85375,16120.515650000001,91480.36362,60531.36212,20,20
hyperliquid,LLY,xyz:LLY,1,1790654157902,705,1186.85,4.213719871903887,32022.43186,27887.19967,85547.22317,65701.43173,20,20
hyperliquid,LLY,xyz:LLY,2,1790654217651,403,1186.85,4.213719871903887,30836.92485,27887.11885,136301.68948,65701.35091,20,20
hyperliquid,LLY,xyz:LLY,3,1790654277561,376,1186.85,4.213719871903887,30239.07604,27629.735819999998,133380.61723,63824.83978,20,20
hyperliquid,LLY,xyz:LLY,4,1790654337517,362,1186.8,3.3709758975231097,30239.07604,17406.13382,134528.05276,61800.43346,20,20
hyperliquid,LLY,xyz:LLY,5,1790654397395,522,1186.8,3.3709758975231097,30239.07604,17406.13382,136859.99300000002,61800.43346,20,20
hyperliquid,LLY,xyz:LLY,6,1790654457547,579,1187.0,5.056037751747233,24006.53848,21276.19709,135617.07425,59665.625700000004,20,20
hyperliquid,LLY,xyz:LLY,7,1790654517459,709,1186.9,3.3706918344988956,24395.520099999998,27875.56864,134363.02688,61930.723900000005,20,20
hyperliquid,LLY,xyz:LLY,8,1790654577889,350,1187.0,5.056037751747233,24524.40967,21544.23794,132304.51734,65831.69968,20,20
hyperliquid,LLY,xyz:LLY,9,1790654637556,798,1187.0,5.056037751747233,24524.40967,44475.63584,78310.45666,125876.00319,20,20
hyperliquid,LLY,xyz:LLY,10,1790654697553,684,1187.1,3.3701238520511545,25049.75921,26950.6714,78962.20928,74403.73105,20,20
hyperliquid,LLY,xyz:LLY,11,1790654757692,435,1187.1,3.3701238520511545,25049.75921,30948.04442,78630.61462,74094.05285,20,20
hyperliquid,LLY,xyz:LLY,12,1790654817994,415,1187.1,3.3701238520511545,25049.75921,30948.04442,79926.60613,74189.01285,20,20
hyperliquid,LLY,xyz:LLY,13,1790654877819,303,1187.1,3.3701238520511545,24049.63036,31980.78245,88041.05715,70537.79375,20,20
hyperliquid,LLY,xyz:LLY,14,1790654938008,765,1187.1,3.3701238520511545,24049.63036,31714.70852,88207.30741,70271.71982,20,20
hyperliquid,LLY,xyz:LLY,15,1790654997626,527,1187.1,3.3701238520511545,24049.63036,31714.70852,87160.71330999999,70271.71982,20,20
hyperliquid,LLY,xyz:LLY,16,1790655057979,765,1187.1,3.3701238520511545,28255.97105,19956.14328,89768.72966,69362.1935,20,20
hyperliquid,LLY,xyz:LLY,17,1790655118047,353,1186.9499999999998,2.5278058645095136,23253.9124,19010.7173,134575.35813,60673.73254,20,20
hyperliquid,LLY,xyz:LLY,18,1790655177761,477,1186.9499999999998,2.5278058645095136,23253.8993,19010.7173,135606.37737,60673.73254,20,20
hyperliquid,LLY,xyz:LLY,19,1790655237616,481,1186.9,3.3706918344988956,21984.99499,17509.18627,132839.26075,63937.5842,20,20
hyperliquid,LLY,xyz:LLY,20,1790655297716,627,1187.0,1.685061926024467,29141.00938,17263.997750000002,136140.10188,65057.53395,20,20
hyperliquid,LLY,xyz:LLY,21,1790655357313,433,1186.8,3.3709758975231097,27972.41724,11173.53439,139600.27715,58977.57037,20,20
hyperliquid,LLY,xyz:LLY,22,1790655417586,619,1186.8,3.3709758975231097,27972.372900000002,12373.24791,188408.55514,59976.99115,20,20
hyperliquid,LLY,xyz:LLY,23,1790655477563,464,1186.8,3.3709758975231097,27972.20331,12373.24791,241503.98721,59976.99115,20,20
hyperliquid,LLY,xyz:LLY,24,1790655537989,751,1186.5500000000002,2.5286581254202467,23063.75896,9221.19488,115079.04324,47459.128229999995,20,20
hyperliquid,LLY,xyz:LLY,25,1790655597702,506,1186.5500000000002,2.5286581254202467,20183.00189,9221.15227,111763.57473,41459.219059999996,20,20
hyperliquid,LLY,xyz:LLY,26,1790655657436,569,1186.5500000000002,2.5286581254202467,32834.503600000004,11973.347749999999,135694.43771,39339.72996,20,20
hyperliquid,LLY,xyz:LLY,27,1790655717930,419,1186.5500000000002,2.5286581254202467,32834.503600000004,11973.347749999999,135694.43771,43803.533559999996,20,20
hyperliquid,LLY,xyz:LLY,28,1790655777602,816,1186.5500000000002,2.5286581254202467,32834.503600000004,9910.78793,135752.70226999998,41050.00221,20,20
hyperliquid,LLY,xyz:LLY,29,1790655837699,395,1186.5,3.3718283739370136,31114.284310000003,10134.42619,184408.84247,41332.3094,20,20
hyperliquid,LLY,xyz:LLY,30,1790655898080,367,1186.5,3.3718283739370136,31114.284310000003,10134.42619,134829.86442,36094.18413,20,20
hyperliquid,LLY,xyz:LLY,31,1790655957943,604,1186.45,4.215140785701621,31114.20116,9966.92313,232804.15515,39353.15794,20,20
hyperliquid,LLY,xyz:LLY,32,1790656018099,679,1186.45,4.215140785701621,19354.35841,7214.14528,118177.80224,38346.712849999996,20,20
hyperliquid,LLY,xyz:LLY,33,1790656077711,602,1186.45,4.215140785701621,19354.35841,7214.14528,117380.31976,38346.712849999996,20,20
hyperliquid,LLY,xyz:LLY,34,1790656137896,484,1186.45,4.215140785701621,19354.35841,7214.14528,112271.21007999999,38346.712849999996,20,20
hyperliquid,SKHX,xyz:SKHX,0,1790654097524,417,1295.5,1.5439246564752374,708900.0731,1141405.801,1472041.5054000001,2026013.05,20,20
hyperliquid,SKHX,xyz:SKHX,1,1790654157987,296,1295.35,0.7720219254236937,727706.9976,1148659.0808,1465958.7454000001,1727698.277,20,20
hyperliquid,SKHX,xyz:SKHX,2,1790654217713,465,1294.65,0.7724393635100135,753712.9713,817120.1213,1516687.4088,1942249.5074,20,20
hyperliquid,SKHX,xyz:SKHX,3,1790654277748,563,1294.75,0.772379701861059,786535.2540000001,1010537.172,1408476.7616,1975793.6123000002,20,20
hyperliquid,SKHX,xyz:SKHX,4,1790654337526,371,1294.25,0.7726781023009721,878689.95,1138296.28,1576141.6901,1782085.0354,20,20
hyperliquid,SKHX,xyz:SKHX,5,1790654397484,611,1294.65,0.7724393635100135,940986.0096,742218.613,1612294.4277000001,1559193.9711,20,20
hyperliquid,SKHX,xyz:SKHX,6,1790654457552,584,1293.65,0.7730364873226314,1199648.8176,1000676.6466,1751417.4673000001,1729395.2527,20,20
hyperliquid,SKHX,xyz:SKHX,7,1790654517471,721,1293.65,0.7730364873226314,1035027.7762,1295483.0997,1647316.5874,1868492.5114,20,20
hyperliquid,SKHX,xyz:SKHX,8,1790654577929,390,1292.25,0.7738740133089728,885609.0075,1028352.5308,1589867.9975,1649497.7467,20,20
hyperliquid,SKHX,xyz:SKHX,9,1790654637584,286,1290.45,0.7749535027889998,730727.376,1274352.361,1462573.7188,1818634.2398,20,20
hyperliquid,SKHX,xyz:SKHX,10,1790654697545,676,1291.35,0.774413381863237,711769.7516,1366913.2626,1315423.1686,1746990.2197,20,20
hyperliquid,SKHX,xyz:SKHX,11,1790654757665,408,1291.55,0.774293457219688,972423.8301,1144605.9797,1499120.6319,1709306.4351000001,20,20
hyperliquid,SKHX,xyz:SKHX,12,1790654818009,430,1290.55,0.7748934521489836,823552.3761,974930.9752999999,1781689.5966,1706553.3987,20,20
hyperliquid,SKHX,xyz:SKHX,13,1790654877871,355,1290.5,1.5499070055779995,1138856.5163,508768.5756,1871138.841,1801740.4482,20,20
hyperliquid,SKHX,xyz:SKHX,14,1790654938020,777,1289.95,0.775253895650696,849619.8995,1116709.461,1587916.2510000002,1752946.3504,20,20
hyperliquid,SKHX,xyz:SKHX,15,1790654997664,565,1289.75,0.7753741180116513,859392.4628999999,850733.541,1626714.5504,1687274.4765,20,20
hyperliquid,SKHX,xyz:SKHX,16,1790655058035,821,1290.6,1.5497869043001877,747677.2727,831564.3940999999,1632536.4226,2079873.1979,20,20
hyperliquid,SKHX,xyz:SKHX,17,1790655118048,354,1289.85,0.7753140021726779,799962.4469,1357953.5469,1570319.6732,1670499.2759,20,20
hyperliquid,SKHX,xyz:SKHX,18,1790655177894,610,1289.6999999999998,1.5508684863529965,812651.8400999999,1383085.2761000001,1396271.7027,1894405.8860000002,20,20
hyperliquid,SKHX,xyz:SKHX,19,1790655237642,507,1290.05,0.7751937984479262,992719.4942,1067827.5111,1632940.7613,1706467.2903,20,20
hyperliquid,SKHX,xyz:SKHX,20,1790655297744,655,1290.15,0.775133710566589,1227692.5286,1153713.3199,1722542.1699,1671674.9527,20,20
hyperliquid,SKHX,xyz:SKHX,21,1790655357332,452,1290.05,0.7751937984479262,920536.0766,1272275.4709,1553166.2876,1750246.8429,20,20
hyperliquid,SKHX,xyz:SKHX,22,1790655417583,616,1290.75,0.7747733787866196,860180.2363,1113162.6134000001,1493954.1532,1843161.7392,20,20
hyperliquid,SKHX,xyz:SKHX,23,1790655477677,578,1291.4,1.548826763726474,798956.7104999999,1105934.638,1499915.9562,1741323.956,20,20
hyperliquid,SKHX,xyz:SKHX,24,1790655538049,303,1291.45,0.7743534148985098,779600.4111,905968.3504,1436051.3576,1844408.0354,20,20
hyperliquid,SKHX,xyz:SKHX,25,1790655597787,591,1292.55,0.7736943907143967,875850.9548,836873.7702,1830386.4409,1501137.9701,20,20
hyperliquid,SKHX,xyz:SKHX,26,1790655657447,580,1291.6,1.5485869144415965,965770.7087,873884.3817,1610266.6233,1769005.4917000001,20,20
hyperliquid,SKHX,xyz:SKHX,27,1790655717904,393,1292.35,0.7738141298463397,866532.6648,1273025.2761000001,1622139.1377,1800979.3041,20,20
hyperliquid,SKHX,xyz:SKHX,28,1790655777647,333,1291.8000000000002,1.5483471394284187,884805.7627000001,1067947.2435,1581131.3519000001,1662155.8801,20,20
hyperliquid,SKHX,xyz:SKHX,29,1790655837672,368,1291.25,0.7744733581160901,691433.9058000001,1383413.9512,1386339.2737,1891145.2689,20,20
hyperliquid,SKHX,xyz:SKHX,30,1790655898091,378,1293.15,0.7733353955630129,1126926.7606,1061051.4723,1596250.7396,1773074.1249000002,20,20
hyperliquid,SKHX,xyz:SKHX,31,1790655957948,609,1292.1999999999998,1.547867812088377,754037.9102,917947.6003,1616950.9789,1942295.6653,20,20
hyperliquid,SKHX,xyz:SKHX,32,1790656018094,674,1292.65,0.7736345350473073,677832.1429,1156662.9023,1398982.9177,1858183.8366,20,20
hyperliquid,SKHX,xyz:SKHX,33,1790656077735,626,1291.95,0.7740537193279273,1046759.9598,736153.1102,1594327.0299,1435190.1481,20,20
hyperliquid,SKHX,xyz:SKHX,34,1790656137780,368,1292.05,0.7739938080497666,954853.9715,774428.8953,1659376.5664,1534682.9989,20,20
hyperliquid,TSM,xyz:TSM,0,1790654097583,476,448.19000000000005,1.3388075687248424,37609.53064,65762.6488,62444.709989999996,65762.6488,20,20
hyperliquid,TSM,xyz:TSM,1,1790654157983,292,447.82500000000005,1.5632327653580802,48092.521870000004,55426.68314,48092.521870000004,78423.82268,20,20
hyperliquid,TSM,xyz:TSM,2,1790654217735,487,447.84000000000003,1.7865118356397147,53009.83315,36829.78341,53009.83315,69825.90607,20,20
hyperliquid,TSM,xyz:TSM,3,1790654277853,668,447.91999999999996,0.8930564858222745,39473.33652,49803.58346,39473.33652,71726.172,20,20
hyperliquid,TSM,xyz:TSM,4,1790654337582,427,447.765,1.563442253142977,40987.729139999996,48623.4257,40987.729139999996,62816.830649999996,20,20
hyperliquid,TSM,xyz:TSM,5,1790654397502,629,447.9,1.7862724958694898,42158.89832,57385.44509,42158.89832,71761.40465,20,20
hyperliquid,TSM,xyz:TSM,6,1790654457648,680,447.66499999999996,1.116968992940226,31576.35357,60557.66311,31576.35357,98823.2052,20,20
hyperliquid,TSM,xyz:TSM,7,1790654517527,777,447.65,1.7872701682275505,32073.20381,55731.893769999995,32073.20381,62431.23643,20,20
hyperliquid,TSM,xyz:TSM,8,1790654577928,389,447.65999999999997,1.7872302399357665,47479.48736,57839.18632,50458.80038,57839.18632,20,20
hyperliquid,TSM,xyz:TSM,9,1790654637587,289,447.615,0.22340877102733359,75505.15871999999,68229.5677,78421.47102,75750.12639,20,20
hyperliquid,TSM,xyz:TSM,10,1790654697585,716,447.64,1.7873100983023527,53511.85456,66506.01648,83434.95072,66506.01648,20,20
hyperliquid,TSM,xyz:TSM,11,1790654757777,520,447.71500000000003,1.1168442449016602,42920.38031,37624.52137,60021.857899999995,80588.83604,20,20
hyperliquid,TSM,xyz:TSM,12,1790654818014,435,447.82000000000005,1.3399137988789889,36341.61424,75929.61518,42265.51404,88332.84257,20,20
hyperliquid,TSM,xyz:TSM,13,1790654877939,423,447.79999999999995,1.7866714311232101,39236.97813,80138.05885,45006.05145,87472.48621,20,20
hyperliquid,TSM,xyz:TSM,14,1790654938084,346,447.595,1.5640361068913755,76003.84446,41971.01588,87231.47952,92234.21777,20,20
hyperliquid,TSM,xyz:TSM,15,1790654997668,569,447.72,1.7869907076484282,45065.89722,44014.5211,61846.296930000004,63390.36627,20,20
hyperliquid,TSM,xyz:TSM,16,1790655058052,838,447.92,2.6794087438042347,27958.90007,57275.94281,54868.84044,71895.96041,20,20
hyperliquid,TSM,xyz:TSM,17,1790655118063,369,447.86,1.7864320485916352,51213.431840000005,50173.58242,64320.443470000006,67114.45005,20,20
hyperliquid,TSM,xyz:TSM,18,1790655177900,616,447.845,1.1165200303686618,45975.55062,49006.57201,74970.17786,54607.62999,20,20
hyperliquid,TSM,xyz:TSM,19,1790655237690,555,447.61,1.3405424728540893,65247.21346,60191.440090000004,65247.21346,60191.440090000004,20,20
hyperliquid,TSM,xyz:TSM,20,1790655297747,658,447.53999999999996,1.7877094972074126,63421.94375,50814.36666,63421.94375,60742.59502,20,20
hyperliquid,TSM,xyz:TSM,21,1790655357330,450,447.47,1.340961916682648,69138.84116,52639.36047,69138.84116,100415.33181999999,20,20
hyperliquid,TSM,xyz:TSM,22,1790655417641,674,447.485,1.1174183167206309,70041.55968,58131.714009999996,70041.55968,74484.04585,20,20
hyperliquid,TSM,xyz:TSM,23,1790655477738,639,447.525,1.5642807660509739,64971.38692,71852.99318,64971.38692,72480.30518,20,20
hyperliquid,TSM,xyz:TSM,24,1790655538082,336,447.395,0.6705708793419696,59578.90199,50428.25453,59578.90199,99863.70607,20,20
hyperliquid,TSM,xyz:TSM,25,1790655597792,596,447.515,1.5643157236078231,45408.2937,61129.3656,71233.13768,61129.3656,20,20
hyperliquid,TSM,xyz:TSM,26,1790655657478,611,447.435,1.5645954403220586,64871.34123,44940.478970000004,64871.34123,44940.478970000004,20,20
hyperliquid,TSM,xyz:TSM,27,1790655717907,396,447.53,1.7877494469153987,44490.592169999996,70639.3284,45116.029109999996,78457.7202,20,20
hyperliquid,TSM,xyz:TSM,28,1790655777723,409,447.58500000000004,1.564071053512528,41593.80524,62817.95661,41593.80524,62817.95661,20,20
hyperliquid,TSM,xyz:TSM,29,1790655837717,413,447.545,2.4581554895086732,42308.044819999996,61408.77124,44108.02916,96605.20141000001,20,20
hyperliquid,TSM,xyz:TSM,30,1790655898190,477,447.745,1.5635120948820358,37532.77964,50846.7417,75942.64713,92479.78388,20,20
hyperliquid,TSM,xyz:TSM,31,1790655957966,627,447.70000000000005,1.7870705446099144,63045.04909,41151.92286,63081.26824,47351.68157,20,20
hyperliquid,TSM,xyz:TSM,32,1790656018205,785,447.62,1.3405125226206849,52729.05029,34432.53728,54729.64413,37215.2042,20,20
hyperliquid,TSM,xyz:TSM,33,1790656077846,737,447.64,1.7873100983023527,63758.36094,54048.95776,73674.88150999999,60198.65332,20,20
hyperliquid,TSM,xyz:TSM,34,1790656137890,478,447.605,2.0109035660009766,56120.84285,39445.77226,56120.84285,87594.0318,20,20
hyperliquid,USDJPY,xyz:JPY,0,1790654097587,480,157.29500000000002,1.9074262461860059,488232.44430000003,627209.931,563340.3363,938373.1067,20,20
hyperliquid,USDJPY,xyz:JPY,1,1790654158069,378,157.28500000000003,1.907547529726994,503613.5308,520663.3829,573029.5575,917324.1792,20,20
hyperliquid,USDJPY,xyz:JPY,2,1790654217819,571,157.3,1.2715366520454907,505142.79410000006,394094.6164,583720.2366000001,911479.2631999999,20,20
hyperliquid,USDJPY,xyz:JPY,3,1790654277859,674,157.315,0.6356874960267156,499719.7215,514804.135,585950.5075,847925.343,20,20
hyperliquid,USDJPY,xyz:JPY,4,1790654337643,488,157.35500000000002,1.9066988686922137,318398.6386,557881.4212,652367.299,864298.7986,20,20
hyperliquid,USDJPY,xyz:JPY,5,1790654397583,710,157.33499999999998,1.9069412662098273,496038.67459999997,511157.0436,577730.7104999999,850721.353,20,20
hyperliquid,USDJPY,xyz:JPY,6,1790654457678,710,157.36,2.542265158256285,340391.2941,551847.3226,582484.9039,858211.9853,20,20
hyperliquid,USDJPY,xyz:JPY,7,1790654517606,337,157.36,2.542265158256285,355353.6754,551353.3694,596054.0663000001,918935.2671999999,20,20
hyperliquid,USDJPY,xyz:JPY,8,1790654578014,475,157.365,1.9065776930404787,492162.6389,548917.4365,577786.458,857931.2278999999,20,20
hyperliquid,USDJPY,xyz:JPY,9,1790654637683,385,157.36,2.542265158256285,499953.6243,390502.0179,588961.6578,857078.3178,20,20
hyperliquid,USDJPY,xyz:JPY,10,1790654697682,272,157.38,2.541942043721157,318191.4558,550655.7949999999,595923.7733,854938.2975999999,20,20
hyperliquid,USDJPY,xyz:JPY,11,1790654757866,609,157.35500000000002,1.9066988686922137,496667.5223,392293.05179999996,583486.8156,856162.7364,20,20
hyperliquid,USDJPY,xyz:JPY,12,1790654818120,541,157.35000000000002,2.542426746328097,343081.827,512128.4731,579436.9367,858094.1841000001,20,20
hyperliquid,USDJPY,xyz:JPY,13,1790654877975,459,157.35000000000002,2.542426746328097,343066.527,745546.7839,581323.6851,854995.313,20,20
hyperliquid,USDJPY,xyz:JPY,14,1790654938118,380,157.34500000000003,1.906820059747183,504738.7319,755560.3086,586957.5273000001,862317.2005,20,20
hyperliquid,USDJPY,xyz:JPY,15,1790654997791,692,157.325,1.9070624880801468,505636.5961,630342.7559999999,592408.5466,853536.1499999999,20,20
hyperliquid,USDJPY,xyz:JPY,16,1790655058089,327,157.34500000000003,1.906820059747183,484508.0078,541841.1254,606307.6535,853398.7747,20,20
hyperliquid,USDJPY,xyz:JPY,17,1790655118161,467,157.34,2.5425883549456962,473593.4557,541778.9628999999,583979.7102,856309.5321,20,20
hyperliquid,USDJPY,xyz:JPY,18,1790655177926,642,157.33499999999998,1.9069412662098273,503949.8109,619607.9458,585406.6523,852444.7178,20,20
hyperliquid,USDJPY,xyz:JPY,19,1790655237795,660,157.33499999999998,1.9069412662098273,348282.37399999995,553917.4501,549794.8976,860505.7618,20,20
hyperliquid,USDJPY,xyz:JPY,20,1790655297832,743,157.34500000000003,1.906820059747183,479277.3875,541851.215,554553.6133,856100.5015,20,20
hyperliquid,USDJPY,xyz:JPY,21,1790655357478,598,157.34500000000003,1.906820059747183,472760.27830000006,541850.6618,546037.6783,856352.1309999999,20,20
hyperliquid,USDJPY,xyz:JPY,22,1790655417681,714,157.365,1.9065776930404787,640689.6573000001,785084.4715,906077.2114,858055.3787,20,20
hyperliquid,USDJPY,xyz:JPY,23,1790655477779,680,157.365,1.9065776930404787,640690.4199,785085.1958,912620.4724,916312.4992000001,20,20
hyperliquid,USDJPY,xyz:JPY,24,1790655538192,446,157.365,1.9065776930404787,823322.1711,629403.798,918148.5460000001,859904.7494,20,20
hyperliquid,USDJPY,xyz:JPY,25,1790655597839,643,157.35000000000002,1.2711325791281425,791326.2454,803195.2259999999,876814.22,875240.0292999999,20,20
hyperliquid,USDJPY,xyz:JPY,26,1790655657517,650,157.35000000000002,1.2711325791281425,794172.1465,809346.5506000001,881735.9066,873810.0732,20,20
hyperliquid,USDJPY,xyz:JPY,27,1790655717991,480,157.35000000000002,1.2711325791281425,800077.4671,569666.4357,887642.1231000001,885291.5697999999,20,20
hyperliquid,USDJPY,xyz:JPY,28,1790655777819,505,157.35500000000002,0.6355258976808997,800228.9301,803730.6387,885611.3293,886584.5806,20,20
hyperliquid,USDJPY,xyz:JPY,29,1790655837878,574,157.35500000000002,1.9066988686922137,803279.0585,804434.1224999999,890825.5376,884972.3961,20,20
hyperliquid,USDJPY,xyz:JPY,30,1790655898222,509,157.35000000000002,1.2711325791281425,799553.2669,806587.721,887099.746,887349.6588,20,20
hyperliquid,USDJPY,xyz:JPY,31,1790655957971,632,157.38,2.541942043721157,820791.3994,802644.6508000001,901533.6601,943449.5605,20,20
hyperliquid,USDJPY,xyz:JPY,32,1790656018216,796,157.38,2.541942043721157,818485.9359,566368.1927,899228.1966,885226.5144,20,20
hyperliquid,USDJPY,xyz:JPY,33,1790656077906,328,157.375,1.9064565327897576,815645.0739,813949.4651,892677.2798,892526.0523,20,20
hyperliquid,USDJPY,xyz:JPY,34,1790656137976,564,157.375,1.9064565327897576,813547.865,811065.4236,890580.0709,889642.0108,20,20
hyperliquid,EURUSD,xyz:EUR,0,1790654097707,600,1.13685,0.8796622097118068,308819.66096,85043.13726999999,657530.42805,368170.97225,20,20
hyperliquid,EURUSD,xyz:EUR,1,1790654158173,482,1.1368,1.759479194158864,384343.95989,89902.98331,663610.55088,368019.19365000003,20,20
hyperliquid,EURUSD,xyz:EUR,2,1790654217899,651,1.1367,1.759633996127885,388735.91817,93423.90761,660149.8531,363753.75904,20,20
hyperliquid,EURUSD,xyz:EUR,3,1790654277929,744,1.1367,1.759633996127885,388529.62964,96422.24913,659943.56457,367059.56834,20,20
hyperliquid,EURUSD,xyz:EUR,4,1790654337715,560,1.13665,0.8798169980650528,381838.48717000004,106819.84697,651543.60317,369218.83728,20,20
hyperliquid,EURUSD,xyz:EUR,5,1790654397672,799,1.1367,1.759633996127885,380492.78748000006,104030.35882,629934.95916,339465.72731,20,20
hyperliquid,EURUSD,xyz:EUR,6,1790654457745,777,1.1367,1.759633996127885,383670.83574999997,113828.85579,653029.9159199999,368765.11283999996,20,20
hyperliquid,EURUSD,xyz:EUR,7,1790654517675,406,1.1367,1.759633996127885,334176.2903,113829.87981,650870.9304,368777.44856,20,20
hyperliquid,EURUSD,xyz:EUR,8,1790654578132,593,1.1367,1.759633996127885,340994.94941,113830.37103000001,657699.58951,368777.93977999996,20,20
hyperliquid,EURUSD,xyz:EUR,9,1790654637771,473,1.1367,1.759633996127885,340994.72215000005,113830.71237000001,608179.29125,368778.0534,20,20
hyperliquid,EURUSD,xyz:EUR,10,1790654697742,332,1.1367500000000001,2.639450994192938,324839.50811,107010.6115,648995.88677,393118.68773,20,20
hyperliquid,EURUSD,xyz:EUR,11,1790654757886,629,1.1368,1.759479194158864,335613.74685000005,119809.41056,665160.52083,399941.26905,20,20
hyperliquid,EURUSD,xyz:EUR,12,1790654818205,626,1.1368,1.759479194158864,378304.97946000006,119809.38432,641391.21105,399940.78761,20,20
hyperliquid,EURUSD,xyz:EUR,13,1790654878067,551,1.1368,1.759479194158864,385124.46582000004,119809.38432,662972.19741,399938.51021000004,20,20
hyperliquid,EURUSD,xyz:EUR,14,1790654938206,468,1.1367500000000001,2.639450994192938,385097.90853,98587.66311,665144.8021900001,399938.16881,20,20
hyperliquid,EURUSD,xyz:EUR,15,1790654997869,770,1.1368,1.759479194158864,386784.09133,119811.14932,673214.71395,399951.52764,20,20
hyperliquid,EURUSD,xyz:EUR,16,1790655058220,458,1.1368,1.759479194158864,388699.66409000003,119810.54931999999,668756.55775,399950.35864,20,20
hyperliquid,EURUSD,xyz:EUR,17,1790655118261,567,1.1368,1.759479194158864,388699.17315000005,119810.54931999999,666556.90474,399938.76453000004,20,20
hyperliquid,EURUSD,xyz:EUR,18,1790655178089,805,1.1367500000000001,2.639450994192938,388691.09024000005,98588.82811,668737.9839,399939.21973,20,20
hyperliquid,EURUSD,xyz:EUR,19,1790655237825,690,1.1368,1.759479194158864,388715.84518000006,119810.54931999999,666602.3937700001,399955.37982000003,20,20
hyperliquid,EURUSD,xyz:EUR,20,1790655297933,290,1.1368,1.759479194158864,388683.28926000005,119810.54931999999,668780.1349200001,399955.94882,20,20
hyperliquid,EURUSD,xyz:EUR,21,1790655357529,649,1.1368,1.759479194158864,388717.46758000006,119810.54931999999,666605.15117,399955.94875000004,20,20
hyperliquid,EURUSD,xyz:EUR,22,1790655417771,302,1.1368,1.759479194158864,388683.13917000004,116811.68048,666580.82276,396956.96611000004,20,20
hyperliquid,EURUSD,xyz:EUR,23,1790655477876,777,1.1367500000000001,2.639450994192938,388708.75011,98588.82811,668795.59577,399956.97337,20,20
hyperliquid,EURUSD,xyz:EUR,24,1790655538257,511,1.1367500000000001,2.639450994192938,388703.8462300001,113833.83287,668790.69189,399956.76113,20,20
hyperliquid,EURUSD,xyz:EUR,25,1790655597987,791,1.1367500000000001,2.639450994192938,388811.68178000004,98733.54964,669165.17059,371103.00739,20,20
hyperliquid,EURUSD,xyz:EUR,26,1790655657653,786,1.1367500000000001,2.639450994192938,388815.54372,98733.54964,669169.03253,371103.32288,20,20
hyperliquid,EURUSD,xyz:EUR,27,1790655718087,576,1.1367500000000001,2.639450994192938,388815.43008,98733.54964,669168.91889,371101.27343,20,20
hyperliquid,EURUSD,xyz:EUR,28,1790655777836,522,1.1367500000000001,2.639450994192938,388816.56606000004,98733.54964,669180.05487,371101.15963,20,20
hyperliquid,EURUSD,xyz:EUR,29,1790655837911,607,1.1367500000000001,2.639450994192938,388817.05700000003,98733.54964,675554.27477,371100.93126,20,20
hyperliquid,EURUSD,xyz:EUR,30,1790655898277,564,1.1368,1.759479194158864,390745.38275000005,100444.98229,677482.60052,371110.96226,20,20
hyperliquid,EURUSD,xyz:EUR,31,1790655958154,279,1.1368,1.759479194158864,390727.08622000006,100444.38229,671090.5750300001,371102.52551,20,20
hyperliquid,EURUSD,xyz:EUR,32,1790656018288,324,1.1368,1.759479194158864,390725.72289000003,115688.48722,671089.2117,371101.52724,20,20
hyperliquid,EURUSD,xyz:EUR,33,1790656077929,351,1.1368,1.759479194158864,395725.57065999997,100444.98229,668890.02256,371115.03498,20,20
hyperliquid,EURUSD,xyz:EUR,34,1790656138037,625,1.1368,1.759479194158864,395725.00267,100444.38229,668875.55457,371104.23342,20,20
hyperliquid,XAG,xyz:SILVER,0,1790654097773,666,60.6415,0.16490493230714165,809307.5566,939540.5542799999,809307.5566,939540.5542799999,20,20
hyperliquid,XAG,xyz:SILVER,1,1790654158264,573,60.5945,0.1650328415347957,642935.1008700001,733085.14452,642935.1008700001,733085.14452,20,20
hyperliquid,XAG,xyz:SILVER,2,1790654217925,677,60.575,0.3301746623973756,844890.30781,758073.23635,844890.30781,758073.23635,20,20
hyperliquid,XAG,xyz:SILVER,3,1790654278111,397,60.563500000000005,0.1651173158534469,873125.50266,977913.3983700001,873125.50266,977913.3983700001,20,20
hyperliquid,XAG,xyz:SILVER,4,1790654337784,629,60.5475,0.1651609493458217,824065.92949,761703.29842,824065.92949,761703.29842,20,20
hyperliquid,XAG,xyz:SILVER,5,1790654397762,342,60.5945,0.1650328415347957,1006086.54102,717168.9216700001,1006086.54102,717168.9216700001,20,20
hyperliquid,XAG,xyz:SILVER,6,1790654457884,380,60.555499999999995,0.16513912971749534,837277.09713,716671.18877,837277.09713,716671.18877,20,20
hyperliquid,XAG,xyz:SILVER,7,1790654517802,533,60.5495,0.4954746647278796,862220.9129,987319.74453,862220.9129,987319.74453,20,20
hyperliquid,XAG,xyz:SILVER,8,1790654578147,608,60.555499999999995,0.16513912971749534,505367.27137,771198.7938100001,505367.27137,771198.7938100001,20,20
hyperliquid,XAG,xyz:SILVER,9,1790654637855,557,60.5165,0.16524555489505488,492785.29962,1145158.40404,492785.29962,1145158.40404,20,20
hyperliquid,XAG,xyz:SILVER,10,1790654697873,463,60.4975,0.16529745276550045,966653.93846,689569.14159,966653.93846,689569.14159,20,20
hyperliquid,XAG,xyz:SILVER,11,1790654758061,804,60.448499999999996,0.16543144520930753,667045.74434,1072675.41848,667045.74434,1072675.41848,20,20
hyperliquid,XAG,xyz:SILVER,12,1790654818310,731,60.4375,0.16546155500840598,826005.32881,1364643.88974,826005.32881,1364643.88974,20,20
hyperliquid,XAG,xyz:SILVER,13,1790654878176,660,60.4375,0.49639287841740654,435226.82389,1113070.8648100002,435226.82389,1113070.8648100002,20,20
hyperliquid,XAG,xyz:SILVER,14,1790654938306,568,60.424499999999995,0.16549715344815752,1047197.83876,853563.50807,1047197.83876,853563.50807,20,20
hyperliquid,XAG,xyz:SILVER,15,1790654997978,400,60.4865,0.1653275138058241,693716.42706,1068279.04232,693716.42706,1068279.04232,20,20
hyperliquid,XAG,xyz:SILVER,16,1790655058272,510,60.457499999999996,1.1579051841059673,985050.0572,852382.71613,985050.0572,852382.71613,20,20
hyperliquid,XAG,xyz:SILVER,17,1790655118349,655,60.4615,0.1653958750269524,521465.66111999995,1078980.4491700002,521465.66111999995,1078980.4491700002,20,20
hyperliquid,XAG,xyz:SILVER,18,1790655178114,830,60.4715,0.16536852375681477,495180.29893,768939.25042,495180.29893,768939.25042,20,20
hyperliquid,XAG,xyz:SILVER,19,1790655237984,331,60.469,0.33075345637234577,487540.9893,1186191.87187,487540.9893,1186191.87187,20,20
hyperliquid,XAG,xyz:SILVER,20,1790655297974,331,60.4825,0.165338447801755,433491.60877,1236795.99843,433491.60877,1236795.99843,20,20
hyperliquid,XAG,xyz:SILVER,21,1790655357564,684,60.4615,0.49619583195603667,755459.8982500001,1038584.95172,755459.8982500001,1038584.95172,20,20
hyperliquid,XAG,xyz:SILVER,22,1790655417842,373,60.5125,1.1568526995975326,460100.93801,1525834.9258,460100.93801,1525834.9258,20,20
hyperliquid,XAG,xyz:SILVER,23,1790655477937,332,60.521,0.9914405631383794,1020374.9126800001,1054820.72716,1020374.9126800001,1054820.72716,20,20
hyperliquid,XAG,xyz:SILVER,24,1790655538388,642,60.5355,0.1651936896007733,1300210.4258,554767.0545000001,1300210.4258,554767.0545000001,20,20
hyperliquid,XAG,xyz:SILVER,25,1790655598025,829,60.548,0.9909984309186548,749182.69589,839545.08913,749182.69589,839545.08913,20,20
hyperliquid,XAG,xyz:SILVER,26,1790655657693,826,60.537499999999994,0.8259684480060869,1342072.25009,1238061.31971,1342072.25009,1238061.31971,20,20
hyperliquid,XAG,xyz:SILVER,27,1790655718173,662,60.561499999999995,0.1651227687782253,1071291.64418,557633.85052,1071291.64418,557633.85052,20,20
hyperliquid,XAG,xyz:SILVER,28,1790655777890,576,60.539500000000004,0.16518277474064647,480627.47973,1305400.16261,480627.47973,1305400.16261,20,20
hyperliquid,XAG,xyz:SILVER,29,1790655838072,768,60.5185,0.49572847299117484,494084.22099999996,961639.23871,494084.22099999996,961639.23871,20,20
hyperliquid,XAG,xyz:SILVER,30,1790655898433,720,60.5355,0.1651936896007733,662433.7172,886273.5845400001,662433.7172,886273.5845400001,20,20
hyperliquid,XAG,xyz:SILVER,31,1790655958170,295,60.5285,0.16521279407877287,807620.8293000001,988734.9364700001,807620.8293000001,988734.9364700001,20,20
hyperliquid,XAG,xyz:SILVER,32,1790656018404,440,60.5445,0.16516913319275517,1079920.21397,855073.98962,1079920.21397,855073.98962,20,20
hyperliquid,XAG,xyz:SILVER,33,1790656078021,443,60.560500000000005,0.16512549537717192,674459.0608,741759.9609399999,674459.0608,741759.9609399999,20,20
hyperliquid,XAG,xyz:SILVER,34,1790656138091,679,60.572500000000005,0.1650927821428283,1059737.53819,265149.85283,1059737.53819,265149.85283,20,20
hyperliquid,BABA,xyz:BABA,0,1790654097905,798,107.78,1.855804027095509,68331.00706,47289.01031,239167.33462,153061.78497,20,20
hyperliquid,BABA,xyz:BABA,1,1790654158368,677,107.755,0.9280742459405467,76747.58516,85475.93433,175669.36332,153716.72494000001,20,20
hyperliquid,BABA,xyz:BABA,2,1790654218057,809,107.75999999999999,1.8561484918788729,77466.80957,80526.58299,179457.03970999998,177232.3179,20,20
hyperliquid,BABA,xyz:BABA,3,1790654278119,405,107.67,1.8577001671937765,67851.14009,90136.9502,174508.49767,242479.56758,20,20
hyperliquid,BABA,xyz:BABA,4,1790654337830,675,107.645,2.787326953452851,76857.0177,100227.16213,174715.88525,166376.05454,20,20
hyperliquid,BABA,xyz:BABA,5,1790654397792,372,107.645,2.787326953452851,60323.523949999995,50547.22195,129951.33204,98934.94188,20,20
hyperliquid,BABA,xyz:BABA,6,1790654457870,366,107.67,1.8577001671937765,162654.42514,60496.80573,205794.78371000002,115742.02234,20,20
hyperliquid,BABA,xyz:BABA,7,1790654517870,601,107.7,5.572582892170441,51751.82898,49327.726670000004,154992.78235,116566.73614000001,20,20
hyperliquid,BABA,xyz:BABA,8,1790654578219,680,107.745,2.7847396268443347,53536.2124,121113.38209,90357.82873,159883.68672,20,20
hyperliquid,BABA,xyz:BABA,9,1790654637896,598,107.75,1.8563207722310793,47986.72411,119971.28733,95300.65133000001,158724.17898,20,20
hyperliquid,BABA,xyz:BABA,10,1790654697965,555,107.72999999999999,1.8566654288898476,62060.974700000006,65158.52921,99047.41758000001,142262.67503,20,20
hyperliquid,BABA,xyz:BABA,11,1790654758112,309,107.72,1.856837805218614,62087.761730000006,81238.24699,149001.33319,145948.41892999999,20,20
hyperliquid,BABA,xyz:BABA,12,1790654818410,295,107.69,1.857355126300142,74757.74743,78819.61979,182666.49329,146059.68836,20,20
hyperliquid,BABA,xyz:BABA,13,1790654878220,704,107.71000000000001,1.8570102135551103,69834.2688,100356.18519999999,179096.24474,162014.56815,20,20
hyperliquid,BABA,xyz:BABA,14,1790654938439,701,107.69,1.857355126300142,82889.22266,81934.03,185807.35251,147695.07175,20,20
hyperliquid,BABA,xyz:BABA,15,1790654998100,522,107.71000000000001,1.8570102135551103,56356.9213,96448.15593,173981.63156,161020.74685,20,20
hyperliquid,BABA,xyz:BABA,16,1790655058419,657,107.67,1.8577001671937765,65346.87031,95260.7288,184188.10467,144947.7191,20,20
hyperliquid,BABA,xyz:BABA,17,1790655118465,771,107.65,1.8580453363048477,66904.80178,81769.04211000001,178015.99061,150164.07278000002,20,20
hyperliquid,BABA,xyz:BABA,18,1790655178215,365,107.655,2.787068004459492,78254.61256000001,100806.37628,186228.95369000002,148293.83082,20,20
hyperliquid,BABA,xyz:BABA,19,1790655238017,364,107.65,1.8580453363048477,78254.23406,56786.38639,186228.57519,147812.84429,20,20
hyperliquid,BABA,xyz:BABA,20,1790655298033,390,107.66499999999999,0.9288500835968883,80173.74573,100971.21158,184854.44115,148604.77232,20,20
hyperliquid,BABA,xyz:BABA,21,1790655357629,749,107.655,2.787068004459492,82388.07323000001,88362.08115,190458.73419000002,140818.43856,20,20
hyperliquid,BABA,xyz:BABA,22,1790655417889,420,107.66,1.8578727357176916,83826.8008,96386.23815,194518.43264,148842.59556,20,20
hyperliquid,BABA,xyz:BABA,23,1790655478017,412,107.69999999999999,1.857182653912659,70681.60815,105111.60317,180513.57284,160447.8652,20,20
hyperliquid,BABA,xyz:BABA,24,1790655538448,702,107.68,1.8575276307242206,73246.14457,56531.15939,191339.75552,146866.06471,20,20
hyperliquid,BABA,xyz:BABA,25,1790655598097,350,107.685,2.786291446086331,73449.28871000001,79908.24347,191541.30511000002,142779.46985,20,20
hyperliquid,BABA,xyz:BABA,26,1790655657842,430,107.69,1.857355126300142,85870.67326,74854.14748,208695.19035000002,142725.40652,20,20
hyperliquid,BABA,xyz:BABA,27,1790655718181,670,107.69999999999999,1.857182653912659,78182.10208,75429.39666,188014.81387,143690.70304999998,20,20
hyperliquid,BABA,xyz:BABA,28,1790655777966,652,107.69999999999999,1.857182653912659,77136.32482,80194.04658,197469.66428,148455.35297,20,20
hyperliquid,BABA,xyz:BABA,29,1790655838099,795,107.69999999999999,1.857182653912659,78132.98523,80652.29283,208966.14526,148913.59922,20,20
hyperliquid,BABA,xyz:BABA,30,1790655898500,787,107.72999999999999,1.8566654288898476,74221.45257000001,105913.82914,204879.20474000002,150725.47348,20,20
hyperliquid,BABA,xyz:BABA,31,1790655958373,498,107.72999999999999,1.8566654288898476,73223.45292,117597.92249,205769.15469,164297.52171,20,20
hyperliquid,BABA,xyz:BABA,32,1790656018502,538,107.69999999999999,1.857182653912659,97965.85005,82145.2682,212194.48601,158915.36436,20,20
hyperliquid,BABA,xyz:BABA,33,1790656078198,620,107.69999999999999,1.857182653912659,98177.67491,57153.7786,212407.30106,158917.68268,20,20
hyperliquid,BABA,xyz:BABA,34,1790656138176,764,107.69999999999999,1.857182653912659,93170.75817999999,44954.85892,206879.75358,146718.7293,20,20
hyperliquid,WTI,xyz:CL,0,1790654097920,813,93.971,0.6385152392307525,209148.97490899998,582046.794921,209148.97490899998,582046.794921,20,20
hyperliquid,WTI,xyz:CL,1,1790654158383,692,93.97749999999999,0.7448868836057443,474496.83054,746892.201736,474496.83054,746892.201736,20,20
hyperliquid,WTI,xyz:CL,2,1790654218088,308,94.0145,0.3191048046535805,516611.490934,814285.638198,516611.490934,814285.638198,20,20
hyperliquid,WTI,xyz:CL,3,1790654278260,546,94.0715,0.10630268626909967,188640.177329,860038.001532,188640.177329,860038.001532,20,20
hyperliquid,WTI,xyz:CL,4,1790654337881,726,94.08,0.425179106697815,384311.385763,390431.75624099997,384311.385763,390431.75624099997,20,20
hyperliquid,WTI,xyz:CL,5,1790654397839,419,94.02350000000001,0.9572533211366085,227346.61095,507288.06092099997,227346.61095,507288.06092099997,20,20
hyperliquid,WTI,xyz:CL,6,1790654457899,395,93.98349999999999,0.5320224300664478,340728.662685,784189.8096769999,340728.662685,784189.8096769999,20,20
hyperliquid,WTI,xyz:CL,7,1790654517926,657,94.0855,0.10628686825775446,222041.89788299997,551972.0118590001,222041.89788299997,551972.0118590001,20,20
hyperliquid,WTI,xyz:CL,8,1790654578321,782,94.106,0.8501413359973675,662279.837198,332435.115212,662279.837198,332435.115212,20,20
hyperliquid,WTI,xyz:CL,9,1790654637876,578,94.091,0.6377008757763036,192245.67534000002,439699.239059,192245.67534000002,439699.239059,20,20
hyperliquid,WTI,xyz:CL,10,1790654698013,603,94.1155,0.10625298836552943,612603.772631,221985.248093,612603.772631,221985.248093,20,20
hyperliquid,WTI,xyz:CL,11,1790654758129,326,94.0855,0.5314456384253319,278790.770846,645653.946695,278790.770846,645653.946695,20,20
hyperliquid,WTI,xyz:CL,12,1790654818448,333,94.0715,0.5315247318460337,519795.21551300003,583751.871223,519795.21551300003,583751.871223,20,20
hyperliquid,WTI,xyz:CL,13,1790654878253,737,94.0955,0.7439527271180246,465332.991893,260074.42559199999,465332.991893,260074.42559199999,20,20
hyperliquid,WTI,xyz:CL,14,1790654938436,698,94.1175,0.5312649418276472,498506.15453099995,633582.5480289999,498506.15453099995,633582.5480289999,20,20
hyperliquid,WTI,xyz:CL,15,1790654998328,750,94.134,0.21246534159136132,205701.565091,824993.408084,205701.565091,824993.408084,20,20
hyperliquid,WTI,xyz:CL,16,1790655058458,696,94.1365,0.10622928529047115,380200.952665,601769.3094370001,380200.952665,601769.3094370001,20,20
hyperliquid,WTI,xyz:CL,17,1790655118468,774,94.144,0.4248900596981464,597871.074676,930931.718619,597871.074676,930931.718619,20,20
hyperliquid,WTI,xyz:CL,18,1790655178281,431,94.17750000000001,0.5309264666863989,249654.927159,748476.876425,249654.927159,748476.876425,20,20
hyperliquid,WTI,xyz:CL,19,1790655238061,408,94.184,0.42470960480933684,430040.800951,553483.585559,430040.800951,553483.585559,20,20
hyperliquid,WTI,xyz:CL,20,1790655298048,405,94.1685,0.9557792787062702,862521.9487470001,350878.519977,862521.9487470001,350878.519977,20,20
hyperliquid,WTI,xyz:CL,21,1790655357667,787,94.1505,0.7435181152870562,620020.78772,793798.854378,620020.78772,793798.854378,20,20
hyperliquid,WTI,xyz:CL,22,1790655417941,472,94.169,0.637172652548923,482369.252429,612706.237061,482369.252429,612706.237061,20,20
hyperliquid,WTI,xyz:CL,23,1790655478147,542,94.1875,1.1679514132212354,826963.068942,423891.824179,826963.068942,423891.824179,20,20
hyperliquid,WTI,xyz:CL,24,1790655538492,746,94.1505,0.5310787271106676,368319.949807,963582.2552410001,368319.949807,963582.2552410001,20,20
hyperliquid,WTI,xyz:CL,25,1790655598484,737,94.15350000000001,0.5310618049736426,291221.747633,879519.6933609999,291221.747633,879519.6933609999,20,20
hyperliquid,WTI,xyz:CL,26,1790655657891,479,94.15100000000001,0.8497349888991756,389379.59246,1017468.064215,389379.59246,1017468.064215,20,20
hyperliquid,WTI,xyz:CL,27,1790655718284,773,94.14699999999999,0.4248765202619076,161881.419917,889006.509328,161881.419917,889006.509328,20,20
hyperliquid,WTI,xyz:CL,28,1790655778014,700,94.102,0.42507970244409776,306212.883443,1137663.48282,306212.883443,1137663.48282,20,20
hyperliquid,WTI,xyz:CL,29,1790655838135,831,94.0935,0.10627783150640724,142930.886204,1239798.7058589999,142930.886204,1239798.7058589999,20,20
hyperliquid,WTI,xyz:CL,30,1790655898619,300,94.0855,0.10628686825775446,107186.90044699999,747227.839655,107186.90044699999,747227.839655,20,20
hyperliquid,WTI,xyz:CL,31,1790655958394,519,94.132,0.4249442260717551,218798.821326,807892.676857,218798.821326,807892.676857,20,20
hyperliquid,WTI,xyz:CL,32,1790656018595,631,94.1395,0.10622589999842447,233309.951399,442098.500079,233309.951399,442098.500079,20,20
hyperliquid,WTI,xyz:CL,33,1790656078207,629,94.1385,0.10622702840468179,209245.971968,454290.885411,209245.971968,454290.885411,20,20
hyperliquid,WTI,xyz:CL,34,1790656138241,292,94.15299999999999,0.21242246579955548,561901.008843,633050.230366,561901.008843,633050.230366,20,20
hyperliquid,COPPER,xyz:COPPER,0,1790654098029,391,6.61965,1.3596809282079292,43418.37216,58198.026518,43418.37216,58198.026518,20,20
hyperliquid,COPPER,xyz:COPPER,1,1790654158527,298,6.61355,1.6633902918483656,33654.195494,56324.811272,33654.195494,56324.811272,20,20
hyperliquid,COPPER,xyz:COPPER,2,1790654218171,391,6.613250000000001,0.45364503787892474,39923.797123,55288.434104,39923.797123,55288.434104,20,20
hyperliquid,COPPER,xyz:COPPER,3,1790654278304,590,6.6128,0.6049057859258689,45910.596592,56396.272428,45910.596592,56396.272428,20,20
hyperliquid,COPPER,xyz:COPPER,4,1790654338105,408,6.612550000000001,1.36114093858275,28220.01632,55977.182206,28220.01632,55977.182206,20,20
hyperliquid,COPPER,xyz:COPPER,5,1790654397910,490,6.61415,0.1511921501040625,39364.792005999996,62421.750245,39364.792005999996,62421.750245,20,20
hyperliquid,COPPER,xyz:COPPER,6,1790654457976,472,6.6137,0.6048234671496289,29070.031834,54627.852196,29070.031834,54627.852196,20,20
hyperliquid,COPPER,xyz:COPPER,7,1790654517984,715,6.61375,2.2682594888845387,28162.267108,63867.296943,28162.267108,63867.296943,20,20
hyperliquid,COPPER,xyz:COPPER,8,1790654578400,327,6.61395,1.6632896845791834,27173.005784,62897.374764,27173.005784,62897.374764,20,20
hyperliquid,COPPER,xyz:COPPER,9,1790654638023,725,6.6113,1.8152389308245809,32414.859345,58406.046146,32414.859345,58406.046146,20,20
hyperliquid,COPPER,xyz:COPPER,10,1790654698062,652,6.6115,1.2100860673713854,36207.820135,52872.483976,36207.820135,52872.483976,20,20
hyperliquid,COPPER,xyz:COPPER,11,1790654758261,458,6.6103000000000005,1.8155135633990405,53766.278018,52193.132669,53766.278018,52193.132669,20,20
hyperliquid,COPPER,xyz:COPPER,12,1790654818603,488,6.6104,1.5128821918652946,35462.011538,51940.482985,35462.011538,51940.482985,20,20
hyperliquid,COPPER,xyz:COPPER,13,1790654878468,384,6.6103,1.2103057534917916,27866.25664,49906.828054,27866.25664,49906.828054,20,20
hyperliquid,COPPER,xyz:COPPER,14,1790654938550,812,6.609999999999999,0.90775678169841,27768.792336,55663.815666,27768.792336,55663.815666,20,20
hyperliquid,COPPER,xyz:COPPER,15,1790654998365,787,6.610250000000001,0.4538509250995304,27090.670112,57717.278054,27090.670112,57717.278054,20,20
hyperliquid,COPPER,xyz:COPPER,16,1790655058511,749,6.609500000000001,0.9078254554251153,34939.295837,59548.058465,34939.295837,59548.058465,20,20
hyperliquid,COPPER,xyz:COPPER,17,1790655118625,378,6.60935,1.3617999969728345,40593.240931,49252.597277,40593.240931,49252.597277,20,20
hyperliquid,COPPER,xyz:COPPER,18,1790655178379,529,6.6095500000000005,0.7565097665396259,28304.322297,48586.030263,28304.322297,48586.030263,20,20
hyperliquid,COPPER,xyz:COPPER,19,1790655238237,584,6.6095500000000005,0.7565097665396259,26170.466883,59177.496984,26170.466883,59177.496984,20,20
hyperliquid,COPPER,xyz:COPPER,20,1790655298171,528,6.61025,1.0590175343039299,32734.959892,59385.318246999996,32734.959892,59385.318246999996,20,20
hyperliquid,COPPER,xyz:COPPER,21,1790655357764,325,6.6094,1.2104705704341079,43984.792831,47636.806252,43984.792831,47636.806252,20,20
hyperliquid,COPPER,xyz:COPPER,22,1790655418032,563,6.6099499999999995,0.7564639847501553,34494.013996,72229.692481,34494.013996,72229.692481,20,20
hyperliquid,COPPER,xyz:COPPER,23,1790655478134,529,6.6098,0.6051803437423509,35933.431731000004,59866.294462,35933.431731000004,59866.294462,20,20
hyperliquid,COPPER,xyz:COPPER,24,1790655538635,889,6.60945,0.15129966411508988,44688.33916,63296.838898,44688.33916,63296.838898,20,20
hyperliquid,COPPER,xyz:COPPER,25,1790655598403,656,6.6095500000000005,0.45389899234526965,43430.165815,56942.613522,43430.165815,56942.613522,20,20
hyperliquid,COPPER,xyz:COPPER,26,1790655657918,506,6.6095500000000005,0.45389899234526965,33364.039736,56782.153633,33364.039736,56782.153633,20,20
hyperliquid,COPPER,xyz:COPPER,27,1790655718437,325,6.609299999999999,1.8157882790870161,40776.689554,56078.362825000004,40776.689554,56078.362825000004,20,20
hyperliquid,COPPER,xyz:COPPER,28,1790655778121,807,6.6094,1.5131111077471004,34054.105837,57933.512519,34054.105837,57933.512519,20,20
hyperliquid,COPPER,xyz:COPPER,29,1790655838270,362,6.608599999999999,0.6052902366682211,41587.516846,56184.771801,41587.516846,56184.771801,20,20
hyperliquid,COPPER,xyz:COPPER,30,1790655898691,372,6.60865,0.7566127958358315,31836.036934,62174.856265,31836.036934,62174.856265,20,20
hyperliquid,COPPER,xyz:COPPER,31,1790655958566,691,6.608599999999999,0.6052902366682211,40751.048093000005,55489.278644000005,40751.048093000005,55489.278644000005,20,20
hyperliquid,COPPER,xyz:COPPER,32,1790656018695,731,6.609,1.5132026934994158,47192.846798,60691.308865,47192.846798,60691.308865,20,20
hyperliquid,COPPER,xyz:COPPER,33,1790656078256,678,6.610049999999999,0.7564525401670963,28328.781701,72261.994729,28328.781701,72261.994729,20,20
hyperliquid,COPPER,xyz:COPPER,34,1790656138362,413,6.6091999999999995,0.6052352852181642,47068.747352,58164.29053,47068.747352,58164.29053,20,20
hyperliquid,NATGAS,xyz:NATGAS,0,1790654098033,395,3.1367,1.2753068707160864,90712.60137,84417.30527,90712.60137,84417.30527,20,20
hyperliquid,NATGAS,xyz:NATGAS,1,1790654158530,301,3.1368,1.275266211822057,80591.89174,84305.99424,80591.89174,84305.99424,20,20
hyperliquid,NATGAS,xyz:NATGAS,2,1790654218164,384,3.1369,1.2752255555215086,82425.7417,95341.68771,82425.7417,95341.68771,20,20
hyperliquid,NATGAS,xyz:NATGAS,3,1790654278330,616,3.137,1.2751849018100003,71308.13736000001,83867.56275,71308.13736000001,83867.56275,20,20
hyperliquid,NATGAS,xyz:NATGAS,4,1790654338192,495,3.137,1.2751849018100003,80715.46958,100007.49055,80715.46958,100007.49055,20,20
hyperliquid,NATGAS,xyz:NATGAS,5,1790654397962,542,3.1361,1.2755508785344816,98365.3457,62049.10976,98365.3457,62049.10976,20,20
hyperliquid,NATGAS,xyz:NATGAS,6,1790654458071,567,3.13665,0.956480153038175,71704.82997,62688.55233,71704.82997,62688.55233,20,20
hyperliquid,NATGAS,xyz:NATGAS,7,1790654518008,739,3.135,1.275998468803774,94604.03910000001,106726.17777,94604.03910000001,106726.17777,20,20
hyperliquid,NATGAS,xyz:NATGAS,8,1790654578417,344,3.13445,0.319040326697273,71314.07685,80026.91990000001,71314.07685,80026.91990000001,20,20
hyperliquid,NATGAS,xyz:NATGAS,9,1790654638047,749,3.135,1.275998468803774,89988.56878999999,79307.57928,89988.56878999999,79307.57928,20,20
hyperliquid,NATGAS,xyz:NATGAS,10,1790654698067,657,3.1351,1.2759577657983634,71228.74088,84256.69792,71228.74088,84256.69792,20,20
hyperliquid,NATGAS,xyz:NATGAS,11,1790654758311,508,3.1351,1.2759577657983634,76892.20078,82311.11571,76892.20078,82311.11571,20,20
hyperliquid,NATGAS,xyz:NATGAS,12,1790654818600,485,3.1340500000000002,0.9572736845453456,83899.31673,73248.4838,83899.31673,73248.4838,20,20
hyperliquid,NATGAS,xyz:NATGAS,13,1790654878471,387,3.1340500000000002,0.9572736845453456,73027.36621,69142.74834,73027.36621,69142.74834,20,20
hyperliquid,NATGAS,xyz:NATGAS,14,1790654938574,298,3.1339,1.2764463732972686,93799.48257000001,76049.62815,93799.48257000001,76049.62815,20,20
hyperliquid,NATGAS,xyz:NATGAS,15,1790654998601,491,3.13355,1.5957616570383415,75761.64826,36621.06247,75761.64826,36621.06247,20,20
hyperliquid,NATGAS,xyz:NATGAS,16,1790655058897,590,3.13375,0.957365330611637,89057.03422,38047.485740000004,89057.03422,38047.485740000004,20,20
hyperliquid,NATGAS,xyz:NATGAS,17,1790655118680,433,3.1345,1.276202022779671,94813.46616,47487.06078,94813.46616,47487.06078,20,20
hyperliquid,NATGAS,xyz:NATGAS,18,1790655178411,561,3.1333,0.6383250351071901,92026.06099,36455.03116,92026.06099,36455.03116,20,20
hyperliquid,NATGAS,xyz:NATGAS,19,1790655238271,618,3.1327499999999997,0.9576709442637998,138325.9927,59049.31203,138325.9927,59049.31203,20,20
hyperliquid,NATGAS,xyz:NATGAS,20,1790655298189,546,3.13385,0.9573347799718412,128715.45092,63817.9912,128715.45092,63817.9912,20,20
hyperliquid,NATGAS,xyz:NATGAS,21,1790655357781,342,3.1337,1.276527844262798,95771.85222,56836.62399,95771.85222,56836.62399,20,20
hyperliquid,NATGAS,xyz:NATGAS,22,1790655418073,604,3.13385,0.9573347799718412,127709.65716,53653.507699999995,127709.65716,53653.507699999995,20,20
hyperliquid,NATGAS,xyz:NATGAS,23,1790655478138,533,3.1356,0.6378568011489172,91283.68043000001,44721.58953,91283.68043000001,44721.58953,20,20
hyperliquid,NATGAS,xyz:NATGAS,24,1790655538658,912,3.13265,0.9577015163619862,89225.09709,87218.62916,89225.09709,87218.62916,20,20
hyperliquid,NATGAS,xyz:NATGAS,25,1790655598295,480,3.13265,0.9577015163619862,84826.29904,89697.34307,84826.29904,89697.34307,20,20
hyperliquid,NATGAS,xyz:NATGAS,26,1790655658046,634,3.13265,0.9577015163619862,92391.65175,91384.49354,92391.65175,91384.49354,20,20
hyperliquid,NATGAS,xyz:NATGAS,27,1790655718423,311,3.13255,1.596271110686498,96072.42404,63925.58935,96072.42404,63925.58935,20,20
hyperliquid,NATGAS,xyz:NATGAS,28,1790655778124,810,3.1325,1.277016888547866,96069.66687,85875.61348,96069.66687,85875.61348,20,20
hyperliquid,NATGAS,xyz:NATGAS,29,1790655838295,387,3.1325,1.277016888547866,86071.65573,85874.52155,86071.65573,85874.52155,20,20
hyperliquid,NATGAS,xyz:NATGAS,30,1790655898695,376,3.1325,1.277016888547866,84279.00516,85775.15112000001,84279.00516,85775.15112000001,20,20
hyperliquid,NATGAS,xyz:NATGAS,31,1790655958576,701,3.13245,0.9577626664114547,84278.06369,82599.61962,84278.06369,82599.61962,20,20
hyperliquid,NATGAS,xyz:NATGAS,32,1790656018701,737,3.13165,1.5967298971686361,79198.78052,39694.67248,79198.78052,39694.67248,20,20
hyperliquid,NATGAS,xyz:NATGAS,33,1790656078384,806,3.13265,0.9577015163619862,56553.7964,70529.43479,56553.7964,70529.43479,20,20
hyperliquid,NATGAS,xyz:NATGAS,34,1790656138367,418,3.1326,0.6384676775739173,78049.44961000001,50943.05629,78049.44961000001,50943.05629,20,20
hyperliquid,SMSN,xyz:SMSN,0,1790654098097,459,199.63,2.0039076198585803,88810.60947,152593.24,113142.13962,155228.05536,20,20
hyperliquid,SMSN,xyz:SMSN,1,1790654158559,330,199.54500000000002,0.501152651097847,180750.18874,275123.2108,180750.18874,276270.9743,20,20
hyperliquid,SMSN,xyz:SMSN,2,1790654218256,476,199.35000000000002,2.0067225204423167,186505.43304,66356.10698,196581.73972,81841.50117,20,20
hyperliquid,SMSN,xyz:SMSN,3,1790654278348,634,199.305,1.5053439710976946,153699.89302,148995.38136,161421.38921999998,151585.14207,20,20
hyperliquid,SMSN,xyz:SMSN,4,1790654338133,436,199.125,1.5067048365202673,149560.95292,134577.14958,153287.32128,137027.7126,20,20
hyperliquid,SMSN,xyz:SMSN,5,1790654397982,562,199.32,1.0034619437071512,135485.85402,130496.20889999998,143377.48505999998,135809.22697999998,20,20
hyperliquid,SMSN,xyz:SMSN,6,1790654458074,570,199.235,0.5019324398936043,518162.29255,178094.62262,518162.29255,178094.62262,20,20
hyperliquid,SMSN,xyz:SMSN,7,1790654518056,787,199.245,0.5019072475409558,193444.19433,76432.58568,193444.19433,77559.67763,20,20
hyperliquid,SMSN,xyz:SMSN,8,1790654578516,443,199.07,1.0047221943132456,187841.81784,74452.67499,190510.45437000002,76842.32083,20,20
hyperliquid,SMSN,xyz:SMSN,9,1790654638073,775,198.915,0.5027399326329451,449989.96613,145301.2471,449989.96613,146273.15182,20,20
hyperliquid,SMSN,xyz:SMSN,10,1790654698162,752,198.99,1.0051261433319247,109680.77282,200840.63707,177922.17526000002,209593.84243,20,20
hyperliquid,SMSN,xyz:SMSN,11,1790654758343,540,199.14999999999998,2.008738010343958,168567.05587,119126.60701,179118.87198999999,129406.13025,20,20
hyperliquid,SMSN,xyz:SMSN,12,1790654818641,526,198.97,1.0052271813409952,97996.77673,135517.41423,107920.36898,162647.94146,20,20
hyperliquid,SMSN,xyz:SMSN,13,1790654878462,378,199.005,0.5025125628144167,133251.15013,89640.60226,135985.04773,139317.99838,20,20
hyperliquid,SMSN,xyz:SMSN,14,1790654938625,349,199.015,0.502487312197264,133289.9411,130084.12133,189982.20308,141932.13317,20,20
hyperliquid,SMSN,xyz:SMSN,15,1790654998289,711,199.115,0.5022349455074959,137384.06616,182727.52446000002,137384.06616,196688.64897,20,20
hyperliquid,SMSN,xyz:SMSN,16,1790655058904,597,199.22500000000002,1.5059484965607162,417268.92951,92004.86506,420938.06223,99136.28243,20,20
hyperliquid,SMSN,xyz:SMSN,17,1790655118685,438,199.215,0.5019828321861652,251643.72962,172660.51517,251643.72962,172660.51517,20,20
hyperliquid,SMSN,xyz:SMSN,18,1790655178478,628,198.925,0.5027146591607412,411197.10342,221008.07366999998,411197.10342,223845.07878,20,20
hyperliquid,SMSN,xyz:SMSN,19,1790655238253,600,199.005,1.5076134479130587,169553.06831,75088.81118,189680.97191,144309.89443000001,20,20
hyperliquid,SMSN,xyz:SMSN,20,1790655298230,587,198.985,0.5025630716670726,183934.59486,83046.89202,183934.59486,83046.89202,20,20
hyperliquid,SMSN,xyz:SMSN,21,1790655357823,384,199.0,1.005075631941299,135307.141,136423.50983,191388.0246,144044.50342999998,20,20
hyperliquid,SMSN,xyz:SMSN,22,1790655418084,615,199.005,1.5076134479130587,130798.25998,143033.74875,139487.01278,163370.61326,20,20
hyperliquid,SMSN,xyz:SMSN,23,1790655478224,619,199.115,0.5022349455074959,138183.89243,160064.08012,204899.77756,160064.08012,20,20
hyperliquid,SMSN,xyz:SMSN,24,1790655538690,320,199.14999999999998,1.0043185698505042,249056.84975,100196.50658,265940.14465,102670.83878,20,20
hyperliquid,SMSN,xyz:SMSN,25,1790655598568,821,199.4,3.0094798615643015,100866.46424,145031.07246,143255.46197,168221.09329000002,20,20
hyperliquid,SMSN,xyz:SMSN,26,1790655658084,672,199.275,0.501831685653098,172174.26202,101118.27999,180796.97907,111064.98458,20,20
hyperliquid,SMSN,xyz:SMSN,27,1790655718487,375,199.385,0.5015548199405195,192375.46742,89524.7511,192375.46742,89524.7511,20,20
hyperliquid,SMSN,xyz:SMSN,28,1790655778182,314,199.33499999999998,1.505117399156486,192851.31305,126072.01272,195775.33797,127147.33378,20,20
hyperliquid,SMSN,xyz:SMSN,29,1790655838326,418,199.215,0.5019828321861652,265504.44447,120227.98113,265504.44447,120227.98113,20,20
hyperliquid,SMSN,xyz:SMSN,30,1790655898828,509,199.53,1.0024057738555747,383150.01092000003,136041.7656,383697.96909,140036.3656,20,20
hyperliquid,SMSN,xyz:SMSN,31,1790655958602,727,199.255,1.5057217426228675,176557.44989,98789.32093,183921.50369,105274.36391,20,20
hyperliquid,SMSN,xyz:SMSN,32,1790656018781,280,199.29500000000002,0.5017813237007118,77160.43503000001,167400.12834,170117.05142,167400.12834,20,20
hyperliquid,SMSN,xyz:SMSN,33,1790656078396,818,199.195,1.5061753188061466,385972.24145,140909.42892,437305.29377,152208.23051999998,20,20
hyperliquid,SMSN,xyz:SMSN,34,1790656138435,486,199.285,0.5018065034123609,180345.10987000001,163997.57718,180345.10987000001,163997.57718,20,20
hyperliquid,XPT,xyz:PLATINUM,0,1790654098113,475,1705.6,1.1726766344177797,40404.79865,57413.74645,75957.59606,58879.4072,20,20
hyperliquid,XPT,xyz:PLATINUM,1,1790654158567,338,1702.3,2.350038188121406,25681.677470000002,37890.498289999996,32378.361660000002,59345.58034,20,20
hyperliquid,XPT,xyz:PLATINUM,2,1790654218273,493,1702.15,2.937892943182252,39960.71927,57102.88946,73452.85781,62133.10064,20,20
hyperliquid,XPT,xyz:PLATINUM,3,1790654278455,741,1702.1,3.5256786931481265,44278.44435,69656.0532,82623.27304,72108.92162,20,20
hyperliquid,XPT,xyz:PLATINUM,4,1790654338155,458,1702.0,2.350452462098751,42066.7497,56557.27146,45845.53853,78190.86252,20,20
hyperliquid,XPT,xyz:PLATINUM,5,1790654398065,645,1703.0,3.5238151171657073,39278.2217,50087.16387,71051.19252,78828.51273,20,20
hyperliquid,XPT,xyz:PLATINUM,6,1790654458094,590,1702.1,2.3503143545444694,52455.165030000004,41233.30723,75637.40909,44975.99783,20,20
hyperliquid,XPT,xyz:PLATINUM,7,1790654518115,846,1702.3,2.350038188121406,21341.195789999998,13458.63859,51164.40974,32921.075189999996,20,20
hyperliquid,XPT,xyz:PLATINUM,8,1790654578541,468,1702.6,3.5246431298840974,18847.11233,58421.551069999994,72455.56885,75982.64906,20,20
hyperliquid,XPT,xyz:PLATINUM,9,1790654638083,785,1701.4,2.351281448389475,42113.03123,32448.91766,61911.04152,41348.85061,20,20
hyperliquid,XPT,xyz:PLATINUM,10,1790654698200,790,1701.2,2.3515579071142767,17914.69699,38647.33097,105268.95934,44858.73167,20,20
hyperliquid,XPT,xyz:PLATINUM,11,1790654758406,603,1700.6999999999998,1.1760555098194736,17995.92211,48472.353259999996,80862.30554,51927.5781,20,20
hyperliquid,XPT,xyz:PLATINUM,12,1790654818728,613,1700.6999999999998,1.1760555098194736,17844.84779,50868.355840000004,81208.96442,54325.6238,20,20
hyperliquid,XPT,xyz:PLATINUM,13,1790654878582,498,1700.6999999999998,1.1760555098194736,19810.10825,60902.67816,70859.91068999999,69363.88752,20,20
hyperliquid,XPT,xyz:PLATINUM,14,1790654938665,389,1700.4,3.5292041644607863,23345.12326,54014.96634,100250.86861,69929.49382,20,20
hyperliquid,XPT,xyz:PLATINUM,15,1790654998483,373,1700.1999999999998,1.1764013881543356,49764.24386,32950.84479,109105.06611,45198.98434,20,20
hyperliquid,XPT,xyz:PLATINUM,16,1790655058843,536,1700.2,2.352941176471113,49087.15971,45902.453030000004,108244.42709,55687.33909,20,20
hyperliquid,XPT,xyz:PLATINUM,17,1790655118697,450,1700.1,1.1764705882355564,38363.01589,39799.983369999994,110466.98676,46893.502889999996,20,20
hyperliquid,XPT,xyz:PLATINUM,18,1790655178513,663,1700.4499999999998,4.117404858539064,52854.96144,42693.88074,105295.14152,46853.7951,20,20
hyperliquid,XPT,xyz:PLATINUM,19,1790655238416,763,1700.35,2.9410034703847288,56805.88552,36085.17528,91142.32397,46520.906390000004,20,20
hyperliquid,XPT,xyz:PLATINUM,20,1790655298233,590,1700.4,2.3526643924243196,55280.26826,39423.87962,92114.7829,45658.100549999996,20,20
hyperliquid,XPT,xyz:PLATINUM,21,1790655357876,437,1700.1999999999998,1.1764013881543356,49530.83179,44859.578629999996,105250.29999999999,49448.25906,20,20
hyperliquid,XPT,xyz:PLATINUM,22,1790655418151,682,1701.45,2.9391018104862887,43363.777669999996,38955.61376,72397.50037,45559.87478,20,20
hyperliquid,XPT,xyz:PLATINUM,23,1790655478336,731,1700.85,1.7639795378365797,39236.9049,39801.02561,107555.54993000001,50281.225699999995,20,20
hyperliquid,XPT,xyz:PLATINUM,24,1790655538800,430,1700.65,1.7641870038231922,60053.97428,34966.80059,78519.6442,41765.16469,20,20
hyperliquid,XPT,xyz:PLATINUM,25,1790655598521,706,1700.7,3.528581510232609,57900.40553,35804.81566,105684.94688,44199.11069,20,20
hyperliquid,XPT,xyz:PLATINUM,26,1790655658103,691,1700.45,2.9408304905298444,72484.64995,37733.76827,106889.43574,44807.51817,20,20
hyperliquid,XPT,xyz:PLATINUM,27,1790655718621,509,1700.8,2.3521110196411676,73161.41798,42847.80578,94114.64032,50100.45009,20,20
hyperliquid,XPT,xyz:PLATINUM,28,1790655778204,336,1700.65,1.7641870038231922,42121.2206,45639.58931,103309.18705,46926.690350000004,20,20
hyperliquid,XPT,xyz:PLATINUM,29,1790655838360,452,1700.15,0.588200694078278,60111.21028,42506.2728,99305.67029,49978.11166,20,20
hyperliquid,XPT,xyz:PLATINUM,30,1790655898845,526,1699.95,2.941695593339233,76478.33984999999,45595.3411,100556.10957999999,50980.93176,20,20
hyperliquid,XPT,xyz:PLATINUM,31,1790655958616,741,1699.85,2.9418686749815848,79982.72743,41216.72686,101751.39352,57537.22108,20,20
hyperliquid,XPT,xyz:PLATINUM,32,1790656018885,384,1700.2,2.352941176471113,64811.48556,39748.44091,86540.84317000001,50712.45453,20,20
hyperliquid,XPT,xyz:PLATINUM,33,1790656078420,842,1700.2,2.352941176471113,66027.22395,34647.34082,86788.23356000001,50714.94282,20,20
hyperliquid,XPT,xyz:PLATINUM,34,1790656138500,551,1699.65,2.942214899375184,72801.35032,48929.34541,100922.66273,52258.59827,20,20
hyperliquid,USAR,xyz:USAR,0,1790654098218,580,14.4755,2.0726820505734267,7881.77614,4973.52477,33992.902070000004,11837.84865,20,20
hyperliquid,USAR,xyz:USAR,1,1790654158739,510,14.4555,6.227942702927702,17282.42254,3138.36913,39868.0851,14333.30182,20,20
hyperliquid,USAR,xyz:USAR,2,1790654218352,572,14.4525,2.0759809009751606,24048.47704,1369.95564,40741.54424,14263.93093,20,20
hyperliquid,USAR,xyz:USAR,3,1790654278493,779,14.4505,0.6920415224920262,19020.40807,368.29158,37356.071840000004,14182.437689999999,20,20
hyperliquid,USAR,xyz:USAR,4,1790654338297,600,14.4455,0.6922810661125212,17310.76978,408.30414,37611.388829999996,12951.424219999999,20,20
hyperliquid,USAR,xyz:USAR,5,1790654398123,703,14.4455,0.6922810661125212,17241.05303,478.24214,39201.0575,14550.39488,20,20
hyperliquid,USAR,xyz:USAR,6,1790654458160,656,14.440999999999999,2.7702749497882095,13456.81924,4435.547680000001,31720.9104,12202.39534,20,20
hyperliquid,USAR,xyz:USAR,7,1790654518177,326,14.435500000000001,0.6927606511952789,17236.64154,1343.47094,37663.88637,10447.07953,20,20
hyperliquid,USAR,xyz:USAR,8,1790654578603,530,14.435500000000001,0.6927606511952789,18236.50761,1343.47094,37923.62517,10503.73774,20,20
hyperliquid,USAR,xyz:USAR,9,1790654638243,419,14.433499999999999,3.4647633566642355,10302.228959999999,537.48897,33959.81023,3297.29169,20,20
hyperliquid,USAR,xyz:USAR,10,1790654698255,302,14.4345,4.85066869932993,6826.21063,462.75446,26366.43591,4968.3883399999995,20,20
hyperliquid,USAR,xyz:USAR,11,1790654758454,651,14.433499999999999,3.4647633566642355,3996.6991199999998,2983.69722,34973.80363,11335.832699999999,20,20
hyperliquid,USAR,xyz:USAR,12,1790654818785,670,14.433499999999999,3.4647633566642355,9925.35248,2983.69722,38010.69614,11335.832699999999,20,20
hyperliquid,USAR,xyz:USAR,13,1790654878656,572,14.4315,0.6929526713328471,6086.847290000001,5549.228120000001,30601.79328,12801.49407,20,20
hyperliquid,USAR,xyz:USAR,14,1790654938744,468,14.4335,2.0787139689582013,12025.7969,6540.27147,37450.44289,13005.08046,20,20
hyperliquid,USAR,xyz:USAR,15,1790654998551,441,14.4345,6.237006237006515,7211.90132,7426.24034,36659.69827,14786.80466,20,20
hyperliquid,USAR,xyz:USAR,16,1790655058716,409,14.436499999999999,4.849996535716272,11143.20283,10288.76602,34852.95014,17864.480639999998,20,20
hyperliquid,USAR,xyz:USAR,17,1790655118828,581,14.4335,2.0787139689582013,7763.32689,598.42755,27220.44719,5885.15281,20,20
hyperliquid,USAR,xyz:USAR,18,1790655178573,723,14.443000000000001,1.3848497438040397,7223.602470000001,2501.89772,20593.48171,4896.22528,20,20
hyperliquid,USAR,xyz:USAR,19,1790655238431,778,14.438500000000001,3.463563313936824,10195.730810000001,2378.76852,27509.535930000002,4987.752579999999,20,20
hyperliquid,USAR,xyz:USAR,20,1790655298366,723,14.4465,0.6922331441217011,1198.3324899999998,2517.88827,22673.52615,4918.1772,20,20
hyperliquid,USAR,xyz:USAR,21,1790655357958,519,14.4465,0.6922331441217011,4029.9374700000003,3005.955,29968.15554,10352.35731,20,20
hyperliquid,USAR,xyz:USAR,22,1790655418229,760,14.4285,4.852686308491894,6056.26893,409.99433,30825.63219,16880.47529,20,20
hyperliquid,USAR,xyz:USAR,23,1790655478335,730,14.4295,3.4657239897417647,14825.574630000001,407.72396000000003,30102.674020000002,10633.46196,20,20
hyperliquid,USAR,xyz:USAR,24,1790655538830,460,14.4275,3.4662045060662727,16493.02164,463.81146,31779.43853,8790.33533,20,20
hyperliquid,USAR,xyz:USAR,25,1790655598642,361,14.43,2.772387025229417,14493.21711,1344.96059,34170.7534,14352.05264,20,20
hyperliquid,USAR,xyz:USAR,26,1790655658142,730,14.43,2.772387025229417,14493.30971,344.92727,34170.846,14223.93004,20,20
hyperliquid,USAR,xyz:USAR,27,1790655718626,514,14.43,2.772387025229417,15495.80383,2168.74637,26423.44104,11381.27548,20,20
hyperliquid,USAR,xyz:USAR,28,1790655778314,446,14.4305,2.0791461639757536,16496.01884,2168.74637,41038.24409,14280.12261,20,20
hyperliquid,USAR,xyz:USAR,29,1790655838493,585,14.4295,3.4657239897417647,15496.01023,401.81185000000005,43407.06299,12380.55553,20,20
hyperliquid,USAR,xyz:USAR,30,1790655898887,568,14.4285,4.852686308491894,9002.21699,402.91801,31761.26986,5807.8256,20,20
hyperliquid,USAR,xyz:USAR,31,1790655958767,353,14.4235,3.467165938562111,11188.00668,345.47999,26538.31009,6771.40071,20,20
hyperliquid,USAR,xyz:USAR,32,1790656018881,380,14.4215,3.467646854844464,19163.575800000002,2472.18986,48896.65147,8024.52559,20,20
hyperliquid,USAR,xyz:USAR,33,1790656078451,271,14.42,4.161753485467656,19168.924,1407.2404299999998,44200.72982,8537.96211,20,20
hyperliquid,USAR,xyz:USAR,34,1790656138557,608,14.42,4.161753485467656,13498.8217,4383.39761,43971.26649,8886.94765,20,20
hyperliquid,CRWV,xyz:CRWV,0,1790654098216,578,84.3355,1.067223203803369,82211.0557,15578.60143,82211.0557,15578.60143,20,20
hyperliquid,CRWV,xyz:CRWV,1,1790654158734,505,84.3315,1.7788529955886645,70797.99045,62401.755860000005,72418.90273,62401.755860000005,20,20
hyperliquid,CRWV,xyz:CRWV,2,1790654218356,576,84.29849999999999,1.7795494180883331,19957.45258,68862.69506,19957.45258,68862.69506,20,20
hyperliquid,CRWV,xyz:CRWV,3,1790654278526,284,84.27449999999999,1.7800562497782835,69181.99776,62756.36398,69181.99776,62756.36398,20,20
hyperliquid,CRWV,xyz:CRWV,4,1790654338331,634,84.233,0.4748845436952642,69383.26468000001,64346.616980000006,77757.56488,65798.60738,20,20
hyperliquid,CRWV,xyz:CRWV,5,1790654398154,734,84.2995,1.7795283063626322,49687.007,75497.51977,113005.19177,86998.1926,20,20
hyperliquid,CRWV,xyz:CRWV,6,1790654458260,756,84.2435,1.5432648361168866,68700.28562000001,41943.30003,68700.28562000001,41943.30003,20,20
hyperliquid,CRWV,xyz:CRWV,7,1790654518229,378,84.26249999999999,1.0681478316598714,58281.96016,62560.20343000001,58281.96016,74061.18958,20,20
hyperliquid,CRWV,xyz:CRWV,8,1790654578608,535,84.25800000000001,1.6617013447906004,66912.80074,61980.84531,94400.59778000001,75832.12245,20,20
hyperliquid,CRWV,xyz:CRWV,9,1790654638240,416,84.2055,1.0688709160233678,76837.60926,68526.40036,88337.81206,68526.40036,20,20
hyperliquid,CRWV,xyz:CRWV,10,1790654698253,300,84.22,0.47495784748941006,88074.14856,54193.78379,88074.14856,54193.78379,20,20
hyperliquid,CRWV,xyz:CRWV,11,1790654758512,709,84.2025,2.9694738092422845,89554.40658,52275.58793,107451.0116,52275.58793,20,20
hyperliquid,CRWV,xyz:CRWV,12,1790654818796,681,84.2135,0.11874651182131046,80197.66145,63174.36671,106813.60045,74675.14285,20,20
hyperliquid,CRWV,xyz:CRWV,13,1790654878675,591,84.22800000000001,1.8997862740444127,82045.40716,64105.86344,82045.40716,82160.36312,20,20
hyperliquid,CRWV,xyz:CRWV,14,1790654938754,478,84.1905,0.11877895236933611,79472.09674000001,65296.97799,79472.09674000001,83511.88554,20,20
hyperliquid,CRWV,xyz:CRWV,15,1790654998563,453,84.2115,1.5438513152421507,15787.40393,78877.33238,15787.40393,78877.33238,20,20
hyperliquid,CRWV,xyz:CRWV,16,1790655058907,600,84.239,1.4246198045886338,62724.08277,65456.01563,62724.08277,66143.28068,20,20
hyperliquid,CRWV,xyz:CRWV,17,1790655118881,634,84.218,1.4249750629358182,62521.80923,54992.83693,62521.80923,56495.18767,20,20
hyperliquid,CRWV,xyz:CRWV,18,1790655178612,762,84.227,1.8998088317379036,54545.560040000004,57779.58124,123166.25498,67451.78159,20,20
hyperliquid,CRWV,xyz:CRWV,19,1790655238444,791,84.247,1.4244845146671459,53129.59644,62083.39508,57513.96774,62083.39508,20,20
hyperliquid,CRWV,xyz:CRWV,20,1790655298383,740,84.2555,1.5430450213060887,31515.62963,62456.43992,31515.62963,62456.43992,20,20
hyperliquid,CRWV,xyz:CRWV,21,1790655357969,530,84.2685,1.3054365498499365,33510.69437,79265.68321999999,33510.69437,79265.68321999999,20,20
hyperliquid,CRWV,xyz:CRWV,22,1790655418267,798,84.27950000000001,1.7799506360360873,52447.703129999994,63852.45787,52447.703129999994,63852.45787,20,20
hyperliquid,CRWV,xyz:CRWV,23,1790655478350,745,84.28399999999999,0.23729577732112261,58883.78152,63829.63674999999,58883.78152,68048.13674999999,20,20
hyperliquid,CRWV,xyz:CRWV,24,1790655538856,486,84.3035,1.542166387891175,36313.92605,64609.53416,36313.92605,106015.11781,20,20
hyperliquid,CRWV,xyz:CRWV,25,1790655598672,391,84.337,1.4229642717378255,44181.78369,92025.70459000001,44181.78369,92025.70459000001,20,20
hyperliquid,CRWV,xyz:CRWV,26,1790655658238,283,84.312,2.84697508896814,97579.40063,56973.89126999999,97579.40063,65958.16481999999,20,20
hyperliquid,CRWV,xyz:CRWV,27,1790655718649,537,84.29849999999999,2.491457858770918,45701.9156,53514.27009,105488.39491,69250.81227000001,20,20
hyperliquid,CRWV,xyz:CRWV,28,1790655778344,476,84.3095,1.7793172166724602,76076.84014,57613.92194,93623.61447,74713.29406,20,20
hyperliquid,CRWV,xyz:CRWV,29,1790655838489,581,84.282,2.135915417749157,89449.24814,63828.865340000004,134847.11001,90552.88298000001,20,20
hyperliquid,CRWV,xyz:CRWV,30,1790655898890,571,84.31899999999999,1.6604990985857881,44161.41714,47590.89799,71822.90506,65816.93575,20,20
hyperliquid,CRWV,xyz:CRWV,31,1790655958795,381,84.2705,2.017516792860441,89037.45575,57450.615849999995,89037.45575,63872.617419999995,20,20
hyperliquid,CRWV,xyz:CRWV,32,1790656018883,382,84.2765,1.542660496025583,91488.54411999999,59242.79921,102988.92035999999,65665.36183,20,20
hyperliquid,CRWV,xyz:CRWV,33,1790656078710,530,84.29050000000001,0.11863803535350215,80249.23521,62276.333999999995,157599.30736,67504.6198,20,20
hyperliquid,CRWV,xyz:CRWV,34,1790656138560,611,84.2895,2.0170619712622795,87527.2521,64563.86373999999,103537.36469,85406.14954,20,20
hyperliquid,GME,xyz:GME,0,1790654098290,652,23.915,3.3457404541836766,9660.23112,20975.03552,21233.34856,31597.38819,20,20
hyperliquid,GME,xyz:GME,1,1790654158750,521,23.915,3.3457404541836766,9552.87073,21524.25112,19703.18402,32671.19639,20,20
hyperliquid,GME,xyz:GME,2,1790654218443,663,23.915,3.3457404541836766,9456.98762,21524.25112,19607.30091,32671.19639,20,20
hyperliquid,GME,xyz:GME,3,1790654278542,300,23.915,3.3457404541836766,9380.23331,21524.25112,19530.5466,32671.19639,20,20
hyperliquid,GME,xyz:GME,4,1790654338348,651,23.915,3.3457404541836766,9277.41601,15172.72572,19427.7293,26319.670990000002,20,20
hyperliquid,GME,xyz:GME,5,1790654398175,755,23.915,3.3457404541836766,9200.900810000001,15172.72572,19351.2141,26795.010420000002,20,20
hyperliquid,GME,xyz:GME,6,1790654458262,758,23.918,5.018400802945244,11237.706460000001,20285.7929,15585.41425,29710.93706,20,20
hyperliquid,GME,xyz:GME,7,1790654518334,483,23.9185,4.6000083636510425,11215.2678,22758.02882,14526.54019,31002.80085,20,20
hyperliquid,GME,xyz:GME,8,1790654578710,637,23.9185,4.6000083636510425,11138.50707,20757.815150000002,14449.77946,29002.58718,20,20
hyperliquid,GME,xyz:GME,9,1790654638267,443,23.9185,4.6000083636510425,11183.25223,23164.16406,15530.96002,30358.05126,20,20
hyperliquid,GME,xyz:GME,10,1790654698355,402,23.9185,4.6000083636510425,11215.05652,23146.20284,15562.76431,29788.97734,20,20
hyperliquid,GME,xyz:GME,11,1790654758548,745,23.9185,4.6000083636510425,11291.81725,22130.7315,15639.52504,29323.94594,20,20
hyperliquid,GME,xyz:GME,12,1790654818838,723,23.918,5.018400802945244,10291.775590000001,26126.63559,15639.5359,33319.85003,20,20
hyperliquid,GME,xyz:GME,13,1790654878663,579,23.917,4.182000669121777,10043.511340000001,22455.29576,17528.13674,33230.76568,20,20
hyperliquid,GME,xyz:GME,14,1790654938818,542,23.915,3.3457404541836766,9048.86191,18746.89803,20111.78416,30424.711189999998,20,20
hyperliquid,GME,xyz:GME,15,1790654998674,564,23.9155,2.9274004683843557,9972.10744,19746.890939999997,20488.76969,32669.228639999998,20,20
hyperliquid,GME,xyz:GME,16,1790655059036,729,23.915,3.3457404541836766,8915.43853,21840.9453,19978.36078,33166.85516,20,20
hyperliquid,GME,xyz:GME,17,1790655118876,629,23.915,3.3457404541836766,8838.92333,21917.5117,19901.84558,33243.421559999995,20,20
hyperliquid,GME,xyz:GME,18,1790655178673,283,23.915,3.3457404541836766,8745.192210000001,20011.20583,19808.11446,32933.54353,20,20
hyperliquid,GME,xyz:GME,19,1790655238460,807,23.915,3.3457404541836766,8653.37397,20103.08551,19716.29622,33025.42321,20,20
hyperliquid,GME,xyz:GME,20,1790655298421,778,23.915,3.3457404541836766,9615.18801,16581.25581,20131.85026,29479.2633,20,20
hyperliquid,GME,xyz:GME,21,1790655358033,594,23.9145,2.927522897411272,8576.85877,19581.39739,19096.07896,25356.70685,20,20
hyperliquid,GME,xyz:GME,22,1790655418291,822,23.9055,2.9286252196469853,14157.15676,21416.69185,33728.74939,26477.37379,20,20
hyperliquid,GME,xyz:GME,23,1790655478421,816,23.901,3.3477005481863387,13547.73996,19475.27909,26416.960619999998,29988.631960000002,20,20
hyperliquid,GME,xyz:GME,24,1790655538895,525,23.901,3.3477005481863387,14100.80834,19475.27909,27507.08556,29988.631960000002,20,20
hyperliquid,GME,xyz:GME,25,1790655598707,426,23.9105,5.438420348060635,10379.33859,25187.0524,26270.31448,40029.67771,20,20
hyperliquid,GME,xyz:GME,26,1790655658266,311,23.909,5.0202903401253,9141.80671,24818.28891,25047.842529999998,33395.36892,20,20
hyperliquid,GME,xyz:GME,27,1790655718681,569,23.9135,2.0910877838642428,13983.0969,20842.60625,22571.94735,37836.42699,20,20
hyperliquid,GME,xyz:GME,28,1790655778373,505,23.9135,2.0910877838642428,14572.0296,22634.95738,22495.59925,36041.12824,20,20
hyperliquid,GME,xyz:GME,29,1790655838519,611,23.9135,2.0910877838642428,10524.67529,17267.1505,19448.28491,34260.372,20,20
hyperliquid,GME,xyz:GME,30,1790655899019,700,23.9135,2.0910877838642428,10448.160090000001,22147.9961,19371.76971,39141.2176,20,20
hyperliquid,GME,xyz:GME,31,1790655958798,384,23.9135,2.0910877838642428,10371.64489,23148.0611,19295.25451,31003.842800000002,20,20
hyperliquid,GME,xyz:GME,32,1790656019025,524,23.9135,2.0910877838642428,10279.58754,22262.04651,19203.19716,36214.17461,20,20
hyperliquid,GME,xyz:GME,33,1790656078593,413,23.9135,2.0910877838642428,10203.07234,13904.70378,19126.68196,29103.90574,20,20
hyperliquid,GME,xyz:GME,34,1790656138628,679,23.9135,2.0910877838642428,10126.31803,13904.70378,19049.92765,29103.90574,20,20
hyperliquid,SOFTBANK,xyz:SOFTBANK,0,1790654098305,667,38.397,13.030334618993056,12251.027265,7916.931675,186099.087503,205387.613257,20,20
hyperliquid,SOFTBANK,xyz:SOFTBANK,1,1790654158753,524,38.312,10.968634927268628,12245.032775,5061.767381999999,189916.203674,196883.050006,20,20
hyperliquid,SOFTBANK,xyz:SOFTBANK,2,1790654218463,683,38.3075,5.4834582343277205,12245.475486,5061.796744,194220.51061099998,205526.867662,20,20
hyperliquid,SOFTBANK,xyz:SOFTBANK,3,1790654278642,400,38.312,3.6548753426446368,2846.099805,5049.7878279999995,194264.44198899998,206329.829425,20,20
hyperliquid,SOFTBANK,xyz:SOFTBANK,4,1790654338382,685,38.318,0.5219615314366877,12246.934167,5049.787792,182433.049281,205539.105607,20,20
hyperliquid,SOFTBANK,xyz:SOFTBANK,5,1790654398256,836,38.318,0.5219615314366877,16988.481799,5049.780251,192754.792855,206467.168695,20,20
hyperliquid,SOFTBANK,xyz:SOFTBANK,6,1790654458279,775,38.311,3.6549707602318016,1897.350336,5061.773777000001,188589.552815,204813.12289899998,20,20
hyperliquid,SOFTBANK,xyz:SOFTBANK,7,1790654518354,503,38.2825,9.146739840584228,12243.098008,17301.144824,224030.671616,205600.596523,20,20
hyperliquid,SOFTBANK,xyz:SOFTBANK,8,1790654578736,663,38.2705,9.149609180978402,12242.190984,2932.792925,196056.92413899998,205424.042475,20,20
hyperliquid,SOFTBANK,xyz:SOFTBANK,9,1790654638270,446,38.24,12.560184216034997,12269.453489,7942.592055,195984.134307,204454.61423099999,20,20
hyperliquid,SOFTBANK,xyz:SOFTBANK,10,1790654698435,482,38.2275,11.778563015312216,12343.097821,7943.069845000001,195883.242069,203460.347744,20,20
hyperliquid,SOFTBANK,xyz:SOFTBANK,11,1790654758592,789,38.214,6.2823935919587015,19513.241094,5102.681538000001,195952.251037,198782.69793199998,20,20
hyperliquid,SOFTBANK,xyz:SOFTBANK,12,1790654818956,841,38.2255,0.2616088947027251,19440.101269,5064.814203999999,178924.295768,209106.187922,20,20
hyperliquid,SOFTBANK,xyz:SOFTBANK,13,1790654878779,695,38.2255,0.2616088947027251,19461.890004999997,49.6938,191435.15743599998,203035.30006,20,20
hyperliquid,SOFTBANK,xyz:SOFTBANK,14,1790654938848,572,38.328500000000005,8.091248401325135,2846.694213,7862.637482,184820.43726,210991.900341,20,20
hyperliquid,SOFTBANK,xyz:SOFTBANK,15,1790654998740,630,38.2875,16.468005018821508,9399.942339000001,24.983988000000004,207965.925792,205250.7661,20,20
hyperliquid,SOFTBANK,xyz:SOFTBANK,16,1790655059087,780,38.2645,21.714674410695523,0,0,207868.57750400002,208945.47942299998,20,20
hyperliquid,SOFTBANK,xyz:SOFTBANK,17,1790655118888,641,38.239999999999995,10.465724751438366,12263.637173000001,2854.7749240000003,187897.156639,209198.62763099998,20,20
hyperliquid,SOFTBANK,xyz:SOFTBANK,18,1790655178724,334,38.216499999999996,12.305919932973364,14437.437842,2893.854385,196587.963852,200600.60773699998,20,20
hyperliquid,SOFTBANK,xyz:SOFTBANK,19,1790655238611,415,38.2265,6.542104987701247,2876.586501,2929.38262,188290.26405,205404.615778,20,20
hyperliquid,SOFTBANK,xyz:SOFTBANK,20,1790655298421,778,38.2325,12.824539363482934,12238.662039,20053.725311,184969.103428,204484.988326,20,20
hyperliquid,SOFTBANK,xyz:SOFTBANK,21,1790655358076,637,38.226,9.945821446331049,7889.8644920000015,12253.624874,150094.835517,217696.896252,20,20
hyperliquid,SOFTBANK,xyz:SOFTBANK,22,1790655418351,280,38.2215,9.161344361845458,7850.567372,9512.025741000001,176431.619901,211103.535657,20,20
hyperliquid,SOFTBANK,xyz:SOFTBANK,23,1790655478543,390,38.2125,8.639648130694955,7849.988925999999,12328.647455,189880.706922,195924.85896399998,20,20
hyperliquid,SOFTBANK,xyz:SOFTBANK,24,1790655539000,630,38.219,6.281571439787914,8019.25059,9512.04071,162489.233132,195963.747012,20,20
hyperliquid,SOFTBANK,xyz:SOFTBANK,25,1790655598759,478,38.2485,2.353310323188751,7878.988911,12344.704138000001,174187.90310300002,195989.078298,20,20
hyperliquid,SOFTBANK,xyz:SOFTBANK,26,1790655658325,370,38.239000000000004,8.895400554653765,2839.932822,12355.7212,184955.47756,195959.49166,20,20
hyperliquid,SOFTBANK,xyz:SOFTBANK,27,1790655718817,705,38.2255,10.731579636173993,7838.662733000001,12267.588798,182806.81143,211910.27630899998,20,20
hyperliquid,SOFTBANK,xyz:SOFTBANK,28,1790655778391,523,38.224000000000004,9.422603779509764,38.206,9436.960562,224156.312124,208168.95474299998,20,20
hyperliquid,SOFTBANK,xyz:SOFTBANK,29,1790655838550,642,38.185500000000005,12.840334372787865,8247.031247,12276.164384,232021.176682,211912.370333,20,20
hyperliquid,SOFTBANK,xyz:SOFTBANK,30,1790655899034,715,38.201,5.7606703325485675,2837.55519,11636.907023,185132.579612,191169.68089,20,20
hyperliquid,SOFTBANK,xyz:SOFTBANK,31,1790655958807,393,38.2215,5.4957996388482755,7877.285575,16636.967688999997,185804.05959699998,191153.753744,20,20
hyperliquid,SOFTBANK,xyz:SOFTBANK,32,1790656019076,575,38.183499999999995,9.170465859666965,7835.6726610000005,12251.673815,189778.503718,201594.69706,20,20
hyperliquid,SOFTBANK,xyz:SOFTBANK,33,1790656078628,448,38.198,9.42902042954552,7836.714319,19452.520743,190221.482336,201633.369553,20,20
hyperliquid,SOFTBANK,xyz:SOFTBANK,34,1790656138685,736,38.211,8.378059955491679,7837.902581,19379.04432,217453.746808,187830.565645,20,20
hyperliquid,JP225,xyz:JP225,0,1790654098448,810,65319.0,8.883443100016208,8377.57244,355373.61547,15227.2761,362963.26509,20,20
hyperliquid,JP225,xyz:JP225,1,1790654158930,701,65274.0,9.196247930844947,21438.30934,297129.88928,23293.24455,367312.43406,20,20
hyperliquid,JP225,xyz:JP225,2,1790654218540,760,65271.0,9.810082925856278,8422.458980000001,367489.98091,16891.600000000002,375083.95155,20,20
hyperliquid,JP225,xyz:JP225,3,1790654278688,446,65276.5,8.122605363984903,15622.3562,359298.42569999996,24400.43308,367202.96525999997,20,20
hyperliquid,JP225,xyz:JP225,4,1790654338490,793,65268.0,9.810534060947784,8376.09379,359273.57867,11846.1838,366548.50417,20,20
hyperliquid,JP225,xyz:JP225,5,1790654398317,342,65280.5,6.58912946873258,15171.71298,297095.14476,24568.14958,304981.28833,20,20
hyperliquid,JP225,xyz:JP225,6,1790654458352,848,65268.5,9.96382365564985,16528.8346,355152.64863,24379.5531,362413.24299,20,20
hyperliquid,JP225,xyz:JP225,7,1790654518368,517,65251.0,9.506286415210674,21582.915240000002,359234.23975999997,23428.03387,365492.05746,20,20
hyperliquid,JP225,xyz:JP225,8,1790654578800,727,65256.0,8.278526422296206,15964.31491,297031.9988,23428.71109,303289.79399,20,20
hyperliquid,JP225,xyz:JP225,9,1790654638435,611,65214.5,11.507126747165586,13070.53343,295047.282,16825.84857,363871.53092,20,20
hyperliquid,JP225,xyz:JP225,10,1790654698449,496,65226.0,9.81685431174606,19973.02322,356304.33082,24341.06006,363525.47776,20,20
hyperliquid,JP225,xyz:JP225,11,1790654758645,296,65214.0,8.897752550434124,16219.08503,357232.14206,23663.42142,362506.50247999997,20,20
hyperliquid,JP225,xyz:JP225,12,1790654818982,867,65212.0,8.89802555881225,21524.704,355913.48702999996,23662.43542,361490.44574999996,20,20
hyperliquid,JP225,xyz:JP225,13,1790654878849,765,65221.0,7.3623019464075234,15607.04982,355967.94229,29663.679340000002,363493.15456,20,20
hyperliquid,JP225,xyz:JP225,14,1790654938935,659,65228.5,5.060418327915706,19685.7322,240813.79034,29664.36681,366175.91847000003,20,20
hyperliquid,JP225,xyz:JP225,15,1790654998750,640,65238.0,3.0661679033539,18766.83169,358410.20323,34058.5049,365937.05484,20,20
hyperliquid,JP225,xyz:JP225,16,1790655059085,778,65228.5,9.969936805938051,11535.03764,356603.31491,21818.27305,364100.73422,20,20
hyperliquid,JP225,xyz:JP225,17,1790655119016,769,65208.5,9.358986160974414,13714.03136,365975.34578,15544.93454,371550.35541,20,20
hyperliquid,JP225,xyz:JP225,18,1790655178769,379,65179.0,8.902532617036663,21560.0644,367004.15421,24679.87472,377687.18615,20,20
hyperliquid,JP225,xyz:JP225,19,1790655238620,424,65171.5,6.9072433959083135,14728.3406,364818.69475,29051.67198,376704.8028,20,20
hyperliquid,JP225,xyz:JP225,20,1790655298556,372,65166.0,8.904309378694464,16028.82302,367463.17345,33743.55113,378070.27277,20,20
hyperliquid,JP225,xyz:JP225,21,1790655358146,707,65159.0,7.676482328737855,20327.24196,368704.38036,28045.35127,374255.70237,20,20
hyperliquid,JP225,xyz:JP225,22,1790655418630,559,65163.0,6.754578529650779,20027.21111,368688.31147,28046.06394,374819.29595,20,20
hyperliquid,JP225,xyz:JP225,23,1790655478539,386,65156.5,7.5231836885092385,20658.71061,364224.09464,27470.28347,371397.45148,20,20
hyperliquid,JP225,xyz:JP225,24,1790655539027,657,65171.5,3.5297728667904593,19120.89203,358732.66034,38048.61177,365239.42359,20,20
hyperliquid,JP225,xyz:JP225,25,1790655598832,551,65192.5,4.142438515473135,8063.94588,357144.24132000003,30230.336430000003,364934.76382,20,20
hyperliquid,JP225,xyz:JP225,26,1790655658332,377,65174.5,8.749577871243197,14095.040410000001,353492.30144,29023.60207,360888.29114,20,20
hyperliquid,JP225,xyz:JP225,27,1790655718821,709,65176.0,6.753230807010624,24083.626210000002,351650.40079,33711.14208,359437.8704,20,20
hyperliquid,JP225,xyz:JP225,28,1790655778507,639,65182.0,5.8315301628231175,23554.89193,351696.17851,33789.90741,359115.75364,20,20
hyperliquid,JP225,xyz:JP225,29,1790655838694,786,65159.5,11.209557299265427,7500.89855,347917.46193000005,24915.94236,354694.04852,20,20
hyperliquid,JP225,xyz:JP225,30,1790655899079,760,65173.0,7.06062931696172,19435.19006,344375.50934,28060.18295,351198.92211,20,20
hyperliquid,JP225,xyz:JP225,31,1790655958969,555,65181.5,7.21323551981401,13507.2937,342618.61384,32439.31821,349478.52611,20,20
hyperliquid,JP225,xyz:JP225,32,1790656019066,565,65178.5,7.827728577347592,10824.31104,339341.50424,24755.322249999997,346556.34188,20,20
hyperliquid,JP225,xyz:JP225,33,1790656078641,461,65177.5,8.134948043774237,10827.10999,338953.54044,25362.77977,346716.08838000003,20,20
hyperliquid,JP225,xyz:JP225,34,1790656138757,278,65177.5,7.520758829218099,12764.38038,348997.0516,31695.14421,354555.33821,20,20
hyperliquid,KIOXIA,xyz:KIOXIA,0,1790654098406,768,112.535,6.222222222220797,124.39066,5109.87372,12753.66361,183682.53388,20,20
hyperliquid,KIOXIA,xyz:KIOXIA,1,1790654158927,698,112.49000000000001,7.114273010226935,142.54202999999998,19.467689999999997,11730.05884,193336.50522,20,20
hyperliquid,KIOXIA,xyz:KIOXIA,2,1790654218545,765,112.53999999999999,5.332859301394599,136.87905,7775.59772,11645.7464,182921.07771,20,20
hyperliquid,KIOXIA,xyz:KIOXIA,3,1790654278707,465,112.655,7.992185418701503,116.63162,7633.170499999999,342.2633,194051.94261,20,20
hyperliquid,KIOXIA,xyz:KIOXIA,4,1790654338520,277,112.6,7.10732054015617,137.28044,117.96781,12786.079020000001,152867.39835,20,20
hyperliquid,KIOXIA,xyz:KIOXIA,5,1790654398350,375,112.525,6.22277535780924,92.10062,7821.53652,15904.405509999999,177415.65311,20,20
hyperliquid,KIOXIA,xyz:KIOXIA,6,1790654458461,422,112.16,7.135212272564306,328.36478,121.77445000000002,126879.78731999999,68350.28142,20,20
hyperliquid,KIOXIA,xyz:KIOXIA,7,1790654518428,577,112.31,7.125679166295473,120.09246000000002,7635.063179999999,315.53744,195068.17174000002,20,20
hyperliquid,KIOXIA,xyz:KIOXIA,8,1790654578791,718,112.22999999999999,7.13076031731763,139.63262,7769.74471,383.43942,190390.55426,20,20
hyperliquid,KIOXIA,xyz:KIOXIA,9,1790654638437,613,112.07,5.35523027490159,253.97752,157.44384,185725.05386,70569.06926999999,20,20
hyperliquid,KIOXIA,xyz:KIOXIA,10,1790654698447,494,111.88499999999999,6.258381761288234,99.84955000000001,122.37331,20775.18308,56587.42258,20,20
hyperliquid,KIOXIA,xyz:KIOXIA,11,1790654758702,353,112.05000000000001,7.142219444691289,108.61581,2644.34949,272.17696,189625.53478,20,20
hyperliquid,KIOXIA,xyz:KIOXIA,12,1790654818983,868,112.06,5.355708292422712,97.3127,2664.43483,11460.663180000001,184344.00082000002,20,20
hyperliquid,KIOXIA,xyz:KIOXIA,13,1790654878852,768,112.14,5.351886540005957,134.25923,142.05778999999998,291.35548,52091.61762,20,20
hyperliquid,KIOXIA,xyz:KIOXIA,14,1790654938945,669,111.91,5.362888809439248,120.22776,5129.57784,47210.02567,148859.51941,20,20
hyperliquid,KIOXIA,xyz:KIOXIA,15,1790654998795,685,112.015,4.4646843468187924,104.68015,7603.94914,327.00069,193232.96665000002,20,20
hyperliquid,KIOXIA,xyz:KIOXIA,16,1790655059100,793,111.95,5.3609721229452845,364.18279,131.6224,155951.57434,51544.4919,20,20
hyperliquid,KIOXIA,xyz:KIOXIA,17,1790655119064,817,111.725,4.4762757385852225,74.48410000000001,132.35931,149091.564,52209.87591,20,20
hyperliquid,KIOXIA,xyz:KIOXIA,18,1790655178803,413,111.795,8.053691275167196,100.88316,7575.041590000001,286.61816,274939.62846,20,20
hyperliquid,KIOXIA,xyz:KIOXIA,19,1790655238629,433,111.955,6.2544674767694985,131.91044000000002,18683.99017,312.10756000000003,269806.11122,20,20
hyperliquid,KIOXIA,xyz:KIOXIA,20,1790655298574,390,111.935,6.255585344057124,119.02403,1441.55701,12662.49141,167529.64367000002,20,20
hyperliquid,KIOXIA,xyz:KIOXIA,21,1790655358153,714,111.87,3.576218149308197,181.45601000000002,5058.78293,6520.345689999999,185060.9858,20,20
hyperliquid,KIOXIA,xyz:KIOXIA,22,1790655418580,509,111.91,3.5749396728945726,172.46812,5095.199270000001,6514.18727,158726.5136,20,20
hyperliquid,KIOXIA,xyz:KIOXIA,23,1790655478542,389,111.995,4.46548182548856,135.21145,135.14443,299.48957,41551.14127,20,20
hyperliquid,KIOXIA,xyz:KIOXIA,24,1790655539047,677,112.025,6.250558085543201,136.02792000000002,5042.92218,319.02356000000003,191927.23554,20,20
hyperliquid,KIOXIA,xyz:KIOXIA,25,1790655598863,582,112.185,6.241640659829795,121.08532000000001,12409.02543,6517.229500000001,184477.36158,20,20
hyperliquid,KIOXIA,xyz:KIOXIA,26,1790655658435,480,112.10499999999999,4.461099214845277,134.11019000000002,131.91298,300.3416,65807.93519,20,20
hyperliquid,KIOXIA,xyz:KIOXIA,27,1790655718845,733,112.10499999999999,4.461099214845277,142.62507,69.55401,307.06469000000004,156040.40559,20,20
hyperliquid,KIOXIA,xyz:KIOXIA,28,1790655778561,693,112.155,8.027829810008935,113.31022,99.66054,322.70217,150339.49554,20,20
hyperliquid,KIOXIA,xyz:KIOXIA,29,1790655838691,783,112.06,3.57015351660106,130.46826000000001,146.32313,32014.87724,46027.33382,20,20
hyperliquid,KIOXIA,xyz:KIOXIA,30,1790655899082,763,112.14500000000001,6.2438676300069496,116.89421,5043.7194899999995,304.2242,189568.89931,20,20
hyperliquid,KIOXIA,xyz:KIOXIA,31,1790655958999,585,112.39,5.339978640086507,130.85038,6267.1350299999995,282.3469,150125.193,20,20
hyperliquid,KIOXIA,xyz:KIOXIA,32,1790656019071,570,112.285,6.236080178172454,97.29363000000001,113.25898000000001,32835.67217,157312.55617,20,20
hyperliquid,KIOXIA,xyz:KIOXIA,33,1790656078789,609,112.35,7.123141305316327,103.52159,93.98764,125576.47367,157014.50844,20,20
hyperliquid,KIOXIA,xyz:KIOXIA,34,1790656138762,283,112.61,7.106689171183511,77.42429999999999,16085.03715,126236.1718,154698.91754,20,20
hyperliquid,EWY,xyz:EWY,0,1790654098489,306,183.81,1.0881392818262725,277262.57548,274667.02425,290416.44391,304518.25506,20,20
hyperliquid,EWY,xyz:EWY,1,1790654158940,711,183.75,1.088494611951596,260677.39009,254142.15707,389740.13344,279960.38907,20,20
hyperliquid,EWY,xyz:EWY,2,1790654218662,339,183.655,0.5445140212345656,263262.23491,286131.29872,281259.78181,294957.68695,20,20
hyperliquid,EWY,xyz:EWY,3,1790654278734,492,183.64,1.0891466535967176,288263.83862,255169.82625,297965.25877,307695.21445,20,20
hyperliquid,EWY,xyz:EWY,4,1790654338540,297,183.615,1.6339869281045694,258138.43448999999,287218.8013,308696.81591,324035.30369,20,20
hyperliquid,EWY,xyz:EWY,5,1790654398578,603,183.68,1.088909457178655,215078.82274,296050.05662,231088.00795,312461.27777,20,20
hyperliquid,EWY,xyz:EWY,6,1790654458456,417,183.51999999999998,1.089858863276838,231178.80718,282674.1197,284973.75189,306831.93328,20,20
hyperliquid,EWY,xyz:EWY,7,1790654518518,667,183.535,0.5448700484933511,234793.71855,264339.37514,274913.81699,319826.10804,20,20
hyperliquid,EWY,xyz:EWY,8,1790654578900,284,183.45999999999998,1.0902153175251783,412726.12691,269287.17033,439865.75376,287164.22209,20,20
hyperliquid,EWY,xyz:EWY,9,1790654638463,639,183.375,1.6361256544494829,210321.47234,266512.80929999996,239328.52073000002,308053.61556999997,20,20
hyperliquid,EWY,xyz:EWY,10,1790654698544,591,183.445,0.5451373746168109,301687.23341,289511.76347,314396.98461,361462.71917,20,20
hyperliquid,EWY,xyz:EWY,11,1790654758736,387,183.505,0.5449591280659583,217453.37704,268270.55714,255137.57663999998,289696.66471,20,20
hyperliquid,EWY,xyz:EWY,12,1790654819055,393,183.39999999999998,1.0905720050180534,362201.50469,274982.73803999997,390095.74779999995,296238.32588,20,20
hyperliquid,EWY,xyz:EWY,13,1790654878866,782,183.375,0.5453454763593157,263686.57947,281467.12062,302592.20758,306101.09544,20,20
hyperliquid,EWY,xyz:EWY,14,1790654939011,735,183.37,1.090750436298915,222685.51421999998,313343.77726,231088.31927,327537.46742,20,20
hyperliquid,EWY,xyz:EWY,15,1790654998869,759,183.39999999999998,1.0905720050180534,364800.57311,284868.88768,373746.44022,301154.87007,20,20
hyperliquid,EWY,xyz:EWY,16,1790655059227,388,183.475,0.5450482367685971,211755.91113,310829.90397,361423.58281,375300.22798,20,20
hyperliquid,EWY,xyz:EWY,17,1790655119078,831,183.41500000000002,1.6357688113410873,157127.39226,283368.7686,227501.26193,308168.23328,20,20
hyperliquid,EWY,xyz:EWY,18,1790655178870,480,183.335,0.545464462988754,232708.27388999998,281409.08842,253227.38379999998,327216.98936,20,20
hyperliquid,EWY,xyz:EWY,19,1790655238647,451,183.41,1.090512540893318,394474.95094,272369.58061,408202.95505,301256.60914,20,20
hyperliquid,EWY,xyz:EWY,20,1790655298665,481,183.46499999999997,1.6353229762877675,373468.61728999997,295000.82578,409087.50925999996,318921.02625,20,20
hyperliquid,EWY,xyz:EWY,21,1790655358222,783,183.48000000000002,1.0900964735394147,223203.92185,301096.97752,370011.79946999997,307815.83647,20,20
hyperliquid,EWY,xyz:EWY,22,1790655418652,581,183.51,1.0899182561319165,228368.30264,307831.87304,241523.67706000002,333325.85128,20,20
hyperliquid,EWY,xyz:EWY,23,1790655478628,475,183.57999999999998,1.0895026420443266,207474.72804,322527.13154,266063.54935,336835.67549,20,20
hyperliquid,EWY,xyz:EWY,24,1790655539091,721,183.575,1.6343429941167997,220011.83987,311307.70915,262580.80021,339921.29377,20,20
hyperliquid,EWY,xyz:EWY,25,1790655598889,608,183.74,1.0885538562033226,345479.49085,277779.83891,383067.33978,334085.67786,20,20
hyperliquid,EWY,xyz:EWY,26,1790655658485,530,183.715,0.5443361820245407,372566.47307,284235.6092,392894.98679,287383.38566,20,20
hyperliquid,EWY,xyz:EWY,27,1790655718898,311,183.755,0.5442176870751325,254369.02339,292952.942,388609.91907,346710.22551,20,20
hyperliquid,EWY,xyz:EWY,28,1790655778563,695,183.72500000000002,1.633008546078063,363257.31597,254268.79793,415835.68526,318690.04935,20,20
hyperliquid,EWY,xyz:EWY,29,1790655838714,806,183.64,1.0891466535967176,250701.73539000002,296941.69849,278271.79371,311158.18302,20,20
hyperliquid,EWY,xyz:EWY,30,1790655899211,285,183.85000000000002,1.0879025239352025,214860.63304000002,313431.21618,235031.36853,359152.95991,20,20
hyperliquid,EWY,xyz:EWY,31,1790655958995,581,183.755,1.6327419179273939,257709.88881,266749.92284,421269.19940000004,278496.73678,20,20
hyperliquid,EWY,xyz:EWY,32,1790656019217,716,183.725,0.5443065534493918,334912.24337000004,283405.03407,349015.62594,326378.17156,20,20
hyperliquid,EWY,xyz:EWY,33,1790656078839,659,183.7,1.088790897709746,363542.61442,274596.93527,413250.46048999997,300167.45562,20,20
hyperliquid,EWY,xyz:EWY,34,1790656138818,339,183.73000000000002,1.0886131069032245,337393.53802000004,292187.61489,353099.04125,309969.80671,20,20
hyperliquid,BRENTOIL,xyz:BRENTOIL,0,1790654098497,314,99.5565,1.1049612761304672,356438.42016000004,204129.87396,356438.42016000004,204129.87396,20,20
hyperliquid,BRENTOIL,xyz:BRENTOIL,1,1790654158944,715,99.5575,0.1004449712227462,273521.54975,201817.29491,273521.54975,201817.29491,20,20
hyperliquid,BRENTOIL,xyz:BRENTOIL,2,1790654218673,350,99.6005,0.5020181128134737,313436.79721,411947.65915,313436.79721,411947.65915,20,20
hyperliquid,BRENTOIL,xyz:BRENTOIL,3,1790654278833,591,99.6315,0.10037036665355714,216594.71443,357062.57696000003,216594.71443,357062.57696000003,20,20
hyperliquid,BRENTOIL,xyz:BRENTOIL,4,1790654338635,392,99.63499999999999,0.2007346889620898,208716.84581,112641.40105,208716.84581,112641.40105,20,20
hyperliquid,BRENTOIL,xyz:BRENTOIL,5,1790654398682,707,99.57249999999999,0.10042983971336739,182803.08061,308100.32129,182803.08061,308100.32129,20,20
hyperliquid,BRENTOIL,xyz:BRENTOIL,6,1790654458477,438,99.525,0.4019171447811054,200844.54392,453602.46936,200844.54392,453602.46936,20,20
hyperliquid,BRENTOIL,xyz:BRENTOIL,7,1790654518543,692,99.62049999999999,0.3011473714864543,402990.55188,113572.41783,402990.55188,113572.41783,20,20
hyperliquid,BRENTOIL,xyz:BRENTOIL,8,1790654578955,339,99.62,1.8070293441496688,185512.17502999998,288519.78641,185512.17502999998,288519.78641,20,20
hyperliquid,BRENTOIL,xyz:BRENTOIL,9,1790654638460,636,99.6165,0.5019374786674469,274749.75704,92405.11375,274749.75704,92405.11375,20,20
hyperliquid,BRENTOIL,xyz:BRENTOIL,10,1790654698625,672,99.6375,0.10036432249060923,201015.26224,471784.87992,201015.26224,471784.87992,20,20
hyperliquid,BRENTOIL,xyz:BRENTOIL,11,1790654758784,435,99.59299999999999,0.40164271871923063,207358.90217,280628.3348,207358.90217,280628.3348,20,20
hyperliquid,BRENTOIL,xyz:BRENTOIL,12,1790654819153,491,99.5815,0.10042076299621172,328199.44725,69859.57725,328199.44725,69859.57725,20,20
hyperliquid,BRENTOIL,xyz:BRENTOIL,13,1790654878975,891,99.6165,0.10038548024393634,353459.47077,97243.65339,353459.47077,97243.65339,20,20
hyperliquid,BRENTOIL,xyz:BRENTOIL,14,1790654939085,809,99.6495,0.1003522363496323,142070.30682,487821.44386,142070.30682,487821.44386,20,20
hyperliquid,BRENTOIL,xyz:BRENTOIL,15,1790654998943,833,99.652,0.20070044455255953,161541.79566,309234.97976,161541.79566,309234.97976,20,20
hyperliquid,BRENTOIL,xyz:BRENTOIL,16,1790655059280,441,99.6545,0.10034720131724129,192275.05688,427993.69328999997,192275.05688,427993.69328999997,20,20
hyperliquid,BRENTOIL,xyz:BRENTOIL,17,1790655119075,828,99.6625,0.10033914631391028,356859.97329,201704.05009,356859.97329,201704.05009,20,20
hyperliquid,BRENTOIL,xyz:BRENTOIL,18,1790655178915,525,99.699,0.40121568352091685,222868.70652,125279.86280999999,222868.70652,125279.86280999999,20,20
hyperliquid,BRENTOIL,xyz:BRENTOIL,19,1790655238806,610,99.70949999999999,0.7020640683608192,165804.50128,496609.8672,165804.50128,496609.8672,20,20
hyperliquid,BRENTOIL,xyz:BRENTOIL,20,1790655298659,475,99.7065,0.10029486690710243,163389.13284,445621.12496000004,163389.13284,445621.12496000004,20,20
hyperliquid,BRENTOIL,xyz:BRENTOIL,21,1790655358264,294,99.7045,0.10029687876222937,169267.14963,178365.19997,169267.14963,178365.19997,20,20
hyperliquid,BRENTOIL,xyz:BRENTOIL,22,1790655418589,518,99.7225,0.10027877499485527,169541.3762,341236.59335999994,169541.3762,341236.59335999994,20,20
hyperliquid,BRENTOIL,xyz:BRENTOIL,23,1790655478775,622,99.7355,1.1029780407101342,272576.92925,146500.36114,272576.92925,146500.36114,20,20
hyperliquid,BRENTOIL,xyz:BRENTOIL,24,1790655539191,821,99.6885,0.9028530155297254,402080.78237000003,367038.9476,402080.78237000003,367038.9476,20,20
hyperliquid,BRENTOIL,xyz:BRENTOIL,25,1790655598955,674,99.6925,0.10030895157164821,429748.92057,359721.31645,429748.92057,359721.31645,20,20
hyperliquid,BRENTOIL,xyz:BRENTOIL,26,1790655658518,563,99.6865,0.10031498906437619,225627.74939,381218.85718,225627.74939,381218.85718,20,20
hyperliquid,BRENTOIL,xyz:BRENTOIL,27,1790655719134,547,99.6925,0.10030895157164821,268490.53299,472521.38777000003,268490.53299,472521.38777000003,20,20
hyperliquid,BRENTOIL,xyz:BRENTOIL,28,1790655778582,714,99.652,0.40140491720963567,274160.61242,216285.16667,274160.61242,216285.16667,20,20
hyperliquid,BRENTOIL,xyz:BRENTOIL,29,1790655838740,832,99.6425,0.10035928624585466,293166.94399,124776.93077,293166.94399,124776.93077,20,20
hyperliquid,BRENTOIL,xyz:BRENTOIL,30,1790655899231,305,99.64150000000001,0.3010839020478606,423282.19117,284203.89463,423282.19117,284203.89463,20,20
hyperliquid,BRENTOIL,xyz:BRENTOIL,31,1790655959008,594,99.674,0.6019805158974378,286671.57677,111136.60677,286671.57677,111136.60677,20,20
hyperliquid,BRENTOIL,xyz:BRENTOIL,32,1790656019257,756,99.6795,0.10032203372922766,284096.544,131670.91824,284096.544,131670.91824,20,20
hyperliquid,BRENTOIL,xyz:BRENTOIL,33,1790656078839,659,99.6815,0.702261281326777,312145.63782,151780.07778,312145.63782,151780.07778,20,20
hyperliquid,BRENTOIL,xyz:BRENTOIL,34,1790656138876,397,99.7055,0.10029587282467389,189896.62836,258127.64978,189896.62836,258127.64978,20,20
hyperliquid,HIMS,xyz:HIMS,0,1790654098641,458,28.693,6.275275414866499,9097.75036,1702.27411,19184.4405,9704.526530000001,20,20
hyperliquid,HIMS,xyz:HIMS,1,1790654159121,358,28.692500000000003,6.624132761565704,8012.690299999999,1755.68815,24123.6277,9444.76594,20,20
hyperliquid,HIMS,xyz:HIMS,2,1790654218736,413,28.692500000000003,6.624132761565704,8012.690299999999,754.86929,45950.14079,8548.84008,20,20
hyperliquid,HIMS,xyz:HIMS,3,1790654278902,660,28.692500000000003,6.624132761565704,8012.690299999999,746.2550899999999,45950.14079,8540.22588,20,20
hyperliquid,HIMS,xyz:HIMS,4,1790654338709,466,28.692,6.275494195167042,5194.29754,7481.369320000001,23984.60305,8930.19872,20,20
hyperliquid,HIMS,xyz:HIMS,5,1790654398541,566,28.692,6.275494195167042,5194.29754,8511.368110000001,21608.00313,9918.53031,20,20
hyperliquid,HIMS,xyz:HIMS,6,1790654458654,615,28.692500000000003,6.624132761565704,7246.94025,7543.90294,21661.4125,9930.38577,20,20
hyperliquid,HIMS,xyz:HIMS,7,1790654518624,773,28.692500000000003,6.624132761565704,7246.081069999999,5517.88143,20665.9482,10128.0759,20,20
hyperliquid,HIMS,xyz:HIMS,8,1790654578996,380,28.692500000000003,6.624132761565704,7295.96339,4532.8614099999995,20669.43534,7894.68621,20,20
hyperliquid,HIMS,xyz:HIMS,9,1790654638629,805,28.692500000000003,6.624132761565704,7295.96339,4558.1279700000005,20669.43534,7919.95277,20,20
hyperliquid,HIMS,xyz:HIMS,10,1790654698630,677,28.692500000000003,6.624132761565704,7295.96339,4526.5447699999995,20669.43534,9047.67763,20,20
hyperliquid,HIMS,xyz:HIMS,11,1790654758891,542,28.692500000000003,6.624132761565704,7295.96339,4527.69325,20669.43534,9048.82611,20,20
hyperliquid,HIMS,xyz:HIMS,12,1790654819182,520,28.692500000000003,6.624132761565704,1343.0344799999998,10503.4392,14760.7813,14035.34808,20,20
hyperliquid,HIMS,xyz:HIMS,13,1790654879035,342,28.686999999999998,6.9742302193387395,7287.51744,14861.22537,15455.32574,20224.207440000002,20,20
hyperliquid,HIMS,xyz:HIMS,14,1790654939182,367,28.6665,0.3488453219846477,15155.30453,908.5474600000001,25201.08693,10470.44857,20,20
hyperliquid,HIMS,xyz:HIMS,15,1790654998983,326,28.6665,0.3488453219846477,15109.16837,904.53114,27443.49885,11466.48785,20,20
hyperliquid,HIMS,xyz:HIMS,16,1790655059284,445,28.6635,2.442428471738367,15060.81847,685.58815,48413.16803,11523.673330000001,20,20
hyperliquid,HIMS,xyz:HIMS,17,1790655119291,505,28.6635,2.442428471738367,14060.814120000001,1499.1080100000001,47669.07998,11381.646330000001,20,20
hyperliquid,HIMS,xyz:HIMS,18,1790655178991,601,28.6635,2.442428471738367,14060.814120000001,1507.7141100000001,47669.07998,11390.25243,20,20
hyperliquid,HIMS,xyz:HIMS,19,1790655238828,632,28.665,3.4891835310535413,14015.269180000001,7533.86783,32618.3214,17448.284610000002,20,20
hyperliquid,HIMS,xyz:HIMS,20,1790655298766,582,28.665,3.4891835310535413,14015.269180000001,8484.54493,32618.3214,18296.74004,20,20
hyperliquid,HIMS,xyz:HIMS,21,1790655358349,379,28.665,3.4891835310535413,14015.269180000001,8558.261410000001,32618.3214,18414.95702,20,20
hyperliquid,HIMS,xyz:HIMS,22,1790655418789,718,28.665,3.4891835310535413,14015.269180000001,8531.82724,32618.3214,18388.52285,20,20
hyperliquid,HIMS,xyz:HIMS,23,1790655478756,603,28.665,3.4891835310535413,14015.269180000001,7522.97579,32618.3214,17379.671400000003,20,20
hyperliquid,HIMS,xyz:HIMS,24,1790655539249,328,28.665,3.4891835310535413,14015.269180000001,6532.552460000001,32618.3214,16446.969240000002,20,20
hyperliquid,HIMS,xyz:HIMS,25,1790655599056,775,28.676000000000002,9.070927676795293,14863.18046,11854.98523,30596.934110000002,22732.87328,20,20
hyperliquid,HIMS,xyz:HIMS,26,1790655658594,639,28.678,8.372287727622663,8925.32192,11917.703580000001,29410.39658,21795.93108,20,20
hyperliquid,HIMS,xyz:HIMS,27,1790655719100,513,28.6785,8.0231625213667,6925.486790000001,11904.7814,33704.60941,21783.0089,20,20
hyperliquid,HIMS,xyz:HIMS,28,1790655778802,400,28.678,8.372287727622663,6925.4746000000005,11881.8238,33704.59722,21760.0513,20,20
hyperliquid,HIMS,xyz:HIMS,29,1790655838946,435,28.6785,8.0231625213667,7925.511390000001,11922.86338,28704.64613,21801.09088,20,20
hyperliquid,HIMS,xyz:HIMS,30,1790655899280,354,28.678,8.372287727622663,7925.4992,11896.74911,28704.63394,21774.976609999998,20,20
hyperliquid,HIMS,xyz:HIMS,31,1790655959198,784,28.679000000000002,7.6740616715498255,8925.45123,11908.51488,29522.52995,23674.62213,20,20
hyperliquid,HIMS,xyz:HIMS,32,1790656019260,759,28.6795,7.324985175625187,8925.513359999999,11924.29823,29468.1922,21802.525729999998,20,20
hyperliquid,HIMS,xyz:HIMS,33,1790656078969,305,28.678,8.372287727622663,8970.3647,11915.9761,27566.60617,21885.51862,20,20
hyperliquid,HIMS,xyz:HIMS,34,1790656138953,474,28.6795,7.324985175625187,8925.513359999999,11942.96954,29512.30861,21933.19719,20,20
hyperliquid,US500,mkts:US500,0,1790654098679,496,764.25,0.26169789594909787,36792.08973,43326.78728,36792.08973,43326.78728,20,20
hyperliquid,US500,mkts:US500,1,1790654159147,384,764.225,0.13085237235310743,22775.761300000002,40894.69257,22775.761300000002,40894.69257,20,20
hyperliquid,US500,mkts:US500,2,1790654218864,541,764.055,0.1308814868128394,36775.59717,45121.80595,36775.59717,45121.80595,20,20
hyperliquid,US500,mkts:US500,3,1790654278927,685,764.025,0.13088662600413414,32858.41837,43895.07035,32858.41837,43895.07035,20,20
hyperliquid,US500,mkts:US500,4,1790654338731,488,763.8299999999999,0.5236904465788506,39006.99499,32510.377590000004,39006.99499,32510.377590000004,20,20
hyperliquid,US500,mkts:US500,5,1790654398739,764,763.965,0.39269585705881127,42534.13796,48092.17718,42534.13796,48092.17718,20,20
hyperliquid,US500,mkts:US500,6,1790654458669,630,763.885,0.3927369840406314,31235.7291,48652.06291,31235.7291,48652.06291,20,20
hyperliquid,US500,mkts:US500,7,1790654518737,886,763.88,0.5236561673593876,32314.09617,47729.06516,32314.09617,47729.06516,20,20
hyperliquid,US500,mkts:US500,8,1790654579090,474,763.88,0.5236561673593876,37253.00633,45608.723790000004,37253.00633,45608.723790000004,20,20
hyperliquid,US500,mkts:US500,9,1790654638647,823,763.865,0.130914041840402,41402.20094,43741.0525,41402.20094,43741.0525,20,20
hyperliquid,US500,mkts:US500,10,1790654698823,331,763.865,0.130914041840402,44019.20188,48202.222239999996,44019.20188,48202.222239999996,20,20
hyperliquid,US500,mkts:US500,11,1790654758976,627,763.865,0.130914041840402,43064.004120000005,49197.10653,43064.004120000005,49197.10653,20,20
hyperliquid,US500,mkts:US500,12,1790654819337,675,763.875,0.1309123280135438,38242.59269,46368.60796,38242.59269,46368.60796,20,20
hyperliquid,US500,mkts:US500,13,1790654879096,403,763.885,0.13091061423331496,37389.73381,58284.72506,37389.73381,58284.72506,20,20
hyperliquid,US500,mkts:US500,14,1790654939283,468,763.885,0.13091061423331496,38980.7995,62598.11321,38980.7995,62598.11321,20,20
hyperliquid,US500,mkts:US500,15,1790654999237,580,763.885,0.13091061423331496,41849.775349999996,61903.92088,41849.775349999996,61903.92088,20,20
hyperliquid,US500,mkts:US500,16,1790655059509,670,763.885,0.13091061423331496,36351.61617,58437.18339,36351.61617,58437.18339,20,20
hyperliquid,US500,mkts:US500,17,1790655119304,518,763.885,0.13091061423331496,31867.93073,61365.88009,31867.93073,61365.88009,20,20
hyperliquid,US500,mkts:US500,18,1790655179106,716,763.885,0.13091061423331496,33208.363529999995,61216.46898,33208.363529999995,61216.46898,20,20
hyperliquid,US500,mkts:US500,19,1790655238862,666,763.885,0.13091061423331496,37572.1956,60641.52427,37572.1956,60641.52427,20,20
hyperliquid,US500,mkts:US500,20,1790655298869,685,763.885,0.13091061423331496,36764.84055,62386.876099999994,36764.84055,62386.876099999994,20,20
hyperliquid,US500,mkts:US500,21,1790655358463,493,763.885,0.13091061423331496,37184.202209999996,62546.569339999995,37184.202209999996,62546.569339999995,20,20
hyperliquid,US500,mkts:US500,22,1790655418825,754,763.885,0.13091061423331496,37100.95452,72170.6431,37100.95452,72170.6431,20,20
hyperliquid,US500,mkts:US500,23,1790655478828,675,763.885,0.13091061423331496,35253.63366,72159.18475,35253.63366,72159.18475,20,20
hyperliquid,US500,mkts:US500,24,1790655539391,470,763.885,0.13091061423331496,37242.18683,60704.94273,37242.18683,60704.94273,20,20
hyperliquid,US500,mkts:US500,25,1790655599083,802,763.895,0.39273184269772443,42195.40885,46772.16592,42195.40885,46772.16592,20,20
hyperliquid,US500,mkts:US500,26,1790655658995,535,763.895,0.1309089004952746,36120.56514,49125.33569,36120.56514,49125.33569,20,20
hyperliquid,US500,mkts:US500,27,1790655719085,498,763.895,0.1309089004952746,52182.84169,55698.91977,52182.84169,55698.91977,20,20
hyperliquid,US500,mkts:US500,28,1790655778783,381,763.895,0.1309089004952746,40043.01229,55295.58199,40043.01229,55295.58199,20,20
hyperliquid,US500,mkts:US500,29,1790655838931,420,763.895,0.1309089004952746,36322.90099,63870.54199,36322.90099,63870.54199,20,20
hyperliquid,US500,mkts:US500,30,1790655899424,498,763.895,0.1309089004952746,52555.6653,50972.72427,52555.6653,50972.72427,20,20
hyperliquid,US500,mkts:US500,31,1790655959199,785,763.915,0.13090547315686152,48224.93617,61400.11206,48224.93617,61400.11206,20,20
hyperliquid,US500,mkts:US500,32,1790656019625,514,763.915,0.13090547315686152,39287.19416,60394.09834,39287.19416,60394.09834,20,20
hyperliquid,US500,mkts:US500,33,1790656079035,371,763.915,0.13090547315686152,37736.22135,60720.2884,37736.22135,60720.2884,20,20
hyperliquid,US500,mkts:US500,34,1790656139009,530,763.91,0.26181437360994764,42992.38467,66113.11768,42992.38467,66113.11768,20,20
hyperliquid,LITE,xyz:LITE,0,1790654098834,651,914.94,1.9675356615822537,74325.63006,72745.27782,74325.63006,72745.27782,20,20
hyperliquid,LITE,xyz:LITE,1,1790654159307,544,914.29,2.1877290278826678,59749.91582,64713.78441,59749.91582,64713.78441,20,20
hyperliquid,LITE,xyz:LITE,2,1790654218960,637,913.6949999999999,2.29862410928261,76106.31119,50370.36332,80651.04281,77095.83665,20,20
hyperliquid,LITE,xyz:LITE,3,1790654279073,302,913.2950000000001,1.204502649905237,74802.03357,52711.26977,74802.03357,52711.26977,20,20
hyperliquid,LITE,xyz:LITE,4,1790654338898,655,912.655,2.3012437674641006,73886.41058,69926.03216,76535.69454,69926.03216,20,20
hyperliquid,LITE,xyz:LITE,5,1790654398872,381,913.435,1.6422878164146226,76050.43167,120767.90559,76050.43167,120767.90559,20,20
hyperliquid,LITE,xyz:LITE,6,1790654458870,831,912.365,2.0827167395620627,67910.49789,64994.65831,108911.30218,68918.29587,20,20
hyperliquid,LITE,xyz:LITE,7,1790654518817,357,912.865,2.081575862484808,78035.12488,74559.95369,78035.12488,82510.01907,20,20
hyperliquid,LITE,xyz:LITE,8,1790654579189,573,912.585,2.9590662502054776,46864.30815999999,50785.862499999996,97459.8844,69068.24066,20,20
hyperliquid,LITE,xyz:LITE,9,1790654638983,612,912.1099999999999,1.3157173400579758,69529.23743000001,105077.52135000001,72693.48047000001,105077.52135000001,20,20
hyperliquid,LITE,xyz:LITE,10,1790654698850,358,911.9200000000001,2.193415367066631,65303.82988999999,78999.05789,102327.77565,78999.05789,20,20
hyperliquid,LITE,xyz:LITE,11,1790654759083,734,912.435,1.644087860055432,75032.13527,93792.22843,75032.13527,93792.22843,20,20
hyperliquid,LITE,xyz:LITE,12,1790654819395,733,912.2850000000001,2.082899395958737,44322.56459,74890.51232,44322.56459,74890.51232,20,20
hyperliquid,LITE,xyz:LITE,13,1790654879227,534,912.4549999999999,1.6440518205129706,70823.21488,84182.4671,70823.21488,84182.4671,20,20
hyperliquid,LITE,xyz:LITE,14,1790654939362,547,912.435,2.0825569414895106,77787.43774,95409.71554,77787.43774,95409.71554,20,20
hyperliquid,LITE,xyz:LITE,15,1790654999183,526,912.845,1.4242205131576036,45705.54614,99860.79617,45705.54614,99860.79617,20,20
hyperliquid,LITE,xyz:LITE,16,1790655059506,667,912.6800000000001,2.1915886826362474,74539.6661,62945.48416,96758.05699,62945.48416,20,20
hyperliquid,LITE,xyz:LITE,17,1790655119485,699,912.5550000000001,1.6438716465017045,71394.19683999999,71730.80009,87721.29819,75460.70225,20,20
hyperliquid,LITE,xyz:LITE,18,1790655179184,794,912.745,2.081849558976945,76238.09096,75599.44419,77542.76228,97820.53579,20,20
hyperliquid,LITE,xyz:LITE,19,1790655239034,306,913.355,1.6424316748420154,45781.84946,81678.40891,45781.84946,81678.40891,20,20
hyperliquid,LITE,xyz:LITE,20,1790655298952,768,913.36,2.1899568578498396,30164.3973,74517.17979,30164.3973,74517.17979,20,20
hyperliquid,LITE,xyz:LITE,21,1790655358550,580,912.935,1.8622993920125452,71202.47323,68919.05804999999,71202.47323,71691.80031,20,20
hyperliquid,LITE,xyz:LITE,22,1790655418895,275,913.28,1.9711122548415894,50812.76904,76077.98214000001,57304.83816,86568.91438,20,20
hyperliquid,LITE,xyz:LITE,23,1790655478974,821,913.1099999999999,1.533339174624171,81760.5263,58082.76661,81760.5263,70746.97553,20,20
hyperliquid,LITE,xyz:LITE,24,1790655539461,540,913.595,2.0799124247417033,28642.73392,107941.76501999999,28642.73392,107941.76501999999,20,20
hyperliquid,LITE,xyz:LITE,25,1790655599246,419,913.9200000000001,1.7508535411003834,23834.03388,82518.11551,23834.03388,82518.11551,20,20
hyperliquid,LITE,xyz:LITE,26,1790655659240,780,913.375,1.2043971444830603,76294.87327,50094.80644,76294.87327,83820.83881,20,20
hyperliquid,LITE,xyz:LITE,27,1790655719304,717,914.0699999999999,1.7505661987549104,31845.6217,85794.85313,31845.6217,90015.88652,20,20
hyperliquid,LITE,xyz:LITE,28,1790655778970,568,914.28,1.5313768171432152,61889.70643,77791.06842,61889.70643,77791.06842,20,20
hyperliquid,LITE,xyz:LITE,29,1790655839011,500,914.31,1.5313265663285947,45746.23921,58137.579509999996,45746.23921,84371.564,20,20
hyperliquid,LITE,xyz:LITE,30,1790655899531,605,914.935,1.6395951293102229,32947.98382,78747.00806000001,32947.98382,78747.00806000001,20,20
hyperliquid,LITE,xyz:LITE,31,1790655959431,485,914.45,1.0936132983374591,49020.845290000005,70565.19627,49020.845290000005,70601.81107,20,20
hyperliquid,LITE,xyz:LITE,32,1790656019628,517,914.53,2.843394575677838,43818.54514,80823.24401,43818.54514,84552.99101,20,20
hyperliquid,LITE,xyz:LITE,33,1790656079126,462,914.615,0.7653786437478161,66005.88417,75728.62219,72876.71157,75728.62219,20,20
hyperliquid,LITE,xyz:LITE,34,1790656139178,699,914.575,2.0776834922564547,60235.26033,78416.02303,62754.13824,78416.02303,20,20
hyperliquid,PURRDAT,xyz:PURRDAT,0,1790654098861,678,12.031500000000001,10.8108108108107,877.633,2202.954,5427.565,64043.15,20,20
hyperliquid,PURRDAT,xyz:PURRDAT,1,1790654159379,616,12.029,14.975041597338201,228.38,2202.954,5962.644,73754.28600000001,20,20
hyperliquid,PURRDAT,xyz:PURRDAT,2,1790654218970,647,12.0205,7.490013315578636,2126.277,1948.05,5939.027,58570.471000000005,20,20
hyperliquid,PURRDAT,xyz:PURRDAT,3,1790654279099,328,12.0415,17.454908153935467,240.62,5206.482,5860.399,56857.39,20,20
hyperliquid,PURRDAT,xyz:PURRDAT,4,1790654338923,680,12.033000000000001,18.299783729829322,240.44,481.78,5713.016,57086.411,20,20
hyperliquid,PURRDAT,xyz:PURRDAT,5,1790654398921,430,12.033000000000001,18.299783729829322,240.44,445.648,5233.454,48415.635,20,20
hyperliquid,PURRDAT,xyz:PURRDAT,6,1790654458920,338,12.023499999999999,15.81488263692421,444.484,240.66,5960.2,58277.393,20,20
hyperliquid,PURRDAT,xyz:PURRDAT,7,1790654518838,378,12.026499999999999,15.810934509445929,444.589,240.72,5867.254,58333.209,20,20
hyperliquid,PURRDAT,xyz:PURRDAT,8,1790654579238,622,12.015999999999998,13.324450366423157,2509.094,2152.296,7084.889,60489.672,20,20
hyperliquid,PURRDAT,xyz:PURRDAT,9,1790654638835,464,12.006,15.003750937734317,623.78,252.315,5691.168,31945.532,20,20
hyperliquid,PURRDAT,xyz:PURRDAT,10,1790654698929,437,12.006,15.003750937734317,623.78,252.315,5690.648,55560.456999999995,20,20
hyperliquid,PURRDAT,xyz:PURRDAT,11,1790654759105,756,11.991499999999998,10.846891948268489,1892.984,744.0229999999999,48129.478,28334.294,20,20
hyperliquid,PURRDAT,xyz:PURRDAT,12,1790654819467,805,11.992999999999999,13.350020859408396,95.88,504.08399999999995,43135.311,50084.454,20,20
hyperliquid,PURRDAT,xyz:PURRDAT,13,1790654879290,597,11.992999999999999,13.350020859408396,95.88,456.09499999999997,42850.318,54773.49,20,20
hyperliquid,PURRDAT,xyz:PURRDAT,14,1790654939431,616,11.993500000000001,14.184397163121698,95.88,228.038,41707.88,64723.958,20,20
hyperliquid,PURRDAT,xyz:PURRDAT,15,1790654999333,676,12.0155,15.82542062302128,1464.524,1202.5,6040.675,67551.743,20,20
hyperliquid,PURRDAT,xyz:PURRDAT,16,1790655059529,690,12.016,14.991255101191037,1248.728,937.95,5922.044,46564.26,20,20
hyperliquid,PURRDAT,xyz:PURRDAT,17,1790655119570,784,12.016,14.991255101191037,1248.728,937.95,5898.693,46612.375,20,20
hyperliquid,PURRDAT,xyz:PURRDAT,18,1790655179206,280,12.016,14.991255101191037,1248.728,5929.57,5898.693,51255.236000000004,20,20
hyperliquid,PURRDAT,xyz:PURRDAT,19,1790655239030,302,12.004999999999999,10.00083340278346,1655.73,43646.087,7389.696,119390.183,20,20
hyperliquid,PURRDAT,xyz:PURRDAT,20,1790655298995,811,12.006,11.667638969914407,1619.666,7342.073,5941.761,45158.844000000005,20,20
hyperliquid,PURRDAT,xyz:PURRDAT,21,1790655358601,631,12.010000000000002,13.331111481420521,2387.748,468.72,12281.136999999999,28562.369,20,20
hyperliquid,PURRDAT,xyz:PURRDAT,22,1790655419027,407,12.012,13.328890369876945,1464.397,540.9780000000001,8158.798,37735.853,20,20
hyperliquid,PURRDAT,xyz:PURRDAT,23,1790655479005,852,12.039000000000001,13.298977641094112,1515.698,542.19,27089.465,32310.554,20,20
hyperliquid,PURRDAT,xyz:PURRDAT,24,1790655539473,552,12.05,13.286829430327884,891.038,2086.034,39029.803,44881.039000000004,20,20
hyperliquid,PURRDAT,xyz:PURRDAT,25,1790655599278,451,12.0515,10.792860107928792,1902.77,2086.034,8017.26,37719.191,20,20
hyperliquid,PURRDAT,xyz:PURRDAT,26,1790655658776,316,12.05,13.286829430327884,2094.815,1374.699,8172.739,30077.413,20,20
hyperliquid,PURRDAT,xyz:PURRDAT,27,1790655719363,776,12.052,9.961813049974566,1481.5819999999999,1242.1480000000001,7849.699,42560.626000000004,20,20
hyperliquid,PURRDAT,xyz:PURRDAT,28,1790655778974,572,12.052,9.961813049974566,1481.5819999999999,1495.45,7513.987,39700.361000000004,20,20
hyperliquid,PURRDAT,xyz:PURRDAT,29,1790655839122,611,12.05,13.286829430327884,1757.8549999999998,1422.997,7513.362999999999,34669.326,20,20
hyperliquid,PURRDAT,xyz:PURRDAT,30,1790655899606,680,12.052,9.961813049974566,1734.5269999999998,1230.0900000000001,7467.032,46282.654,20,20
hyperliquid,PURRDAT,xyz:PURRDAT,31,1790655959388,442,12.0515,10.792860107928792,2035.347,880.234,7250.134,46023.858,20,20
hyperliquid,PURRDAT,xyz:PURRDAT,32,1790656019593,482,12.0515,10.792860107928792,1854.695,880.234,7310.262,46023.858,20,20
hyperliquid,PURRDAT,xyz:PURRDAT,33,1790656079162,498,12.0515,12.45433410826946,1505.396,952.785,7561.92,31130.296,20,20
hyperliquid,PURRDAT,xyz:PURRDAT,34,1790656139191,712,12.057500000000001,12.448132780082943,1530.258,687.789,7516.95,31559.533,20,20
hyperliquid,MRVL,xyz:MRVL,0,1790654098864,681,250.185,1.1991845545034074,164206.8455,168697.1188,164206.8455,168697.1188,20,20
hyperliquid,MRVL,xyz:MRVL,1,1790654159346,583,250.05,1.5998080230361644,209452.5486,165806.5182,209452.5486,165806.5182,20,20
hyperliquid,MRVL,xyz:MRVL,2,1790654219056,733,249.935,1.2003841229191181,133139.2275,154034.0292,133139.2275,154034.0292,20,20
hyperliquid,MRVL,xyz:MRVL,3,1790654279187,416,249.865,1.2007204322594944,167198.4812,159805.9596,167198.4812,159805.9596,20,20
hyperliquid,MRVL,xyz:MRVL,4,1790654338927,684,249.74,1.6017940092893923,128353.9915,173252.67919999998,128353.9915,189180.1852,20,20
hyperliquid,MRVL,xyz:MRVL,5,1790654398924,433,249.88,1.6008965020408716,129535.9382,197330.378,129535.9382,197330.378,20,20
hyperliquid,MRVL,xyz:MRVL,6,1790654459013,431,249.865,2.0012808197233944,151339.028,133014.5539,153418.2793,133014.5539,20,20
hyperliquid,MRVL,xyz:MRVL,7,1790654518892,432,250.01,1.6000640025604085,117827.5395,190665.4545,117827.5395,190665.4545,20,20
hyperliquid,MRVL,xyz:MRVL,8,1790654579287,671,249.88,0.8004162164310102,184089.8198,150611.54260000002,185684.9555,159366.4426,20,20
hyperliquid,MRVL,xyz:MRVL,9,1790654638914,543,249.75,1.6017298682591274,115324.1694,180795.88079999998,154473.9495,186698.38079999998,20,20
hyperliquid,MRVL,xyz:MRVL,10,1790654699020,528,249.79000000000002,1.6014733554858829,121470.9162,186499.48940000002,138065.3262,186499.48940000002,20,20
hyperliquid,MRVL,xyz:MRVL,11,1790654759130,781,249.95,1.6004481254738856,132227.9638,136104.1508,132227.9638,152850.0428,20,20
hyperliquid,MRVL,xyz:MRVL,12,1790654819533,364,249.925,1.2004321555769693,132429.4297,126465.4995,132429.4297,126465.4995,20,20
hyperliquid,MRVL,xyz:MRVL,13,1790654879287,594,249.93,1.6005762074344787,146948.8823,89145.44840000001,146948.8823,89145.44840000001,20,20
hyperliquid,MRVL,xyz:MRVL,14,1790654939475,660,249.83499999999998,1.2008646225281083,147318.80419999998,142360.7412,160613.7267,142360.7412,20,20
hyperliquid,MRVL,xyz:MRVL,15,1790654999379,722,249.935,1.2003841229191181,76705.6678,194116.912,122844.6838,194116.912,20,20
hyperliquid,MRVL,xyz:MRVL,16,1790655059609,770,249.98000000000002,1.6002560409655864,134482.42,183444.96,154480.7984,195075.65039999998,20,20
hyperliquid,MRVL,xyz:MRVL,17,1790655119495,709,249.89,0.8003841844095305,141489.775,185707.7502,141489.775,185707.7502,20,20
hyperliquid,MRVL,xyz:MRVL,18,1790655179297,371,249.76999999999998,1.601601601601832,148932.31530000002,190721.7559,148932.31530000002,190721.7559,20,20
hyperliquid,MRVL,xyz:MRVL,19,1790655239054,326,249.83499999999998,1.2008646225281083,136191.4217,151977.6201,136191.4217,171417.8094,20,20
hyperliquid,MRVL,xyz:MRVL,20,1790655299063,879,249.95,0.8001920460909417,119944.4567,199876.944,119944.4567,199876.944,20,20
hyperliquid,MRVL,xyz:MRVL,21,1790655358653,683,249.89,1.600832432864241,128260.3919,172235.0566,128260.3919,172235.0566,20,20
hyperliquid,MRVL,xyz:MRVL,22,1790655419024,404,250.04000000000002,1.599872010238368,119586.5443,154205.3935,139735.4902,154205.3935,20,20
hyperliquid,MRVL,xyz:MRVL,23,1790655479014,861,250.115,0.39982407740613013,115590.6958,177530.1097,115590.6958,177530.1097,20,20
hyperliquid,MRVL,xyz:MRVL,24,1790655539576,655,250.04500000000002,1.1998560172776784,110865.3346,239124.1152,110865.3346,247937.1782,20,20
hyperliquid,MRVL,xyz:MRVL,25,1790655599275,448,250.29500000000002,1.1986575035960456,113989.5921,191087.3743,113989.5921,191087.3743,20,20
hyperliquid,MRVL,xyz:MRVL,26,1790655658949,489,250.10500000000002,1.199568155463293,166187.9408,115453.6957,190619.1715,115453.6957,20,20
hyperliquid,MRVL,xyz:MRVL,27,1790655719422,302,250.20999999999998,1.5987849234577745,126596.9321,185487.77,126596.9321,185487.77,20,20
hyperliquid,MRVL,xyz:MRVL,28,1790655779031,629,250.265,1.1988011988006697,102667.7124,168764.5528,102667.7124,168764.5528,20,20
hyperliquid,MRVL,xyz:MRVL,29,1790655839118,607,250.07999999999998,1.599616092138323,191153.9251,111210.2834,191153.9251,111210.2834,20,20
hyperliquid,MRVL,xyz:MRVL,30,1790655899610,684,250.245,1.198897014746958,77670.90610000001,182429.4448,113547.3513,211921.5907,20,20
hyperliquid,MRVL,xyz:MRVL,31,1790655959412,466,250.165,0.3997441637348942,156146.6467,164470.24300000002,190586.3326,181065.57640000002,20,20
hyperliquid,MRVL,xyz:MRVL,32,1790656019673,562,250.16500000000002,1.199280431740668,150781.6039,182238.366,160192.7927,182238.366,20,20
hyperliquid,MRVL,xyz:MRVL,33,1790656079219,555,249.95999999999998,1.6003840921818835,140419.7378,221990.30200000003,145418.932,221990.30200000003,20,20
hyperliquid,MRVL,xyz:MRVL,34,1790656139221,742,250.07,1.599680063986142,113863.9423,216050.9289,147479.1783,216050.9289,20,20
hyperliquid,RKLB,xyz:RKLB,0,1790654099014,831,71.864,2.2266755733690857,60274.854849999996,32099.5566,138279.39659,47983.03122,20,20
hyperliquid,RKLB,xyz:RKLB,1,1790654159382,619,71.84100000000001,2.2273885261658855,69841.1916,42397.99631,130050.71355,75552.76709000001,20,20
hyperliquid,RKLB,xyz:RKLB,2,1790654219074,751,71.803,1.9499693576241484,118255.24915999999,44029.08019,118255.24915999999,66851.70794,20,20
hyperliquid,RKLB,xyz:RKLB,3,1790654279168,397,71.7705,0.9753786559296707,104095.68916,49357.77331,104095.68916,80370.67605,20,20
hyperliquid,RKLB,xyz:RKLB,4,1790654339034,791,71.785,2.229126321802166,102435.9717,54385.87764,102435.9717,54971.561089999996,20,20
hyperliquid,RKLB,xyz:RKLB,5,1790654398983,492,71.7915,1.8109632931673225,88703.58882,57073.89957,88703.58882,57073.89957,20,20
hyperliquid,RKLB,xyz:RKLB,6,1790654458978,396,71.744,1.9515731073238562,131360.67371,46053.59437,131360.67371,74993.07446999999,20,20
hyperliquid,RKLB,xyz:RKLB,7,1790654518931,471,71.768,2.787145684106651,59279.47833,64043.98022,59279.47833,72543.48032,20,20
hyperliquid,RKLB,xyz:RKLB,8,1790654579360,744,71.7145,2.370791844474862,128910.37614,39153.248849999996,128910.37614,72243.40782,20,20
hyperliquid,RKLB,xyz:RKLB,9,1790654639028,657,71.75200000000001,2.23015165031315,58266.05377,50157.90895,128637.35037,94713.86336999999,20,20
hyperliquid,RKLB,xyz:RKLB,10,1790654699020,528,71.747,0.8363068688677089,102776.23601,46109.62125,122761.37625999999,66945.85883,20,20
hyperliquid,RKLB,xyz:RKLB,11,1790654759168,291,71.757,2.229996236882137,61991.26656,49967.2677,134644.78954,65018.17761,20,20
hyperliquid,RKLB,xyz:RKLB,12,1790654819609,440,71.755,2.230058399654844,102365.29350999999,50837.35627,114622.57350999999,65888.26618,20,20
hyperliquid,RKLB,xyz:RKLB,13,1790654879377,684,71.761,2.7874175969677673,99231.81116,62825.04218,130796.18725,62861.67701,20,20
hyperliquid,RKLB,xyz:RKLB,14,1790654939554,739,71.75200000000001,1.3937864997837224,102608.07742,45703.269589999996,152725.34551,65064.5795,20,20
hyperliquid,RKLB,xyz:RKLB,15,1790654999373,716,71.769,2.7871068437401725,68980.87982,65157.73618,106610.86529,65157.73618,20,20
hyperliquid,RKLB,xyz:RKLB,16,1790655059732,352,71.74199999999999,1.39398079094466,107210.20614000001,54447.636730000006,107210.20614000001,67954.12216,20,20
hyperliquid,RKLB,xyz:RKLB,17,1790655119508,722,71.7315,1.533614031172803,119890.64781,63051.55216,119890.64781,68369.15189,20,20
hyperliquid,RKLB,xyz:RKLB,18,1790655179329,403,71.708,2.2315202231504294,149126.97302,45759.756799999996,149126.97302,87800.28562,20,20
hyperliquid,RKLB,xyz:RKLB,19,1790655239095,367,71.717,2.231240151164826,142009.57536,49079.51063,142009.57536,59531.421729999995,20,20
hyperliquid,RKLB,xyz:RKLB,20,1790655299061,877,71.70949999999999,2.6499302649907186,142879.14585,50815.94249,142879.14585,83404.58302,20,20
hyperliquid,RKLB,xyz:RKLB,21,1790655358744,774,71.711,2.7893613757146163,146021.52101,49818.29855,146021.52101,74697.53896,20,20
hyperliquid,RKLB,xyz:RKLB,22,1790655419018,398,71.7015,1.5342557464848028,151624.84137,44449.97515,151624.84137,73635.6214,20,20
hyperliquid,RKLB,xyz:RKLB,23,1790655479023,329,71.69300000000001,1.9529615266566935,66162.41297,65139.29079,66162.41297,107187.95756,20,20
hyperliquid,RKLB,xyz:RKLB,24,1790655539648,727,71.738,1.9517363483023686,89812.66742,53435.50537,90841.70502,75765.09424,20,20
hyperliquid,RKLB,xyz:RKLB,25,1790655599368,541,71.74950000000001,2.0908254578899665,97356.38341,56565.5011,145792.32829,70154.42247,20,20
hyperliquid,RKLB,xyz:RKLB,26,1790655658963,503,71.757,1.9512195121951237,46733.276509999996,57580.236600000004,123023.35163,72307.3741,20,20
hyperliquid,RKLB,xyz:RKLB,27,1790655719488,368,71.77250000000001,2.0901553682151075,50086.2912,55747.94431,121422.71803999999,68594.96242,20,20
hyperliquid,RKLB,xyz:RKLB,28,1790655779029,627,71.797,2.786019752878399,87903.57392,68630.28946,92326.13742,68630.28946,20,20
hyperliquid,RKLB,xyz:RKLB,29,1790655839135,624,71.6825,2.092779909312892,107824.79578999999,32084.951289999997,107824.79578999999,61393.14234,20,20
hyperliquid,RKLB,xyz:RKLB,30,1790655899690,764,71.71449999999999,2.091845984353302,52679.14408,29737.0316,62345.51149,48364.26577,20,20
hyperliquid,RKLB,xyz:RKLB,31,1790655959585,639,71.694,4.1853262461799545,53047.36822,33984.9888,106196.44988999999,73431.84648000001,20,20
hyperliquid,RKLB,xyz:RKLB,32,1790656019780,740,71.726,2.230960149474104,82662.54957999999,61626.524,102306.75562,72303.23645,20,20
hyperliquid,RKLB,xyz:RKLB,33,1790656079223,559,71.713,2.231364618925369,61926.7643,51907.7846,66869.9243,89494.54018,20,20
hyperliquid,RKLB,xyz:RKLB,34,1790656139213,734,71.674,2.2325789077104474,35435.9612,68850.21207,55457.96058,78318.17077,20,20
hyperliquid,DRAM,xyz:DRAM,0,1790654099024,303,60.034,0.6663113006410981,157609.61190000002,94466.6671,157609.61190000002,94466.6671,20,20
hyperliquid,DRAM,xyz:DRAM,1,1790654159521,758,60.0075,0.1666472244910011,183200.0195,78580.8303,183200.0195,78580.8303,20,20
hyperliquid,DRAM,xyz:DRAM,2,1790654219152,290,59.9875,1.1669778607625858,158118.6979,154368.79,158118.6979,154368.79,20,20
hyperliquid,DRAM,xyz:DRAM,3,1790654279262,491,59.9925,0.16668889185389446,165510.0251,150163.1331,165510.0251,150163.1331,20,20
hyperliquid,DRAM,xyz:DRAM,4,1790654339088,303,59.979,0.33345560038533506,87829.2374,108753.2901,87829.2374,108753.2901,20,20
hyperliquid,DRAM,xyz:DRAM,5,1790654399066,575,60.0,0.6666888896300627,127225.2926,118387.8136,127225.2926,118387.8136,20,20
hyperliquid,DRAM,xyz:DRAM,6,1790654459058,476,59.948,0.33362803810055297,166718.5353,116085.5753,166718.5353,116085.5753,20,20
hyperliquid,DRAM,xyz:DRAM,7,1790654519006,546,59.950500000000005,0.1668056713932664,133349.1667,105940.7853,133349.1667,105940.7853,20,20
hyperliquid,DRAM,xyz:DRAM,8,1790654579385,769,59.911,1.001535688054389,185556.7562,92935.44350000001,185556.7562,92935.44350000001,20,20
hyperliquid,DRAM,xyz:DRAM,9,1790654639040,669,59.8665,0.16703972204545892,69883.465,120925.4898,69883.465,120925.4898,20,20
hyperliquid,DRAM,xyz:DRAM,10,1790654699039,547,59.9015,0.1669421211669686,89667.0162,111749.10029999999,89667.0162,111749.10029999999,20,20
hyperliquid,DRAM,xyz:DRAM,11,1790654759278,401,59.917500000000004,0.16689754159804338,117717.5372,116735.55099999999,117717.5372,116735.55099999999,20,20
hyperliquid,DRAM,xyz:DRAM,12,1790654819619,450,59.8985,0.16695048248749345,119643.2651,102932.536,119643.2651,102932.536,20,20
hyperliquid,DRAM,xyz:DRAM,13,1790654879435,742,59.897999999999996,0.33390653956022476,113046.3208,94767.3573,113046.3208,94767.3573,20,20
hyperliquid,DRAM,xyz:DRAM,14,1790654939567,752,59.9005,0.16694490818203178,116639.2802,108162.01180000001,116639.2802,108162.01180000001,20,20
hyperliquid,DRAM,xyz:DRAM,15,1790654999429,772,59.907,0.6677238961683152,90052.9369,155600.49719999998,90052.9369,155600.49719999998,20,20
hyperliquid,DRAM,xyz:DRAM,16,1790655059742,362,59.921,1.0013685370013903,206833.804,75343.1893,206833.804,75343.1893,20,20
hyperliquid,DRAM,xyz:DRAM,17,1790655119756,434,59.9015,0.1669421211669686,139095.84410000002,104217.0837,139095.84410000002,104217.0837,20,20
hyperliquid,DRAM,xyz:DRAM,18,1790655179375,449,59.8915,0.16696999549203895,88724.1159,84265.7743,88724.1159,84265.7743,20,20
hyperliquid,DRAM,xyz:DRAM,19,1790655239278,550,59.920500000000004,0.1668891855799437,144198.0346,79013.7988,144198.0346,79013.7988,20,20
hyperliquid,DRAM,xyz:DRAM,20,1790655299144,351,59.9345,0.16685020189033395,186935.28449999998,102817.0269,186935.28449999998,102817.0269,20,20
hyperliquid,DRAM,xyz:DRAM,21,1790655358741,771,59.926500000000004,0.16687247605284838,152248.3805,124580.66990000001,152248.3805,124580.66990000001,20,20
hyperliquid,DRAM,xyz:DRAM,22,1790655419090,470,59.954,0.6672004270091847,162718.7022,87143.9362,162718.7022,87143.9362,20,20
hyperliquid,DRAM,xyz:DRAM,23,1790655479200,506,59.966,0.6670669068120638,141266.908,152249.1136,141266.908,152249.1136,20,20
hyperliquid,DRAM,xyz:DRAM,24,1790655539652,731,59.9835,0.5001500450130258,72662.6319,124669.3519,72662.6319,124669.3519,20,20
hyperliquid,DRAM,xyz:DRAM,25,1790655599485,658,60.0125,0.16663333999744623,139967.7137,88688.421,139967.7137,88688.421,20,20
hyperliquid,DRAM,xyz:DRAM,26,1790655659150,690,59.9845,0.1667111229664009,140444.8467,71677.2878,140444.8467,71677.2878,20,20
hyperliquid,DRAM,xyz:DRAM,27,1790655719496,376,60.0075,0.1666472244910011,92682.3835,79355.8427,92682.3835,79355.8427,20,20
hyperliquid,DRAM,xyz:DRAM,28,1790655779206,804,60.0045,0.16665555629735707,110263.52119999999,98177.9103,110263.52119999999,98177.9103,20,20
hyperliquid,DRAM,xyz:DRAM,29,1790655839201,690,59.986999999999995,0.6668333750092792,61584.272,148656.4124,61584.272,148656.4124,20,20
hyperliquid,DRAM,xyz:DRAM,30,1790655899724,798,60.0605,0.49950881632954136,57418.7796,148443.643,57418.7796,148443.643,20,20
hyperliquid,DRAM,xyz:DRAM,31,1790655959591,645,60.012,0.6665555740714701,105851.6971,83128.09360000001,105851.6971,83128.09360000001,20,20
hyperliquid,DRAM,xyz:DRAM,32,1790656019819,708,60.0185,0.16661668166273458,118074.938,77654.6197,118074.938,77654.6197,20,20
hyperliquid,DRAM,xyz:DRAM,33,1790656079317,653,59.997,0.666722226854155,181034.9902,122382.3634,181034.9902,122382.3634,20,20
hyperliquid,DRAM,xyz:DRAM,34,1790656139390,371,60.0085,0.16664444740577267,116629.2511,94945.0303,116629.2511,94945.0303,20,20
hyperliquid,CBRS,xyz:CBRS,0,1790654099088,367,197.45,2.026034543889388,36735.5849,72940.582,83501.4236,130200.9796,20,20
hyperliquid,CBRS,xyz:CBRS,1,1790654159535,772,197.34,2.0271639975688593,36690.424399999996,69705.7085,101533.0414,123936.0194,20,20
hyperliquid,CBRS,xyz:CBRS,2,1790654219163,301,197.24,3.0424420668317964,60188.478899999995,44087.5829,150126.68839999998,102984.1194,20,20
hyperliquid,CBRS,xyz:CBRS,3,1790654279286,515,197.14,1.0145589205090566,48853.1394,76566.0563,95972.8315,121769.62269999999,20,20
hyperliquid,CBRS,xyz:CBRS,4,1790654339113,328,197.16,1.0144559979696766,64997.5211,88218.1841,127575.6167,133116.1448,20,20
hyperliquid,CBRS,xyz:CBRS,5,1790654399108,617,197.15499999999997,1.5217611849438484,46318.279800000004,87400.2102,93217.6248,128549.6723,20,20
hyperliquid,CBRS,xyz:CBRS,6,1790654459105,523,197.05,2.0301476932438334,45163.5213,67659.9383,83262.5056,129586.27219999999,20,20
hyperliquid,CBRS,xyz:CBRS,7,1790654519029,569,196.99,2.0307661065133153,19881.2897,81469.23389999999,98905.21190000001,138622.30299999999,20,20
hyperliquid,CBRS,xyz:CBRS,8,1790654579437,821,197.04000000000002,1.0150738466219167,36401.880800000006,58035.6109,100482.1876,133849.5805,20,20
hyperliquid,CBRS,xyz:CBRS,9,1790654639101,730,196.945,0.5077688636134781,46448.610400000005,75605.9419,100109.9538,134424.2914,20,20
hyperliquid,CBRS,xyz:CBRS,10,1790654699120,628,196.94,1.015589295687569,48335.1141,75729.4507,104916.0793,132873.9363,20,20
hyperliquid,CBRS,xyz:CBRS,11,1790654759300,423,196.94,1.015589295687569,44368.6815,71174.1005,144767.9918,111795.41530000001,20,20
hyperliquid,CBRS,xyz:CBRS,12,1790654819672,503,196.89499999999998,0.5078978109618326,51485.651699999995,69437.5611,105950.4783,145066.5553,20,20
hyperliquid,CBRS,xyz:CBRS,13,1790654879485,792,196.79500000000002,0.50815590223241,44000.1007,73339.90819999999,86863.98,133552.58,20,20
hyperliquid,CBRS,xyz:CBRS,14,1790654939623,808,196.76,1.0165184243970948,72340.1856,44960.0688,130950.92719999999,119438.4725,20,20
hyperliquid,CBRS,xyz:CBRS,15,1790654999529,341,196.79500000000002,0.50815590223241,68070.1915,52588.230500000005,117925.7348,94319.7252,20,20
hyperliquid,CBRS,xyz:CBRS,16,1790655059727,347,196.81,2.032623608925199,67524.8849,55386.7644,127403.2944,131490.0833,20,20
hyperliquid,CBRS,xyz:CBRS,17,1790655119684,362,196.815,0.5081042629950794,40631.563500000004,80335.5383,87683.4343,137306.0629,20,20
hyperliquid,CBRS,xyz:CBRS,18,1790655179401,475,196.72,2.033553634979146,75030.6776,59560.2479,108854.28249999999,126761.48730000001,20,20
hyperliquid,CBRS,xyz:CBRS,19,1790655239223,495,196.745,1.5249326488087078,41890.6857,52475.0289,131248.2348,111954.9012,20,20
hyperliquid,CBRS,xyz:CBRS,20,1790655299191,398,196.735,1.5250101667341198,75443.1777,77705.6581,133094.1905,125272.7091,20,20
hyperliquid,CBRS,xyz:CBRS,21,1790655358787,817,196.76999999999998,1.0164667615364387,45063.2386,73761.50289999999,112168.129,126559.09850000001,20,20
hyperliquid,CBRS,xyz:CBRS,22,1790655419216,596,196.765,1.524777636594532,51530.1166,73761.8937,125728.18,101555.9497,20,20
hyperliquid,CBRS,xyz:CBRS,23,1790655479204,510,196.875,0.5079494082393943,63891.8002,66452.1094,113150.09999999999,137946.57630000002,20,20
hyperliquid,CBRS,xyz:CBRS,24,1790655539660,739,196.935,0.5077946478437845,61833.063,88201.0679,114819.8853,151240.6293,20,20
hyperliquid,CBRS,xyz:CBRS,25,1790655599481,654,197.0,2.030663011474143,35365.0172,99992.8579,109843.2753,145391.3132,20,20
hyperliquid,CBRS,xyz:CBRS,26,1790655659154,694,196.985,1.5230745798855416,48655.3342,56965.6286,126727.8875,114246.8153,20,20
hyperliquid,CBRS,xyz:CBRS,27,1790655719559,439,197.07999999999998,2.029838627828351,46921.479999999996,94545.6793,123831.2843,157859.3888,20,20
hyperliquid,CBRS,xyz:CBRS,28,1790655779228,278,197.055,1.522533495736944,54871.8128,72081.7847,92768.5267,157988.2377,20,20
hyperliquid,CBRS,xyz:CBRS,29,1790655839320,809,197.025,0.507562683991214,56757.9421,42466.5092,126551.2322,153359.371,20,20
hyperliquid,CBRS,xyz:CBRS,30,1790655899845,381,197.10000000000002,2.0296326364932504,40326.8664,64123.5216,86074.48389999999,154952.1716,20,20
hyperliquid,CBRS,xyz:CBRS,31,1790655959604,658,197.10500000000002,1.522147242376537,68063.1593,72935.7122,122765.5288,159564.7389,20,20
hyperliquid,CBRS,xyz:CBRS,32,1790656019823,712,196.99,3.0463038180350566,20759.7147,15716.7958,92603.3351,103736.3732,20,20
hyperliquid,CBRS,xyz:CBRS,33,1790656079349,685,196.93,2.031384896652444,71941.3997,81517.0668,125461.59629999999,170452.3956,20,20
hyperliquid,CBRS,xyz:CBRS,34,1790656139387,368,196.97,2.0309723280020897,43715.0956,56551.488900000004,86442.8621,172368.4725,20,20
hyperliquid,ARM,xyz:ARM,0,1790654099053,332,282.345,2.4795437639468787,45169.8695,33367.7217,123575.5135,83254.2478,20,20
hyperliquid,ARM,xyz:ARM,1,1790654159574,282,282.16499999999996,3.1901318587834737,71858.0302,39324.1111,98921.9302,70685.3076,20,20
hyperliquid,ARM,xyz:ARM,2,1790654219253,391,281.97,2.128112364332413,77880.7473,48519.9092,150084.3175,57836.2768,20,20
hyperliquid,ARM,xyz:ARM,3,1790654279363,592,281.905,1.7738044557980004,76000.96029999999,37331.8429,109543.245,79168.8636,20,20
hyperliquid,ARM,xyz:ARM,4,1790654339123,338,281.85,2.129018522460946,66900.3013,35695.7926,90381.3067,69073.41040000001,20,20
hyperliquid,ARM,xyz:ARM,5,1790654399116,625,281.945,3.192621496985737,40872.149600000004,46281.9504,105481.3546,73174.0025,20,20
hyperliquid,ARM,xyz:ARM,6,1790654459175,593,281.885,3.193301163781914,57649.435999999994,46260.9264,92872.2164,67435.6296,20,20
hyperliquid,ARM,xyz:ARM,7,1790654519083,623,282.135,2.481389578163906,63758.9738,62478.1904,109031.9706,97407.9014,20,20
hyperliquid,ARM,xyz:ARM,8,1790654579481,327,281.97,3.547105561860775,77746.7331,48623.8664,123767.3564,107255.456,20,20
hyperliquid,ARM,xyz:ARM,9,1790654639168,797,281.65999999999997,2.8407073361269575,52546.111600000004,47548.062600000005,139131.3973,60386.298,20,20
hyperliquid,ARM,xyz:ARM,10,1790654699226,734,281.68,2.8405056100000436,56036.861899999996,35614.8157,118631.9771,49914.4905,20,20
hyperliquid,ARM,xyz:ARM,11,1790654759322,445,281.89,3.5481124042013867,62789.1379,45867.2757,148477.9174,79924.8514,20,20
hyperliquid,ARM,xyz:ARM,12,1790654819732,563,282.05499999999995,2.4820934685476637,46049.0489,48238.3909,92482.6216,62277.6261,20,20
hyperliquid,ARM,xyz:ARM,13,1790654879481,788,281.93,4.257281725619233,56314.064300000005,22860.3445,126070.2938,47489.6769,20,20
hyperliquid,ARM,xyz:ARM,14,1790654939673,309,281.745,2.484824819850573,49952.4047,52494.968700000005,99853.98049999999,80911.6409,20,20
hyperliquid,ARM,xyz:ARM,15,1790654999574,386,281.97,2.8375837973948492,26150.1863,42810.501,104900.4287,88173.05759999999,20,20
hyperliquid,ARM,xyz:ARM,16,1790655059792,412,282.07,1.418188264490361,46504.0692,48949.777,92681.11540000001,57646.6717,20,20
hyperliquid,ARM,xyz:ARM,17,1790655119701,379,281.395,0.3553786559584715,69519.7875,44042.6435,116978.7382,92640.628,20,20
hyperliquid,ARM,xyz:ARM,18,1790655179488,562,281.445,3.198294243071942,92711.4107,41742.1105,177947.0934,101833.9654,20,20
hyperliquid,ARM,xyz:ARM,19,1790655239257,529,281.81,1.4194967883862653,46840.843499999995,51269.276000000005,96604.3379,101748.0071,20,20
hyperliquid,ARM,xyz:ARM,20,1790655299242,449,281.855,0.3547986517649093,30331.5003,62101.6377,85811.6546,67821.23790000001,20,20
hyperliquid,ARM,xyz:ARM,21,1790655358861,349,281.765,1.7746858806000354,38565.835699999996,32946.2481,116079.4271,58672.0029,20,20
hyperliquid,ARM,xyz:ARM,22,1790655419213,593,281.84000000000003,2.838892831795725,35731.6806,49480.475399999996,107154.8513,75069.2204,20,20
hyperliquid,ARM,xyz:ARM,23,1790655479214,520,281.95000000000005,1.418791898699645,35584.9201,38465.8501,158884.578,57068.5105,20,20
hyperliquid,ARM,xyz:ARM,24,1790655539768,299,281.98,2.837483152442477,36136.8562,45709.0357,119647.5788,68828.4045,20,20
hyperliquid,ARM,xyz:ARM,25,1790655599478,651,282.12,2.836074872378802,38221.5565,38254.4804,134502.2914,78996.6357,20,20
hyperliquid,ARM,xyz:ARM,26,1790655659186,726,281.94,4.257130693912092,59788.639,41313.5098,119485.7673,91447.83260000001,20,20
hyperliquid,ARM,xyz:ARM,27,1790655719622,502,281.935,3.1927347546933937,59429.2631,43922.705200000004,110901.256,111637.72170000001,20,20
hyperliquid,ARM,xyz:ARM,28,1790655779238,288,281.95500000000004,2.4829738933029866,56820.1184,58262.003800000006,121718.1463,105025.9034,20,20
hyperliquid,ARM,xyz:ARM,29,1790655839321,810,281.76,2.1296986476415647,101418.7323,42013.197,145525.5398,84350.5661,20,20
hyperliquid,ARM,xyz:ARM,30,1790655899842,378,282.04499999999996,2.4821814829256716,26950.8639,69400.2386,89433.4622,118448.5442,20,20
hyperliquid,ARM,xyz:ARM,31,1790655959631,685,281.92499999999995,2.4832381425365924,67709.6229,42536.6727,114591.10699999999,56464.8333,20,20
hyperliquid,ARM,xyz:ARM,32,1790656019865,286,281.94000000000005,2.128338831541843,59194.4905,47078.3789,133533.7489,72082.1912,20,20
hyperliquid,ARM,xyz:ARM,33,1790656079418,754,281.79499999999996,2.484383872798368,98300.2366,43610.4885,101095.5316,79952.1103,20,20
hyperliquid,ARM,xyz:ARM,34,1790656139411,392,281.815,1.7743709854833867,41536.4228,47746.585999999996,139726.2832,104683.9828,20,20
hyperliquid,GBPUSD,xyz:GBP,0,1790654099203,482,1.3245,6.041839740200672,148654.0772,143160.8789,401619.0453,458232.34479999996,20,20
hyperliquid,GBPUSD,xyz:GBP,1,1790654159571,279,1.3243,7.5540111799354825,164618.209,149541.419,394270.749,332400.4814,20,20
hyperliquid,GBPUSD,xyz:GBP,2,1790654219265,403,1.3243,6.042752473751634,165603.63929999998,159839.8629,401524.64629999996,338380.89519999997,20,20
hyperliquid,GBPUSD,xyz:GBP,3,1790654279386,615,1.3243,6.042752473751634,165602.316,159799.9113,395526.216,458151.9592,20,20
hyperliquid,GBPUSD,xyz:GBP,4,1790654339221,436,1.3242,6.04320894394883,165603.35239999997,159825.86,395520.3622,332372.3704,20,20
hyperliquid,GBPUSD,xyz:GBP,5,1790654399188,697,1.3243,6.042752473751634,170611.5553,159540.2456,913963.2620999999,819308.2517,20,20
hyperliquid,GBPUSD,xyz:GBP,6,1790654459197,615,1.3243,6.042752473751634,161236.375,160111.04919999998,521247.767,458329.3161,20,20
hyperliquid,GBPUSD,xyz:GBP,7,1790654519120,660,1.32395,9.823925035896686,159892.58,154530.2607,618909.2177,338553.3248,20,20
hyperliquid,GBPUSD,xyz:GBP,8,1790654579636,482,1.3243,6.042752473751634,165613.4515,160110.1017,401433.4707,338517.353,20,20
hyperliquid,GBPUSD,xyz:GBP,9,1790654639216,303,1.3243,6.042752473751634,160612.5109,160110.479,521253.5083,458334.7459,20,20
hyperliquid,GBPUSD,xyz:GBP,10,1790654699223,731,1.3241,7.555152614082683,159910.3278,159529.8682,519929.2311,458374.5159,20,20
hyperliquid,GBPUSD,xyz:GBP,11,1790654759356,479,1.3244,6.042296072505948,148643.2247,160126.90529999998,395448.101,458351.1722,20,20
hyperliquid,GBPUSD,xyz:GBP,12,1790654819803,634,1.3245,6.041839740200672,143653.3292,148122.6171,401484.3551,656369.1511,20,20
hyperliquid,GBPUSD,xyz:GBP,13,1790654879570,877,1.32465,5.285811372044424,10038.573400000001,148089.3274,400199.7876,656335.8613999999,20,20
hyperliquid,GBPUSD,xyz:GBP,14,1790654939803,439,1.3246,6.04138347681582,147368.56989999997,148082.7024,400200.3567,656329.2363999999,20,20
hyperliquid,GBPUSD,xyz:GBP,15,1790654999571,383,1.32455,5.2862105422146755,147378.1923,147820.3287,394219.2734,338557.4591,20,20
hyperliquid,GBPUSD,xyz:GBP,16,1790655059925,545,1.32455,5.2862105422146755,142368.0095,147859.1583,394208.5186,671944.9945,20,20
hyperliquid,GBPUSD,xyz:GBP,17,1790655119764,442,1.32455,5.2862105422146755,142367.6319,147861.4069,394208.141,338598.53729999997,20,20
hyperliquid,GBPUSD,xyz:GBP,18,1790655179521,595,1.32455,5.2862105422146755,142367.6319,148127.9191,394208.141,656374.4531,20,20
hyperliquid,GBPUSD,xyz:GBP,19,1790655239300,572,1.3245,6.041839740200672,142357.6289,165168.4189,394180.398,672241.6751,20,20
hyperliquid,GBPUSD,xyz:GBP,20,1790655299246,453,1.32455,5.2862105422146755,143691.7319,148130.5698,395527.053,656387.7117999999,20,20
hyperliquid,GBPUSD,xyz:GBP,21,1790655358933,421,1.3245,6.041839740200672,142367.6289,143116.8339,394190.398,672211.7251,20,20
hyperliquid,GBPUSD,xyz:GBP,22,1790655419223,603,1.3244500000000001,5.286609772674478,142367.6289,142538.3798,394190.398,656413.1174,20,20
hyperliquid,GBPUSD,xyz:GBP,23,1790655479219,525,1.3245,6.041839740200672,142357.6289,143156.5809,394180.398,672251.4721,20,20
hyperliquid,GBPUSD,xyz:GBP,24,1790655539852,383,1.3244500000000001,6.797583081570302,5038.957200000001,159805.9743,393950.822,338270.47479999997,20,20
hyperliquid,GBPUSD,xyz:GBP,25,1790655599565,738,1.3244,6.042296072505948,137348.9572,160156.5023,393962.7288,338621.7977,20,20
hyperliquid,GBPUSD,xyz:GBP,26,1790655659383,398,1.32435,5.287009063443815,138672.8572,159539.8654,395276.1488,338621.6113,20,20
hyperliquid,GBPUSD,xyz:GBP,27,1790655719684,564,1.32435,5.287009063443815,137348.9572,164539.6544,393962.7288,332622.2644,20,20
hyperliquid,GBPUSD,xyz:GBP,28,1790655779224,274,1.32435,5.287009063443815,138673.0474,164529.6514,395276.339,332316.7447,20,20
hyperliquid,GBPUSD,xyz:GBP,29,1790655839330,819,1.32435,5.287009063443815,137349.1474,164529.0813,393962.919,332614.3427,20,20
hyperliquid,GBPUSD,xyz:GBP,30,1790655899883,419,1.3244500000000001,5.286609772674478,138683.1504,165165.9121,395286.442,338632.59229999996,20,20
hyperliquid,GBPUSD,xyz:GBP,31,1790655959789,294,1.3244,6.042296072505948,137349.1474,165155.53399999999,393962.919,332632.41349999997,20,20
hyperliquid,GBPUSD,xyz:GBP,32,1790656020000,421,1.3244,6.042296072505948,137349.1474,165154.20909999998,393828.6991,326165.432,20,20
hyperliquid,GBPUSD,xyz:GBP,33,1790656079419,755,1.3244500000000001,5.286609772674478,5039.1503999999995,165162.88259999998,393828.7021,326174.1055,20,20
hyperliquid,GBPUSD,xyz:GBP,34,1790656139415,396,1.3244500000000001,5.286609772674478,137359.1504,165162.88259999998,393838.7021,326174.1055,20,20
hyperliquid,SPCX,xyz:SPCX,0,1790654099250,529,145.805,0.6858710562407389,1579616.9762,1341343.8013,2050231.1699,2071661.575,20,20
hyperliquid,SPCX,xyz:SPCX,1,1790654159729,437,145.785,0.6859651529689259,1527664.4949,1413900.9386,1929095.2533,1867033.3978,20,20
hyperliquid,SPCX,xyz:SPCX,2,1790654219360,498,145.805,0.6858710562407389,1330619.6506,1533099.6029,1749081.7299,2099291.2459,20,20
hyperliquid,SPCX,xyz:SPCX,3,1790654279471,700,145.805,0.6858710562407389,1330465.0197,1544857.7011,1769324.0924,2119260.3903,20,20
hyperliquid,SPCX,xyz:SPCX,4,1790654339309,524,145.785,0.6859651529689259,1482202.3627,1363263.1137,1920702.0655,2101490.2643,20,20
hyperliquid,SPCX,xyz:SPCX,5,1790654399296,805,145.785,0.6859651529689259,1501703.1409,1408320.9998,1921447.9277000001,2091750.4894,20,20
hyperliquid,SPCX,xyz:SPCX,6,1790654459294,712,145.775,0.6860122110174949,1458923.8704,1350486.8096999999,1901117.9253,2002685.4161999999,20,20
hyperliquid,SPCX,xyz:SPCX,7,1790654519220,760,145.775,0.6860122110174949,1459246.9496,1354123.7647,1913118.0884999998,2005922.6476,20,20
hyperliquid,SPCX,xyz:SPCX,8,1790654579640,486,145.775,0.6860122110174949,1438633.1261,1353554.1056,1902281.9795,2053312.8917,20,20
hyperliquid,SPCX,xyz:SPCX,9,1790654639303,390,145.765,0.686059275523121,1451815.9996,1328117.7031,1945977.8461,2153626.392,20,20
hyperliquid,SPCX,xyz:SPCX,10,1790654699313,821,145.765,0.686059275523121,1436357.4638,1338081.6563,1905161.0163,2195633.5412,20,20
hyperliquid,SPCX,xyz:SPCX,11,1790654759507,630,145.735,0.6862005077890032,1741692.4926,1137751.538,1991722.8978,1906155.2933,20,20
hyperliquid,SPCX,xyz:SPCX,12,1790654819871,702,145.745,0.6861534239055445,1548631.1467,1224993.4898,1958637.7545999999,2259939.9127,20,20
hyperliquid,SPCX,xyz:SPCX,13,1790654879676,380,145.725,0.6862475981317395,1672681.491,1257621.6378000001,2031341.7399,1934803.9963,20,20
hyperliquid,SPCX,xyz:SPCX,14,1790654939811,447,145.715,0.6862946949404147,1724174.2412,1180810.8006,2044695.3346,1877757.8225,20,20
hyperliquid,SPCX,xyz:SPCX,15,1790654999671,483,145.745,0.6861534239055445,1513009.1817,1287144.1896,1926159.5229,2144002.4578,20,20
hyperliquid,SPCX,xyz:SPCX,16,1790655059933,553,145.745,0.6861534239055445,1521069.8605,1306442.3617,1952957.0151,2165819.9222999997,20,20
hyperliquid,SPCX,xyz:SPCX,17,1790655119890,568,145.765,0.686059275523121,1248870.5855,1484533.882,1814215.045,2220099.3229,20,20
hyperliquid,SPCX,xyz:SPCX,18,1790655179612,686,145.765,0.686059275523121,1245398.9816,1483512.6621,1810752.1759,2220690.74,20,20
hyperliquid,SPCX,xyz:SPCX,19,1790655239453,725,145.765,0.686059275523121,1271808.0864,1505474.782,1806410.226,2218396.0203,20,20
hyperliquid,SPCX,xyz:SPCX,20,1790655299391,598,145.785,0.6859651529689259,1255052.9342999998,1568594.5412,1720381.2994,2135164.7414,20,20
hyperliquid,SPCX,xyz:SPCX,21,1790655358981,469,145.835,0.6857299595419697,1260370.6639,1634020.0892,1713824.7162,2126347.455,20,20
hyperliquid,SPCX,xyz:SPCX,22,1790655419412,792,145.835,0.6857299595419697,1270718.3401,1622078.1707,1725976.121,2116020.2826,20,20
hyperliquid,SPCX,xyz:SPCX,23,1790655479408,714,145.865,0.6855889208834398,1542927.8557,1695849.0544,1863240.7918,2142433.4948,20,20
hyperliquid,SPCX,xyz:SPCX,24,1790655539857,388,145.875,0.6855419208884328,1538503.3471,1417149.8734,1968740.6031,2051140.8046,20,20
hyperliquid,SPCX,xyz:SPCX,25,1790655599676,312,145.875,0.6855419208884328,1576566.0621,1426118.1342,1970619.5544999999,2046617.3268,20,20
hyperliquid,SPCX,xyz:SPCX,26,1790655659419,434,145.885,0.6854949273371602,1376977.1646,1671127.7460999999,1927632.0352999999,2086570.8952,20,20
hyperliquid,SPCX,xyz:SPCX,27,1790655719752,632,145.915,0.6853539853324264,1361112.1365,1319545.389,2030489.8722,1902300.2300999998,20,20
hyperliquid,SPCX,xyz:SPCX,28,1790655779424,474,145.915,0.6853539853324264,1357237.4117,1381669.8247,2030214.4314,1954287.4078,20,20
hyperliquid,SPCX,xyz:SPCX,29,1790655839525,410,145.875,0.6855419208884328,1763697.5597,1072718.9754,2139145.7101000003,1570513.4886,20,20
hyperliquid,SPCX,xyz:SPCX,30,1790655900039,575,145.885,0.6854949273371602,1491704.9247,1514002.3405,2086744.0086,2030465.7997,20,20
hyperliquid,SPCX,xyz:SPCX,31,1790655959798,303,145.885,0.6854949273371602,1526188.0264,1199238.7699,2097123.4416,1983029.3728,20,20
hyperliquid,SPCX,xyz:SPCX,32,1790656020027,448,145.875,0.6855419208884328,1679507.4048000001,1278354.9703,2107909.9389,2070269.3764,20,20
hyperliquid,SPCX,xyz:SPCX,33,1790656079528,332,145.875,0.6855419208884328,1663646.6935,1266365.2800999999,2092101.5692,2071425.7846,20,20
hyperliquid,SPCX,xyz:SPCX,34,1790656139587,568,145.89499999999998,0.6854479402296221,1473311.5379,1299655.8152,1999386.2945,2010152.7965000002,20,20
hyperliquid,MINIMAX,xyz:MINIMAX,0,1790654099395,674,31.535,2.5371856268452397,25853.32561,13932.14877,63566.37569,23533.52137,20,20
hyperliquid,MINIMAX,xyz:MINIMAX,1,1790654159788,496,31.5175,4.125543461013237,28195.996740000002,25779.94813,38186.68316,35704.49429,20,20
hyperliquid,MINIMAX,xyz:MINIMAX,2,1790654219453,591,31.5335,3.488962192337297,23496.604779999998,26692.58237,42395.1552,33173.26274,20,20
hyperliquid,MINIMAX,xyz:MINIMAX,3,1790654279577,806,31.5235,3.4900691668249273,20449.7314,31576.2262,33428.32327,33395.38802,20,20
hyperliquid,MINIMAX,xyz:MINIMAX,4,1790654339407,622,31.5245,3.4899584377678927,24268.06489,29820.7569,34701.88275,37214.07057,20,20
hyperliquid,MINIMAX,xyz:MINIMAX,5,1790654399398,363,31.5235,4.124758067074463,19340.74316,24979.16021,28054.70304,28260.88068,20,20
hyperliquid,MINIMAX,xyz:MINIMAX,6,1790654459471,356,31.479,2.541699761715588,24972.66687,15923.93798,32669.68335,23259.23387,20,20
hyperliquid,MINIMAX,xyz:MINIMAX,7,1790654519304,324,31.505000000000003,1.2697203440947824,20123.04206,21179.79973,26230.98128,24293.65817,20,20
hyperliquid,MINIMAX,xyz:MINIMAX,8,1790654579983,829,31.491999999999997,3.175913869215563,19420.73016,18279.705459999997,29390.532180000002,20749.08214,20,20
hyperliquid,MINIMAX,xyz:MINIMAX,9,1790654639409,496,31.485,3.176620076237313,18129.65262,19407.849159999998,25625.57647,24817.43179,20,20
hyperliquid,MINIMAX,xyz:MINIMAX,10,1790654699438,411,31.476,3.813155386083178,18805.50506,19600.76528,25666.96652,22789.9372,20,20
hyperliquid,MINIMAX,xyz:MINIMAX,11,1790654759553,676,31.468,3.178336458697917,15477.59977,20838.35383,23006.72109,28199.54893,20,20
hyperliquid,MINIMAX,xyz:MINIMAX,12,1790654819925,756,31.471,3.1780334329112314,20318.5478,22152.70551,27768.13857,28665.136710000002,20,20
hyperliquid,MINIMAX,xyz:MINIMAX,13,1790654879773,477,31.4695,4.131837396306182,20092.11173,16624.46511,27558.725039999998,33296.54165,20,20
hyperliquid,MINIMAX,xyz:MINIMAX,14,1790654939985,621,31.471,3.1780334329112314,19453.65136,16626.01784,25521.42669,24847.610360000002,20,20
hyperliquid,MINIMAX,xyz:MINIMAX,15,1790654999773,585,31.4005,5.415392456675772,17856.5857,14641.77771,25338.18016,23503.692479999998,20,20
hyperliquid,MINIMAX,xyz:MINIMAX,16,1790655059993,613,31.285,2.5574629967084483,23420.12793,8811.53968,31400.3453,24527.43311,20,20
hyperliquid,MINIMAX,xyz:MINIMAX,17,1790655119952,630,31.336,1.2765685836479967,19394.2897,8726.87707,32107.87013,22869.05838,20,20
hyperliquid,MINIMAX,xyz:MINIMAX,18,1790655179724,798,31.3415,4.787132188677212,15044.69799,14311.84312,30851.353909999998,23242.54053,20,20
hyperliquid,MINIMAX,xyz:MINIMAX,19,1790655239502,774,31.3515,4.785604900459095,13856.00708,11553.49145,32189.22514,21708.36753,20,20
hyperliquid,MINIMAX,xyz:MINIMAX,20,1790655299427,634,31.3515,4.785604900459095,13958.56454,13321.646920000001,32033.96124,21712.4336,20,20
hyperliquid,MINIMAX,xyz:MINIMAX,21,1790655359047,535,31.364,3.1888771963384244,18667.234,9965.48852,32232.809400000002,17230.97844,20,20
hyperliquid,MINIMAX,xyz:MINIMAX,22,1790655419416,796,31.383499999999998,3.5056408948941353,20366.34741,7130.48099,35403.81275,24921.75822,20,20
hyperliquid,MINIMAX,xyz:MINIMAX,23,1790655479414,720,31.384999999999998,4.461724775319809,18787.45697,8396.34636,32236.41436,25510.562280000002,20,20
hyperliquid,MINIMAX,xyz:MINIMAX,24,1790655539970,501,31.363500000000002,3.5078767778551345,18186.52028,10396.40427,30945.00173,24858.21197,20,20
hyperliquid,MINIMAX,xyz:MINIMAX,25,1790655599756,392,31.3825,3.5057526213466694,18399.394549999997,6634.13921,32261.79937,24416.54808,20,20
hyperliquid,MINIMAX,xyz:MINIMAX,26,1790655659581,596,31.3735,4.144483055439352,13849.76708,10971.74433,27377.087190000002,26839.181930000002,20,20
hyperliquid,MINIMAX,xyz:MINIMAX,27,1790655719886,766,31.3735,4.144483055439352,13799.89355,10971.74433,27327.21366,30089.80396,20,20
hyperliquid,MINIMAX,xyz:MINIMAX,28,1790655779418,468,31.372,4.463574047506302,14566.74242,8956.38078,27316.00549,23819.39777,20,20
hyperliquid,MINIMAX,xyz:MINIMAX,29,1790655839522,407,31.357,4.465709728866951,14571.32352,11916.66121,32037.79304,23933.39136,20,20
hyperliquid,MINIMAX,xyz:MINIMAX,30,1790655900077,613,31.3585,4.146465935186416,14518.80321,13284.045,28704.63764,21913.17155,20,20
hyperliquid,MINIMAX,xyz:MINIMAX,31,1790655959853,358,31.3735,3.5067584799808316,18524.69878,7980.99678,32517.25078,25421.923319999998,20,20
hyperliquid,MINIMAX,xyz:MINIMAX,32,1790656020119,540,31.3735,3.5067584799808316,18524.69878,7980.99678,32514.7453,25622.08146,20,20
hyperliquid,MINIMAX,xyz:MINIMAX,33,1790656079612,416,31.3675,5.421091233777098,18445.20201,10318.687680000001,29728.12,25592.72959,20,20
hyperliquid,MINIMAX,xyz:MINIMAX,34,1790656139621,602,31.3675,5.421091233777098,18445.20201,10318.687680000001,29728.12,25592.72959,20,20
hyperliquid,BB,xyz:BB,0,1790654099450,729,8.73205,3.5507702880699377,24796.01668,8218.87458,49658.02544,24623.085759999998,20,20
hyperliquid,BB,xyz:BB,1,1790654159772,480,8.7397,3.8910505836575737,792.19831,18493.10836,31501.352010000002,57331.099859999995,20,20
hyperliquid,BB,xyz:BB,2,1790654219549,687,8.73065,4.697202300483205,31746.418680000002,4737.730339999999,48454.32007,33285.55481,20,20
hyperliquid,BB,xyz:BB,3,1790654279611,840,8.7331,4.581324231769379,782.91051,11824.992919999999,46005.98754,53982.22599,20,20
hyperliquid,BB,xyz:BB,4,1790654339499,714,8.71165,1.951600312255497,7202.948509999999,4454.21081,50825.936839999995,21800.81595,20,20
hyperliquid,BB,xyz:BB,5,1790654399476,441,8.7167,3.67178804603574,19065.551219999998,11424.48006,51716.798109999996,52032.6463,20,20
hyperliquid,BB,xyz:BB,6,1790654459461,346,8.70275,1.4938922788765296,9211.51556,4507.04815,40417.39025,53494.373159999996,20,20
hyperliquid,BB,xyz:BB,7,1790654519421,441,8.7073,4.594901956280761,834.57793,11203.68605,10850.03363,72194.52189,20,20
hyperliquid,BB,xyz:BB,8,1790654579953,799,8.70795,3.1010957204880008,10524.76935,11403.143740000001,62175.457989999995,86565.68736,20,20
hyperliquid,BB,xyz:BB,9,1790654639446,533,8.70775,0.11484088795032932,9501.66993,6544.3473,40599.75998,95910.15113,20,20
hyperliquid,BB,xyz:BB,10,1790654699434,407,8.709150000000001,3.3303857505417866,895.71,8956.69131,21625.79392,41320.34513,20,20
hyperliquid,BB,xyz:BB,11,1790654759694,817,8.69495,0.11500994836044498,20272.82001,964.65268,67505.43871,14288.751059999999,20,20
hyperliquid,BB,xyz:BB,12,1790654819993,279,8.69665,5.405840608214696,29149.53728,631.74618,50002.010369999996,34308.33029,20,20
hyperliquid,BB,xyz:BB,13,1790654879838,542,8.69445,0.11501656238532831,11593.12533,874.20415,55889.43619,29329.741579999998,20,20
hyperliquid,BB,xyz:BB,14,1790654939981,617,8.704450000000001,1.2638012844812252,798.67285,19028.2542,26509.466689999997,51046.93156999999,20,20
hyperliquid,BB,xyz:BB,15,1790654999770,582,8.70985,2.6410371237961527,816.5641099999999,19579.66161,26878.25637,51082.264149999995,20,20
hyperliquid,BB,xyz:BB,16,1790655060126,746,8.70655,1.2634964392388426,5634.60897,11442.75095,38073.40452,42610.34912,20,20
hyperliquid,BB,xyz:BB,17,1790655120084,762,8.69815,1.264716703459623,21819.50572,4960.87454,49375.47286,31562.68969,20,20
hyperliquid,BB,xyz:BB,18,1790655180051,577,8.707049999999999,2.182377872985697,1034.70653,15086.76976,31645.42039,57816.00219,20,20
hyperliquid,BB,xyz:BB,19,1790655239493,765,8.70775,2.8714179061606337,997.3679999999999,12225.74761,20967.168999999998,59299.79475,20,20
hyperliquid,BB,xyz:BB,20,1790655299491,698,8.69975,1.9542700801244983,20945.46472,1124.60664,47821.13747,17902.93155,20,20
hyperliquid,BB,xyz:BB,21,1790655359119,607,8.7033,1.6087146370047378,4009.85262,10469.860400000001,22331.50763,56205.288100000005,20,20
hyperliquid,BB,xyz:BB,22,1790655419489,869,8.70045,4.713510530673926,12813.849339999999,3826.8612000000003,51316.19534,8762.04966,20,20
hyperliquid,BB,xyz:BB,23,1790655479475,781,8.69985,4.943835726687329,21357.43923,12605.083719999999,42650.14586,39686.16442,20,20
hyperliquid,BB,xyz:BB,24,1790655539966,497,8.700050000000001,4.9437220478498745,21297.78443,10639.52924,42783.80612,28804.50378,20,20
hyperliquid,BB,xyz:BB,25,1790655599872,508,8.713799999999999,2.525049640180743,1144.41809,7850.5898099999995,22406.17862,54578.93575,20,20
hyperliquid,BB,xyz:BB,26,1790655659584,599,8.70255,3.562808872543677,20946.968240000002,1281.81816,49208.60921,18190.114419999998,20,20
hyperliquid,BB,xyz:BB,27,1790655719872,752,8.70885,0.11482638250903676,3561.9379400000003,7649.10427,16153.219120000002,54127.62171,20,20
hyperliquid,BB,xyz:BB,28,1790655779858,908,8.70885,0.11482638250903676,1452.86076,7649.10427,11456.83634,58302.886790000004,20,20
hyperliquid,BB,xyz:BB,29,1790655839639,524,8.69385,1.7255064361387795,28869.922319999998,10691.29366,47290.48809,12187.848799999998,20,20
hyperliquid,BB,xyz:BB,30,1790655900101,637,8.70335,3.792362411942918,9134.32703,10163.018510000002,24110.25659,55211.68437,20,20
hyperliquid,BB,xyz:BB,31,1790655959991,496,8.70315,4.022341232445825,8838.73213,14600.908650000001,39062.33576,66572.12173,20,20
hyperliquid,BB,xyz:BB,32,1790656020203,624,8.697,2.989983555090614,5661.62717,7998.66779,24996.09069,75306.40574,20,20
hyperliquid,BB,xyz:BB,33,1790656079714,518,8.6936,2.5309174575771642,6984.87118,10127.475460000001,43413.1726,26370.92513,20,20
hyperliquid,BB,xyz:BB,34,1790656139644,625,8.6991,3.2192418685417223,5687.227199999999,14131.950149999999,26277.40802,60576.288160000004,20,20
hyperliquid,QNT,xyz:QNT,0,1790654099427,706,49.044,11.016586082379654,2405.2902900000004,835.81051,3738.0843700000005,2709.70381,20,20
hyperliquid,QNT,xyz:QNT,1,1790654159819,527,49.028999999999996,4.896260481055403,286.74945,1505.1343,2107.95241,2927.86935,20,20
hyperliquid,QNT,xyz:QNT,2,1790654219563,701,48.964,9.807928075193928,376.8076,866.76822,2263.38873,2618.82765,20,20
hyperliquid,QNT,xyz:QNT,3,1790654279668,343,48.9795,10.009192115207899,604.5270899999999,192.58572,2025.84876,3121.69833,20,20
hyperliquid,QNT,xyz:QNT,4,1790654339508,723,48.979,9.804922888367873,391.12542999999994,510.16147,1844.4685299999999,2442.04666,20,20
hyperliquid,QNT,xyz:QNT,5,1790654399480,445,48.9645,3.4725059236850875,35.737880000000004,722.69296,1169.45596,2354.76313,20,20
hyperliquid,QNT,xyz:QNT,6,1790654459477,362,48.917500000000004,13.705916046149458,106.06876,413.64982,1955.8365000000001,2475.24205,20,20
hyperliquid,QNT,xyz:QNT,7,1790654519410,430,48.951499999999996,8.37914614457258,303.32756,238.02624000000003,1430.32845,2161.1604,20,20
hyperliquid,QNT,xyz:QNT,8,1790654579966,812,48.951499999999996,8.37914614457258,301.85987,192.45996000000002,1418.12532,2176.0108099999998,20,20
hyperliquid,QNT,xyz:QNT,9,1790654639488,575,48.952,8.174609662388033,334.15948000000003,192.45996000000002,1377.1825800000001,3117.72766,20,20
hyperliquid,QNT,xyz:QNT,10,1790654699508,481,48.952,8.174609662388033,295.99252,192.45996000000002,1304.2252700000001,2649.34405,20,20
hyperliquid,QNT,xyz:QNT,11,1790654759697,820,48.9705,12.873168638509735,243.70374,626.79201,1323.44305,2939.66369,20,20
hyperliquid,QNT,xyz:QNT,12,1790654820065,351,48.971000000000004,13.077504648644211,243.70374,431.75612,1323.44305,2325.0860900000002,20,20
hyperliquid,QNT,xyz:QNT,13,1790654879875,579,48.971000000000004,13.077504648644211,243.70374,431.75612,1330.76478,2321.64518,20,20
hyperliquid,QNT,xyz:QNT,14,1790654939997,633,48.9715,13.281840658778687,251.0487,432.30888,1338.10974,2178.6423,20,20
hyperliquid,QNT,xyz:QNT,15,1790654999865,677,48.944,19.224083277094017,2068.30449,50.46073,4277.53318,1581.5178799999999,20,20
hyperliquid,QNT,xyz:QNT,16,1790655060120,740,48.917500000000004,8.384972493200582,180.42992999999998,207.05902000000003,1968.26711,1401.12233,20,20
hyperliquid,QNT,xyz:QNT,17,1790655120090,768,48.9135,6.7488802994053465,180.42992999999998,252.56392000000002,3049.35578,1398.56803,20,20
hyperliquid,QNT,xyz:QNT,18,1790655179806,332,48.9135,6.7488802994053465,180.42992999999998,252.56392000000002,21723.69364,1425.2617500000001,20,20
hyperliquid,QNT,xyz:QNT,19,1790655239669,404,48.9255,11.657156880791053,180.42992999999998,85.68054000000001,17284.4865,1330.57253,20,20
hyperliquid,QNT,xyz:QNT,20,1790655299557,764,48.946,19.632704814103175,1887.95178,36.25556,5584.87152,1571.85354,20,20
hyperliquid,QNT,xyz:QNT,21,1790655359171,659,48.934,14.724528610576826,2068.38171,65.62646,4824.30471,1270.70207,20,20
hyperliquid,QNT,xyz:QNT,22,1790655419497,291,48.938,16.36058734508561,2068.38171,41.63706,3613.06089,1235.95175,20,20
hyperliquid,QNT,xyz:QNT,23,1790655479608,374,48.942499999999995,14.517349254707934,2067.78428,41.63706,3560.35477,1234.49189,20,20
hyperliquid,QNT,xyz:QNT,24,1790655540048,579,48.977999999999994,13.07563437257464,2670.04415,112.74156,4174.475280000001,1864.81927,20,20
hyperliquid,QNT,xyz:QNT,25,1790655599877,513,48.986000000000004,13.073497569147108,2267.8772200000003,109.81824,3859.57382,1287.10469,20,20
hyperliquid,QNT,xyz:QNT,26,1790655659615,630,48.987,12.664433368738681,2067.37332,109.81824,3873.2635999999998,1458.1524,20,20
hyperliquid,QNT,xyz:QNT,27,1790655719889,769,48.987,12.664433368738681,2067.37332,109.81824,4283.48512,955.93598,20,20
hyperliquid,QNT,xyz:QNT,28,1790655779776,826,48.987,12.664433368738681,2067.37332,109.81824,4070.65628,977.4006,20,20
hyperliquid,QNT,xyz:QNT,29,1790655839714,599,48.987,12.664433368738681,2067.37332,89.23068,4120.3923,956.81304,20,20
hyperliquid,QNT,xyz:QNT,30,1790655900127,663,48.987,12.664433368738681,2067.37332,89.23068,10587.55748,956.81304,20,20
hyperliquid,QNT,xyz:QNT,31,1790655959986,491,49.0025,16.54344185286538,258.00772,619.93123,8668.63235,1573.79796,20,20
hyperliquid,QNT,xyz:QNT,32,1790656020223,644,49.051500000000004,12.85189718482238,236.25397,2149.48857,3442.13162,4409.118930000001,20,20
hyperliquid,QNT,xyz:QNT,33,1790656079719,523,49.0305,12.857405253168253,336.60553000000004,69.17742,1713.98313,2173.20913,20,20
hyperliquid,QNT,xyz:QNT,34,1790656139787,768,49.0305,12.857405253168253,336.60553000000004,69.17742,3522.89694,2133.87953,20,20
hyperliquid,DELL,xyz:DELL,0,1790654099490,769,540.3,2.591488810321785,36786.060600000004,16314.073699999999,36786.060600000004,16314.073699999999,20,20
hyperliquid,DELL,xyz:DELL,1,1790654159919,627,540.0450000000001,2.03707476064352,43538.8745,36505.4195,81927.7153,37538.2606,20,20
hyperliquid,DELL,xyz:DELL,2,1790654219656,794,539.97,2.2225926543306684,81291.1689,25930.0443,81291.1689,25930.0443,20,20
hyperliquid,DELL,xyz:DELL,3,1790654279688,363,539.865,2.0377540245641868,43572.9902,46383.499200000006,97401.94119999999,47150.9774,20,20
hyperliquid,DELL,xyz:DELL,4,1790654339524,739,539.51,2.966093839795736,49120.0732,34293.2647,49120.0732,34293.2647,20,20
hyperliquid,DELL,xyz:DELL,5,1790654399510,475,539.8,1.8527095877729494,31190.5243,36994.9449,31336.1245,36994.9449,20,20
hyperliquid,DELL,xyz:DELL,6,1790654459608,493,539.6700000000001,1.853155924540495,23084.6578,20876.178300000003,23375.7745,20876.178300000003,20,20
hyperliquid,DELL,xyz:DELL,7,1790654519491,511,539.5699999999999,1.853499406880843,30843.517200000002,17961.6834,30843.517200000002,21785.8958,20,20
hyperliquid,DELL,xyz:DELL,8,1790654579969,815,539.515,1.6683040762210943,44173.7864,17549.2925,45688.184,19839.3007,20,20
hyperliquid,DELL,xyz:DELL,9,1790654639604,691,539.31,1.48348693604472,72664.0385,41766.5958,72664.0385,42668.1937,20,20
hyperliquid,DELL,xyz:DELL,10,1790654699622,595,539.2349999999999,2.040135019845124,34053.9412,38192.816600000006,34053.9412,38192.816600000006,20,20
hyperliquid,DELL,xyz:DELL,11,1790654759750,873,539.48,1.1122439521726868,21355.8552,43427.4181,21355.8552,47747.5781,20,20
hyperliquid,DELL,xyz:DELL,12,1790654820110,396,539.245,2.0400971828093972,48213.250700000004,31827.5325,48213.250700000004,42067.9388,20,20
hyperliquid,DELL,xyz:DELL,13,1790654879897,601,539.19,1.8548058018330593,38252.0066,30040.0447,38252.0066,30040.0447,20,20
hyperliquid,DELL,xyz:DELL,14,1790654940099,735,539.19,1.1128421989781145,40207.7612,28382.830700000002,40207.7612,28382.830700000002,20,20
hyperliquid,DELL,xyz:DELL,15,1790654999948,760,539.5799999999999,1.8534650529167251,18949.908,37283.6255,18949.908,37283.6255,20,20
hyperliquid,DELL,xyz:DELL,16,1790655060183,803,539.495,2.0391517128848236,29160.327100000002,36923.143599999996,29160.327100000002,37068.9544,20,20
hyperliquid,DELL,xyz:DELL,17,1790655120144,276,539.5699999999999,1.4827720423338242,24763.0857,41552.8245,24763.0857,41552.8245,20,20
hyperliquid,DELL,xyz:DELL,18,1790655180088,614,539.4849999999999,2.039189514857487,28905.6489,46000.0602,28905.6489,46723.7368,20,20
hyperliquid,DELL,xyz:DELL,19,1790655239686,421,539.565,2.038887138329226,33430.5031,37232.024,33430.5031,37232.024,20,20
hyperliquid,DELL,xyz:DELL,20,1790655299592,799,539.565,2.038887138329226,27923.6021,85490.0286,27923.6021,85490.0286,20,20
hyperliquid,DELL,xyz:DELL,21,1790655359211,699,539.5150000000001,2.039076113149463,30638.4039,52362.8485,30638.4039,52362.8485,20,20
hyperliquid,DELL,xyz:DELL,22,1790655419608,402,539.635,1.6679330602853426,27711.6181,49142.6754,27711.6181,49142.6754,20,20
hyperliquid,DELL,xyz:DELL,23,1790655479616,382,539.7349999999999,2.0382448858580204,30772.648400000002,82182.3632,30772.648400000002,92605.5759,20,20
hyperliquid,DELL,xyz:DELL,24,1790655540053,584,539.69,1.1118111403485287,27386.979300000003,96277.9648,27386.979300000003,116593.7488,20,20
hyperliquid,DELL,xyz:DELL,25,1790655599923,559,539.96,0.7408230544125871,25878.165399999998,35425.630300000004,25878.165399999998,35425.630300000004,20,20
hyperliquid,DELL,xyz:DELL,26,1790655659664,679,539.73,1.1117287381878782,38406.6401,33149.7109,38406.6401,34830.0696,20,20
hyperliquid,DELL,xyz:DELL,27,1790655719954,834,539.95,1.4817284362211858,25621.0295,45129.1748,25621.0295,45129.1748,20,20
hyperliquid,DELL,xyz:DELL,28,1790655779655,705,539.9449999999999,2.037452073571089,23146.8866,39843.052,23146.8866,39843.052,20,20
hyperliquid,DELL,xyz:DELL,29,1790655839718,603,539.8499999999999,2.22308675596139,22093.5047,40080.5968,22346.972999999998,42415.2381,20,20
hyperliquid,DELL,xyz:DELL,30,1790655900242,778,540.165,2.7773148919618684,20169.7342,34967.9573,29229.1966,34967.9573,20,20
hyperliquid,DELL,xyz:DELL,31,1790655960048,553,539.9200000000001,1.481810772765435,40281.8612,14500.4966,40281.8612,27067.4727,20,20
hyperliquid,DELL,xyz:DELL,32,1790656020219,640,540.0250000000001,2.037150212048644,32097.3751,29386.8701,32097.3751,29386.8701,20,20
hyperliquid,DELL,xyz:DELL,33,1790656079805,609,539.855,2.037791774731623,43034.3395,20973.228900000002,43034.3395,20973.228900000002,20,20
hyperliquid,DELL,xyz:DELL,34,1790656139829,810,539.99,2.2225103254136513,29936.7963,20406.6696,37704.8763,20406.6696,20,20
hyperliquid,AVGO,xyz:AVGO,0,1790654099586,865,348.735,2.007456266130969,160399.7713,42458.4118,160399.7713,60009.072,20,20
hyperliquid,AVGO,xyz:AVGO,1,1790654159966,674,348.71500000000003,2.581237273064918,176125.5889,55237.898499999996,182405.4379,70257.0057,20,20
hyperliquid,AVGO,xyz:AVGO,2,1790654219671,809,348.635,2.5818296566182397,159682.276,47594.4064,204826.7831,101395.7352,20,20
hyperliquid,AVGO,xyz:AVGO,3,1790654279770,445,348.58500000000004,2.008320183617407,162085.2054,36038.7029,162085.2054,81068.3343,20,20
hyperliquid,AVGO,xyz:AVGO,4,1790654339597,276,348.45000000000005,1.7220595832623253,176427.9251,37644.3993,183194.8367,74850.8097,20,20
hyperliquid,AVGO,xyz:AVGO,5,1790654399588,553,348.53499999999997,2.008608321377725,120445.0895,56822.200000000004,198370.9441,67711.369,20,20
hyperliquid,AVGO,xyz:AVGO,6,1790654459647,532,348.35,1.7225539733578543,167699.097,45637.584500000004,176321.1168,76355.9131,20,20
hyperliquid,AVGO,xyz:AVGO,7,1790654519493,513,348.41999999999996,1.7222078704892674,159628.0667,58850.7622,172135.9745,97639.3332,20,20
hyperliquid,AVGO,xyz:AVGO,8,1790654580158,475,348.37,2.8709232889312375,164563.4866,44485.3033,199292.2143,84042.073,20,20
hyperliquid,AVGO,xyz:AVGO,9,1790654639607,694,348.34000000000003,2.871170576241866,146292.4398,66060.2989,173677.57929999998,77561.0725,20,20
hyperliquid,AVGO,xyz:AVGO,10,1790654699629,602,348.33500000000004,2.5840535186194558,149820.9023,82651.2041,173186.7573,114800.2634,20,20
hyperliquid,AVGO,xyz:AVGO,11,1790654759770,285,348.325,2.584127713334272,153505.5191,43791.323599999996,163753.0774,64609.4506,20,20
hyperliquid,AVGO,xyz:AVGO,12,1790654820114,400,348.33000000000004,1.1484022853203157,164246.78710000002,47533.6999,174497.394,52415.219900000004,20,20
hyperliquid,AVGO,xyz:AVGO,13,1790654879969,673,348.325,2.584127713334272,160795.2371,44935.8416,166045.9462,85499.2549,20,20
hyperliquid,AVGO,xyz:AVGO,14,1790654940210,310,348.29499999999996,2.5843503230427167,164914.6398,58922.964100000005,182504.6389,61203.2659,20,20
hyperliquid,AVGO,xyz:AVGO,15,1790654999964,776,348.355,2.5839051419707104,160817.9987,55735.4278,165814.70429999998,78353.1491,20,20
hyperliquid,AVGO,xyz:AVGO,16,1790655060186,806,348.365,2.5838309600367815,164445.0981,37848.53,177548.8086,37848.53,20,20
hyperliquid,AVGO,xyz:AVGO,17,1790655120225,357,348.29499999999996,2.0099925343131098,170378.623,55219.2608,175378.5208,79924.7109,20,20
hyperliquid,AVGO,xyz:AVGO,18,1790655180042,568,348.29499999999996,2.0099925343131098,170691.74349999998,57749.2321,175691.6413,57801.5311,20,20
hyperliquid,AVGO,xyz:AVGO,19,1790655239691,426,348.35,2.871088142404332,159705.9536,45763.8961,170315.721,68604.6006,20,20
hyperliquid,AVGO,xyz:AVGO,20,1790655299618,293,348.315,2.5842019123101245,151228.1555,32264.097899999997,165959.872,32727.828999999998,20,20
hyperliquid,AVGO,xyz:AVGO,21,1790655359245,733,348.355,2.5839051419707104,150868.5691,31645.036,176538.3968,31645.036,20,20
hyperliquid,AVGO,xyz:AVGO,22,1790655419607,401,348.46500000000003,2.5830893748923778,111551.05129999999,82340.1861,184441.4314,82340.1861,20,20
hyperliquid,AVGO,xyz:AVGO,23,1790655479662,428,348.45500000000004,2.009069513804196,158780.6263,63848.180799999995,176844.9412,89915.3061,20,20
hyperliquid,AVGO,xyz:AVGO,24,1790655540171,702,348.54499999999996,1.4346378973950635,98083.84199999999,56521.9599,168079.9754,89981.2695,20,20
hyperliquid,AVGO,xyz:AVGO,25,1790655599952,588,348.605,2.0082049516600975,115331.5852,39687.0333,183913.7365,85393.5865,20,20
hyperliquid,AVGO,xyz:AVGO,26,1790655659797,812,348.52,2.2956841138643824,163264.54559999998,49757.1183,169102.0947,73080.935,20,20
hyperliquid,AVGO,xyz:AVGO,27,1790655720083,423,348.6,1.7213185299946865,151655.6905,91153.7152,167541.6818,102728.7099,20,20
hyperliquid,AVGO,xyz:AVGO,28,1790655779773,823,348.6,2.29515721826834,152185.3966,87014.8377,168071.3879,98642.1779,20,20
hyperliquid,AVGO,xyz:AVGO,29,1790655839745,630,348.515,2.5827187419280584,122002.307,44271.3712,164889.6905,57710.8575,20,20
hyperliquid,AVGO,xyz:AVGO,30,1790655900290,826,348.625,2.0080897329255443,164488.13760000002,69907.3343,175071.61000000002,85733.8633,20,20
hyperliquid,AVGO,xyz:AVGO,31,1790655960077,582,348.58000000000004,1.1475786091352802,161477.9842,39088.9705,178005.6831,53936.7596,20,20
hyperliquid,AVGO,xyz:AVGO,32,1790656020313,734,348.54499999999996,2.0085506872113967,166939.1955,42456.0221,172524.0955,64486.6656,20,20
hyperliquid,AVGO,xyz:AVGO,33,1790656079849,653,348.4,4.019177217007286,128273.2842,36942.8692,184680.2875,94446.0501,20,20
hyperliquid,AVGO,xyz:AVGO,34,1790656139837,818,348.41499999999996,2.0093001894472273,128138.36099999999,57972.458399999996,184841.0878,74058.8067,20,20
hyperliquid,NBIS,io:NBIS,0,1790654099637,310,230.04500000000002,3.043345941482478,4878.700699999999,12678.855699999998,5200.4041,55249.2004,20,20
hyperliquid,NBIS,io:NBIS,1,1790654160011,719,229.85,2.610738839090576,5396.9402,14246.4591,6494.2008,22385.077,20,20
hyperliquid,NBIS,io:NBIS,2,1790654219778,381,229.79500000000002,1.305596657672492,3803.5542,15804.0922,4742.3786,24865.5616,20,20
hyperliquid,NBIS,io:NBIS,3,1790654279870,545,229.72,0.8706630098820334,9274.9169,11080.903799999998,23607.6194,17230.4446,20,20
hyperliquid,NBIS,io:NBIS,4,1790654339696,375,229.555,1.3069617495853336,9695.0534,15267.6564,18507.5144,24954.4498,20,20
hyperliquid,NBIS,io:NBIS,5,1790654399676,641,229.635,0.43548316857489056,3632.1045999999997,5290.3997,6898.037499999999,15971.439300000002,20,20
hyperliquid,NBIS,io:NBIS,6,1790654459661,546,229.495,2.17893406545544,5852.169400000001,13315.7506,7188.389300000001,22320.9418,20,20
hyperliquid,NBIS,io:NBIS,7,1790654519604,624,229.63,2.613240418118945,2641.3909,10861.263,2907.4601,14597.1561,20,20
hyperliquid,NBIS,io:NBIS,8,1790654580167,484,229.64,0.8709663371520016,2384.1821999999997,10733.554900000001,5047.1354,16239.178500000002,20,20
hyperliquid,NBIS,io:NBIS,9,1790654639680,767,229.43,2.6155187445509043,1362.2058,10793.773,2888.3563999999997,14117.0776,20,20
hyperliquid,NBIS,io:NBIS,10,1790654699693,666,229.53,0.8713837574059191,3871.2697,13092.2181,4941.8408,36183.5506,20,20
hyperliquid,NBIS,io:NBIS,11,1790654759900,415,229.585,0.4355780120213204,2095.4231,10154.2081,2361.4227,56629.4571,20,20
hyperliquid,NBIS,io:NBIS,12,1790654820284,570,229.55,0.8713078330568891,3837.0628999999994,15540.1667,4103.0392999999995,41532.3276,20,20
hyperliquid,NBIS,io:NBIS,13,1790654880066,770,229.565,1.3069048137670514,1704.7164,20626.7957,4040.7699,30687.255,20,20
hyperliquid,NBIS,io:NBIS,14,1790654940248,348,229.54500000000002,2.178459393515908,3676.1347,16097.421100000001,8062.1367,25218.4556,20,20
hyperliquid,NBIS,io:NBIS,15,1790655000140,387,229.7,0.870738821889816,9428.4629,13983.555999999999,12452.7351,28109.439599999998,20,20
hyperliquid,NBIS,io:NBIS,16,1790655060309,394,229.70499999999998,1.306108232834724,6434.4166,15813.4205,11605.5178,20812.3161,20,20
hyperliquid,NBIS,io:NBIS,17,1790655120282,414,229.60000000000002,1.742312048087502,11718.1873,15123.211400000002,11842.039,30548.2612,20,20
hyperliquid,NBIS,io:NBIS,18,1790655180188,714,229.595,2.177984928344312,10449.449,28751.0831,13488.4501,62152.4723,20,20
hyperliquid,NBIS,io:NBIS,19,1790655239868,603,229.55,1.742691587156564,13895.0359,34342.7894,16251.9445,56714.8315,20,20
hyperliquid,NBIS,io:NBIS,20,1790655299748,423,229.63,1.7420844039883754,18310.6835,34401.0158,23229.6305,35594.5234,20,20
hyperliquid,NBIS,io:NBIS,21,1790655359356,308,229.67000000000002,1.7417809710429388,19912.5094,34634.2926,20398.89,75717.993,20,20
hyperliquid,NBIS,io:NBIS,22,1790655419693,487,229.675,2.177226213802008,14174.0305,29668.8287,15541.214,41304.929000000004,20,20
hyperliquid,NBIS,io:NBIS,23,1790655479809,575,229.66,1.7418568193705575,11832.5103,35483.4776,12433.584400000002,41339.5756,20,20
hyperliquid,NBIS,io:NBIS,24,1790655540252,783,229.655,0.4354452427612898,14130.630000000001,21568.906899999998,14649.119200000001,32411.8357,20,20
hyperliquid,NBIS,io:NBIS,25,1790655600064,700,229.94,2.6097168457228648,11772.3059,17471.5533,12098.435,23644.9111,20,20
hyperliquid,NBIS,io:NBIS,26,1790655659825,840,229.89499999999998,0.4349906477019161,14268.2135,13934.9805,14451.9342,14059.2561,20,20
hyperliquid,NBIS,io:NBIS,27,1790655720076,416,229.945,2.1746694502433606,10180.1674,25413.2248,16928.9401,32758.993300000002,20,20
hyperliquid,NBIS,io:NBIS,28,1790655779963,451,229.94,1.7397355601955766,12109.5329,15080.5085,18683.7589,26916.431099999998,20,20
hyperliquid,NBIS,io:NBIS,29,1790655839918,803,229.82999999999998,1.7405682955473623,12730.6166,10214.7804,14261.8512,13852.4521,20,20
hyperliquid,NBIS,io:NBIS,30,1790655900329,865,230.01,2.608922515001666,11459.2335,5671.9253,24526.9644,10838.7614,20,20
hyperliquid,NBIS,io:NBIS,31,1790655960209,714,229.91,1.739962590805444,13826.700299999999,8813.9167,14210.1976,14346.9584,20,20
hyperliquid,NBIS,io:NBIS,32,1790656020405,826,229.85500000000002,1.3052558301418493,23772.7881,22833.640900000002,23901.369300000002,33135.344000000005,20,20
hyperliquid,NBIS,io:NBIS,33,1790656079907,711,229.71,2.612330198537016,12090.193,19217.4443,12269.1666,27664.0972,20,20
hyperliquid,NBIS,io:NBIS,34,1790656139978,417,229.82,2.6110796814493575,10055.8297,12332.8799,10152.2549,22808.1182,20,20
hyperliquid,WDC,xyz:WDC,0,1790654099728,401,451.355,2.437403057833354,4027.46766,10691.729449999999,17989.59883,34754.588429999996,20,20
hyperliquid,WDC,xyz:WDC,1,1790654160106,814,451.095,1.9953441968723062,9675.10262,14308.719130000001,31194.03384,55190.74904,20,20
hyperliquid,WDC,xyz:WDC,2,1790654219883,486,450.89,1.3307900456904775,9694.01986,16649.22355,30805.42258,38245.054489999995,20,20
hyperliquid,WDC,xyz:WDC,3,1790654279876,551,450.70500000000004,1.109434632111661,13968.934529999999,8425.55515,37076.141859999996,41054.91878,20,20
hyperliquid,WDC,xyz:WDC,4,1790654339732,411,450.595,2.8854904223929445,10469.351980000001,15234.76195,35610.21345,56708.44478,20,20
hyperliquid,WDC,xyz:WDC,5,1790654399693,658,450.725,3.7724125687921273,9697.71666,19865.92831,35305.91752,138394.83363,20,20
hyperliquid,WDC,xyz:WDC,6,1790654459796,681,450.4,2.664653373007919,25068.93134,19546.86493,39809.92118,42926.33644,20,20
hyperliquid,WDC,xyz:WDC,7,1790654519686,706,450.45000000000005,1.3320900492863608,25245.63066,15886.5249,39669.30371,40742.65119,20,20
hyperliquid,WDC,xyz:WDC,8,1790654580175,492,450.24,0.888454533338745,35485.82021,7369.055879999999,45598.14724,46634.41271,20,20
hyperliquid,WDC,xyz:WDC,9,1790654639798,361,450.125,0.22216297876020974,33009.55799,14669.55132,45146.8188,39978.81636,20,20
hyperliquid,WDC,xyz:WDC,10,1790654699812,785,450.15999999999997,1.7773038300883393,30428.03883,10726.466729999998,54841.74586,30654.70023,20,20
hyperliquid,WDC,xyz:WDC,11,1790654759944,459,450.175,1.9994223890873464,31600.335580000003,9134.53077,44802.00419,24273.99112,20,20
hyperliquid,WDC,xyz:WDC,12,1790654820308,594,450.275,3.776183389236909,24611.208469999998,15686.21063,38672.60704,39293.74946,20,20
hyperliquid,WDC,xyz:WDC,13,1790654880095,799,450.29499999999996,1.5546573091107518,26909.85615,16418.32625,40643.66214,38647.021799999995,20,20
hyperliquid,WDC,xyz:WDC,14,1790654940300,400,450.145,1.1108148938054896,31428.09009,11488.54527,58263.68721,28455.25383,20,20
hyperliquid,WDC,xyz:WDC,15,1790655000145,392,450.145,1.9995556542995452,29202.56004,18166.59514,54597.215919999995,42064.826989999994,20,20
hyperliquid,WDC,xyz:WDC,16,1790655060389,474,450.42499999999995,3.774925611761404,26503.154059999997,20862.13455,50443.332729999995,47373.04861,20,20
hyperliquid,WDC,xyz:WDC,17,1790655120337,469,450.31,1.7767117507272445,34426.33378,10997.779069999999,56344.65578,42742.21352,20,20
hyperliquid,WDC,xyz:WDC,18,1790655180229,755,450.365,2.8869642460582767,23142.3861,17138.47357,46773.85037,39484.5272,20,20
hyperliquid,WDC,xyz:WDC,19,1790655239872,607,450.375,2.8869001354614454,25677.787439999996,11936.95841,46570.2119,38682.15,20,20
hyperliquid,WDC,xyz:WDC,20,1790655299786,461,450.325,2.8872207169183817,30309.76143,11582.89143,46201.99729,30265.45201,20,20
hyperliquid,WDC,xyz:WDC,21,1790655359523,475,450.355,2.88702835950172,27172.69659,15549.15968,43968.468479999996,37282.13299,20,20
hyperliquid,WDC,xyz:WDC,22,1790655419805,599,450.435,2.886515531674849,25826.5727,9896.10486,48978.938650000004,32743.39495,20,20
hyperliquid,WDC,xyz:WDC,23,1790655479813,579,450.475,2.886259186074547,25089.46953,15281.352649999999,49534.89196,34678.67017,20,20
hyperliquid,WDC,xyz:WDC,24,1790655540263,794,450.53499999999997,3.3299294054978112,15691.78913,14738.48273,48623.74778,27672.47761,20,20
hyperliquid,WDC,xyz:WDC,25,1790655600116,752,450.865,3.3274917367287493,12858.82439,21175.190319999998,40228.07551,44513.408469999995,20,20
hyperliquid,WDC,xyz:WDC,26,1790655659855,315,450.82,1.7747016282898542,14262.59649,11195.96005,46154.70794,45747.192950000004,20,20
hyperliquid,WDC,xyz:WDC,27,1790655720154,494,450.855,3.771324622312555,8110.31701,6469.43509,35130.94132,26539.61924,20,20
hyperliquid,WDC,xyz:WDC,28,1790655779965,453,450.96000000000004,0.8870359693080587,18069.373939999998,13583.3918,43016.48816,25581.54017,20,20
hyperliquid,WDC,xyz:WDC,29,1790655839923,808,450.905,1.9961850685357163,15545.855319999999,10701.545689999999,44395.4803,47603.79616,20,20
hyperliquid,WDC,xyz:WDC,30,1790655900428,430,451.105,3.7692341803019502,15056.40189,11193.63422,47150.24748,39651.44886,20,20
hyperliquid,WDC,xyz:WDC,31,1790655960255,760,451.065,2.882483370287847,17197.28946,15389.232109999999,48929.24447,39927.77138,20,20
hyperliquid,WDC,xyz:WDC,32,1790656020408,829,450.95500000000004,1.9959637178135203,20390.96067,11595.62358,52249.75114,39688.09258,20,20
hyperliquid,WDC,xyz:WDC,33,1790656080008,812,451.195,1.9949019173237659,9810.50087,15853.21221,30149.852209999997,55013.880820000006,20,20
hyperliquid,WDC,xyz:WDC,34,1790656140025,464,451.08,2.2171474181331696,17643.75019,15849.369809999998,30733.534649999998,44961.59018,20,20
hyperliquid,BE,xyz:BE,0,1790654099782,455,261.75,1.528292515184937,36296.8302,44627.9066,53322.084,78795.2446,20,20
hyperliquid,BE,xyz:BE,1,1790654160159,319,261.71500000000003,1.9106576483629567,8988.833400000001,25127.1099,17832.9467,58372.7117,20,20
hyperliquid,BE,xyz:BE,2,1790654219866,469,261.65,1.528876657876932,40123.402799999996,18855.0485,89939.4085,34349.3907,20,20
hyperliquid,BE,xyz:BE,3,1790654279960,635,261.565,2.67655718273474,12291.337199999998,52398.62820000001,18924.002,79168.0442,20,20
hyperliquid,BE,xyz:BE,4,1790654339786,465,261.125,1.9149751053215702,42231.9212,38290.4309,69352.578,66445.0162,20,20
hyperliquid,BE,xyz:BE,5,1790654399775,740,261.24,2.297002411852933,12081.0481,51306.956,41395.4184,84502.6783,20,20
hyperliquid,BE,xyz:BE,6,1790654459838,723,261.005,2.6823006475829025,8486.5359,36416.3654,51190.0532,81384.6293,20,20
hyperliquid,BE,xyz:BE,7,1790654519689,709,261.185,1.148677106863616,45186.6467,40709.4867,46642.5803,85473.2671,20,20
hyperliquid,BE,xyz:BE,8,1790654580342,659,261.28999999999996,2.296562810992775,41879.3758,19560.7345,46877.9088,30062.012199999997,20,20
hyperliquid,BE,xyz:BE,9,1790654639863,426,261.08500000000004,1.149117095033958,11842.5078,57319.8776,57309.9618,78494.6113,20,20
hyperliquid,BE,xyz:BE,10,1790654699836,809,261.055,1.1492491572151486,36437.5971,39328.78,56937.6389,78345.9061,20,20
hyperliquid,BE,xyz:BE,11,1790654759963,478,261.06,1.5323322096216785,16003.643699999999,15092.923299999999,74453.7622,34130.2508,20,20
hyperliquid,BE,xyz:BE,12,1790654820322,608,261.02,2.2989386566529824,42539.245,39217.610100000005,56922.2194,83242.8389,20,20
hyperliquid,BE,xyz:BE,13,1790654880224,391,261.07,1.5322735108203034,36797.7025,44087.071800000005,49050.9524,83463.3333,20,20
hyperliquid,BE,xyz:BE,14,1790654940404,504,260.96500000000003,1.9161493063535318,52698.2551,37919.165700000005,82123.5481,87961.9873,20,20
hyperliquid,BE,xyz:BE,15,1790655000158,405,261.095,1.9151951583862292,55241.283,45536.0626,75958.1144,85044.6893,20,20
hyperliquid,BE,xyz:BE,16,1790655060386,471,261.05499999999995,1.9154886411532068,63499.190899999994,41620.9088,95060.6595,68165.5089,20,20
hyperliquid,BE,xyz:BE,17,1790655120420,552,260.895,2.6834317258295215,43628.4741,39133.54,74575.1102,72922.7565,20,20
hyperliquid,BE,xyz:BE,18,1790655180245,771,260.96000000000004,3.0660738923793396,45829.2695,49935.178100000005,98190.6476,77916.5289,20,20
hyperliquid,BE,xyz:BE,19,1790655239880,615,261.08500000000004,1.91526852064694,36746.8538,57417.9301,57882.9202,83731.6697,20,20
hyperliquid,BE,xyz:BE,20,1790655299826,501,261.205,0.38284839203539534,41351.4549,45898.08579999999,101147.5646,80062.3784,20,20
hyperliquid,BE,xyz:BE,21,1790655359501,453,261.115,1.915048450726875,45264.7589,45505.5016,86310.1497,80022.5959,20,20
hyperliquid,BE,xyz:BE,22,1790655419810,604,261.105,2.681273221740721,23921.6413,38605.060000000005,79783.0348,77410.51980000001,20,20
hyperliquid,BE,xyz:BE,23,1790655479868,634,261.20000000000005,1.5315108354396756,14107.1646,50694.9387,80305.3283,77817.29980000001,20,20
hyperliquid,BE,xyz:BE,24,1790655540366,377,261.30999999999995,2.2963870177594714,20907.2918,46914.3514,28553.2282,73572.4118,20,20
hyperliquid,BE,xyz:BE,25,1790655600146,782,261.495,1.9122652694369968,23246.7112,38546.4776,59596.3502,85977.43800000001,20,20
hyperliquid,BE,xyz:BE,26,1790655659969,429,261.38,1.5304560759088481,12696.493699999999,46125.4099,15887.2407,46580.7273,20,20
hyperliquid,BE,xyz:BE,27,1790655720278,618,261.485,2.677376171351664,19487.1698,47012.4108,25894.564,77109.1247,20,20
hyperliquid,BE,xyz:BE,28,1790655780054,542,261.51,1.5296952082288762,17966.8814,39097.493800000004,21164.1092,64651.0394,20,20
hyperliquid,BE,xyz:BE,29,1790655839952,305,261.56,3.0590394616103467,15187.786399999999,37701.2872,15187.786399999999,71109.2867,20,20
hyperliquid,BE,xyz:BE,30,1790655900784,786,261.735,1.910511635017098,2239.2158,45792.4046,13337.371799999999,67405.684,20,20
hyperliquid,BE,xyz:BE,31,1790655960275,780,261.575,1.1469643676398356,12386.3604,22178.8303,23652.8822,22634.4667,20,20
hyperliquid,BE,xyz:BE,32,1790656020510,931,261.53,1.5295782188062823,20166.5984,39306.6587,50924.5166,45391.6981,20,20
hyperliquid,BE,xyz:BE,33,1790656080066,323,261.53999999999996,1.5295197308051733,17382.2058,52153.9387,17674.805800000002,86371.98090000001,20,20
hyperliquid,BE,xyz:BE,34,1790656140029,468,261.53,0.7647598654036969,42124.77930000001,40653.1563,73621.0822,65688.6099,20,20
hyperliquid,ZHIPU,xyz:ZHIPU,0,1790654099819,492,79.03,3.5435861091404064,30501.359473,38988.822613000004,62104.159753,57069.164029,20,20
hyperliquid,ZHIPU,xyz:ZHIPU,1,1790654160280,440,78.99549999999999,3.671769159672156,35189.674825,39259.125586,62967.112202,60567.800517,20,20
hyperliquid,ZHIPU,xyz:ZHIPU,2,1790654219944,547,78.9135,5.196912273586207,27892.985971,44398.982693,62181.965742,60139.856835,20,20
hyperliquid,ZHIPU,xyz:ZHIPU,3,1790654279989,664,78.918,2.7880923112033607,27847.119645,43642.912327,49842.147978,60241.164912,20,20
hyperliquid,ZHIPU,xyz:ZHIPU,4,1790654339886,565,78.9605,3.4200159600739077,29883.932001,47379.678,59634.087025,64781.029884,20,20
hyperliquid,ZHIPU,xyz:ZHIPU,5,1790654399858,823,78.9145,2.661462029809325,31275.135579,38972.112166,57531.512056,46705.480261,20,20
hyperliquid,ZHIPU,xyz:ZHIPU,6,1790654459840,725,78.8415,13.5807483373096,15886.421492,179.72280999999998,32531.444762,46918.227809,20,20
hyperliquid,ZHIPU,xyz:ZHIPU,7,1790654519798,818,78.901,3.8029561645913645,21201.028542,31348.414936999998,46665.589494,41222.793848999994,20,20
hyperliquid,ZHIPU,xyz:ZHIPU,8,1790654580345,662,78.773,3.3011681056360764,31788.277708,14955.869351,49323.32083,31095.346615,20,20
hyperliquid,ZHIPU,xyz:ZHIPU,9,1790654639844,407,78.7355,3.42979090978357,25829.720835,16624.152961,53529.527992999996,34794.080163,20,20
hyperliquid,ZHIPU,xyz:ZHIPU,10,1790654699828,801,78.6565,1.9072079746718096,26185.43276,26299.270861,40516.964339,50836.37291,20,20
hyperliquid,ZHIPU,xyz:ZHIPU,11,1790654760101,616,78.66300000000001,3.5601215527214514,20961.034559,32572.324986,39724.585834,46821.967539,20,20
hyperliquid,ZHIPU,xyz:ZHIPU,12,1790654820471,757,78.64150000000001,2.925092203993618,20217.743402,35566.963545,34382.104858,45408.021208,20,20
hyperliquid,ZHIPU,xyz:ZHIPU,13,1790654880220,387,78.69800000000001,3.304314672427644,19957.049305,32816.160644,35114.942354,44959.342466,20,20
hyperliquid,ZHIPU,xyz:ZHIPU,14,1790654940429,529,78.5775,4.455193482688635,33412.458484,21868.586470000002,40630.881992,49783.814463,20,20
hyperliquid,ZHIPU,xyz:ZHIPU,15,1790655000169,416,78.61250000000001,3.435158208120459,25033.835396000002,24041.929028,39913.403639000004,42451.219382,20,20
hyperliquid,ZHIPU,xyz:ZHIPU,16,1790655060500,585,78.592,3.5633383389743756,24010.081886,28205.729094000002,43920.149832,48659.953769,20,20
hyperliquid,ZHIPU,xyz:ZHIPU,17,1790655120469,601,78.5755,2.67294596830725,28147.103555,25760.703498,47113.833977,47993.023061,20,20
hyperliquid,ZHIPU,xyz:ZHIPU,18,1790655180282,808,78.632,3.5615253504284183,28545.334349,19253.845447,47042.308920999996,39141.746495,20,20
hyperliquid,ZHIPU,xyz:ZHIPU,19,1790655239877,612,78.69200000000001,3.050330452463168,28256.810616000002,27558.624628999998,54276.374818000004,50742.905676,20,20
hyperliquid,ZHIPU,xyz:ZHIPU,20,1790655299920,595,78.68799999999999,4.0675208460427825,33199.20775,31659.639659,50258.897684,46991.514373,20,20
hyperliquid,ZHIPU,xyz:ZHIPU,21,1790655359498,450,78.756,2.539811545985149,26429.087647999997,25107.448165,53627.352565,38364.854823,20,20
hyperliquid,ZHIPU,xyz:ZHIPU,22,1790655419881,675,78.75399999999999,4.064111356649747,23927.125029,20952.048683,42014.209821000004,47640.163618,20,20
hyperliquid,ZHIPU,xyz:ZHIPU,23,1790655479863,629,78.75,3.5561877667134034,31648.913675,25486.779898,55388.298244,50418.911496,20,20
hyperliquid,ZHIPU,xyz:ZHIPU,24,1790655540372,383,78.745,2.794218507888857,31943.572726,23834.043096999998,43901.826228,44062.109839,20,20
hyperliquid,ZHIPU,xyz:ZHIPU,25,1790655600261,353,78.7705,2.4123614479254485,33169.740493,25756.380551000002,55635.909332999996,41486.312631,20,20
hyperliquid,ZHIPU,xyz:ZHIPU,26,1790655659986,446,78.774,1.5234613040826517,30954.863882,25666.155774,46527.830862,45899.88246,20,20
hyperliquid,ZHIPU,xyz:ZHIPU,27,1790655720271,611,78.786,1.2693415925157936,30560.610926,15654.867763,42686.484798,49047.152305,20,20
hyperliquid,ZHIPU,xyz:ZHIPU,28,1790655780052,540,78.776,3.808991759881586,33944.658792,25262.431259999998,44698.754656,42874.407378,20,20
hyperliquid,ZHIPU,xyz:ZHIPU,29,1790655840046,399,78.78450000000001,1.6502069105572836,29480.525675,25211.440737,45725.697879,50603.35605,20,20
hyperliquid,ZHIPU,xyz:ZHIPU,30,1790655900707,709,78.7835,3.173756839447428,33322.885239,31580.909298,45080.988559,50825.413372,20,20
hyperliquid,ZHIPU,xyz:ZHIPU,31,1790655960436,410,78.7995,1.6498927569696953,31003.129462,25692.254484,46345.293786,42241.739208,20,20
hyperliquid,ZHIPU,xyz:ZHIPU,32,1790656020665,482,78.7755,2.4122083132294136,34659.190468,19931.261814,48552.891568,45168.729985000005,20,20
hyperliquid,ZHIPU,xyz:ZHIPU,33,1790656080112,369,78.7755,2.4122083132294136,34512.04036,21301.715782000003,50917.398454,46766.896614000005,20,20
hyperliquid,ZHIPU,xyz:ZHIPU,34,1790656140022,461,78.8065,2.4112593119030024,27730.799003,23507.862752,41536.612751,41317.850609,20,20
hyperliquid,QCOM,xyz:QCOM,0,1790654099832,505,186.95499999999998,1.60479298170646,19217.0959,8235.4188,69591.9504,38812.6103,20,20
hyperliquid,QCOM,xyz:QCOM,1,1790654160328,488,186.88,1.0702627495029482,19772.2733,2615.752,62917.8265,58742.1433,20,20
hyperliquid,QCOM,xyz:QCOM,2,1790654219972,575,186.83499999999998,1.605823787602656,19435.0411,2695.6855,73126.11009999999,57132.8065,20,20
hyperliquid,QCOM,xyz:QCOM,3,1790654280056,731,186.83499999999998,1.605823787602656,22851.944600000003,5296.8265,68778.406,33694.7365,20,20
hyperliquid,QCOM,xyz:QCOM,4,1790654339875,554,186.73000000000002,2.1423598093295304,6267.8791,4519.730100000001,27205.2825,37097.1483,20,20
hyperliquid,QCOM,xyz:QCOM,5,1790654399874,287,186.75,1.0710078183562288,11007.7092,7494.7096,39582.6769,31463.3546,20,20
hyperliquid,QCOM,xyz:QCOM,6,1790654459850,735,187.03,2.138923052243946,7274.3835,7399.8503,80533.2604,27791.7235,20,20
hyperliquid,QCOM,xyz:QCOM,7,1790654519856,327,187.17000000000002,1.0686044026497754,6380.7469,7157.9816,64610.1251,13989.8165,20,20
hyperliquid,QCOM,xyz:QCOM,8,1790654580373,690,187.14,2.137665669088573,13434.8218,7044.4589000000005,68652.4122,17829.382,20,20
hyperliquid,QCOM,xyz:QCOM,9,1790654639866,429,187.09500000000003,1.6035920461843212,6330.1260999999995,12108.088300000001,36218.134,50468.733400000005,20,20
hyperliquid,QCOM,xyz:QCOM,10,1790654699912,347,187.10500000000002,1.6035063338493138,6420.6635,9878.871200000001,67861.2454,52853.2909,20,20
hyperliquid,QCOM,xyz:QCOM,11,1790654760106,621,187.14,2.137665669088573,9537.9726,7916.4237,70141.1975,22880.8796,20,20
hyperliquid,QCOM,xyz:QCOM,12,1790654820476,762,187.125,1.6033349366662009,6844.1269,8239.6931,51272.346900000004,26620.2661,20,20
hyperliquid,QCOM,xyz:QCOM,13,1790654880265,432,187.03500000000003,1.6041065126715104,12446.4033,8404.9277,59991.6429,20834.6386,20,20
hyperliquid,QCOM,xyz:QCOM,14,1790654940442,542,186.96,3.20975766329612,12598.958700000001,7018.0763,44652.8947,27524.291,20,20
hyperliquid,QCOM,xyz:QCOM,15,1790655000341,588,186.985,2.6743688489516693,11169.8338,8196.9254,44962.9139,27242.736800000002,20,20
hyperliquid,QCOM,xyz:QCOM,16,1790655060593,678,187.01,2.139151826301422,8995.471800000001,8499.8651,72905.5482,21012.5933,20,20
hyperliquid,QCOM,xyz:QCOM,17,1790655120475,607,186.985,1.6045354869764772,12278.4467,8530.2196,46110.926100000004,23773.8243,20,20
hyperliquid,QCOM,xyz:QCOM,18,1790655180400,390,186.92000000000002,2.1401819154620583,8327.3763,8589.1121,69413.0809,26685.146,20,20
hyperliquid,QCOM,xyz:QCOM,19,1790655240069,804,186.95999999999998,2.139723975607133,9889.5378,8508.5655,70353.61,27586.1202,20,20
hyperliquid,QCOM,xyz:QCOM,20,1790655299946,621,186.97,2.1396095212633526,11430.8059,6215.2529,61551.4077,17009.3175,20,20
hyperliquid,QCOM,xyz:QCOM,21,1790655359552,504,187.13,2.137779915556415,11445.0033,7105.0971,106173.2504,19835.2947,20,20
hyperliquid,QCOM,xyz:QCOM,22,1790655419884,678,187.135,1.6032492518180952,15344.2452,8500.7306,68252.5312,19957.261,20,20
hyperliquid,QCOM,xyz:QCOM,23,1790655480025,791,187.14999999999998,2.1375514348309643,4354.6887,8011.8171,115459.1435,30548.8336,20,20
hyperliquid,QCOM,xyz:QCOM,24,1790655540468,479,187.16500000000002,1.6029922522031725,9645.9861,7865.971500000001,36597.9564,34975.3114,20,20
hyperliquid,QCOM,xyz:QCOM,25,1790655600250,342,187.195,2.671368274831387,10291.5098,12020.287900000001,53061.704900000004,28311.6198,20,20
hyperliquid,QCOM,xyz:QCOM,26,1790655660011,471,187.16,2.1374372127835883,5529.0612,8248.1538,49500.075000000004,34848.400200000004,20,20
hyperliquid,QCOM,xyz:QCOM,27,1790655720273,613,187.19,2.1370946198651097,5829.2701,12834.867,74569.0514,24681.7093,20,20
hyperliquid,QCOM,xyz:QCOM,28,1790655780155,643,187.20499999999998,3.739915584763942,8091.7591,12141.6983,72504.1818,27566.7956,20,20
hyperliquid,QCOM,xyz:QCOM,29,1790655840378,731,187.055,1.6039349871688202,13038.1883,7995.0168,112718.6037,26122.8319,20,20
hyperliquid,QCOM,xyz:QCOM,30,1790655900807,809,187.135,2.6722248944466287,6809.816400000001,14347.454800000001,118049.69200000001,32281.5016,20,20
hyperliquid,QCOM,xyz:QCOM,31,1790655960477,451,187.09,2.1382370235745185,15743.2074,7953.0676,74968.7838,30491.1907,20,20
hyperliquid,QCOM,xyz:QCOM,32,1790656020653,470,187.065,1.6038492381720282,15342.6798,8159.4416,74566.102,25697.5786,20,20
hyperliquid,QCOM,xyz:QCOM,33,1790656080110,367,186.935,1.6049646907778659,14267.949200000001,7981.0351,69781.5553,57125.8236,20,20
hyperliquid,QCOM,xyz:QCOM,34,1790656140174,613,186.925,1.6050505590925468,11050.8307,7986.5678,69887.3652,36758.4173,20,20
hyperliquid,STRC,xyz:STRC,0,1790654099918,591,99.1075,4.339664533838938,4516.9261,4808.6238,139549.62459999998,143742.3998,20,20
hyperliquid,STRC,xyz:STRC,1,1790654160300,460,99.1075,4.339664533838938,4487.225,4749.1464,140512.7535,143524.1112,20,20
hyperliquid,STRC,xyz:STRC,2,1790654220066,669,99.1105,4.9451991199567225,3011.4406,8460.7094,139981.0301,142245.4615,20,20
hyperliquid,STRC,xyz:STRC,3,1790654280057,732,99.1115,4.945149212307598,2912.3504000000003,8361.581999999999,137494.2687,95355.6523,20,20
hyperliquid,STRC,xyz:STRC,4,1790654339918,597,99.10300000000001,3.4313626546644826,4487.0163999999995,4748.9496,138169.1126,143523.8641,20,20
hyperliquid,STRC,xyz:STRC,5,1790654399882,295,99.1105,4.9451991199567225,3328.2554,8430.9636,67814.4952,161925.3716,20,20
hyperliquid,STRC,xyz:STRC,6,1790654459982,338,99.089,4.239512254209377,9535.6249,4808.1358,139928.8326,143573.4424,20,20
hyperliquid,STRC,xyz:STRC,7,1790654519883,354,99.103,5.450361338770193,5586.840700000001,5542.4376,138267.3476,94528.4634,20,20
hyperliquid,STRC,xyz:STRC,8,1790654580359,676,99.0945,5.349860701739928,4566.0203,6484.107,140148.4939,95101.6392,20,20
hyperliquid,STRC,xyz:STRC,9,1790654639985,548,99.08699999999999,4.64346281191963,9594.459499999999,5601.2144,139981.7382,94587.1394,20,20
hyperliquid,STRC,xyz:STRC,10,1790654699997,432,99.114,9.28655065207673,4565.5863,9868.9918,139951.86,143644.136,20,20
hyperliquid,STRC,xyz:STRC,11,1790654760134,649,99.0995,10.601027794885365,4020.7221,7011.2262,140909.5311,77779.3016,20,20
hyperliquid,STRC,xyz:STRC,12,1790654820501,787,99.1105,9.993842178050993,4020.7697000000003,9809.3618,139484.5767,143584.506,20,20
hyperliquid,STRC,xyz:STRC,13,1790654880287,454,99.104,3.229452607784733,4516.5087,9074.351999999999,139980.3157,144536.8142,20,20
hyperliquid,STRC,xyz:STRC,14,1790654940495,595,99.0705,5.957128865823336,7969.6383,2805.0316,139859.4523,94953.1106,20,20
hyperliquid,STRC,xyz:STRC,15,1790655000338,585,99.104,3.229452607784733,4487.0104,4253.5692,138957.98739999998,143028.6454,20,20
hyperliquid,STRC,xyz:STRC,16,1790655060590,675,99.10849999999999,4.137736153722038,3734.5631,9898.046199999999,138832.902,93884.1904,20,20
hyperliquid,STRC,xyz:STRC,17,1790655120542,674,99.1,3.8352459099111336,2941.8697,4035.8516999999997,136255.95739999998,92653.5855,20,20
hyperliquid,STRC,xyz:STRC,18,1790655180506,496,99.0815,5.552526904515354,4001.4756,4193.7786,137547.7784,74653.4772,20,20
hyperliquid,STRC,xyz:STRC,19,1790655240078,813,99.06450000000001,4.543526988549651,2257.7711,2368.8467,137322.4284,74365.4857,20,20
hyperliquid,STRC,xyz:STRC,20,1790655299980,655,99.06450000000001,4.543526988549651,1733.1983,1833.4960999999998,137243.1589,74316.0387,20,20
hyperliquid,STRC,xyz:STRC,21,1790655359693,645,99.06450000000001,4.543526988549651,1733.1983,2101.2964,137183.7823,74028.51,20,20
hyperliquid,STRC,xyz:STRC,22,1790655420005,799,99.06450000000001,4.543526988549651,1238.0233,1962.4936,139280.8923,87606.1976,20,20
hyperliquid,STRC,xyz:STRC,23,1790655480013,779,99.06450000000001,4.543526988549651,1238.0233,1575.8515,139888.3114,73800.5647,20,20
hyperliquid,STRC,xyz:STRC,24,1790655540464,475,99.06450000000001,4.543526988549651,1624.0297,1972.4635,139056.33849999998,91152.7704,20,20
hyperliquid,STRC,xyz:STRC,25,1790655600311,403,99.06450000000001,4.543526988549651,1663.6201,1972.4635,140127.7596,91152.7704,20,20
hyperliquid,STRC,xyz:STRC,26,1790655660048,508,99.06450000000001,4.543526988549651,1663.6459,2418.589,138690.9949,91222.0727,20,20
hyperliquid,STRC,xyz:STRC,27,1790655720343,683,99.06450000000001,4.543526988549651,4375.6157,2646.7015,70401.33870000001,88299.614,20,20
hyperliquid,STRC,xyz:STRC,28,1790655780158,646,99.06450000000001,4.543526988549651,2168.3725,2646.7015,136285.7219,88299.614,20,20
hyperliquid,STRC,xyz:STRC,29,1790655840113,466,99.06450000000001,4.543526988549651,2188.1657,2686.2743,136325.3065,88339.1868,20,20
hyperliquid,STRC,xyz:STRC,30,1790655900618,620,99.06450000000001,4.543526988549651,2198.0893,2686.2743,137235.9195,88339.1868,20,20
hyperliquid,STRC,xyz:STRC,31,1790655960487,461,99.06450000000001,4.543526988549651,2188.1657,2686.2743,136325.3065,88339.1868,20,20
hyperliquid,STRC,xyz:STRC,32,1790656020727,544,99.06450000000001,4.543526988549651,2188.1657,2686.2743,136325.3065,88339.1868,20,20
hyperliquid,STRC,xyz:STRC,33,1790656080200,457,99.06450000000001,4.543526988549651,2188.1657,2686.2743,137225.9959,88339.1868,20,20
hyperliquid,STRC,xyz:STRC,34,1790656140248,687,99.06450000000001,4.543526988549651,2188.1657,2686.2743,138799.56459999998,91489.758,20,20
hyperliquid,AMAT,xyz:AMAT,0,1790654099969,642,482.04,5.395198273536739,39139.362460000004,25661.12669,57912.145990000005,30580.997600000002,20,20
hyperliquid,AMAT,xyz:AMAT,1,1790654160357,517,482.035,5.187690647632248,27450.726420000003,26938.402240000003,51223.65675,42347.80531,20,20
hyperliquid,AMAT,xyz:AMAT,2,1790654220120,723,481.89,5.396878113583803,49583.91572,34224.91608,55343.87809,43317.61089,20,20
hyperliquid,AMAT,xyz:AMAT,3,1790654280154,829,481.40999999999997,4.570953667151212,20109.70559,26754.13954,35915.95231,41228.9677,20,20
hyperliquid,AMAT,xyz:AMAT,4,1790654339971,650,481.225,3.9490366429029145,23512.10283,21453.61618,28294.65492,42442.87878,20,20
hyperliquid,AMAT,xyz:AMAT,5,1790654399959,372,481.495,5.193510189667183,18277.50738,30316.87196,39380.80512,35688.20634,20,20
hyperliquid,AMAT,xyz:AMAT,6,1790654460026,382,481.15,5.405180657769293,21153.57093,26797.58765,42237.99825,38187.46483,20,20
hyperliquid,AMAT,xyz:AMAT,7,1790654519877,348,481.15999999999997,5.405068290960102,21825.06332,27784.38988,37091.78796,39174.43317,20,20
hyperliquid,AMAT,xyz:AMAT,8,1790654580531,296,481.125,4.365722838968189,22025.66005,34012.77501,43963.62168,46336.10284,20,20
hyperliquid,AMAT,xyz:AMAT,9,1790654640035,598,480.83500000000004,6.449196970956805,20201.069,27698.64109,32104.58698,41904.8684,20,20
hyperliquid,AMAT,xyz:AMAT,10,1790654700016,451,480.965,5.199234672657038,22853.26413,32201.92084,22853.26413,45499.93633,20,20
hyperliquid,AMAT,xyz:AMAT,11,1790654760158,673,481.1,5.821689953426912,24244.25077,38133.80258,26618.29886,47213.40138,20,20
hyperliquid,AMAT,xyz:AMAT,12,1790654820510,796,481.04999999999995,3.7425149700598404,22866.38291,38544.74662,26945.57307,43367.90311,20,20
hyperliquid,AMAT,xyz:AMAT,13,1790654880412,579,480.865,2.2878059940523165,22604.58598,32191.11526,35152.46951,36837.70612,20,20
hyperliquid,AMAT,xyz:AMAT,14,1790654940600,700,480.86,2.079823630956046,21102.239700000002,30988.31542,35150.70539,37599.11029,20,20
hyperliquid,AMAT,xyz:AMAT,15,1790655000346,593,480.88,0.8318429480502765,23011.51831,33979.83997,25749.22968,36440.77411,20,20
hyperliquid,AMAT,xyz:AMAT,16,1790655060587,672,480.905,1.8716466331158976,24109.54683,33129.42988,32089.89932,34772.99776,20,20
hyperliquid,AMAT,xyz:AMAT,17,1790655120614,746,480.72,1.6643088957302155,33600.64418,22557.10063,33600.64418,33076.90995,20,20
hyperliquid,AMAT,xyz:AMAT,18,1790655180484,409,480.59,2.4972426279323834,28049.67674,26344.1577,32621.52336,38674.34999,20,20
hyperliquid,AMAT,xyz:AMAT,19,1790655240075,810,480.81,1.6639973376042505,35594.5292,31623.19418,36456.7036,39203.95767,20,20
hyperliquid,AMAT,xyz:AMAT,20,1790655300019,694,480.86,3.743994009610674,22530.21586,27472.1061,36577.78491,32049.54857,20,20
hyperliquid,AMAT,xyz:AMAT,21,1790655359697,649,480.79499999999996,1.4560279557374045,30861.78985,31641.89548,33803.58356,36225.36219,20,20
hyperliquid,AMAT,xyz:AMAT,22,1790655420008,802,480.83,2.9120559114725886,30858.98224,27564.26411,30858.98224,33186.60383,20,20
hyperliquid,AMAT,xyz:AMAT,23,1790655480062,292,480.95500000000004,3.5352590097126324,20816.85652,27914.90232,26443.90927,42623.968590000004,20,20
hyperliquid,AMAT,xyz:AMAT,24,1790655540565,576,481.155,3.533789261438436,22846.214,31771.00671,25423.95946,35248.14009,20,20
hyperliquid,AMAT,xyz:AMAT,25,1790655600337,429,481.44,4.986287708801385,18718.33246,36086.94175,20464.1447,42387.72386,20,20
hyperliquid,AMAT,xyz:AMAT,26,1790655660173,633,481.28499999999997,1.8701687307776105,26453.460590000002,19328.71364,33874.98973,35885.09741,20,20
hyperliquid,AMAT,xyz:AMAT,27,1790655720492,832,481.355,4.363636363635681,22868.93575,27785.80722,26941.204850000002,35445.07149,20,20
hyperliquid,AMAT,xyz:AMAT,28,1790655780304,792,481.31500000000005,3.948298075724388,15823.67186,26267.42958,29261.15179,35018.36685,20,20
hyperliquid,AMAT,xyz:AMAT,29,1790655840375,728,481.35,2.077706212340047,24823.35532,26921.96952,28555.050619999998,35932.18292,20,20
hyperliquid,AMAT,xyz:AMAT,30,1790655900812,814,481.51,4.154462931804659,18170.29689,32237.657649999997,28558.796029999998,41280.32755,20,20
hyperliquid,AMAT,xyz:AMAT,31,1790655960491,465,481.565,1.8690812427313297,24539.45267,24520.6235,30600.272530000002,33405.43426,20,20
hyperliquid,AMAT,xyz:AMAT,32,1790656020776,593,481.45000000000005,1.2463129907347437,31940.684220000003,28804.22207,34345.8964,34450.66596,20,20
hyperliquid,AMAT,xyz:AMAT,33,1790656080248,505,481.805,3.5290210080529683,24875.70943,21198.19816,43730.1048,35733.01347,20,20
hyperliquid,AMAT,xyz:AMAT,34,1790656140247,686,481.625,2.699559764098858,36425.3565,22082.65904,40553.855129999996,30502.47261,20,20
hyperliquid,SKHY,xyz:SKHY,0,1790654100012,685,182.535,0.5478551470994297,548430.8213,569572.0525,596721.8414,673757.7804,20,20
hyperliquid,SKHY,xyz:SKHY,1,1790654160461,621,182.5,1.0959504630370098,490886.5877,663424.405,646755.6684,760212.0716,20,20
hyperliquid,SKHY,xyz:SKHY,2,1790654220129,732,182.445,0.5481254110928369,546824.5532,612310.135,677587.3609,731469.2793,20,20
hyperliquid,SKHY,xyz:SKHY,3,1790654280178,315,182.51999999999998,1.0958303654606816,497089.217,718226.7502,609954.7575,752680.9323,20,20
hyperliquid,SKHY,xyz:SKHY,4,1790654340060,739,182.435,0.5481554568875779,536800.5574,599635.1778,643122.9614,695106.5111,20,20
hyperliquid,SKHY,xyz:SKHY,5,1790654400083,496,182.505,0.5479452054779621,593208.5069,583262.5175,690063.381,671070.1805,20,20
hyperliquid,SKHY,xyz:SKHY,6,1790654460037,393,182.435,0.5481554568875779,592436.5756,551453.813,726718.5438999999,669155.4802,20,20
hyperliquid,SKHY,xyz:SKHY,7,1790654519979,450,182.445,0.5481254110928369,524951.7877,603442.8557,610749.4228000001,683700.1833,20,20
hyperliquid,SKHY,xyz:SKHY,8,1790654580540,305,182.29500000000002,1.645819618170119,540055.7389,596724.3477,673346.2927,680206.8255,20,20
hyperliquid,SKHY,xyz:SKHY,9,1790654640061,624,182.10000000000002,1.0983579548584643,558617.9264,650577.5847,641490.7135000001,770454.0241,20,20
hyperliquid,SKHY,xyz:SKHY,10,1790654700024,459,182.14499999999998,0.5490282200515395,521718.9372,574913.0323,616988.49,625996.6855,20,20
hyperliquid,SKHY,xyz:SKHY,11,1790654760301,816,182.215,0.5488172987200279,632529.1242,631157.1668,669230.1244,689520.4222,20,20
hyperliquid,SKHY,xyz:SKHY,12,1790654820708,473,182.10500000000002,0.5491488193309912,613242.3349,628751.2492,730150.8774,676394.7598,20,20
hyperliquid,SKHY,xyz:SKHY,13,1790654880409,576,182.07,1.0985389432049963,576813.3670999999,643525.5451999999,707215.8866999999,675180.5266999999,20,20
hyperliquid,SKHY,xyz:SKHY,14,1790654940610,710,182.025,0.5493901769026976,491089.0957,631343.338,577376.9458,690881.0602,20,20
hyperliquid,SKHY,xyz:SKHY,15,1790655000359,606,182.03,1.0987803538053953,540843.2261,626472.529,594148.6802,732238.2147,20,20
hyperliquid,SKHY,xyz:SKHY,16,1790655060695,780,182.055,1.647989452866483,477682.827,658639.2639,618557.2248,803212.8147,20,20
hyperliquid,SKHY,xyz:SKHY,17,1790655120657,789,182.02499999999998,1.6482610845569567,568188.424,555276.3805,726247.1873,692153.0967,20,20
hyperliquid,SKHY,xyz:SKHY,18,1790655180476,466,181.915,0.5497223901929083,592473.8554,572674.0167,685657.1708,626422.8645,20,20
hyperliquid,SKHY,xyz:SKHY,19,1790655240087,822,182.025,0.5493901769026976,638830.9654,532583.935,710627.257,592065.999,20,20
hyperliquid,SKHY,xyz:SKHY,20,1790655300120,795,182.065,0.549269471601388,636121.0515,528843.8367999999,739292.0545,585653.1682,20,20
hyperliquid,SKHY,xyz:SKHY,21,1790655359716,668,182.04500000000002,0.5493298176229011,538993.8061,656116.1976000001,651678.235,699692.8887,20,20
hyperliquid,SKHY,xyz:SKHY,22,1790655420080,874,182.175,0.5489378053469274,476301.9568,654500.9268,538018.8226,786541.6712,20,20
hyperliquid,SKHY,xyz:SKHY,23,1790655480077,307,182.22,1.0976345974422763,535584.4225,625014.0357,653533.4935,674889.3676,20,20
hyperliquid,SKHY,xyz:SKHY,24,1790655540562,573,182.275,0.5486366379536811,565022.7354,620436.3794,643463.7968,799724.811,20,20
hyperliquid,SKHY,xyz:SKHY,25,1790655600449,541,182.35500000000002,0.5483959418706164,621928.4382,500324.8442,652158.0586,613680.0733,20,20
hyperliquid,SKHY,xyz:SKHY,26,1790655660211,671,182.195,0.5488775454187689,675015.0008,454974.1426,783211.6641,534270.0539,20,20
hyperliquid,SKHY,xyz:SKHY,27,1790655720489,829,182.265,0.5486667398235667,658612.8829,559860.683,730035.4969,669043.6551,20,20
hyperliquid,SKHY,xyz:SKHY,28,1790655780250,738,182.26,1.0973936899860703,560379.0329,634237.7387999999,678633.7930000001,756969.584,20,20
hyperliquid,SKHY,xyz:SKHY,29,1790655840237,590,182.28,1.0972732759073622,578251.4721,776043.9291,633428.0957,837345.133,20,20
hyperliquid,SKHY,xyz:SKHY,30,1790655900907,349,182.42000000000002,1.09643111671609,601305.0170999999,604175.4894,759083.5601,674561.1282,20,20
hyperliquid,SKHY,xyz:SKHY,31,1790655960642,616,182.25,1.0974539069352751,726324.5877,514166.0116,855408.6438000001,592834.582,20,20
hyperliquid,SKHY,xyz:SKHY,32,1790656020841,658,182.275,0.5486366379536811,611418.387,552130.1536,724489.2281000001,652613.9778,20,20
hyperliquid,SKHY,xyz:SKHY,33,1790656080306,563,182.215,0.5488172987200279,636055.1351,531414.3641,694680.4806,581361.2031,20,20
hyperliquid,SKHY,xyz:SKHY,34,1790656140219,658,182.21499999999997,1.6465422612510494,626771.3911,564899.8096,760283.2305000001,629626.2747,20,20
hyperliquid,CXMT,xyz:CXMT,0,1790654100024,697,8.20565,2.3157458529854402,25493.03374,29107.51262,87732.66951,129302.15298999999,20,20
hyperliquid,CXMT,xyz:CXMT,1,1790654160493,653,8.20215,3.53628348799484,27923.71485,55580.46447,114037.45567000001,95510.01844999999,20,20
hyperliquid,CXMT,xyz:CXMT,2,1790654220163,766,8.205449999999999,2.5596021646934197,27051.58751,26377.99352,127919.52301,122978.50406,20,20
hyperliquid,CXMT,xyz:CXMT,3,1790654280275,412,8.20575,3.778552448745476,26633.822679999997,39520.35196,92432.49944,123744.03163000001,20,20
hyperliquid,CXMT,xyz:CXMT,4,1790654340080,759,8.2056,3.4128860827387086,27319.14984,52636.78935,93133.11433,123372.63172,20,20
hyperliquid,CXMT,xyz:CXMT,5,1790654400080,493,8.206900000000001,3.1685678073500867,19625.28526,36069.248830000004,126551.00189,125906.07253,20,20
hyperliquid,CXMT,xyz:CXMT,6,1790654460040,396,8.21145,3.0449928138165383,28251.171730000002,38190.00109,121545.51120000001,121093.9971,20,20
hyperliquid,CXMT,xyz:CXMT,7,1790654520045,516,8.21415,2.800438329477739,19504.29991,35657.10925,92664.15646,123544.84232,20,20
hyperliquid,CXMT,xyz:CXMT,8,1790654580549,314,8.218399999999999,2.677278424787488,27058.54478,36226.61928,93690.68914,94205.4514,20,20
hyperliquid,CXMT,xyz:CXMT,9,1790654640057,620,8.22175,0.851436495001856,25915.22377,33473.94823,126295.93292,117183.66492000001,20,20
hyperliquid,CXMT,xyz:CXMT,10,1790654700103,538,8.22185,2.5544959128054323,19421.56205,37374.986260000005,116081.75227,49788.54066,20,20
hyperliquid,CXMT,xyz:CXMT,11,1790654760305,820,8.22215,3.0410295709715207,46635.71065,17193.24887,122664.96412,36880.65489,20,20
hyperliquid,CXMT,xyz:CXMT,12,1790654820678,443,8.21695,3.773401173405855,23668.850010000002,25534.508110000002,52218.62636,109448.39331000001,20,20
hyperliquid,CXMT,xyz:CXMT,13,1790654880455,622,8.21825,3.52935449323466,26122.02126,24679.52883,86432.23197,120717.44815000001,20,20
hyperliquid,CXMT,xyz:CXMT,14,1790654940649,749,8.21905,3.5290109034269435,14198.08293,22354.1785,47468.27787,121907.94674000001,20,20
hyperliquid,CXMT,xyz:CXMT,15,1790655000527,774,8.2248,3.648170442522858,17923.8221,59230.53402,67544.79,122288.07227,20,20
hyperliquid,CXMT,xyz:CXMT,16,1790655060811,359,8.22145,3.5279805352783633,24313.703289999998,15948.139149999999,124420.75721999998,24351.726440000002,20,20
hyperliquid,CXMT,xyz:CXMT,17,1790655120661,793,8.2229,2.919104321490451,25034.309979999998,43992.605260000004,108655.70638999999,86992.61827,20,20
hyperliquid,CXMT,xyz:CXMT,18,1790655180591,581,8.224499999999999,2.188822413542457,17127.37565,32912.01758,126055.32132,92105.99625,20,20
hyperliquid,CXMT,xyz:CXMT,19,1790655240260,455,8.225,3.1615939297413576,17083.06725,32557.42935,93243.47623,89086.22407,20,20
hyperliquid,CXMT,xyz:CXMT,20,1790655300134,809,8.2326,3.401691126445616,17227.75328,43478.800690000004,68011.71863,118659.91308,20,20
hyperliquid,CXMT,xyz:CXMT,21,1790655359738,690,8.22715,3.525535820660952,26118.96482,22179.747870000003,120292.78207,60501.08714,20,20
hyperliquid,CXMT,xyz:CXMT,22,1790655420073,867,8.2267,3.647327724554117,15684.33764,34068.84069,121101.73620999999,48002.791509999995,20,20
hyperliquid,CXMT,xyz:CXMT,23,1790655480209,439,8.2286,2.673959282892824,24214.09201,48901.50972,91591.57062,119079.92396,20,20
hyperliquid,CXMT,xyz:CXMT,24,1790655540655,666,8.2233,3.648836021308277,37240.98924,26216.01605,120739.74187,64909.03518,20,20
hyperliquid,CXMT,xyz:CXMT,25,1790655600447,539,8.2317,2.429926980693775,24693.89762,43435.24026,65391.679670000005,114809.96168000001,20,20
hyperliquid,CXMT,xyz:CXMT,26,1790655660203,663,8.23495,1.5787620077012399,23806.21264,32056.94274,118608.11637,121241.11568999999,20,20
hyperliquid,CXMT,xyz:CXMT,27,1790655720468,808,8.2441,1.9409702424999509,15978.64009,23494.052570000003,65033.457780000004,73781.0316,20,20
hyperliquid,CXMT,xyz:CXMT,28,1790655780343,831,8.245249999999999,3.0325084910232114,23537.82956,34833.56806,89302.63087,47907.75366,20,20
hyperliquid,CXMT,xyz:CXMT,29,1790655840361,714,8.24125,3.5195029005530287,25453.78742,21940.145129999997,119373.74943,21940.145129999997,20,20
hyperliquid,CXMT,xyz:CXMT,30,1790655900989,431,8.24695,3.031883284623227,23987.32846,32511.56508,91518.91809,35414.24688,20,20
hyperliquid,CXMT,xyz:CXMT,31,1790655960679,653,8.24765,2.7890620263137933,23869.2,33895.44332,91343.3312,47630.223459999994,20,20
hyperliquid,CXMT,xyz:CXMT,32,1790656020844,661,8.2431,3.640069889341291,21354.21954,36250.54024,120228.82645,36250.54024,20,20
hyperliquid,CXMT,xyz:CXMT,33,1790656080309,566,8.2461,1.4553392759686368,25385.412760000003,36943.41562,77026.69357,52603.62107,20,20
hyperliquid,CXMT,xyz:CXMT,34,1790656140375,284,8.24935,2.303477037970403,16186.07959,49700.680960000005,37412.21552,49700.680960000005,20,20
hyperliquid,KORU,xyz:KORU,0,1790654100115,788,20.4055,1.4702999411886353,70532.4419,64712.2275,187871.0034,194219.5964,20,20
hyperliquid,KORU,xyz:KORU,1,1790654160520,680,20.386499999999998,0.4905327185333874,48757.0039,59894.7135,125480.5478,181636.42609999998,20,20
hyperliquid,KORU,xyz:KORU,2,1790654220312,397,20.349,1.965891777655493,68880.668,52304.912599999996,145188.0661,192462.4639,20,20
hyperliquid,KORU,xyz:KORU,3,1790654280264,401,20.3455,1.4746362563911042,56947.5346,81933.5783,97315.1838,224593.4068,20,20
hyperliquid,KORU,xyz:KORU,4,1790654340105,784,20.347,1.9660850331781887,23782.6309,74033.5851,109035.8488,211162.2589,20,20
hyperliquid,KORU,xyz:KORU,5,1790654400086,499,20.3525,1.4741290354280956,47033.6715,33887.0822,71694.16459999999,167584.5769,20,20
hyperliquid,KORU,xyz:KORU,6,1790654460177,533,20.3135,1.4769594328467583,42749.772,61015.0295,166445.9041,135535.7628,20,20
hyperliquid,KORU,xyz:KORU,7,1790654520069,540,20.317,2.953628039774614,54642.511699999995,47970.8148,163118.18829999998,139317.82319999998,20,20
hyperliquid,KORU,xyz:KORU,8,1790654580622,387,20.2955,1.4782694392434514,59800.5628,17316.765199999998,155184.9985,97851.4853,20,20
hyperliquid,KORU,xyz:KORU,9,1790654640296,317,20.257,2.962377801916105,83477.8412,19478.9355,152270.1734,136468.3995,20,20
hyperliquid,KORU,xyz:KORU,10,1790654700188,623,20.279,1.9726784041029788,59071.8947,26923.3146,125873.14279999999,125285.13249999999,20,20
hyperliquid,KORU,xyz:KORU,11,1790654760326,841,20.302500000000002,0.49256230913341525,82862.9095,10554.4359,159653.4273,159841.4705,20,20
hyperliquid,KORU,xyz:KORU,12,1790654820694,459,20.266,2.961062034247952,45409.2307,81730.7719,164412.0507,189352.8037,20,20
hyperliquid,KORU,xyz:KORU,13,1790654880479,646,20.265,1.9740413561653014,49312.0352,74537.3651,160455.0425,175985.76499999998,20,20
hyperliquid,KORU,xyz:KORU,14,1790654940686,786,20.261000000000003,1.9744311170355466,79554.6829,12871.3917,115688.8987,154711.1932,20,20
hyperliquid,KORU,xyz:KORU,15,1790655000533,780,20.2745,1.4798007201699548,51822.7947,26885.5003,114754.9095,81525.8694,20,20
hyperliquid,KORU,xyz:KORU,16,1790655060808,356,20.2865,0.49295080350786336,64038.8486,51782.391800000005,94572.9498,174077.5268,20,20
hyperliquid,KORU,xyz:KORU,17,1790655120745,334,20.2705,1.4800927524794005,39374.7932,11952.2978,163171.9048,115324.247,20,20
hyperliquid,KORU,xyz:KORU,18,1790655180674,664,20.247,0.9878494517456815,52086.555799999995,43297.8529,171237.6263,111458.81229999999,20,20
hyperliquid,KORU,xyz:KORU,19,1790655240273,468,20.2735,1.4798737174426257,51422.564,32098.9587,107590.67009999999,107575.7125,20,20
hyperliquid,KORU,xyz:KORU,20,1790655300180,317,20.2855,1.4789982252016998,42455.004,43382.3284,104187.9001,123993.3115,20,20
hyperliquid,KORU,xyz:KORU,21,1790655359890,303,20.2905,1.4786337424221863,121765.30649999999,50144.4757,213899.6205,163887.3375,20,20
hyperliquid,KORU,xyz:KORU,22,1790655420202,375,20.302999999999997,0.9851246182646101,31024.7249,90389.9678,108158.6385,190828.3947,20,20
hyperliquid,KORU,xyz:KORU,23,1790655480218,448,20.3185,1.476595954126303,46506.837700000004,19154.5258,196414.9588,116468.4215,20,20
hyperliquid,KORU,xyz:KORU,24,1790655540658,669,20.3335,0.4918113411700453,45087.0176,83222.9213,75098.0693,188703.7565,20,20
hyperliquid,KORU,xyz:KORU,25,1790655600508,600,20.362000000000002,3.929659102073213,55698.4957,9437.9601,293628.8467,93066.3023,20,20
hyperliquid,KORU,xyz:KORU,26,1790655660267,727,20.3645,2.4555544642002047,19619.5889,67293.1323,185282.33250000002,102095.9955,20,20
hyperliquid,KORU,xyz:KORU,27,1790655720535,875,20.3795,1.4721758759450587,82179.2546,27431.494599999998,116146.9212,116619.89809999999,20,20
hyperliquid,KORU,xyz:KORU,28,1790655780348,836,20.3795,1.4721758759450587,92895.0126,29119.5799,169581.1926,113643.1264,20,20
hyperliquid,KORU,xyz:KORU,29,1790655840430,783,20.351,1.9656985601268495,80651.5851,33138.8544,305316.4554,41395.3212,20,20
hyperliquid,KORU,xyz:KORU,30,1790655901072,514,20.4095,0.48997991082488923,3082.6112,25664.972700000002,57033.806899999996,99273.21049999999,20,20
hyperliquid,KORU,xyz:KORU,31,1790655960691,665,20.3825,1.4719591776657381,44200.852300000006,35472.5113,119194.62700000001,133849.193,20,20
hyperliquid,KORU,xyz:KORU,32,1790656020916,733,20.3675,2.455192732631062,19675.0352,89003.1179,117646.5847,161427.7786,20,20
hyperliquid,KORU,xyz:KORU,33,1790656080458,715,20.366,2.9465206501999575,57592.664600000004,42977.134399999995,124983.9765,161155.3862,20,20
hyperliquid,KORU,xyz:KORU,34,1790656140473,382,20.3765,3.4359200903155696,23514.1106,70636.0934,109018.6492,190635.1635,20,20
hyperliquid,UNITREE,xyz:UNITREE,0,1790654100153,291,67.79050000000001,0.14751438265125927,21360.29991,19084.40233,21360.29991,19084.40233,20,20
hyperliquid,UNITREE,xyz:UNITREE,1,1790654160542,702,67.7985,1.0325245224573898,16132.95275,8494.54437,16132.95275,8494.54437,20,20
hyperliquid,UNITREE,xyz:UNITREE,2,1790654220307,392,67.777,0.2950897072717673,12005.69215,10124.62386,12005.69215,10124.62386,20,20
hyperliquid,UNITREE,xyz:UNITREE,3,1790654280340,477,67.75399999999999,1.4760365466659486,18757.81077,8141.81224,18757.81077,8141.81224,20,20
hyperliquid,UNITREE,xyz:UNITREE,4,1790654340186,340,67.7305,1.03356120896958,22951.61624,9484.69278,22951.61624,9484.69278,20,20
hyperliquid,UNITREE,xyz:UNITREE,5,1790654400146,559,67.7645,1.6234005814719232,10786.69002,19091.87399,10786.69002,19091.87399,20,20
hyperliquid,UNITREE,xyz:UNITREE,6,1790654460217,573,67.771,0.8853736276703827,8208.50507,21856.16843,8208.50507,21856.16843,20,20
hyperliquid,UNITREE,xyz:UNITREE,7,1790654520072,543,67.773,0.2951071238843639,22157.37753,29627.6957,22157.37753,29627.6957,20,20
hyperliquid,UNITREE,xyz:UNITREE,8,1790654580743,508,67.773,0.2951071238843639,23128.37235,13505.21112,23128.37235,13505.21112,20,20
hyperliquid,UNITREE,xyz:UNITREE,9,1790654640397,418,67.789,0.5900836443561985,10409.20087,25613.9101,10409.20087,25613.9101,20,20
hyperliquid,UNITREE,xyz:UNITREE,10,1790654700206,641,67.8205,0.14744913005015903,22153.17247,20441.008280000002,22153.17247,20441.008280000002,20,20
hyperliquid,UNITREE,xyz:UNITREE,11,1790654760350,865,67.8625,0.147357873332421,32960.19846,8959.20157,32960.19846,8959.20157,20,20
hyperliquid,UNITREE,xyz:UNITREE,12,1790654820698,463,67.84649999999999,0.1473926244721646,41288.232169999996,13648.19688,42173.41285,13648.19688,20,20
hyperliquid,UNITREE,xyz:UNITREE,13,1790654880618,785,67.8045,0.7374413734106966,34676.293490000004,11234.187,34676.293490000004,11234.187,20,20
hyperliquid,UNITREE,xyz:UNITREE,14,1790654940848,410,67.78550000000001,0.4425823203124679,34016.95392,10069.32822,34016.95392,10069.32822,20,20
hyperliquid,UNITREE,xyz:UNITREE,15,1790655000530,777,67.79650000000001,0.1475013275098469,25561.83551,10609.58449,25561.83551,10609.58449,20,20
hyperliquid,UNITREE,xyz:UNITREE,16,1790655060844,392,67.79400000000001,0.29501570958601064,12588.01217,11340.79245,12588.01217,11340.79245,20,20
hyperliquid,UNITREE,xyz:UNITREE,17,1790655120828,417,67.8325,0.14742304517145755,13146.12551,16048.52067,13146.12551,16048.52067,20,20
hyperliquid,UNITREE,xyz:UNITREE,18,1790655180662,587,67.80950000000001,0.442425672486646,20021.03448,11892.15842,20021.03448,11892.15842,20,20
hyperliquid,UNITREE,xyz:UNITREE,19,1790655240270,465,67.8235,0.1474426079650648,32830.46381,14802.143989999999,32830.46381,14802.143989999999,20,20
hyperliquid,UNITREE,xyz:UNITREE,20,1790655300207,344,67.8515,0.14738176298045857,10982.38048,11210.99311,10982.38048,11210.99311,20,20
hyperliquid,UNITREE,xyz:UNITREE,21,1790655359879,292,67.8535,0.14737741883319444,29131.505380000002,11183.34691,29131.505380000002,11183.34691,20,20
hyperliquid,UNITREE,xyz:UNITREE,22,1790655420207,380,67.89750000000001,0.14728191230606313,21528.211170000002,20368.00203,21528.211170000002,20368.00203,20,20
hyperliquid,UNITREE,xyz:UNITREE,23,1790655480255,485,67.9445,3.0912356110346373,32958.10695,11924.87715,32958.10695,11924.87715,20,20
hyperliquid,UNITREE,xyz:UNITREE,24,1790655540747,758,67.9525,0.7358351729203072,8455.90028,8202.72135,8455.90028,8202.72135,20,20
hyperliquid,UNITREE,xyz:UNITREE,25,1790655600558,650,67.95349999999999,0.4414881092529299,37372.329580000005,11481.48336,37372.329580000005,11481.48336,20,20
hyperliquid,UNITREE,xyz:UNITREE,26,1790655660367,827,67.9625,0.735726898177802,20577.56737,12928.32951,20577.56737,12928.32951,20,20
hyperliquid,UNITREE,xyz:UNITREE,27,1790655720686,374,67.9755,0.14711290915903064,19862.583740000002,17710.16379,19862.583740000002,17710.16379,20,20
hyperliquid,UNITREE,xyz:UNITREE,28,1790655780440,928,68.00450000000001,0.14705017351790417,24187.80766,15288.03633,24187.80766,15288.03633,20,20
hyperliquid,UNITREE,xyz:UNITREE,29,1790655840655,486,67.97999999999999,0.5884256671273569,35368.38636,9738.10211,35368.38636,9738.10211,20,20
hyperliquid,UNITREE,xyz:UNITREE,30,1790655901051,493,67.96199999999999,0.5885815185413534,23162.888030000002,9561.935519999999,23162.888030000002,9561.935519999999,20,20
hyperliquid,UNITREE,xyz:UNITREE,31,1790655960710,684,68.0335,0.14698749136510258,16414.8927,13191.3847,16414.8927,13191.3847,20,20
hyperliquid,UNITREE,xyz:UNITREE,32,1790656020971,313,67.965,0.8828462964594053,41317.04174,10681.740389999999,41317.04174,10681.740389999999,20,20
hyperliquid,UNITREE,xyz:UNITREE,33,1790656080439,696,67.983,1.1768340222717555,35812.491180000005,8439.13485,35812.491180000005,8439.13485,20,20
hyperliquid,UNITREE,xyz:UNITREE,34,1790656140493,402,67.983,1.1768340222717555,21253.34335,13577.97747,21253.34335,13577.97747,20,20
hyperliquid,SOXL,xyz:SOXL,0,1790654100203,341,139.365,2.1528525296021783,246515.8313,117491.5521,374572.9979,510174.0953,20,20
hyperliquid,SOXL,xyz:SOXL,1,1790654160648,808,139.20999999999998,1.4367816091964691,174636.1781,157202.2045,356086.3322,403071.4245,20,20
hyperliquid,SOXL,xyz:SOXL,2,1790654220316,401,139.085,0.7190106413568209,273820.9075,171345.9202,391537.3728,290317.1657,20,20
hyperliquid,SOXL,xyz:SOXL,3,1790654280371,508,138.95499999999998,0.7196833393319224,223410.9254,150771.7088,409951.3073,407434.9895,20,20
hyperliquid,SOXL,xyz:SOXL,4,1790654340255,409,138.98000000000002,1.4391595308338445,175681.8302,289808.9411,408353.4657,516899.6469,20,20
hyperliquid,SOXL,xyz:SOXL,5,1790654400267,680,139.02499999999998,2.15811812099842,206193.4261,180544.6439,411156.7107,418141.00529999996,20,20
hyperliquid,SOXL,xyz:SOXL,6,1790654460224,580,138.695,0.721032518566922,216831.8842,239656.5107,376022.5516,549449.1207,20,20
hyperliquid,SOXL,xyz:SOXL,7,1790654520165,636,138.905,0.7199424046078207,187668.1012,213014.2317,401515.0045,564470.9785,20,20
hyperliquid,SOXL,xyz:SOXL,8,1790654580747,512,138.87,1.4402995823115106,160867.4273,211114.79069999998,319917.8098,429757.9436,20,20
hyperliquid,SOXL,xyz:SOXL,9,1790654640243,806,138.83499999999998,2.1610718916575955,215855.20239999998,154421.3313,480892.3515,337652.0305,20,20
hyperliquid,SOXL,xyz:SOXL,10,1790654700218,653,138.79500000000002,2.161694768698652,210135.7493,281995.4995,370540.7551,534746.3517,20,20
hyperliquid,SOXL,xyz:SOXL,11,1790654760495,332,138.825,2.161227577264224,237318.4725,183157.6978,432675.5295,415145.34599999996,20,20
hyperliquid,SOXL,xyz:SOXL,12,1790654820969,734,138.875,0.7200979333177315,219321.1171,198951.9871,389811.5174,408764.1813,20,20
hyperliquid,SOXL,xyz:SOXL,13,1790654880624,791,138.72500000000002,2.162785667940703,186382.90649999998,157809.414,431638.1246,471150.0504,20,20
hyperliquid,SOXL,xyz:SOXL,14,1790654940795,357,138.635,0.7213445863074597,222206.48080000002,129536.1028,456654.372,358011.2752,20,20
hyperliquid,SOXL,xyz:SOXL,15,1790655000597,844,138.87,1.4402995823115106,131326.5302,182687.6436,337634.4123,396531.2805,20,20
hyperliquid,SOXL,xyz:SOXL,16,1790655060888,436,138.925,2.1596717298977275,145268.6999,156438.5217,312974.2293,434956.7633,20,20
hyperliquid,SOXL,xyz:SOXL,17,1790655120857,446,138.885,2.1602937999576355,170669.0139,241966.7758,317720.0855,539608.1457,20,20
hyperliquid,SOXL,xyz:SOXL,18,1790655180689,679,138.64999999999998,1.4425851125232647,227956.1913,175925.87840000002,409277.74210000003,308771.2892,20,20
hyperliquid,SOXL,xyz:SOXL,19,1790655240282,477,138.84,1.4406108189857214,228564.3175,166765.9943,344554.4216,372018.4744,20,20
hyperliquid,SOXL,xyz:SOXL,20,1790655300311,448,138.82,1.4408183848435563,265704.5441,152157.9355,433532.7974,345786.5572,20,20
hyperliquid,SOXL,xyz:SOXL,21,1790655359904,317,138.735,2.1626297577848064,252086.32020000002,135856.56960000002,445039.6623,370300.5237,20,20
hyperliquid,SOXL,xyz:SOXL,22,1790655420291,464,138.925,0.7198387561202502,251921.15240000002,212815.476,601437.763,531167.2925999999,20,20
hyperliquid,SOXL,xyz:SOXL,23,1790655480275,505,139.005,2.1584286639320105,212150.147,215274.50770000002,437548.4379,448417.4973,20,20
hyperliquid,SOXL,xyz:SOXL,24,1790655540760,771,139.135,2.1564117308803255,241834.77120000002,207851.7948,492381.7183,494736.703,20,20
hyperliquid,SOXL,xyz:SOXL,25,1790655600644,736,139.255,0.7181328545780019,341540.9617,143606.9782,464435.5774,338542.8541,20,20
hyperliquid,SOXL,xyz:SOXL,26,1790655660391,851,139.07,1.4382281029767796,192376.2697,164243.9529,425755.74700000003,368721.144,20,20
hyperliquid,SOXL,xyz:SOXL,27,1790655720834,522,139.175,2.1557918942227694,189316.0806,267338.2056,467350.6703,552620.1311,20,20
hyperliquid,SOXL,xyz:SOXL,28,1790655780551,436,139.175,0.7185456635783183,219479.3579,299881.6371,405801.6,458643.982,20,20
hyperliquid,SOXL,xyz:SOXL,29,1790655840578,409,139.0,1.4389524426206002,205472.55349999998,260735.90589999998,360305.5691,500832.19109999994,20,20
hyperliquid,SOXL,xyz:SOXL,30,1790655901107,549,139.23000000000002,1.436575204711854,205729.3818,166806.344,386897.037,385903.4653,20,20
hyperliquid,SOXL,xyz:SOXL,31,1790655960835,809,139.055,2.1576524741084846,221405.64029999997,153114.6882,377030.29549999995,355894.6948,20,20
hyperliquid,SOXL,xyz:SOXL,32,1790656021117,459,138.92000000000002,1.4397811532651517,240522.06949999998,157753.7353,413414.9853,586226.8574,20,20
hyperliquid,SOXL,xyz:SOXL,33,1790656080494,751,138.81,1.4409221902011993,158004.8231,164424.3408,405811.5666,442594.9361,20,20
hyperliquid,SOXL,xyz:SOXL,34,1790656140441,350,138.90499999999997,2.159982720137954,175306.3347,183666.5536,375014.3888,546913.8147,20,20
hyperliquid,IREN,xyz:IREN,0,1790654100213,351,41.585,2.886072296111042,332.55600000000004,17584.8945,332.55600000000004,39032.8897,20,20
hyperliquid,IREN,xyz:IREN,1,1790654160685,303,41.5705,2.1652311985764783,598.4168,16025.282,598.4168,131036.66440000001,20,20
hyperliquid,IREN,xyz:IREN,2,1790654220353,438,41.5565,2.64734904093622,1761.1359999999997,21041.283199999998,1761.1359999999997,135295.1293,20,20
hyperliquid,IREN,xyz:IREN,3,1790654280504,641,41.544,2.88892098801119,5314.508,23915.2233,5314.508,59874.2378,20,20
hyperliquid,IREN,xyz:IREN,4,1790654340286,440,41.512,2.8911482677207445,597.5208,22956.3339,597.5208,137866.1784,20,20
hyperliquid,IREN,xyz:IREN,5,1790654400273,686,41.513,2.8910786132452237,597.5288,23993.5814,597.5288,50382.91039999999,20,20
hyperliquid,IREN,xyz:IREN,6,1790654460229,585,41.489,2.8927512474985484,6290.236900000001,16046.7104,6290.236900000001,127208.25189999999,20,20
hyperliquid,IREN,xyz:IREN,7,1790654520234,705,41.495000000000005,2.4102193299579966,1758.5839999999998,21207.5897,1758.5839999999998,144358.55289999998,20,20
hyperliquid,IREN,xyz:IREN,8,1790654580747,512,41.491,2.4104517186529506,331.812,17159.9836,331.812,141490.721,20,20
hyperliquid,IREN,xyz:IREN,9,1790654640245,808,41.4815,2.6521361751385975,331.732,23583.8994,331.732,147369.8978,20,20
hyperliquid,IREN,xyz:IREN,10,1790654700292,727,41.4785,2.6523280206403044,331.69440000000003,20407.4282,331.69440000000003,39144.1484,20,20
hyperliquid,IREN,xyz:IREN,11,1790654760493,402,41.4705,2.6528397443614793,1757.868,20391.9312,1757.868,43874.8083,20,20
hyperliquid,IREN,xyz:IREN,12,1790654820888,653,41.457499999999996,2.653671716685846,2258.3624,16636.4162,2258.3624,25941.9788,20,20
hyperliquid,IREN,xyz:IREN,13,1790654880651,818,41.450500000000005,2.6541199179641595,11007.493,11588.2976,57201.503,39375.3278,20,20
hyperliquid,IREN,xyz:IREN,14,1790654940842,404,41.442,2.413302121293537,16168.026600000001,16920.6516,38361.347200000004,23131.6823,20,20
hyperliquid,IREN,xyz:IREN,15,1790655000722,426,41.455,2.8951241284480567,11107.545,18361.5233,51609.8533,18361.5233,20,20
hyperliquid,IREN,xyz:IREN,16,1790655061001,549,41.45,0.48252068807430604,15850.7657,5328.819,70121.0327,5328.819,20,20
hyperliquid,IREN,xyz:IREN,17,1790655120854,443,41.4595,3.618643250025144,15751.4689,20817.6305,34451.0521,36300.8033,20,20
hyperliquid,IREN,xyz:IREN,18,1790655180783,273,41.448,2.412952730257434,331.468,20003.4504,331.468,60287.3035,20,20
hyperliquid,IREN,xyz:IREN,19,1790655240587,782,41.4615,0.7235890014478663,1769.3603999999998,17155.2643,1769.3603999999998,131484.17359999998,20,20
hyperliquid,IREN,xyz:IREN,20,1790655300326,463,41.464,2.8944956341359074,331.588,21305.0493,331.588,40730.7255,20,20
hyperliquid,IREN,xyz:IREN,21,1790655359939,352,41.4585,3.1361574833566053,1756.904,16355.8005,1756.904,33860.2908,20,20
hyperliquid,IREN,xyz:IREN,22,1790655420304,477,41.4625,3.6183813773971174,331.564,16374.7831,331.564,30156.4735,20,20
hyperliquid,IREN,xyz:IREN,23,1790655480404,634,41.463,3.377074488613019,331.572,22304.686299999998,331.572,37667.7766,20,20
hyperliquid,IREN,xyz:IREN,24,1790655540852,322,41.494,2.892402622445278,331.82800000000003,5051.9357,331.82800000000003,5051.9357,20,20
hyperliquid,IREN,xyz:IREN,25,1790655600677,769,41.5095,2.6503469545113845,2709.2414,17264.518099999998,2709.2414,42633.212,20,20
hyperliquid,IREN,xyz:IREN,26,1790655660394,854,41.5035,2.650730155671077,10864.040099999998,16910.6218,51590.486999999994,16910.6218,20,20
hyperliquid,IREN,xyz:IREN,27,1790655720694,382,41.5165,2.649900026499008,2709.6641,9105.8203,2709.6641,9105.8203,20,20
hyperliquid,IREN,xyz:IREN,28,1790655780561,446,41.5025,2.1687792182767396,16629.065,16894.6947,59623.058699999994,21893.039399999998,20,20
hyperliquid,IREN,xyz:IREN,29,1790655840663,494,41.5015,2.6508579140149813,4998.2542,17429.495,17866.456,17429.495,20,20
hyperliquid,IREN,xyz:IREN,30,1790655901184,626,41.5175,2.649836191945809,10914.9395,20842.7754,23537.1527,35129.5073,20,20
hyperliquid,IREN,xyz:IREN,31,1790655960880,301,41.5115,2.6502192454103124,5933.2759,16379.7942,5999.6239,35162.2917,20,20
hyperliquid,IREN,xyz:IREN,32,1790656021103,445,41.5115,2.6502192454103124,5933.2759,16346.5746,5999.6239,38253.0817,20,20
hyperliquid,IREN,xyz:IREN,33,1790656080500,757,41.5055,2.6506024096395464,1759.1799999999998,16362.2748,1759.1799999999998,35145.163499999995,20,20
hyperliquid,IREN,xyz:IREN,34,1790656140570,479,41.5015,2.6508579140149813,2708.5469999999996,22259.9991,2708.5469999999996,37248.004199999996,20,20
hyperliquid,AAOI,xyz:AAOI,0,1790654100303,441,95.6505,1.7774617845733864,3919.83563,11540.97677,11881.86681,12044.66513,20,20
hyperliquid,AAOI,xyz:AAOI,1,1790654160791,409,95.597,2.510854213526592,3117.23919,16589.25199,6190.915309999999,22185.1545,20,20
hyperliquid,AAOI,xyz:AAOI,2,1790654220511,596,95.58449999999999,0.9416195856881693,2295.68761,15451.836659999999,3892.8039400000002,40640.634640000004,20,20
hyperliquid,AAOI,xyz:AAOI,3,1790654280457,594,95.55250000000001,0.9419349436923241,6706.39462,14029.10629,12212.478369999999,19552.22974,20,20
hyperliquid,AAOI,xyz:AAOI,4,1790654340298,452,95.52850000000001,1.5703353189344682,6261.47377,15677.7743,9197.561819999999,19058.75329,20,20
hyperliquid,AAOI,xyz:AAOI,5,1790654400270,683,95.5565,1.779210449197599,2517.61705,17384.32799,11064.06762,22801.04776,20,20
hyperliquid,AAOI,xyz:AAOI,6,1790654460365,721,95.3965,1.782194825343808,8042.05401,10218.142,13472.539729999999,12627.735859999999,20,20
hyperliquid,AAOI,xyz:AAOI,7,1790654520276,747,95.423,2.515433230969588,8243.3516,10099.17685,8858.139799999999,12095.802099999999,20,20
hyperliquid,AAOI,xyz:AAOI,8,1790654580816,581,95.4,1.6772895001682109,4077.19485,11005.09577,9878.78415,12789.11557,20,20
hyperliquid,AAOI,xyz:AAOI,9,1790654640450,471,95.362,1.677957925205753,4358.92724,8889.04891,7069.6861499999995,17167.79284,20,20
hyperliquid,AAOI,xyz:AAOI,10,1790654700385,820,95.3805,1.782493813697883,2164.97493,13131.42142,4214.83473,19029.349169999998,20,20
hyperliquid,AAOI,xyz:AAOI,11,1790654760537,446,95.35900000000001,1.6780107182934323,12100.58066,13206.19716,12614.96126,13905.95804,20,20
hyperliquid,AAOI,xyz:AAOI,12,1790654820972,737,95.352,1.6781339150861996,3451.45931,10668.9135,10963.68082,12539.89529,20,20
hyperliquid,AAOI,xyz:AAOI,13,1790654880666,833,95.3485,1.7830920914607695,7157.41785,13785.21946,8107.04343,19456.83074,20,20
hyperliquid,AAOI,xyz:AAOI,14,1790654940874,436,95.31700000000001,1.6787501704995655,11135.05889,10136.06015,13948.2004,16643.02512,20,20
hyperliquid,AAOI,xyz:AAOI,15,1790655000728,432,95.3315,2.62277195522298,2659.18979,17211.20406,8650.020639999999,23865.51172,20,20
hyperliquid,AAOI,xyz:AAOI,16,1790655061004,552,95.3075,2.6234324990803692,7198.85653,4524.19025,15981.59457,10647.49789,20,20
hyperliquid,AAOI,xyz:AAOI,17,1790655120952,541,95.3295,3.462276919203866,6993.549720000001,14538.208229999998,14064.206619999999,17628.613729999997,20,20
hyperliquid,AAOI,xyz:AAOI,18,1790655180877,367,95.3175,1.5738117721131317,2081.60477,10792.03024,8170.416810000001,24117.61768,20,20
hyperliquid,AAOI,xyz:AAOI,19,1790655240583,778,95.3725,1.7826433454959378,4524.26806,11228.65643,6249.3265,17316.40091,20,20
hyperliquid,AAOI,xyz:AAOI,20,1790655300372,509,95.378,1.6776764181591908,6299.1950799999995,11306.61574,30159.23201,17258.81321,20,20
hyperliquid,AAOI,xyz:AAOI,21,1790655360069,482,95.39750000000001,0.943465453440151,3515.4392,16252.37724,4971.4883,19277.97146,20,20
hyperliquid,AAOI,xyz:AAOI,22,1790655420460,633,95.4015,1.3627548613670548,4815.821779999999,17088.21397,6935.91666,29720.53707,20,20
hyperliquid,AAOI,xyz:AAOI,23,1790655480425,655,95.4325,1.5719151165827228,4314.27573,17010.16773,8660.88892,23507.38789,20,20
hyperliquid,AAOI,xyz:AAOI,24,1790655540888,358,95.4645,2.619117462181464,7313.6142899999995,20945.99802,8990.82443,30349.49474,20,20
hyperliquid,AAOI,xyz:AAOI,25,1790655600702,794,95.4975,1.3613848425508834,5189.26498,12369.46875,12672.53114,19078.52376,20,20
hyperliquid,AAOI,xyz:AAOI,26,1790655660453,913,95.50200000000001,0.8377138788251415,4160.01185,18503.31747,10206.81586,19180.18317,20,20
hyperliquid,AAOI,xyz:AAOI,27,1790655720718,406,95.52250000000001,0.9422307837270161,6726.462589999999,18483.32709,10074.36781,21187.77534,20,20
hyperliquid,AAOI,xyz:AAOI,28,1790655780559,444,95.53800000000001,0.8373982037812588,6402.07538,13398.052329999999,9773.66848,20103.5208,20,20
hyperliquid,AAOI,xyz:AAOI,29,1790655840620,451,95.51400000000001,0.8376086273687022,5556.75984,13421.3226,11904.13711,14762.96006,20,20
hyperliquid,AAOI,xyz:AAOI,30,1790655901265,707,95.5705,1.7789497917575225,7714.66568,13097.19779,10051.582989999999,18772.62467,20,20
hyperliquid,AAOI,xyz:AAOI,31,1790655960885,306,95.513,0.8376173973134726,7732.99997,14686.551159999999,10405.341209999999,20698.91248,20,20
hyperliquid,AAOI,xyz:AAOI,32,1790656021106,448,95.4885,1.7804775869278977,5564.95258,11860.41048,7253.01574,20556.21146,20,20
hyperliquid,AAOI,xyz:AAOI,33,1790656080633,343,95.46000000000001,0.838082467313761,5256.40429,12395.35188,7371.28545,20713.99248,20,20
hyperliquid,AAOI,xyz:AAOI,34,1790656140647,556,95.488,1.4662603030979326,4978.39274,17976.81666,10205.96025,20681.08251,20,20
hyperliquid,MRNA,xyz:MRNA,0,1790654100348,486,195.385,2.559377559376852,43498.0972,39497.264,153938.2525,204923.9449,20,20
hyperliquid,MRNA,xyz:MRNA,1,1790654160786,404,195.135,2.5626569627390516,130472.1281,28580.6388,197577.6391,170669.3157,20,20
hyperliquid,MRNA,xyz:MRNA,2,1790654220518,603,195.055,2.5637081474649825,118547.24740000001,32836.6303,185005.4248,180508.1545,20,20
hyperliquid,MRNA,xyz:MRNA,3,1790654280524,661,195.01,2.051387250627812,47252.637899999994,47557.734,230495.8965,160377.70739999998,20,20
hyperliquid,MRNA,xyz:MRNA,4,1790654340414,568,194.985,3.59066427289223,58254.7781,29282.1889,347105.9022,318959.9361,20,20
hyperliquid,MRNA,xyz:MRNA,5,1790654400339,752,195.155,2.5623943012353934,41858.274300000005,55632.6409,159077.4099,169082.8213,20,20
hyperliquid,MRNA,xyz:MRNA,6,1790654460410,766,195.065,2.5635767022147427,54371.962700000004,39738.3752,186465.4152,176364.3267,20,20
hyperliquid,MRNA,xyz:MRNA,7,1790654520313,784,195.08999999999997,5.127153404429485,38418.1569,35927.7517,179834.4857,332181.166,20,20
hyperliquid,MRNA,xyz:MRNA,8,1790654580945,710,195.085,2.5633138521485854,45405.0489,30626.7343,215029.5678,292677.038,20,20
hyperliquid,MRNA,xyz:MRNA,9,1790654640436,457,194.985,3.59066427289223,72155.7395,32649.1764,173015.5536,167824.8919,20,20
hyperliquid,MRNA,xyz:MRNA,10,1790654700413,848,195.005,3.590295942965671,141550.7267,43828.2339,329981.9485,215252.3315,20,20
hyperliquid,MRNA,xyz:MRNA,11,1790654760602,439,195.0,5.129520389843822,135164.33299999998,31214.394099999998,216159.77709999998,150153.3197,20,20
hyperliquid,MRNA,xyz:MRNA,12,1790654820911,676,195.085,3.5888233786196544,60078.8526,32424.3398,203047.8451,167183.5308,20,20
hyperliquid,MRNA,xyz:MRNA,13,1790654880811,427,195.085,2.5633138521485854,56582.8595,29357.4054,227952.8984,214736.7537,20,20
hyperliquid,MRNA,xyz:MRNA,14,1790654940990,552,195.085,3.5888233786196544,57462.4102,27608.489,197589.4288,175025.8265,20,20
hyperliquid,MRNA,xyz:MRNA,15,1790655000719,423,195.04500000000002,3.5895595097690247,64337.6304,29270.6812,202666.2549,167251.568,20,20
hyperliquid,MRNA,xyz:MRNA,16,1790655061038,586,195.04500000000002,3.5895595097690247,46481.5208,61640.4804,199522.8625,293992.2376,20,20
hyperliquid,MRNA,xyz:MRNA,17,1790655121024,613,195.185,3.586984370995694,41920.2805,48423.5476,199947.06889999998,204400.826,20,20
hyperliquid,MRNA,xyz:MRNA,18,1790655180857,347,195.20499999999998,2.561737882977866,44757.8514,47800.779899999994,143177.0181,227345.54809999999,20,20
hyperliquid,MRNA,xyz:MRNA,19,1790655240458,653,195.195,3.58680057388705,40355.362499999996,48117.98269999999,117603.739,228223.2936,20,20
hyperliquid,MRNA,xyz:MRNA,20,1790655300416,553,195.20499999999998,2.561737882977866,40680.642799999994,42509.161199999995,117041.6433,215868.5337,20,20
hyperliquid,MRNA,xyz:MRNA,21,1790655360073,486,195.14,3.075188355285974,51701.9594,27934.8267,195963.1095,166657.6766,20,20
hyperliquid,MRNA,xyz:MRNA,22,1790655420465,638,195.17000000000002,2.049705354854048,44408.265400000004,29361.0206,184899.4804,213990.16,20,20
hyperliquid,MRNA,xyz:MRNA,23,1790655480455,685,195.12,2.050230650947338,51214.1174,21417.3237,124892.6354,170323.2677,20,20
hyperliquid,MRNA,xyz:MRNA,24,1790655540939,409,195.175,3.5871681869448224,36109.5437,14102.516099999999,109787.9741,82440.90269999999,20,20
hyperliquid,MRNA,xyz:MRNA,25,1790655600754,285,195.195,3.58680057388705,36438.4758,14103.088699999998,104946.501,81311.8341,20,20
hyperliquid,MRNA,xyz:MRNA,26,1790655660573,503,195.175,3.5871681869448224,24062.9858,13436.1379,121625.5029,90749.054,20,20
hyperliquid,MRNA,xyz:MRNA,27,1790655720917,605,195.155,2.5623943012353934,41180.416,62457.5416,143561.5997,171428.3373,20,20
hyperliquid,MRNA,xyz:MRNA,28,1790655780667,552,195.17,3.074715588808896,61115.474500000004,30241.3638,203420.6682,178706.1993,20,20
hyperliquid,MRNA,xyz:MRNA,29,1790655840791,622,195.1,3.0758189367929845,46878.7867,21572.3913,200793.182,109177.2429,20,20
hyperliquid,MRNA,xyz:MRNA,30,1790655901318,760,195.18,2.0496003279357744,33253.4975,31341.488,156932.2885,207161.4284,20,20
hyperliquid,MRNA,xyz:MRNA,31,1790655960913,334,195.195,2.561869139725559,47210.1215,54588.4934,102334.51090000001,175754.8074,20,20
hyperliquid,MRNA,xyz:MRNA,32,1790656021161,503,195.125,3.5880875493354836,51537.1743,25274.9848,198145.0227,164981.0111,20,20
hyperliquid,MRNA,xyz:MRNA,33,1790656080641,351,195.175,2.56213169356867,44321.936799999996,42853.6552,122606.651,190095.4147,20,20
hyperliquid,MRNA,xyz:MRNA,34,1790656140667,576,195.125,2.562788313686948,41432.3759,14835.386799999998,108237.73319999999,74710.4366,20,20
hyperliquid,BMNR,xyz:BMNR,0,1790654100402,540,26.823999999999998,3.7286998023788875,854.7900500000001,15988.27156,18915.35565,37427.32588,20,20
hyperliquid,BMNR,xyz:BMNR,1,1790654160836,454,26.826,4.474272930647949,815.4768,14830.245920000001,18989.75796,30775.924320000002,20,20
hyperliquid,BMNR,xyz:BMNR,2,1790654220520,605,26.7975,5.599104143336753,824.36595,12072.99549,15874.10754,34137.77903,20,20
hyperliquid,BMNR,xyz:BMNR,3,1790654280564,701,26.7965,4.85255692422637,832.5649,16302.09954,18626.69584,28423.40383,20,20
hyperliquid,BMNR,xyz:BMNR,4,1790654340455,609,26.797,3.7324574499852936,901.82545,13591.33612,8489.32364,29494.28664,20,20
hyperliquid,BMNR,xyz:BMNR,5,1790654400459,872,26.805,4.47777902160551,896.55782,15717.57136,10188.7585,38988.51429,20,20
hyperliquid,BMNR,xyz:BMNR,6,1790654460406,762,26.7805,5.602659395660403,1534.94884,13636.84321,9788.10211,34919.88238,20,20
hyperliquid,BMNR,xyz:BMNR,7,1790654520356,827,26.808500000000002,6.343283582088688,904.95564,13587.10781,12203.58182,26801.78783,20,20
hyperliquid,BMNR,xyz:BMNR,8,1790654580939,704,26.8155,1.8647670905913571,324.5662,15207.593,11595.11183,26808.34895,20,20
hyperliquid,BMNR,xyz:BMNR,9,1790654640482,503,26.792,3.7331541419360903,882.7712399999999,14525.13206,8413.65863,27657.52019,20,20
hyperliquid,BMNR,xyz:BMNR,10,1790654700402,837,26.801000000000002,2.9854088144198876,1012.78566,16076.71765,8319.07386,32638.970029999997,20,20
hyperliquid,BMNR,xyz:BMNR,11,1790654760683,592,26.7875,3.360340514506621,938.20166,13761.85555,8720.442270000001,16960.99512,20,20
hyperliquid,BMNR,xyz:BMNR,12,1790654821080,339,26.8,4.47861461521315,993.03955,19400.5475,10309.08792,32316.50516,20,20
hyperliquid,BMNR,xyz:BMNR,13,1790654880863,479,26.797,2.239307307605465,2196.6878500000003,14666.299229999999,12896.62849,18122.72472,20,20
hyperliquid,BMNR,xyz:BMNR,14,1790654941025,587,26.772,3.7359435125350338,1711.3491000000001,10423.49804,9229.730749999999,23987.530130000003,20,20
hyperliquid,BMNR,xyz:BMNR,15,1790655000789,493,26.798499999999997,1.8659501418127888,353.55284,19610.44778,8363.17207,19835.55271,20,20
hyperliquid,BMNR,xyz:BMNR,16,1790655061082,630,26.8075,1.1191524285614207,2877.31887,10383.551620000002,10328.80951,15982.739130000002,20,20
hyperliquid,BMNR,xyz:BMNR,17,1790655121107,696,26.811999999999998,2.9841838257227415,880.77875,15244.301720000001,3505.3386699999996,23016.31426,20,20
hyperliquid,BMNR,xyz:BMNR,18,1790655180886,376,26.820500000000003,1.8644194197925401,1002.5394200000001,21321.88822,3596.95464,32791.51642,20,20
hyperliquid,BMNR,xyz:BMNR,19,1790655240623,818,26.826,2.98262620237022,2858.1385299999997,15945.83418,5453.32212,104339.11744,20,20
hyperliquid,BMNR,xyz:BMNR,20,1790655300504,641,26.822000000000003,2.983071071667176,875.3432700000001,22069.97572,3524.78014,107296.4353,20,20
hyperliquid,BMNR,xyz:BMNR,21,1790655360099,512,26.83,2.2365527267287355,935.32309,16639.72627,5406.706029999999,28218.10525,20,20
hyperliquid,BMNR,xyz:BMNR,22,1790655420482,655,26.8295,1.118234680184127,1583.89185,19395.492690000003,3987.1779699999997,108554.72516,20,20
hyperliquid,BMNR,xyz:BMNR,23,1790655480480,710,26.851,5.215318134406122,814.08935,14968.25761,7050.315600000001,97167.77190999998,20,20
hyperliquid,BMNR,xyz:BMNR,24,1790655540959,429,26.8545,0.37238400238281955,261.9758,20014.19947,6580.678830000001,114581.80362,20,20
hyperliquid,BMNR,xyz:BMNR,25,1790655600851,382,26.8645,2.606008711514285,2663.90164,13067.15152,9075.992470000001,111161.76869,20,20
hyperliquid,BMNR,xyz:BMNR,26,1790655660659,589,26.85,7.451564828613311,922.88444,12081.19708,9109.4472,24608.35972,20,20
hyperliquid,BMNR,xyz:BMNR,27,1790655720888,576,26.875999999999998,1.488427476372678,1448.70547,18446.85226,9765.72805,113779.39831,20,20
hyperliquid,BMNR,xyz:BMNR,28,1790655780737,622,26.878,3.7212071596015583,862.80367,17949.93737,7111.5700400000005,111465.56809,20,20
hyperliquid,BMNR,xyz:BMNR,29,1790655840820,651,26.857999999999997,7.449344457688412,1458.27419,9481.43946,9613.33797,30294.494410000003,20,20
hyperliquid,BMNR,xyz:BMNR,30,1790655901310,752,26.869,1.4888152752434713,808.0095500000001,22970.78197,15480.14883,40138.80276,20,20
hyperliquid,BMNR,xyz:BMNR,31,1790655961024,445,26.8535,9.31410901233054,1377.69275,14714.01023,15962.28225,40988.57858,20,20
hyperliquid,BMNR,xyz:BMNR,32,1790656021296,638,26.846,3.7256436049326602,1369.91202,19241.74367,17535.65452,37019.46383,20,20
hyperliquid,BMNR,xyz:BMNR,33,1790656080686,396,26.8465,2.607756212047452,811.53646,18380.54551,15551.86959,37475.75265,20,20
hyperliquid,BMNR,xyz:BMNR,34,1790656140713,622,26.8445,1.1176098051635108,801.48061,15541.04867,16926.58179,32859.44194,20,20
hyperliquid,US10Y,para:10Y,0,1790654100405,543,5.250249999999999,5.143934919698001,27023.8946,1517.42499,98136.85728,162026.53026,20,20
hyperliquid,US10Y,para:10Y,1,1790654160869,487,5.25305,5.903075311814998,22024.23184,11777.270629999999,92951.87232,162286.46398,20,20
hyperliquid,US10Y,para:10Y,2,1790654220545,630,5.2535,7.616871370084155,26498.91684,6777.21652,97611.7378,162286.13491999998,20,20
hyperliquid,US10Y,para:10Y,3,1790654280641,778,5.2555,5.329171504158126,21499.363110000002,11776.76021,97611.95076,162286.24268,20,20
hyperliquid,US10Y,para:10Y,4,1790654340479,633,5.25545,5.13884395043851,26499.17191,11776.69166,97612.085,162286.17413,20,20
hyperliquid,US10Y,para:10Y,5,1790654400453,866,5.2535,7.616871370084155,26499.204840000002,11776.90324,97612.12233,162286.18514999998,20,20
hyperliquid,US10Y,para:10Y,6,1790654460412,768,5.2528500000000005,5.141388174807471,26499.01434,11765.89941,97612.26583,162275.19387999998,20,20
hyperliquid,US10Y,para:10Y,7,1790654520424,895,5.2528500000000005,5.141388174807471,26499.01434,11765.89941,97612.26583,162275.19387999998,20,20
hyperliquid,US10Y,para:10Y,8,1790654580942,707,5.25545,5.51960411115493,26499.119060000005,16776.8776,97611.98610000001,167841.51183,20,20
hyperliquid,US10Y,para:10Y,9,1790654640594,615,5.25545,5.51960411115493,26499.119060000005,15970.46914,98079.88644,166618.16257,20,20
hyperliquid,US10Y,para:10Y,10,1790654700545,445,5.25625,7.422492054127705,757.55594,36802.03395,97063.20315,161361.58804,20,20
hyperliquid,US10Y,para:10Y,11,1790654760690,527,5.2557,9.898916830062277,988.4937699999999,10790.57161,97268.5326,160804.962,20,20
hyperliquid,US10Y,para:10Y,12,1790654821100,359,5.25565,9.708553044869284,21987.99361,10790.19735,97268.72713,160804.58774,20,20
hyperliquid,US10Y,para:10Y,13,1790654880867,483,5.25565,9.708553044869284,21987.99361,37081.19735,97268.72713,187095.58774,20,20
hyperliquid,US10Y,para:10Y,14,1790654941049,611,5.255599999999999,9.51818925967407,21987.99361,37081.62808,97268.63189,184396.01846999998,20,20
hyperliquid,US10Y,para:10Y,15,1790655000917,621,5.25565,9.708553044869284,21987.99361,37052.779460000005,97268.63189,187067.16985,20,20
hyperliquid,US10Y,para:10Y,16,1790655061190,738,5.2537,7.616581297484881,979.32781,52790.291240000006,97259.51789,184547.84911,20,20
hyperliquid,US10Y,para:10Y,17,1790655121049,638,5.254250000000001,7.8062526179500935,5920.22022,47959.21075,97189.30122,178263.05271999998,20,20
hyperliquid,US10Y,para:10Y,18,1790655180975,465,5.254250000000001,7.8062526179500935,5909.71582,52958.757679999995,97168.34442,180573.16725,20,20
hyperliquid,US10Y,para:10Y,19,1790655240651,307,5.2559000000000005,8.755900715702314,21884.402820000003,27211.3297,97117.67138,182272.92022,20,20
hyperliquid,US10Y,para:10Y,20,1790655300513,650,5.2559000000000005,8.755900715702314,21884.402820000003,27211.65936,97117.67138,182273.24988,20,20
hyperliquid,US10Y,para:10Y,21,1790655360132,545,5.2559000000000005,8.755900715702314,21884.402820000003,27211.65936,97117.67138,182273.24988,20,20
hyperliquid,US10Y,para:10Y,22,1790655420504,677,5.2559000000000005,8.755900715702314,21884.402820000003,27211.65936,97117.67138,182273.24988,20,20
hyperliquid,US10Y,para:10Y,23,1790655480638,330,5.2552,9.899859117388221,5969.70897,27250.207710000002,97202.95373000001,179612.01543,20,20
hyperliquid,US10Y,para:10Y,24,1790655541051,521,5.2552,9.899859117388221,5969.70897,27250.207710000002,97202.95373000001,179612.01543,20,20
hyperliquid,US10Y,para:10Y,25,1790655600875,406,5.2552,9.899859117388221,5969.70897,27250.02342,97202.95373000001,179611.83114,20,20
hyperliquid,US10Y,para:10Y,26,1790655660611,541,5.25515,9.70947721128601,26969.308970000002,27249.64306,97202.95373000001,179611.45077999998,20,20
hyperliquid,US10Y,para:10Y,27,1790655721009,697,5.2552,9.899859117388221,988.92478,27250.02342,97221.98754,179611.83114,20,20
hyperliquid,US10Y,para:10Y,28,1790655780744,629,5.25315,7.807887871114083,5988.86733,47959.02615,97222.20668999999,179649.86714999998,20,20
hyperliquid,US10Y,para:10Y,29,1790655840866,697,5.25315,7.807887871114083,5988.86733,47959.02615,97222.20668999999,179649.86714999998,20,20
hyperliquid,US10Y,para:10Y,30,1790655901380,306,5.25315,7.807887871114083,5988.86733,47959.02615,97222.20668999999,179649.86714999998,20,20
hyperliquid,US10Y,para:10Y,31,1790655961079,500,5.25315,7.807887871114083,5988.86733,47959.02615,97222.20668999999,179649.86714999998,20,20
hyperliquid,US10Y,para:10Y,32,1790656021301,643,5.25315,7.807887871114083,5988.86733,47959.02615,97222.20668999999,179649.86714999998,20,20
hyperliquid,US10Y,para:10Y,33,1790656080694,404,5.25315,7.807887871114083,5988.86733,47959.02615,97222.20668999999,179649.86714999998,20,20
hyperliquid,US10Y,para:10Y,34,1790656140762,671,5.25315,7.807887871114083,5988.86733,47959.02615,97222.20668999999,179649.86714999998,20,20
hyperliquid,30Y,para:30Y,0,1790654100544,682,5.5555,1.8001800180034166,36499.007,1999.6044,76237.39177999999,75259.73965999999,13,11
hyperliquid,30Y,para:30Y,1,1790654160978,596,5.5555,1.8001800180034166,36499.007,1999.6044,76237.39177999999,75259.6466,13,12
hyperliquid,30Y,para:30Y,2,1790654220703,788,5.5555,1.8001800180034166,36499.007,1999.6044,76237.39177999999,75259.20728,13,12
hyperliquid,30Y,para:30Y,3,1790654280716,853,5.5555,1.8001800180034166,36499.007,1999.6044,76237.39177999999,75259.20728,13,12
hyperliquid,30Y,para:30Y,4,1790654340548,702,5.5555,1.8001800180034166,36498.87203,1999.6044,76237.25680999999,75259.54989,13,12
hyperliquid,30Y,para:30Y,5,1790654400526,939,5.5555,1.8001800180034166,36499.14209,6999.06648,76237.52687,75260.13718,13,12
hyperliquid,30Y,para:30Y,6,1790654460596,428,5.5555,1.8001800180034166,36498.93219,6999.06648,76237.31697,75260.13718,13,12
hyperliquid,30Y,para:30Y,7,1790654520511,446,5.5555,1.8001800180034166,36498.82692,1999.6044,76237.2117,75260.17712,13,12
hyperliquid,30Y,para:30Y,8,1790654581058,823,5.5555,1.8001800180034166,36498.82692,1999.6044,76237.2117,75260.17712,13,12
hyperliquid,30Y,para:30Y,9,1790654640644,665,5.5555,1.8001800180034166,36498.69197,11998.83102,76237.07675,75259.93342,13,12
hyperliquid,30Y,para:30Y,10,1790654700604,504,5.5555,1.8001800180034166,36498.82692,11998.83102,76237.2117,75259.93342,13,12
hyperliquid,30Y,para:30Y,11,1790654760797,706,5.5555,1.8001800180034166,36498.82692,11998.83102,76237.2117,75259.93342,13,12
hyperliquid,30Y,para:30Y,12,1790654821172,431,5.5555,1.8001800180034166,36498.82692,11998.83102,76237.2117,75259.93342,13,12
hyperliquid,30Y,para:30Y,13,1790654881005,621,5.5555,1.8001800180034166,36498.82692,11998.83102,76237.2117,75259.93342,13,12
hyperliquid,30Y,para:30Y,14,1790654941118,680,5.5555,1.8001800180034166,36498.55686,11998.83102,76236.94164,75259.93342,13,12
hyperliquid,30Y,para:30Y,15,1790655000910,614,5.5555,1.8001800180034166,36498.55686,11998.83102,76236.94164,75259.93342,13,12
hyperliquid,30Y,para:30Y,16,1790655061227,775,5.5555,1.8001800180034166,36498.55686,11998.96161,76236.94164,75259.55349,13,11
hyperliquid,30Y,para:30Y,17,1790655121216,285,5.5555,1.8001800180034166,36498.99294,11999.190779999999,76237.37772,75259.78266,13,11
hyperliquid,30Y,para:30Y,18,1790655181108,598,5.5555,1.8001800180034166,36498.99294,11999.190779999999,76237.37772,75260.29318,13,12
hyperliquid,30Y,para:30Y,19,1790655240779,435,5.5555,1.8001800180034166,36498.99294,6999.3196800000005,76237.37772,75260.37355,13,12
hyperliquid,30Y,para:30Y,20,1790655300607,744,5.5555,1.8001800180034166,36499.08296,11998.79819,76237.46774,75259.90058999999,13,12
hyperliquid,30Y,para:30Y,21,1790655360258,671,5.5555,1.8001800180034166,36499.08296,11998.79819,76237.46774,75259.90058999999,13,12
hyperliquid,30Y,para:30Y,22,1790655420660,833,5.5555,1.8001800180034166,36499.08296,11998.79819,76237.46774,75259.90058999999,13,12
hyperliquid,30Y,para:30Y,23,1790655480730,422,5.5555,1.8001800180034166,36499.08296,11998.79819,76237.46774,75259.90058999999,13,12
hyperliquid,30Y,para:30Y,24,1790655541137,607,5.5555,1.8001800180034166,36499.08296,11998.79819,76237.46774,75259.90058999999,13,12
hyperliquid,30Y,para:30Y,25,1790655600943,474,5.5555,1.8001800180034166,36499.08296,11998.79819,76237.46774,75259.90058999999,13,12
hyperliquid,30Y,para:30Y,26,1790655660768,698,5.5555,1.8001800180034166,36498.46712,11998.79819,76236.8519,75259.90058999999,13,12
hyperliquid,30Y,para:30Y,27,1790655721095,300,5.5555,1.8001800180034166,36498.18198,11998.79819,76236.56676,75259.39007,13,11
hyperliquid,30Y,para:30Y,28,1790655780800,685,5.5555,1.8001800180034166,36498.18198,11998.79819,76236.56676,75259.39007,13,11
hyperliquid,30Y,para:30Y,29,1790655840935,766,5.5555,1.8001800180034166,36498.54206,11998.79819,76236.92684,75259.39007,13,11
hyperliquid,30Y,para:30Y,30,1790655901538,464,5.5672,9.704375954713296,21499.558960000002,12498.5756,76237.01572,73259.43962,13,10
hyperliquid,30Y,para:30Y,31,1790655961392,813,5.5672,9.704375954713296,21499.558960000002,12498.377379999998,76236.83174000001,73259.60024,13,10
hyperliquid,30Y,para:30Y,32,1790656021354,696,5.5672,9.704375954713296,21499.558960000002,12498.377379999998,76236.83174000001,73259.60024,13,10
hyperliquid,30Y,para:30Y,33,1790656080832,542,5.56725,9.884086620541854,21499.558960000002,28499.06767,76236.83174000001,73260.92297,13,10
hyperliquid,30Y,para:30Y,34,1790656140867,776,5.56725,9.884086620541854,21499.558960000002,28499.06767,76236.58686,73260.92297,13,10
hyperliquid,2Y,para:2Y,0,1790654100590,728,4.889950000000001,290.24896265560153,0,0,62076.14517,82471.41486,12,12
hyperliquid,2Y,para:2Y,1,1790654162077,506,4.889950000000001,290.24896265560153,0,0,62076.14517,82471.41486,12,12
hyperliquid,2Y,para:2Y,2,1790654220711,796,4.889950000000001,290.24896265560153,0,0,62076.14517,82471.41486,12,12
hyperliquid,2Y,para:2Y,3,1790654280753,310,4.889950000000001,290.24896265560153,0,0,62076.14517,82471.41486,12,12
hyperliquid,2Y,para:2Y,4,1790654340622,776,4.889950000000001,290.24896265560153,0,0,62076.14517,82471.41486,12,12
hyperliquid,2Y,para:2Y,5,1790654400524,937,4.889950000000001,290.24896265560153,0,0,62076.14517,82471.41486,12,12
hyperliquid,2Y,para:2Y,6,1790654460600,432,4.889950000000001,290.24896265560153,0,0,62076.14517,82471.41486,12,12
hyperliquid,2Y,para:2Y,7,1790654520638,573,4.889950000000001,290.24896265560153,0,0,62076.14517,82471.41486,12,12
hyperliquid,2Y,para:2Y,8,1790654581128,893,4.889950000000001,290.24896265560153,0,0,62076.14517,82471.41486,12,12
hyperliquid,2Y,para:2Y,9,1790654640708,729,4.889950000000001,290.24896265560153,0,0,62076.14517,82471.41486,12,12
hyperliquid,2Y,para:2Y,10,1790654700600,500,4.889950000000001,290.24896265560153,0,0,62076.14517,82471.41486,12,12
hyperliquid,2Y,para:2Y,11,1790654760881,790,4.889950000000001,290.24896265560153,0,0,62076.14517,82471.41486,12,12
hyperliquid,2Y,para:2Y,12,1790654821272,531,4.889950000000001,290.24896265560153,0,0,62076.14517,82471.41486,12,12
hyperliquid,2Y,para:2Y,13,1790654881065,681,4.889950000000001,290.24896265560153,0,0,62076.14517,82471.41486,12,12
hyperliquid,2Y,para:2Y,14,1790654941199,761,4.9249,143.15221170167146,0,0,64053.13174,82471.41486,13,12
hyperliquid,2Y,para:2Y,15,1790655000985,689,4.9249,143.15221170167146,0,0,64053.02388,82471.41486,13,12
hyperliquid,2Y,para:2Y,16,1790655061273,821,4.9249,143.15221170167146,0,0,64053.02388,82471.41486,13,12
hyperliquid,2Y,para:2Y,17,1790655121257,326,4.9249,143.15221170167146,0,0,64053.4585,82471.41486,13,12
hyperliquid,2Y,para:2Y,18,1790655181088,578,4.9249,143.15221170167146,0,0,64053.4585,82471.41486,13,12
hyperliquid,2Y,para:2Y,19,1790655240818,474,4.9249,143.15221170167146,0,0,64053.795190000004,82471.41486,13,12
hyperliquid,2Y,para:2Y,20,1790655300614,751,4.9249,143.15221170167146,0,0,64053.80048,82471.41486,13,12
hyperliquid,2Y,para:2Y,21,1790655360290,703,4.9249,143.15221170167146,0,0,64053.39596,82471.41486,13,12
hyperliquid,2Y,para:2Y,22,1790655420677,247,4.9249,143.15221170167146,0,0,64053.25193,82471.41486,13,12
hyperliquid,2Y,para:2Y,23,1790655480692,384,4.9249,143.15221170167146,0,0,64053.22942,82471.41486,13,12
hyperliquid,2Y,para:2Y,24,1790655541141,611,4.9249,143.15221170167146,0,0,64053.28465,82471.83486,13,12
hyperliquid,2Y,para:2Y,25,1790655600947,478,4.92495,142.9447852760757,0,0,64052.71121,82471.79556,13,12
hyperliquid,2Y,para:2Y,26,1790655660808,738,4.9249,143.15221170167146,0,0,64053.20534,82471.70258,13,12
hyperliquid,2Y,para:2Y,27,1790655721151,356,4.92495,142.9447852760757,0,0,64052.75843,82471.70258,13,12
hyperliquid,2Y,para:2Y,28,1790655780850,735,4.9249,143.15221170167146,0,0,64052.96662,82471.94327,13,12
hyperliquid,2Y,para:2Y,29,1790655840988,819,4.9249,143.15221170167146,0,0,64053.89463,82471.93476,13,12
hyperliquid,2Y,para:2Y,30,1790655901501,427,4.9249,142.74028629857048,0,0,64053.20745,82471.48714,13,12
hyperliquid,2Y,para:2Y,31,1790655961463,884,4.9249,142.74028629857048,0,0,64053.20745,82471.48714,13,12
hyperliquid,2Y,para:2Y,32,1790656021502,844,4.9249,142.74028629857048,0,0,64053.20745,82471.48714,13,12
hyperliquid,2Y,para:2Y,33,1790656080888,598,4.9249,143.15221170167146,0,0,64054.80225,82471.93476,13,12
hyperliquid,2Y,para:2Y,34,1790656140908,817,4.9249,143.15221170167146,0,0,64054.80225,82471.93476,13,12
hyperliquid,USTECH,mkts:USTECH,0,1790654100587,725,733.99,1.635033313804879,27390.35195,33461.8336,27390.35195,33461.8336,20,20
hyperliquid,USTECH,mkts:USTECH,1,1790654161027,645,733.895,0.1362602024834736,26678.866660000003,32683.89433,26678.866660000003,32683.89433,20,20
hyperliquid,USTECH,mkts:USTECH,2,1790654220744,829,733.7049999999999,2.3172759739376048,29461.51873,33296.09398,29461.51873,33296.09398,20,20
hyperliquid,USTECH,mkts:USTECH,3,1790654280750,307,733.6600000000001,1.6357688113410873,30657.43084,27458.31711,30657.43084,27458.31711,20,20
hyperliquid,USTECH,mkts:USTECH,4,1790654340641,795,733.44,1.6362595107577427,27374.66303,32624.36735,27374.66303,32624.36735,20,20
hyperliquid,USTECH,mkts:USTECH,5,1790654400656,1069,733.625,1.226860056162682,25551.50398,32162.15461,25551.50398,32162.15461,20,20
hyperliquid,USTECH,mkts:USTECH,6,1790654460612,444,733.3199999999999,1.363754142402751,24585.59216,29351.40766,24585.59216,29351.40766,20,20
hyperliquid,USTECH,mkts:USTECH,7,1790654520615,483,733.345,2.045631213605237,23935.79232,30056.624620000002,23935.79232,30056.624620000002,20,20
hyperliquid,USTECH,mkts:USTECH,8,1790654581128,893,733.365,1.772807854902858,27746.22352,30383.818850000003,27746.22352,30383.818850000003,20,20
hyperliquid,USTECH,mkts:USTECH,9,1790654640789,810,733.3199999999999,1.0909884355236876,27841.49001,27888.02061,27841.49001,27888.02061,20,20
hyperliquid,USTECH,mkts:USTECH,10,1790654700626,526,733.355,0.681821281005579,19983.08998,28805.46285,19983.08998,28805.46285,20,20
hyperliquid,USTECH,mkts:USTECH,11,1790654760878,787,733.3299999999999,1.3637355444040544,25802.6453,30920.711040000002,25802.6453,30920.711040000002,20,20
hyperliquid,USTECH,mkts:USTECH,12,1790654821296,555,733.345,0.9545758274143168,25621.36997,30252.03802,25621.36997,30252.03802,20,20
hyperliquid,USTECH,mkts:USTECH,13,1790654881062,678,733.345,0.9545758274143168,25421.22316,30226.08499,25421.22316,30226.08499,20,20
hyperliquid,USTECH,mkts:USTECH,14,1790654941220,782,733.345,0.9545758274143168,26242.289530000002,30972.6006,26242.289530000002,30972.6006,20,20
hyperliquid,USTECH,mkts:USTECH,15,1790655001115,819,733.39,0.5454272740901267,27509.2782,17975.72079,27509.2782,17975.72079,20,20
hyperliquid,USTECH,mkts:USTECH,16,1790655061392,403,733.405,0.9544977296593871,28213.41849,31999.80753,28213.41849,31999.80753,20,20
hyperliquid,USTECH,mkts:USTECH,17,1790655121307,376,733.4,0.8181409111363003,31586.75539,29915.779300000002,31586.75539,29915.779300000002,20,20
hyperliquid,USTECH,mkts:USTECH,18,1790655181175,665,733.355,0.1363605372595167,24864.54806,24661.93008,24864.54806,24661.93008,20,20
hyperliquid,USTECH,mkts:USTECH,19,1790655240839,495,733.355,0.1363605372595167,30063.844100000002,35799.47916,30063.844100000002,35799.47916,20,20
hyperliquid,USTECH,mkts:USTECH,20,1790655300707,844,733.355,0.1363605372595167,29142.968480000003,32262.392060000002,29142.968480000003,32262.392060000002,20,20
hyperliquid,USTECH,mkts:USTECH,21,1790655360312,725,733.355,0.1363605372595167,28575.76455,32209.63922,28575.76455,32209.63922,20,20
hyperliquid,USTECH,mkts:USTECH,22,1790655420698,268,733.355,0.1363605372595167,28470.56251,22302.098,28470.56251,22302.098,20,20
hyperliquid,USTECH,mkts:USTECH,23,1790655480687,379,733.4,0.5454198369192476,29307.23218,34428.65642,29307.23218,34428.65642,20,20
hyperliquid,USTECH,mkts:USTECH,24,1790655541155,625,733.45,0.5453826541046425,27680.37587,20926.52611,27680.37587,20926.52611,20,20
hyperliquid,USTECH,mkts:USTECH,25,1790655601039,570,733.52,0.272661586071532,29677.47584,20730.35902,29677.47584,20730.35902,20,20
hyperliquid,USTECH,mkts:USTECH,26,1790655660852,782,733.52,0.8180070621266466,26863.635390000003,33858.00367,26863.635390000003,33858.00367,20,20
hyperliquid,USTECH,mkts:USTECH,27,1790655721205,410,733.55,0.27265043487822993,28033.16645,32690.221990000002,28033.16645,32690.221990000002,20,20
hyperliquid,USTECH,mkts:USTECH,28,1790655780925,360,733.56,0.5453008697564599,28742.79441,19156.90818,28742.79441,19156.90818,20,20
hyperliquid,USTECH,mkts:USTECH,29,1790655841020,851,733.53,0.5453231721452845,29316.65871,31113.79603,29316.65871,31113.79603,20,20
hyperliquid,USTECH,mkts:USTECH,30,1790655901579,505,733.525,0.6816632583506177,29748.84024,25429.83267,29748.84024,25429.83267,20,20
hyperliquid,USTECH,mkts:USTECH,31,1790655961695,592,733.515,0.9543545836288025,27840.71429,20539.69357,27840.71429,20539.69357,20,20
hyperliquid,USTECH,mkts:USTECH,32,1790656021504,846,733.485,0.4090146836266406,18364.25989,33221.17717,18364.25989,33221.17717,20,20
hyperliquid,USTECH,mkts:USTECH,33,1790656080878,588,733.485,0.4090146836266406,32072.22159,21108.38094,32072.22159,21108.38094,20,20
hyperliquid,USTECH,mkts:USTECH,34,1790656140996,348,733.485,0.4090146836266406,27317.840740000003,31035.38976,27317.840740000003,31035.38976,20,20
hyperliquid,OAI,io:OAI,0,1790654100721,333,1625.1999999999998,1.2306934957861948,2980.5371,4578.3792,5336.9684,62812.2633,20,20
hyperliquid,OAI,io:OAI,1,1790654161061,679,1625.25,1.846040243678182,2855.5714,4087.6971000000003,5157.0151,62650.3102,20,20
hyperliquid,OAI,io:OAI,2,1790654220742,275,1624.95,3.0774912291509082,2770.6342,3209.2408,5933.100399999999,61464.2967,20,20
hyperliquid,OAI,io:OAI,3,1790654280821,378,1624.5,2.462599273533872,2706.4115,3584.1883000000003,8351.7739,61204.1507,20,20
hyperliquid,OAI,io:OAI,4,1790654340667,821,1623.65,3.0799556486393875,1356.4472,6044.593,9134.37,63793.095499999996,20,20
hyperliquid,OAI,io:OAI,5,1790654400659,1072,1623.6,2.463964518910622,4509.1513,4678.4847,11408.846300000001,8946.5157,20,20
hyperliquid,OAI,io:OAI,6,1790654460603,435,1623.4,2.464268112369883,4774.3134,4489.2086,10828.2432,8696.7623,20,20
hyperliquid,OAI,io:OAI,7,1790654520696,631,1622.75,4.3145956607482105,5849.3724,3101.2493,11713.5613,7088.0162,20,20
hyperliquid,OAI,io:OAI,8,1790654581131,896,1622.65,5.548021205770137,5031.6497,4251.4218,12052.2384,8738.6099,20,20
hyperliquid,OAI,io:OAI,9,1790654640882,378,1622.35,4.315659679408057,5290.865,3929.3429,23950.4242,7579.0024,20,20
hyperliquid,OAI,io:OAI,10,1790654700739,639,1622.55,3.082044011588625,6774.9596,5343.5419,10485.0281,9016.1725,20,20
hyperliquid,OAI,io:OAI,11,1790654760957,866,1622.55,6.781750924784724,5686.305799999999,3415.4496,11111.9358,9115.3264,20,20
hyperliquid,OAI,io:OAI,12,1790654821361,620,1622.4499999999998,4.315393625546893,5989.4871,3979.7907,10180.3411,9391.8124,20,20
hyperliquid,OAI,io:OAI,13,1790654881203,819,1622.75,3.081664098614212,5304.442,4947.0424,8193.4707,9008.2814,20,20
hyperliquid,OAI,io:OAI,14,1790654941250,281,1622.75,5.547679220860857,4190.222,5195.6921,8086.7625,10248.7197,20,20
hyperliquid,OAI,io:OAI,15,1790655001121,825,1622.5,6.165228113439447,4657.0911,4134.7562,20457.0721,8870.5546,20,20
hyperliquid,OAI,io:OAI,16,1790655061425,436,1622.55,3.082044011588625,4412.4969,4494.1473,9819.179399999999,6711.9411,20,20
hyperliquid,OAI,io:OAI,17,1790655121379,448,1623.65,4.312203536007697,2846.3599,3785.5688,7950.6304,8672.5043,20,20
hyperliquid,OAI,io:OAI,18,1790655181262,752,1623.5,4.92883987431636,2488.9419000000003,4101.5697,8031.7336000000005,10538.3855,20,20
hyperliquid,OAI,io:OAI,19,1790655240973,629,1623.5,2.4641163062910643,2334.997,2993.626,8153.0411,9054.3478,20,20
hyperliquid,OAI,io:OAI,20,1790655300705,842,1624.5,4.925805061266608,2553.844,3467.3072,7398.1288,62597.4462,20,20
hyperliquid,OAI,io:OAI,21,1790655360449,327,1624.75,0.6154982458284053,2125.6856000000002,3954.6122,17021.4075,65604.8038,20,20
hyperliquid,OAI,io:OAI,22,1790655420715,285,1625.25,0.6153088850591182,1996.2742,4292.2435,6884.8927,65122.3884,20,20
hyperliquid,OAI,io:OAI,23,1790655480829,521,1626.0500000000002,4.30583748539215,2288.1603,60106.3903,6511.9193000000005,72411.14689999999,20,20
hyperliquid,OAI,io:OAI,24,1790655541246,716,1626.2,2.460024600245969,2982.2891,58575.5505,15933.848,67499.3417,20,20
hyperliquid,OAI,io:OAI,25,1790655601071,602,1626.25,0.6149305128522187,3844.4694,62823.983799999995,17443.8314,72293.56689999999,20,20
hyperliquid,OAI,io:OAI,26,1790655660857,787,1626.25,0.6149305128522187,3178.1648,54594.73700000001,16945.8422,69322.7635,20,20
hyperliquid,OAI,io:OAI,27,1790655721276,481,1626.25,0.6149305128522187,3215.5347,62240.115600000005,17338.5099,70074.24190000001,20,20
hyperliquid,OAI,io:OAI,28,1790655780923,358,1626.65,3.0742744712242143,3115.1292000000003,61155.7064,16543.5342,69849.6506,20,20
hyperliquid,OAI,io:OAI,29,1790655841071,902,1626.95,0.6146659290662271,2652.3653,62630.28690000001,7198.9774,68892.10280000001,20,20
hyperliquid,OAI,io:OAI,30,1790655901682,608,1626.95,0.6146659290662271,2896.3378000000002,58456.002199999995,17799.5339,65175.2798,20,20
hyperliquid,OAI,io:OAI,31,1790655961563,460,1626.95,0.6146659290662271,2027.8285,65120.0218,15807.741999999998,70137.4571,20,20
hyperliquid,OAI,io:OAI,32,1790656021519,861,1626.95,0.6146659290662271,2816.8159,62540.817800000004,7363.351,68341.86170000001,20,20
hyperliquid,OAI,io:OAI,33,1790656081040,750,1626.95,0.6146659290662271,3101.2624,60732.9876,7930.0603,65570.5673,20,20
hyperliquid,OAI,io:OAI,34,1790656141119,471,1625.75,4.306632213608719,2448.5743,56338.107599999996,16405.4119,62825.513399999996,20,20
hyperliquid,ANTH,io:ANTH,0,1790654100742,354,2056.65,1.4587892049600093,6514.5572,11031.1251,10290.174500000001,11535.5556,20,20
hyperliquid,ANTH,io:ANTH,1,1790654161167,785,2056.65,1.4587892049600093,6584.3827,10753.4412,10064.2816,14669.6475,20,20
hyperliquid,ANTH,io:ANTH,2,1790654220898,431,2056.5,0.972573429292023,8194.2355,10485.5652,11602.1006,14996.822199999999,20,20
hyperliquid,ANTH,io:ANTH,3,1790654280909,466,2056.1499999999996,0.4863576674285497,10035.4115,11646.4138,11450.365099999999,12459.5285,20,20
hyperliquid,ANTH,io:ANTH,4,1790654340739,329,2055.95,0.48640498078622585,8217.905,10484.9809,9109.167,12469.1389,20,20
hyperliquid,ANTH,io:ANTH,5,1790654400728,1141,2055.75,0.4864523033543122,6916.2116,7142.4981,7741.696,12056.991899999999,20,20
hyperliquid,ANTH,io:ANTH,6,1790654460794,626,2055.55,0.486499635123927,7855.0585,6019.5103,8384.8245,13461.3139,20,20
hyperliquid,ANTH,io:ANTH,7,1790654520703,571,2055.55,0.486499635123927,6681.5205000000005,5727.4608,7211.2865,9474.8817,20,20
hyperliquid,ANTH,io:ANTH,8,1790654581251,348,2055.45,0.4865233044659689,7805.3208,6932.6996,10609.5584,10686.2651,20,20
hyperliquid,ANTH,io:ANTH,9,1790654640836,332,2055.45,0.4865233044659689,7850.523,6365.3579,10654.7606,6970.3364,20,20
hyperliquid,ANTH,io:ANTH,10,1790654700975,337,2055.45,0.4865233044659689,5877.4269,8263.6277,8979.306,10870.651,20,20
hyperliquid,ANTH,io:ANTH,11,1790654760999,908,2054.55,0.48673643222141294,10091.358,5601.1798,16959.9645,5934.3799,20,20
hyperliquid,ANTH,io:ANTH,12,1790654821377,636,2054.4,0.973567638611339,9618.5625,5366.38,16456.383,11582.2633,20,20
hyperliquid,ANTH,io:ANTH,13,1790654881266,344,2054.4,0.973567638611339,9495.4259,5629.1678999999995,12975.2577,9541.0048,20,20
hyperliquid,ANTH,io:ANTH,14,1790654941308,339,2054.45,0.4867601246094644,10440.007,4766.1072,17296.2946,9708.6928,20,20
hyperliquid,ANTH,io:ANTH,15,1790655001240,408,2054.55,0.48673643222141294,9916.47,6455.4413,13133.7233,11999.8652,20,20
hyperliquid,ANTH,io:ANTH,16,1790655061428,439,2054.3500000000004,0.4867838193045593,10031.2019,4801.1452,13412.427899999999,7742.1725,20,20
hyperliquid,ANTH,io:ANTH,17,1790655121404,473,2054.0,0.9737572423196283,8017.9053,5439.038299999999,14871.8559,10686.908,20,20
hyperliquid,ANTH,io:ANTH,18,1790655181287,777,2053.25,0.48704461328874515,17924.0465,7826.210499999999,24179.5191,13173.392399999999,20,20
hyperliquid,ANTH,io:ANTH,19,1790655241000,656,2054.1499999999996,0.48683121561809983,13950.3156,7977.374,17300.8082,9531.9516,20,20
hyperliquid,ANTH,io:ANTH,20,1790655300804,327,2055.45,1.4596409283296197,7611.7124,10078.2137,19159.975300000002,16329.681499999999,20,20
hyperliquid,ANTH,io:ANTH,21,1790655360466,281,2055.25,0.4865706500600808,9633.9491,10219.5927,18890.9402,17271.4519,20,20
hyperliquid,ANTH,io:ANTH,22,1790655420862,432,2055.9,0.9728572818357151,8295.1089,14129.4278,11083.4941,17963.7494,20,20
hyperliquid,ANTH,io:ANTH,23,1790655480886,578,2055.55,0.486499635123927,7380.4171,9856.75,9975.6768,14764.8632,20,20
hyperliquid,ANTH,io:ANTH,24,1790655541400,870,2055.75,0.4864523033543122,6710.2849,11368.6806,9223.471099999999,15766.4736,20,20
hyperliquid,ANTH,io:ANTH,25,1790655601145,676,2055.25,0.4865706500600808,9704.0331,8750.5029,10861.8123,12262.7447,20,20
hyperliquid,ANTH,io:ANTH,26,1790655660961,358,2055.55,0.486499635123927,6989.6802,10650.3398,9792.32,18466.4204,20,20
hyperliquid,ANTH,io:ANTH,27,1790655721294,499,2055.75,0.4864523033543122,7209.960599999999,7546.3574,10012.6709,14245.2416,20,20
hyperliquid,ANTH,io:ANTH,28,1790655780990,425,2055.8500000000004,0.48642864091785754,6712.509999999999,12414.1701,9517.273599999999,15678.349699999999,20,20
hyperliquid,ANTH,io:ANTH,29,1790655841126,403,2055.8,0.9729046067041835,6397.9905,8015.2910999999995,10071.130799999999,14308.7989,20,20
hyperliquid,ANTH,io:ANTH,30,1790655901688,614,2055.3500000000004,0.48654697611061337,6816.2714,9060.9736,9684.464899999999,11396.3354,20,20
hyperliquid,ANTH,io:ANTH,31,1790655961592,489,2055.3500000000004,0.48654697611061337,6596.3922,8690.6616,9753.9882,11318.2168,20,20
hyperliquid,ANTH,io:ANTH,32,1790656021544,886,2056.5,0.972573429292023,8342.0408,11980.4021,10061.0669,22294.7141,20,20
hyperliquid,ANTH,io:ANTH,33,1790656081049,759,2055.1000000000004,2.9199922133527068,8745.9854,9270.2519,10420.968799999999,12482.1351,20,20
hyperliquid,ANTH,io:ANTH,34,1790656141131,483,2054.8,0.9733781087284399,9881.6493,10503.8545,13466.5399,13593.7064,20,20
aster,ZEC,ZECUSDT,0,1790653956747,97,1378.345,2.8298806370852247,296509.30003000004,263912.97993,6729584.88658,7665433.09475,500,500
aster,ZEC,ZECUSDT,1,1790653986606,106,1379.7849999999999,3.116913241083541,82353.5923,48654.05861,6373610.29068,7100524.34626,500,500
aster,ZEC,ZECUSDT,2,1790654016715,115,1381.065,1.5206812652079904,265131.43952,517280.32526,6798192.58034,7556723.32968,500,500
aster,ZEC,ZECUSDT,3,1790654046735,135,1379.505,2.9725222939180895,235389.11717,247594.00975,6644510.93328,7625755.018610001,500,500
aster,ZEC,ZECUSDT,4,1790654076574,124,1376.6950000000002,0.7990469549046253,245428.61077,238298.25761,6681846.41739,7648396.22296,500,500
aster,ZEC,ZECUSDT,5,1790654106719,119,1377.865,1.8145658832580125,237963.66511,232219.25678,6715763.72728,7590482.42152,500,500
aster,ZEC,ZECUSDT,6,1790654136716,116,1377.88,0.8709410518070726,82060.24944,254273.05316,6656728.29704,7606984.57769,500,500
aster,ZEC,ZECUSDT,7,1790654166739,89,1378.23,2.0317976329553566,252718.38262000002,234581.43465,6711811.04248,7596483.16203,500,500
aster,ZEC,ZECUSDT,8,1790654196725,125,1378.545,1.8136707244531536,265958.09094,227206.93187,6744931.1702,7590016.580250001,500,500
aster,ZEC,ZECUSDT,9,1790654226620,120,1378.5,0.8705493166183409,283422.13192,225472.28637,6744678.16172,7602528.2758,500,500
aster,ZEC,ZECUSDT,10,1790654256725,125,1379.22,0.8700948403372877,148072.84368,258074.69393,6761046.17334,7554762.18451,500,500
aster,ZEC,ZECUSDT,11,1790654286721,121,1379.125,1.6678631772060193,96218.03557000001,226110.52571000002,6721492.6213,7554902.2395,500,500
aster,ZEC,ZECUSDT,12,1790654316574,124,1379.675,0.9422952863502587,261884.88545,241564.57837,6786752.51642,7537667.87859,500,500
aster,ZEC,ZECUSDT,13,1790654346705,155,1380.0700000000002,2.1740390747293503,259848.29222,242501.93332,6694521.51411,6912207.12448,500,500
aster,ZEC,ZECUSDT,14,1790654376605,105,1380.325,1.3765821638433984,242381.40378000002,241228.98816,6683758.46975,7535755.48306,500,500
aster,ZEC,ZECUSDT,15,1790654406714,114,1380.585,1.0865549688165999,261536.70987,530706.1952000001,6763412.85274,7052021.62213,500,500
aster,ZEC,ZECUSDT,16,1790654436721,121,1377.545,1.6697763225725915,281903.99608,234253.78632,6775085.36502,7625358.34613,500,500
aster,ZEC,ZECUSDT,17,1790654466716,116,1377.295,1.3796108045305289,282270.75177,249493.57143,6745653.11581,7515240.3815,500,500
aster,ZEC,ZECUSDT,18,1790654496720,120,1376.815,1.9612400848423306,276953.3325,256844.8536,6708149.74546,7544348.39826,500,500
aster,ZEC,ZECUSDT,19,1790654526629,129,1380.095,1.3768115942025538,258576.71054,225779.28227,6684932.6273,7590565.66792,500,500
aster,ZEC,ZECUSDT,20,1790654556730,130,1380.475,0.36220073164505706,143505.07244,227099.02704,6739196.95037,7595026.89075,500,500
aster,ZEC,ZECUSDT,21,1790654586713,113,1380.56,2.3181686467688145,244878.89158,232020.86099000002,6707416.0383,7598911.593780001,500,500
aster,ZEC,ZECUSDT,22,1790654616734,134,1376.9,1.3073699348509216,234683.43368,201622.91614,6669235.11061,7671415.22916,500,500
aster,ZEC,ZECUSDT,23,1790654646764,264,1378.1950000000002,0.9433072351661131,267068.80806,114376.79889,6737534.86936,7647453.73742,500,500
aster,ZEC,ZECUSDT,24,1790654676716,116,1378.59,0.2901557410939226,253269.50531000004,222939.97022000002,6734208.93035,7651629.71499,500,500
aster,ZEC,ZECUSDT,25,1790654706703,103,1377.055,2.3967056191853686,271051.27571,240349.98049,6691017.31102,6535238.76112,500,500
aster,ZEC,ZECUSDT,26,1790654736735,135,1377.505,3.122073056509578,237164.48391,235106.62556,6729065.95571,7641710.6569,500,500
aster,ZEC,ZECUSDT,27,1790654766871,271,1376.845,2.6876643470430395,273971.19742,256597.4677,6707263.98725,7679063.06282,500,500
aster,ZEC,ZECUSDT,28,1790654796878,278,1377.44,1.452074288121885,255036.87263,149686.89262,6700972.61211,7656892.6295,500,500
aster,ZEC,ZECUSDT,29,1790654826579,129,1378.695,1.5232955410970916,309546.90216,217259.95914,6731353.41358,7532137.70321,500,500
aster,ZEC,ZECUSDT,30,1790654856731,131,1378.33,0.14510418480551124,110890.28999,98397.38733,5397216.458740001,7196031.7693,500,500
aster,ZEC,ZECUSDT,31,1790654886726,126,1377.215,1.379690949228074,400075.45638,207868.90841,5554411.9424,7020651.75751,500,500
aster,ZEC,ZECUSDT,32,1790654916750,100,1375.27,2.472547451095597,259436.20317999998,226249.93671,6694309.86453,7630413.69406,500,500
aster,ZEC,ZECUSDT,33,1790654946868,268,1378.635,1.813552313729705,273817.42397999996,243083.69462,6687253.79483,7573953.63794,500,500
aster,ZEC,ZECUSDT,34,1790654976684,134,1380.75,2.897395965377747,334451.55455,243725.32244,6743273.8586800005,7583836.45703,500,500
aster,ZEC,ZECUSDT,35,1790655006725,125,1381.875,0.21709869306718588,271973.04592,241378.18493000002,6702182.87677,7623878.8193,500,500
aster,ZEC,ZECUSDT,36,1790655036726,126,1382.31,1.7363748833365555,549390.34598,254251.112,6618386.87481,7667781.98862,500,500
aster,ZEC,ZECUSDT,37,1790655066721,121,1384.445,1.0835253581054083,135069.29363,242345.99697,6567156.88014,7590231.80263,500,500
aster,ZEC,ZECUSDT,38,1790655096859,109,1384.8,0.5777174384014039,279015.11685,197087.12799,6585204.57069,7661898.86923,500,500
aster,ZEC,ZECUSDT,39,1790655126585,135,1383.975,1.9510926118626593,247728.13392999998,146038.78325,6515966.0197,7528410.29945,500,500
aster,ZEC,ZECUSDT,40,1790655156721,121,1385.645,1.0825869497765872,281337.80374,236244.22538000002,6678460.50775,7633334.9969,500,500
aster,ZEC,ZECUSDT,41,1790655186715,115,1384.29,1.7338910682940245,278383.53002,255139.18639,6694147.10279,7646282.50907,500,500
aster,ZEC,ZECUSDT,42,1790655216730,130,1384.5349999999999,0.36113859777087143,299264.30906,255458.89211,6683634.80148,7640548.5273400005,500,500
aster,ZEC,ZECUSDT,43,1790655246829,129,1384.29,0.28896096859742926,137409.96572,543583.7995,6525550.75253,7647283.3918,500,500
aster,ZEC,ZECUSDT,44,1790655276732,132,1383.4299999999998,1.0120286837844716,251586.31585,110482.54898,6636544.93897,7661961.31725,500,500
aster,ZEC,ZECUSDT,45,1790655306726,126,1383.835,0.07226321152131732,292446.33582,216140.18853,6660519.67161,7559330.69111,500,500
aster,ZEC,ZECUSDT,46,1790655336598,98,1383.4899999999998,1.7348937738992376,278818.35363,551219.4766200001,6655482.77707,7628293.829,500,500
aster,ZEC,ZECUSDT,47,1790655366911,261,1383.725,1.2286432887154142,269881.43315,239290.22835000002,6647603.41632,7334149.04688,500,500
aster,ZEC,ZECUSDT,48,1790655396701,101,1383.54,1.4456716590527385,274428.80242,250363.89158,6642308.85718,7630475.20039,500,500
aster,ZEC,ZECUSDT,49,1790655426842,242,1383.305,2.096648254721334,324287.71163,256423.8446,6662610.1483700005,7615697.84714,500,500
aster,ZEC,ZECUSDT,50,1790655456983,283,1385.655,1.515643607232775,309543.23471,65613.67688,6731374.63429,7600876.42986,500,500
aster,ZEC,ZECUSDT,51,1790655486738,138,1384.74,2.6001040041601087,245393.95359000002,244036.78907,6620609.91502,7650546.20373,500,500
aster,ZEC,ZECUSDT,52,1790655516733,133,1383.205,0.5060838508641474,187033.19933,252440.23369000002,6712009.2198,7521189.12117,500,500
aster,ZEC,ZECUSDT,53,1790655546726,126,1384.795,0.07221311534522101,318387.89354,224494.79546999998,6484693.01739,7435171.67304,500,500
aster,ZEC,ZECUSDT,54,1790655576722,172,1385.855,2.2371364653239745,332321.77262,87635.82326,6731801.50665,7645761.0931,500,500
aster,ZEC,ZECUSDT,55,1790655606723,123,1386.5700000000002,1.731039705723525,323287.47735,88566.66313,6751894.3028,7597067.50908,500,500
aster,ZEC,ZECUSDT,56,1790655636728,128,1387.0149999999999,0.7931014593065555,240344.95297,110764.76565,6522664.69632,7633019.93286,500,500
aster,ZEC,ZECUSDT,57,1790655666708,108,1385.195,2.238202506785747,296949.10386,241755.99958,6637838.16299,7687388.5517,500,500
aster,ZEC,ZECUSDT,58,1790655696740,140,1385.635,1.6600265604260755,315495.03625,236840.83911,6695849.35256,7640869.539679999,500,500
aster,ZEC,ZECUSDT,59,1790655726586,136,1388.42,1.2965217203397827,312538.14823,90108.66737000001,6722099.43031,7663359.02409,500,500
aster,NVDA,NVDAUSDT,0,1790653956749,99,228.71499999999997,1.3117621337999097,70679.3721,68669.1599,673368.6038,735654.9662,413,295
aster,NVDA,NVDAUSDT,1,1790653986652,102,228.71499999999997,1.3117621337999097,70363.4146,69062.8706,673052.6166,735672.9524,414,295
aster,NVDA,NVDAUSDT,2,1790654016747,97,228.815,1.3111888111883019,81173.4116,101429.82340000001,687184.4495,727546.2201,414,293
aster,NVDA,NVDAUSDT,3,1790654046724,124,228.735,0.4371966947935846,86486.6699,58231.472799999996,691341.7204,724846.8726,410,297
aster,NVDA,NVDAUSDT,4,1790654076706,106,228.745,0.4371775815337209,69736.5165,96063.07509999999,673296.7232,762074.6003,414,295
aster,NVDA,NVDAUSDT,5,1790654106722,122,228.70499999999998,0.43725404460071005,63975.3872,149340.908,670739.8335,756968.439,411,296
aster,NVDA,NVDAUSDT,6,1790654136717,117,228.64499999999998,0.4373687893632905,71168.679,211965.10499999998,673227.6234,822088.1178,412,294
aster,NVDA,NVDAUSDT,7,1790654166732,182,228.655,0.43734966105324347,63923.4519,200154.40409999999,667740.0028,810402.6942,413,294
aster,NVDA,NVDAUSDT,8,1790654196751,101,228.60500000000002,0.43744531933676,69973.2,170800.7875,673150.102,798451.8477,415,299
aster,NVDA,NVDAUSDT,9,1790654226725,175,228.59500000000003,1.3124507830952759,64953.9153,158209.3983,666400.6102,738800.0279,413,295
aster,NVDA,NVDAUSDT,10,1790654256729,179,228.59500000000003,1.3124507830952759,64192.919,184267.6029,664358.613,764874.2412,413,297
aster,NVDA,NVDAUSDT,11,1790654286769,219,228.60000000000002,0.8749289120268955,55433.3572,192702.7268,655931.3329,793577.0677,412,297
aster,NVDA,NVDAUSDT,12,1790654316744,194,228.535,0.4375793112498805,62442.4773,71178.15179999999,659037.1925,757606.6208,411,297
aster,NVDA,NVDAUSDT,13,1790654346740,90,228.535,0.4375793112498805,57314.5414,60878.0991,653918.4094,747166.0577,410,297
aster,NVDA,NVDAUSDT,14,1790654376871,271,228.57,0.87504375218872,59992.692,86715.62490000001,658780.5482,694292.2379000001,412,291
aster,NVDA,NVDAUSDT,15,1790654406719,119,228.54000000000002,0.875158622499761,62650.0386,89956.49710000001,654280.9721,705014.6579,406,294
aster,NVDA,NVDAUSDT,16,1790654436724,124,228.5,0.8753118298376883,65836.7367,67663.0716,658725.7636,697240.8374,415,296
aster,NVDA,NVDAUSDT,17,1790654466815,115,228.445,0.4377517072318149,108492.2493,116856.9234,702110.3388,731438.0944000001,412,298
aster,NVDA,NVDAUSDT,18,1790654496726,126,228.475,0.4376942268136119,73388.6542,117398.9293,669489.8948,731459.8394,412,293
aster,NVDA,NVDAUSDT,19,1790654526733,233,228.475,0.4376942268136119,63912.7438,106310.4464,662670.0312,720967.2999,412,293
aster,NVDA,NVDAUSDT,20,1790654556728,278,228.465,0.43771338527509585,70144.7884,148311.2461,667416.9777,763008.02,412,295
aster,NVDA,NVDAUSDT,21,1790654586713,263,228.475,0.4376942268136119,67985.122,105074.032,666742.4847,719665.2017,411,295
aster,NVDA,NVDAUSDT,22,1790654616737,137,228.405,0.4378283712780373,69834.226,111209.5527,678846.0185,727849.8747,411,293
aster,NVDA,NVDAUSDT,23,1790654646720,120,228.45,0.8755034144636298,62169.9209,109143.5144,655913.4679,724048.5979,412,291
aster,NVDA,NVDAUSDT,24,1790654676718,268,228.45,0.8755034144636298,68960.2338,115721.4293,662704.0031,730589.7012,414,290
aster,NVDA,NVDAUSDT,25,1790654706785,135,228.445,0.4377517072318149,82653.0885,111022.2249,672852.1609,725899.4025,415,294
aster,NVDA,NVDAUSDT,26,1790654736745,95,228.47,0.8754267705501917,77486.9223,110313.43460000001,673164.5185,724010.486,416,287
aster,NVDA,NVDAUSDT,27,1790654766727,127,228.415,0.437809202749051,82999.4256,138450.6385,672637.3687,755218.0332,416,294
aster,NVDA,NVDAUSDT,28,1790654796734,134,228.41,0.8756567425560746,72368.3422,114692.6112,668935.6867,731279.3336,413,295
aster,NVDA,NVDAUSDT,29,1790654826718,118,228.405,0.4378283712780373,72437.74010000001,115237.05730000001,668931.2798,731480.7672,413,297
aster,NVDA,NVDAUSDT,30,1790654856735,135,228.405,0.4378283712780373,72033.5421,115097.0868,668527.0962,731329.2908,414,297
aster,NVDA,NVDAUSDT,31,1790654886730,130,228.405,0.4378283712780373,58232.191600000006,125683.61730000001,654791.5402,741633.0479,413,295
aster,NVDA,NVDAUSDT,32,1790654916753,103,228.385,0.4378667133719816,71207.57370000001,72737.9925,665735.986,741236.7183,413,298
aster,NVDA,NVDAUSDT,33,1790654946914,264,228.385,0.4378667133719816,67600.80350000001,71297.5197,662185.302,739736.4625,411,297
aster,NVDA,NVDAUSDT,34,1790654976750,200,228.445,0.4377517072318149,65129.042,155389.09960000002,655122.7541,769582.2375,415,293
aster,NVDA,NVDAUSDT,35,1790655006728,128,228.48000000000002,0.8753884536272238,58692.9399,139259.51570000002,656587.3083,815616.1472,415,293
aster,NVDA,NVDAUSDT,36,1790655036762,262,228.535,0.4375793112498805,36709.7775,135072.30120000002,652447.5427,752568.8369,413,294
aster,NVDA,NVDAUSDT,37,1790655066728,128,228.54000000000002,0.875158622499761,36138.7092,150210.2856,652530.5026,767172.295,412,291
aster,NVDA,NVDAUSDT,38,1790655096749,249,228.555,0.4375410194712437,35069.5928,149543.74,653454.4963,784263.2139,411,291
aster,NVDA,NVDAUSDT,39,1790655126733,183,228.495,0.43765591491995437,59521.3882,96160.61399999999,653001.1347,772648.5494,411,296
aster,NVDA,NVDAUSDT,40,1790655156725,125,228.475,0.4376942268136119,58792.9803,118576.3668,651876.1879,795236.6865,412,297
aster,NVDA,NVDAUSDT,41,1790655186708,108,228.465,0.43771338527509585,57482.0559,124438.4498,648792.3132,802310.881,412,297
aster,NVDA,NVDAUSDT,42,1790655216914,264,228.505,1.312967744759863,70512.2291,98303.6661,661754.2144,775036.942,408,295
aster,NVDA,NVDAUSDT,43,1790655246828,128,228.505,0.43763676148778075,65471.3332,127472.37969999999,653509.5161,804150.6065,410,297
aster,NVDA,NVDAUSDT,44,1790655276879,129,228.505,0.43763676148778075,65501.1822,131920.0387,653423.6596,808598.3339,410,296
aster,NVDA,NVDAUSDT,45,1790655306760,110,228.51,0.8752735229755615,74582.60800000001,142439.63629999998,663440.8388,818173.5395,408,296
aster,NVDA,NVDAUSDT,46,1790655336751,101,228.495,0.43765591491995437,70427.8312,140316.01069999998,656957.9551,816485.0922,407,294
aster,NVDA,NVDAUSDT,47,1790655366862,312,228.475,0.4376942268136119,62924.0013,136932.1991,653790.0229,754317.3069,408,296
aster,NVDA,NVDAUSDT,48,1790655396765,115,228.505,0.43763676148778075,78236.5883,97891.2211,668918.5549,720099.5756,412,296
aster,NVDA,NVDAUSDT,49,1790655426727,127,228.55,0.8751203290446874,53741.2904,63784.218100000006,671120.8685,681915.5788,408,295
aster,NVDA,NVDAUSDT,50,1790655456839,189,228.58499999999998,1.3125082031772983,43057.098,95575.7406,667323.0833,685283.9442,409,293
aster,NVDA,NVDAUSDT,51,1790655486727,127,228.60000000000002,0.8749289120268955,35978.8842,146758.9037,660781.78,729586.3262,414,296
aster,NVDA,NVDAUSDT,52,1790655516749,199,228.57,0.87504375218872,35302.6671,105979.85680000001,659170.2234,714199.4739,410,297
aster,NVDA,NVDAUSDT,53,1790655546723,123,228.60500000000002,1.3123933680381228,47782.2457,94611.5,671830.008,692455.2996,413,294
aster,NVDA,NVDAUSDT,54,1790655576719,119,228.63,1.7497047373260521,34597.715599999996,107605.9114,658368.3819,695039.9353,412,294
aster,NVDA,NVDAUSDT,55,1790655606922,372,228.63,1.7497047373260521,34469.7209,106125.5395,658240.506,694563.755,412,295
aster,NVDA,NVDAUSDT,56,1790655636730,180,228.64,0.8747758386928872,35099.497800000005,103305.5186,659158.7395,691596.1658,413,294
aster,NVDA,NVDAUSDT,57,1790655666706,356,228.57999999999998,0.8750054687856057,38854.9671,201385.7987,656451.2222,858754.7704,412,298
aster,NVDA,NVDAUSDT,58,1790655696763,113,228.59,0.8749671887287036,45626.2182,156386.9483,662267.824,816722.1676,413,296
aster,NVDA,NVDAUSDT,59,1790655726721,271,228.635,1.3122211530047778,39744.6765,236175.3004,663259.5522,824716.6145,416,294
aster,HYPE,HYPEUSDT,0,1790653956681,231,86.8475,0.5757383844784414,515559.1506,528890.4758,2766246.05229,2844226.81452,500,500
aster,HYPE,HYPEUSDT,1,1790653986660,260,86.88499999999999,0.23019198011065,523837.36089,352298.68772,2920121.50576,2641644.36939,500,500
aster,HYPE,HYPEUSDT,2,1790654016674,274,86.9115,0.11506023403384802,558029.63604,490758.02609,2748745.42354,2830547.68915,500,500
aster,HYPE,HYPEUSDT,3,1790654046536,86,86.8865,0.11509334070014532,422719.6891,627404.1793,2665919.14129,2983465.3479,500,500
aster,HYPE,HYPEUSDT,4,1790654076530,130,86.833,0.9213511614802883,539287.42313,481163.68782,2936317.6886,2700999.62212,500,500
aster,HYPE,HYPEUSDT,5,1790654106521,121,86.844,0.9212344541675854,541509.11769,470934.40754,2939053.1072299997,2752544.09003,500,500
aster,HYPE,HYPEUSDT,6,1790654136689,239,86.7945,0.5760899622075932,418906.24047,582110.3850499999,2694221.43591,2927031.8874399997,500,500
aster,HYPE,HYPEUSDT,7,1790654166542,92,86.786,0.4609144542766508,452504.5144,498167.47070999997,2974726.98045,2741205.0658299997,500,500
aster,HYPE,HYPEUSDT,8,1790654196532,132,86.775,0.9219670166293881,561281.48368,515857.13532999996,2924912.63066,2873384.15049,500,500
aster,HYPE,HYPEUSDT,9,1790654226533,133,86.8135,0.11519012129479478,541687.1229000001,365526.22596,3048223.94978,2659784.92256,500,500
aster,HYPE,HYPEUSDT,10,1790654256524,124,86.8365,1.0364842454402279,493547.13071,442603.6461,3007135.55871,2742945.1456999998,500,500
aster,HYPE,HYPEUSDT,11,1790654286676,276,86.82,0.9214891264286429,572677.5709,370990.65245,2839500.95973,2768803.63443,500,500
aster,HYPE,HYPEUSDT,12,1790654316525,125,86.8095,0.5759904155189233,433968.396,469926.20698,2789468.58274,2833626.00024,500,500
aster,HYPE,HYPEUSDT,13,1790654346667,267,86.823,0.6910850034547167,453724.39783,364180.40528999997,2834227.42459,2731201.70648,500,500
aster,HYPE,HYPEUSDT,14,1790654376527,127,86.845,0.4606013150154631,428204.06957,503424.10347,2735390.9525699997,2883334.31685,500,500
aster,HYPE,HYPEUSDT,15,1790654406533,133,86.874,0.6906792830752018,678254.7717,411332.00032,2958035.24375,2857538.71937,500,500
aster,HYPE,HYPEUSDT,16,1790654436523,123,86.8255,0.1151742009786183,436986.05523,572078.15814,2773816.58011,2919990.30006,500,500
aster,HYPE,HYPEUSDT,17,1790654466520,120,86.7315,0.5765084343178906,424022.32288,583509.56296,2751996.1609199997,2927643.26973,500,500
aster,HYPE,HYPEUSDT,18,1790654496533,133,86.7955,0.11521401002356768,438050.43478,284731.52032999997,2783928.05352,2581111.89037,500,500
aster,HYPE,HYPEUSDT,19,1790654526542,92,86.889,0.690560044196431,430146.86769,369846.27709,2709562.56669,2747283.12186,500,500
aster,HYPE,HYPEUSDT,20,1790654556533,133,86.8395,0.575791425314609,416566.62735,568552.92957,2637269.17166,2858303.63128,500,500
aster,HYPE,HYPEUSDT,21,1790654586523,123,86.85050000000001,1.0363171591087905,431780.86844,628451.4726399999,2707479.14131,2958585.88578,500,500
aster,HYPE,HYPEUSDT,22,1790654616532,132,86.6985,0.5767278767176975,313852.61674,659638.27466,2557440.0812,2971087.85691,500,500
aster,HYPE,HYPEUSDT,23,1790654646667,267,86.6885,0.11535622000735657,439646.28608,646160.40328,2694448.99211,2975370.24715,500,500
aster,HYPE,HYPEUSDT,24,1790654676522,122,86.67150000000001,0.11537884644141627,518627.76746,585008.17899,2905841.58807,2824121.6355,500,500
aster,HYPE,HYPEUSDT,25,1790654706678,278,86.6365,0.5771406145393954,435655.68022,625480.62803,2688426.58123,3010679.01318,500,500
aster,HYPE,HYPEUSDT,26,1790654736526,126,86.64,0.46169117477123933,608615.49321,574445.8538,2954484.99373,2827861.20331,500,500
aster,HYPE,HYPEUSDT,27,1790654766530,130,86.6565,0.3462004500609517,704667.02633,450367.29461,3027946.69439,2729891.09478,500,500
aster,HYPE,HYPEUSDT,28,1790654796679,229,86.69800000000001,0.4613823013754903,639016.60573,363893.37358,3029559.26327,2695817.80172,500,500
aster,HYPE,HYPEUSDT,29,1790654826528,128,86.713,1.614651811869816,681843.01337,425157.65442000004,3139145.73825,2742275.9737299997,500,500
aster,HYPE,HYPEUSDT,30,1790654856536,136,86.69800000000001,1.153495668624327,636670.75233,551099.85505,2951840.53331,2803764.75845,500,500
aster,HYPE,HYPEUSDT,31,1790654886530,130,86.673,0.6922810661125212,432714.64257,558402.43257,2686619.42949,2906722.33652,500,500
aster,HYPE,HYPEUSDT,32,1790654916697,247,86.66149999999999,0.34618047542123165,528124.95782,564738.74139,2841322.9491,2965423.53932,500,500
aster,HYPE,HYPEUSDT,33,1790654946540,90,86.70150000000001,1.0380982040891773,453024.26223,479446.74559,2946692.94922,2685827.91609,500,500
aster,HYPE,HYPEUSDT,34,1790654976563,113,86.81,0.4607870242367973,587590.40056,395090.07551,3100724.95185,2645226.18035,500,500
aster,HYPE,HYPEUSDT,35,1790655006530,130,86.841,0.6909417536093976,600377.50959,355677.80832,3027729.60964,2712431.45556,500,500
aster,HYPE,HYPEUSDT,36,1790655036538,88,86.87,0.920958718024778,584043.8185,518080.20432,2913801.95803,2819873.20637,500,500
aster,HYPE,HYPEUSDT,37,1790655066539,89,86.952,0.2300146059286412,605340.23987,299226.58612,2891262.7359599997,2712487.68909,500,500
aster,HYPE,HYPEUSDT,38,1790655096553,103,86.928,0.4601615166932582,488464.75709,545978.82212,2774828.9048,2955099.44157,500,500
aster,HYPE,HYPEUSDT,39,1790655126532,132,86.90549999999999,0.34520850593855457,393689.83643,524270.47195,2795538.34371,2936224.60138,500,500
aster,HYPE,HYPEUSDT,40,1790655156533,133,86.9685,0.11498482200167359,551425.30214,361113.45944,3050207.87005,2684035.33253,500,500
aster,HYPE,HYPEUSDT,41,1790655186528,128,86.97200000000001,0.4599287110496064,480936.54498,394632.91453999997,2964363.07804,2758848.8397,500,500
aster,HYPE,HYPEUSDT,42,1790655216687,237,87.0075,0.114933281230023,687734.4767,404006.75493,3200616.85839,2681619.01439,500,500
aster,HYPE,HYPEUSDT,43,1790655246681,231,86.9755,1.2648039553875279,625267.47853,518999.62468,2899724.19576,2879402.90411,500,500
aster,HYPE,HYPEUSDT,44,1790655276662,112,87.0005,0.11494252873722743,538186.84752,474734.40268,3072906.18383,2856784.35319,500,500
aster,HYPE,HYPEUSDT,45,1790655306547,97,87.08949999999999,1.0334730435790362,573872.12911,383033.67329,3067546.88789,2657782.71596,500,500
aster,HYPE,HYPEUSDT,46,1790655336524,124,87.0805,0.5741978456086372,634754.30299,527695.73281,2987826.3084,2817866.22594,500,500
aster,HYPE,HYPEUSDT,47,1790655366535,85,87.1955,0.57344052848185,627264.22442,595245.09318,3004167.48441,2879780.20112,500,500
aster,HYPE,HYPEUSDT,48,1790655396527,127,87.2045,0.11467363882466941,607713.32958,608374.2785,3049073.1772,2870110.10454,500,500
aster,HYPE,HYPEUSDT,49,1790655426812,262,87.198,0.688112850506517,601002.94435,448968.29748999997,2993150.74862,2760671.86111,500,500
aster,HYPE,HYPEUSDT,50,1790655456539,139,87.2805,0.1145737855190454,627570.2919,426898.92075,3121288.0849,2716123.65092,500,500
aster,HYPE,HYPEUSDT,51,1790655486535,135,87.27000000000001,0.9167373318352823,422783.01924,666151.39458,2765821.13938,2985746.65909,500,500
aster,HYPE,HYPEUSDT,52,1790655516537,87,87.2745,0.8020992082147238,443269.80814000004,533372.69511,2911312.86345,2850519.3828600002,500,500
aster,HYPE,HYPEUSDT,53,1790655546535,85,87.31049999999999,2.405498281787821,317944.53026,427224.00828,2783071.3970500003,2687279.50629,500,500
aster,HYPE,HYPEUSDT,54,1790655576538,138,87.35,0.9158976942269526,542856.3255800001,549824.93486,3033957.61266,2826122.24269,500,500
aster,HYPE,HYPEUSDT,55,1790655606686,236,87.4105,0.8008511904078475,626915.02503,530523.57052,3158052.98791,2792247.15957,500,500
aster,HYPE,HYPEUSDT,56,1790655636541,141,87.4125,0.5720169317013912,669196.23279,490548.66482999997,3160252.3832,2786415.53516,500,500
aster,HYPE,HYPEUSDT,57,1790655666524,124,87.346,1.3739409205415498,522322.56707,691985.74567,2709881.28315,2948651.88834,500,500
aster,HYPE,HYPEUSDT,58,1790655696534,134,87.34649999999999,1.7174458145841065,540218.76157,586045.13303,3018176.56904,2750941.04604,500,500
aster,HYPE,HYPEUSDT,59,1790655726580,130,87.4255,0.11438375750794094,657353.10044,461837.07867,3100598.54624,2673515.01869,500,500
aster,XAG,XAGUSDT,0,1790653956870,120,60.745000000000005,1.646361540994512,620029.23028,701861.1230799999,1996684.91862,1598423.62381,448,500
aster,XAG,XAGUSDT,1,1790653986799,249,60.730000000000004,3.2938076416333395,615289.54879,491887.15553,1988035.40884,1607191.94554,448,500
aster,XAG,XAGUSDT,2,1790654016894,244,60.739999999999995,3.2932652725192746,627204.8420899999,680497.6031599999,1987875.86239,1595220.20927,447,500
aster,XAG,XAGUSDT,3,1790654046851,251,60.72,3.2943501894244775,620618.11466,487036.31668,1967475.52744,1599110.20771,445,500
aster,XAG,XAGUSDT,4,1790654076715,215,60.715,1.6471750947122388,619461.2307900001,492903.09197999997,1970412.93542,1614534.22354,446,500
aster,XAG,XAGUSDT,5,1790654106910,310,60.724999999999994,1.6469038208155595,619260.68693,649717.38543,1999680.26143,1597241.98269,445,500
aster,XAG,XAGUSDT,6,1790654136883,133,60.675,1.6482610845547363,554915.97415,487377.33982,2011274.74461,1613174.94547,443,500
aster,XAG,XAGUSDT,7,1790654166767,117,60.665,1.648532805804681,646280.94345,486369.56153999997,2071473.1585600001,1613413.1920399999,442,500
aster,XAG,XAGUSDT,8,1790654196854,154,60.635000000000005,1.6493485073398872,655016.34848,486014.60394,2054132.2388000002,1589157.52197,441,500
aster,XAG,XAGUSDT,9,1790654226828,278,60.625,1.6496205872651437,626787.3318,486506.25545,2063521.14959,1603129.6416,442,500
aster,XAG,XAGUSDT,10,1790654256857,107,60.644999999999996,1.649076517149517,434549.16925,666115.1338000001,2068274.76595,1595786.5043,443,500
aster,XAG,XAGUSDT,11,1790654286907,357,60.629999999999995,3.2992411745302874,651139.07622,488835.35005999997,2035945.77119,1593032.52875,442,500
aster,XAG,XAGUSDT,12,1790654316744,94,60.61,3.300330033002563,619810.58748,487146.42985,2007579.8452700002,1598311.32623,440,500
aster,XAG,XAGUSDT,13,1790654346757,107,60.625,1.6496205872651437,609581.88757,507289.05627,2034732.62418,1591340.4920599998,442,500
aster,XAG,XAGUSDT,14,1790654376763,113,60.644999999999996,1.649076517149517,378032.929,646015.6852000001,2029823.06682,1564265.62147,442,500
aster,XAG,XAGUSDT,15,1790654406755,105,60.655,1.6488046166518444,631976.51529,462934.75325,2000611.61615,1558382.84046,443,500
aster,XAG,XAGUSDT,16,1790654436763,113,60.625,1.6496205872651437,633243.41516,487361.27787999995,1978031.7526200002,1612686.59723,441,500
aster,XAG,XAGUSDT,17,1790654466840,140,60.625,1.6496205872651437,577909.55073,489372.27463999996,2007955.6146300002,1601312.42848,441,500
aster,XAG,XAGUSDT,18,1790654496761,111,60.625,1.6496205872651437,608676.67835,487214.02767999994,1977062.87165,1609908.70462,441,500
aster,XAG,XAGUSDT,19,1790654526817,117,60.620000000000005,3.299785513941611,623038.64104,487500.53946999996,1963055.57059,1599113.56153,440,500
aster,XAG,XAGUSDT,20,1790654556833,133,60.614999999999995,1.6498927569696953,658241.87261,478209.72939999995,1992010.19691,1600558.71923,441,500
aster,XAG,XAGUSDT,21,1790654586757,157,60.605000000000004,1.6501650165023918,625705.96231,487124.86666,2025848.3521,1613447.16802,441,500
aster,XAG,XAGUSDT,22,1790654617762,112,60.575,1.650982334489015,671562.27838,488615.43102,2015980.85953,1612513.2756,440,500
aster,XAG,XAGUSDT,23,1790654646802,102,60.58,3.30196466897803,692332.14893,497553.82659,2013844.12445,1605446.3438,440,500
aster,XAG,XAGUSDT,24,1790654676745,95,60.56,3.3030553261781392,630898.12602,489209.9133,1992147.75695,1614056.5088199999,439,500
aster,XAG,XAGUSDT,25,1790654706804,154,60.555,1.6515276630890696,628657.0396199999,273556.9629,1988627.20439,1603808.49707,439,500
aster,XAG,XAGUSDT,26,1790654736761,211,60.555,1.6515276630890696,586976.09719,490102.67776000005,1993108.67617,1613261.38154,438,500
aster,XAG,XAGUSDT,27,1790654766754,104,60.504999999999995,1.652892561982977,610194.76725,486305.16198,1988137.66771,1614306.12641,436,500
aster,XAG,XAGUSDT,28,1790654796803,153,60.515,1.652619401752986,610386.42683,477790.42608,1998536.43208,1607989.15184,437,500
aster,XAG,XAGUSDT,29,1790654826795,95,60.510000000000005,3.3057851239681746,625934.61032,496707.69464999996,1990606.50024,1606829.95909,436,500
aster,XAG,XAGUSDT,30,1790654856756,306,60.515,1.652619401752986,598753.53957,495190.12996000005,1998872.09459,1606893.68331,437,500
aster,XAG,XAGUSDT,31,1790654886827,127,60.510000000000005,3.3057851239681746,582833.29128,496413.23797,1955743.50997,1593917.15225,436,500
aster,XAG,XAGUSDT,32,1790654916765,115,60.485,1.6534391534395176,620793.07157,282794.33908,2008516.85979,1617560.63575,435,500
aster,XAG,XAGUSDT,33,1790654946770,120,60.504999999999995,1.652892561982977,583073.41796,489419.25967999996,2037921.65732,1596676.67646,436,500
aster,XAG,XAGUSDT,34,1790654976878,128,60.515,1.652619401752986,406276.93044,484916.63286,1993524.77613,1586493.00432,436,500
aster,XAG,XAGUSDT,35,1790655006756,106,60.55,3.3036009250086984,698572.27572,499719.50568,2057735.97748,1589101.13251,439,500
aster,XAG,XAGUSDT,36,1790655037026,276,60.54,3.3041467041128314,701141.8842,490631.30252,2045593.68065,1588604.19256,439,500
aster,XAG,XAGUSDT,37,1790655066769,119,60.54,3.3041467041128314,597152.783,569980.60655,2005027.09917,1676663.37827,438,500
aster,XAG,XAGUSDT,38,1790655096897,147,60.545,1.651800462503239,588184.18659,559554.43135,1979080.2238,1676266.4609400001,439,500
aster,XAG,XAGUSDT,39,1790655126762,112,60.515,1.652619401752986,617183.5663000001,342507.08427,1966083.3172000002,1701253.8428,438,500
aster,XAG,XAGUSDT,40,1790655156770,120,60.515,1.652619401752986,613674.6012,550609.16394,1976512.51678,1681694.9096900001,438,500
aster,XAG,XAGUSDT,41,1790655186768,118,60.53,3.3046926635815765,588543.08922,546999.46361,1953050.1421,1674318.80399,438,500
aster,XAG,XAGUSDT,42,1790655216876,126,60.53,3.3046926635815765,586282.1763,550845.00229,1928753.5871000001,1605667.67582,438,500
aster,XAG,XAGUSDT,43,1790655246758,108,60.525000000000006,1.6523463317907883,583390.06949,529495.4,1972122.11032,1640868.89552,439,500
aster,XAG,XAGUSDT,44,1790655276898,98,60.545,1.651800462503239,591313.97717,532385.42614,2021222.09074,1648836.29528,439,500
aster,XAG,XAGUSDT,45,1790655306841,141,60.54,3.3041467041128314,621669.05288,558443.3162,2008281.07932,1656501.25647,439,500
aster,XAG,XAGUSDT,46,1790655336804,104,60.53,3.3046926635815765,652847.02431,511762.35809,1992142.84733,1629309.34317,438,500
aster,XAG,XAGUSDT,47,1790655366817,117,60.525000000000006,1.6523463317907883,602842.3777,543583.4230899999,1992668.92598,1666975.84298,438,500
aster,XAG,XAGUSDT,48,1790655396853,103,60.555,1.6515276630890696,629614.44924,539351.49984,2041483.79644,1653725.9747,440,500
aster,XAG,XAGUSDT,49,1790655426905,255,60.56,3.3030553261781392,655488.57987,735736.66743,2020662.03799,1663475.831,440,500
aster,XAG,XAGUSDT,50,1790655456968,118,60.575,1.650982334489015,360857.0701,766475.02113,2036870.89937,1652087.8694499999,441,500
aster,XAG,XAGUSDT,51,1790655486767,167,60.595,1.6504373659009808,553543.11506,565825.63047,2016849.35834,1687174.26809,443,500
aster,XAG,XAGUSDT,52,1790655516772,222,60.605000000000004,1.6501650165023918,564863.50687,762835.57291,1987266.27667,1676968.33331,442,500
aster,XAG,XAGUSDT,53,1790655546756,206,60.605000000000004,1.6501650165023918,565081.50358,727973.3180699999,1989459.31835,1658610.26061,442,500
aster,XAG,XAGUSDT,54,1790655576768,168,60.61,3.300330033002563,606060.83976,767801.8264700001,1973970.08134,1642997.70597,442,500
aster,XAG,XAGUSDT,55,1790655606867,317,60.605000000000004,1.6501650165023918,581974.75436,730583.56371,2025675.53955,1660393.57541,442,500
aster,XAG,XAGUSDT,56,1790655636765,115,60.605000000000004,1.6501650165023918,594978.74716,727475.35812,2029158.15254,1657003.21112,442,500
aster,XAG,XAGUSDT,57,1790655666853,103,60.605000000000004,1.6501650165023918,591992.01488,729508.33718,2027651.56346,1656312.80682,442,500
aster,XAG,XAGUSDT,58,1790655696978,378,60.605000000000004,1.6501650165023918,591991.89378,736979.83547,2027652.42787,1664945.77478,442,500
aster,XAG,XAGUSDT,59,1790655726761,111,60.625,1.6496205872651437,582982.8292099999,560402.25659,1988901.65046,1660262.38397,444,500
aster,BTC,BTCUSDT,0,1790653956543,93,83065.55,0.012038692358551373,9482251.9812,8530672.6576,36145019.7802,30400382.5705,500,500
aster,BTC,BTCUSDT,1,1790653986601,101,83085.15,0.012035852396952151,10039382.8389,6648290.2885,34189069.2526,29144591.7044,500,500
aster,BTC,BTCUSDT,2,1790654016524,124,83124.95,0.012030089659997856,11257532.1355,6875708.434400001,33829097.4445,28087066.5568,500,500
aster,BTC,BTCUSDT,3,1790654046531,131,83109.35,0.012032347762591655,11039353.4191,10300466.7678,30916365.0833,31310215.3282,500,500
aster,BTC,BTCUSDT,4,1790654076521,121,83073.15,0.012037590988445146,5834767.5049,11250265.108000001,33078056.8343,30706607.1202,500,500
aster,BTC,BTCUSDT,5,1790654106535,135,83052.05,0.012040649233213685,7968197.4413,9901269.6161,33336841.2986,31795361.3798,500,500
aster,BTC,BTCUSDT,6,1790654136529,129,83050.05,0.012040939194601918,7143153.9925,9929234.2798,32716187.5444,31174476.8964,500,500
aster,BTC,BTCUSDT,7,1790654166543,93,83054.15,0.012040344785635426,10807530.1093,9128478.1919,34183929.0243,30358910.2601,500,500
aster,BTC,BTCUSDT,8,1790654196524,124,83039.15,0.01204251972808379,10526832.5896,9488318.6123,33740340.5301,31190684.8512,500,500
aster,BTC,BTCUSDT,9,1790654226531,131,83033.65,0.012043317403342968,10654919.3284,10121830.3797,32402621.0526,31098059.1776,500,500
aster,BTC,BTCUSDT,10,1790654256665,265,83029.65,0.012043897597013853,10918739.2622,8566927.8172,33402952.2066,30395079.3263,500,500
aster,BTC,BTCUSDT,11,1790654286531,131,83026.05,0.01204441982149973,10633371.6848,10012454.1417,33461592.5484,31461772.1583,500,500
aster,BTC,BTCUSDT,12,1790654316518,118,83012.85,0.01204633502283059,9732942.1085,9746880.292200001,32555039.0119,31037147.873,500,500
aster,BTC,BTCUSDT,13,1790654346518,118,83017.05,0.012045725574783006,9930585.367700001,9650989.341,33704868.7263,30365917.8011,500,500
aster,BTC,BTCUSDT,14,1790654376665,265,83035.15,0.301081847293716,9740575.7113,7924670.6539,33680492.0881,29085735.5314,500,500
aster,BTC,BTCUSDT,15,1790654406529,129,83043.95,0.01204182366265627,9622003.9793,8920464.7934,34963849.8899,30687851.0922,500,500
aster,BTC,BTCUSDT,16,1790654436527,127,83014.15,0.012046146375954692,8397895.261,8305871.831300001,33926590.0193,30676956.8548,500,500
aster,BTC,BTCUSDT,17,1790654466694,244,82997.85,0.012048512127993405,9532698.6975,9121893.1309,34521503.7759,29679941.9846,500,500
aster,BTC,BTCUSDT,18,1790654496530,130,83016.65,0.012045783612801841,10061214.036700001,8967257.8451,36146323.12,28654313.9281,500,500
aster,BTC,BTCUSDT,19,1790654526538,138,83060.95,0.012039359074123013,10127153.8061,7457842.1209,33997403.48,27279916.325600002,500,500
aster,BTC,BTCUSDT,20,1790654556681,131,83048.95,0.012041098678139406,9104727.995,9060089.9557,35436228.2387,29831239.6503,500,500
aster,BTC,BTCUSDT,21,1790654586531,131,83049.05,0.01204108418084715,10151423.2573,8724908.7481,34861102.6125,29555305.7344,500,500
aster,BTC,BTCUSDT,22,1790654616529,129,82992.05,0.012049354154441971,8969647.5191,8651597.6912,32930999.051,28477931.9328,500,500
aster,BTC,BTCUSDT,23,1790654646530,130,83012.55,0.012046378559116278,10463825.4507,8281570.0851,36025983.7653,29798018.7893,500,500
aster,BTC,BTCUSDT,24,1790654676520,120,83033.55,0.012043331909517008,10622820.4425,9488610.5072,36550837.984799996,29174597.7041,500,500
aster,BTC,BTCUSDT,25,1790654706517,117,83024.95,0.012044579398295951,10420376.8294,8359566.4477,35359416.132,29489345.2982,500,500
aster,BTC,BTCUSDT,26,1790654736529,129,83032.65,0.012043462447319797,10463142.021,9318104.733,37300977.8791,28714548.6588,500,500
aster,BTC,BTCUSDT,27,1790654766524,124,83021.75,0.012045043646935483,9610137.4011,8333240.4834,35718850.5158,29708353.5282,500,500
aster,BTC,BTCUSDT,28,1790654796541,91,83033.55,0.012043331909517008,10711645.0934,11102763.3377,37581101.7879,29689234.888100002,500,500
aster,BTC,BTCUSDT,29,1790654826526,126,83043.95,0.01204182366265627,10762510.5584,7496657.9409,37308100.9519,27844976.3673,500,500
aster,BTC,BTCUSDT,30,1790654856528,128,83047.05,0.012041374162219398,10266994.3344,7817041.4,34292960.997999996,27626199.1361,500,500
aster,BTC,BTCUSDT,31,1790654886525,125,83012.85,0.01204633502283059,5060407.5224,9615124.7175,35521969.7033,30609454.9866,500,500
aster,BTC,BTCUSDT,32,1790654916552,102,82992.05,0.012049354154441971,9636886.9276,8053573.0174,35440809.4571,30496554.5449,500,500
aster,BTC,BTCUSDT,33,1790654946668,268,82997.15,0.012048613746706849,10940224.1995,8838622.3895,36708381.5912,30657965.877100002,500,500
aster,BTC,BTCUSDT,34,1790654976703,253,83020.75,0.01204518873088034,9411371.2544,7665818.5193,36208703.0641,28795548.0042,500,500
aster,BTC,BTCUSDT,35,1790655006531,131,83032.55,0.012043476953493837,9355250.7657,7920926.7817,34284531.4799,28237975.4484,500,500
aster,BTC,BTCUSDT,36,1790655036533,133,83043.15,0.012041939665419221,9973455.4399,7709623.1797,33296912.0272,28188055.7274,500,500
aster,BTC,BTCUSDT,37,1790655066535,135,83073.05,0.01203760548129651,10707765.2459,7157318.1196,34500376.0515,26985696.0962,500,500
aster,BTC,BTCUSDT,38,1790655096551,101,83083.45,0.01203609866884392,9433320.7853,7768827.9885,33253240.949500002,29010227.9881,500,500
aster,BTC,BTCUSDT,39,1790655126533,133,83078.65,0.01203679407035807,7288323.135,9239369.1926,33393556.4629,30462487.894,500,500
aster,BTC,BTCUSDT,40,1790655156529,129,83090.75,0.012035041225821885,9515669.2602,7361653.1615,32152225.4943,29362985.993100002,500,500
aster,BTC,BTCUSDT,41,1790655186525,125,83095.95,0.0120342880949309,11373855.5088,7928553.8528,33318803.6494,28877973.4402,500,500
aster,BTC,BTCUSDT,42,1790655216692,242,83119.05,0.012030943588037246,10242265.8211,7086620.8738,33807908.8385,32192560.867200002,500,500
aster,BTC,BTCUSDT,43,1790655246533,83,83126.25,0.012029901523824549,9519488.4038,8622265.1071,33749801.9735,29525695.2328,500,500
aster,BTC,BTCUSDT,44,1790655276564,114,83102.35,0.012033361289631728,9160283.7542,9205955.056,33419733.766,29840338.3847,500,500
aster,BTC,BTCUSDT,45,1790655306543,93,83124.15,0.012030205438495756,10273100.7992,7997933.6184,33221325.586,28479189.5308,500,500
aster,BTC,BTCUSDT,46,1790655336678,278,83105.75,0.012032868985656364,9103023.4426,8750064.759,30964868.9234,29475176.6159,500,500
aster,BTC,BTCUSDT,47,1790655366672,272,83120.75,0.012030697529308298,8996460.6519,9145805.4966,31683170.1442,28789793.3022,500,500
aster,BTC,BTCUSDT,48,1790655396523,123,83119.25,0.012030914637861656,9363110.6151,9808283.5239,31544000.1002,29497756.5754,500,500
aster,BTC,BTCUSDT,49,1790655426532,132,83127.15,0.012029771276900192,9947178.7364,7973102.9521,32485993.1672,28718935.7131,500,500
aster,BTC,BTCUSDT,50,1790655456529,129,83168.65,0.012023768585223138,10235683.8104,8158283.4954,33548505.081,28802344.2953,500,500
aster,BTC,BTCUSDT,51,1790655486529,129,83148.05,0.012026747486792999,8344229.603,9676020.4393,30295975.7803,30515999.2173,500,500
aster,BTC,BTCUSDT,52,1790655516531,131,83137.65,0.012028251956675007,9117926.3515,8592911.8448,31400761.9777,29512453.107,500,500
aster,BTC,BTCUSDT,53,1790655546531,131,83156.15,0.012025575995000537,9707181.1886,8812532.6314,31732010.8164,29506538.748,500,500
aster,BTC,BTCUSDT,54,1790655576529,129,83178.15,0.012022395317057288,9567368.7644,9154001.097,30754883.8658,28878431.532,500,500
aster,BTC,BTCUSDT,55,1790655606825,425,83212.55,0.012017425268240345,9556875.836099999,8112880.644400001,29235908.0246,33948017.7706,500,500
aster,BTC,BTCUSDT,56,1790655636538,88,83206.75,0.012018262953716885,10066802.2771,8882957.4966,30185646.1397,34981051.1265,500,500
aster,BTC,BTCUSDT,57,1790655666513,113,83189.65,0.012020733359818792,9197037.647,8172253.1766,31131264.3799,34857081.5009,500,500
aster,BTC,BTCUSDT,58,1790655696529,129,83206.05,0.012018364061727738,9456938.2496,10349813.6959,31154288.0011,34072185.8618,500,500
aster,BTC,BTCUSDT,59,1790655726529,129,83247.05,0.012012444894349272,9694550.247200001,9325116.8838,28945565.0199,29194981.6149,500,500
aster,XAU,XAUUSDT,0,1790653956776,126,4140.125,0.024153889259803663,803991.4255199999,817881.4497,2550609.79195,2857754.58306,500,500
aster,XAU,XAUUSDT,1,1790653986785,135,4139.825,0.024155639617440272,810792.88029,624390.40253,2557721.23294,2857698.35029,500,500
aster,XAU,XAUUSDT,2,1790654016749,149,4140.075,0.024154180968682937,856075.34288,591738.35245,2610654.26009,2833343.0507,500,500
aster,XAU,XAUUSDT,3,1790654046856,106,4139.045,0.024160191736122272,814548.4323,454886.21035999997,2568094.44243,2871057.1842,500,500
aster,XAU,XAUUSDT,4,1790654076718,118,4139.495,0.024157565303717377,644298.02191,568231.07582,2587844.36489,2809049.37518,500,500
aster,XAU,XAUUSDT,5,1790654106906,256,4140.075,0.024154180968682937,664407.79576,549442.03555,2613398.69611,2777508.51058,500,500
aster,XAU,XAUUSDT,6,1790654136762,212,4138.395,0.024163986476199995,804951.18042,552295.06433,2618921.86434,2801057.12627,500,500
aster,XAU,XAUUSDT,7,1790654166760,160,4138.025,0.024166147092330448,814544.99047,574540.70248,2614114.58343,2819503.1157299997,500,500
aster,XAU,XAUUSDT,8,1790654196770,120,4137.515,0.02416912587621667,782994.7516,583711.85939,2563772.14767,2810038.8952,500,500
aster,XAU,XAUUSDT,9,1790654226771,321,4136.665,0.024174092141393544,849812.79754,466600.29127,2587151.41314,2822607.81716,500,500
aster,XAU,XAUUSDT,10,1790654256873,123,4137.345,0.024170118966271303,664339.6682900001,591497.26511,2609587.00578,2810575.7425700002,500,500
aster,XAU,XAUUSDT,11,1790654286910,310,4137.425,0.024169651620109533,869521.95629,503454.92394,2625190.72677,2722666.32599,500,500
aster,XAU,XAUUSDT,12,1790654316753,103,4137.455,0.02416947636918465,679974.91408,704699.03617,2625689.60159,2730394.49498,500,500
aster,XAU,XAUUSDT,13,1790654346753,103,4138.025,0.024166147092330448,665941.53419,502238.78822,2654627.6426,2713944.49716,500,500
aster,XAU,XAUUSDT,14,1790654376900,250,4138.025,0.024166147092330448,675792.36981,502479.02582,2664606.54635,2714346.21306,500,500
aster,XAU,XAUUSDT,15,1790654406755,205,4138.795,0.024161651110965465,564604.61709,696348.56283,2680167.28637,2681855.57841,497,500
aster,XAU,XAUUSDT,16,1790654436767,117,4137.985,0.02416638069879795,777356.88947,394091.4839,2704933.09557,2716139.71523,500,500
aster,XAU,XAUUSDT,17,1790654466758,108,4137.71,0.3866947987130054,903501.7061699999,518359.71749,2663822.59808,2722974.4191,500,500
aster,XAU,XAUUSDT,18,1790654496806,106,4137.175,0.024171112138482442,923708.1797399999,412115.35188,2661112.17893,2735760.84412,500,500
aster,XAU,XAUUSDT,19,1790654526774,124,4136.715,0.024173799952897923,910388.57984,524666.09325,2681503.3953899997,2739840.7268499997,500,500
aster,XAU,XAUUSDT,20,1790654556965,315,4137.1849999999995,0.02417105371188555,931465.16044,529125.1669300001,2715261.91339,2731874.51487,500,500
aster,XAU,XAUUSDT,21,1790654586760,110,4137.165,0.02417117056285889,916109.73235,529399.33923,2695004.31297,2731952.33042,500,500
aster,XAU,XAUUSDT,22,1790654616747,247,4136.715,0.024173799952897923,938462.42652,522995.17100000003,2716410.80807,2738395.3782099998,496,500
aster,XAU,XAUUSDT,23,1790654646810,160,4137.175,0.024171112138482442,938256.0410099999,516062.53844000003,2714053.28503,2718532.57265,499,500
aster,XAU,XAUUSDT,24,1790654676742,192,4136.715,0.024173799952897923,932421.22122,554689.73846,2707239.4529999997,2769714.42299,500,500
aster,XAU,XAUUSDT,25,1790654706786,136,4137.245,0.024170703174508645,924909.0049899999,529036.7381600001,2713527.57009,2731642.8523899997,496,500
aster,XAU,XAUUSDT,26,1790654736765,265,4136.975,0.02417228067708166,939699.34719,529815.62288,2715434.83067,2732326.14561,495,500
aster,XAU,XAUUSDT,27,1790654766755,155,4136.265,0.024176429915812037,897649.31063,691834.44953,2681132.08886,2730584.34991,497,500
aster,XAU,XAUUSDT,28,1790654796751,101,4136.5650000000005,0.024174676540589246,695252.64315,697100.4931000001,2668418.19245,2730651.34435,492,500
aster,XAU,XAUUSDT,29,1790654826746,96,4136.265,0.024176429915812037,889197.9909,704017.88262,2672656.42814,2742607.4261600003,495,500
aster,XAU,XAUUSDT,30,1790654856836,236,4136.265,0.024176429915812037,898284.61108,701171.51806,2681500.5308499997,2739769.77828,493,500
aster,XAU,XAUUSDT,31,1790654886777,127,4136.265,0.024176429915812037,902938.21664,701049.1264800001,2685802.40988,2739503.7519300003,494,500
aster,XAU,XAUUSDT,32,1790654916763,113,4135.835,0.024178943525132723,878270.99806,505215.27890000003,2663256.17156,2745053.05118,497,500
aster,XAU,XAUUSDT,33,1790654946915,315,4135.665,0.02417993742342972,900454.3436199999,492340.74794000003,2684653.21229,2732832.96084,490,500
aster,XAU,XAUUSDT,34,1790654976786,136,4135.665,0.02417993742342972,901665.17005,492340.79786,2686103.03463,2732832.9144800003,490,500
aster,XAU,XAUUSDT,35,1790655006900,400,4136.735,0.02417368307972012,704025.6332,723581.5459700001,2702239.45013,2716459.30571,488,500
aster,XAU,XAUUSDT,36,1790655036763,113,4136.735,0.02417368307972012,706107.89426,723619.4466,2704436.94667,2716425.01401,488,500
aster,XAU,XAUUSDT,37,1790655066920,270,4136.375,0.02417578698343803,740254.4478,701563.30782,2700083.5765,2731856.63656,492,500
aster,XAU,XAUUSDT,38,1790655096966,266,4136.4349999999995,0.02417543630395258,731855.26695,482286.90668,2699465.49625,2507793.16168,491,500
aster,XAU,XAUUSDT,39,1790655126741,141,4135.5650000000005,0.02418052210462207,825110.20553,509391.11712,2620251.72534,2740882.61354,493,500
aster,XAU,XAUUSDT,40,1790655156773,123,4135.145,0.024182978084485995,919942.24386,381094.7557,2702867.82642,2740595.8444,493,500
aster,XAU,XAUUSDT,41,1790655186764,114,4135.985,0.024178066626578953,926798.15967,385633.19328999997,2698851.79924,2721262.5356799997,500,500
aster,XAU,XAUUSDT,42,1790655216869,219,4136.005,0.024177949711212676,924443.50706,377550.53515,2697813.32269,2713256.07688,500,500
aster,XAU,XAUUSDT,43,1790655246759,109,4135.495,0.024180931401662775,878406.65217,511616.67186,2633734.00924,2738011.84477,500,500
aster,XAU,XAUUSDT,44,1790655276780,130,4136.005,0.024177949711212676,908296.90992,505459.44869,2702358.66567,2722805.75347,500,500
aster,XAU,XAUUSDT,45,1790655306835,135,4135.945,0.024178300459531954,869819.89128,506026.36464,2664136.55683,2723225.78959,499,500
aster,XAU,XAUUSDT,46,1790655336800,150,4135.235,0.024182451763277157,733927.32566,481169.68864999997,2577552.37939,2721381.72654,500,500
aster,XAU,XAUUSDT,47,1790655366902,252,4135.135,0.02418303656659404,876512.1364399999,495069.90359,2663280.99972,2735118.82944,497,500
aster,XAU,XAUUSDT,48,1790655396771,121,4136.085,0.6528125340010682,738197.48609,719541.12321,2717679.57508,2717320.40036,500,500
aster,XAU,XAUUSDT,49,1790655426760,160,4135.835,0.024178943525132723,715869.7531,727890.9622,2684416.25206,2725653.99496,496,500
aster,XAU,XAUUSDT,50,1790655456795,95,4136.3099999999995,0.38682568425985053,740261.68104,728873.84249,2708795.71947,2719310.6469799997,494,500
aster,XAU,XAUUSDT,51,1790655486772,122,4136.015,0.024177891253529538,725025.23885,527838.64918,2685371.0315,2719154.25044,491,500
aster,XAU,XAUUSDT,52,1790655516774,224,4136.395,0.024175670088055767,762390.03099,526845.55146,2722505.7544,2710362.69657,495,500
aster,XAU,XAUUSDT,53,1790655546759,109,4136.395,0.024175670088055767,763086.28111,519050.38089000003,2723086.7207899997,2703236.74725,489,500
aster,XAU,XAUUSDT,54,1790655576827,127,4136.145,0.024177131332514534,753310.33857,525248.04661,2713425.81863,2717341.03852,488,500
aster,XAU,XAUUSDT,55,1790655606793,93,4135.765,0.024179352766662277,731664.2484,535808.47507,2691971.54236,2727964.47548,493,500
aster,XAU,XAUUSDT,56,1790655636822,172,4135.515,0.024180814459651145,906922.75696,528259.36205,2677382.57945,2727524.47417,491,500
aster,XAU,XAUUSDT,57,1790655666798,148,4135.765,0.024179352766662277,667159.13477,530954.46624,2652886.2194499997,2722532.8382099997,493,500
aster,XAU,XAUUSDT,58,1790655696966,316,4135.765,0.024179352766662277,669296.73287,536423.0803,2655412.77376,2728001.45227,496,500
aster,XAU,XAUUSDT,59,1790655726907,307,4136.265,0.024176429915812037,675347.32546,535371.47181,2652523.64271,2718411.51071,496,500
aster,SOL,SOLUSDT,0,1790653956542,142,117.86500000000001,0.8484642796546815,1117814.1354,1992204.8916,7152807.7725,8654393.0599,500,500
aster,SOL,SOLUSDT,1,1790653986519,119,117.91499999999999,0.8481044864727671,1134926.7259,1692542.2273,7556576.0899,7976239.1319,500,500
aster,SOL,SOLUSDT,2,1790654016667,267,117.965,0.8477449983046448,1167015.5884,1648261.2148,7422549.3228,8339921.6495,500,500
aster,SOL,SOLUSDT,3,1790654046683,283,117.905,0.8481764206957898,982903.6336,1743656.9461,6797894.1162,8731643.6537,500,500
aster,SOL,SOLUSDT,4,1790654076528,128,117.795,0.8489685032686545,1001343.8256,1512932.2156,6856792.2657,8541007.4719,500,500
aster,SOL,SOLUSDT,5,1790654106528,128,117.765,0.8491847826075372,1033028.8406,1907995.4505,6786878.1272,8840240.2495,500,500
aster,SOL,SOLUSDT,6,1790654136528,128,117.725,0.8494733265385079,906655.0487,1827338.7755,6611620.2987,8808210.744,500,500
aster,SOL,SOLUSDT,7,1790654166676,276,117.775,0.849112677252517,1098164.3603,1763910.2404,7240815.8021,8264080.1451,500,500
aster,SOL,SOLUSDT,8,1790654196670,270,117.735,0.8494011721738026,1035860.1542,1558356.3781,6808540.8691,8541664.8008,500,500
aster,SOL,SOLUSDT,9,1790654226549,99,117.745,0.8493290300659595,1051214.3131,1700310.7574,7040840.7017,8367838.4039,500,500
aster,SOL,SOLUSDT,10,1790654256519,119,117.735,0.8494011721738026,1140741.0761,1676981.5237999998,7021034.9893,8490214.283400001,500,500
aster,SOL,SOLUSDT,11,1790654286530,130,117.705,0.8496176720473869,1012219.9433,1629248.2622,6731069.7537,8621410.624400001,500,500
aster,SOL,SOLUSDT,12,1790654316530,130,117.685,0.8497620666214623,1057456.9349,1632176.0376,6818592.7103,8538565.2086,500,500
aster,SOL,SOLUSDT,13,1790654346522,122,117.67500000000001,0.8498342823148874,1123174.8727,1521058.7545,6853605.2343,8493381.342600001,500,500
aster,SOL,SOLUSDT,14,1790654376526,126,117.745,0.8493290300659595,979618.6871,1793323.1348,7391956.3097,8198913.7381,500,500
aster,SOL,SOLUSDT,15,1790654406523,123,117.815,0.8488243782345251,1291910.9684,1450670.0084,7610881.8747,8255201.6002,500,500
aster,SOL,SOLUSDT,16,1790654436531,131,117.685,0.8497620666214623,1124392.5962,1758116.4138,7037401.2338000005,8706993.644,500,500
aster,SOL,SOLUSDT,17,1790654466522,122,117.625,0.8501955449746745,1099628.6347999999,1527471.9069,6883381.2749,8356360.6121000005,500,500
aster,SOL,SOLUSDT,18,1790654496528,128,117.63499999999999,0.8501232678748138,787804.5115,1239857.9158,7013027.6654,7493425.4484,500,500
aster,SOL,SOLUSDT,19,1790654526535,135,117.815,0.8488243782345251,1003601.8858,1173756.1773,7109948.5902,7484572.4715,500,500
aster,SOL,SOLUSDT,20,1790654556536,136,117.695,0.8496898632004424,688913.1267,1439135.9308,6300705.6894,8236894.4639,500,500
aster,SOL,SOLUSDT,21,1790654586522,122,117.725,0.8494733265385079,769618.0475,1277799.4036,6586049.5436,7972323.6928,500,500
aster,SOL,SOLUSDT,22,1790654616526,126,117.375,0.8520064752493006,915865.1419,1717302.4917000001,7015306.1546,8651375.4757,500,500
aster,SOL,SOLUSDT,23,1790654646529,129,117.445,0.8514986376018108,1164729.1944,1385483.3696,7679967.0191,7873421.8476,500,500
aster,SOL,SOLUSDT,24,1790654676526,126,117.465,0.8513536523069298,1092419.9021,1611484.4889,7161727.0713,8217512.1145,500,500
aster,SOL,SOLUSDT,25,1790654706522,122,117.42500000000001,0.8516436722882936,922529.3595,1897821.976,6819126.6429,8877067.807,500,500
aster,SOL,SOLUSDT,26,1790654736531,131,117.41499999999999,0.8517162081589369,976732.1247,2033703.3255,6856441.7377,8818781.8545,500,500
aster,SOL,SOLUSDT,27,1790654766526,126,117.435,0.8515711487677713,1016293.4116999999,1777239.8449,7116718.1633,8418046.7525,500,500
aster,SOL,SOLUSDT,28,1790654796542,92,117.485,0.8512087163770055,1171109.9527,1425398.9139,7646238.132300001,7805606.6335,500,500
aster,SOL,SOLUSDT,29,1790654826532,132,117.445,0.8514986376018108,1076899.3557,1634053.7043,7303637.3672,8141462.0135,500,500
aster,SOL,SOLUSDT,30,1790654856531,131,117.39500000000001,0.8518613169772316,1361494.0799,1773502.7595000002,7880291.4467,8419715.5497,500,500
aster,SOL,SOLUSDT,31,1790654886677,277,117.335,2.5571087623599276,874980.8258,1256442.2295,6779403.0644,7770101.5197,500,500
aster,SOL,SOLUSDT,32,1790654916550,100,117.305,0.8525149190119485,1046455.4299999999,1611522.6021,7144791.6867,8562702.4169,500,500
aster,SOL,SOLUSDT,33,1790654946679,279,117.36500000000001,0.8520790729393823,1111032.7656,1463703.1706,7802950.3366,8007318.914,500,500
aster,SOL,SOLUSDT,34,1790654976556,106,117.475,0.8512811781735685,1061493.9576,1982211.7709,7689856.7878,8447867.1119,500,500
aster,SOL,SOLUSDT,35,1790655006528,128,117.515,0.8509914049859013,1292219.4810000001,1636569.5137,7712134.2791,8052672.511,500,500
aster,SOL,SOLUSDT,36,1790655036673,223,117.58500000000001,0.8504847763224355,1225039.7418,1599799.5393,7790024.2649,8161730.7177,500,500
aster,SOL,SOLUSDT,37,1790655066682,282,117.685,0.8497620666214623,1410294.3044999999,1372874.8835,7739496.2569,7993053.9347,500,500
aster,SOL,SOLUSDT,38,1790655096699,99,117.66499999999999,0.8499065102851588,1252242.1597,1795163.1976,7033557.8517,8402800.9166,500,500
aster,SOL,SOLUSDT,39,1790655126530,130,117.58500000000001,0.8504847763224355,919092.3016,1685930.5894,6279465.8442,8707066.4647,500,500
aster,SOL,SOLUSDT,40,1790655156527,127,117.67500000000001,0.8498342823148874,1296349.1432,1527330.9285,7832963.719500001,7901712.6203000005,500,500
aster,SOL,SOLUSDT,41,1790655186530,130,117.685,0.8497620666214623,1224989.6612,1637589.3339,7642602.5937,8029464.151000001,500,500
aster,SOL,SOLUSDT,42,1790655216680,230,117.715,0.8495454931622959,1267020.0979,1415395.6694,7836194.596,7855940.311600001,500,500
aster,SOL,SOLUSDT,43,1790655246539,89,117.71000000000001,1.6992353440947738,1125810.0978,1513585.2469,7447728.9283,7825933.105,500,500
aster,SOL,SOLUSDT,44,1790655276539,89,117.64500000000001,0.8500510030606812,1152834.9457,1636774.6366,7036857.6988,8516872.3469,500,500
aster,SOL,SOLUSDT,45,1790655306539,89,117.735,0.8494011721738026,1202117.0775,1375271.6566,7778281.4544,7814033.6421,500,500
aster,SOL,SOLUSDT,46,1790655336534,134,117.695,0.8496898632004424,1168051.0508,1806956.8351,7306449.2891,8303812.4478,500,500
aster,SOL,SOLUSDT,47,1790655366524,124,117.715,0.8495454931622959,1202577.6812,1773558.616,7345434.7745,8676894.5023,500,500
aster,SOL,SOLUSDT,48,1790655396672,272,117.64500000000001,0.8500510030606812,1100515.1046,1332171.0321,6878231.8963,8373430.2541,500,500
aster,SOL,SOLUSDT,49,1790655426642,92,117.695,0.8496898632004424,1147199.9165,1480111.7262,7298621.1983,8027313.027,500,500
aster,SOL,SOLUSDT,50,1790655456681,131,117.805,0.8488964346353711,1204899.8079,1476603.843,7572602.4929,8020578.8469,500,500
aster,SOL,SOLUSDT,51,1790655486528,128,117.785,0.8490405841410364,844906.4402000001,1762821.0689,6769873.8597,8805090.5061,500,500
aster,SOL,SOLUSDT,52,1790655516538,138,117.695,0.8496898632004424,1025430.8104,1721294.5036,6899516.1309,8218332.1482,500,500
aster,SOL,SOLUSDT,53,1790655546534,134,117.765,0.8491847826075372,1061508.5522,1841306.0433,7442322.1645,8018003.5665,500,500
aster,SOL,SOLUSDT,54,1790655576541,141,117.815,0.8488243782345251,1166828.815,1358722.0377,7515095.9706999995,7654398.6577,500,500
aster,SOL,SOLUSDT,55,1790655606535,135,117.905,0.8481764206957898,1116648.5032,2006890.9345,7180284.7905,8454248.4535,500,500
aster,SOL,SOLUSDT,56,1790655636531,131,117.905,0.8481764206957898,1122091.0782,1911905.2710000002,7249958.8671,8365926.0261,500,500
aster,SOL,SOLUSDT,57,1790655666521,121,117.795,0.8489685032686545,897517.1043,1862931.7700999998,6556821.7059,8705627.9431,500,500
aster,SOL,SOLUSDT,58,1790655696629,129,117.83500000000001,0.8486803021301448,933052.3245,1480327.3231000002,6809736.873,7958908.5905,500,500
aster,SOL,SOLUSDT,59,1790655726524,124,117.975,0.8476731372386581,1174404.7047000001,1763675.003,7599540.1962,8319201.314,500,500
aster,TSLA,TSLAUSDT,0,1790653956779,329,357.475,1.3987970345508138,66776.6673,31719.658100000004,141715.3469,162341.0026,257,293
aster,TSLA,TSLAUSDT,1,1790653986710,110,357.46500000000003,0.8392782207300442,61895.904200000004,35928.5065,136193.6297,164330.5003,254,293
aster,TSLA,TSLAUSDT,2,1790654016772,122,357.54999999999995,1.6782277914528798,65677.11,33470.4468,138002.2091,161010.3913,258,295
aster,TSLA,TSLAUSDT,3,1790654046860,110,357.47,1.1190376276415392,41515.435000000005,31774.115999999998,130585.9969,160290.3166,252,296
aster,TSLA,TSLAUSDT,4,1790654076714,114,357.53,0.5594092638183668,68410.4276,49675.9131,140716.0888,177118.3821,255,294
aster,TSLA,TSLAUSDT,5,1790654106726,126,357.525,0.2797046319091834,68453.32280000001,36976.6406,140783.8619,171348.0701,254,294
aster,TSLA,TSLAUSDT,6,1790654136758,108,357.455,0.2797594069092746,64086.7478,32402.6019,136396.377,162188.0591,250,298
aster,TSLA,TSLAUSDT,7,1790654166752,102,357.455,0.2797594069092746,68711.3417,29222.7066,141201.9386,159032.9279,253,294
aster,TSLA,TSLAUSDT,8,1790654196754,154,357.385,0.2798142033677564,63772.4963,35579.9834,135817.597,174715.8613,245,298
aster,TSLA,TSLAUSDT,9,1790654226721,121,357.33000000000004,1.1194760851918062,68832.7746,56672.04340000001,135239.4124,163078.68790000002,243,300
aster,TSLA,TSLAUSDT,10,1790654256749,99,357.30499999999995,1.3994626063595916,63132.1538,85802.96870000001,134500.5514,202327.2754,240,299
aster,TSLA,TSLAUSDT,11,1790654286746,146,357.295,0.2798846875085026,63694.663400000005,55943.911,135179.9607,160879.2573,239,301
aster,TSLA,TSLAUSDT,12,1790654316751,151,357.205,0.2799552071675038,67615.8279,32598.065700000003,135590.7308,161892.8626,235,302
aster,TSLA,TSLAUSDT,13,1790654346739,139,357.185,0.27997088302811335,67459.6398,34829.4679,133022.4211,164274.0689,228,303
aster,TSLA,TSLAUSDT,14,1790654376761,111,357.25,1.679637198364059,62501.7654,33975.8587,134453.2151,200126.1417,230,302
aster,TSLA,TSLAUSDT,15,1790654406725,125,357.275,0.279900355473206,64198.973699999995,58479.507600000004,134426.0311,157899.8224,232,299
aster,TSLA,TSLAUSDT,16,1790654436723,173,357.15,0.560004480036902,65218.969900000004,31079.82,134899.469,162863.7994,228,308
aster,TSLA,TSLAUSDT,17,1790654466756,306,357.03,1.1204167950484845,66435.4001,32678.134700000002,144988.9339,164222.405,225,311
aster,TSLA,TSLAUSDT,18,1790654496822,122,357.115,1.4002072306706914,66233.41440000001,30918.563199999997,138365.3426,162507.1457,237,305
aster,TSLA,TSLAUSDT,19,1790654526742,292,357.09000000000003,0.5600985773512868,69450.5129,55029.72179999999,137846.63880000002,187262.0312,233,308
aster,TSLA,TSLAUSDT,20,1790654556754,104,357.085,0.28004928867453316,68790.0444,33378.4169,137065.6792,162893.4223,233,310
aster,TSLA,TSLAUSDT,21,1790654586754,104,357.115,1.4002072306706914,66246.3576,46634.3468,138803.8358,198290.3692,237,306
aster,TSLA,TSLAUSDT,22,1790654616732,182,357.03,1.1204167950484845,69522.8293,31001.925600000002,136831.4916,162653.8721,232,313
aster,TSLA,TSLAUSDT,23,1790654646719,219,357.1,1.120197154700353,68173.3524,36293.7031,140850.6265,166145.1132,236,311
aster,TSLA,TSLAUSDT,24,1790654676719,119,357.11,1.120165784536109,68253.6346,32452.4629,140810.5923,164100.2418,236,311
aster,TSLA,TSLAUSDT,25,1790654706788,138,357.095,0.2800414461345824,72023.30990000001,30896.6542,140844.3731,162547.8748,237,313
aster,TSLA,TSLAUSDT,26,1790654736759,259,357.115,1.4002072306706914,66361.3226,32738.763399999996,139023.3844,183057.0304,234,306
aster,TSLA,TSLAUSDT,27,1790654766750,250,357.115,1.4002072306706914,66211.4511,34157.481199999995,138873.5459,167293.1108,233,306
aster,TSLA,TSLAUSDT,28,1790654796754,104,357.115,1.4002072306706914,65845.1938,30436.319799999997,137884.4559,163344.3704,229,306
aster,TSLA,TSLAUSDT,29,1790654826725,125,357.105,0.8401243384037471,67589.5402,30412.9999,139745.70810000002,161766.1055,231,306
aster,TSLA,TSLAUSDT,30,1790654856732,132,357.12,1.1201344161282378,75338.02470000001,31260.434299999994,147844.4275,161489.95979999998,236,304
aster,TSLA,TSLAUSDT,31,1790654886861,111,357.07,0.5601299501489798,71179.0053,29879.381,139150.244,163444.3426,229,309
aster,TSLA,TSLAUSDT,32,1790654916748,148,357.075,0.8401949252223595,69966.9085,32357.416200000003,137938.06470000002,164813.77120000002,228,307
aster,TSLA,TSLAUSDT,33,1790654946760,110,357.07,0.5601299501489798,68625.2354,32951.4309,136596.3916,165486.437,230,309
aster,TSLA,TSLAUSDT,34,1790654976761,111,357.05499999999995,1.960674472019086,68246.1903,33100.2062,136138.9033,167286.1579,227,308
aster,TSLA,TSLAUSDT,35,1790655006735,135,357.025,0.8403125962863633,69616.1668,57529.485400000005,135893.0699,191646.158,227,310
aster,TSLA,TSLAUSDT,36,1790655036760,110,357.03999999999996,1.6806251925727267,62561.39980000001,31785.0462,133378.3295,161392.0076,228,311
aster,TSLA,TSLAUSDT,37,1790655066770,120,357.03999999999996,1.1203854125829693,64386.9157,55437.30100000001,135880.3594,185062.64130000002,230,315
aster,TSLA,TSLAUSDT,38,1790655096751,101,357.06,2.2407708251659386,74781.92970000001,57383.66040000001,143508.21420000002,188004.7089,230,315
aster,TSLA,TSLAUSDT,39,1790655126742,142,357.025,0.2800963531446321,64553.344600000004,33388.9981,135051.72,162773.345,230,317
aster,TSLA,TSLAUSDT,40,1790655156733,133,356.885,0.8406422506790356,95647.9102,61849.285500000005,160984.594,167385.6493,214,321
aster,TSLA,TSLAUSDT,41,1790655186710,110,356.95000000000005,1.6810489745600066,88435.3449,61304.794200000004,158200.0832,166799.6354,217,321
aster,TSLA,TSLAUSDT,42,1790655216874,224,357.005,0.8403596739392505,91558.20139999999,62016.6302,159455.2169,167257.9838,221,317
aster,TSLA,TSLAUSDT,43,1790655246846,146,357.0,0.5602397826254268,91025.5689,63065.204,158805.5135,168306.67309999999,222,319
aster,TSLA,TSLAUSDT,44,1790655276754,354,357.005,0.8403596739392505,92725.6388,59791.4324,160505.6198,165032.9015,221,319
aster,TSLA,TSLAUSDT,45,1790655306752,102,357.065,1.9606195557808626,62362.191100000004,57665.191600000006,160386.2168,196034.2139,223,314
aster,TSLA,TSLAUSDT,46,1790655336757,107,357.04499999999996,0.8402655239070356,61755.24340000001,66312.6666,159012.4785,205078.4581,222,314
aster,TSLA,TSLAUSDT,47,1790655366807,107,357.04499999999996,0.8402655239070356,62622.765100000004,61468.691100000004,159704.5195,166791.2839,227,313
aster,TSLA,TSLAUSDT,48,1790655396762,112,357.03999999999996,0.5601770159380237,62561.2812,56914.24130000001,159682.0099,163687.9187,226,315
aster,TSLA,TSLAUSDT,49,1790655426753,103,357.065,1.9606195557808626,66494.2642,56810.70990000001,135664.3908,163574.1058,229,314
aster,TSLA,TSLAUSDT,50,1790655456774,124,357.08500000000004,0.8401713949646172,65846.8426,56819.28850000001,136250.3864,163639.9592,231,315
aster,TSLA,TSLAUSDT,51,1790655486728,228,357.08500000000004,0.8401713949646172,65650.4761,56732.15670000001,135452.5732,163553.0254,230,315
aster,TSLA,TSLAUSDT,52,1790655516746,196,357.08500000000004,0.8401713949646172,66742.8991,62225.32540000001,136872.4264,168827.4057,242,313
aster,TSLA,TSLAUSDT,53,1790655546728,278,357.185,1.9599608007858649,67353.1796,57037.033800000005,139209.089,161122.6802,252,307
aster,TSLA,TSLAUSDT,54,1790655576824,124,357.20500000000004,1.3998544151405667,62402.43030000001,57774.3255,138864.4522,162118.7395,256,306
aster,TSLA,TSLAUSDT,55,1790655606773,123,357.25,0.559847721419704,39307.7426,56212.471699999995,141588.3933,160928.1135,254,301
aster,TSLA,TSLAUSDT,56,1790655636727,227,357.275,1.3995801259625296,45581.2399,61071.7512,145836.6429,164752.753,257,299
aster,TSLA,TSLAUSDT,57,1790655666711,111,357.2,0.5599260897559688,63073.389200000005,64509.627400000005,137075.6498,196260.3358,245,306
aster,TSLA,TSLAUSDT,58,1790655696797,97,357.21500000000003,1.399815224389922,73609.516,55503.4389,146374.3163,187254.0813,248,306
aster,TSLA,TSLAUSDT,59,1790655726723,123,357.21500000000003,1.399815224389922,65145.9329,82966.87700000001,141134.6422,189757.10210000002,251,306
aster,ETH,ETHUSDT,0,1790653956544,94,2665.035,0.037523029758901316,3357431.68585,3093438.83331,31756103.07604,26639602.23063,500,500
aster,ETH,ETHUSDT,1,1790653986668,268,2666.275,0.03750557895587647,3369596.73541,4395309.04935,27352967.5737,33337036.73538,500,500
aster,ETH,ETHUSDT,2,1790654016526,126,2667.455,0.03748898760980168,2911630.02932,3089354.3080700003,25536679.93852,32772153.05117,500,500
aster,ETH,ETHUSDT,3,1790654046530,130,2666.295,0.03750529762314159,4138472.52112,3319786.94903,27840146.73493,33153186.38585,500,500
aster,ETH,ETHUSDT,4,1790654076519,119,2665.165,0.03752119947852961,3253963.95132,2943866.36462,28871724.96873,25256636.98495,500,500
aster,ETH,ETHUSDT,5,1790654106527,127,2664.835,0.037525845926200674,2949899.8420700002,2784537.35998,31419367.59277,26101619.57584,500,500
aster,ETH,ETHUSDT,6,1790654136523,123,2664.585,0.0375293667298493,2862214.89361,3213145.78223,31018640.40119,24813165.97534,500,500
aster,ETH,ETHUSDT,7,1790654166541,91,2665.255,0.037519932465368555,3921138.79422,3509330.03309,29849057.27666,28429577.44391,500,500
aster,ETH,ETHUSDT,8,1790654196665,265,2664.525,0.037530211820513415,4170436.7810799996,3578166.36533,28411004.89262,26304535.21076,500,500
aster,ETH,ETHUSDT,9,1790654226535,85,2664.165,0.037535283166079125,3714949.9728,3425831.46152,30666379.22492,25596767.443269998,500,500
aster,ETH,ETHUSDT,10,1790654256521,121,2664.045,0.037536973920282435,2572618.37533,3646949.95535,30320597.8789,25445595.03773,500,500
aster,ETH,ETHUSDT,11,1790654286532,132,2663.9049999999997,0.03753894665559088,3060759.79397,3503152.04265,31132381.88685,29371075.04839,500,500
aster,ETH,ETHUSDT,12,1790654316528,128,2663.625,0.03754289275681444,4218017.93196,3553350.59606,32307476.68581,28019815.0087,500,500
aster,ETH,ETHUSDT,13,1790654346657,257,2663.625,0.03754289275681444,4298179.00097,3601379.80751,32625705.78737,27727101.92056,500,500
aster,ETH,ETHUSDT,14,1790654376668,268,2664.045,0.037536973920282435,2628389.5846100003,3638283.95675,29072005.60486,27680148.21195,500,500
aster,ETH,ETHUSDT,15,1790654406526,126,2664.725,0.03752739499818247,3413924.81053,3151668.98372,29501608.03597,37811961.109179996,500,500
aster,ETH,ETHUSDT,16,1790654436527,127,2663.315,0.037547262616843824,2956802.34896,3832072.1501599997,28616057.282190003,28709953.985319998,500,500
aster,ETH,ETHUSDT,17,1790654466517,117,2662.5150000000003,0.03755854438125539,3057048.06739,4013249.84093,32972002.56255,27653865.89505,500,500
aster,ETH,ETHUSDT,18,1790654496654,104,2663.5550000000003,0.03754387940757553,3387882.6559,4488170.09069,26968622.46121,35465364.47832,500,500
aster,ETH,ETHUSDT,19,1790654526686,236,2665.525,0.03751613193658798,2787586.23671,3493931.31215,29487411.44387,41777358.5839,500,500
aster,ETH,ETHUSDT,20,1790654556532,132,2664.425,0.037531620389330556,2792570.68669,2704356.93486,39766367.93538,35396031.90793,500,500
aster,ETH,ETHUSDT,21,1790654586669,269,2664.435,0.03753147952867408,3947467.8752200003,3384875.37774,30548538.49959,30144086.69917,500,500
aster,ETH,ETHUSDT,22,1790654616528,128,2661.465,0.03757336198839667,2642022.87385,3467922.1366000003,44382020.75681,26929550.56345,500,500
aster,ETH,ETHUSDT,23,1790654646527,127,2662.295,0.037561648056350094,2917895.34181,3320478.09701,29384186.0651,27677003.60679,500,500
aster,ETH,ETHUSDT,24,1790654676520,120,2663.145,0.03754965942626143,3569597.00992,3320367.4500100003,25802204.37475,26831454.07332,500,500
aster,ETH,ETHUSDT,25,1790654706656,256,2662.885,0.037553325722416986,3338478.6292,3280895.1446700003,30316524.98494,26968338.60313,500,500
aster,ETH,ETHUSDT,26,1790654736674,274,2662.875,0.03755346674960691,3042058.79208,3112129.02832,29812324.78383,26436789.73337,500,500
aster,ETH,ETHUSDT,27,1790654766553,103,2662.715,0.037555723304549815,3276416.23855,3037879.8744200002,30679374.75224,26596803.73562,500,500
aster,ETH,ETHUSDT,28,1790654796546,96,2663.215,0.037548672466858335,3830773.32832,2769165.1221000003,28509979.327129997,26128066.49446,500,500
aster,ETH,ETHUSDT,29,1790654826529,129,2663.465,0.037545148039441756,3289544.04366,3790932.56092,28064179.51244,28430214.77456,500,500
aster,ETH,ETHUSDT,30,1790654856532,132,2663.355,0.037546698707924264,3632428.56335,2783324.62563,28301228.26559,26599509.33958,500,500
aster,ETH,ETHUSDT,31,1790654886531,131,2662.3199999999997,0.9015100293008338,1537806.57956,2826232.77228,38395364.15029,26922693.18261,500,500
aster,ETH,ETHUSDT,32,1790654916555,105,2661.525,0.03757251495484226,3321888.86633,3421616.96941,34918739.47474,25798478.52648,500,500
aster,ETH,ETHUSDT,33,1790654946535,85,2661.535,0.03757237378332334,3294111.9505600003,3063176.43431,29753867.32936,27051280.84502,500,500
aster,ETH,ETHUSDT,34,1790654976705,255,2662.785,0.03755473602762294,3982642.50767,3657309.7762,28274182.61703,29392724.54028,500,500
aster,ETH,ETHUSDT,35,1790655006529,129,2663.3050000000003,0.03754740359518394,3387802.10349,2903900.43217,25758372.6347,28582776.77332,500,500
aster,ETH,ETHUSDT,36,1790655036676,276,2663.4849999999997,0.037544866113847775,3421578.10031,3155537.16617,28470214.43342,29631395.69965,500,500
aster,ETH,ETHUSDT,37,1790655066531,131,2665.395,0.037517961724020665,4000134.8138,3384644.63707,24592269.84317,34676080.88267,500,500
aster,ETH,ETHUSDT,38,1790655096550,100,2665.355,0.03751852477140716,4017810.72645,3064659.57901,24433271.53146,30317098.12382,500,500
aster,ETH,ETHUSDT,39,1790655126524,124,2664.8050000000003,0.18763275017041892,2642584.36746,3585906.92807,29014135.5175,30951264.36309,500,500
aster,ETH,ETHUSDT,40,1790655156531,131,2665.645,0.03751444306088203,4013450.52464,2487344.13214,25909657.41954,39915758.12225,500,500
aster,ETH,ETHUSDT,41,1790655186519,119,2665.965,0.037509940133961805,3380706.91299,3118194.85456,25530280.88367,39949824.02621,500,500
aster,ETH,ETHUSDT,42,1790655216536,136,2666.615,0.03750079689002206,4601759.57484,2270202.53856,27545727.22299,41924310.59072,500,500
aster,ETH,ETHUSDT,43,1790655246528,128,2666.425,0.03750346907027691,4107971.65658,2769650.78073,28767486.65439,36512132.29401,500,500
aster,ETH,ETHUSDT,44,1790655276541,91,2666.0950000000003,0.03750811112812613,3772806.46831,2623216.89115,34453154.25301,31614610.50626,500,500
aster,ETH,ETHUSDT,45,1790655306675,225,2667.475,0.0374887065279772,3288550.6499699997,2703679.31236,29147236.5828,42208170.74577,500,500
aster,ETH,ETHUSDT,46,1790655336528,128,2667.3050000000003,0.0374910958633734,3337559.34845,3165892.20715,29039719.72028,36879391.866739996,500,500
aster,ETH,ETHUSDT,47,1790655366527,127,2667.5150000000003,0.03748814437321002,3396482.4432,3058561.2946,29687235.89821,39218792.65655,500,500
aster,ETH,ETHUSDT,48,1790655396668,268,2667.4049999999997,0.0374896903343469,3129782.38718,3279958.2759599998,29170961.99227,37511664.0365,500,500
aster,ETH,ETHUSDT,49,1790655426535,135,2667.745,0.037484912323026975,3402486.96317,3938803.16415,28568578.51508,42011413.94183,500,500
aster,ETH,ETHUSDT,50,1790655456538,138,2669.215,0.03746426845196993,3320485.75538,3316784.2648,27014171.49303,42241975.47964,500,500
aster,ETH,ETHUSDT,51,1790655486525,125,2668.325,0.037476764405131036,4258668.07746,3201995.93488,27854581.65488,32210806.06518,500,500
aster,ETH,ETHUSDT,52,1790655516535,85,2668.125,0.03747957363353649,3561278.32781,3023054.38484,31223306.29711,32226433.647770002,500,500
aster,ETH,ETHUSDT,53,1790655546529,129,2669.0550000000003,0.03746651430214243,3586774.5094,3528088.43875,29175699.28418,42840214.0629,500,500
aster,ETH,ETHUSDT,54,1790655576540,90,2670.115,0.03745164056878636,4655852.63842,4436831.02822,27990581.79728,44172559.08863,500,500
aster,ETH,ETHUSDT,55,1790655606678,228,2671.025,0.037438881026474746,3973196.18401,3264195.73435,26565261.54834,48412592.34302,500,500
aster,ETH,ETHUSDT,56,1790655636541,91,2670.955,0.037439862221599896,3342638.49461,3382915.71761,26007471.98761,50321754.59968,500,500
aster,ETH,ETHUSDT,57,1790655666512,112,2669.395,0.6368687038982301,3208410.2081400002,3723863.2058099997,31520023.2734,43574832.77571,500,500
aster,ETH,ETHUSDT,58,1790655696624,124,2670.175,0.03745079901085191,3610055.9672,4275519.97591,32035347.16882,43938320.17575,500,500
aster,ETH,ETHUSDT,59,1790655726531,131,2671.355,0.03743425608826456,3191977.56673,3266314.82132,26560694.1135,50110853.39416,500,500
dydx,ZEC,ZEC-USD,0,1790653956777,,1382.43,51.4910652123457,0,0,145111681.81,223937433.954,100,94
dydx,ZEC,ZEC-USD,1,1790653986468,,1381.595,47.812522672858734,0,0,106721240.186,131661518.97099999,100,77
dydx,ZEC,ZEC-USD,2,1790654016774,,1385.0149999999999,53.06403156332795,0,0,111156050.591,121453106.153,95,62
dydx,ZEC,ZEC-USD,3,1790654046756,,1383.415,53.70693841459273,0,0,101249754.938,123193116.72500001,100,69
dydx,ZEC,ZEC-USD,4,1790654076951,,1380.75,55.63140923219745,0,0,119350529.632,140051837.094,100,84
dydx,ZEC,ZEC-USD,5,1790654106778,,1381.58,54.1423231846716,0,0,154484932.371,209781463.051,100,88
dydx,ZEC,ZEC-USD,6,1790654136772,,1381.585,53.632728301968854,0,0,162049279.457,209476162.176,100,75
dydx,ZEC,ZEC-USD,7,1790654166779,,1381.995,49.834610027856826,0,0,152626492.87,205969334.102,100,76
dydx,ZEC,ZEC-USD,8,1790654196773,,1382.6100000000001,51.92055285236697,0,0,162882390.844,218324228.196,100,88
dydx,ZEC,ZEC-USD,9,1790654226774,,1382.665,50.82804025638765,0,0,148385190.445,210694185.91300002,100,87
dydx,ZEC,ZEC-USD,10,1790654257065,,1383.01,47.10964225662417,0,0,177335217.612,223093023.89200002,100,74
dydx,ZEC,ZEC-USD,11,1790654286937,,1382.8400000000001,46.53421569551064,0,0,160695681.788,214427729.11099997,100,82
dydx,ZEC,ZEC-USD,12,1790654316617,,1380.975,88.516172202866,0,0,165328249.359,214635842.636,100,71
dydx,ZEC,ZEC-USD,13,1790654346750,,1384.03,44.75212536388051,0,0,136621502.523,186197291.152,67,44
dydx,ZEC,ZEC-USD,14,1790654376749,,1384.62,49.957644605660434,0,0,163106267.054,213733658.01500002,100,80
dydx,ZEC,ZEC-USD,15,1790654406764,,1384.285,45.54208841970997,0,0,163942566.968,228287259.498,100,89
dydx,ZEC,ZEC-USD,16,1790654436753,,1381.615,52.321826401839914,0,0,157828922.434,212063712.96499997,100,79
dydx,ZEC,ZEC-USD,17,1790654466758,,1381.5349999999999,53.48913161810076,0,0,155676364.884,207311035.933,100,76
dydx,ZEC,ZEC-USD,18,1790654496765,,1380.995,52.19979671845287,0,0,146524309.433,201902877.78599998,100,77
dydx,ZEC,ZEC-USD,19,1790654526766,,1384.2199999999998,48.665324507914946,0,0,151553143.81199998,193284798.744,92,59
dydx,ZEC,ZEC-USD,20,1790654556776,,1384.3899999999999,52.43451117854514,0,0,146180943.963,193366150.776,91,59
dydx,ZEC,ZEC-USD,21,1790654586755,,1384.68,49.95547446840831,0,0,169689280.995,225065997.52400002,100,83
dydx,ZEC,ZEC-USD,22,1790654616772,,1381.135,51.46669183138775,0,0,159068243.649,208887830.55699998,100,71
dydx,ZEC,ZEC-USD,23,1790654646775,,1381.955,46.92758500638217,0,0,141237226.963,207870143.528,100,63
dydx,ZEC,ZEC-USD,24,1790654677110,,1382.815,53.29408181910411,0,0,168583370.22,214989784.265,100,62
dydx,ZEC,ZEC-USD,25,1790654706793,,1381.045,54.52736896369048,0,0,159868602.262,206050151.211,100,60
dydx,ZEC,ZEC-USD,26,1790654736590,,1381.5149999999999,48.5426326215177,0,0,157935848.19099998,204425832.893,100,60
dydx,ZEC,ZEC-USD,27,1790654767109,,1381.01,51.68971650513443,0,0,157416372.608,221264057.866,100,66
dydx,ZEC,ZEC-USD,28,1790654796774,,1381.67,49.91909913439674,0,0,156248900.393,202229779.885,100,55
dydx,ZEC,ZEC-USD,29,1790654826760,,1382.7649999999999,47.04534910693559,0,0,159909263.07999998,206710628.775,100,54
dydx,ZEC,ZEC-USD,30,1790654856791,,1382.555,51.99532984764055,0,0,138787166.553,189455984.113,71,49
dydx,ZEC,ZEC-USD,31,1790654886769,,1379.23,89.5796311941055,0,0,153459718.745,207264273.815,100,80
dydx,ZEC,ZEC-USD,32,1790654917139,,1379.575,55.46025469558735,0,0,102848566.47100002,127550766.69300002,100,76
dydx,ZEC,ZEC-USD,33,1790654946791,,1382.735,48.93573831342035,0,0,157162464.267,223313837.239,100,88
dydx,ZEC,ZEC-USD,34,1790654976805,,1383.7350000000001,41.350443195642406,0,0,150782130.762,191276715.943,93,61
dydx,ZEC,ZEC-USD,35,1790655006795,,1385.505,44.63187743232844,0,0,143194076.153,201023768.123,100,79
dydx,ZEC,ZEC-USD,36,1790655036776,,1386.605,55.32333415293911,0,0,171433781.30400002,239273945.565,100,96
dydx,ZEC,ZEC-USD,37,1790655066783,,1388.605,51.044351549021094,0,0,151161495.31,219073053.784,100,88
dydx,ZEC,ZEC-USD,38,1790655096807,,1388.4250000000002,54.816088052402904,0,0,154965693.742,199591274.322,95,60
dydx,ZEC,ZEC-USD,39,1790655126855,,1388.5349999999999,54.95656192904042,0,0,138505987.398,189170900.882,70,47
dydx,ZEC,ZEC-USD,40,1790655156772,,1390.085,55.329125338143825,0,0,152293684.132,205987083.83,100,79
dydx,ZEC,ZEC-USD,41,1790655186777,,1388.345,54.96410360119608,0,0,159271186.598,206292752.352,100,68
dydx,ZEC,ZEC-USD,42,1790655216818,,1388.395,50.1834040955429,0,0,155681744.588,211149489.45000002,100,81
dydx,ZEC,ZEC-USD,43,1790655247111,,1388.2150000000001,49.90034374187546,0,0,101037341.168,125410605.427,100,71
dydx,ZEC,ZEC-USD,44,1790655276791,,1388.1,54.17705060136502,0,0,152996903.861,198107417.065,93,60
dydx,ZEC,ZEC-USD,45,1790655307089,,1388.0549999999998,49.90611006788992,0,0,161869931.835,215023646.403,100,83
dydx,ZEC,ZEC-USD,46,1790655336750,,1387.705,50.642970668979274,0,0,154289761.96,203582340.99300003,100,75
dydx,ZEC,ZEC-USD,47,1790655366769,,1386.895,61.98421825388323,0,0,145169725.099,200699440.952,100,75
dydx,ZEC,ZEC-USD,48,1790655396780,,1387.88,49.84000635640528,0,0,139678739.578,210212242.727,100,89
dydx,ZEC,ZEC-USD,49,1790655426759,,1385.255,94.21509182163668,0,0,135454011.907,210632815.57599998,100,91
dydx,ZEC,ZEC-USD,50,1790655456776,,1390.5300000000002,48.58848294356788,0,0,100700347.77000001,111647752.478,88,57
dydx,ZEC,ZEC-USD,51,1790655486761,,1389.4,54.270950607662186,0,0,149651712.665,207256662.669,100,84
dydx,ZEC,ZEC-USD,52,1790655516777,,1387.445,55.43469619329278,0,0,156344950.011,213349623.512,100,85
dydx,ZEC,ZEC-USD,53,1790655546768,,1388.37,41.13978867140267,0,0,168427792.251,218719133.72800002,100,78
dydx,ZEC,ZEC-USD,54,1790655576769,,1390.365,54.30549545651475,0,0,162440333.415,219277488.74600002,100,87
dydx,ZEC,ZEC-USD,55,1790655606801,,1391.005,45.75488352319912,0,0,146931162.717,201188559.233,100,79
dydx,ZEC,ZEC-USD,56,1790655636770,,1391.44,55.63643177330269,0,0,138020575.961,188527016.767,63,41
dydx,ZEC,ZEC-USD,57,1790655666752,,1389.6799999999998,55.56237056493218,0,0,154203964.23,196761613.792,96,63
dydx,ZEC,ZEC-USD,58,1790655696754,,1390.35,53.510644435468265,0,0,152623598.752,196365620.953,92,65
dydx,ZEC,ZEC-USD,59,1790655727090,,1392.655,42.52716413614355,0,0,151778214.717,218318744.799,100,88
dydx,EURUSD,EUR-USD,0,1790653957302,,0.804,48717.948717948726,0,0,529082.892,529082.0580000001,1,1
dydx,EURUSD,EUR-USD,1,1790653987203,,0.804,48717.948717948726,0,0,529082.892,529082.0580000001,1,1
dydx,EURUSD,EUR-USD,2,1790654017531,,0.804,48717.948717948726,0,0,529082.892,529082.0580000001,1,1
dydx,EURUSD,EUR-USD,3,1790654046957,,0.804,48717.948717948726,0,0,529082.892,529082.0580000001,1,1
dydx,EURUSD,EUR-USD,4,1790654076780,,0.804,48717.948717948726,0,0,529082.892,529082.0580000001,1,1
dydx,EURUSD,EUR-USD,5,1790654107346,,0.804,48717.948717948726,0,0,529082.892,529082.0580000001,1,1
dydx,EURUSD,EUR-USD,6,1790654136955,,0.804,48717.948717948726,0,0,529082.892,529082.0580000001,1,1
dydx,EURUSD,EUR-USD,7,1790654167199,,0.804,48717.948717948726,0,0,529082.892,529082.0580000001,1,1
dydx,EURUSD,EUR-USD,8,1790654196953,,0.804,48717.948717948726,0,0,529082.892,529082.0580000001,1,1
dydx,EURUSD,EUR-USD,9,1790654226847,,0.804,48717.948717948726,0,0,529082.892,529082.0580000001,1,1
dydx,EURUSD,EUR-USD,10,1790654257282,,0.804,48717.948717948726,0,0,529082.892,529082.0580000001,1,1
dydx,EURUSD,EUR-USD,11,1790654286911,,0.804,48717.948717948726,0,0,529082.892,529082.0580000001,1,1
dydx,EURUSD,EUR-USD,12,1790654316786,,0.804,48717.948717948726,0,0,529082.892,529082.0580000001,1,1
dydx,EURUSD,EUR-USD,13,1790654346892,,0.804,48717.948717948726,0,0,529082.892,529082.0580000001,1,1
dydx,EURUSD,EUR-USD,14,1790654376889,,0.804,48717.948717948726,0,0,529082.892,529082.0580000001,1,1
dydx,EURUSD,EUR-USD,15,1790654406942,,0.804,48717.948717948726,0,0,529082.892,529082.0580000001,1,1
dydx,EURUSD,EUR-USD,16,1790654436947,,0.804,48717.948717948726,0,0,529082.892,529082.0580000001,1,1
dydx,EURUSD,EUR-USD,17,1790654467312,,0.804,48717.948717948726,0,0,529082.892,529082.0580000001,1,1
dydx,EURUSD,EUR-USD,18,1790654496899,,0.804,48717.948717948726,0,0,529082.892,529082.0580000001,1,1
dydx,EURUSD,EUR-USD,19,1790654526986,,0.804,48717.948717948726,0,0,529082.892,529082.0580000001,1,1
dydx,EURUSD,EUR-USD,20,1790654556980,,0.804,48717.948717948726,0,0,529082.892,529082.0580000001,1,1
dydx,EURUSD,EUR-USD,21,1790654587256,,0.804,48717.948717948726,0,0,529082.892,529082.0580000001,1,1
dydx,EURUSD,EUR-USD,22,1790654616946,,0.804,48717.948717948726,0,0,529082.892,529082.0580000001,1,1
dydx,EURUSD,EUR-USD,23,1790654646955,,0.804,48717.948717948726,0,0,529082.892,529082.0580000001,1,1
dydx,EURUSD,EUR-USD,24,1790654676937,,0.804,48717.948717948726,0,0,529082.892,529082.0580000001,1,1
dydx,EURUSD,EUR-USD,25,1790654707233,,0.804,48717.948717948726,0,0,529082.892,529082.0580000001,1,1
dydx,EURUSD,EUR-USD,26,1790654736897,,0.804,48717.948717948726,0,0,529082.892,529082.0580000001,1,1
dydx,EURUSD,EUR-USD,27,1790654767122,,0.804,48717.948717948726,0,0,529082.892,529082.0580000001,1,1
dydx,EURUSD,EUR-USD,28,1790654796952,,0.804,48717.948717948726,0,0,529082.892,529082.0580000001,1,1
dydx,EURUSD,EUR-USD,29,1790654826801,,0.804,48717.948717948726,0,0,529082.892,529082.0580000001,1,1
dydx,EURUSD,EUR-USD,30,1790654856863,,0.804,48717.948717948726,0,0,529082.892,529082.0580000001,1,1
dydx,EURUSD,EUR-USD,31,1790654887224,,0.804,48717.948717948726,0,0,529082.892,529082.0580000001,1,1
dydx,EURUSD,EUR-USD,32,1790654917005,,0.804,48717.948717948726,0,0,529082.892,529082.0580000001,1,1
dydx,EURUSD,EUR-USD,33,1790654947201,,0.804,48717.948717948726,0,0,529082.892,529082.0580000001,1,1
dydx,EURUSD,EUR-USD,34,1790654976923,,0.804,48717.948717948726,0,0,529082.892,529082.0580000001,1,1
dydx,EURUSD,EUR-USD,35,1790655006793,,0.804,48717.948717948726,0,0,529082.892,529082.0580000001,1,1
dydx,EURUSD,EUR-USD,36,1790655036945,,0.804,48717.948717948726,0,0,529082.892,529082.0580000001,1,1
dydx,EURUSD,EUR-USD,37,1790655067278,,0.804,48717.948717948726,0,0,529082.892,529082.0580000001,1,1
dydx,EURUSD,EUR-USD,38,1790655096931,,0.804,48717.948717948726,0,0,529082.892,529082.0580000001,1,1
dydx,EURUSD,EUR-USD,39,1790655126824,,0.804,48717.948717948726,0,0,529082.892,529082.0580000001,1,1
dydx,EURUSD,EUR-USD,40,1790655156956,,0.804,48717.948717948726,0,0,529082.892,529082.0580000001,1,1
dydx,EURUSD,EUR-USD,41,1790655187281,,0.804,48717.948717948726,0,0,529082.892,529082.0580000001,1,1
dydx,EURUSD,EUR-USD,42,1790655217049,,0.804,48717.948717948726,0,0,529082.892,529082.0580000001,1,1
dydx,EURUSD,EUR-USD,43,1790655247255,,0.804,48717.948717948726,0,0,529082.892,529082.0580000001,1,1
dydx,EURUSD,EUR-USD,44,1790655276995,,0.804,48717.948717948726,0,0,529082.892,529082.0580000001,1,1
dydx,EURUSD,EUR-USD,45,1790655307223,,0.804,48717.948717948726,0,0,529082.892,529082.0580000001,1,1
dydx,EURUSD,EUR-USD,46,1790655336975,,0.804,48717.948717948726,0,0,529082.892,529082.0580000001,1,1
dydx,EURUSD,EUR-USD,47,1790655366905,,0.804,48717.948717948726,0,0,529082.892,529082.0580000001,1,1
dydx,EURUSD,EUR-USD,48,1790655396920,,0.804,48717.948717948726,0,0,529082.892,529082.0580000001,1,1
dydx,EURUSD,EUR-USD,49,1790655427269,,0.804,48717.948717948726,0,0,529082.892,529082.0580000001,1,1
dydx,EURUSD,EUR-USD,50,1790655457005,,0.804,48717.948717948726,0,0,529082.892,529082.0580000001,1,1
dydx,EURUSD,EUR-USD,51,1790655487280,,0.804,48717.948717948726,0,0,529082.892,529082.0580000001,1,1
dydx,EURUSD,EUR-USD,52,1790655516843,,0.804,48717.948717948726,0,0,529082.892,529082.0580000001,1,1
dydx,EURUSD,EUR-USD,53,1790655547133,,0.804,48717.948717948726,0,0,529082.892,529082.0580000001,1,1
dydx,EURUSD,EUR-USD,54,1790655576812,,0.804,48717.948717948726,0,0,529082.892,529082.0580000001,1,1
dydx,EURUSD,EUR-USD,55,1790655607271,,0.804,48717.948717948726,0,0,529082.892,529082.0580000001,1,1
dydx,EURUSD,EUR-USD,56,1790655636828,,0.804,48717.948717948726,0,0,529082.892,529082.0580000001,1,1
dydx,EURUSD,EUR-USD,57,1790655667148,,0.804,48717.948717948726,0,0,529082.892,529082.0580000001,1,1
dydx,EURUSD,EUR-USD,58,1790655696989,,0.804,48717.948717948726,0,0,529082.892,529082.0580000001,1,1
dydx,EURUSD,EUR-USD,59,1790655727142,,0.804,48717.948717948726,0,0,529082.892,529082.0580000001,1,1
dydx,HYPE,HYPE-USD,0,1790653956939,,87.1935,51.39703345981461,0,0,152267078.9683,213591416.26200002,65,57
dydx,HYPE,HYPE-USD,1,1790653986904,,87.2285,52.06776855704476,0,0,139048556.7445,119193434.13739999,55,45
dydx,HYPE,HYPE-USD,2,1790654016556,,87.2695,51.12180775902697,0,0,143512673.9055,203120887.09510002,57,49
dydx,HYPE,HYPE-USD,3,1790654046577,,87.2435,49.754673836854835,0,0,134968560.5272,195585566.7902,53,44
dydx,HYPE,HYPE-USD,4,1790654076557,,87.1695,49.797016779178364,0,0,136018885.2228,198308030.48389998,60,50
dydx,HYPE,HYPE-USD,5,1790654106590,,87.187,51.97732316785775,0,0,138286881.8005,198615665.366,53,46
dydx,HYPE,HYPE-USD,6,1790654136865,,86.8075,50.46830428807381,0,0,142521218.3314,202794495.6153,55,49
dydx,HYPE,HYPE-USD,7,1790654166564,,86.78999999999999,51.05753791772916,0,0,145487088.8966,207184291.8072,70,63
dydx,HYPE,HYPE-USD,8,1790654196560,,86.7765,50.25473954181514,0,0,146892235.1345,206204938.5911,60,58
dydx,HYPE,HYPE-USD,9,1790654226596,,86.77600000000001,50.60249315480103,0,0,141660780.5363,201852951.6221,55,50
dydx,HYPE,HYPE-USD,10,1790654256898,,86.78649999999999,51.175417316466906,0,0,140554605.5118,202200629.2388,49,43
dydx,HYPE,HYPE-USD,11,1790654286576,,86.7415,50.04334007512101,0,0,137050543.6191,198402289.8326,53,49
dydx,HYPE,HYPE-USD,12,1790654316566,,86.477,101.8142935180566,0,0,139667103.3656,199718903.1001,52,46
dydx,HYPE,HYPE-USD,13,1790654346574,,86.6865,49.843300065917084,0,0,125280331.7308,184250028.3752,32,25
dydx,HYPE,HYPE-USD,14,1790654376584,,86.68549999999999,51.23519615099825,0,0,142649230.2374,205087630.4646,58,56
dydx,HYPE,HYPE-USD,15,1790654406571,,86.6745,50.545942444710775,0,0,146914517.4604,206711165.10999998,60,53
dydx,HYPE,HYPE-USD,16,1790654436891,,86.588,50.94479436828614,0,0,142668299.6897,205389254.3626,54,49
dydx,HYPE,HYPE-USD,17,1790654466563,,86.4665,51.13280615912652,0,0,140055082.87669998,201289385.3637,60,53
dydx,HYPE,HYPE-USD,18,1790654496574,,86.50399999999999,51.2267770012631,0,0,139267293.924,201519100.6934,58,54
dydx,HYPE,HYPE-USD,19,1790654526930,,86.5685,49.91141014209166,0,0,136393208.5029,196762903.85399997,53,49
dydx,HYPE,HYPE-USD,20,1790654556569,,86.8515,50.90556498251297,0,0,86170499.90709999,116012157.6162,54,45
dydx,HYPE,HYPE-USD,21,1790654586562,,86.90700000000001,52.37655745269798,0,0,93131291.7477,123505441.26370001,50,41
dydx,HYPE,HYPE-USD,22,1790654616583,,86.787,50.59606321042409,0,0,139554913.21379998,199986365.09589997,59,49
dydx,HYPE,HYPE-USD,23,1790654646609,,86.80449999999999,51.39636414035253,0,0,142928820.73070002,200286374.6801,62,39
dydx,HYPE,HYPE-USD,24,1790654676890,,86.804,49.891439922391534,0,0,142012918.67310002,200616217.9216,62,37
dydx,HYPE,HYPE-USD,25,1790654706573,,86.8135,50.464807436918505,0,0,142071341.827,200087020.4534,59,38
dydx,HYPE,HYPE-USD,26,1790654736924,,86.8365,52.0719077253462,0,0,135665025.39740002,195353324.37460002,47,35
dydx,HYPE,HYPE-USD,27,1790654766580,,86.8835,50.6554047816854,0,0,147610989.51929998,202479306.7554,64,40
dydx,HYPE,HYPE-USD,28,1790654796884,,86.775,90.29345372460584,0,0,134730130.464,193694147.38189998,49,31
dydx,HYPE,HYPE-USD,29,1790654826585,,87.0,49.547732903152394,0,0,141322713.1622,198891677.7363,60,37
dydx,HYPE,HYPE-USD,30,1790654856567,,87.0085,49.196382280083384,0,0,125575029.69700001,184525438.2038,33,24
dydx,HYPE,HYPE-USD,31,1790654886577,,87.038,49.52604724554721,0,0,138814786.1362,196747219.96649998,57,46
dydx,HYPE,HYPE-USD,32,1790654916570,,87.221,100.70980825958698,0,0,136856848.1949,201561298.9838,52,43
dydx,HYPE,HYPE-USD,33,1790654946579,,87.04050000000001,49.178251004873275,0,0,143493694.963,204335469.1655,62,56
dydx,HYPE,HYPE-USD,34,1790654976577,,87.3355,101.1554041612972,0,0,81516669.59059998,111392903.50750001,44,34
dydx,HYPE,HYPE-USD,35,1790655006572,,87.1895,51.399397465676785,0,0,138282657.9055,199634135.7241,48,42
dydx,HYPE,HYPE-USD,36,1790655036572,,87.04599999999999,90.2429173157926,0,0,152659025.0808,211007498.7045,62,57
dydx,HYPE,HYPE-USD,37,1790655066578,,87.108,90.17839639286373,0,0,137746364.5434,198993359.4504,51,44
dydx,HYPE,HYPE-USD,38,1790655096606,,87.10900000000001,90.17735648884751,0,0,134807518.4724,197278753.1415,49,42
dydx,HYPE,HYPE-USD,39,1790655126582,,86.908,50.29415157457695,0,0,124697401.3627,183665777.9684,28,21
dydx,HYPE,HYPE-USD,40,1790655156918,,86.963,50.9557077309708,0,0,138369551.99580002,197929655.73620003,57,49
dydx,HYPE,HYPE-USD,41,1790655186579,,86.95949999999999,49.68643364382519,0,0,139905640.3338,199659963.42289996,57,51
dydx,HYPE,HYPE-USD,42,1790655216579,,86.9365,50.62444503384667,0,0,92081110.8646,120160448.5824,52,47
dydx,HYPE,HYPE-USD,43,1790655246570,,86.8955,50.87972310354738,0,0,143252743.86429998,201576942.07239997,62,55
dydx,HYPE,HYPE-USD,44,1790655276931,,86.886,50.07557488836856,0,0,84344162.7921,115320667.5881,48,42
dydx,HYPE,HYPE-USD,45,1790655306636,,86.9105,54.340928756850815,0,0,142968800.4015,203197140.9775,61,56
dydx,HYPE,HYPE-USD,46,1790655336589,,86.881,51.929468242244425,0,0,149429949.5688,209963821.6045,64,59
dydx,HYPE,HYPE-USD,47,1790655366571,,86.9675,51.06863717059041,0,0,148864788.2109,207130148.05990002,69,60
dydx,HYPE,HYPE-USD,48,1790655396580,,86.9505,51.541042581895184,0,0,149955722.7549,210325103.4863,60,54
dydx,HYPE,HYPE-USD,49,1790655426573,,86.904,52.37837027123548,0,0,94410536.5846,126359412.2977,57,51
dydx,HYPE,HYPE-USD,50,1790655456911,,86.74350000000001,101.84927697441725,0,0,130531154.3848,189130781.2091,46,40
dydx,HYPE,HYPE-USD,51,1790655487144,,86.9435,50.62035883953708,0,0,145437598.0549,206300381.0758,61,55
dydx,HYPE,HYPE-USD,52,1790655516611,,86.92949999999999,51.784787497837215,0,0,92487171.316,121327573.12410001,59,51
dydx,HYPE,HYPE-USD,53,1790655546584,,86.95500000000001,51.19158797689538,0,0,145881745.785,206072788.5316,63,57
dydx,HYPE,HYPE-USD,54,1790655576595,,87.0085,50.35142297499684,0,0,141263552.5623,202109915.6952,63,53
dydx,HYPE,HYPE-USD,55,1790655606606,,87.4125,51.03796306916042,0,0,139882482.82569999,202115099.212,57,49
dydx,HYPE,HYPE-USD,56,1790655636596,,87.41499999999999,51.38144992028914,0,0,125555243.4509,184505330.4947,35,26
dydx,HYPE,HYPE-USD,57,1790655666590,,87.333,50.73927817063284,0,0,128958596.5495,189143783.37410003,42,34
dydx,HYPE,HYPE-USD,58,1790655696594,,87.387,49.7877710221406,0,0,133797648.53909999,112126364.0915,44,35
dydx,HYPE,HYPE-USD,59,1790655726591,,87.504,49.72103520570093,0,0,143096346.2685,203411646.76049998,60,50
dydx,XAG,XAG-USD,0,1790653957339,,60.715,31.34279115803551,0,0,55539497.969000004,53453742.533,27,27
dydx,XAG,XAG-USD,1,1790653986844,,60.715,31.34279115803551,0,0,50411720.562,50066995.255,23,25
dydx,XAG,XAG-USD,2,1790654016914,,60.709999999999994,29.693170570768146,0,0,50563373.784,49867011.958000004,19,20
dydx,XAG,XAG-USD,3,1790654046947,,60.69,29.70297029702973,0,0,49606139.194,50773103.752000004,18,19
dydx,XAG,XAG-USD,4,1790654076807,,60.685,31.3583099521364,0,0,54580130.554000005,51382156.668,23,24
dydx,XAG,XAG-USD,5,1790654106821,,60.68000000000001,29.707872586235418,0,0,52331467.498,53341289.864,22,24
dydx,XAG,XAG-USD,6,1790654137322,,60.715,47.87848770018144,0,0,51709482.045,51434112.048,21,23
dydx,XAG,XAG-USD,7,1790654166843,,60.635,31.384208787577084,0,0,52229594.844,52680572.686,22,24
dydx,XAG,XAG-USD,8,1790654197203,,60.61,33.05238803503529,0,0,55513022.523,54986887.965,24,24
dydx,XAG,XAG-USD,9,1790654226826,,60.65,49.586776859502635,0,0,54315002.232,49963070.999,23,23
dydx,XAG,XAG-USD,10,1790654256962,,60.6,33.05785123967064,0,0,54642503.641,52621576.359,23,24
dydx,XAG,XAG-USD,11,1790654286804,,60.599999999999994,29.747149231531544,0,0,49051196.293,47921083.707,20,21
dydx,XAG,XAG-USD,12,1790654316770,,60.58,29.756984625557426,0,0,59508365.189,55530434.51,27,26
dydx,XAG,XAG-USD,13,1790654347202,,60.59,29.75206611570247,0,0,43502023.065,43547019.61,10,12
dydx,XAG,XAG-USD,14,1790654376829,,60.605000000000004,28.08988764044784,0,0,51709644.945,55206655.502,20,24
dydx,XAG,XAG-USD,15,1790654407141,,60.615,31.39458030403164,0,0,55737457.084,55858766.268,23,25
dydx,XAG,XAG-USD,16,1790654436825,,60.599999999999994,29.747149231531544,0,0,51862392.422,52695157.04,22,24
dydx,XAG,XAG-USD,17,1790654466931,,60.595,31.404958677685446,0,0,47953983.416,47840464.987,19,21
dydx,XAG,XAG-USD,18,1790654496852,,60.599999999999994,29.747149231531544,0,0,51063442.142000005,51233691.547,21,23
dydx,XAG,XAG-USD,19,1790654526921,,60.535,48.0211955621801,0,0,52159601.289000005,48840362.803,17,17
dydx,XAG,XAG-USD,20,1790654556911,,60.599999999999994,29.747149231531544,0,0,48652903.848,47376199.565,17,18
dydx,XAG,XAG-USD,21,1790654587218,,60.595,31.404958677685446,0,0,49639026.366000004,49805637.980000004,20,23
dydx,XAG,XAG-USD,22,1790654616806,,60.55,29.771749917300028,0,0,51806816.362,53712488.112,21,22
dydx,XAG,XAG-USD,23,1790654646908,,60.56,29.766826525550183,0,0,54179799.72,51457145.953,26,23
dydx,XAG,XAG-USD,24,1790654677304,,60.54,33.090668431503545,0,0,55218786.858,54029466.976,23,21
dydx,XAG,XAG-USD,25,1790654706915,,60.540000000000006,29.776674937964653,0,0,55555303.835,50468277.163,25,20
dydx,XAG,XAG-USD,26,1790654736843,,60.519999999999996,29.786529869271217,0,0,49179707.745,48067392.491,17,15
dydx,XAG,XAG-USD,27,1790654766813,,60.480000000000004,29.806259314455463,0,0,61784972.217,55439971.203999996,28,26
dydx,XAG,XAG-USD,28,1790654796911,,60.535,48.0211955621801,0,0,50317165.214,46456652.469,19,15
dydx,XAG,XAG-USD,29,1790654826809,,60.480000000000004,29.806259314455463,0,0,51729400.087,48704824.474,22,19
dydx,XAG,XAG-USD,30,1790654856810,,60.489999999999995,29.8013245033113,0,0,43435082.066,43480766.109,10,12
dydx,XAG,XAG-USD,31,1790654886830,,60.480000000000004,29.806259314455463,0,0,51677606.0,52528829.701,21,23
dydx,XAG,XAG-USD,32,1790654917279,,60.47,29.811195760185427,0,0,48738960.416,50353648.881,20,22
dydx,XAG,XAG-USD,33,1790654946906,,60.465,31.472585721386004,0,0,54789833.986,51793559.282,21,24
dydx,XAG,XAG-USD,34,1790654976941,,60.385,64.7948164146861,0,0,48206413.526,47766008.088,13,18
dydx,XAG,XAG-USD,35,1790655006814,,60.53,29.781601588352302,0,0,50248806.131000005,49740726.018,22,24
dydx,XAG,XAG-USD,36,1790655037206,,60.519999999999996,29.786529869271217,0,0,57238030.578,52617278.599,22,23
dydx,XAG,XAG-USD,37,1790655066793,,60.51,33.107101473266454,0,0,51040555.085,51591765.066,17,19
dydx,XAG,XAG-USD,38,1790655097169,,60.525,31.44133708423036,0,0,46742889.356,45280410.793,18,17
dydx,XAG,XAG-USD,39,1790655126806,,60.5,29.796391325940252,0,0,43499123.122,43544125.721,10,12
dydx,XAG,XAG-USD,40,1790655157199,,60.489999999999995,29.8013245033113,0,0,53284750.912,53674813.29,21,24
dydx,XAG,XAG-USD,41,1790655186827,,60.515,31.446540880502027,0,0,55532902.45,52896657.51,24,25
dydx,XAG,XAG-USD,42,1790655216979,,60.46,46.41909814323553,0,0,49220932.061000004,49311177.274,17,19
dydx,XAG,XAG-USD,43,1790655246836,,60.510000000000005,29.79145978152964,0,0,51387820.427,51455470.177999996,16,19
dydx,XAG,XAG-USD,44,1790655277279,,60.519999999999996,29.786529869271217,0,0,50179497.38,48850479.291999996,21,22
dydx,XAG,XAG-USD,45,1790655306913,,60.519999999999996,29.786529869271217,0,0,52812725.991000004,50276415.933,21,23
dydx,XAG,XAG-USD,46,1790655337209,,60.510000000000005,29.79145978152964,0,0,58879443.716,54079174.033999994,25,27
dydx,XAG,XAG-USD,47,1790655366800,,60.5,29.796391325940252,0,0,53094378.172,49542551.441999994,19,21
dydx,XAG,XAG-USD,48,1790655396876,,60.455,48.084894710660464,0,0,52084571.231,52326287.124,20,23
dydx,XAG,XAG-USD,49,1790655426857,,60.495000000000005,44.73161033797357,0,0,50631293.527,52483169.503,17,21
dydx,XAG,XAG-USD,50,1790655456910,,60.55,29.771749917300028,0,0,47130507.929,45838519.533,14,16
dydx,XAG,XAG-USD,51,1790655486815,,60.614999999999995,47.95766495782949,0,0,55358721.827,54714849.845,23,26
dydx,XAG,XAG-USD,52,1790655516804,,60.56999999999999,29.761904761904656,0,0,55275526.865,51783297.194,23,24
dydx,XAG,XAG-USD,53,1790655546789,,60.58,29.756984625557426,0,0,57576316.937,52691067.629,25,25
dydx,XAG,XAG-USD,54,1790655576811,,60.59,29.75206611570247,0,0,55871382.877,51028846.537,23,24
dydx,XAG,XAG-USD,55,1790655606902,,60.644999999999996,47.933884297519654,0,0,50262082.154,46747142.793,20,19
dydx,XAG,XAG-USD,56,1790655636806,,60.585,28.099173553719492,0,0,43789487.425,43834476.838999994,10,12
dydx,XAG,XAG-USD,57,1790655666797,,60.525000000000006,48.029148724744175,0,0,47890775.501,47949126.867,17,20
dydx,XAG,XAG-USD,58,1790655697197,,60.585,64.5802285146546,0,0,50669679.559,52041471.006,17,21
dydx,XAG,XAG-USD,59,1790655726807,,60.599999999999994,29.747149231531544,0,0,55641546.345,55270132.883999996,22,23
dydx,BTC,BTC-USD,0,1790653957092,,83095.0,0.2406912653141191,232416.9277,836608.3571,118648561.5677,113423317.2484,100,100
dydx,BTC,BTC-USD,1,1790653986392,,83111.0,3.8510138997538412,810617.9641,631004.0308,66571776.0057,70180359.1446,100,100
dydx,BTC,BTC-USD,2,1790654016565,,83168.0,0.48096577928591344,237127.3491,660403.8173999999,56180605.5465,99612245.2653,100,100
dydx,BTC,BTC-USD,3,1790654046602,,83126.5,7.82246612270443,393037.6152,1032762.2087000001,56908688.5635,73917753.3708,100,100
dydx,BTC,BTC-USD,4,1790654076391,,83095.5,0.36103689797117866,211438.4454,246446.9217,70093277.9007,69429154.8308,100,100
dydx,BTC,BTC-USD,5,1790654106580,,83103.5,2.286567020481911,14766.304399999999,620076.8770999999,107421879.6212,189655530.9845,100,100
dydx,BTC,BTC-USD,6,1790654136935,,83098.0,4.333172845449873,29765.735,616288.0505,63771259.9516,63388379.165,100,100
dydx,BTC,BTC-USD,7,1790654166595,,83101.5,5.175734232065743,14775.8514,419623.094,97270813.2564,98047949.56300001,100,100
dydx,BTC,BTC-USD,8,1790654196904,,83109.0,6.981222917670227,10040.157599999999,3921511.878,58935184.0181,103326263.7661,100,100
dydx,BTC,BTC-USD,9,1790654226623,,83081.5,0.3610977371204527,14771.9486,614907.9434,44683447.3367,50791911.7442,100,100
dydx,BTC,BTC-USD,10,1790654256870,,83070.0,2.1670820240538013,15015.119599999998,621193.9098,108565551.5414,89637489.6651,100,100
dydx,BTC,BTC-USD,11,1790654286570,,83022.0,7.952861222570995,785290.8335,211590.78019999998,65405131.1293,61805591.9432,100,100
dydx,BTC,BTC-USD,12,1790654316549,,83043.0,0.2408419835742137,36010.9231,231605.8726,74106287.1235,154242690.2639,100,100
dydx,BTC,BTC-USD,13,1790654346553,,83046.0,0.2408332831604909,422379.6999,836150.0007,45665703.6717,243291839.4235,100,100
dydx,BTC,BTC-USD,14,1790654376385,,83080.5,3.2503882408185802,11026.966799999998,5955025.7238,67521098.2592,72975671.8434,100,100
dydx,BTC,BTC-USD,15,1790654406564,,83060.5,0.12039489525550451,821383.5146999999,836863.2437999999,100289222.8634,102431366.8184,100,100
dydx,BTC,BTC-USD,16,1790654436569,,83025.0,8.675848606440884,595116.2285,196582.682,75237551.3396,92070946.34109999,100,100
dydx,BTC,BTC-USD,17,1790654466561,,83025.0,8.675848606440884,202548.20529999997,806247.2496999999,82907254.0828,85976472.2909,100,100
dydx,BTC,BTC-USD,18,1790654496562,,83045.5,2.7699496591759853,408882.1086,434424.5892,91566516.2051,113578614.3328,100,100
dydx,BTC,BTC-USD,19,1790654526932,,83068.5,10.478771454380809,791862.7649,2456124.8198,37715960.4994,36996403.6522,100,100
dydx,BTC,BTC-USD,20,1790654556584,,83094.5,4.2129590620754165,14985.166000000001,222711.8739,162490109.4235,300681571.7676,100,100
dydx,BTC,BTC-USD,21,1790654586571,,83062.5,6.1418403844060165,791744.2278999999,236418.39399999997,108262872.1564,95562266.7833,100,100
dydx,BTC,BTC-USD,22,1790654616906,,83037.5,0.12042824283131637,29753.679,442815.8017,76663363.9627,84949009.4479,100,100
dydx,BTC,BTC-USD,23,1790654646416,,83071.5,6.141174770608604,5040.8856000000005,1823237.6458,80804101.3197,367333696.6357,100,100
dydx,BTC,BTC-USD,24,1790654676557,,83054.0,3.853657361689855,816275.8484,836319.5205999999,99666517.5511,93625579.5322,100,100
dydx,BTC,BTC-USD,25,1790654706571,,83059.0,1.926527073725648,29767.527,49760.8308,101371745.9542,137369501.9017,100,100
dydx,BTC,BTC-USD,26,1790654736566,,83070.5,8.06869226971152,830.3489,2680777.0894,64394713.6836,284487809.5057,100,100
dydx,BTC,BTC-USD,27,1790654766569,,83049.0,2.8902778279560337,791517.9754,433002.1638,113629306.253,156970004.2579,100,100
dydx,BTC,BTC-USD,28,1790654796614,,83075.5,8.791049988559063,15187.619999999999,3558794.1837999998,97910372.2964,299543359.5431,100,100
dydx,BTC,BTC-USD,29,1790654826566,,83086.5,0.3610760064987062,232382.04979999998,7905166.0122,115636655.0207,266551505.5167,100,100
dydx,BTC,BTC-USD,30,1790654856563,,83084.5,0.361084698434766,226564.18819999998,842731.8082999999,77045655.4635,196589657.9549,100,100
dydx,BTC,BTC-USD,31,1790654886568,,83114.0,7.944054597319727,24.9195,616840.3402,89862606.099,197225035.6209,100,100
dydx,BTC,BTC-USD,32,1790654916876,,83019.5,2.0479213598201262,613448.9657,629373.1041,86292205.236,91347086.0584,100,100
dydx,BTC,BTC-USD,33,1790654946567,,83031.5,0.36131518728277356,211279.98440000002,630727.5711,115153215.4975,98216729.4575,100,100
dydx,BTC,BTC-USD,34,1790654976494,,83060.0,10.118287600280329,41.5068,196611.0218,201331534.403,264471049.9355,100,100
dydx,BTC,BTC-USD,35,1790655006559,,83055.5,4.455844984765367,397601.807,433050.1532,61468110.6348,54996148.7567,100,100
dydx,BTC,BTC-USD,36,1790655036559,,83082.0,0.24072892719217975,217642.1335,836459.123,133981950.0827,102011052.7405,100,100
dydx,BTC,BTC-USD,37,1790655066567,,83114.5,5.415683820344519,206450.84,2541876.3685,90289822.6873,94425163.4046,100,100
dydx,BTC,BTC-USD,38,1790655096566,,83116.0,0.4812666939391086,226202.4842,5732332.1598,66347414.0859,89453815.8758,100,100
dydx,BTC,BTC-USD,39,1790655126565,,83109.0,5.777216103990401,402890.6749,620273.0112,32124578.6413,98397099.22839999,100,100
dydx,BTC,BTC-USD,40,1790655156588,,83088.0,11.078731244431594,202535.8985,19765.5644,59006674.7804,96251291.533,100,100
dydx,BTC,BTC-USD,41,1790655186886,,83125.5,0.12030075188018685,604437.3592,847110.1126,100089950.3206,83930430.0672,100,100
dydx,BTC,BTC-USD,42,1790655216571,,83129.0,14.68676265228508,589990.4173,647309.4035,69265166.67390001,111678646.76,100,100
dydx,BTC,BTC-USD,43,1790655246582,,83126.0,17.097104328456236,6079.2832,433740.201,86213748.2782,160872145.3981,100,100
dydx,BTC,BTC-USD,44,1790655276566,,83151.0,6.0149652335006465,4995.8726,439775.59859999997,86460146.5179,179083806.5161,100,100
dydx,BTC,BTC-USD,45,1790655306627,,83116.5,5.656312806132657,203602.44139999998,433770.8187,90120796.1659,83345562.7547,100,100
dydx,BTC,BTC-USD,46,1790655337079,,83139.5,0.12028049411139108,211519.55359999998,863398.2392,117442625.3234,93189904.4615,100,100
dydx,BTC,BTC-USD,47,1790655366567,,83139.5,0.12028049411139108,610795.6386,651872.6703,91106867.8382,84960106.40619999,100,100
dydx,BTC,BTC-USD,48,1790655396568,,83139.5,0.12028049411139108,822056.1587,1251348.0683,164156999.2947,145381509.8935,100,100
dydx,BTC,BTC-USD,49,1790655426569,,83155.5,0.12025735073084576,5014.2325,2498181.9112,56567024.5104,57500191.7713,100,100
dydx,BTC,BTC-USD,50,1790655456602,,83143.0,8.663530147881016,216.03860000000003,413771.95489999995,177561248.1029,182930091.5541,100,100
dydx,BTC,BTC-USD,51,1790655486585,,83170.0,1.2024289063905513,222607.1675,131878.3105,63734431.518,60164244.1764,100,100
dydx,BTC,BTC-USD,52,1790655516584,,83165.5,4.690544343683989,10027.3876,118349.47499999999,64315747.8622,76607220.1848,100,100
dydx,BTC,BTC-USD,53,1790655546567,,83189.0,1.9235161875919005,226413.7441,1320916.4718,81440647.1315,66280816.1642,100,100
dydx,BTC,BTC-USD,54,1790655576581,,83196.5,0.12019808644625485,211653.7888,1326090.4982999999,111274688.8989,191366802.2947,100,100
dydx,BTC,BTC-USD,55,1790655606580,,83236.5,1.0813148788924032,4993.92,2945520.8823,96706804.8702,177841734.0199,100,100
dydx,BTC,BTC-USD,56,1790655636571,,83228.5,0.6007737966506888,801997.975,859837.5460000001,98420120.7799,306189978.6857,100,100
dydx,BTC,BTC-USD,57,1790655666575,,83224.5,3.9659648110768053,14991.4372,441954.07560000004,110640140.8524,219515841.1415,100,100
dydx,BTC,BTC-USD,58,1790655696600,,83200.0,9.860628434685825,596475.4625,460693.32060000004,53861434.9177,99343852.2924,100,100
dydx,BTC,BTC-USD,59,1790655726578,,83254.5,0.12011434886050054,15001.0473,882279.8731000001,72580109.1502,90087091.2031,100,100
dydx,SOL,SOL-USD,0,1790653956582,,117.84,1.6973606042602896,857469.839,14985.510999999999,120684898.809,98154142.601,100,100
dydx,SOL,SOL-USD,1,1790653986584,,117.86500000000001,4.243041412084203,16662.576,4998.536,104136698.661,81962083.021,100,100
dydx,SOL,SOL-USD,2,1790654016561,,117.955,12.724804886325991,16668.232,25223.011,45420753.913,24301691.166,100,100
dydx,SOL,SOL-USD,3,1790654046918,,117.83500000000001,24.641006032799506,0,0,211266086.774,24154011.441,100,100
dydx,SOL,SOL-USD,4,1790654076564,,117.81,10.191082802548657,649482.705,15205.230000000001,84810122.63,63353329.76,100,100
dydx,SOL,SOL-USD,5,1790654106921,,117.715,4.248449315999991,229130.138,31643.626,79014900.289,57902378.780999996,100,100
dydx,SOL,SOL-USD,6,1790654136573,,117.73,13.59966000849866,404863.503,31867.605,65443504.682,53692885.569,100,100
dydx,SOL,SOL-USD,7,1790654166575,,117.75999999999999,1.6985138004232958,224146.64800000002,21658.852000000003,103270401.094,87796931.83,100,100
dydx,SOL,SOL-USD,8,1790654196581,,117.71000000000001,1.6992353440947738,31642.735,46844.976,73557553.564,55289245.856,100,100
dydx,SOL,SOL-USD,9,1790654226613,,117.755,7.645909438451781,639167.7270000001,25188.219999999998,54888425.348,47414199.989,100,100
dydx,SOL,SOL-USD,10,1790654256583,,117.755,7.645909438451781,46830.232,26656.258,101669162.977,80146207.898,100,100
dydx,SOL,SOL-USD,11,1790654286584,,117.68,1.699668564629775,233957.21099999998,14987.880000000001,67372824.853,52359515.273,100,100
dydx,SOL,SOL-USD,12,1790654316392,,117.67500000000001,0.8498342823148874,46834.068999999996,20181.962,72389156.084,59179581.275,100,100
dydx,SOL,SOL-USD,13,1790654346565,,117.685,11.05254208467965,228965.736,9996.975,201220005.009,35034086.085,100,100
dydx,SOL,SOL-USD,14,1790654376570,,117.685,5.949851253717053,26659.49,4991.3279999999995,109352718.271,79593440.456,100,100
dydx,SOL,SOL-USD,15,1790654406908,,117.84,8.489685032684324,442031.839,9997.072,147434776.709,117102489.184,100,100
dydx,SOL,SOL-USD,16,1790654436567,,117.715,21.260311250956843,0,0,66304630.426,53416579.558,100,100
dydx,SOL,SOL-USD,17,1790654466900,,117.61,10.208421948108004,633377.4600000001,31844.082000000002,66221036.214999996,50352838.253,100,100
dydx,SOL,SOL-USD,18,1790654496573,,117.705,16.15508885298933,4998.425,422132.78500000003,77150777.492,65273740.732,100,100
dydx,SOL,SOL-USD,19,1790654526587,,117.8,13.591573224600584,229221.27,9996.224,61221184.621,42934315.903,100,100
dydx,SOL,SOL-USD,20,1790654556585,,117.67,22.120129317677595,0,0,248074334.27,52520001.523,100,100
dydx,SOL,SOL-USD,21,1790654586911,,117.72,6.798096532971698,31658.62,41856.62300000001,68420359.37,46470089.436,100,100
dydx,SOL,SOL-USD,22,1790654616559,,117.33,5.11508951406725,425287.06700000004,4999.536,88990294.014,67809535.819,100,100
dydx,SOL,SOL-USD,23,1790654647066,,117.435,12.781186094070751,834357.9319999999,26652.118000000002,79081027.281,70063664.696,100,100
dydx,SOL,SOL-USD,24,1790654676551,,117.44,1.703142297537763,435598.73600000003,46812.925,105896066.805,92636197.248,100,100
dydx,SOL,SOL-USD,25,1790654706599,,117.405,12.784454103811349,413724.357,25153.757999999998,110285341.621,74592895.368,100,100
dydx,SOL,SOL-USD,26,1790654736572,,117.375,4.260758414997845,26667.970999999998,36813.542,50873299.667,44348675.511,100,100
dydx,SOL,SOL-USD,27,1790654766562,,117.41499999999999,14.489047984318493,16672.593,25146.699999999997,102106872.587,151779426.11699998,100,100
dydx,SOL,SOL-USD,28,1790654796564,,117.485,2.553843534518485,223672.03500000003,36827.58,86612916.682,70600416.288,100,100
dydx,SOL,SOL-USD,29,1790654826570,,117.42,3.407155025552111,647685.8890000001,30141.329999999998,113601826.64400001,97426962.012,100,100
dydx,SOL,SOL-USD,30,1790654856631,,117.39,5.112474437627412,854206.879,36807.426,254130770.842,79904149.315,100,100
dydx,SOL,SOL-USD,31,1790654886566,,117.37,11.935208866156177,16668.329999999998,31818.366,36029927.056,32130174.129,100,100
dydx,SOL,SOL-USD,32,1790654916569,,117.25,10.239781551326654,31780.506,21659.685999999998,70367229.723,58716584.081,100,100
dydx,SOL,SOL-USD,33,1790654946578,,117.39,8.52224305437188,216796.34,26661.433,111564841.462,83431838.475,100,100
dydx,SOL,SOL-USD,34,1790654976899,,117.4,29.002814979099956,0,0,139926895.517,28211914.78,100,100
dydx,SOL,SOL-USD,35,1790655006566,,117.495,7.662835249042654,218760.951,21657.953,58124346.674,45098592.93,100,100
dydx,SOL,SOL-USD,36,1790655036565,,117.57,1.7012589316101057,855564.375,46826.695999999996,149366184.711,116101815.63599999,100,100
dydx,SOL,SOL-USD,37,1790655066577,,117.68,15.30742410068786,16662.503,26664.542999999998,80129356.19399999,54870554.298,100,100
dydx,SOL,SOL-USD,38,1790655096575,,117.64,1.7002465357496277,841120.775,30183.862,66755373.22,54755597.115,100,100
dydx,SOL,SOL-USD,39,1790655126576,,117.575,12.76595744680975,9999.25,25169.205,152101401.213,22750627.245,100,100
dydx,SOL,SOL-USD,40,1790655156591,,117.69,13.604285349884115,607062.96,16664.454999999998,61810834.793,51027278.079,100,100
dydx,SOL,SOL-USD,41,1790655186573,,117.735,14.449638759030936,31846.565000000002,219438.818,74897268.191,67170970.094,100,100
dydx,SOL,SOL-USD,42,1790655216901,,117.775,21.249468763280266,0,0,37590300.951,27162348.627,100,100
dydx,SOL,SOL-USD,43,1790655246563,,117.755,11.04596822159909,219088.05200000003,16671.53,75276200.371,57081545.691999994,100,100
dydx,SOL,SOL-USD,44,1790655276895,,117.625,2.550803503102994,14989.325,31667.81,26969657.402,18907830.918,100,100
dydx,SOL,SOL-USD,45,1790655306456,,117.75,23.807499362298312,0,0,46265420.187,42340096.867,100,100
dydx,SOL,SOL-USD,46,1790655336936,,117.67500000000001,0.8498342823148874,638815.182,20180.672000000002,110233719.995,83828321.243,100,100
dydx,SOL,SOL-USD,47,1790655366574,,117.675,5.950357021420327,212336.513,4990.9039999999995,90111763.458,66622263.372,100,100
dydx,SOL,SOL-USD,48,1790655396567,,117.68,13.605442176871652,244133.019,234536.74800000002,137305057.22,106764033.508,100,100
dydx,SOL,SOL-USD,49,1790655426560,,117.69,11.902737629654325,9997.7,41858.729,53265622.331,42108649.777,100,100
dydx,SOL,SOL-USD,50,1790655456580,,117.80000000000001,1.697937006537309,21658.750999999997,20202.953999999998,41485246.599,34574257.660000004,100,100
dydx,SOL,SOL-USD,51,1790655486569,,117.715,5.948334466348015,617329.304,4992.599999999999,57739293.455,48353268.362,100,100
dydx,SOL,SOL-USD,52,1790655516573,,117.64,20.42205582028611,0,0,76728526.65,66087804.027,100,100
dydx,SOL,SOL-USD,53,1790655546555,,117.745,2.548203516521408,639332.376,36857.084,73007653.049,58012816.05,100,100
dydx,SOL,SOL-USD,54,1790655576574,,117.85,10.187622039221633,654684.022,16672.474000000002,82528811.831,63146232.622,100,100
dydx,SOL,SOL-USD,55,1790655606571,,117.87,1.6969285593071426,415571.061,4998.112,49315802.848,38654985.307,100,100
dydx,SOL,SOL-USD,56,1790655636555,,117.89500000000001,0.8482483671223839,836208.0369999999,14991.019,252277742.292,46571947.721,100,100
dydx,SOL,SOL-USD,57,1790655666555,,117.78999999999999,15.293118096855185,607544.756,16668.232,93624887.878,26846671.040999997,100,100
dydx,SOL,SOL-USD,58,1790655696566,,117.94,23.76910016977929,0,0,38594523.281,28677844.642,100,100
dydx,SOL,SOL-USD,59,1790655726567,,117.99000000000001,11.872455902306456,633770.417,90952.636,64545061.504,52048304.181,100,100
dydx,ETH,ETH-USD,0,1790653956585,,2664.75,0.3752767666176382,454512.42470000003,843599.6502,131810655.1868,116207473.9812,100,100
dydx,ETH,ETH-USD,1,1790653986386,,2665.8500000000004,7.129723441781088,444756.0606,41609.6164,75424253.6256,99545822.9744,100,100
dydx,ETH,ETH-USD,2,1790654016722,,2666.95,0.3749671903707785,34576.7272,236084.10880000002,191939092.6536,210785461.6577,100,100
dydx,ETH,ETH-USD,3,1790654046583,,2665.45,4.127734624188584,225704.34300000002,219356.53500000003,173634257.4434,285457507.8548,100,100
dydx,ETH,ETH-USD,4,1790654076382,,2664.65,1.1259148057796153,663449.6122000001,450144.1076,115886766.7308,94633224.22760001,100,100
dydx,ETH,ETH-USD,5,1790654106570,,2664.3500000000004,0.3753331081335354,41616.2127,828581.6828000001,245028851.0625,371383002.817,100,100
dydx,ETH,ETH-USD,6,1790654136566,,2664.3,3.003115732571615,46611.312099999996,425093.0134,95749239.5888,138526866.1395,100,100
dydx,ETH,ETH-USD,7,1790654166561,,2664.6,6.757517738484875,638436.5891000001,629422.2744,102086131.0606,116966509.6727,100,100
dydx,ETH,ETH-USD,8,1790654196553,,2663.6,3.7550223423821194,223833.08210000003,220864.7212,179830820.80900002,362574681.065,100,100
dydx,ETH,ETH-USD,9,1790654226425,,2663.05,4.131455399061235,434429.2968,21693.5957,56884489.3676,107307961.1487,100,100
dydx,ETH,ETH-USD,10,1790654256561,,2663.55,0.3754458419380491,454329.2464,853227.9704000001,122644570.2932,148409066.15039998,100,100
dydx,ETH,ETH-USD,11,1790654286553,,2663.15,5.634014423077094,417683.8992,235750.9702,74361345.6347,118885197.7926,100,100
dydx,ETH,ETH-USD,12,1790654316381,,2663.3,3.0042434939336893,39935.1518,30400.402899999994,108476444.1644,265762228.0738,100,100
dydx,ETH,ETH-USD,13,1790654346549,,2662.6499999999996,0.3755727484411331,851841.8268,843072.9789000001,342798858.6367,411510103.8609,100,100
dydx,ETH,ETH-USD,14,1790654376567,,2663.3500000000004,3.3797739306784536,41690.993299999995,428859.879,138982497.4653,329567196.9356,100,100
dydx,ETH,ETH-USD,15,1790654406563,,2664.25,4.880612704611931,449420.9212,842315.4526000001,122453968.3715,116555207.6323,100,100
dydx,ETH,ETH-USD,16,1790654436574,,2663.3999999999996,5.257821008750607,36606.621699999996,629104.1334,81699803.3166,179121508.7694,100,100
dydx,ETH,ETH-USD,17,1790654466564,,2662.25,10.146942763726852,41750.653,215744.87360000002,111217822.6726,120570118.2166,100,100
dydx,ETH,ETH-USD,18,1790654496581,,2663.05,2.628910504376414,462930.14200000005,644021.3675,89645486.9228,102332159.6859,100,100
dydx,ETH,ETH-USD,19,1790654526396,,2665.25,2.6267402153923314,60322.3981,26691.5786,76767668.0681,136500635.9857,100,100
dydx,ETH,ETH-USD,20,1790654556917,,2664.1,10.515642017501214,10025.059499999998,20400.1915,297092199.112,336987640.916,100,100
dydx,ETH,ETH-USD,21,1790654586563,,2664.95,4.879330405733739,56611.126599999996,614458.4366,92717328.384,95479830.6611,100,100
dydx,ETH,ETH-USD,22,1790654616565,,2661.8,1.5028554253082582,26668.439799999996,837576.4832000001,84690040.1172,69590381.3968,100,100
dydx,ETH,ETH-USD,23,1790654646599,,2662.2,5.260191621265786,36691.7717,623770.5149,126532764.8885,330353922.4,100,100
dydx,ETH,ETH-USD,24,1790654676892,,2663.25,1.126506702715524,31664.833399999996,633938.7296000001,104278265.1441,236232689.4769,100,100
dydx,ETH,ETH-USD,25,1790654706581,,2662.6,6.762595333809074,51600.1786,26692.491,94951393.9446,227429876.0185,100,100
dydx,ETH,ETH-USD,26,1790654736571,,2663.0,0.7510608734828672,41690.7021,632836.1184,105524687.098,435674255.7875,100,100
dydx,ETH,ETH-USD,27,1790654766575,,2662.75,0.37555864348393087,56600.1383,837883.3128000001,122992559.8614,472864571.6508,100,100
dydx,ETH,ETH-USD,28,1790654796566,,2662.25,4.132697148440112,41605.087,818109.3250000001,102710341.3746,268307354.5896,100,100
dydx,ETH,ETH-USD,29,1790654826384,,2663.4,0.7509480719392059,56603.248,843125.0675,178417982.355,475194995.7621,100,100
dydx,ETH,ETH-USD,30,1790654856580,,2663.45,1.1264221079110293,56602.81340000001,843102.0276,289084768.1452,409597406.3925,100,100
dydx,ETH,ETH-USD,31,1790654886559,,2662.6499999999996,7.138295074575751,407632.3902,813181.7828,242739111.7485,356003288.1379,100,100
dydx,ETH,ETH-USD,32,1790654916574,,2661.25,0.3757703291751291,244081.48719999997,419632.1545,78032609.53,112125611.236,100,100
dydx,ETH,ETH-USD,33,1790654946575,,2661.25,0.3757703291751291,439065.4872,15022.6348,101434607.9992,141706037.515,100,100
dydx,ETH,ETH-USD,34,1790654976591,,2661.55,4.133784291620035,225390.9566,16694.0176,130955603.7572,242280130.618,100,100
dydx,ETH,ETH-USD,35,1790655006586,,2663.05,0.37551633496057946,434258.9895,31691.8835,202455914.96809998,301025115.1521,100,100
dydx,ETH,ETH-USD,36,1790655036917,,2662.95,0.3755304367425438,851893.8797,848191.3325,166062819.2627,196437920.0586,100,100
dydx,ETH,ETH-USD,37,1790655066571,,2665.55,10.134374296224546,20023.0013,16668.125,122293364.08049999,141155636.54839998,100,100
dydx,ETH,ETH-USD,38,1790655096569,,2665.3500000000004,0.3751922860462109,235609.0068,843726.373,83936911.353,268905857.912,100,100
dydx,ETH,ETH-USD,39,1790655126390,,2663.85,2.6281208935596823,847256.412,826882.1374,102629041.6415,407645521.1141,100,100
dydx,ETH,ETH-USD,40,1790655156578,,2666.3,6.753207773690928,31688.8646,419202.6083,75203370.54609999,255371241.1219,100,100
dydx,ETH,ETH-USD,41,1790655186570,,2665.85,9.382271260227615,16693.718,219712.4975,98066766.7787,220913041.0479,100,100
dydx,ETH,ETH-USD,42,1790655216937,,2666.1000000000004,9.75682978084702,439720.27040000004,26.674000000000003,269142486.6818,364472274.6864,100,100
dydx,ETH,ETH-USD,43,1790655246571,,2667.2,14.257306869769337,26691.8499,3046.2298,91098977.7685,120138889.8039,100,100
dydx,ETH,ETH-USD,44,1790655276583,,2665.3999999999996,5.253874732615849,26694.214,21692.774299999997,395787600.9906,411465347.7348,100,100
dydx,ETH,ETH-USD,45,1790655306630,,2667.25,10.87853552404372,240756.69019999998,618824.6387,52672968.4156,129654324.6494,100,100
dydx,ETH,ETH-USD,46,1790655336413,,2667.0,9.002925950931662,41625.811,814282.5354,99404513.6283,95120288.1419,100,100
dydx,ETH,ETH-USD,47,1790655366577,,2666.95,2.625065626642442,250854.45950000003,639903.6462,73832028.4525,154239300.7992,100,100
dydx,ETH,ETH-USD,48,1790655396894,,2667.05,0.37495313085722515,255744.81070000003,844318.4176,107366219.4209,107736655.383,100,100
dydx,ETH,ETH-USD,49,1790655426404,,2668.2,5.248359887535248,31662.1861,446142.69180000003,72205014.12619999,125063093.9924,100,100
dydx,ETH,ETH-USD,50,1790655456616,,2669.0,7.496251874063997,225951.9108,226285.69300000003,208230891.0099,296385811.9494,100,100
dydx,ETH,ETH-USD,51,1790655486579,,2667.8500000000004,4.124020545119844,25022.7643,634873.5768,87830641.4933,198638629.85259998,100,100
dydx,ETH,ETH-USD,52,1790655516582,,2667.8,2.999175226812145,26695.832,252656.36100000003,154010251.2011,305391805.1696,100,100
dydx,ETH,ETH-USD,53,1790655546566,,2668.1,0.7496251874061777,863533.1234,841372.947,72176564.266,69072022.2377,100,100
dydx,ETH,ETH-USD,54,1790655576587,,2669.55,3.3719231201523314,450281.514,856465.6132,100240698.1915,96788979.8992,100,100
dydx,ETH,ETH-USD,55,1790655606583,,2669.9,0.7491197842535158,41688.8923,31384.318199999998,87641356.68180001,159425391.2392,100,100
dydx,ETH,ETH-USD,56,1790655636578,,2669.8,1.498351813005172,839100.7059000001,672217.6021,33589354.516499996,141406143.7096,100,100
dydx,ETH,ETH-USD,57,1790655666565,,2668.7,6.747132468700734,26692.128300000004,43203.693699999996,294479449.9312,358633319.1188,100,100
dydx,ETH,ETH-USD,58,1790655696964,,2669.5,0.7492320371604855,31690.415400000005,43203.9828,141954518.68400002,314837719.6128,100,100
dydx,ETH,ETH-USD,59,1790655726393,,2670.55,3.370660274897297,834276.5482000001,855217.9444,128196559.1428,110364146.2115,100,100
