round,asset,category,venue,market,mid,spread_bps,bid_depth_10bps,ask_depth_10bps,returned_bid_notional,returned_ask_notional,venue_age_ms,request_ms
0,BTC,crypto,hyperliquid,BTC,83038.5,0.12042679255364064,4972777.81709,3412018.70939,4972777.81709,3412018.70939,803,199
0,BTC,spot,hyperliquid,@142,83052.5,0.12040649231881417,660701.12863,741502.60728,660701.12863,741502.60728,800,194
0,BTC,crypto,lighter,1,83034.5,0.6744412073955708,2175254.517695,3209358.681979,2175254.517695,3209358.681979,,76
0,ETH,crypto,hyperliquid,ETH,2665.8500000000004,0.37512191462196753,8848692.37432,6882972.02746,8848692.37432,6882972.02746,798,190
0,ETH,spot,hyperliquid,@151,2663.8500000000004,0.37540355882548226,375878.32009,499244.74626,375878.32009,499244.74626,336,189
0,ETH,crypto,lighter,0,2664.815,0.4878506426497786,3957663.109913,4926114.91813,3957663.109913,4926114.91813,,207
0,SOL,crypto,hyperliquid,SOL,117.795,0.8489685032686545,1951691.9513,3013022.8507,3839552.5807,4981990.1593,462,198
0,SOL,spot,hyperliquid,@156,117.755,0.8492569002127581,186718.93763,187233.1989,364139.08685,368797.83379,538,271
0,SOL,crypto,lighter,2,117.77799999999999,0.6792670708311022,1177575.551505,1479066.8067990001,2454061.19327,3256621.77165,,64
0,AVAX,crypto,hyperliquid,AVAX,10.432500000000001,0.9585889570540296,69993.9209,61793.95745,303377.39579,163580.86031,588,185
0,BNB,crypto,hyperliquid,BNB,758.6800000000001,0.26361922838669116,67412.17619,75571.54079,67412.17619,75571.54079,670,207
0,OP,crypto,hyperliquid,OP,0.13022499999999998,2.3039705091787432,14920.194227,8403.017781999999,76161.384068,75377.417695,656,186
0,LTC,crypto,hyperliquid,LTC,67.8955,1.0310493136156396,39940.65419,39591.46962,39940.65419,39591.46962,729,190
0,ARB,crypto,hyperliquid,ARB,0.19707000000000002,1.0149193139130652,38779.110813,27370.490077,50174.402986,28863.764796,782,192
0,DOGE,crypto,hyperliquid,DOGE,0.093184,0.6439080928521967,111586.2552,111432.779377,111586.2552,111432.779377,375,239
0,SUI,crypto,hyperliquid,SUI,1.1174499999999998,0.8949346697684213,130976.01716999999,129621.27470000001,289025.97947,328868.85233,372,222
0,CRV,crypto,hyperliquid,CRV,0.38776,0.5157962604784849,15781.077365000001,15758.146209999999,35433.033926000004,26521.666613,406,197
0,LDO,crypto,hyperliquid,LDO,0.43404,1.8433179723498228,16196.071983,34533.883875,16196.071983,34533.883875,480,218
0,LINK,crypto,hyperliquid,LINK,14.871500000000001,0.6724497343824076,154257.00509999998,105310.61839999999,209650.4019,183129.7371,567,194
0,XRP,crypto,hyperliquid,XRP,1.4888499999999998,0.671681891455389,1286890.7933,825388.3719,2044438.7122,1267778.8325,570,194
0,XRP,crypto,lighter,7,1.487904,2.5408092275758243,434974.337505,226856.741724,7496784.276531,7205035.837041,,56
0,BCH,crypto,hyperliquid,BCH,305.315,0.3275359470689132,56134.1957,45462.9207,56134.1957,45462.9207,654,190
0,APT,crypto,hyperliquid,APT,0.82185,1.2168410805557528,26018.91155,4174.9709569999995,93843.842617,52555.147714,685,203
0,AAVE,crypto,hyperliquid,AAVE,147.93,1.3520822065982152,68594.72690000001,61593.6442,91886.8088,103757.2787,762,194
0,WLD,crypto,hyperliquid,WLD,0.47514999999999996,1.6838205889158075,26708.411435,95445.265818,26708.411435,95445.265818,757,186
0,WLD,crypto,lighter,6,0.47511000000000003,2.1049972635034386,48223.155986,53746.985613,1046089.19217,940629.976758,,52
0,TRX,crypto,hyperliquid,TRX,0.33418499999999995,0.299239930576789,44899.482280000004,50509.71916,44899.482280000004,50509.71916,359,212
0,UNI,crypto,hyperliquid,UNI,8.60125,0.5813277525845706,7212.27848,30380.07218,7212.27848,30380.07218,362,193
0,SEI,crypto,hyperliquid,SEI,0.0744015,3.6296176802719238,20632.137364000002,21152.892615,29677.920561000003,21152.892615,408,189
0,ZRO,crypto,hyperliquid,ZRO,1.51945,0.6581545346850959,9132.465279999999,11639.513869999999,27805.13779,31554.178379999998,441,217
0,DOT,crypto,hyperliquid,DOT,1.1552,1.731451822353236,40783.662280000004,44741.908579999996,89095.49801,78826.16956,551,191
0,TIA,crypto,hyperliquid,TIA,0.43067,0.9288285150366171,8765.31408,2641.89905,26451.676215,29823.515217,554,191
0,ADA,crypto,hyperliquid,ADA,0.242745,1.2359411691997835,76998.62685,128284.60609999999,76998.62685,128284.60609999999,599,190
0,PENDLE,crypto,hyperliquid,PENDLE,2.32005,2.155358220536918,19267.7953,9588.6979,22129.7567,32174.0574,626,184
0,NEAR,crypto,hyperliquid,NEAR,4.66425,0.2143990394909423,265281.55095,61995.948300000004,265281.55095,61995.948300000004,735,183
0,NEAR,crypto,lighter,10,4.665935,2.0362407994056753,34938.458504,85369.256655,968006.599443,1489405.965328,,219
0,PYTH,crypto,hyperliquid,PYTH,0.08017099999999999,1.9959332859298407,2994.254292,6202.319437,15489.563341,48260.967767,788,187
0,JUP,crypto,hyperliquid,JUP,0.32574000000000003,3.6845983787747727,16523.76809,7152.21347,16718.35813,17802.299039999998,811,184
0,JTO,crypto,hyperliquid,JTO,0.5439350000000001,0.91926973212475,35249.69342,5467.37619,46417.390810000004,10909.65574,372,186
0,WIF,crypto,hyperliquid,WIF,0.23122,2.5952679614182905,9914.54681,14067.16036,73186.6918,44428.87249,414,188
0,ONDO,crypto,hyperliquid,ONDO,0.50909,1.571554857087154,34942.17416,36819.68709,34942.17416,36819.68709,422,183
0,STRK,crypto,hyperliquid,STRK,0.041800000000000004,4.785833931562067,2423.1298269999998,5296.406620000001,57182.727309,93655.239363,452,190
0,TAO,crypto,hyperliquid,TAO,301.775,0.9941675503721825,23292.92518,44065.46632,23677.6009,44065.46632,565,192
0,ETHFI,crypto,hyperliquid,ETHFI,0.68485,0.8761426360215374,5413.308099,5968.957142,7410.033815,12519.740653,611,196
0,ENA,crypto,hyperliquid,ENA,0.250135,2.7988804478207285,46429.82306,70089.06611,54552.14992,77318.78946,614,191
0,ENA,crypto,lighter,29,0.25022,3.1976976576841842,126979.79159499999,60516.322482,1363596.193614,1077979.30604,,222
0,HBAR,crypto,hyperliquid,HBAR,0.11885,1.6829350387070896,18103.44786,24904.33193,58743.45054,201533.63754,748,182
0,EIGEN,crypto,hyperliquid,EIGEN,0.24855,4.024144869214652,3770.7071969999997,871.484204,51163.882201,29569.729409,804,192
0,GRASS,crypto,hyperliquid,GRASS,0.651295,2.6105250226504673,5550.381182,1795.6534940000001,15902.218269,7939.510534,273,196
0,PURR,crypto,hyperliquid,PURR,0.13942500000000002,6.457167455875545,445.14454,377.56471,914.98363,1121.10001,336,196
0,PURR,spot,hyperliquid,PURR/USDC,0.139195,12.220544892529439,160.36305000000002,447.40081,3035.62763,47692.03834,453,241
0,XLM,crypto,hyperliquid,XLM,0.22662,2.6479544551816225,74501.73711,35070.97131,88124.02472,40169.90129,466,198
0,HYPE,crypto,hyperliquid,HYPE,86.8175,0.11518481403571812,160268.41796,92767.56567,160268.41796,92767.56567,459,185
0,HYPE,spot,hyperliquid,@107,86.8495,0.11514237354459667,104249.12444,149235.73235,104249.12444,149235.73235,563,226
0,HYPE,crypto,lighter,24,86.80754999999999,0.6566464719082177,962958.8534070001,742043.740777,2271676.530132,1645591.614132,,214
0,VIRTUAL,crypto,hyperliquid,VIRTUAL,0.802675,1.1213136812737723,11273.009381,6418.113539,12860.97927,7876.621760999999,651,191
0,PENGU,crypto,hyperliquid,PENGU,0.009179,2.179123992156473,22234.342016000002,32514.317189999998,77544.161395,83658.115288,655,188
0,FARTCOIN,crypto,hyperliquid,FARTCOIN,0.16413,1.2186205215702905,9759.246211,31683.681348,35636.986574,80347.765811,244,197
0,SPX,crypto,hyperliquid,SPX,0.40537,3.9477904710216727,2210.450103,11956.400561,12338.924965,13475.841256,325,190
0,MORPHO,crypto,hyperliquid,MORPHO,2.4427000000000003,2.4566000655079634,5377.36152,6654.4316,14722.73362,21790.5743,328,189
0,TRUMP,crypto,hyperliquid,TRUMP,1.9643,1.0182262498736883,36434.86436,85503.35975,62933.70347,102537.16797,336,184
0,VVV,crypto,hyperliquid,VVV,26.865499999999997,0.3722315280119126,409575.00259000005,9029.356029999999,425374.92287000007,13670.44701,443,198
0,PAXG,crypto,hyperliquid,PAXG,4145.25,0.2412428833364899,266218.304,262045.7891,266218.304,262045.7891,518,191
0,SYRUP,crypto,hyperliquid,SYRUP,0.22703,4.405674508767277,1975.9904099999999,2625.78053,24310.24913,15535.05384,521,192
0,PUMP,crypto,hyperliquid,PUMP,0.004824500000000001,2.0729684908782353,39447.10172,55850.373782,317467.96538199997,253990.399268,524,187
0,PUMP,crypto,lighter,45,0.0048235,2.073398299813345,56462.55591699999,121090.12846299999,1001755.021634,1010205.290809,,49
0,XPL,crypto,hyperliquid,XPL,0.0959245,0.10424919728135862,5405.7736159999995,9272.090069,5405.7736159999995,9572.251714999999,678,184
0,SKY,crypto,hyperliquid,SKY,0.0776975,3.4756191751195153,3828.369963,4066.389317,12841.413475,10099.46257,713,194
0,ASTER,crypto,hyperliquid,ASTER,0.703715,1.563254981100659,24624.84003,28314.53461,24624.84003,28314.53461,708,186
0,ZEC,crypto,hyperliquid,ZEC,1376.05,0.7267441860459023,435969.78800000006,557200.751,1127341.251,1476918.132,711,186
0,ZEC,crypto,lighter,90,1376.946,0.8424795626083004,539600.518484,517850.72239899996,3989728.789318,4001957.515422,,215
0,MON,crypto,hyperliquid,MON,0.027258499999999998,0.36686477364433756,19597.398705,5469.109136,23552.910171,9726.544396,360,207
0,CC,crypto,hyperliquid,CC,0.133285,2.251069257896976,6393.83724,8554.53822,32374.183040000004,39463.052520000005,342,186
0,ICP,crypto,hyperliquid,ICP,3.21305,4.669551411762285,9086.08166,8953.14733,20094.72104,42371.33969,349,190
0,AERO,crypto,hyperliquid,AERO,0.8264750000000001,0.12099652739960831,4062.9876200000003,6646.94475,4062.9876200000003,6646.94475,528,189
0,LIT,crypto,hyperliquid,LIT,4.357150000000001,2.524904742229328,14165.798999999999,23119.84,14165.798999999999,23119.84,537,193
0,LIT,crypto,lighter,120,4.35405,1.6078278246101085,25078.204012,57621.427838999996,308207.192308,278663.34652099997,,221
0,XMR,crypto,hyperliquid,XMR,540.345,0.18506866047207637,30244.190609999998,29396.023930000003,33384.34968,34829.91471,548,187
0,DASH,crypto,hyperliquid,DASH,59.9705,2.835128914979723,7342.595,43296.54952,19096.4713,52163.32765,720,191
0,SKR,crypto,hyperliquid,SKR,0.0183095,0.5461794745764692,38216.08113,1565.96178,53923.160986999996,11105.7825,726,188
0,AZTEC,crypto,hyperliquid,AZTEC,0.0183715,4.9000925573028375,3438.5324189999997,2459.823282,18160.129618,31921.184703,740,191
0,CHIP,crypto,hyperliquid,CHIP,0.0427225,0.23407143860065815,2520.318744,4685.13263,17514.242271,20535.518559,760,188
0,GRAM,crypto,hyperliquid,GRAM,1.55105,0.6447453255953306,15963.7025,30500.9768,29532.5475,53467.1234,468,287
0,CASHCAT,crypto,hyperliquid,CASHCAT,0.17052499999999998,4.105812657633212,373.21560999999997,4107.45378,4159.41259,9623.76215,464,276
0,PONS,crypto,hyperliquid,PONS,0.526725,0.18985419198092046,17205.469670000002,7907.63614,23674.77119,11793.72789,414,213
0,USELESS,crypto,hyperliquid,USELESS,0.23286,1.7179178835258213,2883.31481,2821.20492,7240.63009,14091.9031,417,196
0,US100,indices,hyperliquid,xyz:XYZ100,30185.5,0.3312903760144259,3902552.8255000003,4100228.2576,3902552.8255000003,4100228.2576,606,190
0,US100,indices,lighter,181,30184.5,0.993936984394761,1046320.569848,1120696.624931,3035350.124005,3017456.9360330002,,57
0,TSLA,stocks,hyperliquid,xyz:TSLA,357.245,0.27992386070874176,262501.15708,159448.80895,262501.15708,159448.80895,658,193
0,TSLA,stocks,lighter,112,357.335,0.2798533568415529,252203.65198599998,300941.045094,996469.529465,982793.358418,,210
0,NVDA,stocks,hyperliquid,xyz:NVDA,228.445,0.4377517072318149,794144.73884,531378.90417,794144.73884,531378.90417,661,183
0,NVDA,stocks,lighter,110,228.562,0.7875634973064649,664082.606605,674225.046642,1629190.1839979999,1549178.538979,,203
0,XAU,commodities,hyperliquid,xyz:GOLD,4136.35,0.2417619611727595,1061501.9792,1214313.6032099999,1061501.9792,1214313.6032099999,844,185
0,XAU,commodities,lighter,92,4138.825,0.797359531830022,705594.007602,1196816.669607,3898108.118989,2669223.729663,,235
0,HOOD,stocks,hyperliquid,xyz:HOOD,115.555,2.596503375453807,158190.3998,212150.29636,311303.77741,314218.06936,570,428
0,INTC,stocks,hyperliquid,xyz:INTC,114.36,1.7490161784006197,311322.8657,796059.7512,672688.8389,1029517.558,460,187
0,PLTR,stocks,hyperliquid,xyz:PLTR,186.695,0.5356473297979392,113076.14125,104818.35123,140884.31803,148072.76166,537,231
0,COIN,stocks,hyperliquid,xyz:COIN,191.315,1.5682174594888743,76526.18488,94209.85549,87497.92954,140797.85676,549,190
0,META,stocks,hyperliquid,xyz:META,715.3050000000001,0.6990269544804306,254993.1094,122431.06397,254993.1094,122431.06397,650,189
0,META,stocks,lighter,117,715.675,0.13972920479998763,337333.504675,121721.910732,873270.370847,826659.331537,,215
0,AAPL,stocks,hyperliquid,xyz:AAPL,337.35,0.5928736586247041,153576.19352,201159.72718,153576.19352,201159.72718,751,201
0,AAPL,stocks,lighter,113,337.3165,0.8597636539353637,206446.190109,243308.974929,1154347.839235,875294.040174,,68
0,MSFT,stocks,hyperliquid,xyz:MSFT,507.69000000000005,1.1818933932161713,284947.83367,59499.668900000004,284947.83367,59499.668900000004,832,191
0,MSFT,stocks,lighter,115,507.98,1.1812186238802092,139062.592397,74348.725164,828329.775516,551831.534084,,206
0,ORCL,stocks,hyperliquid,xyz:ORCL,132.865,0.7526719855488473,202310.94854,79031.29186,346783.23137,128653.96591,402,198
0,GOOGL,stocks,hyperliquid,xyz:GOOGL,342.08500000000004,0.8770134767743798,159859.02326,165686.72853,159859.02326,165686.72853,417,211
0,GOOGL,stocks,lighter,116,342.26,1.1687704534812937,127081.319834,153706.175139,957652.0962500001,781886.676333,,49
0,AMZN,stocks,hyperliquid,xyz:AMZN,246.13,0.8126117341133998,151573.4445,128537.20103,151573.4445,128537.20103,497,185
0,AMZN,stocks,lighter,114,246.203,0.40617714197388466,169221.383023,146478.746033,933467.885965,830589.758167,,53
0,AMD,stocks,hyperliquid,xyz:AMD,605.6700000000001,1.6512004227076105,90448.82976000001,40511.93599,90448.82976000001,40511.93599,583,193
0,MU,stocks,hyperliquid,xyz:MU,1051.85,0.9507510933648433,767911.412,823154.8086,1545010.7687,1929146.9321,587,185
0,SNDK,stocks,hyperliquid,xyz:SNDK,1700.15,0.588200694078278,934155.8984000001,1229113.5871000001,1329215.5324000001,1585481.5895,630,212
0,SNDK,stocks,hyperliquid,io:SNDK,1700.65,1.7641870038231922,31325.277869999998,98813.49554,56797.237669999995,283602.47133,695,196
0,SNDK,stocks,lighter,139,1700.12,0.7058574403262519,378373.520382,303098.623744,2588480.345577,2643499.009031,,55
0,MSTR,stocks,hyperliquid,xyz:MSTR,156.04500000000002,0.6408613176112077,107583.12637999999,272139.55773,210831.08995999998,341087.96106,768,180
0,CRCL,stocks,hyperliquid,xyz:CRCL,85.178,1.408913727516392,53935.194304000004,76356.03765,53935.194304000004,76356.03765,829,198
0,NFLX,stocks,hyperliquid,xyz:NFLX,69.2695,0.43310042155075834,20458.748348,20327.048356,21240.917324,20327.048356,823,182
0,LLY,stocks,hyperliquid,xyz:LLY,1186.8,3.3709758975231097,43753.85375,16120.515650000001,91480.36362,60531.36212,360,200
0,SKHX,stocks,hyperliquid,xyz:SKHX,1295.5,1.5439246564752374,708900.0731,1141405.801,1472041.5054000001,2026013.05,417,184
0,TSM,stocks,hyperliquid,xyz:TSM,448.19000000000005,1.3388075687248424,37609.53064,65762.6488,62444.709989999996,65762.6488,476,187
0,USDJPY,fx,hyperliquid,xyz:JPY,157.29500000000002,1.9074262461860059,488232.44430000003,627209.931,563340.3363,938373.1067,480,186
0,USDJPY,fx,lighter,98,157.2255,3.2442748091621176,35757.135052,70457.839572,877665.324107,2607158.567424,,47
0,EURUSD,fx,hyperliquid,xyz:EUR,1.13685,0.8796622097118068,308819.66096,85043.13726999999,657530.42805,368170.97225,600,190
0,EURUSD,fx,lighter,96,1.137695,0.08789740614689734,83752.264616,63456.523531000006,1935083.686653,2252005.836058,,208
0,XAG,commodities,hyperliquid,xyz:SILVER,60.6415,0.16490493230714165,809307.5566,939540.5542799999,809307.5566,939540.5542799999,666,188
0,XAG,commodities,lighter,93,60.67645,0.5438831277571055,1216253.892563,822666.182428,2846580.169918,2475232.19044,,201
0,BABA,stocks,hyperliquid,xyz:BABA,107.78,1.855804027095509,68331.00706,47289.01031,239167.33462,153061.78497,798,196
0,WTI,commodities,hyperliquid,xyz:CL,93.971,0.6385152392307525,209148.97490899998,582046.794921,209148.97490899998,582046.794921,813,185
0,WTI,commodities,lighter,145,93.959,0.425726662196535,529982.606315,401515.8543,1647661.338112,1458054.133266,,53
0,COPPER,commodities,hyperliquid,xyz:COPPER,6.61965,1.3596809282079292,43418.37216,58198.026518,43418.37216,58198.026518,391,237
0,NATGAS,commodities,hyperliquid,xyz:NATGAS,3.1367,1.2753068707160864,90712.60137,84417.30527,90712.60137,84417.30527,395,203
0,SMSN,stocks,hyperliquid,xyz:SMSN,199.63,2.0039076198585803,88810.60947,152593.24,113142.13962,155228.05536,459,190
0,XPT,commodities,hyperliquid,xyz:PLATINUM,1705.6,1.1726766344177797,40404.79865,57413.74645,75957.59606,58879.4072,475,192
0,USAR,stocks,hyperliquid,xyz:USAR,14.4755,2.0726820505734267,7881.77614,4973.52477,33992.902070000004,11837.84865,580,187
0,CRWV,stocks,hyperliquid,xyz:CRWV,84.3355,1.067223203803369,82211.0557,15578.60143,82211.0557,15578.60143,578,182
0,GME,stocks,hyperliquid,xyz:GME,23.915,3.3457404541836766,9660.23112,20975.03552,21233.34856,31597.38819,652,192
0,SOFTBANK,stocks,hyperliquid,xyz:SOFTBANK,38.397,13.030334618993056,12251.027265,7916.931675,186099.087503,205387.613257,667,191
0,JP225,indices,hyperliquid,xyz:JP225,65319.0,8.883443100016208,8377.57244,355373.61547,15227.2761,362963.26509,810,231
0,KIOXIA,stocks,hyperliquid,xyz:KIOXIA,112.535,6.222222222220797,124.39066,5109.87372,12753.66361,183682.53388,768,186
0,EWY,stocks,hyperliquid,xyz:EWY,183.81,1.0881392818262725,277262.57548,274667.02425,290416.44391,304518.25506,306,198
0,BRENTOIL,commodities,hyperliquid,xyz:BRENTOIL,99.5565,1.1049612761304672,356438.42016000004,204129.87396,356438.42016000004,204129.87396,314,191
0,BRENTOIL,commodities,lighter,159,99.5,2.0102522866638495,567123.1181740001,529715.893231,2062284.713713,1739889.783277,,208
0,HIMS,stocks,hyperliquid,xyz:HIMS,28.693,6.275275414866499,9097.75036,1702.27411,19184.4405,9704.526530000001,458,192
0,US500,indices,hyperliquid,xyz:SP500,7667.95,0.13041380299672056,1799215.6903000001,1329689.4960999999,1799215.6903000001,1329689.4960999999,489,181
0,US500,indices,hyperliquid,mkts:US500,764.25,0.26169789594909787,36792.08973,43326.78728,36792.08973,43326.78728,496,180
0,US500,indices,lighter,180,7669.700000000001,1.0431199718352602,856995.932075,739234.252897,13755295.570477,13699527.810622,,210
0,LITE,stocks,hyperliquid,xyz:LITE,914.94,1.9675356615822537,74325.63006,72745.27782,74325.63006,72745.27782,651,192
0,PURRDAT,stocks,hyperliquid,xyz:PURRDAT,12.031500000000001,10.8108108108107,877.633,2202.954,5427.565,64043.15,678,187
0,MRVL,stocks,hyperliquid,xyz:MRVL,250.185,1.1991845545034074,164206.8455,168697.1188,164206.8455,168697.1188,681,183
0,RKLB,stocks,hyperliquid,xyz:RKLB,71.864,2.2266755733690857,60274.854849999996,32099.5566,138279.39659,47983.03122,831,187
0,DRAM,stocks,hyperliquid,xyz:DRAM,60.034,0.6663113006410981,157609.61190000002,94466.6671,157609.61190000002,94466.6671,303,189
0,CBRS,stocks,hyperliquid,xyz:CBRS,197.45,2.026034543889388,36735.5849,72940.582,83501.4236,130200.9796,367,225
0,ARM,stocks,hyperliquid,xyz:ARM,282.345,2.4795437639468787,45169.8695,33367.7217,123575.5135,83254.2478,332,187
0,GBPUSD,fx,hyperliquid,xyz:GBP,1.3245,6.041839740200672,148654.0772,143160.8789,401619.0453,458232.34479999996,482,188
0,GBPUSD,fx,lighter,97,1.324505,1.1325626873448513,59993.202449000004,25533.911998999996,2510442.183687,2292875.423739,,218
0,SPCX,stocks,hyperliquid,xyz:SPCX,145.805,0.6858710562407389,1579616.9762,1341343.8013,2050231.1699,2071661.575,529,196
0,SPCX,stocks,lighter,194,145.84,1.371459919081719,718487.464487,683337.288514,1263990.811874,1186692.795119,,214
0,MINIMAX,stocks,hyperliquid,xyz:MINIMAX,31.535,2.5371856268452397,25853.32561,13932.14877,63566.37569,23533.52137,674,191
0,BB,stocks,hyperliquid,xyz:BB,8.73205,3.5507702880699377,24796.01668,8218.87458,49658.02544,24623.085759999998,729,205
0,QNT,stocks,hyperliquid,xyz:QNT,49.044,11.016586082379654,2405.2902900000004,835.81051,3738.0843700000005,2709.70381,706,176
0,DELL,stocks,hyperliquid,xyz:DELL,540.3,2.591488810321785,36786.060600000004,16314.073699999999,36786.060600000004,16314.073699999999,769,184
0,AVGO,stocks,hyperliquid,xyz:AVGO,348.735,2.007456266130969,160399.7713,42458.4118,160399.7713,60009.072,865,190
0,NBIS,stocks,hyperliquid,xyz:NBIS,229.86,1.7403411068572794,46332.3528,163167.2324,70921.1498,175415.4539,292,191
0,NBIS,stocks,hyperliquid,io:NBIS,230.04500000000002,3.043345941482478,4878.700699999999,12678.855699999998,5200.4041,55249.2004,310,186
0,WDC,stocks,hyperliquid,xyz:WDC,451.355,2.437403057833354,4027.46766,10691.729449999999,17989.59883,34754.588429999996,401,237
0,BE,stocks,hyperliquid,xyz:BE,261.75,1.528292515184937,36296.8302,44627.9066,53322.084,78795.2446,455,195
0,ZHIPU,stocks,hyperliquid,xyz:ZHIPU,79.03,3.5435861091404064,30501.359473,38988.822613000004,62104.159753,57069.164029,492,199
0,QCOM,stocks,hyperliquid,xyz:QCOM,186.95499999999998,1.60479298170646,19217.0959,8235.4188,69591.9504,38812.6103,505,194
0,STRC,stocks,hyperliquid,xyz:STRC,99.1075,4.339664533838938,4516.9261,4808.6238,139549.62459999998,143742.3998,591,189
0,AMAT,stocks,hyperliquid,xyz:AMAT,482.04,5.395198273536739,39139.362460000004,25661.12669,57912.145990000005,30580.997600000002,642,186
0,SKHY,stocks,hyperliquid,xyz:SKHY,182.535,0.5478551470994297,548430.8213,569572.0525,596721.8414,673757.7804,685,192
0,CXMT,stocks,hyperliquid,xyz:CXMT,8.20565,2.3157458529854402,25493.03374,29107.51262,87732.66951,129302.15298999999,697,190
0,KORU,stocks,hyperliquid,xyz:KORU,20.4055,1.4702999411886353,70532.4419,64712.2275,187871.0034,194219.5964,788,195
0,UNITREE,stocks,hyperliquid,xyz:UNITREE,67.79050000000001,0.14751438265125927,21360.29991,19084.40233,21360.29991,19084.40233,291,183
0,SOXL,stocks,hyperliquid,xyz:SOXL,139.365,2.1528525296021783,246515.8313,117491.5521,374572.9979,510174.0953,341,190
0,IREN,stocks,hyperliquid,xyz:IREN,41.585,2.886072296111042,332.55600000000004,17584.8945,332.55600000000004,39032.8897,351,187
0,AAOI,stocks,hyperliquid,xyz:AAOI,95.6505,1.7774617845733864,3919.83563,11540.97677,11881.86681,12044.66513,441,187
0,MRNA,stocks,hyperliquid,xyz:MRNA,195.385,2.559377559376852,43498.0972,39497.264,153938.2525,204923.9449,486,194
0,BMNR,stocks,hyperliquid,xyz:BMNR,26.823999999999998,3.7286998023788875,854.7900500000001,15988.27156,18915.35565,37427.32588,540,197
0,US10Y,rates,hyperliquid,para:10Y,5.250249999999999,5.143934919698001,27023.8946,1517.42499,98136.85728,162026.53026,543,191
0,US10Y,rates,lighter,227,95.22,4.201680672268893,119999.865812,3520.3846919999996,1122672.925526,972530.334057,,209
0,30Y,unclassified,hyperliquid,para:30Y,5.5555,1.8001800180034166,36499.007,1999.6044,76237.39177999999,75259.73965999999,682,195
0,2Y,unclassified,hyperliquid,para:2Y,4.889950000000001,290.24896265560153,0,0,62076.14517,82471.41486,728,187
0,USTECH,indices,hyperliquid,mkts:USTECH,733.99,1.635033313804879,27390.35195,33461.8336,27390.35195,33461.8336,725,180
0,OAI,preipo,hyperliquid,io:OAI,1625.1999999999998,1.2306934957861948,2980.5371,4578.3792,5336.9684,62812.2633,333,205
0,ANTH,preipo,hyperliquid,io:ANTH,2056.65,1.4587892049600093,6514.5572,11031.1251,10290.174500000001,11535.5556,354,196
1,BTC,crypto,hyperliquid,BTC,83065.5,0.1203876482280819,4064163.12133,4213249.03056,4064163.12133,4213249.03056,823,200
1,BTC,spot,hyperliquid,@142,83071.5,0.12037895294358947,649332.36601,597128.19815,649332.36601,597128.19815,316,202
1,BTC,crypto,lighter,1,83055.15,0.42141561934938565,2629061.670148,2419896.1034130002,2629061.670148,2419896.1034130002,,65
1,ETH,crypto,hyperliquid,ETH,2666.75,0.37499531255980045,7168214.93875,8873943.00042,7168214.93875,8873943.00042,309,194
1,ETH,spot,hyperliquid,@151,2664.55,0.3753049352606119,406226.03498,412600.72068,406226.03498,412600.72068,402,218
1,ETH,crypto,lighter,0,2665.76,0.300106537822753,4985663.115975,2680127.027189,4985663.115975,2680127.027189,,218
1,SOL,crypto,hyperliquid,SOL,117.785,0.8490405841410364,2247607.3111,2620032.1722999997,3941696.6686,4670850.3538,507,193
1,SOL,spot,hyperliquid,@156,117.745,0.8493290300659595,186764.03602,178089.75417,315226.17597,352121.27618,510,193
1,SOL,crypto,lighter,2,117.7525,1.2739394454119868,1486824.981647,1151567.967842,2895694.335322,2976684.649349,,226
1,AVAX,crypto,hyperliquid,AVAX,10.439499999999999,0.9579461634245945,65010.632509999996,63321.76459,214584.65637,148506.19616,694,186
1,BNB,crypto,hyperliquid,BNB,758.885,0.1317731393624122,103449.95669,79446.76092,103449.95669,79446.76092,716,204
1,OP,crypto,hyperliquid,OP,0.130145,0.7684032580290712,19223.006676,16935.142754,56758.397032,76809.26781800001,719,190
1,LTC,crypto,hyperliquid,LTC,67.8995,0.14727757404520148,39991.47036,41482.59767,39991.47036,41482.59767,308,195
1,ARB,crypto,hyperliquid,ARB,0.197045,0.5075111652463882,33926.384904,19438.583412,46933.847526,38601.137177000004,412,235
1,DOGE,crypto,hyperliquid,DOGE,0.0931965,0.7511293766704341,152125.913038,158573.665556,152125.913038,158573.665556,422,222
1,SUI,crypto,hyperliquid,SUI,1.11835,0.8942144326207213,97114.32599,102824.87181,246904.85288999998,349509.00075999997,419,216
1,CRV,crypto,hyperliquid,CRV,0.38827500000000004,0.2575527339221395,7216.650332,22008.360316000002,41624.294063,48352.465444,502,193
1,LDO,crypto,hyperliquid,LDO,0.43408,3.2257321259865357,12661.569662,49601.00716,14060.529653,49601.00716,611,198
1,LINK,crypto,hyperliquid,LINK,14.875499999999999,0.6722689075622235,117121.6478,146503.2757,163060.048,169287.8036,618,198
1,XRP,crypto,hyperliquid,XRP,1.48935,0.671456388907643,1292063.3880999999,826359.5403999999,1997776.777,1489003.9251,622,199
1,XRP,crypto,lighter,7,1.488426,1.9351171350590057,342646.153157,464721.608496,7588207.459529,7054251.856842,,48
1,BCH,crypto,hyperliquid,BCH,305.6,1.3089861901960376,35976.713410000004,55159.253419999994,35976.713410000004,55159.253419999994,746,193
1,APT,crypto,hyperliquid,APT,0.8219,2.433682161109285,28119.658193000003,5094.854849,123938.18163,61556.896689999994,803,190
1,AAVE,crypto,hyperliquid,AAVE,147.985,2.0274379941875864,64019.773499999996,75809.3762,100405.2233,293851.1814,807,188
1,WLD,crypto,hyperliquid,WLD,0.47535,0.8415206277745391,42099.560047,80170.179009,42099.560047,80170.179009,806,183
1,WLD,crypto,lighter,6,0.47546,2.5241901556594115,10005.08978,61356.289172000004,1042667.633598,943889.399586,,241
1,TRX,crypto,hyperliquid,TRX,0.33421500000000004,0.8976660682225024,49236.25097,43508.25981,49236.25097,43508.25981,462,196
1,UNI,crypto,hyperliquid,UNI,8.59985,0.11628177399414241,6611.70294,24491.180669999998,6611.70294,24491.180669999998,455,185
1,SEI,crypto,hyperliquid,SEI,0.074436,4.031120248317865,15776.094105,25371.776035,28107.081087,40461.974736,458,186
1,ZRO,crypto,hyperliquid,ZRO,1.5195,1.3163090693701918,4793.16086,18584.93679,27689.42793,38036.65335,636,184
1,DOT,crypto,hyperliquid,DOT,1.1553499999999999,0.8655760408560198,46050.666320000004,45222.30684,74124.86815,76087.07579,646,190
1,TIA,crypto,hyperliquid,TIA,0.43098499999999995,0.2320293285063002,8141.975613,2444.950212,33381.965674,37199.601285,648,188
1,ADA,crypto,hyperliquid,ADA,0.242865,1.235330450894967,76695.43336,191619.93789,76695.43336,191619.93789,643,180
1,PENDLE,crypto,hyperliquid,PENDLE,2.32815,3.0071311968393744,14271.1229,12208.0964,23200.6238,24321.8518,285,197
1,NEAR,crypto,hyperliquid,NEAR,4.66455,0.21438525029449096,255656.19444,41934.75751,255656.19444,41934.75751,288,193
1,NEAR,crypto,lighter,10,4.667965000000001,1.9925013390453827,44253.622894,77202.238794,971228.404425,1602572.6868740001,,60
1,PYTH,crypto,hyperliquid,PYTH,0.079912,6.759717093320905,2968.9061220000003,1548.055854,24054.208886,13970.511021,282,182
1,JUP,crypto,hyperliquid,JUP,0.325665,2.763957987836907,17717.34414,8391.52279,26870.503640000003,11989.26403,353,194
1,JTO,crypto,hyperliquid,JTO,0.543805,0.1838911364493434,26196.87457,4392.17806,26196.87457,13116.19142,473,190
1,WIF,crypto,hyperliquid,WIF,0.23132999999999998,1.729281051403575,8778.64255,10629.91049,13884.50654,47839.39151,477,190
1,ONDO,crypto,hyperliquid,ONDO,0.50901,1.1788282447255938,49554.45582,38453.70603,49554.45582,38453.70603,475,185
1,STRK,crypto,hyperliquid,STRK,0.041685,2.3992322456800608,3554.823122,4900.788491,90898.45007400001,97843.09254,539,185
1,TAO,crypto,hyperliquid,TAO,301.825,0.33132330528040654,38922.54642,71045.26348000001,38922.54642,109230.01422000001,657,183
1,ETHFI,crypto,hyperliquid,ETHFI,0.685325,1.021465365027563,5290.533014,6930.122745,7269.594108,15913.937652,666,190
1,ENA,crypto,hyperliquid,ENA,0.25011,3.999040230344697,48537.87742,65619.94442,55412.27974,91432.25445,669,191
1,ENA,crypto,lighter,29,0.25021000000000004,2.3982732432648035,117981.540618,117163.255405,1379087.90768,1132013.627426,,210
1,HBAR,crypto,hyperliquid,HBAR,0.118815,0.8416799932664532,19852.02608,20503.82934,74700.46933,205674.32639,315,189
1,EIGEN,crypto,hyperliquid,EIGEN,0.24875,4.020908725370642,1478.5265,1598.641428,30347.027644,38710.024587,376,241
1,GRASS,crypto,hyperliquid,GRASS,0.652415,2.6060429537189123,4232.0152499999995,995.3783910000001,17421.226631999998,4685.646183,317,179
1,PURR,crypto,hyperliquid,PURR,0.13935,4.306632213608719,298.04728,473.00021,1042.36538,1191.29269,407,188
1,PURR,spot,hyperliquid,PURR/USDC,0.13908500000000001,7.911961447171212,247.6876,387.97568,2132.96539,51543.53234,531,215
1,XLM,crypto,hyperliquid,XLM,0.22657500000000003,1.324152542372392,41949.5101,38423.20984,74832.07537,50776.5473,523,204
1,HYPE,crypto,hyperliquid,HYPE,86.7895,0.11522197513658128,42718.3688,189415.84297,42718.3688,189415.84297,577,200
1,HYPE,spot,hyperliquid,@107,86.812,1.8432330307338596,59724.74815,235600.96889,59724.74815,235600.96889,601,193
1,HYPE,crypto,lighter,24,86.77505,0.8873912081419633,851153.995461,821816.174874,2354726.65541,2109799.323578,,56
1,VIRTUAL,crypto,hyperliquid,VIRTUAL,0.8025450000000001,0.623037432088136,10892.802126999999,5960.090998,16319.136160999999,5960.090998,723,191
1,PENGU,crypto,hyperliquid,PENGU,0.0091825,1.089087344805506,14111.068301,38349.306962,74051.455446,173722.319024,776,198
1,FARTCOIN,crypto,hyperliquid,FARTCOIN,0.16418500000000003,1.8273740634699998,13924.958088,22521.754165,39137.05237,60236.777092000004,766,184
1,SPX,crypto,hyperliquid,SPX,0.40552,2.9596014403399096,2912.837859,7724.141748,12402.705421,20098.572765,788,186
1,MORPHO,crypto,hyperliquid,MORPHO,2.4427000000000003,2.4566000655079634,6348.07461,6705.81923,13985.111490000001,17099.87321,390,194
1,TRUMP,crypto,hyperliquid,TRUMP,1.96535,0.5088281687282148,37914.08919,61888.35213000001,64475.85536,64578.68621,464,224
1,VVV,crypto,hyperliquid,VVV,26.872500000000002,0.3721345638596496,411888.48752,2531.02896,416166.04202,9069.73683,470,221
1,PAXG,crypto,hyperliquid,PAXG,4144.45,0.2412894508263541,183280.1239,354757.971,183280.1239,354757.971,446,185
1,SYRUP,crypto,hyperliquid,SYRUP,0.226995,3.96563119629878,2256.03974,1268.4798600000001,19455.99675,17909.39491,574,183
1,PUMP,crypto,hyperliquid,PUMP,0.0048265,2.0721094073761215,43070.365478,31520.169942,324906.698013,319263.69336800004,635,187
1,PUMP,crypto,lighter,45,0.004825,4.145936981758691,64392.067289,93643.885169,1070343.24651,983753.168727,,49
1,XPL,crypto,hyperliquid,XPL,0.09592149999999999,0.10425245775103065,8032.741816,4412.935256,8032.741816,4412.935256,657,186
1,SKY,crypto,hyperliquid,SKY,0.077761,5.917311996708197,6340.646001,3011.067195,12845.574565,17286.296458,709,194
1,ASTER,crypto,hyperliquid,ASTER,0.70378,1.4209995310698886,25354.0688,28172.19931,25354.0688,28172.19931,760,185
1,ZEC,crypto,hyperliquid,ZEC,1376.45,0.7265329845962398,554556.104,523887.28,1039396.531,1075828.24,277,191
1,ZEC,crypto,lighter,90,1377.6065,0.6315500634079818,413658.457798,419458.576625,4472052.031757,4084811.7830290003,,258
1,MON,crypto,hyperliquid,MON,0.027268,2.2006235099936156,15164.672944,5965.274771,23028.208418,6449.369331,353,192
1,CC,crypto,hyperliquid,CC,0.133325,2.250393818916674,14344.68257,11438.09794,39820.95964,39254.69877,400,189
1,ICP,crypto,hyperliquid,ICP,3.2235500000000004,4.0336343045077605,8622.0988,15107.35827,18951.98115,40034.65677,542,264
1,AERO,crypto,hyperliquid,AERO,0.82519,0.7271317077894857,2649.38572,6268.68922,2649.38572,6268.68922,509,1215
1,LIT,crypto,hyperliquid,LIT,4.3567,1.836420815830575,9723.7859,19566.1207,9723.7859,19566.1207,545,177
1,LIT,crypto,lighter,120,4.35365,0.6891007235543256,24806.295905,48068.309823999996,240895.28943,342971.511235,,54
1,XMR,crypto,hyperliquid,XMR,540.5,1.4802205528607892,10020.58512,13893.16553,10020.58512,13893.16553,675,219
1,DASH,crypto,hyperliquid,DASH,60.010999999999996,2.333177788147456,10735.80734,42654.74202,20489.36107,180570.23393999998,739,196
1,SKR,crypto,hyperliquid,SKR,0.0183135,2.730599093438979,6677.640501,2260.907108,16379.908285,7616.747641,752,206
1,AZTEC,crypto,hyperliquid,AZTEC,0.0184005,5.979885838540699,893.929472,2484.998842,33091.208198,31668.259089,372,235
1,CHIP,crypto,hyperliquid,CHIP,0.0427615,4.444236526948142,3097.424872,4159.836945,15821.416438,20179.897102,393,192
1,GRAM,crypto,hyperliquid,GRAM,1.5514000000000001,3.868222551739464,15959.559799999999,17736.6813,36363.2414,53457.3046,398,184
1,CASHCAT,crypto,hyperliquid,CASHCAT,0.171315,6.422982599556537,2027.9832000000001,3364.61525,9663.85769,12589.140239999999,569,196
1,PONS,crypto,hyperliquid,PONS,0.52755,3.41258104879838,17876.84734,6113.002570000001,20469.16397,25161.95352,574,180
1,USELESS,crypto,hyperliquid,USELESS,0.232905,0.42936882782340646,3974.95049,5348.65139,12291.09128,11021.252410000001,600,201
1,US100,indices,hyperliquid,xyz:XYZ100,30179.5,0.3313562410944826,3864646.5576,3480543.0677,3864646.5576,3480543.0677,764,194
1,US100,indices,lighter,181,30180.0,0.6627124821889652,1254668.0158,1112739.881156,3082295.005386,2635075.932478,,209
1,TSLA,stocks,hyperliquid,xyz:TSLA,357.20500000000004,0.8398891346339532,286027.6225,155967.48399,286027.6225,155967.48399,788,187
1,TSLA,stocks,lighter,112,357.28,0.5598007109486325,266637.931355,167048.413008,1010379.218768,949253.958566,,53
1,NVDA,stocks,hyperliquid,xyz:NVDA,228.39999999999998,0.8756950829735821,901070.08375,752362.19865,901070.08375,752362.19865,474,210
1,NVDA,stocks,lighter,110,228.51100000000002,0.262572863969357,659103.005609,737736.388725,1598721.093344,1539579.4592,,224
1,XAU,commodities,hyperliquid,xyz:GOLD,4135.45,0.24181457658256633,1149671.8165499999,1510494.1072799999,1149671.8165499999,1510494.1072799999,487,189
1,XAU,commodities,lighter,92,4137.58,1.0151376357447894,775978.181271,1186253.113773,2823669.544013,1787858.949969,,65
1,HOOD,stocks,hyperliquid,xyz:HOOD,115.53,1.7313019390585715,133151.16292,146588.76598,322151.02825,311278.58513,722,234
1,INTC,stocks,hyperliquid,xyz:INTC,114.285,0.87504375218872,174416.5007,757715.4388,547114.2134,1123554.2364999999,511,569
1,PLTR,stocks,hyperliquid,xyz:PLTR,186.62,1.0717539252969033,120664.20293,110423.32299,139836.69747,118253.41444,799,289
1,COIN,stocks,hyperliquid,xyz:COIN,191.42000000000002,1.0448774881144374,85311.36899,139940.77657,99587.4062,192084.67826,610,620
1,META,stocks,hyperliquid,xyz:META,715.335,0.6989976373894535,142308.04446,112327.53487,142308.04446,112327.53487,479,308
1,META,stocks,lighter,117,715.6949999999999,0.6986460240065995,312838.443585,159715.372933,848774.136773,821040.439804,,46
1,AAPL,stocks,hyperliquid,xyz:AAPL,337.355,0.2964280420925114,145235.58002,203042.56217,145235.58002,203042.56217,485,189
1,AAPL,stocks,lighter,113,337.3205,1.5713294633168395,204006.678474,236059.01929199998,1154267.891614,972985.384405,,233
1,MSFT,stocks,hyperliquid,xyz:MSFT,507.59000000000003,0.7880686407779613,166426.30049,108482.10051,166426.30049,108482.10051,685,199
1,MSFT,stocks,lighter,115,507.835,2.166292488874344,171301.57841299998,95554.85254200001,810283.0414710001,519881.366192,,210
1,ORCL,stocks,hyperliquid,xyz:ORCL,132.825,0.7528986598415166,241277.14445,80058.27921000001,398774.1929,168535.40865,799,187
1,GOOGL,stocks,hyperliquid,xyz:GOOGL,342.06,0.5847098377431692,135241.65323999999,158475.66531,135241.65323999999,158475.66531,890,204
1,GOOGL,stocks,lighter,116,342.21000000000004,0.584453535945606,146588.477227,106751.559075,947806.630907,741350.2067859999,,44
1,AMZN,stocks,hyperliquid,xyz:AMZN,246.10500000000002,1.2190661952948822,209939.76385,134275.87714,209939.76385,152956.3705,915,191
1,AMZN,stocks,lighter,114,246.1905,0.6905460188000312,229657.500993,161795.306114,899445.725722,844785.49648,,214
1,AMD,stocks,hyperliquid,xyz:AMD,605.315,1.817400786439105,93605.51492,66447.00345,93605.51492,66447.00345,302,192
1,MU,stocks,hyperliquid,xyz:MU,1051.6999999999998,1.9018638265499987,723684.4804,978803.1024,1471953.811,1848553.7341,404,204
1,SNDK,stocks,hyperliquid,xyz:SNDK,1699.65,0.5883737349976492,1040134.9381,1417067.0270999998,1267168.2312,1783500.6323,414,188
1,SNDK,stocks,hyperliquid,io:SNDK,1700.3000000000002,1.17633219621327,27025.37153,101287.74191,61216.93696,110013.01,493,208
1,SNDK,stocks,lighter,139,1699.7649999999999,0.4118301141953218,623724.066393,901632.540496,2861485.356125,3078485.100937,,210
1,MSTR,stocks,hyperliquid,xyz:MSTR,156.03,1.2818869375719188,137232.38428,318924.96821,221347.29227,418096.29876,597,191
1,CRCL,stocks,hyperliquid,xyz:CRCL,85.147,2.11421456928651,67700.381453,80067.947906,67700.381453,80067.947906,600,185
1,NFLX,stocks,hyperliquid,xyz:NFLX,69.298,2.5978149489813696,15529.568734,26283.142123999998,16920.56129,26283.142123999998,683,188
1,LLY,stocks,hyperliquid,xyz:LLY,1186.85,4.213719871903887,32022.43186,27887.19967,85547.22317,65701.43173,705,191
1,SKHX,stocks,hyperliquid,xyz:SKHX,1295.35,0.7720219254236937,727706.9976,1148659.0808,1465958.7454000001,1727698.277,296,192
1,TSM,stocks,hyperliquid,xyz:TSM,447.82500000000005,1.5632327653580802,48092.521870000004,55426.68314,48092.521870000004,78423.82268,292,184
1,USDJPY,fx,hyperliquid,xyz:JPY,157.28500000000003,1.907547529726994,503613.5308,520663.3829,573029.5575,917324.1792,378,187
1,USDJPY,fx,lighter,98,157.2265,3.1170086894571902,35757.052406,74702.54704800001,878941.075287,2613354.798672,,210
1,EURUSD,fx,hyperliquid,xyz:EUR,1.1368,1.759479194158864,384343.95989,89902.98331,663610.55088,368019.19365000003,482,188
1,EURUSD,fx,lighter,96,1.137695,0.08789740614689734,83752.196564,63757.81992,1935231.396105,2252307.132447,,209
1,XAG,commodities,hyperliquid,xyz:SILVER,60.5945,0.1650328415347957,642935.1008700001,733085.14452,642935.1008700001,733085.14452,573,193
1,XAG,commodities,lighter,93,60.62265,1.501201786264783,844946.928004,885896.898643,3079991.309194,2587190.751723,,220
1,BABA,stocks,hyperliquid,xyz:BABA,107.755,0.9280742459405467,76747.58516,85475.93433,175669.36332,153716.72494000001,677,194
1,WTI,commodities,hyperliquid,xyz:CL,93.97749999999999,0.7448868836057443,474496.83054,746892.201736,474496.83054,746892.201736,692,185
1,WTI,commodities,lighter,145,93.9675,0.7449661572511701,501982.441993,403873.644438,1639560.938364,1496685.847177,,61
1,COPPER,commodities,hyperliquid,xyz:COPPER,6.61355,1.6633902918483656,33654.195494,56324.811272,33654.195494,56324.811272,298,199
1,NATGAS,commodities,hyperliquid,xyz:NATGAS,3.1368,1.275266211822057,80591.89174,84305.99424,80591.89174,84305.99424,301,191
1,SMSN,stocks,hyperliquid,xyz:SMSN,199.54500000000002,0.501152651097847,180750.18874,275123.2108,180750.18874,276270.9743,330,189
1,XPT,commodities,hyperliquid,xyz:PLATINUM,1702.3,2.350038188121406,25681.677470000002,37890.498289999996,32378.361660000002,59345.58034,338,183
1,USAR,stocks,hyperliquid,xyz:USAR,14.4555,6.227942702927702,17282.42254,3138.36913,39868.0851,14333.30182,510,210
1,CRWV,stocks,hyperliquid,xyz:CRWV,84.3315,1.7788529955886645,70797.99045,62401.755860000005,72418.90273,62401.755860000005,505,203
1,GME,stocks,hyperliquid,xyz:GME,23.915,3.3457404541836766,9552.87073,21524.25112,19703.18402,32671.19639,521,190
1,SOFTBANK,stocks,hyperliquid,xyz:SOFTBANK,38.312,10.968634927268628,12245.032775,5061.767381999999,189916.203674,196883.050006,524,185
1,JP225,indices,hyperliquid,xyz:JP225,65274.0,9.196247930844947,21438.30934,297129.88928,23293.24455,367312.43406,701,195
1,KIOXIA,stocks,hyperliquid,xyz:KIOXIA,112.49000000000001,7.114273010226935,142.54202999999998,19.467689999999997,11730.05884,193336.50522,698,186
1,EWY,stocks,hyperliquid,xyz:EWY,183.75,1.088494611951596,260677.39009,254142.15707,389740.13344,279960.38907,711,189
1,BRENTOIL,commodities,hyperliquid,xyz:BRENTOIL,99.5575,0.1004449712227462,273521.54975,201817.29491,273521.54975,201817.29491,715,189
1,BRENTOIL,commodities,lighter,159,99.505,1.0050251256288334,533172.70156,509876.659055,2050271.457862,1721292.929251,,53
1,HIMS,stocks,hyperliquid,xyz:HIMS,28.692500000000003,6.624132761565704,8012.690299999999,1755.68815,24123.6277,9444.76594,358,190
1,US500,indices,hyperliquid,xyz:SP500,7667.25,0.13042570951693477,1637586.1908,1538181.5008,1637586.1908,1538181.5008,393,215
1,US500,indices,hyperliquid,mkts:US500,764.225,0.13085237235310743,22775.761300000002,40894.69257,22775.761300000002,40894.69257,384,202
1,US500,indices,lighter,180,7668.85,0.9128251939749532,829733.868056,800347.1960379999,13739983.245768,13720986.581129998,,207
1,LITE,stocks,hyperliquid,xyz:LITE,914.29,2.1877290278826678,59749.91582,64713.78441,59749.91582,64713.78441,544,185
1,PURRDAT,stocks,hyperliquid,xyz:PURRDAT,12.029,14.975041597338201,228.38,2202.954,5962.644,73754.28600000001,616,230
1,MRVL,stocks,hyperliquid,xyz:MRVL,250.05,1.5998080230361644,209452.5486,165806.5182,209452.5486,165806.5182,583,188
1,RKLB,stocks,hyperliquid,xyz:RKLB,71.84100000000001,2.2273885261658855,69841.1916,42397.99631,130050.71355,75552.76709000001,619,191
1,DRAM,stocks,hyperliquid,xyz:DRAM,60.0075,0.1666472244910011,183200.0195,78580.8303,183200.0195,78580.8303,758,213
1,CBRS,stocks,hyperliquid,xyz:CBRS,197.34,2.0271639975688593,36690.424399999996,69705.7085,101533.0414,123936.0194,772,188
1,ARM,stocks,hyperliquid,xyz:ARM,282.16499999999996,3.1901318587834737,71858.0302,39324.1111,98921.9302,70685.3076,282,194
1,GBPUSD,fx,hyperliquid,xyz:GBP,1.3243,7.5540111799354825,164618.209,149541.419,394270.749,332400.4814,279,187
1,GBPUSD,fx,lighter,97,1.3244449999999999,0.9815913861599412,59993.055913,25534.099618,2510441.945031,2292875.611358,,55
1,SPCX,stocks,hyperliquid,xyz:SPCX,145.785,0.6859651529689259,1527664.4949,1413900.9386,1929095.2533,1867033.3978,437,193
1,SPCX,stocks,lighter,194,145.825,0.6857769853252371,778963.6029310001,635058.411035,1261474.398522,1075858.807135,,62
1,MINIMAX,stocks,hyperliquid,xyz:MINIMAX,31.5175,4.125543461013237,28195.996740000002,25779.94813,38186.68316,35704.49429,496,212
1,BB,stocks,hyperliquid,xyz:BB,8.7397,3.8910505836575737,792.19831,18493.10836,31501.352010000002,57331.099859999995,480,193
1,QNT,stocks,hyperliquid,xyz:QNT,49.028999999999996,4.896260481055403,286.74945,1505.1343,2107.95241,2927.86935,527,183
1,DELL,stocks,hyperliquid,xyz:DELL,540.0450000000001,2.03707476064352,43538.8745,36505.4195,81927.7153,37538.2606,627,189
1,AVGO,stocks,hyperliquid,xyz:AVGO,348.71500000000003,2.581237273064918,176125.5889,55237.898499999996,182405.4379,70257.0057,674,193
1,NBIS,stocks,hyperliquid,xyz:NBIS,229.66500000000002,1.306335728281649,128267.6879,95482.11750000001,145428.4967,105453.3142,692,195
1,NBIS,stocks,hyperliquid,io:NBIS,229.85,2.610738839090576,5396.9402,14246.4591,6494.2008,22385.077,719,190
1,WDC,stocks,hyperliquid,xyz:WDC,451.095,1.9953441968723062,9675.10262,14308.719130000001,31194.03384,55190.74904,814,186
1,BE,stocks,hyperliquid,xyz:BE,261.71500000000003,1.9106576483629567,8988.833400000001,25127.1099,17832.9467,58372.7117,319,192
1,ZHIPU,stocks,hyperliquid,xyz:ZHIPU,78.99549999999999,3.671769159672156,35189.674825,39259.125586,62967.112202,60567.800517,440,295
1,QCOM,stocks,hyperliquid,xyz:QCOM,186.88,1.0702627495029482,19772.2733,2615.752,62917.8265,58742.1433,488,315
1,STRC,stocks,hyperliquid,xyz:STRC,99.1075,4.339664533838938,4487.225,4749.1464,140512.7535,143524.1112,460,193
1,AMAT,stocks,hyperliquid,xyz:AMAT,482.035,5.187690647632248,27450.726420000003,26938.402240000003,51223.65675,42347.80531,517,197
1,SKHY,stocks,hyperliquid,xyz:SKHY,182.5,1.0959504630370098,490886.5877,663424.405,646755.6684,760212.0716,621,180
1,CXMT,stocks,hyperliquid,xyz:CXMT,8.20215,3.53628348799484,27923.71485,55580.46447,114037.45567000001,95510.01844999999,653,192
1,KORU,stocks,hyperliquid,xyz:KORU,20.386499999999998,0.4905327185333874,48757.0039,59894.7135,125480.5478,181636.42609999998,680,191
1,UNITREE,stocks,hyperliquid,xyz:UNITREE,67.7985,1.0325245224573898,16132.95275,8494.54437,16132.95275,8494.54437,702,184
1,SOXL,stocks,hyperliquid,xyz:SOXL,139.20999999999998,1.4367816091964691,174636.1781,157202.2045,356086.3322,403071.4245,808,185
1,IREN,stocks,hyperliquid,xyz:IREN,41.5705,2.1652311985764783,598.4168,16025.282,598.4168,131036.66440000001,303,191
1,AAOI,stocks,hyperliquid,xyz:AAOI,95.597,2.510854213526592,3117.23919,16589.25199,6190.915309999999,22185.1545,409,270
1,MRNA,stocks,hyperliquid,xyz:MRNA,195.135,2.5626569627390516,130472.1281,28580.6388,197577.6391,170669.3157,404,243
1,BMNR,stocks,hyperliquid,xyz:BMNR,26.826,4.474272930647949,815.4768,14830.245920000001,18989.75796,30775.924320000002,454,187
1,US10Y,rates,hyperliquid,para:10Y,5.25305,5.903075311814998,22024.23184,11777.270629999999,92951.87232,162286.46398,487,183
1,US10Y,rates,lighter,227,95.205,3.151591553733901,120000.931904,35213.297017,1122673.991618,972593.538065,,55
1,30Y,unclassified,hyperliquid,para:30Y,5.5555,1.8001800180034166,36499.007,1999.6044,76237.39177999999,75259.6466,596,186
1,2Y,unclassified,hyperliquid,para:2Y,4.889950000000001,290.24896265560153,0,0,62076.14517,82471.41486,506,1240
1,USTECH,indices,hyperliquid,mkts:USTECH,733.895,0.1362602024834736,26678.866660000003,32683.89433,26678.866660000003,32683.89433,645,183
1,OAI,preipo,hyperliquid,io:OAI,1625.25,1.846040243678182,2855.5714,4087.6971000000003,5157.0151,62650.3102,679,191
1,ANTH,preipo,hyperliquid,io:ANTH,2056.65,1.4587892049600093,6584.3827,10753.4412,10064.2816,14669.6475,785,188
2,BTC,crypto,hyperliquid,BTC,83035.5,0.12043114349324924,4574251.7073,3961610.45029,4574251.7073,3961610.45029,480,545
2,BTC,spot,hyperliquid,@142,83040.5,0.1204238921004297,807935.4000799999,540570.01765,807935.4000799999,540570.01765,480,544
2,BTC,crypto,lighter,1,83025.29999999999,0.6986066410985536,2277685.389828,2763545.052802,2277685.389828,2763545.052802,,57
2,ETH,crypto,hyperliquid,ETH,2665.8500000000004,0.37512191462196753,8824163.71207,8146880.61643,8824163.71207,8146880.61643,792,302
2,ETH,spot,hyperliquid,@151,2663.75,0.3754176521386654,412714.03636,353916.02247,412714.03636,353916.02247,753,205
2,ETH,crypto,lighter,0,2664.7200000000003,0.3752809916424127,3869364.128021,4154310.419713,3869364.128021,4154310.419713,,202
2,SOL,crypto,hyperliquid,SOL,117.755,0.8492569002127581,2402969.2812,2512299.4239,4093482.2667,4413769.9546,441,199
2,SOL,spot,hyperliquid,@156,117.725,0.8494733265385079,191385.26504,225642.37443999999,360036.95541,371776.87722,603,197
2,SOL,crypto,lighter,2,117.7475,0.5945101236592976,1480941.458624,1322774.236036,2501543.8550030002,2886279.098594,,217
2,AVAX,crypto,hyperliquid,AVAX,10.426,1.9184652278170233,102016.31657000001,54590.59945,224377.28644,178595.85244,678,197
2,BNB,crypto,hyperliquid,BNB,758.535,0.6591870904792962,121739.22632,75594.10846,121739.22632,75594.10846,675,193
2,OP,crypto,hyperliquid,OP,0.13005499999999998,2.3069824669330607,16914.824014,7150.462506,75460.315932,73154.24021399999,266,198
2,LTC,crypto,hyperliquid,LTC,67.8925,0.14729275908953454,30038.05585,49727.65023,30038.05585,49727.65023,322,198
2,ARB,crypto,hyperliquid,ARB,0.19689,1.01584721657888,25219.291689,28838.648676,45343.507688,46140.734989,326,186
2,DOGE,crypto,hyperliquid,DOGE,0.0931555,0.5367513660337053,140525.9099,133137.64231599998,140525.9099,133137.64231599998,340,197
2,SUI,crypto,hyperliquid,SUI,1.1180500000000002,0.8944543828270923,101310.05347,175901.27223,248279.86869,311991.11444,467,200
2,CRV,crypto,hyperliquid,CRV,0.38722999999999996,1.0330311717154927,10864.035531,16576.984718,27463.738863,32216.638238,519,196
2,LDO,crypto,hyperliquid,LDO,0.433775,2.536198469058615,14033.413773,46425.757123,14033.413773,46425.757123,517,189
2,LINK,crypto,hyperliquid,LINK,14.871500000000001,0.6724497343824076,150462.6235,137655.3293,187548.2088,200234.7472,539,197
2,XRP,crypto,hyperliquid,XRP,1.4884499999999998,0.6718624025792153,1071550.9207000001,1029538.0435,2038190.6771,1675739.0648,658,190
2,XRP,crypto,lighter,7,1.487441,0.45717143996260035,341733.06970299996,382007.627075,7562798.577694,7026737.290646,,64
2,BCH,crypto,hyperliquid,BCH,305.395,0.3274501457140033,31762.21661,50466.81068,31762.21661,50466.81068,714,194
2,APT,crypto,hyperliquid,APT,0.82095,1.2181751735895752,11428.024467,5604.08971,94983.012728,56658.492414,739,199
2,AAVE,crypto,hyperliquid,AAVE,147.87,1.3526308670352982,70783.1695,90768.09629999999,113486.7747,145457.73679999998,769,184
2,WLD,crypto,hyperliquid,WLD,0.47492500000000004,0.21056177882616822,29093.432186000002,60892.008041,29093.432186000002,60892.008041,322,193
2,WLD,crypto,lighter,6,0.475125,5.684330196424892,103611.683899,57185.772778000006,1027320.106518,968751.327076,,224
2,TRX,crypto,hyperliquid,TRX,0.33421500000000004,0.8976660682225024,47974.095760000004,42494.49623,47974.095760000004,42494.49623,407,196
2,UNI,crypto,hyperliquid,UNI,8.58975,0.11641850122812158,8980.71946,18475.92352,8980.71946,18475.92352,429,189
2,SEI,crypto,hyperliquid,SEI,0.0742865,3.6352375695059003,22768.811917,20644.687988,31281.949332,27404.840838,519,196
2,ZRO,crypto,hyperliquid,ZRO,1.5179,2.6355669763455936,9845.26571,14471.57215,24386.40361,34328.16377,617,209
2,DOT,crypto,hyperliquid,DOT,1.1546500000000002,2.5985275010831366,37521.38658,47528.93644,122472.88466,73421.21715,615,203
2,TIA,crypto,hyperliquid,TIA,0.43064,0.4644358265792903,8897.807858,3387.167986,33741.2411,50481.10157100001,629,199
2,ADA,crypto,hyperliquid,ADA,0.24275000000000002,1.6479215589337848,105902.36053,143379.90913,105902.36053,143379.90913,715,194
2,PENDLE,crypto,hyperliquid,PENDLE,2.32815,1.2886597938144284,11695.1515,34238.978299999995,16383.2649,44379.3143,806,190
2,NEAR,crypto,hyperliquid,NEAR,4.66435,0.2143944428945055,291890.40377,61567.58535,291890.40377,61567.58535,809,191
2,NEAR,crypto,lighter,10,4.666964999999999,2.850223946166963,43099.465252,102178.839245,945782.771346,1482915.525257,,53
2,PYTH,crypto,hyperliquid,PYTH,0.0798335,6.641021464282026,622.4245950000001,2646.1461600000002,26105.021061,15778.740962,321,191
2,JUP,crypto,hyperliquid,JUP,0.32543500000000003,1.5365231554054226,15408.61246,11916.44974,18455.08391,15011.26475,383,221
2,JTO,crypto,hyperliquid,JTO,0.5431349999999999,0.9206238146974854,46437.56102,6435.0886199999995,46437.56102,14219.533099999999,437,184
2,WIF,crypto,hyperliquid,WIF,0.230965,2.1650645189219553,18346.46097,10231.62518,19995.05673,31089.02693,444,189
2,ONDO,crypto,hyperliquid,ONDO,0.50857,1.966490993470238,30268.94936,68719.98803,30268.94936,68719.98803,518,195
2,STRK,crypto,hyperliquid,STRK,0.041645,2.4015369836694056,2556.949439,4745.304488,63070.074241999995,83138.538033,584,199
2,TAO,crypto,hyperliquid,TAO,301.745,0.33141114867074606,28189.610819999998,96186.57999,28189.610819999998,96186.57999,637,199
2,ETHFI,crypto,hyperliquid,ETHFI,0.6855450000000001,0.7293733224411625,2549.054966,3730.57981,2549.054966,19378.830079,634,188
2,ENA,crypto,hyperliquid,ENA,0.24965500000000002,0.40056078509875803,52810.276320000004,81534.87648,67621.91517000001,86241.93133,703,184
2,ENA,crypto,lighter,29,0.249705,2.002563281000569,154662.13516900002,107750.208759,1393842.777055,1161865.276837,,210
2,HBAR,crypto,hyperliquid,HBAR,0.118615,0.8430992327812525,22246.05204,29113.46529,65285.68471,206097.27663,831,195
2,EIGEN,crypto,hyperliquid,EIGEN,0.2484,8.05477245267916,3578.1228920000003,1681.4048009999997,38197.583763999995,39508.786701000005,834,195
2,GRASS,crypto,hyperliquid,GRASS,0.65317,4.59403999877539,2544.211081,1688.817034,13077.569934000001,10710.754500000001,356,186
2,PURR,crypto,hyperliquid,PURR,0.139325,0.7177720356033035,446.00061,366.58808999999997,988.17935,1241.4183600000001,456,194
2,PURR,spot,hyperliquid,PURR/USDC,0.139015,9.355883411299448,301.60591,271.62324,2499.14025,51520.07681,489,191
2,XLM,crypto,hyperliquid,XLM,0.22677,1.7640573318633557,78175.91678,20060.65888,80435.10047,28985.45745,536,235
2,HYPE,crypto,hyperliquid,HYPE,86.7825,0.11523126915768955,101027.12383,177090.38075,101027.12383,177090.38075,545,188
2,HYPE,spot,hyperliquid,@107,86.8175,0.11518481403571812,103396.65184,184856.53221,103396.65184,184856.53221,667,210
2,HYPE,crypto,lighter,24,86.77825,1.256154002173826,807341.7732780001,906750.4165,2297358.852926,2293178.043223,,49
2,VIRTUAL,crypto,hyperliquid,VIRTUAL,0.802195,1.1219846662080535,11921.156798,11567.318038,16591.192396,13567.239348,733,196
2,PENGU,crypto,hyperliquid,PENGU,0.0091745,1.0900370612620947,19588.490443,35508.569853,71383.504589,170425.28055700002,736,196
2,FARTCOIN,crypto,hyperliquid,FARTCOIN,0.164105,1.828264976535543,12082.343092,25883.956693,33874.854161,51685.339285,729,183
2,SPX,crypto,hyperliquid,SPX,0.40552,1.9729703067961069,5380.315447,7610.391803,14240.679515,20855.051154,323,184
2,MORPHO,crypto,hyperliquid,MORPHO,2.4415500000000003,2.0480891328400475,6859.185,6868.66893,15138.14381,11980.24739,408,207
2,TRUMP,crypto,hyperliquid,TRUMP,1.9640499999999999,0.5091649694510814,42576.64028,48651.42267,73769.34249,68766.91608,410,205
2,VVV,crypto,hyperliquid,VVV,26.862499999999997,0.3722730995470158,403783.91727000003,6163.55872,420329.05220000003,10520.77847,450,242
2,PAXG,crypto,hyperliquid,PAXG,4143.45,0.2413476854767893,279144.7983,295760.7257,279144.7983,295760.7257,512,187
2,SYRUP,crypto,hyperliquid,SYRUP,0.22669,4.412283798094219,4386.04471,1075.84509,19647.27664,14869.87593,597,188
2,PUMP,crypto,hyperliquid,PUMP,0.0048155,2.076843198339784,29945.491028,32979.274708000004,351748.356834,303550.849513,600,188
2,PUMP,crypto,lighter,45,0.004814,4.155412424684535,65331.379469,69236.029541,1007141.493251,952667.368017,,215
2,XPL,crypto,hyperliquid,XPL,0.095965,0.2084114876410581,9706.191432,20949.120339,10106.002637,20949.120339,708,195
2,SKY,crypto,hyperliquid,SKY,0.0777535,6.818737375686723,5971.898196,3949.666557,13614.69167,12310.514201,791,193
2,ASTER,crypto,hyperliquid,ASTER,0.703635,3.2692745053441996,50203.53673,31780.61752,50203.53673,34672.807120000005,787,186
2,ZEC,crypto,hyperliquid,ZEC,1377.35,0.7260582298718177,438132.206,988486.1050000001,757308.9770000001,1324559.139,858,191
2,ZEC,crypto,lighter,90,1378.3865,1.5163805375095762,517120.705432,598038.013934,3952132.103162,4867920.518915,,57
2,MON,crypto,hyperliquid,MON,0.027243999999999997,1.46832097496441,16049.506275,4912.429323,16049.506275,9661.51747,401,198
2,CC,crypto,hyperliquid,CC,0.13281500000000002,3.765343775887775,5270.39473,8953.162339999999,41359.78645,27973.12442,415,190
2,ICP,crypto,hyperliquid,ICP,3.23125,4.643244079864939,2782.55445,23487.07903,41555.13631,52706.37412,420,191
2,AERO,crypto,hyperliquid,AERO,0.8264050000000001,1.5732023138181894,3904.61959,5990.42968,4044.96649,5990.42968,493,197
2,LIT,crypto,hyperliquid,LIT,4.35395,0.22967913824389896,10345.1778,23004.1396,10345.1778,23004.1396,591,189
2,LIT,crypto,lighter,120,4.35205,0.6893540752317406,34216.353055,47962.874824,250265.065342,282053.673341,,207
2,XMR,crypto,hyperliquid,XMR,540.415,0.1850446882922796,30749.347469999997,31768.85662,42208.154819999996,31768.85662,617,195
2,DASH,crypto,hyperliquid,DASH,59.870000000000005,1.6704251231924871,8921.56342,37184.65001,18663.91761,52281.49819,692,198
2,SKR,crypto,hyperliquid,SKR,0.0183015,0.5464182285108699,6523.058604000001,3009.306484,22300.839894,11789.249155,263,194
2,AZTEC,crypto,hyperliquid,AZTEC,0.0183835,3.808487486398615,1629.1237729999998,4572.634915,25046.095783,40197.286074,312,216
2,CHIP,crypto,hyperliquid,CHIP,0.042692499999999994,1.6397666846268422,1110.451078,4579.613556,16696.887846999998,18846.21037,309,207
2,GRAM,crypto,hyperliquid,GRAM,1.55035,10.971281058405058,1666.8319999999999,25927.0727,18302.7018,46480.4691,363,193
2,CASHCAT,crypto,hyperliquid,CASHCAT,0.171095,4.092131415878164,2429.02094,1655.2193300000001,8627.62702,7010.81565,454,190
2,PONS,crypto,hyperliquid,PONS,0.52626,1.5202766903565923,18527.176799999997,4933.3907,41130.28277,6647.47139,498,188
2,USELESS,crypto,hyperliquid,USELESS,0.23253000000000001,2.580645161289752,1934.09394,3933.65915,12486.82136,12951.19666,502,188
2,US100,indices,hyperliquid,xyz:XYZ100,30173.5,0.3314221323691413,3839918.986,3672067.4669,3839918.986,3672067.4669,558,194
2,US100,indices,lighter,181,30173.5,0.9942993503919695,1249270.690879,1200004.585818,3069219.954357,2733796.406784,,216
2,TSLA,stocks,hyperliquid,xyz:TSLA,357.075,0.28005713165413226,369374.34472,156115.68401,369374.34472,156115.68401,686,187
2,TSLA,stocks,lighter,112,357.15999999999997,0.5599888002261189,205568.5527,249081.063769,986490.860144,950550.317426,,204
2,NVDA,stocks,hyperliquid,xyz:NVDA,228.365,0.43790506218277514,791874.9763399999,552804.14994,791874.9763399999,552804.14994,753,193
2,NVDA,stocks,lighter,110,228.45749999999998,0.39395411747689124,720738.93706,766054.217688,1628097.865001,1549383.441483,,56
2,XAU,commodities,hyperliquid,xyz:GOLD,4134.55,0.24186721490071506,1128017.28182,1399922.56115,1128017.28182,1399922.56115,378,224
2,XAU,commodities,lighter,92,4136.615,0.02417438433877095,680043.188412,1272515.690637,3443612.830493,1915132.158877,,52
2,HOOD,stocks,hyperliquid,xyz:HOOD,115.505,2.597627500215971,160012.03026,155809.85448,339888.49573,290039.44705,391,193
2,INTC,stocks,hyperliquid,xyz:INTC,114.305,0.8748906386712996,176453.4898,866634.4115,521192.278,1201020.1503,421,200
2,PLTR,stocks,hyperliquid,xyz:PLTR,186.60000000000002,1.0718688032596013,123029.53925,108263.12193,132676.49756,114999.02273,426,198
2,COIN,stocks,hyperliquid,xyz:COIN,191.35500000000002,0.5226025607529827,82525.46296,111220.94406,88456.71684,124492.465,570,191
2,META,stocks,hyperliquid,xyz:META,715.085,0.9789525208026006,264581.73163,105067.33108,264581.73163,105067.33108,576,184
2,META,stocks,lighter,117,715.455,0.13977217136140752,215383.989046,196552.785513,842591.741411,863233.900371,,52
2,AAPL,stocks,hyperliquid,xyz:AAPL,337.445,0.2963489805596353,133835.83264,201146.7367,133835.83264,201146.7367,688,260
2,AAPL,stocks,lighter,113,337.406,0.9484572749651754,200716.901109,327210.777687,1159915.051567,900235.35471,,207
2,MSFT,stocks,hyperliquid,xyz:MSFT,507.375,0.5912961210974288,147655.86935,86058.2529,147655.86935,86058.2529,767,195
2,MSFT,stocks,lighter,115,507.65,1.5760130809083783,131802.078284,74045.269644,761873.8474920001,536897.740034,,50
2,ORCL,stocks,hyperliquid,xyz:ORCL,132.815,0.7529553497476194,212114.30854,94102.33472000001,339275.94033,200248.61836000002,816,188
2,GOOGL,stocks,hyperliquid,xyz:GOOGL,341.95500000000004,0.8773469029654812,181712.77985,149320.6048,181712.77985,149320.6048,319,186
2,GOOGL,stocks,lighter,116,342.155,0.2922694724549757,151635.896466,139655.187798,965212.577636,783148.187988,,202
2,AMZN,stocks,hyperliquid,xyz:AMZN,246.075,0.40638842605744685,222413.16650000002,172182.07132,222413.16650000002,172182.07132,448,231
2,AMZN,stocks,lighter,114,246.152,0.4875155395578368,288163.832292,170320.966748,918629.856701,674423.736065,,233
2,AMD,stocks,hyperliquid,xyz:AMD,605.3,0.9912931419053805,74164.35292,52548.71521,74164.35292,52548.71521,507,187
2,MU,stocks,hyperliquid,xyz:MU,1051.65,0.9509319132772198,810552.9879,1143348.25,1484721.265,2004882.0528,797,455
2,SNDK,stocks,hyperliquid,xyz:SNDK,1699.25,0.5885122410531629,1041215.5277,1319356.2832,1273770.0798,1665002.1715,632,183
2,SNDK,stocks,hyperliquid,io:SNDK,1699.85,0.5883045064125625,29744.49687,89081.99483000001,40825.725959999996,106841.52863,690,190
2,SNDK,stocks,lighter,139,1699.2649999999999,0.7650659133706661,801628.564715,894257.424708,3035836.628386,3079768.140345,,53
2,MSTR,stocks,hyperliquid,xyz:MSTR,155.885,0.6415191172681745,180531.50936,240977.25139,234323.34944000002,298940.95657,749,186
2,CRCL,stocks,hyperliquid,xyz:CRCL,85.106,2.1152332044604982,61584.1878,87558.831537,61584.1878,87558.831537,287,190
2,NFLX,stocks,hyperliquid,xyz:NFLX,69.284,1.7321516210055954,23811.144175,19020.471542,23811.144175,19020.471542,375,219
2,LLY,stocks,hyperliquid,xyz:LLY,1186.85,4.213719871903887,30836.92485,27887.11885,136301.68948,65701.35091,403,189
2,SKHX,stocks,hyperliquid,xyz:SKHX,1294.65,0.7724393635100135,753712.9713,817120.1213,1516687.4088,1942249.5074,465,203
2,TSM,stocks,hyperliquid,xyz:TSM,447.84000000000003,1.7865118356397147,53009.83315,36829.78341,53009.83315,69825.90607,487,199
2,USDJPY,fx,hyperliquid,xyz:JPY,157.3,1.2715366520454907,505142.79410000006,394094.6164,583720.2366000001,911479.2631999999,571,195
2,USDJPY,fx,lighter,98,157.2405,2.7350383859459093,24545.612675,78398.035119,975822.409002,2612147.249965,,51
2,EURUSD,fx,hyperliquid,xyz:EUR,1.1367,1.759633996127885,388735.91817,93423.90761,660149.8531,363753.75904,651,194
2,EURUSD,fx,lighter,96,1.137695,0.08789740614689734,71685.867675,63580.902634,1935763.338357,2252400.195181,,212
2,XAG,commodities,hyperliquid,xyz:SILVER,60.575,0.3301746623973756,844890.30781,758073.23635,844890.30781,758073.23635,677,188
2,XAG,commodities,lighter,93,60.61065,0.7094714437738681,944477.667818,1088196.101708,2798392.234289,2889840.7171,,49
2,BABA,stocks,hyperliquid,xyz:BABA,107.75999999999999,1.8561484918788729,77466.80957,80526.58299,179457.03970999998,177232.3179,809,186
2,WTI,commodities,hyperliquid,xyz:CL,94.0145,0.3191048046535805,516611.490934,814285.638198,516611.490934,814285.638198,308,188
2,WTI,commodities,lighter,145,94.006,1.063818470015132,586469.063805,559185.748549,1212045.555837,1825807.661291,,49
2,COPPER,commodities,hyperliquid,xyz:COPPER,6.613250000000001,0.45364503787892474,39923.797123,55288.434104,39923.797123,55288.434104,391,242
2,NATGAS,commodities,hyperliquid,xyz:NATGAS,3.1369,1.2752255555215086,82425.7417,95341.68771,82425.7417,95341.68771,384,187
2,SMSN,stocks,hyperliquid,xyz:SMSN,199.35000000000002,2.0067225204423167,186505.43304,66356.10698,196581.73972,81841.50117,476,197
2,XPT,commodities,hyperliquid,xyz:PLATINUM,1702.15,2.937892943182252,39960.71927,57102.88946,73452.85781,62133.10064,493,184
2,USAR,stocks,hyperliquid,xyz:USAR,14.4525,2.0759809009751606,24048.47704,1369.95564,40741.54424,14263.93093,572,187
2,CRWV,stocks,hyperliquid,xyz:CRWV,84.29849999999999,1.7795494180883331,19957.45258,68862.69506,19957.45258,68862.69506,576,184
2,GME,stocks,hyperliquid,xyz:GME,23.915,3.3457404541836766,9456.98762,21524.25112,19607.30091,32671.19639,663,185
2,SOFTBANK,stocks,hyperliquid,xyz:SOFTBANK,38.3075,5.4834582343277205,12245.475486,5061.796744,194220.51061099998,205526.867662,683,189
2,JP225,indices,hyperliquid,xyz:JP225,65271.0,9.810082925856278,8422.458980000001,367489.98091,16891.600000000002,375083.95155,760,187
2,KIOXIA,stocks,hyperliquid,xyz:KIOXIA,112.53999999999999,5.332859301394599,136.87905,7775.59772,11645.7464,182921.07771,765,187
2,EWY,stocks,hyperliquid,xyz:EWY,183.655,0.5445140212345656,263262.23491,286131.29872,281259.78181,294957.68695,339,218
2,BRENTOIL,commodities,hyperliquid,xyz:BRENTOIL,99.6005,0.5020181128134737,313436.79721,411947.65915,313436.79721,411947.65915,350,209
2,BRENTOIL,commodities,lighter,159,99.55000000000001,2.009242515570442,491665.779013,1079514.540553,2041053.669784,1802158.424655,,50
2,HIMS,stocks,hyperliquid,xyz:HIMS,28.692500000000003,6.624132761565704,8012.690299999999,754.86929,45950.14079,8548.84008,413,190
2,US500,indices,hyperliquid,xyz:SP500,7666.15,0.13044442415344193,1649319.6395,2150938.6111,1649319.6395,2150938.6111,458,189
2,US500,indices,hyperliquid,mkts:US500,764.055,0.1308814868128394,36775.59717,45121.80595,36775.59717,45121.80595,541,200
2,US500,indices,lighter,180,7667.65,1.1738313856435312,815567.301583,818453.621785,13725720.154947,13774161.901225999,,211
2,LITE,stocks,hyperliquid,xyz:LITE,913.6949999999999,2.29862410928261,76106.31119,50370.36332,80651.04281,77095.83665,637,223
2,PURRDAT,stocks,hyperliquid,xyz:PURRDAT,12.0205,7.490013315578636,2126.277,1948.05,5939.027,58570.471000000005,647,188
2,MRVL,stocks,hyperliquid,xyz:MRVL,249.935,1.2003841229191181,133139.2275,154034.0292,133139.2275,154034.0292,733,191
2,RKLB,stocks,hyperliquid,xyz:RKLB,71.803,1.9499693576241484,118255.24915999999,44029.08019,118255.24915999999,66851.70794,751,187
2,DRAM,stocks,hyperliquid,xyz:DRAM,59.9875,1.1669778607625858,158118.6979,154368.79,158118.6979,154368.79,290,191
2,CBRS,stocks,hyperliquid,xyz:CBRS,197.24,3.0424420668317964,60188.478899999995,44087.5829,150126.68839999998,102984.1194,301,192
2,ARM,stocks,hyperliquid,xyz:ARM,281.97,2.128112364332413,77880.7473,48519.9092,150084.3175,57836.2768,391,196
2,GBPUSD,fx,hyperliquid,xyz:GBP,1.3243,6.042752473751634,165603.63929999998,159839.8629,401524.64629999996,338380.89519999997,403,190
2,GBPUSD,fx,lighter,97,1.3243049999999998,1.1327337396060955,59992.477993,24884.140301,2510441.264911,2292225.652041,,220
2,SPCX,stocks,hyperliquid,xyz:SPCX,145.805,0.6858710562407389,1330619.6506,1533099.6029,1749081.7299,2099291.2459,498,195
2,SPCX,stocks,lighter,194,145.835,0.6857299595419697,788132.716469,752462.0667559999,1206223.170954,1191610.537627,,206
2,MINIMAX,stocks,hyperliquid,xyz:MINIMAX,31.5335,3.488962192337297,23496.604779999998,26692.58237,42395.1552,33173.26274,591,187
2,BB,stocks,hyperliquid,xyz:BB,8.73065,4.697202300483205,31746.418680000002,4737.730339999999,48454.32007,33285.55481,687,188
2,QNT,stocks,hyperliquid,xyz:QNT,48.964,9.807928075193928,376.8076,866.76822,2263.38873,2618.82765,701,188
2,DELL,stocks,hyperliquid,xyz:DELL,539.97,2.2225926543306684,81291.1689,25930.0443,81291.1689,25930.0443,794,201
2,AVGO,stocks,hyperliquid,xyz:AVGO,348.635,2.5818296566182397,159682.276,47594.4064,204826.7831,101395.7352,809,210
2,NBIS,stocks,hyperliquid,xyz:NBIS,229.585,2.1780798048443017,89529.6474,108180.2052,97299.7477,120949.6176,355,201
2,NBIS,stocks,hyperliquid,io:NBIS,229.79500000000002,1.305596657672492,3803.5542,15804.0922,4742.3786,24865.5616,381,214
2,WDC,stocks,hyperliquid,xyz:WDC,450.89,1.3307900456904775,9694.01986,16649.22355,30805.42258,38245.054489999995,486,225
2,BE,stocks,hyperliquid,xyz:BE,261.65,1.528876657876932,40123.402799999996,18855.0485,89939.4085,34349.3907,469,194
2,ZHIPU,stocks,hyperliquid,xyz:ZHIPU,78.9135,5.196912273586207,27892.985971,44398.982693,62181.965742,60139.856835,547,191
2,QCOM,stocks,hyperliquid,xyz:QCOM,186.83499999999998,1.605823787602656,19435.0411,2695.6855,73126.11009999999,57132.8065,575,192
2,STRC,stocks,hyperliquid,xyz:STRC,99.1105,4.9451991199567225,3011.4406,8460.7094,139981.0301,142245.4615,669,199
2,AMAT,stocks,hyperliquid,xyz:AMAT,481.89,5.396878113583803,49583.91572,34224.91608,55343.87809,43317.61089,723,236
2,SKHY,stocks,hyperliquid,xyz:SKHY,182.445,0.5481254110928369,546824.5532,612310.135,677587.3609,731469.2793,732,184
2,CXMT,stocks,hyperliquid,xyz:CXMT,8.205449999999999,2.5596021646934197,27051.58751,26377.99352,127919.52301,122978.50406,766,190
2,KORU,stocks,hyperliquid,xyz:KORU,20.349,1.965891777655493,68880.668,52304.912599999996,145188.0661,192462.4639,397,244
2,UNITREE,stocks,hyperliquid,xyz:UNITREE,67.777,0.2950897072717673,12005.69215,10124.62386,12005.69215,10124.62386,392,186
2,SOXL,stocks,hyperliquid,xyz:SOXL,139.085,0.7190106413568209,273820.9075,171345.9202,391537.3728,290317.1657,401,186
2,IREN,stocks,hyperliquid,xyz:IREN,41.5565,2.64734904093622,1761.1359999999997,21041.283199999998,1761.1359999999997,135295.1293,438,189
2,AAOI,stocks,hyperliquid,xyz:AAOI,95.58449999999999,0.9416195856881693,2295.68761,15451.836659999999,3892.8039400000002,40640.634640000004,596,202
2,MRNA,stocks,hyperliquid,xyz:MRNA,195.055,2.5637081474649825,118547.24740000001,32836.6303,185005.4248,180508.1545,603,204
2,BMNR,stocks,hyperliquid,xyz:BMNR,26.7975,5.599104143336753,824.36595,12072.99549,15874.10754,34137.77903,605,203
2,US10Y,rates,hyperliquid,para:10Y,5.2535,7.616871370084155,26498.91684,6777.21652,97611.7378,162286.13491999998,630,191
2,US10Y,rates,lighter,227,95.195,3.1519226728282668,119999.969054,35213.92689,1122673.028768,972594.167938,,46
2,30Y,unclassified,hyperliquid,para:30Y,5.5555,1.8001800180034166,36499.007,1999.6044,76237.39177999999,75259.20728,788,184
2,2Y,unclassified,hyperliquid,para:2Y,4.889950000000001,290.24896265560153,0,0,62076.14517,82471.41486,796,189
2,USTECH,indices,hyperliquid,mkts:USTECH,733.7049999999999,2.3172759739376048,29461.51873,33296.09398,29461.51873,33296.09398,829,197
2,OAI,preipo,hyperliquid,io:OAI,1624.95,3.0774912291509082,2770.6342,3209.2408,5933.100399999999,61464.2967,275,183
2,ANTH,preipo,hyperliquid,io:ANTH,2056.5,0.972573429292023,8194.2355,10485.5652,11602.1006,14996.822199999999,431,194
3,BTC,crypto,hyperliquid,BTC,83028.5,0.12044129691135552,8587475.72092,2077929.93952,8587475.72092,2077929.93952,425,245
3,BTC,spot,hyperliquid,@142,83045.5,0.12041664158024545,775646.6161,574581.36379,775646.6161,574581.36379,431,248
3,BTC,crypto,lighter,1,83027.0,0.40951372653807994,2973763.4303800003,2687394.038995,2973763.4303800003,2687394.038995,,108
3,ETH,crypto,hyperliquid,ETH,2665.3500000000004,0.3751922860462109,12914265.0868,10779062.605800001,12914265.0868,10779062.605800001,429,248
3,ETH,spot,hyperliquid,@151,2663.6499999999996,0.37543174650878086,401136.05079999997,554133.97652,401136.05079999997,554133.97652,477,184
3,ETH,crypto,lighter,0,2664.3900000000003,0.8257390364363459,4382760.217921,4100508.605338,4382760.217921,4100508.605338,,222
3,SOL,crypto,hyperliquid,SOL,117.735,0.8494011721738026,3281212.1161,3304172.163,5654955.7451,5182565.6043,651,221
3,SOL,spot,hyperliquid,@156,117.715,0.8495454931622959,184317.32510000002,278153.72052,383808.28905,431424.87127,646,214
3,SOL,crypto,lighter,2,117.7305,0.7644870292033978,1560244.87376,1433581.071211,2772049.111538,2995729.560678,,208
3,AVAX,crypto,hyperliquid,AVAX,10.426,1.9184652278170233,110968.91568,54042.33115,221036.8652,179255.03736,452,343
3,BNB,crypto,hyperliquid,BNB,758.405,0.13185654008429637,101565.25436,68040.20350999999,101565.25436,68040.20350999999,550,439
3,OP,crypto,hyperliquid,OP,0.129975,2.3084025854114287,18756.478972,38287.051595000004,70086.825321,85760.14101600001,308,193
3,LTC,crypto,hyperliquid,LTC,67.86099999999999,0.2947244326545473,44509.99532,43214.51931,44509.99532,43214.51931,470,319
3,ARB,crypto,hyperliquid,ARB,0.196495,0.5089317522521952,21250.580374,42677.659146,39461.353423,51989.301631,498,188
3,DOGE,crypto,hyperliquid,DOGE,0.0931545,0.10734912081034054,131004.069894,100996.577762,131004.069894,100996.577762,646,193
3,SUI,crypto,hyperliquid,SUI,1.11645,0.8957362952344283,125318.51778,94948.48327,301740.93338,295879.53518999997,665,194
3,CRV,crypto,hyperliquid,CRV,0.38673,2.068840673408179,14102.541589999999,21633.981626999997,27183.179232,51206.625,694,194
3,LDO,crypto,hyperliquid,LDO,0.43339,1.846082842966723,15449.386227,25574.941579,15449.386227,25574.941579,739,188
3,LINK,crypto,hyperliquid,LINK,14.8665,0.672675904749287,154349.6651,142192.3094,194301.8328,171972.5699,300,186
3,XRP,crypto,hyperliquid,XRP,1.48815,0.671997849606143,1387843.9089000002,870825.1114,2164996.8727,1275110.041,321,189
3,XRP,crypto,lighter,7,1.487217,1.4928323871998828,400078.181718,216663.796955,7540597.839655,6990254.905056,,50
3,BCH,crypto,hyperliquid,BCH,305.28499999999997,0.9827365938352983,53560.21619,44465.400069999996,53560.21619,44465.400069999996,399,193
3,APT,crypto,hyperliquid,APT,0.81975,3.6603221083453263,24840.280166,8390.138321,109244.060637,86294.707065,395,183
3,AAVE,crypto,hyperliquid,AAVE,147.70499999999998,0.6770480704143544,82749.9587,77555.7582,125636.8692,110307.3098,492,191
3,WLD,crypto,hyperliquid,WLD,0.47452,0.842992623815153,27851.224228,54536.50642,27851.224228,54536.50642,520,198
3,WLD,crypto,lighter,6,0.47474,4.63518951604458,47223.16774,68392.502819,1035355.9283,944795.187084,,209
3,TRX,crypto,hyperliquid,TRX,0.33425,0.5983724269986723,37735.01586,47620.22661,37735.01586,47620.22661,597,197
3,UNI,crypto,hyperliquid,UNI,8.58035,0.11654604151312142,25911.63386,18974.69892,25911.63386,18974.69892,682,188
3,SEI,crypto,hyperliquid,SEI,0.0739745,1.7575167640049294,20298.619575,22053.487835,25269.423919,28545.257091,802,281
3,ZRO,crypto,hyperliquid,ZRO,1.51485,1.9805902158842592,6350.35193,7622.04573,25321.27791,25523.89633,793,195
3,DOT,crypto,hyperliquid,DOT,1.15415,2.59965337955137,45056.94256,57450.66100000001,127383.46261,92044.84794,796,190
3,TIA,crypto,hyperliquid,TIA,0.43035999999999996,1.394278809285776,18654.136528000003,4346.860001,36392.255048,18158.015224,889,206
3,ADA,crypto,hyperliquid,ADA,0.24251,0.8247422680418559,80746.08396,148263.6538,80746.08396,148263.6538,460,272
3,PENDLE,crypto,hyperliquid,PENDLE,2.3247,3.4418964849636247,5394.0483,11149.9243,7302.7176,37637.4715,392,202
3,NEAR,crypto,hyperliquid,NEAR,4.65885,0.21464754872413394,42422.54926,60634.52704,42422.54926,60634.52704,407,211
3,NEAR,crypto,lighter,10,4.661384999999999,2.7678008213283256,40498.535821,92530.94257,698440.768212,1453686.768145,,55
3,PYTH,crypto,hyperliquid,PYTH,0.0795985,12.948319861212365,2787.0933170000003,593.864389,32765.439241,22006.628742999997,534,193
3,JUP,crypto,hyperliquid,JUP,0.323055,0.3095496053240332,5575.143599999999,10911.48919,15486.57986,20691.40128,581,188
3,JTO,crypto,hyperliquid,JTO,0.5421450000000001,0.9223050247175735,31743.211610000002,5307.95876,43704.95297,11730.43198,595,187
3,WIF,crypto,hyperliquid,WIF,0.230725,2.1673168617253324,15053.2876,9766.08032,73075.56881,47756.31753,648,187
3,ONDO,crypto,hyperliquid,ONDO,0.508185,0.1967806682690032,432317.0088499999,79324.99257,432317.0088499999,79324.99257,723,187
3,STRK,crypto,hyperliquid,STRK,0.041525,2.4084778420019326,4234.32027,3756.1671239999996,60522.923215,78085.007313,774,192
3,TAO,crypto,hyperliquid,TAO,301.28499999999997,0.33191715347991035,30760.39901,43156.56286,30760.39901,43156.56286,784,188
3,ETHFI,crypto,hyperliquid,ETHFI,0.6850099999999999,1.75195269727757,5019.868472,4412.273496,5019.868472,8763.229976999999,835,186
3,ENA,crypto,hyperliquid,ENA,0.249475,0.4008498015806161,50397.93401,72359.61799,62771.7189,96421.27984,308,183
3,ENA,crypto,lighter,29,0.249515,2.004088340215038,172925.784367,128794.623032,1379578.706312,1185734.445416,,255
3,HBAR,crypto,hyperliquid,HBAR,0.118465,0.844166807361102,23275.047309999998,19474.21488,55645.03936,184719.13297,368,182
3,EIGEN,crypto,hyperliquid,EIGEN,0.24819999999999998,8.061265618701796,1863.108305,1572.700269,51454.089709,39289.342771999996,427,190
3,GRASS,crypto,hyperliquid,GRASS,0.65274,3.6774846005327433,7524.362249,1939.25084,16699.536037,15211.683184,543,234
3,PURR,crypto,hyperliquid,PURR,0.13944,5.738880918220168,211.43502999999998,597.54068,895.3217500000001,1107.26015,603,234
3,PURR,spot,hyperliquid,PURR/USDC,0.13912,8.629368617862898,256.51632,296.73176,3563.38069,48479.09986,622,194
3,XLM,crypto,hyperliquid,XLM,0.22698000000000002,1.7624250969339172,28230.42962,42897.40835,60757.01165,45003.19063,614,182
3,HYPE,crypto,hyperliquid,HYPE,86.8235,0.11517685406081668,140431.00058,157050.52031999998,140431.00058,157050.52031999998,730,186
3,HYPE,spot,hyperliquid,@107,86.8595,0.1151291173062674,126325.81144,73354.61436,126325.81144,73354.61436,798,193
3,HYPE,crypto,lighter,24,86.81765,0.4031519571867648,848510.670803,755236.738186,2217147.967875,2298582.167286,,212
3,VIRTUAL,crypto,hyperliquid,VIRTUAL,0.80081,0.9990384255154083,14608.270286,19644.357029,14608.270286,21035.425568,815,192
3,PENGU,crypto,hyperliquid,PENGU,0.0091675,3.272965306566622,15374.021859,16285.468697000002,70157.970443,174465.930487,317,190
3,FARTCOIN,crypto,hyperliquid,FARTCOIN,0.16391499999999998,1.8303843807210285,12121.843763,22854.478914,45949.126402,79403.927302,392,197
3,SPX,crypto,hyperliquid,SPX,0.40498999999999996,0.9877274859859675,6059.077163999999,3521.767508,17528.030512,17459.728022,400,188
3,MORPHO,crypto,hyperliquid,MORPHO,2.4404000000000003,2.458915618213098,6598.85685,6558.9173900000005,14639.650669999999,15027.24786,413,189
3,TRUMP,crypto,hyperliquid,TRUMP,1.9633500000000002,0.509346508430486,45705.09896,56654.13423,67027.43822,71606.02798,510,192
3,VVV,crypto,hyperliquid,VVV,26.862499999999997,0.3722730995470158,409679.43902,4520.9918800000005,413647.96248,9123.71139,581,188
3,PAXG,crypto,hyperliquid,PAXG,4143.35,0.24135351048615306,211432.24539999999,225555.16950000002,211432.24539999999,225555.16950000002,576,175
3,SYRUP,crypto,hyperliquid,SYRUP,0.22601500000000002,5.753485284354376,1450.36752,2968.4137,17503.5696,16936.62542,607,193
3,PUMP,crypto,hyperliquid,PUMP,0.004805500000000001,2.0811654526542434,31095.658704999998,56618.41226899999,314830.947312,323073.590257,698,187
3,PUMP,crypto,lighter,45,0.004804,4.164064126588318,58414.08375,63209.942726,977880.510474,979260.507265,,218
3,XPL,crypto,hyperliquid,XPL,0.09590950000000001,0.9384286533542507,9021.582511,17570.382481,9021.582511,17570.382481,774,192
3,SKY,crypto,hyperliquid,SKY,0.0777195,3.4746351633074823,7080.412438,3331.4324610000003,12140.686235,11425.207644,799,191
3,ASTER,crypto,hyperliquid,ASTER,0.70367,1.9897669130197748,26598.69587,36277.42804,26598.69587,36277.42804,469,289
3,ZEC,crypto,hyperliquid,ZEC,1377.55,0.7259528130654225,487646.159,516337.828,955362.537,1104828.233,440,184
3,ZEC,crypto,lighter,90,1378.693,1.5087890589593478,628442.279579,764486.0546070001,3428199.210781,3677527.751786,,209
3,MON,crypto,hyperliquid,MON,0.0271015,0.36899007416657525,6436.845872,11511.334321,15810.166314,19206.845307,466,185
3,CC,crypto,hyperliquid,CC,0.132525,2.2639800769752583,6121.08575,8871.57288,32139.35429,31344.23857,632,191
3,ICP,crypto,hyperliquid,ICP,3.2295499999999997,6.504568685148371,1771.18747,4325.1482,33387.32753,44536.18451,699,232
3,AERO,crypto,hyperliquid,AERO,0.824785,3.0315523973523106,4432.58144,7416.79417,4571.82899,7416.79417,709,238
3,LIT,crypto,hyperliquid,LIT,4.3561,0.45913682277465284,18184.471299999997,23271.771,18184.471299999997,23271.771,769,281
3,LIT,crypto,lighter,120,4.3535,1.8377707840389057,43309.891792999995,60352.589605,282362.325925,287060.045817,,237
3,XMR,crypto,hyperliquid,XMR,540.415,0.1850446882922796,13625.568039999998,55955.9674,23117.8845,88108.59431,340,190
3,DASH,crypto,hyperliquid,DASH,59.8205,2.50781602661565,13247.0511,2198.32987,62167.2476,42067.57178,361,201
3,SKR,crypto,hyperliquid,SKR,0.018299,1.0930156301247607,40003.520697,2521.757555,50133.910087,8363.327779000001,410,190
3,AZTEC,crypto,hyperliquid,AZTEC,0.018366,3.2674399607901528,1208.197251,2573.946132,35284.650735,24836.596411000002,511,190
3,CHIP,crypto,hyperliquid,CHIP,0.0426585,0.23442261709361034,1743.631653,9919.609144,14722.486712,17194.620458999998,534,193
3,GRAM,crypto,hyperliquid,GRAM,1.54765,0.646161798913969,16624.2539,27400.5676,27325.0464,58773.1154,547,185
3,CASHCAT,crypto,hyperliquid,CASHCAT,0.17083500000000001,7.612578321718466,1244.55427,2789.82877,8358.41848,7254.17716,597,186
3,PONS,crypto,hyperliquid,PONS,0.526215,0.19003819767826613,15306.440879999998,11155.05285,27200.65268,13454.43847,699,186
3,USELESS,crypto,hyperliquid,USELESS,0.232455,2.1511853031008776,1372.71913,5014.21031,4588.74539,27502.83932,723,188
3,US100,indices,hyperliquid,xyz:XYZ100,30171.5,0.33144410195307117,3536717.0052,3558866.4113,3536717.0052,3558866.4113,734,186
3,US100,indices,lighter,181,30172.5,0.9943323058569931,1180165.1074640001,1141113.578297,3152598.337264,2700232.7945560003,,203
3,TSLA,stocks,hyperliquid,xyz:TSLA,357.02,0.5602083975242422,313506.05297,151904.46265,313506.05297,151904.46265,341,181
3,TSLA,stocks,lighter,112,357.1,1.120197154700353,202261.312881,233896.80578,975654.380028,930853.50163,,58
3,NVDA,stocks,hyperliquid,xyz:NVDA,228.36,0.8758484782145359,720810.09687,580477.8989,720810.09687,580477.8989,393,198
3,NVDA,stocks,lighter,110,228.4715,0.48147207899695843,317367.794554,365243.626507,1252406.07432,1142162.6617700001,,55
3,XAU,commodities,hyperliquid,xyz:GOLD,4134.65,0.24186136506454403,1123254.2613899999,1800087.91835,1123254.2613899999,1800087.91835,451,188
3,XAU,commodities,lighter,92,4136.58,0.7736158320481579,718566.278057,1135471.284218,4381098.472534,2853873.772254,,60
3,HOOD,stocks,hyperliquid,xyz:HOOD,115.445,2.598977735421837,160164.65457,140004.90409,324172.48024,296749.52265,535,193
3,INTC,stocks,hyperliquid,xyz:INTC,114.295,0.8749671887287036,174032.7861,826679.2428,542670.6213,1185979.9142,548,185
3,PLTR,stocks,hyperliquid,xyz:PLTR,186.60500000000002,1.6078032048882918,112204.95805,121428.23989,130082.98358,123072.58727999999,576,181
3,COIN,stocks,hyperliquid,xyz:COIN,191.325,0.5226845076311548,86284.37694,117070.36949,108034.97544,165646.64749,644,191
3,META,stocks,hyperliquid,xyz:META,715.1,0.5593779716939196,140663.11054,100696.30975,140663.11054,100696.30975,725,189
3,META,stocks,lighter,117,715.455,0.13977217136140752,195768.805116,180410.982803,838820.0241609999,847094.780253,,51
3,AAPL,stocks,hyperliquid,xyz:AAPL,337.445,0.2963489805596353,126353.20337999999,231221.39189,126353.20337999999,231221.39189,769,192
3,AAPL,stocks,lighter,113,337.40549999999996,0.6816955843902406,200099.163205,326601.92688700004,1108058.465253,898363.724595,,206
3,MSFT,stocks,hyperliquid,xyz:MSFT,507.34000000000003,0.7884569896710047,176696.05027,96380.23977,176696.05027,96380.23977,324,207
3,MSFT,stocks,lighter,115,507.61,1.5761372815559227,128030.238505,78099.16842100001,734386.069333,532926.348032,,48
3,ORCL,stocks,hyperliquid,xyz:ORCL,132.82,1.5059106994952387,210207.67338000002,79950.6414,336826.4081,201956.19780999998,475,233
3,GOOGL,stocks,hyperliquid,xyz:GOOGL,341.945,0.29244896765590056,139408.7635,124204.50223,139408.7635,124204.50223,478,231
3,GOOGL,stocks,lighter,116,342.125,0.8769109350792448,131970.907772,134137.461514,974542.4091040001,757084.887515,,49
3,AMZN,stocks,hyperliquid,xyz:AMZN,246.07,0.8128098837678621,218267.36157,171229.377,218267.36157,171229.377,514,189
3,AMZN,stocks,lighter,114,246.14249999999998,1.1782487161160482,286926.204024,169498.745441,913046.414135,671939.142593,,210
3,AMD,stocks,hyperliquid,xyz:AMD,605.015,0.49586776859511517,54018.22225,51455.75068,54018.22225,51455.75068,671,195
3,MU,stocks,hyperliquid,xyz:MU,1051.45,0.9511128019767945,823106.0312,889528.9556,1780314.7939,1997626.9128999999,677,198
3,SNDK,stocks,hyperliquid,xyz:SNDK,1699.05,0.588581518539133,1071805.5406,1313453.1114,1238520.7206000001,1612919.7804999999,704,189
3,SNDK,stocks,hyperliquid,io:SNDK,1699.75,0.5883391186678466,13170.74621,89317.04854,53354.25868,276274.52262,736,192
3,SNDK,stocks,lighter,139,1699.08,0.7062895080700571,714478.509573,942532.330612,3088835.468407,3214863.733284,,67
3,MSTR,stocks,hyperliquid,xyz:MSTR,155.74,1.284274064086155,163891.83013,411457.76814999996,200935.21803,541371.2732899999,481,356
3,CRCL,stocks,hyperliquid,xyz:CRCL,85.078,1.410569870228251,62022.335997,77099.118453,62022.335997,77099.118453,483,332
3,NFLX,stocks,hyperliquid,xyz:NFLX,69.279,1.443543032018102,13463.755912999999,23103.348893,13463.755912999999,23103.348893,486,302
3,LLY,stocks,hyperliquid,xyz:LLY,1186.85,4.213719871903887,30239.07604,27629.735819999998,133380.61723,63824.83978,376,189
3,SKHX,stocks,hyperliquid,xyz:SKHX,1294.75,0.772379701861059,786535.2540000001,1010537.172,1408476.7616,1975793.6123000002,563,186
3,TSM,stocks,hyperliquid,xyz:TSM,447.91999999999996,0.8930564858222745,39473.33652,49803.58346,39473.33652,71726.172,668,186
3,USDJPY,fx,hyperliquid,xyz:JPY,157.315,0.6356874960267156,499719.7215,514804.135,585950.5075,847925.343,674,189
3,USDJPY,fx,lighter,98,157.257,2.289508328086054,15397.63141,74733.420791,971112.644004,2601927.699039,,236
3,EURUSD,fx,hyperliquid,xyz:EUR,1.1367,1.759633996127885,388529.62964,96422.24913,659943.56457,367059.56834,744,180
3,EURUSD,fx,lighter,96,1.137695,0.08789740614689734,71191.428503,62530.579399,2034485.430426,2251478.4055459998,,209
3,XAG,commodities,hyperliquid,xyz:SILVER,60.563500000000005,0.1651173158534469,873125.50266,977913.3983700001,873125.50266,977913.3983700001,397,251
3,XAG,commodities,lighter,93,60.60215,0.016501078345942943,1130023.928155,959425.665304,2880446.314272,2459090.982586,,229
3,BABA,stocks,hyperliquid,xyz:BABA,107.67,1.8577001671937765,67851.14009,90136.9502,174508.49767,242479.56758,405,189
3,WTI,commodities,hyperliquid,xyz:CL,94.0715,0.10630268626909967,188640.177329,860038.001532,188640.177329,860038.001532,546,195
3,WTI,commodities,lighter,145,94.057,0.6379314011106807,480670.724876,538018.057699,1699420.584,1472191.273963,,49
3,COPPER,commodities,hyperliquid,xyz:COPPER,6.6128,0.6049057859258689,45910.596592,56396.272428,45910.596592,56396.272428,590,184
3,NATGAS,commodities,hyperliquid,xyz:NATGAS,3.137,1.2751849018100003,71308.13736000001,83867.56275,71308.13736000001,83867.56275,616,191
3,SMSN,stocks,hyperliquid,xyz:SMSN,199.305,1.5053439710976946,153699.89302,148995.38136,161421.38921999998,151585.14207,634,184
3,XPT,commodities,hyperliquid,xyz:PLATINUM,1702.1,3.5256786931481265,44278.44435,69656.0532,82623.27304,72108.92162,741,194
3,USAR,stocks,hyperliquid,xyz:USAR,14.4505,0.6920415224920262,19020.40807,368.29158,37356.071840000004,14182.437689999999,779,188
3,CRWV,stocks,hyperliquid,xyz:CRWV,84.27449999999999,1.7800562497782835,69181.99776,62756.36398,69181.99776,62756.36398,284,195
3,GME,stocks,hyperliquid,xyz:GME,23.915,3.3457404541836766,9380.23331,21524.25112,19530.5466,32671.19639,300,193
3,SOFTBANK,stocks,hyperliquid,xyz:SOFTBANK,38.312,3.6548753426446368,2846.099805,5049.7878279999995,194264.44198899998,206329.829425,400,186
3,JP225,indices,hyperliquid,xyz:JP225,65276.5,8.122605363984903,15622.3562,359298.42569999996,24400.43308,367202.96525999997,446,194
3,KIOXIA,stocks,hyperliquid,xyz:KIOXIA,112.655,7.992185418701503,116.63162,7633.170499999999,342.2633,194051.94261,465,180
3,EWY,stocks,hyperliquid,xyz:EWY,183.64,1.0891466535967176,288263.83862,255169.82625,297965.25877,307695.21445,492,190
3,BRENTOIL,commodities,hyperliquid,xyz:BRENTOIL,99.6315,0.10037036665355714,216594.71443,357062.57696000003,216594.71443,357062.57696000003,591,190
3,BRENTOIL,commodities,lighter,159,99.565,1.0044194455605115,495466.199843,404098.75315299997,2011865.660456,1641808.526666,,51
3,HIMS,stocks,hyperliquid,xyz:HIMS,28.692500000000003,6.624132761565704,8012.690299999999,746.2550899999999,45950.14079,8540.22588,660,194
3,US500,indices,hyperliquid,xyz:SP500,7665.85,0.1304495290765928,1790039.7984,2064011.0284,1790039.7984,2064011.0284,697,204
3,US500,indices,hyperliquid,mkts:US500,764.025,0.13088662600413414,32858.41837,43895.07035,32858.41837,43895.07035,685,186
3,US500,indices,lighter,180,7667.450000000001,0.9129918743711052,868017.767105,866127.0782699999,13778170.130019,13770161.837954998,,47
3,LITE,stocks,hyperliquid,xyz:LITE,913.2950000000001,1.204502649905237,74802.03357,52711.26977,74802.03357,52711.26977,302,191
3,PURRDAT,stocks,hyperliquid,xyz:PURRDAT,12.0415,17.454908153935467,240.62,5206.482,5860.399,56857.39,328,196
3,MRVL,stocks,hyperliquid,xyz:MRVL,249.865,1.2007204322594944,167198.4812,159805.9596,167198.4812,159805.9596,416,259
3,RKLB,stocks,hyperliquid,xyz:RKLB,71.7705,0.9753786559296707,104095.68916,49357.77331,104095.68916,80370.67605,397,228
3,DRAM,stocks,hyperliquid,xyz:DRAM,59.9925,0.16668889185389446,165510.0251,150163.1331,165510.0251,150163.1331,491,188
3,CBRS,stocks,hyperliquid,xyz:CBRS,197.14,1.0145589205090566,48853.1394,76566.0563,95972.8315,121769.62269999999,515,186
3,ARM,stocks,hyperliquid,xyz:ARM,281.905,1.7738044557980004,76000.96029999999,37331.8429,109543.245,79168.8636,592,193
3,GBPUSD,fx,hyperliquid,xyz:GBP,1.3243,6.042752473751634,165602.316,159799.9113,395526.216,458151.9592,615,197
3,GBPUSD,fx,lighter,97,1.3242850000000002,1.1327508476743908,59992.402593,24711.409195,2510441.189511,2292052.920935,,236
3,SPCX,stocks,hyperliquid,xyz:SPCX,145.805,0.6858710562407389,1330465.0197,1544857.7011,1769324.0924,2119260.3903,700,184
3,SPCX,stocks,lighter,194,145.835,0.6857299595419697,794485.0487469999,755294.341686,1274698.287628,1194442.812557,,53
3,MINIMAX,stocks,hyperliquid,xyz:MINIMAX,31.5235,3.4900691668249273,20449.7314,31576.2262,33428.32327,33395.38802,806,190
3,BB,stocks,hyperliquid,xyz:BB,8.7331,4.581324231769379,782.91051,11824.992919999999,46005.98754,53982.22599,840,192
3,QNT,stocks,hyperliquid,xyz:QNT,48.9795,10.009192115207899,604.5270899999999,192.58572,2025.84876,3121.69833,343,195
3,DELL,stocks,hyperliquid,xyz:DELL,539.865,2.0377540245641868,43572.9902,46383.499200000006,97401.94119999999,47150.9774,363,187
3,AVGO,stocks,hyperliquid,xyz:AVGO,348.58500000000004,2.008320183617407,162085.2054,36038.7029,162085.2054,81068.3343,445,192
3,NBIS,stocks,hyperliquid,xyz:NBIS,229.54500000000002,1.3070186903663128,62250.472499999996,129352.1204,95399.0771,150649.0888,471,183
3,NBIS,stocks,hyperliquid,io:NBIS,229.72,0.8706630098820334,9274.9169,11080.903799999998,23607.6194,17230.4446,545,201
3,WDC,stocks,hyperliquid,xyz:WDC,450.70500000000004,1.109434632111661,13968.934529999999,8425.55515,37076.141859999996,41054.91878,551,187
3,BE,stocks,hyperliquid,xyz:BE,261.565,2.67655718273474,12291.337199999998,52398.62820000001,18924.002,79168.0442,635,188
3,ZHIPU,stocks,hyperliquid,xyz:ZHIPU,78.918,2.7880923112033607,27847.119645,43642.912327,49842.147978,60241.164912,664,191
3,QCOM,stocks,hyperliquid,xyz:QCOM,186.83499999999998,1.605823787602656,22851.944600000003,5296.8265,68778.406,33694.7365,731,185
3,STRC,stocks,hyperliquid,xyz:STRC,99.1115,4.945149212307598,2912.3504000000003,8361.581999999999,137494.2687,95355.6523,732,179
3,AMAT,stocks,hyperliquid,xyz:AMAT,481.40999999999997,4.570953667151212,20109.70559,26754.13954,35915.95231,41228.9677,829,193
3,SKHY,stocks,hyperliquid,xyz:SKHY,182.51999999999998,1.0958303654606816,497089.217,718226.7502,609954.7575,752680.9323,315,188
3,CXMT,stocks,hyperliquid,xyz:CXMT,8.20575,3.778552448745476,26633.822679999997,39520.35196,92432.49944,123744.03163000001,412,217
3,KORU,stocks,hyperliquid,xyz:KORU,20.3455,1.4746362563911042,56947.5346,81933.5783,97315.1838,224593.4068,401,204
3,UNITREE,stocks,hyperliquid,xyz:UNITREE,67.75399999999999,1.4760365466659486,18757.81077,8141.81224,18757.81077,8141.81224,477,185
3,SOXL,stocks,hyperliquid,xyz:SOXL,138.95499999999998,0.7196833393319224,223410.9254,150771.7088,409951.3073,407434.9895,508,191
3,IREN,stocks,hyperliquid,xyz:IREN,41.544,2.88892098801119,5314.508,23915.2233,5314.508,59874.2378,641,239
3,AAOI,stocks,hyperliquid,xyz:AAOI,95.55250000000001,0.9419349436923241,6706.39462,14029.10629,12212.478369999999,19552.22974,594,180
3,MRNA,stocks,hyperliquid,xyz:MRNA,195.01,2.051387250627812,47252.637899999994,47557.734,230495.8965,160377.70739999998,661,182
3,BMNR,stocks,hyperliquid,xyz:BMNR,26.7965,4.85255692422637,832.5649,16302.09954,18626.69584,28423.40383,701,191
3,US10Y,rates,hyperliquid,para:10Y,5.2555,5.329171504158126,21499.363110000002,11776.76021,97611.95076,162286.24268,778,183
3,US10Y,rates,lighter,227,95.185,3.1522538615114115,120001.240529,21129.29424,1122674.300243,972594.321601,,56
3,30Y,unclassified,hyperliquid,para:30Y,5.5555,1.8001800180034166,36499.007,1999.6044,76237.39177999999,75259.20728,853,191
3,2Y,unclassified,hyperliquid,para:2Y,4.889950000000001,290.24896265560153,0,0,62076.14517,82471.41486,310,191
3,USTECH,indices,hyperliquid,mkts:USTECH,733.6600000000001,1.6357688113410873,30657.43084,27458.31711,30657.43084,27458.31711,307,185
3,OAI,preipo,hyperliquid,io:OAI,1624.5,2.462599273533872,2706.4115,3584.1883000000003,8351.7739,61204.1507,378,179
3,ANTH,preipo,hyperliquid,io:ANTH,2056.1499999999996,0.4863576674285497,10035.4115,11646.4138,11450.365099999999,12459.5285,466,192
4,BTC,crypto,hyperliquid,BTC,83008.5,0.12047031611395198,5007543.74779,4315538.7777,5007543.74779,4315538.7777,413,206
4,BTC,spot,hyperliquid,@142,83024.5,0.12044709963410227,630439.8108099999,638966.56878,630439.8108099999,638966.56878,401,192
4,BTC,crypto,lighter,1,83006.1,0.2409490501187328,2749016.077356,2849630.532972,2749016.077356,2849630.532972,,52
4,ETH,crypto,hyperliquid,ETH,2664.45,0.3753190211686075,12310802.90459,10162836.52283,12310802.90459,10162836.52283,398,185
4,ETH,spot,hyperliquid,@151,2662.75,0.37555864348393087,397272.72758,570810.02585,397272.72758,570810.02585,457,193
4,ETH,crypto,lighter,0,2663.52,0.375450070773109,4842478.622388,3052514.983248,4842478.622388,3052514.983248,,241
4,SOL,crypto,hyperliquid,SOL,117.695,0.8496898632004424,3067833.3166,3579265.2321,5035522.2795,5267522.0806,594,192
4,SOL,spot,hyperliquid,@156,117.67500000000001,0.8498342823148874,237343.11458999998,236040.40246,369327.90564,403185.11592999997,596,182
4,SOL,crypto,lighter,2,117.69,1.019679820535302,1261155.77395,1422368.741459,2787859.621258,2940413.742075,,218
4,AVAX,crypto,hyperliquid,AVAX,10.412500000000001,0.960430272760604,105521.20725,48209.40191,236162.94364,164297.00268,789,194
4,BNB,crypto,hyperliquid,BNB,758.215,0.1318895820423549,88643.79104000001,110170.47665,88643.79104000001,110170.47665,792,195
4,OP,crypto,hyperliquid,OP,0.12971,1.5420200462590294,20042.501196999998,3737.520794,98400.470693,111876.282142,833,191
4,LTC,crypto,hyperliquid,LTC,67.82149999999999,0.4423473901504771,44817.54808,40433.60552,44817.54808,40433.60552,306,191
4,ARB,crypto,hyperliquid,ARB,0.196025,1.5305341564197938,41691.917623,11862.270537,85951.817583,18310.47254,459,230
4,DOGE,crypto,hyperliquid,DOGE,0.0930855,0.7520250961534636,153367.533596,145592.13401,153367.533596,145592.13401,464,233
4,SUI,crypto,hyperliquid,SUI,1.1153499999999998,0.8966197435666956,127537.68962,124102.02952000001,285223.59907,302843.80468,462,189
4,CRV,crypto,hyperliquid,CRV,0.386965,0.775293965626922,16064.903485,15609.813407,29529.798214000002,50799.215218,502,194
4,LDO,crypto,hyperliquid,LDO,0.43294,1.8480018480016014,11383.893463,11431.693288999999,11383.893463,11431.693288999999,656,196
4,LINK,crypto,hyperliquid,LINK,14.8545,0.6732193348590876,148484.1225,110382.9381,208408.9432,175004.0845,654,191
4,XRP,crypto,hyperliquid,XRP,1.4873500000000002,0.6723593088153734,2060051.2323,635235.6314,2297556.7326,1208359.3595999999,651,185
4,XRP,crypto,lighter,7,1.4867085,1.594252618406511,439149.720034,351469.292211,7454370.280172001,7451621.805332,,57
4,BCH,crypto,hyperliquid,BCH,304.64,3.2831018746515284,73909.20628,61337.696930000006,73909.20628,62745.39229,888,325
4,APT,crypto,hyperliquid,APT,0.8182,2.444688913334492,30746.29729,9291.85136,101817.055076,84571.723809,844,192
4,AAVE,crypto,hyperliquid,AAVE,147.64499999999998,0.6773232186407796,77032.90090000001,72899.2072,113006.2433,118323.7212,897,242
4,WLD,crypto,hyperliquid,WLD,0.47423499999999996,0.21086814415038901,24438.01299,84088.885221,24438.01299,84088.885221,891,233
4,WLD,crypto,lighter,6,0.474395,2.7407079459451644,47591.063202,20679.96028,1048284.586587,981516.386269,,243
4,TRX,crypto,hyperliquid,TRX,0.33425,0.5983724269986723,43292.098,49969.05376,43292.098,49969.05376,516,225
4,UNI,crypto,hyperliquid,UNI,8.58015,0.11654875817335153,5423.10156,19806.71267,5423.10156,19806.71267,515,220
4,SEI,crypto,hyperliquid,SEI,0.0739545,3.6515600275888183,19534.017067999997,25100.105849,26870.251507999998,26507.213065999997,512,212
4,ZRO,crypto,hyperliquid,ZRO,1.5134500000000002,1.9824225203191048,10823.20106,19836.67579,21838.04044,33962.22375,682,190
4,DOT,crypto,hyperliquid,DOT,1.1565,1.7295053614674316,51993.580969999995,53693.56158,79944.48173,80738.51116,718,204
4,TIA,crypto,hyperliquid,TIA,0.430515,0.23228264151908817,5324.337269000001,15032.347225,46455.551745,48180.745843000004,711,193
4,ADA,crypto,hyperliquid,ADA,0.242395,1.237725884972729,88878.66475,159485.16478,88878.66475,159485.16478,714,193
4,PENDLE,crypto,hyperliquid,PENDLE,2.32325,2.1523891519592553,19640.5791,8944.006300000001,33850.3222,12288.5244,882,199
4,NEAR,crypto,hyperliquid,NEAR,4.64605,0.21523891519548144,65339.20693,191792.61639,65339.20693,191792.61639,900,188
4,NEAR,crypto,lighter,10,4.651045,2.6019043359348792,35613.050881,96706.457072,1198023.845934,1612747.665675,,224
4,PYTH,crypto,hyperliquid,PYTH,0.0794175,6.1718287506451475,969.874414,3060.121081,22860.439387,19500.164718,905,186
4,JUP,crypto,hyperliquid,JUP,0.322905,0.3096934035284882,14564.70352,7874.60177,24898.48906,12845.10783,462,204
4,JTO,crypto,hyperliquid,JTO,0.5419,1.8455292054997408,45265.08889,5373.29759,48647.71666,8312.83319,465,188
4,WIF,crypto,hyperliquid,WIF,0.23039500000000002,0.4340466166063983,8626.24225,14987.73935,51234.37202,55052.60671,459,178
4,ONDO,crypto,hyperliquid,ONDO,0.507945,0.1968736464941223,403504.4917499999,34596.00808,410071.8247899999,34596.00808,508,192
4,STRK,crypto,hyperliquid,STRK,0.04156,4.813477737666272,4271.001501,6815.742503,67873.683729,79674.935953,649,189
4,TAO,crypto,hyperliquid,TAO,300.79499999999996,0.9974067424711741,36334.77504,34721.99442,36334.77504,34721.99442,648,185
4,ETHFI,crypto,hyperliquid,ETHFI,0.684355,2.192085111356601,4991.265079,5016.410486,5776.909799,15155.279369,650,184
4,ENA,crypto,hyperliquid,ENA,0.249805,0.400320256206399,75974.43326,54974.576890000004,75974.43326,55706.00239,705,196
4,ENA,crypto,lighter,29,0.24989,1.600832432864241,138177.443667,156639.326397,1405078.150925,1204124.124963,,221
4,HBAR,crypto,hyperliquid,HBAR,0.118595,0.8432414200187921,19812.27855,26632.53076,58709.54377,205893.09876999998,294,194
4,EIGEN,crypto,hyperliquid,EIGEN,0.24780000000000002,8.074283407348837,3557.4953699999996,2423.838221,36440.57307,35444.811875,296,194
4,GRASS,crypto,hyperliquid,GRASS,0.651905,2.3012135065880734,21199.801794,1889.00096,33694.772107,11599.980812,344,189
4,PURR,crypto,hyperliquid,PURR,0.13931,4.30786904078051,450.75234,347.5096199999999,945.9055000000001,1031.52145,495,200
4,PURR,spot,hyperliquid,PURR/USDC,0.139025,9.355210132411251,214.81028,281.37906999999996,1529.15819,48936.45744,488,191
4,XLM,crypto,hyperliquid,XLM,0.22683,1.763590670604831,76128.45141,35382.42384,84121.21528,45834.76698,603,281
4,HYPE,crypto,hyperliquid,HYPE,86.8105,0.11519410206162206,94472.2034,160594.41692,94472.2034,160594.41692,548,203
4,HYPE,spot,hyperliquid,@107,86.8395,0.11515563283825969,156564.91209,102690.60907,156564.91209,102690.60907,689,200
4,HYPE,crypto,lighter,24,86.80305,1.4862333317200438,554159.543899,743537.125004,2077691.343778,2363437.9932480003,,237
4,VIRTUAL,crypto,hyperliquid,VIRTUAL,0.7999700000000001,1.7502187773454914,9282.701213,24983.321922,12586.911203,26525.624202,731,182
4,PENGU,crypto,hyperliquid,PENGU,0.009152500000000001,1.092657342656178,20592.0605,35096.535923999996,68597.719205,171040.74449299998,793,189
4,FARTCOIN,crypto,hyperliquid,FARTCOIN,0.16381,2.442151535504422,16071.856926,31174.648663,51934.004754,52578.282886,372,241
4,SPX,crypto,hyperliquid,SPX,0.40486500000000003,2.717324176775282,2832.435332,8802.318315999999,10822.910667,15068.219042,453,280
4,MORPHO,crypto,hyperliquid,MORPHO,2.4387499999999998,2.050440844783008,8151.254859999999,2965.2630999999997,11836.29912,14483.98462,392,217
4,TRUMP,crypto,hyperliquid,TRUMP,1.9626,1.0191082802557538,40917.119510000004,50078.398,67363.53222000001,72647.89397,426,191
4,VVV,crypto,hyperliquid,VVV,26.8615,0.3722869587874378,398018.1695,9218.47605,409583.08831,12786.38507,564,191
4,PAXG,crypto,hyperliquid,PAXG,4142.85,0.24138263975848062,298847.0053,219364.7439,298847.0053,219364.7439,582,188
4,SYRUP,crypto,hyperliquid,SYRUP,0.2262,4.421843908910539,1133.25903,5612.89244,9667.97856,24615.08896,616,189
4,PUMP,crypto,hyperliquid,PUMP,0.004800499999999999,2.083333333333659,35948.151193000005,42221.500845,315113.918405,332563.023348,638,184
4,PUMP,crypto,lighter,45,0.0048000000000000004,4.167534903103398,101208.419928,94070.97485500001,1163792.474992,974328.810205,,214
4,XPL,crypto,hyperliquid,XPL,0.0959415,0.10423072513310316,11825.126477,3045.483597,12025.238309,3045.483597,774,191
4,SKY,crypto,hyperliquid,SKY,0.077711,4.118669155028787,9176.18157,5532.960948,13900.707336,13408.019113,805,188
4,ASTER,crypto,hyperliquid,ASTER,0.70394,1.9890036512437703,24046.76202,58021.517009999996,24046.76202,58021.517009999996,299,187
4,ZEC,crypto,hyperliquid,ZEC,1378.25,0.7255840951958525,540219.6900000001,759697.766,972090.9060000001,1345633.767,440,192
4,ZEC,crypto,lighter,90,1379.4095000000002,0.8337248215095627,314348.967148,633555.424108,4085242.668537,5759794.16385,,72
4,MON,crypto,hyperliquid,MON,0.02709,0.7383070619071397,8100.293308,14380.256051,9785.42497,21093.051015,469,190
4,CC,crypto,hyperliquid,CC,0.13247,3.020007550018633,13427.233020000001,6232.8445,37414.08775,35321.7136,488,188
4,ICP,crypto,hyperliquid,ICP,3.2277500000000003,7.748334108166333,3157.9458000000004,13788.88054,44118.1226,46939.13426,514,187
4,AERO,crypto,hyperliquid,AERO,0.82526,2.908597328938889,4137.07344,11086.44,4347.29256,11086.44,634,193
4,LIT,crypto,hyperliquid,LIT,4.35325,1.6081233200848644,10221.2275,21867.4201,10221.2275,21867.4201,659,188
4,LIT,crypto,lighter,120,4.3503,2.298956273849573,15361.341482,75457.297182,308762.477964,284950.106028,,59
4,XMR,crypto,hyperliquid,XMR,539.77,3.33530981322383,10011.21803,39561.05801,10011.21803,40069.54618,704,189
4,DASH,crypto,hyperliquid,DASH,59.574,2.0145044319108685,7299.48708,3239.77123,8208.70504,5559.40762,773,222
4,SKR,crypto,hyperliquid,SKR,0.018299,1.0930156301247607,6623.688816,2598.2992520000003,19634.591374,7907.8976170000005,291,191
4,AZTEC,crypto,hyperliquid,AZTEC,0.0183685,3.8115981486530615,690.317392,5146.171565,15644.816042,29222.770138,365,241
4,CHIP,crypto,hyperliquid,CHIP,0.0426195,0.23463713367366523,1086.537797,5730.93886,11338.078418000001,18340.181546,356,187
4,GRAM,crypto,hyperliquid,GRAM,1.5479500000000002,1.9382349140717459,15864.9748,22436.7833,26140.9013,55750.875400000004,435,197
4,CASHCAT,crypto,hyperliquid,CASHCAT,0.17066,7.033997655334634,1340.0054,2852.48556,7905.18031,10550.05508,485,193
4,PONS,crypto,hyperliquid,PONS,0.525805,3.9946737683105304,17096.8357,2570.08341,42602.28572,5781.02165,549,191
4,USELESS,crypto,hyperliquid,USELESS,0.232045,0.43096017928068164,2604.36716,2759.14584,10438.919240000001,5524.9147,551,185
4,US100,indices,hyperliquid,xyz:XYZ100,30163.5,0.3315320094166019,3519229.4491,3568443.4003000003,3519229.4491,3568443.4003000003,631,195
4,US100,indices,lighter,181,30163.5,0.9946290033813199,1254378.783614,1295071.3155389999,3221898.320041,2646981.983811,,208
4,TSLA,stocks,hyperliquid,xyz:TSLA,356.955,0.28015128169078807,186394.71862,157204.66258,186394.71862,157204.66258,740,190
4,TSLA,stocks,lighter,112,357.0,0.5602397826254268,306314.291886,219584.087677,949818.612995,928179.851107,,212
4,NVDA,stocks,hyperliquid,xyz:NVDA,228.29000000000002,0.8761170492377346,798089.04222,702444.8375100001,798089.04222,702444.8375100001,821,188
4,NVDA,stocks,lighter,110,228.394,0.17513748292286024,772726.464673,700810.190895,1573601.23717,1483519.901426,,217
4,XAU,commodities,hyperliquid,xyz:GOLD,4134.05,0.2418964683115199,1748487.13958,1287089.33176,1748487.13958,1287089.33176,384,184
4,XAU,commodities,lighter,92,4136.88,0.5318158853384602,797088.8765209999,1257380.083675,2798397.2697219998,2415584.211241,,60
4,HOOD,stocks,hyperliquid,xyz:HOOD,115.36,1.73385348938071,173418.6762,149961.32908,331948.92747,287988.82181,499,217
4,INTC,stocks,hyperliquid,xyz:INTC,114.225,0.8755034144636298,371728.2625,755841.5882,696189.0532,1055727.1944,477,192
4,PLTR,stocks,hyperliquid,xyz:PLTR,186.495,1.6087516087526232,113455.89037,95419.83077,124222.28255999999,108287.14916999999,561,187
4,COIN,stocks,hyperliquid,xyz:COIN,191.24,1.045861005073423,100869.78896,117749.19178,107768.24339,163801.36756,583,198
4,META,stocks,hyperliquid,xyz:META,714.7,0.8395483230039247,152542.25192,149700.74656,152542.25192,149700.74656,730,251
4,META,stocks,lighter,117,715.05,0.5594170873957083,236953.954423,162773.82954500002,812276.5966299999,856531.447925,,48
4,AAPL,stocks,hyperliquid,xyz:AAPL,337.445,0.2963489805596353,162099.81289,196607.01399,162099.81289,196607.01399,742,192
4,AAPL,stocks,lighter,113,337.3985,0.2667504460673875,204470.714761,320972.690979,1113340.033384,892429.049349,,52
4,MSFT,stocks,hyperliquid,xyz:MSFT,507.33500000000004,0.5913427422532536,151735.16769,96661.61804,151735.16769,96661.61804,781,197
4,MSFT,stocks,lighter,115,507.56,1.5762925598994393,126784.529453,78737.863864,673939.9300780001,526522.346759,,48
4,ORCL,stocks,hyperliquid,xyz:ORCL,132.79500000000002,0.7530687551793314,119730.21566,104869.99588,324045.66730000003,196448.36795,340,192
4,GOOGL,stocks,hyperliquid,xyz:GOOGL,341.83,0.5851032707271386,158119.25657,132843.10073,158119.25657,132843.10073,407,192
4,GOOGL,stocks,lighter,116,342.03999999999996,1.1695222501617586,125707.26191,139143.070432,978174.3164090001,745117.4255669999,,48
4,AMZN,stocks,hyperliquid,xyz:AMZN,246.01999999999998,0.812975082313816,190664.06299,117192.35125,190664.06299,117192.35125,456,191
4,AMZN,stocks,lighter,114,246.07150000000001,0.36575404259719946,301972.403082,229711.799777,922327.693569,686729.399241,,46
4,AMD,stocks,hyperliquid,xyz:AMD,604.8399999999999,1.653466492501643,65322.29542,58310.242099999996,65322.29542,58310.242099999996,506,184
4,MU,stocks,hyperliquid,xyz:MU,1051.05,0.9514747859173944,771274.201,1141439.8998999998,1638547.0039000001,2050264.5883,541,200
4,SNDK,stocks,hyperliquid,xyz:SNDK,1698.65,0.588720122454145,984670.9711,1354263.9312,1230757.8084,2154154.6226,596,188
4,SNDK,stocks,hyperliquid,io:SNDK,1699.1,1.1771630370804864,12230.32538,90984.5027,99355.44138999999,112909.2733,647,190
4,SNDK,stocks,lighter,139,1698.6399999999999,0.23548527628314275,620571.218332,476726.30183199997,3013781.266159,2786170.846277,,232
4,MSTR,stocks,hyperliquid,xyz:MSTR,155.70499999999998,0.6422607578682182,108217.37744,274310.79393,196262.74331,463294.69388,727,185
4,CRCL,stocks,hyperliquid,xyz:CRCL,85.03,1.8818658700081592,76443.629747,79466.326539,76443.629747,79466.326539,792,195
4,NFLX,stocks,hyperliquid,xyz:NFLX,69.26050000000001,0.43315670165577913,17604.570241,27849.406351999998,17604.570241,27849.406351999998,296,201
4,LLY,stocks,hyperliquid,xyz:LLY,1186.8,3.3709758975231097,30239.07604,17406.13382,134528.05276,61800.43346,362,187
4,SKHX,stocks,hyperliquid,xyz:SKHX,1294.25,0.7726781023009721,878689.95,1138296.28,1576141.6901,1782085.0354,371,184
4,TSM,stocks,hyperliquid,xyz:TSM,447.765,1.563442253142977,40987.729139999996,48623.4257,40987.729139999996,62816.830649999996,427,188
4,USDJPY,fx,hyperliquid,xyz:JPY,157.35500000000002,1.9066988686922137,318398.6386,557881.4212,652367.299,864298.7986,488,190
4,USDJPY,fx,lighter,98,157.288,2.92499920516498,18170.923656,64908.335495,1257800.825601,2595825.346891,,56
4,EURUSD,fx,hyperliquid,xyz:EUR,1.13665,0.8798169980650528,381838.48717000004,106819.84697,651543.60317,369218.83728,560,188
4,EURUSD,fx,lighter,96,1.137695,0.08789740614689734,37511.586407999996,63581.116128,1935468.589406,2252400.408675,,59
4,XAG,commodities,hyperliquid,xyz:SILVER,60.5475,0.1651609493458217,824065.92949,761703.29842,824065.92949,761703.29842,629,201
4,XAG,commodities,lighter,93,60.58535,0.7097677243850242,862043.414819,1164522.617183,2795209.135436,2401467.795899,,51
4,BABA,stocks,hyperliquid,xyz:BABA,107.645,2.787326953452851,76857.0177,100227.16213,174715.88525,166376.05454,675,186
4,WTI,commodities,hyperliquid,xyz:CL,94.08,0.425179106697815,384311.385763,390431.75624099997,384311.385763,390431.75624099997,726,193
4,WTI,commodities,lighter,145,94.06299999999999,0.21262571495261895,497047.050706,548686.134652,1685684.883502,1768231.745838,,52
4,COPPER,commodities,hyperliquid,xyz:COPPER,6.612550000000001,1.36114093858275,28220.01632,55977.182206,28220.01632,55977.182206,408,335
4,NATGAS,commodities,hyperliquid,xyz:NATGAS,3.137,1.2751849018100003,80715.46958,100007.49055,80715.46958,100007.49055,495,407
4,SMSN,stocks,hyperliquid,xyz:SMSN,199.125,1.5067048365202673,149560.95292,134577.14958,153287.32128,137027.7126,436,301
4,XPT,commodities,hyperliquid,xyz:PLATINUM,1702.0,2.350452462098751,42066.7497,56557.27146,45845.53853,78190.86252,458,273
4,USAR,stocks,hyperliquid,xyz:USAR,14.4455,0.6922810661125212,17310.76978,408.30414,37611.388829999996,12951.424219999999,600,190
4,CRWV,stocks,hyperliquid,xyz:CRWV,84.233,0.4748845436952642,69383.26468000001,64346.616980000006,77757.56488,65798.60738,634,196
4,GME,stocks,hyperliquid,xyz:GME,23.915,3.3457404541836766,9277.41601,15172.72572,19427.7293,26319.670990000002,651,191
4,SOFTBANK,stocks,hyperliquid,xyz:SOFTBANK,38.318,0.5219615314366877,12246.934167,5049.787792,182433.049281,205539.105607,685,189
4,JP225,indices,hyperliquid,xyz:JP225,65268.0,9.810534060947784,8376.09379,359273.57867,11846.1838,366548.50417,793,192
4,KIOXIA,stocks,hyperliquid,xyz:KIOXIA,112.6,7.10732054015617,137.28044,117.96781,12786.079020000001,152867.39835,277,188
4,EWY,stocks,hyperliquid,xyz:EWY,183.615,1.6339869281045694,258138.43448999999,287218.8013,308696.81591,324035.30369,297,191
4,BRENTOIL,commodities,hyperliquid,xyz:BRENTOIL,99.63499999999999,0.2007346889620898,208716.84581,112641.40105,208716.84581,112641.40105,392,252
4,BRENTOIL,commodities,lighter,159,99.58500000000001,1.004217714402067,584879.237545,525424.128036,1961162.196012,1749131.818254,,55
4,HIMS,stocks,hyperliquid,xyz:HIMS,28.692,6.275494195167042,5194.29754,7481.369320000001,23984.60305,8930.19872,466,188
4,US500,indices,hyperliquid,xyz:SP500,7664.05,0.1304801670154454,1595198.7711,1988225.9869,1595198.7711,1988225.9869,493,195
4,US500,indices,hyperliquid,mkts:US500,763.8299999999999,0.5236904465788506,39006.99499,32510.377590000004,39006.99499,32510.377590000004,488,183
4,US500,indices,lighter,180,7665.45,0.6522987006207792,1114130.7156699998,829091.4050319999,13769769.007315,13734957.159386998,,209
4,LITE,stocks,hyperliquid,xyz:LITE,912.655,2.3012437674641006,73886.41058,69926.03216,76535.69454,69926.03216,655,188
4,PURRDAT,stocks,hyperliquid,xyz:PURRDAT,12.033000000000001,18.299783729829322,240.44,481.78,5713.016,57086.411,680,190
4,MRVL,stocks,hyperliquid,xyz:MRVL,249.74,1.6017940092893923,128353.9915,173252.67919999998,128353.9915,189180.1852,684,189
4,RKLB,stocks,hyperliquid,xyz:RKLB,71.785,2.229126321802166,102435.9717,54385.87764,102435.9717,54971.561089999996,791,187
4,DRAM,stocks,hyperliquid,xyz:DRAM,59.979,0.33345560038533506,87829.2374,108753.2901,87829.2374,108753.2901,303,189
4,CBRS,stocks,hyperliquid,xyz:CBRS,197.16,1.0144559979696766,64997.5211,88218.1841,127575.6167,133116.1448,328,189
4,ARM,stocks,hyperliquid,xyz:ARM,281.85,2.129018522460946,66900.3013,35695.7926,90381.3067,69073.41040000001,338,195
4,GBPUSD,fx,hyperliquid,xyz:GBP,1.3242,6.04320894394883,165603.35239999997,159825.86,395520.3622,332372.3704,436,185
4,GBPUSD,fx,lighter,97,1.324225,1.13280217498124,59992.132014,24711.626653,2510440.918932,2292065.2111670002,,217
4,SPCX,stocks,hyperliquid,xyz:SPCX,145.785,0.6859651529689259,1482202.3627,1363263.1137,1920702.0655,2101490.2643,524,194
4,SPCX,stocks,lighter,194,145.815,0.6858240175566799,810809.290756,867354.5805139999,1291379.571964,1182395.035703,,208
4,MINIMAX,stocks,hyperliquid,xyz:MINIMAX,31.5245,3.4899584377678927,24268.06489,29820.7569,34701.88275,37214.07057,622,185
4,BB,stocks,hyperliquid,xyz:BB,8.71165,1.951600312255497,7202.948509999999,4454.21081,50825.936839999995,21800.81595,714,192
4,QNT,stocks,hyperliquid,xyz:QNT,48.979,9.804922888367873,391.12542999999994,510.16147,1844.4685299999999,2442.04666,723,197
4,DELL,stocks,hyperliquid,xyz:DELL,539.51,2.966093839795736,49120.0732,34293.2647,49120.0732,34293.2647,739,190
4,AVGO,stocks,hyperliquid,xyz:AVGO,348.45000000000005,1.7220595832623253,176427.9251,37644.3993,183194.8367,74850.8097,276,189
4,NBIS,stocks,hyperliquid,xyz:NBIS,229.43,1.7436031559214804,53139.8785,127963.4823,88959.2448,137141.2368,368,189
4,NBIS,stocks,hyperliquid,io:NBIS,229.555,1.3069617495853336,9695.0534,15267.6564,18507.5144,24954.4498,375,186
4,WDC,stocks,hyperliquid,xyz:WDC,450.595,2.8854904223929445,10469.351980000001,15234.76195,35610.21345,56708.44478,411,207
4,BE,stocks,hyperliquid,xyz:BE,261.125,1.9149751053215702,42231.9212,38290.4309,69352.578,66445.0162,465,187
4,ZHIPU,stocks,hyperliquid,xyz:ZHIPU,78.9605,3.4200159600739077,29883.932001,47379.678,59634.087025,64781.029884,565,195
4,QCOM,stocks,hyperliquid,xyz:QCOM,186.73000000000002,2.1423598093295304,6267.8791,4519.730100000001,27205.2825,37097.1483,554,178
4,STRC,stocks,hyperliquid,xyz:STRC,99.10300000000001,3.4313626546644826,4487.0163999999995,4748.9496,138169.1126,143523.8641,597,185
4,AMAT,stocks,hyperliquid,xyz:AMAT,481.225,3.9490366429029145,23512.10283,21453.61618,28294.65492,42442.87878,650,183
4,SKHY,stocks,hyperliquid,xyz:SKHY,182.435,0.5481554568875779,536800.5574,599635.1778,643122.9614,695106.5111,739,184
4,CXMT,stocks,hyperliquid,xyz:CXMT,8.2056,3.4128860827387086,27319.14984,52636.78935,93133.11433,123372.63172,759,193
4,KORU,stocks,hyperliquid,xyz:KORU,20.347,1.9660850331781887,23782.6309,74033.5851,109035.8488,211162.2589,784,186
4,UNITREE,stocks,hyperliquid,xyz:UNITREE,67.7305,1.03356120896958,22951.61624,9484.69278,22951.61624,9484.69278,340,214
4,SOXL,stocks,hyperliquid,xyz:SOXL,138.98000000000002,1.4391595308338445,175681.8302,289808.9411,408353.4657,516899.6469,409,194
4,IREN,stocks,hyperliquid,xyz:IREN,41.512,2.8911482677207445,597.5208,22956.3339,597.5208,137866.1784,440,205
4,AAOI,stocks,hyperliquid,xyz:AAOI,95.52850000000001,1.5703353189344682,6261.47377,15677.7743,9197.561819999999,19058.75329,452,192
4,MRNA,stocks,hyperliquid,xyz:MRNA,194.985,3.59066427289223,58254.7781,29282.1889,347105.9022,318959.9361,568,227
4,BMNR,stocks,hyperliquid,xyz:BMNR,26.797,3.7324574499852936,901.82545,13591.33612,8489.32364,29494.28664,609,199
4,US10Y,rates,hyperliquid,para:10Y,5.25545,5.13884395043851,26499.17191,11776.69166,97612.085,162286.17413,633,192
4,US10Y,rates,lighter,227,95.185,3.1522538615114115,119999.605235,21129.61792,1122672.664949,972594.6452810001,,57
4,30Y,unclassified,hyperliquid,para:30Y,5.5555,1.8001800180034166,36498.87203,1999.6044,76237.25680999999,75259.54989,702,190
4,2Y,unclassified,hyperliquid,para:2Y,4.889950000000001,290.24896265560153,0,0,62076.14517,82471.41486,776,207
4,USTECH,indices,hyperliquid,mkts:USTECH,733.44,1.6362595107577427,27374.66303,32624.36735,27374.66303,32624.36735,795,185
4,OAI,preipo,hyperliquid,io:OAI,1623.65,3.0799556486393875,1356.4472,6044.593,9134.37,63793.095499999996,821,186
4,ANTH,preipo,hyperliquid,io:ANTH,2055.95,0.48640498078622585,8217.905,10484.9809,9109.167,12469.1389,329,190
5,BTC,crypto,hyperliquid,BTC,83031.5,0.12043694523677928,5210658.8996,2958799.91977,5210658.8996,2958799.91977,488,190
5,BTC,spot,hyperliquid,@142,83044.5,0.12041809161367212,665797.5131399999,447460.94461,665797.5131399999,447460.94461,493,192
5,BTC,crypto,lighter,1,83024.70000000001,0.38543489703446454,4769691.375101,3460593.868249,4769691.375101,3460593.868249,,54
5,ETH,crypto,hyperliquid,ETH,2664.95,0.37524860219795286,12691923.89515,9962555.520680001,12691923.89515,9962555.520680001,491,189
5,ETH,spot,hyperliquid,@151,2663.25,0.37548813457632946,424824.06103,472074.27151,424824.06103,472074.27151,553,199
5,ETH,crypto,lighter,0,2664.065,0.4879879879893245,5670368.807463,5704133.954153,5670368.807463,5704133.954153,,207
5,SOL,crypto,hyperliquid,SOL,117.795,0.8489685032686545,3143841.3411,3053684.48,5259687.7398,4778063.7731,684,191
5,SOL,spot,hyperliquid,@156,117.755,0.8492569002127581,237900.97962,198239.07064,348365.39664,357078.40269,680,185
5,SOL,crypto,lighter,2,117.783,0.6792382343201453,1237464.470544,1112200.258316,3427662.791514,2823522.682604,,195
5,AVAX,crypto,hyperliquid,AVAX,10.419,1.9197542714533,96834.27246,45159.70219,248130.94676999998,155598.49229,344,193
5,BNB,crypto,hyperliquid,BNB,758.44,0.2637026488949701,111208.21682,57113.73487,111208.21682,57113.73487,347,193
5,OP,crypto,hyperliquid,OP,0.129815,0.7703566751393609,19502.320761,18900.710297,85101.62332,91440.8447,387,219
5,LTC,crypto,hyperliquid,LTC,67.86449999999999,0.14735353058847878,37360.98764,57197.5793,37360.98764,57197.5793,408,189
5,ARB,crypto,hyperliquid,ARB,0.196435,0.5090872066393359,27880.798922,50952.897121,45516.939036,53673.007691,545,200
5,DOGE,crypto,hyperliquid,DOGE,0.0931335,0.10737332631904906,160776.506984,175159.595686,160776.506984,175159.595686,548,200
5,SUI,crypto,hyperliquid,SUI,1.1157499999999998,0.8962982880711401,84505.76621,119415.49290000001,276389.29813,250253.93881,578,190
5,CRV,crypto,hyperliquid,CRV,0.38632500000000003,1.294330830960977,12384.566966,30595.203187,19207.845373,51048.523821999996,592,182
5,LDO,crypto,hyperliquid,LDO,0.43329,2.7698912817664123,9298.16316,49949.065568,9298.16316,49949.065568,756,210
5,LINK,crypto,hyperliquid,LINK,14.8575,0.6730833950330251,139705.39740000002,118971.05189999999,196108.78280000002,168053.0975,749,199
5,XRP,crypto,hyperliquid,XRP,1.4888499999999998,0.671681891455389,1765494.9024,783603.6573,2118421.8845,1179869.1605,764,185
5,XRP,crypto,lighter,7,1.4881055,2.1170094653832905,337543.290991,324814.12404699996,7512361.606252001,7323081.9864799995,,54
5,BCH,crypto,hyperliquid,BCH,304.69500000000005,2.297643274469241,45238.568549999996,37614.24614,45238.568549999996,54238.58911,325,210
5,APT,crypto,hyperliquid,APT,0.8181499999999999,3.6674816625925644,28629.676392999998,9770.589666,115486.974175,90976.775316,413,196
5,AAVE,crypto,hyperliquid,AAVE,147.49,1.356116083537362,64561.5906,68381.8885,83380.4303,130772.3224,407,183
5,WLD,crypto,hyperliquid,WLD,0.47426500000000005,0.21085480538030055,22929.422452,83522.989743,22929.422452,83522.989743,435,203
5,WLD,crypto,lighter,6,0.47434,2.9519050329973595,102916.058585,58541.90409900001,1028706.2235590001,932316.613643,,49
5,TRX,crypto,hyperliquid,TRX,0.33431,0.5982650314084736,39560.65101,38007.84514,39560.65101,38007.84514,572,195
5,UNI,crypto,hyperliquid,UNI,8.58055,0.11654332498167719,6503.13613,65461.2138,6503.13613,65461.2138,607,199
5,SEI,crypto,hyperliquid,SEI,0.0739995,0.6757030690440757,24709.604046,24080.055578,30510.748800999998,29804.519823,610,196
5,ZRO,crypto,hyperliquid,ZRO,1.5153,1.3199577613520752,9338.19926,17694.57695,20759.53081,32058.36157,654,217
5,DOT,crypto,hyperliquid,DOT,1.1571500000000001,2.592912705272621,49460.00626,56644.10358,82660.01369,87206.19689,300,273
5,TIA,crypto,hyperliquid,TIA,0.430595,2.0903495528989957,6613.383555,4061.318756,47331.877627,45987.804364,806,197
5,ADA,crypto,hyperliquid,ADA,0.24255,1.649280501381245,113107.24225,139215.85679,113107.24225,176351.16472,453,388
5,PENDLE,crypto,hyperliquid,PENDLE,2.3230000000000004,2.5832005855241924,16100.547,31247.3902,20787.5229,40680.3277,392,282
5,NEAR,crypto,hyperliquid,NEAR,4.64025,1.5086532037322797,45890.05418,51221.57778,45890.05418,51221.57778,460,199
5,NEAR,crypto,lighter,10,4.64604,3.616636528029904,31777.262624,52214.093216,888493.5924620001,1759101.5392739999,,214
5,PYTH,crypto,hyperliquid,PYTH,0.07949,6.543843753146206,967.1270930000001,12796.043094999999,24165.004057000002,26745.54754,589,196
5,JUP,crypto,hyperliquid,JUP,0.32320499999999996,0.9282465422821851,14092.47061,6141.74279,18020.28997,14199.49556,644,190
5,JTO,crypto,hyperliquid,JTO,0.54308,1.1048706380623052,22362.983659999998,7167.50381,25262.72181,12196.83937,640,178
5,WIF,crypto,hyperliquid,WIF,0.23085,0.8664009703696074,7166.7174700000005,23336.511300000002,45979.69891,63553.52085,717,199
5,ONDO,crypto,hyperliquid,ONDO,0.509055,0.5893446487492682,34223.01471,41872.34916,34223.01471,41872.34916,778,188
5,STRK,crypto,hyperliquid,STRK,0.041565000000000005,2.406159769008376,1548.06087,6614.3104619999995,63310.109127,82944.343635,288,190
5,TAO,crypto,hyperliquid,TAO,300.995,1.6612951456940195,35388.77173,105465.91644,35388.77173,105465.91644,292,191
5,ETHFI,crypto,hyperliquid,ETHFI,0.68483,1.1682413586644458,7122.616901,5819.991981,7856.962043,5872.9853969999995,396,222
5,ENA,crypto,hyperliquid,ENA,0.25,1.6001280102417859,87425.37935,54822.2501,98059.30855,65842.14164,425,189
5,ENA,crypto,lighter,29,0.25007999999999997,3.199488081908619,161979.24585500002,185808.767545,1325578.728291,1102268.745865,,54
5,HBAR,crypto,hyperliquid,HBAR,0.11876500000000001,0.8420343550019638,20702.04393,22266.56658,64948.63269,199399.95137999998,479,186
5,EIGEN,crypto,hyperliquid,EIGEN,0.24795,4.033884630898488,2355.8731239999997,1254.229021,27854.491200999997,33873.119168000005,535,191
5,GRASS,crypto,hyperliquid,GRASS,0.651845,5.984807795595959,3918.295944,1649.798136,15809.48286,8937.530922,588,191
5,PURR,crypto,hyperliquid,PURR,0.139395,3.58757264834475,406.19277,391.75284,893.36275,982.88479,617,191
5,PURR,spot,hyperliquid,PURR/USDC,0.139115,10.788262370542423,241.17227,272.11645000000004,1671.39185,48040.68401,668,188
5,XLM,crypto,hyperliquid,XLM,0.227045,2.202449123425154,26659.85658,31720.45801,35997.19569,74924.45289,727,190
5,HYPE,crypto,hyperliquid,HYPE,86.845,0.23029800562124336,57218.48691,94304.57948,57218.48691,94304.57948,270,207
5,HYPE,spot,hyperliquid,@107,86.87,0.920958718024778,103003.25051,79595.45762,103003.25051,79595.45762,286,194
5,HYPE,crypto,lighter,24,86.84295,2.0383697188086636,779575.937406,689630.919394,2813756.208869,2277017.893611,,231
5,VIRTUAL,crypto,hyperliquid,VIRTUAL,0.800915,1.3735234622780368,6187.231432,23904.478418,13736.909182,34593.065686,396,194
5,PENGU,crypto,hyperliquid,PENGU,0.009164499999999999,1.0912265386275877,18059.973602000002,36110.416553,56577.963124999995,182744.363257,462,191
5,FARTCOIN,crypto,hyperliquid,FARTCOIN,0.16394999999999998,2.440065881779141,13168.90357,30774.61052,40495.717814999996,56591.468398,476,188
5,SPX,crypto,hyperliquid,SPX,0.404925,2.22288085358624,2437.2886129999997,9379.098608,7800.710498,20189.627147,560,184
5,MORPHO,crypto,hyperliquid,MORPHO,2.43965,1.2297601967614646,5671.88854,6071.50139,9739.7734,16442.22653,591,194
5,TRUMP,crypto,hyperliquid,TRUMP,1.963,1.0189006062466532,37104.68454,61113.51877,69989.33,84504.64393,647,184
5,VVV,crypto,hyperliquid,VVV,26.8615,0.3722869587874378,383568.45704,6295.57327,391953.07419,9211.51411,661,183
5,PAXG,crypto,hyperliquid,PAXG,4143.95,0.24131856463771584,339981.3068,249563.4797,339981.3068,249563.4797,755,194
5,SYRUP,crypto,hyperliquid,SYRUP,0.22612500000000002,6.635700066357497,1410.084,2287.43241,10584.135989999999,27774.56405,783,190
5,PUMP,crypto,hyperliquid,PUMP,0.0048085,2.079866888520243,30577.130388999998,42516.138404,208864.72980499998,406028.090252,280,192
5,PUMP,crypto,lighter,45,0.0048070000000000005,4.161464835621409,73532.057438,24508.189866999997,1018674.5630569999,865170.038144,,74
5,XPL,crypto,hyperliquid,XPL,0.0959165,0.5213003315485132,13268.992522,14551.487642999999,13669.024322000001,14551.487642999999,373,196
5,SKY,crypto,hyperliquid,SKY,0.077666,4.893943101473841,7353.812186,3039.452014,15229.318114,13717.33005,391,195
5,ASTER,crypto,hyperliquid,ASTER,0.70394,1.420676526162623,13214.47603,48284.47312,13214.47603,48284.47312,446,221
5,ZEC,crypto,hyperliquid,ZEC,1377.75,0.7258474268700965,472000.825,489250.391,1238378.264,972727.8250000001,466,185
5,ZEC,crypto,lighter,90,1378.7305000000001,1.1097780879043562,204491.583496,265682.189015,5771366.65523,5736487.80915,,229
5,MON,crypto,hyperliquid,MON,0.0271035,0.36896284544285507,8455.933079999999,47876.784245999996,10471.351951,55917.367062,582,190
5,CC,crypto,hyperliquid,CC,0.13316,6.009615384616751,7807.52753,5958.67968,40837.69972,44284.94309,650,203
5,ICP,crypto,hyperliquid,ICP,3.2347,7.4222978197013845,3659.24184,57736.32066,44352.46823,76164.15367,677,209
5,AERO,crypto,hyperliquid,AERO,0.82481,1.212473931810898,4559.07477,3622.7187400000003,4559.07477,3622.7187400000003,773,189
5,LIT,crypto,hyperliquid,LIT,4.3545,1.837348705817643,14931.3155,17697.7434,14931.3155,17697.7434,801,197
5,LIT,crypto,lighter,120,4.3522,1.8383197757243508,28383.11161,54571.092459,236483.306124,299288.088914,,51
5,XMR,crypto,hyperliquid,XMR,539.78,1.8527782409738514,33618.45599,14236.673999999999,33618.45599,14236.673999999999,863,185
5,DASH,crypto,hyperliquid,DASH,59.539,3.6957398199155556,9055.8968,54675.8572,46603.758929999996,65381.91073999999,284,191
5,SKR,crypto,hyperliquid,SKR,0.018299000000000003,2.1861507350928733,4121.83227,3088.102575,19654.216713,12238.501752,429,202
5,AZTEC,crypto,hyperliquid,AZTEC,0.018351,4.360385894153218,1591.7814700000001,3372.0909110000002,13979.638794,22624.011807,447,191
5,CHIP,crypto,hyperliquid,CHIP,0.042610999999999996,1.8776257422481457,3336.522831,4986.843459,12793.578871,16154.007503,508,191
5,GRAM,crypto,hyperliquid,GRAM,1.5531,3.863987635239763,15314.9707,15993.924,28010.5913,34864.1342,481,195
5,CASHCAT,crypto,hyperliquid,CASHCAT,0.17025,5.87544065804968,985.60093,1990.62247,10025.19487,10431.6887,556,190
5,PONS,crypto,hyperliquid,PONS,0.526445,0.18995517057973643,17480.18057,6286.44652,17480.18057,14051.2525,592,208
5,USELESS,crypto,hyperliquid,USELESS,0.232495,2.1508151589455515,2742.06405,5168.34912,9028.10123,12433.42081,694,184
5,US100,indices,hyperliquid,xyz:XYZ100,30169.5,0.3314660744480058,3296794.1879,3473297.6695,3296794.1879,3473297.6695,674,192
5,US100,indices,lighter,181,30173.0,1.3257764078078438,1454986.600686,1131781.93516,3095739.102793,2546636.501053,,55
5,TSLA,stocks,hyperliquid,xyz:TSLA,357.015,0.2801041987621211,172471.61686,180269.73199,172471.61686,180269.73199,386,243
5,TSLA,stocks,lighter,112,357.085,0.28004928867453316,252765.556649,328383.399235,888218.831749,854912.96397,,225
5,NVDA,stocks,hyperliquid,xyz:NVDA,228.29000000000002,0.8761170492377346,586691.30037,628619.76876,586691.30037,628619.76876,390,208
5,NVDA,stocks,lighter,110,228.4105,0.13134333585851365,364926.523489,529084.396578,1166362.744864,1221088.816803,,219
5,XAU,commodities,hyperliquid,xyz:GOLD,4135.45,0.24181457658256633,1545309.42944,1172976.69423,1545309.42944,1172976.69423,572,185
5,XAU,commodities,lighter,92,4137.945,0.8458662516264148,665582.889643,1202307.188231,2365077.646778,3616780.931857,,69
5,HOOD,stocks,hyperliquid,xyz:HOOD,115.42,1.7329520838749168,110211.40071,148886.53614,289769.43759,335674.80951,583,189
5,INTC,stocks,hyperliquid,xyz:INTC,114.33500000000001,0.874661068837046,183822.2967,302681.5557,402522.0192,1183822.0497,652,206
5,PLTR,stocks,hyperliquid,xyz:PLTR,186.53500000000003,1.6084066051891277,90744.00329000001,127298.63351,109480.34344,129148.05129999999,661,200
5,COIN,stocks,hyperliquid,xyz:COIN,191.3,2.0911752404839667,79931.13308,149477.14081,98262.35728,230946.66388,766,193
5,META,stocks,hyperliquid,xyz:META,714.78,0.5596284067377333,99540.25368,166042.7409,99540.25368,166042.7409,763,179
5,META,stocks,lighter,117,715.135,0.1398347153669377,290057.807502,164382.54670500002,885778.187623,837651.181385,,46
5,AAPL,stocks,hyperliquid,xyz:AAPL,337.5,0.5926101514108773,126870.09317,239787.33144,126870.09317,239787.33144,311,198
5,AAPL,stocks,lighter,113,337.454,1.4225172628390403,193694.675711,324408.500038,1103598.702333,883327.577627,,215
5,MSFT,stocks,hyperliquid,xyz:MSFT,507.43,0.7883171399836186,96222.93096,297703.8652,96222.93096,297703.8652,404,189
5,MSFT,stocks,lighter,115,507.645,0.9849887711288474,137262.025903,68937.017819,662835.055011,479905.131365,,47
5,ORCL,stocks,hyperliquid,xyz:ORCL,132.755,2.2600572547837317,234889.38741,85933.64102,415729.71741,195421.49122,450,183
5,GOOGL,stocks,hyperliquid,xyz:GOOGL,341.935,0.8773982218057697,116141.98109,179538.3017,116141.98109,179538.3017,506,193
5,GOOGL,stocks,lighter,116,342.085,0.29232927970079814,122563.732233,153588.973276,982166.443805,730085.6911899999,,49
5,AMZN,stocks,hyperliquid,xyz:AMZN,246.075,0.40638842605744685,120988.27403,171721.14822,120988.27403,171721.14822,592,187
5,AMZN,stocks,lighter,114,246.11950000000002,1.2596300750900014,273115.871955,294237.228449,907568.6507110001,656414.555012,,211
5,AMD,stocks,hyperliquid,xyz:AMD,605.05,1.652892561982977,71085.53115000001,43193.32035,71085.53115000001,43193.32035,643,192
5,MU,stocks,hyperliquid,xyz:MU,1051.55,0.9510223490249992,683949.5664,1048161.7379,1398559.6613,1866873.1059,747,240
5,SNDK,stocks,hyperliquid,xyz:SNDK,1699.55,0.5884083553975294,1019332.9705,1535144.249,1144942.5779,1841944.9772,781,188
5,SNDK,stocks,hyperliquid,io:SNDK,1700.05,0.588235294116668,7267.86509,266527.65842999995,37610.42188,284283.6039,288,187
5,SNDK,stocks,lighter,139,1699.5149999999999,0.6472644251687143,239531.651429,359895.823357,2546326.436261,2606602.884391,,216
5,MSTR,stocks,hyperliquid,xyz:MSTR,155.785,0.6419309282312824,155735.76881,254740.34654,208000.1044,327679.56069,413,193
5,CRCL,stocks,hyperliquid,xyz:CRCL,85.059,1.4108849776017784,59471.252709,96101.37816,59471.252709,96101.37816,447,193
5,NFLX,stocks,hyperliquid,xyz:NFLX,69.26400000000001,1.1550678602367803,22591.888863,19105.792433,22591.888863,19105.792433,519,229
5,LLY,stocks,hyperliquid,xyz:LLY,1186.8,3.3709758975231097,30239.07604,17406.13382,136859.99300000002,61800.43346,522,189
5,SKHX,stocks,hyperliquid,xyz:SKHX,1294.65,0.7724393635100135,940986.0096,742218.613,1612294.4277000001,1559193.9711,611,197
5,TSM,stocks,hyperliquid,xyz:TSM,447.9,1.7862724958694898,42158.89832,57385.44509,42158.89832,71761.40465,629,181
5,USDJPY,fx,hyperliquid,xyz:JPY,157.33499999999998,1.9069412662098273,496038.67459999997,511157.0436,577730.7104999999,850721.353,710,190
5,USDJPY,fx,lighter,98,157.27800000000002,4.1972717733473885,19461.712476,56951.057328,1424308.461065,2551272.840521,,207
5,EURUSD,fx,hyperliquid,xyz:EUR,1.1367,1.759633996127885,380492.78748000006,104030.35882,629934.95916,339465.72731,799,187
5,EURUSD,fx,lighter,96,1.137695,0.08789740614689734,64044.51980599999,16064.297074,2056879.227214,2173564.711913,,51
5,XAG,commodities,hyperliquid,xyz:SILVER,60.5945,0.1650328415347957,1006086.54102,717168.9216700001,1006086.54102,717168.9216700001,342,206
5,XAG,commodities,lighter,93,60.6349,1.0885412887007284,718807.303754,1385287.445125,3203324.506637,3567923.714022,,53
5,BABA,stocks,hyperliquid,xyz:BABA,107.645,2.787326953452851,60323.523949999995,50547.22195,129951.33204,98934.94188,372,187
5,WTI,commodities,hyperliquid,xyz:CL,94.02350000000001,0.9572533211366085,227346.61095,507288.06092099997,227346.61095,507288.06092099997,419,200
5,WTI,commodities,lighter,145,94.00399999999999,0.8510638297876127,434337.90171,336853.61561700003,1769773.415161,1413398.547567,,48
5,COPPER,commodities,hyperliquid,xyz:COPPER,6.61415,0.1511921501040625,39364.792005999996,62421.750245,39364.792005999996,62421.750245,490,187
5,NATGAS,commodities,hyperliquid,xyz:NATGAS,3.1361,1.2755508785344816,98365.3457,62049.10976,98365.3457,62049.10976,542,199
5,SMSN,stocks,hyperliquid,xyz:SMSN,199.32,1.0034619437071512,135485.85402,130496.20889999998,143377.48505999998,135809.22697999998,562,189
5,XPT,commodities,hyperliquid,xyz:PLATINUM,1703.0,3.5238151171657073,39278.2217,50087.16387,71051.19252,78828.51273,645,225
5,USAR,stocks,hyperliquid,xyz:USAR,14.4455,0.6922810661125212,17241.05303,478.24214,39201.0575,14550.39488,703,212
5,CRWV,stocks,hyperliquid,xyz:CRWV,84.2995,1.7795283063626322,49687.007,75497.51977,113005.19177,86998.1926,734,191
5,GME,stocks,hyperliquid,xyz:GME,23.915,3.3457404541836766,9200.900810000001,15172.72572,19351.2141,26795.010420000002,755,192
5,SOFTBANK,stocks,hyperliquid,xyz:SOFTBANK,38.318,0.5219615314366877,16988.481799,5049.780251,192754.792855,206467.168695,836,190
5,JP225,indices,hyperliquid,xyz:JP225,65280.5,6.58912946873258,15171.71298,297095.14476,24568.14958,304981.28833,342,193
5,KIOXIA,stocks,hyperliquid,xyz:KIOXIA,112.525,6.22277535780924,92.10062,7821.53652,15904.405509999999,177415.65311,375,194
5,EWY,stocks,hyperliquid,xyz:EWY,183.68,1.088909457178655,215078.82274,296050.05662,231088.00795,312461.27777,603,402
5,BRENTOIL,commodities,hyperliquid,xyz:BRENTOIL,99.57249999999999,0.10042983971336739,182803.08061,308100.32129,182803.08061,308100.32129,707,425
5,BRENTOIL,commodities,lighter,159,99.525,1.004823151125045,975483.275461,410863.612077,2006683.772834,1588564.307495,,233
5,HIMS,stocks,hyperliquid,xyz:HIMS,28.692,6.275494195167042,5194.29754,8511.368110000001,21608.00313,9918.53031,566,190
5,US500,indices,hyperliquid,xyz:SP500,7665.85,0.1304495290765928,1696979.646,1403407.875,1696979.646,1403407.875,756,189
5,US500,indices,hyperliquid,mkts:US500,763.965,0.39269585705881127,42534.13796,48092.17718,42534.13796,48092.17718,764,186
5,US500,indices,lighter,180,7667.2,0.7825848778519884,532247.2260959999,409385.966136,13430477.224312,13280703.397767998,,216
5,LITE,stocks,hyperliquid,xyz:LITE,913.435,1.6422878164146226,76050.43167,120767.90559,76050.43167,120767.90559,381,189
5,PURRDAT,stocks,hyperliquid,xyz:PURRDAT,12.033000000000001,18.299783729829322,240.44,445.648,5233.454,48415.635,430,189
5,MRVL,stocks,hyperliquid,xyz:MRVL,249.88,1.6008965020408716,129535.9382,197330.378,129535.9382,197330.378,433,184
5,RKLB,stocks,hyperliquid,xyz:RKLB,71.7915,1.8109632931673225,88703.58882,57073.89957,88703.58882,57073.89957,492,187
5,DRAM,stocks,hyperliquid,xyz:DRAM,60.0,0.6666888896300627,127225.2926,118387.8136,127225.2926,118387.8136,575,193
5,CBRS,stocks,hyperliquid,xyz:CBRS,197.15499999999997,1.5217611849438484,46318.279800000004,87400.2102,93217.6248,128549.6723,617,186
5,ARM,stocks,hyperliquid,xyz:ARM,281.945,3.192621496985737,40872.149600000004,46281.9504,105481.3546,73174.0025,625,191
5,GBPUSD,fx,hyperliquid,xyz:GBP,1.3243,6.042752473751634,170611.5553,159540.2456,913963.2620999999,819308.2517,697,204
5,GBPUSD,fx,lighter,97,1.32428,1.9635237699677788,59992.132348,24684.954773,2510440.806986,2292038.539287,,219
5,SPCX,stocks,hyperliquid,xyz:SPCX,145.785,0.6859651529689259,1501703.1409,1408320.9998,1921447.9277000001,2091750.4894,805,187
5,SPCX,stocks,lighter,194,145.815,0.6858240175566799,796895.320768,856912.886492,1290330.825461,1173749.651351,,208
5,MINIMAX,stocks,hyperliquid,xyz:MINIMAX,31.5235,4.124758067074463,19340.74316,24979.16021,28054.70304,28260.88068,363,209
5,BB,stocks,hyperliquid,xyz:BB,8.7167,3.67178804603574,19065.551219999998,11424.48006,51716.798109999996,52032.6463,441,188
5,QNT,stocks,hyperliquid,xyz:QNT,48.9645,3.4725059236850875,35.737880000000004,722.69296,1169.45596,2354.76313,445,183
5,DELL,stocks,hyperliquid,xyz:DELL,539.8,1.8527095877729494,31190.5243,36994.9449,31336.1245,36994.9449,475,184
5,AVGO,stocks,hyperliquid,xyz:AVGO,348.53499999999997,2.008608321377725,120445.0895,56822.200000000004,198370.9441,67711.369,553,189
5,NBIS,stocks,hyperliquid,xyz:NBIS,229.53,2.614379084966423,51836.2052,160584.712,93374.91619999999,160584.712,631,188
5,NBIS,stocks,hyperliquid,io:NBIS,229.635,0.43548316857489056,3632.1045999999997,5290.3997,6898.037499999999,15971.439300000002,641,195
5,WDC,stocks,hyperliquid,xyz:WDC,450.725,3.7724125687921273,9697.71666,19865.92831,35305.91752,138394.83363,658,181
5,BE,stocks,hyperliquid,xyz:BE,261.24,2.297002411852933,12081.0481,51306.956,41395.4184,84502.6783,740,186
5,ZHIPU,stocks,hyperliquid,xyz:ZHIPU,78.9145,2.661462029809325,31275.135579,38972.112166,57531.512056,46705.480261,823,190
5,QCOM,stocks,hyperliquid,xyz:QCOM,186.75,1.0710078183562288,11007.7092,7494.7096,39582.6769,31463.3546,287,196
5,STRC,stocks,hyperliquid,xyz:STRC,99.1105,4.9451991199567225,3328.2554,8430.9636,67814.4952,161925.3716,295,187
5,AMAT,stocks,hyperliquid,xyz:AMAT,481.495,5.193510189667183,18277.50738,30316.87196,39380.80512,35688.20634,372,183
5,SKHY,stocks,hyperliquid,xyz:SKHY,182.505,0.5479452054779621,593208.5069,583262.5175,690063.381,671070.1805,496,223
5,CXMT,stocks,hyperliquid,xyz:CXMT,8.206900000000001,3.1685678073500867,19625.28526,36069.248830000004,126551.00189,125906.07253,493,205
5,KORU,stocks,hyperliquid,xyz:KORU,20.3525,1.4741290354280956,47033.6715,33887.0822,71694.16459999999,167584.5769,499,203
5,UNITREE,stocks,hyperliquid,xyz:UNITREE,67.7645,1.6234005814719232,10786.69002,19091.87399,10786.69002,19091.87399,559,186
5,SOXL,stocks,hyperliquid,xyz:SOXL,139.02499999999998,2.15811812099842,206193.4261,180544.6439,411156.7107,418141.00529999996,680,186
5,IREN,stocks,hyperliquid,xyz:IREN,41.513,2.8910786132452237,597.5288,23993.5814,597.5288,50382.91039999999,686,189
5,AAOI,stocks,hyperliquid,xyz:AAOI,95.5565,1.779210449197599,2517.61705,17384.32799,11064.06762,22801.04776,683,183
5,MRNA,stocks,hyperliquid,xyz:MRNA,195.155,2.5623943012353934,41858.274300000005,55632.6409,159077.4099,169082.8213,752,192
5,BMNR,stocks,hyperliquid,xyz:BMNR,26.805,4.47777902160551,896.55782,15717.57136,10188.7585,38988.51429,872,190
5,US10Y,rates,hyperliquid,para:10Y,5.2535,7.616871370084155,26499.204840000002,11776.90324,97612.12233,162286.18514999998,866,181
5,US10Y,rates,lighter,227,95.195,3.1519226728282668,119999.414954,35213.288983,1122672.4746680001,972593.530031,,55
5,30Y,unclassified,hyperliquid,para:30Y,5.5555,1.8001800180034166,36499.14209,6999.06648,76237.52687,75260.13718,939,196
5,2Y,unclassified,hyperliquid,para:2Y,4.889950000000001,290.24896265560153,0,0,62076.14517,82471.41486,937,184
5,USTECH,indices,hyperliquid,mkts:USTECH,733.625,1.226860056162682,25551.50398,32162.15461,25551.50398,32162.15461,1069,202
5,OAI,preipo,hyperliquid,io:OAI,1623.6,2.463964518910622,4509.1513,4678.4847,11408.846300000001,8946.5157,1072,199
5,ANTH,preipo,hyperliquid,io:ANTH,2055.75,0.4864523033543122,6916.2116,7142.4981,7741.696,12056.991899999999,1141,203
6,BTC,crypto,hyperliquid,BTC,82987.5,0.12050080133052532,4928947.64829,4222321.31991,4928947.64829,4222321.31991,378,187
6,BTC,spot,hyperliquid,@142,83008.5,0.12047031611395198,639229.74316,703875.93961,639229.74316,703875.93961,375,180
6,BTC,crypto,lighter,1,82991.45,0.012049441269201822,3330999.414173,3304217.555216,3330999.414173,3304217.555216,,56
6,ETH,crypto,hyperliquid,ETH,2663.45,0.37545993842424963,11176743.58287,7242508.264,11176743.58287,7242508.264,381,189
6,ETH,spot,hyperliquid,@151,2661.75,1.1271415689817488,379053.96225,332526.61089,379053.96225,332526.61089,437,188
6,ETH,crypto,lighter,0,2662.585,0.03755755695777907,4228376.820053,4449546.231586,4228376.820053,4449546.231586,,229
6,SOL,crypto,hyperliquid,SOL,117.63499999999999,0.8501232678748138,2626699.4375,2240012.2201,4691313.2374,4148433.1407,568,189
6,SOL,spot,hyperliquid,@156,117.61500000000001,0.850267834369145,145414.11413,188988.70528,296179.91486,341456.21216,571,189
6,SOL,crypto,lighter,2,117.62100000000001,0.6801737844019939,1005105.08939,987624.081332,3087155.141611,3057531.401424,,242
6,AVAX,crypto,hyperliquid,AVAX,10.389,1.9252984212569935,77264.9737,60970.8643,203903.11952,233681.66780999998,761,192
6,BNB,crypto,hyperliquid,BNB,757.915,1.1875387599458165,91783.22103,82676.14940000001,91783.22103,82676.14940000001,763,191
6,OP,crypto,hyperliquid,OP,0.12963999999999998,1.5428527347061127,13673.15203,24082.492466999996,74952.159762,91932.543509,803,195
6,LTC,crypto,hyperliquid,LTC,67.8005,0.14749262536861707,29817.347810000003,45036.786389999994,29817.347810000003,45036.786389999994,364,189
6,ARB,crypto,hyperliquid,ARB,0.196065,0.5100479445063755,25319.155225,35530.005547,36232.153272,44371.330476999996,457,201
6,DOGE,crypto,hyperliquid,DOGE,0.0930015,0.10752572553007766,109165.946939,163334.156801,109165.946939,163334.156801,450,191
6,SUI,crypto,hyperliquid,SUI,1.1144500000000002,0.8973438621673324,84687.63521,144575.04835,245100.78256,265759.80325,500,201
6,CRV,crypto,hyperliquid,CRV,0.384695,2.3397894189525204,10611.176896,24234.738154,17928.84823,41262.730637,548,183
6,LDO,crypto,hyperliquid,LDO,0.43226,2.776492364646721,16055.806481,47306.166445999996,16055.806481,61693.18934,639,188
6,LINK,crypto,hyperliquid,LINK,14.813500000000001,3.375869286341704,104606.0194,111169.1654,160634.3777,178128.3308,659,201
6,XRP,crypto,hyperliquid,XRP,1.48665,0.672675904749287,1248555.9524,770188.8976,1987435.0089,1379992.3872,692,190
6,XRP,crypto,lighter,7,1.4859594999999999,1.460442534277906,145395.188196,323014.833729,7554854.956426,7335497.142834,,57
6,BCH,crypto,hyperliquid,BCH,304.28,1.9720624486452287,47411.90737,47874.57828,47411.90737,47874.57828,281,192
6,APT,crypto,hyperliquid,APT,0.81545,3.6796271311168027,7200.035025,10945.856697,81180.936237,73042.181587,314,193
6,AAVE,crypto,hyperliquid,AAVE,147.28500000000003,2.03707476064352,58497.9948,92753.9543,107035.591,130983.4762,338,198
6,WLD,crypto,hyperliquid,WLD,0.473495,1.4784775905041236,27861.223651,83758.462163,27861.223651,83758.462163,361,187
6,WLD,crypto,lighter,6,0.473695,5.701495058703099,48555.121208000004,56385.746894,1054283.561666,956358.371035,,229
6,TRX,crypto,hyperliquid,TRX,0.33426500000000003,0.29916831209231276,49564.19472,40498.52243,49564.19472,40498.52243,499,184
6,UNI,crypto,hyperliquid,UNI,8.56255,0.35036905540408725,12341.96085,16954.66472,12341.96085,16954.66472,535,196
6,SEI,crypto,hyperliquid,SEI,0.073919,4.330000135313039,15781.691551,23089.731338999998,42802.869283,37046.064185999996,556,194
6,ZRO,crypto,hyperliquid,ZRO,1.5117500000000001,0.661506912746912,2998.08831,20123.23354,22528.89037,43721.7082,717,217
6,DOT,crypto,hyperliquid,DOT,1.1569,1.7289073305670755,44272.76184,40948.69353,88141.39053,78738.31248000001,689,177
6,TIA,crypto,hyperliquid,TIA,0.42991999999999997,1.8609844607797577,6361.410597,4956.480805,51992.475646,51934.203953000004,737,201
6,ADA,crypto,hyperliquid,ADA,0.24220999999999998,0.8257638315445348,85773.05598,137823.8191,85773.05598,137823.8191,753,196
6,PENDLE,crypto,hyperliquid,PENDLE,2.3203500000000004,2.1550795224345443,14422.6082,12945.4635,19845.2909,37549.9473,334,192
6,NEAR,crypto,hyperliquid,NEAR,4.63465,0.21576835109726744,40359.20796,43998.52119,40359.20796,43998.52119,366,196
6,NEAR,crypto,lighter,10,4.63991,3.750776022626301,50747.585194,51922.728657,1143726.396005,1468147.13819,,214
6,PYTH,crypto,hyperliquid,PYTH,0.0794865,9.691873930117723,558.423005,879.557374,22235.343557,26574.156258,393,186
6,JUP,crypto,hyperliquid,JUP,0.323065,0.9286488159720996,10422.97631,3169.81255,18312.99164,15331.40461,524,189
6,JTO,crypto,hyperliquid,JTO,0.54186,1.8456654546805673,19213.04309,6107.96217,55821.47548,14732.248090000001,561,194
6,WIF,crypto,hyperliquid,WIF,0.230265,0.43429167028596893,10914.59572,19410.4024,37897.70098,45277.15115,590,196
6,ONDO,crypto,hyperliquid,ONDO,0.5081549999999999,0.1967922857404325,374792.22735,86829.19092000001,374806.94891,86829.19092000001,588,183
6,STRK,crypto,hyperliquid,STRK,0.041455,2.412545235221941,1856.019067,5977.237403,69731.37794600001,74379.167728,719,194
6,TAO,crypto,hyperliquid,TAO,300.46500000000003,2.329993675731501,50186.36645,103166.30371000001,50186.36645,257613.73086000004,441,420
6,ETHFI,crypto,hyperliquid,ETHFI,0.684075,2.192982456139525,19635.303065,8257.827448,19635.303065,18223.536954,404,356
6,ENA,crypto,hyperliquid,ENA,0.249365,1.2031281331470467,64152.12662,55084.73008,64152.12662,64691.9897,779,187
6,ENA,crypto,lighter,29,0.24951,3.2067984126338267,88576.483018,141236.154957,1370182.728566,1172773.586733,,51
6,HBAR,crypto,hyperliquid,HBAR,0.11860499999999999,0.8431703204037078,51464.09227,3864.95851,95933.79347,216274.93972,416,184
6,EIGEN,crypto,hyperliquid,EIGEN,0.24764999999999998,4.038772213248443,2177.360523,1375.611966,32652.733502,17416.313867,457,218
6,GRASS,crypto,hyperliquid,GRASS,0.6492549999999999,0.1540238736996713,3120.561266,724.677612,13362.034917,6505.978796,612,207
6,PURR,crypto,hyperliquid,PURR,0.13917000000000002,7.188039102934418,53.54902,566.6015,1085.10556,1208.97335,614,197
6,PURR,spot,hyperliquid,PURR/USDC,0.13874999999999998,10.095183155465204,173.88836999999998,269.3108,3168.7858300000003,52094.47975,636,194
6,XLM,crypto,hyperliquid,XLM,0.22668500000000003,1.3235099483832613,25610.3184,41973.30413,35751.66347,78572.99616,643,185
6,HYPE,crypto,hyperliquid,HYPE,86.7295,0.11530168686491038,155976.01442,127302.90421000001,155976.01442,127302.90421000001,805,192
6,HYPE,spot,hyperliquid,@107,86.75800000000001,1.1526978894105255,125505.97429,97420.10482,125505.97429,97420.10482,805,190
6,HYPE,crypto,lighter,24,86.7279,1.3606697262535938,577690.061219,480327.996217,2732129.593765,2036555.615027,,212
6,VIRTUAL,crypto,hyperliquid,VIRTUAL,0.79864,0.5008639903847367,7778.347651,24444.221241,7778.347651,30374.499085,831,187
6,PENGU,crypto,hyperliquid,PENGU,0.0091485,3.279763857002571,12794.071202,27990.735779,60660.934808,177995.416818,452,197
6,FARTCOIN,crypto,hyperliquid,FARTCOIN,0.16369,3.6661371135293663,8517.093098,25794.365176000003,30564.651765,72365.974475,447,190
6,SPX,crypto,hyperliquid,SPX,0.404345,2.2260697501863547,690.673084,14162.204778,11001.589587,29904.242209,471,190
6,MORPHO,crypto,hyperliquid,MORPHO,2.4315499999999997,3.702027888610182,1725.29065,3973.52566,11028.4831,23824.62778,490,190
6,TRUMP,crypto,hyperliquid,TRUMP,1.9598,2.041232904674839,26658.69678,40998.98057,59362.74837,87272.52463,635,187
6,VVV,crypto,hyperliquid,VVV,26.8615,0.3722869587874378,371776.37678000005,7968.719059999999,387095.39904000005,12891.71023,646,193
6,PAXG,crypto,hyperliquid,PAXG,4143.15,0.2413651613508705,212772.7982,136809.0319,212772.7982,136809.0319,667,195
6,SYRUP,crypto,hyperliquid,SYRUP,0.22557,10.645375914837274,5636.54236,1019.7480400000001,35817.05736,17537.52727,681,190
6,PUMP,crypto,hyperliquid,PUMP,0.004798500000000001,2.084201750729431,41748.877582999994,43307.301772,361873.799763,287912.673411,833,196
6,PUMP,crypto,lighter,45,0.004797,4.170141784820558,46197.36969,49353.267903,1102277.698151,799792.137881,,51
6,XPL,crypto,hyperliquid,XPL,0.09571550000000001,2.194242725042095,5275.372727,19140.45147,5275.372727,19140.45147,314,186
6,SKY,crypto,hyperliquid,SKY,0.077513,7.22720526553422,3750.395728,4790.121289,11619.868478,10187.296221,331,189
6,ASTER,crypto,hyperliquid,ASTER,0.7028749999999999,2.703548763482999,26564.35493,28699.055809999998,26564.35493,47700.677749999995,348,188
6,ZEC,crypto,hyperliquid,ZEC,1375.2,2.9090909090911943,449556.04600000003,320867.479,1290388.455,1092988.013,479,185
6,ZEC,crypto,lighter,90,1376.333,1.3660417994243446,609762.783911,308586.559991,4910284.104713,3244082.845402,,230
6,MON,crypto,hyperliquid,MON,0.027140499999999998,0.368459837876145,3658.0417,43641.961017999995,10189.767277,57640.032664,534,202
6,CC,crypto,hyperliquid,CC,0.13300499999999998,2.2558087074209254,7784.629060000001,6313.803989999999,37913.70046,36528.73023,531,182
6,ICP,crypto,hyperliquid,ICP,3.2371499999999997,6.489292667100077,2566.56846,14081.583920000001,23748.517109999997,42608.20117,668,188
6,AERO,crypto,hyperliquid,AERO,0.823605,2.5500910746822925,5970.17834,4139.86217,5970.17834,4139.86217,719,187
6,LIT,crypto,hyperliquid,LIT,4.35065,0.22985335355940606,13057.854000000001,15771.475,13057.854000000001,15771.475,721,186
6,LIT,crypto,lighter,120,4.349,1.8396725382885393,36135.412314,21458.127205,360821.774303,302945.447004,,77
6,XMR,crypto,hyperliquid,XMR,539.735,1.6676240063717707,15259.62722,11652.91775,15259.62722,11652.91775,286,189
6,DASH,crypto,hyperliquid,DASH,59.397999999999996,3.0308643014698156,12816.31812,37159.74009,54280.32591,58334.249560000004,331,188
6,SKR,crypto,hyperliquid,SKR,0.0182895,0.5467767510536348,6872.80857,3088.993151,18856.773755,11289.562697,382,189
6,AZTEC,crypto,hyperliquid,AZTEC,0.0183715,2.7219772442710344,1321.732671,5751.315155,18160.005299,33348.471246,385,190
6,CHIP,crypto,hyperliquid,CHIP,0.042521,1.4111670351368844,2247.523002,6157.355826,13799.101029000001,13969.757206999999,481,194
6,GRAM,crypto,hyperliquid,GRAM,1.54675,17.471204866053025,361.6236,13938.0287,12916.0557,102399.4438,517,185
6,CASHCAT,crypto,hyperliquid,CASHCAT,0.170085,5.292872265350024,3957.2689,3669.52804,10773.18241,9591.229080000001,575,192
6,PONS,crypto,hyperliquid,PONS,0.52603,3.0421142694159187,7747.04037,9882.39731,15143.75398,11834.35265,578,192
6,USELESS,crypto,hyperliquid,USELESS,0.23245500000000002,3.8724667613276864,2023.70938,1424.82996,14306.61954,16286.49671,676,194
6,US100,indices,hyperliquid,xyz:XYZ100,30161.5,0.33155399356887827,3151480.9559,3844709.4455,3151480.9559,3844709.4455,721,203
6,US100,indices,lighter,181,30159.0,0.663173950528062,923725.366146,941790.438923,8738001.575564,2933703.552712,,51
6,TSLA,stocks,hyperliquid,xyz:TSLA,356.815,0.2802612034402685,363071.08185,169081.97798,363071.08185,169081.97798,765,185
6,TSLA,stocks,lighter,112,356.85,1.1209819802160403,250231.95267,136777.136684,875672.853184,916943.557613,,226
6,NVDA,stocks,hyperliquid,xyz:NVDA,228.20499999999998,0.43821209465555455,750547.29283,508255.63178,750547.29283,508255.63178,325,187
6,NVDA,stocks,lighter,110,228.329,1.4015846666648457,264055.975112,458534.791129,1082618.001736,1286594.725803,,221
6,XAU,commodities,hyperliquid,xyz:GOLD,4134.65,0.24186136506454403,1565025.40582,1242514.58354,1565025.40582,1242514.58354,416,189
6,XAU,commodities,lighter,92,4136.89,0.6285112020032457,674968.664481,1267164.65635,4510983.649545,1964032.8215039999,,238
6,HOOD,stocks,hyperliquid,xyz:HOOD,115.34,1.7341541663040694,197339.73124,131945.23874,295405.69087,297356.66155,637,311
6,INTC,stocks,hyperliquid,xyz:INTC,114.215,2.6269702276704443,223545.08010000002,614288.0057,587065.5448,934398.042,593,186
6,PLTR,stocks,hyperliquid,xyz:PLTR,186.415,2.6825473469616057,100283.97918,91233.66433,136917.94947,111728.08314,624,207
6,COIN,stocks,hyperliquid,xyz:COIN,191.14999999999998,1.046353458198368,75351.63564000001,114325.30002,80810.12691,157549.8697,747,191
6,META,stocks,hyperliquid,xyz:META,714.825,0.9793086081244518,116707.23933000001,162654.36211,116707.23933000001,162654.36211,785,191
6,META,stocks,lighter,117,715.175,0.13982689430536155,273090.26256,137577.521803,871955.733121,810847.978278,,210
6,AAPL,stocks,hyperliquid,xyz:AAPL,337.40999999999997,0.5927682276252177,204630.18364,177211.94071,204630.18364,177211.94071,827,189
6,AAPL,stocks,lighter,113,337.3555,1.333993413035195,289643.81157200004,324485.921537,1092945.949684,843588.719711,,233
6,MSFT,stocks,hyperliquid,xyz:MSFT,507.295,0.19712590431542054,150944.15844,145416.18413,150944.15844,145416.18413,470,240
6,MSFT,stocks,lighter,115,507.53499999999997,1.7734339592889725,96168.05618,56452.668885,649100.346055,623376.44761,,55
6,ORCL,stocks,hyperliquid,xyz:ORCL,132.70499999999998,0.7535795026392123,201133.22381999998,71744.87677,423172.46421,130741.82649,468,187
6,GOOGL,stocks,hyperliquid,xyz:GOOGL,341.89,0.5850005850005502,190883.93601,137742.57249,190883.93601,137742.57249,516,188
6,GOOGL,stocks,lighter,116,342.04999999999995,1.1694880566048838,131063.266656,109578.41661,974011.61592,768977.227704,,213
6,AMZN,stocks,hyperliquid,xyz:AMZN,246.05,0.8128759551295772,141631.10785,178873.44078,141631.10785,178873.44078,661,192
6,AMZN,stocks,lighter,114,246.1085,0.7720470217265074,256343.545231,245107.811047,840044.5394560001,676245.798094,,54
6,AMD,stocks,hyperliquid,xyz:AMD,604.635,0.8269793751325416,60924.9271,45655.29569,60924.9271,45655.29569,706,189
6,MU,stocks,hyperliquid,xyz:MU,1050.85,0.9516558812339149,797907.5781,721920.2744,1767808.5701,2041246.354,725,197
6,SNDK,stocks,hyperliquid,xyz:SNDK,1698.15,0.5888934691711256,1243371.0251,1242670.4771,1484005.262,1482810.0617,834,194
6,SNDK,stocks,hyperliquid,io:SNDK,1698.6999999999998,1.17744024490829,12001.97077,69187.00149,37104.30894,92847.58353999999,318,194
6,SNDK,stocks,lighter,139,1698.325,1.0010363670631683,251261.012158,409174.017008,2575336.083665,2701852.814404,,219
6,MSTR,stocks,hyperliquid,xyz:MSTR,155.70499999999998,0.6422607578682182,70953.70543,336289.05969,162049.70234,539629.85434,386,199
6,CRCL,stocks,hyperliquid,xyz:CRCL,85.041,1.8816224289408545,57575.999099,79614.138765,57575.999099,79614.138765,488,191
6,NFLX,stocks,hyperliquid,xyz:NFLX,69.26050000000001,0.14438348252765465,22002.043111,19518.974766,22002.043111,19518.974766,518,199
6,LLY,stocks,hyperliquid,xyz:LLY,1187.0,5.056037751747233,24006.53848,21276.19709,135617.07425,59665.625700000004,579,192
6,SKHX,stocks,hyperliquid,xyz:SKHX,1293.65,0.7730364873226314,1199648.8176,1000676.6466,1751417.4673000001,1729395.2527,584,195
6,TSM,stocks,hyperliquid,xyz:TSM,447.66499999999996,1.116968992940226,31576.35357,60557.66311,31576.35357,98823.2052,680,190
6,USDJPY,fx,hyperliquid,xyz:JPY,157.36,2.542265158256285,340391.2941,551847.3226,582484.9039,858211.9853,710,191
6,USDJPY,fx,lighter,98,157.28,1.5260574306275032,31949.600822,54788.294788,1543293.823457,2605719.392658,,53
6,EURUSD,fx,hyperliquid,xyz:EUR,1.1367,1.759633996127885,383670.83574999997,113828.85579,653029.9159199999,368765.11283999996,777,192
6,EURUSD,fx,lighter,96,1.137695,0.08789740614689734,61620.833697,96012.96876,1934705.604279,2253191.638607,,54
6,XAG,commodities,hyperliquid,xyz:SILVER,60.555499999999995,0.16513912971749534,837277.09713,716671.18877,837277.09713,716671.18877,380,235
6,XAG,commodities,lighter,93,60.5965,0.9241884882427165,1192546.352966,1020405.429844,2873745.976486,2684873.188677,,51
6,BABA,stocks,hyperliquid,xyz:BABA,107.67,1.8577001671937765,162654.42514,60496.80573,205794.78371000002,115742.02234,366,191
6,WTI,commodities,hyperliquid,xyz:CL,93.98349999999999,0.5320224300664478,340728.662685,784189.8096769999,340728.662685,784189.8096769999,395,188
6,WTI,commodities,lighter,145,93.97149999999999,1.1706361875574167,497995.20220400003,456879.721285,1881230.098009,1579487.63606,,50
6,COPPER,commodities,hyperliquid,xyz:COPPER,6.6137,0.6048234671496289,29070.031834,54627.852196,29070.031834,54627.852196,472,178
6,NATGAS,commodities,hyperliquid,xyz:NATGAS,3.13665,0.956480153038175,71704.82997,62688.55233,71704.82997,62688.55233,567,200
6,SMSN,stocks,hyperliquid,xyz:SMSN,199.235,0.5019324398936043,518162.29255,178094.62262,518162.29255,178094.62262,570,189
6,XPT,commodities,hyperliquid,xyz:PLATINUM,1702.1,2.3503143545444694,52455.165030000004,41233.30723,75637.40909,44975.99783,590,193
6,USAR,stocks,hyperliquid,xyz:USAR,14.440999999999999,2.7702749497882095,13456.81924,4435.547680000001,31720.9104,12202.39534,656,183
6,CRWV,stocks,hyperliquid,xyz:CRWV,84.2435,1.5432648361168866,68700.28562000001,41943.30003,68700.28562000001,41943.30003,756,188
6,GME,stocks,hyperliquid,xyz:GME,23.918,5.018400802945244,11237.706460000001,20285.7929,15585.41425,29710.93706,758,186
6,SOFTBANK,stocks,hyperliquid,xyz:SOFTBANK,38.311,3.6549707602318016,1897.350336,5061.773777000001,188589.552815,204813.12289899998,775,184
6,JP225,indices,hyperliquid,xyz:JP225,65268.5,9.96382365564985,16528.8346,355152.64863,24379.5531,362413.24299,848,191
6,KIOXIA,stocks,hyperliquid,xyz:KIOXIA,112.16,7.135212272564306,328.36478,121.77445000000002,126879.78731999999,68350.28142,422,200
6,EWY,stocks,hyperliquid,xyz:EWY,183.51999999999998,1.089858863276838,231178.80718,282674.1197,284973.75189,306831.93328,417,192
6,BRENTOIL,commodities,hyperliquid,xyz:BRENTOIL,99.525,0.4019171447811054,200844.54392,453602.46936,200844.54392,453602.46936,438,197
6,BRENTOIL,commodities,lighter,159,99.475,1.005328239671588,997197.069414,429806.635314,2048475.517466,1539669.04743,,241
6,HIMS,stocks,hyperliquid,xyz:HIMS,28.692500000000003,6.624132761565704,7246.94025,7543.90294,21661.4125,9930.38577,615,196
6,US500,indices,hyperliquid,xyz:SP500,7664.65,0.1304699527682196,1594804.8819,1486112.6088999999,1594804.8819,1486112.6088999999,619,196
6,US500,indices,hyperliquid,mkts:US500,763.885,0.3927369840406314,31235.7291,48652.06291,31235.7291,48652.06291,630,191
6,US500,indices,lighter,180,7665.950000000001,0.9131705280740476,779501.391436,1091401.45878,13744071.289329,13689953.49951,,50
6,LITE,stocks,hyperliquid,xyz:LITE,912.365,2.0827167395620627,67910.49789,64994.65831,108911.30218,68918.29587,831,223
6,PURRDAT,stocks,hyperliquid,xyz:PURRDAT,12.023499999999999,15.81488263692421,444.484,240.66,5960.2,58277.393,338,265
6,MRVL,stocks,hyperliquid,xyz:MRVL,249.865,2.0012808197233944,151339.028,133014.5539,153418.2793,133014.5539,431,354
6,RKLB,stocks,hyperliquid,xyz:RKLB,71.744,1.9515731073238562,131360.67371,46053.59437,131360.67371,74993.07446999999,396,307
6,DRAM,stocks,hyperliquid,xyz:DRAM,59.948,0.33362803810055297,166718.5353,116085.5753,166718.5353,116085.5753,476,187
6,CBRS,stocks,hyperliquid,xyz:CBRS,197.05,2.0301476932438334,45163.5213,67659.9383,83262.5056,129586.27219999999,523,184
6,ARM,stocks,hyperliquid,xyz:ARM,281.885,3.193301163781914,57649.435999999994,46260.9264,92872.2164,67435.6296,593,196
6,GBPUSD,fx,hyperliquid,xyz:GBP,1.3243,6.042752473751634,161236.375,160111.04919999998,521247.767,458329.3161,615,183
6,GBPUSD,fx,lighter,97,1.324255,1.585923044973292,57931.201615,24938.923446,2520542.026868,2292286.54277,,212
6,SPCX,stocks,hyperliquid,xyz:SPCX,145.775,0.6860122110174949,1458923.8704,1350486.8096999999,1901117.9253,2002685.4161999999,712,187
6,SPCX,stocks,lighter,194,145.8,1.3718362027570485,769141.397033,777689.849693,1255205.393664,1148221.686678,,239
6,MINIMAX,stocks,hyperliquid,xyz:MINIMAX,31.479,2.541699761715588,24972.66687,15923.93798,32669.68335,23259.23387,356,273
6,BB,stocks,hyperliquid,xyz:BB,8.70275,1.4938922788765296,9211.51556,4507.04815,40417.39025,53494.373159999996,346,189
6,QNT,stocks,hyperliquid,xyz:QNT,48.917500000000004,13.705916046149458,106.06876,413.64982,1955.8365000000001,2475.24205,362,182
6,DELL,stocks,hyperliquid,xyz:DELL,539.6700000000001,1.853155924540495,23084.6578,20876.178300000003,23375.7745,20876.178300000003,493,191
6,AVGO,stocks,hyperliquid,xyz:AVGO,348.35,1.7225539733578543,167699.097,45637.584500000004,176321.1168,76355.9131,532,185
6,NBIS,stocks,hyperliquid,xyz:NBIS,229.32999999999998,1.7443635253577838,58268.2315,60494.9597,59532.8635,97504.6275,543,186
6,NBIS,stocks,hyperliquid,io:NBIS,229.495,2.17893406545544,5852.169400000001,13315.7506,7188.389300000001,22320.9418,546,183
6,WDC,stocks,hyperliquid,xyz:WDC,450.4,2.664653373007919,25068.93134,19546.86493,39809.92118,42926.33644,681,187
6,BE,stocks,hyperliquid,xyz:BE,261.005,2.6823006475829025,8486.5359,36416.3654,51190.0532,81384.6293,723,190
6,ZHIPU,stocks,hyperliquid,xyz:ZHIPU,78.8415,13.5807483373096,15886.421492,179.72280999999998,32531.444762,46918.227809,725,180
6,QCOM,stocks,hyperliquid,xyz:QCOM,187.03,2.138923052243946,7274.3835,7399.8503,80533.2604,27791.7235,735,187
6,STRC,stocks,hyperliquid,xyz:STRC,99.089,4.239512254209377,9535.6249,4808.1358,139928.8326,143573.4424,338,185
6,AMAT,stocks,hyperliquid,xyz:AMAT,481.15,5.405180657769293,21153.57093,26797.58765,42237.99825,38187.46483,382,187
6,SKHY,stocks,hyperliquid,xyz:SKHY,182.435,0.5481554568875779,592436.5756,551453.813,726718.5438999999,669155.4802,393,195
6,CXMT,stocks,hyperliquid,xyz:CXMT,8.21145,3.0449928138165383,28251.171730000002,38190.00109,121545.51120000001,121093.9971,396,189
6,KORU,stocks,hyperliquid,xyz:KORU,20.3135,1.4769594328467583,42749.772,61015.0295,166445.9041,135535.7628,533,194
6,UNITREE,stocks,hyperliquid,xyz:UNITREE,67.771,0.8853736276703827,8208.50507,21856.16843,8208.50507,21856.16843,573,190
6,SOXL,stocks,hyperliquid,xyz:SOXL,138.695,0.721032518566922,216831.8842,239656.5107,376022.5516,549449.1207,580,186
6,IREN,stocks,hyperliquid,xyz:IREN,41.489,2.8927512474985484,6290.236900000001,16046.7104,6290.236900000001,127208.25189999999,585,187
6,AAOI,stocks,hyperliquid,xyz:AAOI,95.3965,1.782194825343808,8042.05401,10218.142,13472.539729999999,12627.735859999999,721,187
6,MRNA,stocks,hyperliquid,xyz:MRNA,195.065,2.5635767022147427,54371.962700000004,39738.3752,186465.4152,176364.3267,766,192
6,BMNR,stocks,hyperliquid,xyz:BMNR,26.7805,5.602659395660403,1534.94884,13636.84321,9788.10211,34919.88238,762,181
6,US10Y,rates,hyperliquid,para:10Y,5.2528500000000005,5.141388174807471,26499.01434,11765.89941,97612.26583,162275.19387999998,768,182
6,US10Y,rates,lighter,227,95.195,3.1519226728282668,50000.904892000006,10565.334802,1122672.169563,972598.143847,,49
6,30Y,unclassified,hyperliquid,para:30Y,5.5555,1.8001800180034166,36498.93219,6999.06648,76237.31697,75260.13718,428,188
6,2Y,unclassified,hyperliquid,para:2Y,4.889950000000001,290.24896265560153,0,0,62076.14517,82471.41486,432,189
6,USTECH,indices,hyperliquid,mkts:USTECH,733.3199999999999,1.363754142402751,24585.59216,29351.40766,24585.59216,29351.40766,444,199
6,OAI,preipo,hyperliquid,io:OAI,1623.4,2.464268112369883,4774.3134,4489.2086,10828.2432,8696.7623,435,187
6,ANTH,preipo,hyperliquid,io:ANTH,2055.55,0.486499635123927,7855.0585,6019.5103,8384.8245,13461.3139,626,197
7,BTC,crypto,hyperliquid,BTC,83045.5,0.12041664158024545,3246757.17564,6336252.68511,3246757.17564,6336252.68511,378,190
7,BTC,spot,hyperliquid,@142,83050.5,0.12040939193269651,613905.95602,451021.86108,613905.95602,451021.86108,387,198
7,BTC,crypto,lighter,1,83041.70000000001,0.33718567972407243,3727047.262999,1366817.791207,3727047.262999,1366817.791207,,55
7,ETH,crypto,hyperliquid,ETH,2666.1499999999996,0.37507970443773075,9141394.1093,12865861.60868,9141394.1093,12865861.60868,374,183
7,ETH,spot,hyperliquid,@151,2663.95,0.3753894665714519,350495.96825,444450.16671,350495.96825,444450.16671,445,199
7,ETH,crypto,lighter,0,2664.87,0.2251542306486165,5426649.348457,3238306.81722,5426649.348457,3238306.81722,,213
7,SOL,crypto,hyperliquid,SOL,117.735,0.8494011721738026,2195189.1331,2039458.7038,3680505.4663,3811029.8986,575,196
7,SOL,spot,hyperliquid,@156,117.695,4.249171411574437,131525.39071,130142.04175,236288.74211,324675.96476,568,180
7,SOL,crypto,lighter,2,117.737,0.849386742771685,1398062.166193,1260873.873217,3307107.622757,2837314.258497,,218
7,AVAX,crypto,hyperliquid,AVAX,10.3995,0.9616309260507272,59771.71523,58720.78028,281742.61652,182160.04464,770,201
7,BNB,crypto,hyperliquid,BNB,758.4200000000001,0.5274261603394059,126585.23831,52761.1901,126585.23831,52761.1901,765,189
7,OP,crypto,hyperliquid,OP,0.12996000000000002,3.0783438510084693,13785.137219999999,18559.648396999997,103626.834581,76883.907331,779,188
7,LTC,crypto,hyperliquid,LTC,67.866,0.8841342115739614,43162.26489,38847.30737,43162.26489,38847.30737,344,225
7,ARB,crypto,hyperliquid,ARB,0.196675,0.5084659582021978,25002.314213999998,47119.454746,26948.460156,63359.502909,417,198
7,DOGE,crypto,hyperliquid,DOGE,0.0931335,0.10737332631904906,124660.763653,106577.587233,124660.763653,106577.587233,414,190
7,SUI,crypto,hyperliquid,SUI,1.11595,0.8961376467442328,89894.49055,159191.50926000002,254858.01745,300605.20391000004,422,188
7,CRV,crypto,hyperliquid,CRV,0.38599,0.5181615627747327,32215.753597,11445.378393,51598.118453999996,29371.98789,530,185
7,LDO,crypto,hyperliquid,LDO,0.432945,3.0031417482900835,12279.622523,24570.567947,12332.25899,24570.567947,607,191
7,LINK,crypto,hyperliquid,LINK,14.8455,2.021018593372226,153039.831,142668.8224,254309.5301,213876.31769999999,646,228
7,XRP,crypto,hyperliquid,XRP,1.48955,0.671366230278192,1112831.1438,889480.6973,1442457.255,1181460.1639,611,188
7,XRP,crypto,lighter,7,1.488708,0.7120521544612401,373406.08930500003,185964.409667,7495322.614938,7288294.327117,,52
7,BCH,crypto,hyperliquid,BCH,304.83,0.6561249261860524,20356.57307,56292.24797,20356.57307,61439.95977,772,187
7,APT,crypto,hyperliquid,APT,0.8180000000000001,4.891171435559283,7691.808971,8188.550284000001,85985.489465,65624.38228,794,186
7,AAVE,crypto,hyperliquid,AAVE,147.64,1.35473819684373,75503.3258,51315.713500000005,138444.4462,105660.7125,797,184
7,WLD,crypto,hyperliquid,WLD,0.47511499999999995,2.7365540469426186,20728.229371,81381.80269,20728.229371,81381.80269,841,193
7,WLD,crypto,lighter,6,0.47519500000000003,2.315107126320548,67900.23698,63315.191234,1061129.445265,971734.441718,,49
7,TRX,crypto,hyperliquid,TRX,0.33430499999999996,0.2991325157042368,94100.65895,53244.8179,94100.65895,53244.8179,452,191
7,UNI,crypto,hyperliquid,UNI,8.58275,0.34954442709844713,18167.36241,22733.77375,18167.36241,22733.77375,455,191
7,SEI,crypto,hyperliquid,SEI,0.07403799999999999,1.620920682947613,17283.7588,16560.912364,21914.077837999997,16560.912364,507,217
7,ZRO,crypto,hyperliquid,ZRO,1.5137,5.28646005418576,7406.2161399999995,19369.27367,33925.07669,39634.349239999996,579,271
7,DOT,crypto,hyperliquid,DOT,1.1592,1.7254766629282159,48029.23672,33612.434629999996,105859.75335,74177.81319,640,186
7,TIA,crypto,hyperliquid,TIA,0.430525,2.0906894629257877,6190.30425,3497.0280900000002,44005.727321000006,65571.262466,643,187
7,ADA,crypto,hyperliquid,ADA,0.242565,0.41226912928848947,108064.83803,175869.16188,114534.75995,175869.16188,698,190
7,PENDLE,crypto,hyperliquid,PENDLE,2.3215500000000002,2.1539654503954786,13564.1432,18472.3767,26101.3564,32182.1872,766,186
7,NEAR,crypto,hyperliquid,NEAR,4.64965,0.21507226428019166,35406.20598,66035.41915,35406.20598,66035.41915,831,190
7,NEAR,crypto,lighter,10,4.653455,4.2343099471886525,46910.760243000004,55922.129229,1065255.757294,1580739.729517,,213
7,PYTH,crypto,hyperliquid,PYTH,0.079692,4.769495312089145,871.7016859999999,4220.1872,22144.212966,24049.378427,887,188
7,JUP,crypto,hyperliquid,JUP,0.323315,1.5465990287366616,19971.37371,6106.03831,24280.04576,15578.28993,392,231
7,JTO,crypto,hyperliquid,JTO,0.54332,1.840705358293615,26008.73054,5633.32406,56957.96592,12472.6584,417,192
7,WIF,crypto,hyperliquid,WIF,0.23058,0.8674155354126967,7339.04567,11130.69274,30828.789950000002,48285.68196,443,191
7,ONDO,crypto,hyperliquid,ONDO,0.509525,0.19626314963216984,29433.05833,41600.75405,46154.3075,41600.75405,465,183
7,STRK,crypto,hyperliquid,STRK,0.041475,2.4113817217275013,2209.772396,5575.316065999999,70440.184657,79409.990765,582,189
7,TAO,crypto,hyperliquid,TAO,301.095,0.3321266066635964,15961.6627,47260.73301,26952.07377,47260.73301,628,210
7,ETHFI,crypto,hyperliquid,ETHFI,0.686885,1.6015607937913678,5715.480315,5274.85948,5783.33705,8158.693586,639,195
7,ENA,crypto,hyperliquid,ENA,0.25011,2.3992322456800608,70802.30326,63731.17946000001,82158.21425,76453.9976,656,189
7,ENA,crypto,lighter,29,0.25022,2.3981773851855515,169210.74077600002,140233.357511,1412663.254405,1191492.273838,,220
7,HBAR,crypto,hyperliquid,HBAR,0.119125,2.518680211569535,24856.90118,13322.12429,242166.85841,52998.07119,462,368
7,EIGEN,crypto,hyperliquid,EIGEN,0.24835000000000002,4.02738622633958,2128.024333,1371.529271,18149.874403,30826.837195999997,547,441
7,GRASS,crypto,hyperliquid,GRASS,0.6501250000000001,1.6921254634105765,4447.157907,2169.064028,10536.276704,11002.032806,404,282
7,PURR,crypto,hyperliquid,PURR,0.139405,6.458094144659032,559.59825,166.64274999999998,1120.60074,1499.60833,455,185
7,PURR,spot,hyperliquid,PURR/USDC,0.13908500000000001,7.911961447171212,139.02999999999997,297.50190999999995,1622.93759,48105.74222,584,179
7,XLM,crypto,hyperliquid,XLM,0.227355,2.1994457396723455,35889.072550000004,36148.27788,56920.83894,40164.18971,650,193
7,HYPE,crypto,hyperliquid,HYPE,86.8505,0.11514104778509449,54206.97883,143738.64573,54206.97883,143738.64573,645,182
7,HYPE,spot,hyperliquid,@107,86.8785,0.11510393885805215,154937.52855,156889.88595,154937.52855,156889.88595,742,194
7,HYPE,crypto,lighter,24,86.84555,1.186083896436152,642980.5073620001,760109.366604,2072226.177348,1996900.818221,,45
7,VIRTUAL,crypto,hyperliquid,VIRTUAL,0.8013049999999999,2.8707297894392525,9628.974089,7262.963248,25758.838703999998,7262.963248,820,188
7,PENGU,crypto,hyperliquid,PENGU,0.009174000000000002,2.1803117845853315,14803.975517,38712.064667,70680.070926,171990.280226,280,183
7,FARTCOIN,crypto,hyperliquid,FARTCOIN,0.16399999999999998,2.4393218685214713,15491.275658,21696.487375,42565.33112,43307.593136,295,193
7,SPX,crypto,hyperliquid,SPX,0.404925,1.7288646298974086,3633.312339,10802.127148,11956.406457000001,12946.682061,383,189
7,MORPHO,crypto,hyperliquid,MORPHO,2.43575,2.8742711669549337,6137.56099,5884.1452500000005,15183.91907,11466.34554,465,193
7,TRUMP,crypto,hyperliquid,TRUMP,1.96325,0.5093724531368693,49458.19545,28210.26263,72817.48334,62685.307720000004,462,181
7,VVV,crypto,hyperliquid,VVV,26.9035,0.3717057577223848,29456.10533,5361.46206,34849.31207,9667.39423,487,191
7,PAXG,crypto,hyperliquid,PAXG,4142.85,0.24138263975848062,245666.87879999998,302537.6475,245666.87879999998,302537.6475,574,190
7,SYRUP,crypto,hyperliquid,SYRUP,0.225725,6.647462884998845,2455.06974,399.8918,14453.409230000001,21154.94622,655,191
7,PUMP,crypto,hyperliquid,PUMP,0.004807499999999999,2.0802995631363785,49307.909452,34492.486354,331345.807692,350846.753675,658,192
7,PUMP,crypto,lighter,45,0.0048059999999999995,4.162330905306266,153189.208202,67600.175615,1212812.993488,942881.004414,,57
7,XPL,crypto,hyperliquid,XPL,0.09581049999999999,0.1043732387007168,3363.865633,24173.021172,3363.865633,24173.021172,736,189
7,SKY,crypto,hyperliquid,SKY,0.077707,4.376367614880028,10121.196949,5399.141182,14745.569524999999,13780.789038,759,184
7,ASTER,crypto,hyperliquid,ASTER,0.70271,1.1385145231757043,17175.71309,32111.22059,17175.71309,32111.22059,307,186
7,ZEC,crypto,hyperliquid,ZEC,1377.15,0.726163677293723,586220.915,501994.15400000004,1212714.731,975752.998,310,186
7,ZEC,crypto,lighter,90,1378.2185,0.9650604577737809,576701.771645,715481.778012,5302204.744324,4756543.5899,,243
7,MON,crypto,hyperliquid,MON,0.0272435,0.3670667694466445,8458.59716,5146.802867,10138.527273,12069.452003,412,187
7,CC,crypto,hyperliquid,CC,0.132985,0.7519927808696814,8857.32008,9054.56562,42123.84416,39803.39104,493,185
7,ICP,crypto,hyperliquid,ICP,3.2493,1.8467220683282548,2868.8514,32893.38135,41530.55864,71969.29743,499,188
7,AERO,crypto,hyperliquid,AERO,0.824315,1.5771913861084563,5439.60956,10533.376549999999,5439.60956,10533.376549999999,602,189
7,LIT,crypto,hyperliquid,LIT,4.354100000000001,0.9187165529755958,8508.7321,22435.9109,8508.7321,22435.9109,640,192
7,LIT,crypto,lighter,120,4.351800000000001,0.9192021325499233,23406.496406,43293.885152999996,338377.771032,274018.922607,,214
7,XMR,crypto,hyperliquid,XMR,540.1600000000001,1.11084368578096,14097.08274,25032.51386,14097.08274,25032.51386,700,199
7,DASH,crypto,hyperliquid,DASH,59.4655,3.5320830880491982,10629.99476,2594.9514400000003,22056.91201,39812.97989,793,190
7,SKR,crypto,hyperliquid,SKR,0.0183035,0.5463585204612542,4145.120315,2020.274227,21062.659483,6594.536243,828,187
7,AZTEC,crypto,hyperliquid,AZTEC,0.0183805,3.8091092126024684,1618.691616,8076.432935000001,18787.927555,36679.531445,882,180
7,CHIP,crypto,hyperliquid,CHIP,0.042609499999999995,1.1735160889059237,2318.680696,6151.247061,17326.203700000002,16665.958383,898,189
7,GRAM,crypto,hyperliquid,GRAM,1.5502500000000001,0.645078054444248,12752.3852,17865.6365,27102.1213,37538.2747,458,293
7,CASHCAT,crypto,hyperliquid,CASHCAT,0.1704,8.219338930310904,874.89108,2087.16428,3746.09414,9533.14651,389,189
7,PONS,crypto,hyperliquid,PONS,0.527425,0.18960221455310844,17740.468670000002,10497.82116,28564.870580000003,11251.87656,487,233
7,USELESS,crypto,hyperliquid,USELESS,0.23322500000000002,2.1440823327623093,2838.02207,5650.03967,23791.63177,21286.17567,518,248
7,US100,indices,hyperliquid,xyz:XYZ100,30161.5,0.33155399356887827,3335025.8455,4158417.2732,3335025.8455,4158417.2732,593,203
7,US100,indices,lighter,181,30161.5,0.9946949602124278,1037484.028002,1025112.094253,3030576.316449,2869255.56136,,224
7,TSLA,stocks,hyperliquid,xyz:TSLA,356.79499999999996,0.8408543079774233,317649.21256,149786.69577,317649.21256,149786.69577,681,193
7,TSLA,stocks,lighter,112,356.895,1.4010704177991329,286028.505315,203956.748093,940366.335125,977776.927316,,215
7,NVDA,stocks,hyperliquid,xyz:NVDA,228.215,0.4381928925112355,597872.22062,675310.15437,597872.22062,675310.15437,809,215
7,NVDA,stocks,lighter,110,228.329,0.7883672039232792,522450.472149,398481.669913,1254686.76517,1189334.415589,,54
7,XAU,commodities,hyperliquid,xyz:GOLD,4133.95,0.2419023198441117,1094915.93503,1189320.5447500001,1094915.93503,1189320.5447500001,876,191
7,XAU,commodities,lighter,92,4135.715,0.314339946563269,752584.867035,1143398.468224,3864818.92758,2461810.411918,,206
7,HOOD,stocks,hyperliquid,xyz:HOOD,115.405,0.8665511265149028,92227.01196,226701.01833000002,238153.66482,298519.40133,930,191
7,INTC,stocks,hyperliquid,xyz:INTC,114.28,1.7502406580915952,214243.76380000002,637391.2668999999,521382.44169999997,1094587.2419,344,206
7,PLTR,stocks,hyperliquid,xyz:PLTR,186.485,1.6088378827694427,112963.6361,124054.5034,117598.87664,139456.93674,459,190
7,COIN,stocks,hyperliquid,xyz:COIN,191.34500000000003,1.5679715674488115,67053.15754,164430.23494,91278.69919,200841.00211,451,192
7,META,stocks,hyperliquid,xyz:META,714.8199999999999,0.5595970900951208,116480.07508000001,128050.72109,116480.07508000001,128050.72109,454,183
7,META,stocks,lighter,117,715.165,0.9788430075663435,287455.21219,159700.96361500002,884125.294239,852200.41335,,53
7,AAPL,stocks,hyperliquid,xyz:AAPL,337.37,0.5928385107889511,192874.87376,183326.13557,192874.87376,183326.13557,592,195
7,AAPL,stocks,lighter,113,337.3455,0.7411074516872063,296514.16111,316460.517324,1103506.706587,836545.214818,,46
7,MSFT,stocks,hyperliquid,xyz:MSFT,507.24,0.7886124364175906,193331.3856,98469.22253,193331.3856,98469.22253,710,200
7,MSFT,stocks,lighter,115,507.565,0.5910747709569897,133955.217578,72993.99523,710841.961475,584094.364469,,65
7,ORCL,stocks,hyperliquid,xyz:ORCL,132.725,0.7534659433394708,156118.92315,89504.43288000001,401622.93999,159644.38871,701,182
7,GOOGL,stocks,hyperliquid,xyz:GOOGL,341.875,0.2925088483918259,169217.77582,145561.91575000001,169217.77582,145561.91575000001,715,197
7,GOOGL,stocks,lighter,116,342.025,0.29238056254099476,131458.696872,128131.523054,1009436.703508,763784.73317,,47
7,AMZN,stocks,hyperliquid,xyz:AMZN,246.01999999999998,0.812975082313816,157809.32074,138432.2096,157809.32074,138432.2096,895,193
7,AMZN,stocks,lighter,114,246.079,0.8940618040531589,249346.119106,144815.014145,852498.6704800001,660895.631631,,51
7,AMD,stocks,hyperliquid,xyz:AMD,604.9549999999999,1.8184823937850148,80968.47728,44692.94609,80968.47728,44692.94609,825,178
7,MU,stocks,hyperliquid,xyz:MU,1050.95,0.9515653249581035,892885.6092,1057761.4546,1594078.4864999999,1999492.6054999998,345,190
7,SNDK,stocks,hyperliquid,xyz:SNDK,1698.85,0.5886508123387202,1070449.1013,1291454.2206000001,1390930.8832999999,1580477.794,400,222
7,SNDK,stocks,hyperliquid,io:SNDK,1699.45,0.5884429798741486,10898.29859,83090.30547,44637.92692,107491.62488,471,183
7,SNDK,stocks,lighter,139,1698.935,1.000676928510913,539586.940357,586912.26933,2830213.7640670002,2862402.138521,,219
7,MSTR,stocks,hyperliquid,xyz:MSTR,155.85500000000002,0.6416426050703805,164404.91589,301251.13815,187449.59199000002,416314.07758,531,185
7,CRCL,stocks,hyperliquid,xyz:CRCL,85.13550000000001,1.0571942065751294,69633.789948,108558.562567,69633.789948,108558.562567,582,181
7,NFLX,stocks,hyperliquid,xyz:NFLX,69.26050000000001,0.14438348252765465,21623.817445999997,20285.418284,21623.817445999997,20285.418284,665,193
7,LLY,stocks,hyperliquid,xyz:LLY,1186.9,3.3706918344988956,24395.520099999998,27875.56864,134363.02688,61930.723900000005,709,194
7,SKHX,stocks,hyperliquid,xyz:SKHX,1293.65,0.7730364873226314,1035027.7762,1295483.0997,1647316.5874,1868492.5114,721,189
7,TSM,stocks,hyperliquid,xyz:TSM,447.65,1.7872701682275505,32073.20381,55731.893769999995,32073.20381,62431.23643,777,193
7,USDJPY,fx,hyperliquid,xyz:JPY,157.36,2.542265158256285,355353.6754,551353.3694,596054.0663000001,918935.2671999999,337,189
7,USDJPY,fx,lighter,98,157.286,1.7803550536665824,32027.862813,50700.291161,1638892.912157,2603474.853247,,206
7,EURUSD,fx,hyperliquid,xyz:EUR,1.1367,1.759633996127885,334176.2903,113829.87981,650870.9304,368777.44856,406,203
7,EURUSD,fx,lighter,96,1.137695,0.08789740614689734,71909.041755,135878.403564,1835264.0160710001,2251947.038823,,210
7,XAG,commodities,hyperliquid,xyz:SILVER,60.5495,0.4954746647278796,862220.9129,987319.74453,862220.9129,987319.74453,533,195
7,XAG,commodities,lighter,93,60.58625000000001,0.7427703684137477,1120836.487727,1068958.380594,2794120.464751,2485356.075244,,66
7,BABA,stocks,hyperliquid,xyz:BABA,107.7,5.572582892170441,51751.82898,49327.726670000004,154992.78235,116566.73614000001,601,194
7,WTI,commodities,hyperliquid,xyz:CL,94.0855,0.10628686825775446,222041.89788299997,551972.0118590001,222041.89788299997,551972.0118590001,657,191
7,WTI,commodities,lighter,145,94.06649999999999,0.10630833669811324,349328.42413,317882.14604900003,1523680.548091,1534902.066551,,53
7,COPPER,commodities,hyperliquid,xyz:COPPER,6.61375,2.2682594888845387,28162.267108,63867.296943,28162.267108,63867.296943,715,190
7,NATGAS,commodities,hyperliquid,xyz:NATGAS,3.135,1.275998468803774,94604.03910000001,106726.17777,94604.03910000001,106726.17777,739,205
7,SMSN,stocks,hyperliquid,xyz:SMSN,199.245,0.5019072475409558,193444.19433,76432.58568,193444.19433,77559.67763,787,185
7,XPT,commodities,hyperliquid,xyz:PLATINUM,1702.3,2.350038188121406,21341.195789999998,13458.63859,51164.40974,32921.075189999996,846,188
7,USAR,stocks,hyperliquid,xyz:USAR,14.435500000000001,0.6927606511952789,17236.64154,1343.47094,37663.88637,10447.07953,326,192
7,CRWV,stocks,hyperliquid,xyz:CRWV,84.26249999999999,1.0681478316598714,58281.96016,62560.20343000001,58281.96016,74061.18958,378,219
7,GME,stocks,hyperliquid,xyz:GME,23.9185,4.6000083636510425,11215.2678,22758.02882,14526.54019,31002.80085,483,277
7,SOFTBANK,stocks,hyperliquid,xyz:SOFTBANK,38.2825,9.146739840584228,12243.098008,17301.144824,224030.671616,205600.596523,503,238
7,JP225,indices,hyperliquid,xyz:JP225,65251.0,9.506286415210674,21582.915240000002,359234.23975999997,23428.03387,365492.05746,517,190
7,KIOXIA,stocks,hyperliquid,xyz:KIOXIA,112.31,7.125679166295473,120.09246000000002,7635.063179999999,315.53744,195068.17174000002,577,198
7,EWY,stocks,hyperliquid,xyz:EWY,183.535,0.5448700484933511,234793.71855,264339.37514,274913.81699,319826.10804,667,183
7,BRENTOIL,commodities,hyperliquid,xyz:BRENTOIL,99.62049999999999,0.3011473714864543,402990.55188,113572.41783,402990.55188,113572.41783,692,188
7,BRENTOIL,commodities,lighter,159,99.565,1.0044194455605115,387124.462103,330668.243642,1975647.276668,1537730.164928,,239
7,HIMS,stocks,hyperliquid,xyz:HIMS,28.692500000000003,6.624132761565704,7246.081069999999,5517.88143,20665.9482,10128.0759,773,194
7,US500,indices,hyperliquid,xyz:SP500,7664.45,0.13047335734039933,2044651.4681,1516423.0573,2044651.4681,1516423.0573,851,183
7,US500,indices,hyperliquid,mkts:US500,763.88,0.5236561673593876,32314.09617,47729.06516,32314.09617,47729.06516,886,192
7,US500,indices,lighter,180,7666.2,1.304512308073491,742951.310881,1094585.041514,13719342.097282,13654175.776731,,48
7,LITE,stocks,hyperliquid,xyz:LITE,912.865,2.081575862484808,78035.12488,74559.95369,78035.12488,82510.01907,357,192
7,PURRDAT,stocks,hyperliquid,xyz:PURRDAT,12.026499999999999,15.810934509445929,444.589,240.72,5867.254,58333.209,378,179
7,MRVL,stocks,hyperliquid,xyz:MRVL,250.01,1.6000640025604085,117827.5395,190665.4545,117827.5395,190665.4545,432,188
7,RKLB,stocks,hyperliquid,xyz:RKLB,71.768,2.787145684106651,59279.47833,64043.98022,59279.47833,72543.48032,471,193
7,DRAM,stocks,hyperliquid,xyz:DRAM,59.950500000000005,0.1668056713932664,133349.1667,105940.7853,133349.1667,105940.7853,546,188
7,CBRS,stocks,hyperliquid,xyz:CBRS,196.99,2.0307661065133153,19881.2897,81469.23389999999,98905.21190000001,138622.30299999999,569,190
7,ARM,stocks,hyperliquid,xyz:ARM,282.135,2.481389578163906,63758.9738,62478.1904,109031.9706,97407.9014,623,190
7,GBPUSD,fx,hyperliquid,xyz:GBP,1.32395,9.823925035896686,159892.58,154530.2607,618909.2177,338553.3248,660,188
7,GBPUSD,fx,lighter,97,1.324245,1.4348827549759413,47830.097712,24938.995936,2510440.922965,2292286.61526,,220
7,SPCX,stocks,hyperliquid,xyz:SPCX,145.775,0.6860122110174949,1459246.9496,1354123.7647,1913118.0884999998,2005922.6476,760,189
7,SPCX,stocks,lighter,194,145.805,0.6858710562407389,777789.692344,761511.44963,1261682.681235,1194228.134224,,212
7,MINIMAX,stocks,hyperliquid,xyz:MINIMAX,31.505000000000003,1.2697203440947824,20123.04206,21179.79973,26230.98128,24293.65817,324,183
7,BB,stocks,hyperliquid,xyz:BB,8.7073,4.594901956280761,834.57793,11203.68605,10850.03363,72194.52189,441,200
7,QNT,stocks,hyperliquid,xyz:QNT,48.951499999999996,8.37914614457258,303.32756,238.02624000000003,1430.32845,2161.1604,430,181
7,DELL,stocks,hyperliquid,xyz:DELL,539.5699999999999,1.853499406880843,30843.517200000002,17961.6834,30843.517200000002,21785.8958,511,193
7,AVGO,stocks,hyperliquid,xyz:AVGO,348.41999999999996,1.7222078704892674,159628.0667,58850.7622,172135.9745,97639.3332,513,188
7,NBIS,stocks,hyperliquid,xyz:NBIS,229.46499999999997,1.3074743952934398,21275.855199999998,96884.8856,51096.1569,101926.8006,676,244
7,NBIS,stocks,hyperliquid,io:NBIS,229.63,2.613240418118945,2641.3909,10861.263,2907.4601,14597.1561,624,181
7,WDC,stocks,hyperliquid,xyz:WDC,450.45000000000005,1.3320900492863608,25245.63066,15886.5249,39669.30371,40742.65119,706,194
7,BE,stocks,hyperliquid,xyz:BE,261.185,1.148677106863616,45186.6467,40709.4867,46642.5803,85473.2671,709,194
7,ZHIPU,stocks,hyperliquid,xyz:ZHIPU,78.901,3.8029561645913645,21201.028542,31348.414936999998,46665.589494,41222.793848999994,818,193
7,QCOM,stocks,hyperliquid,xyz:QCOM,187.17000000000002,1.0686044026497754,6380.7469,7157.9816,64610.1251,13989.8165,327,199
7,STRC,stocks,hyperliquid,xyz:STRC,99.103,5.450361338770193,5586.840700000001,5542.4376,138267.3476,94528.4634,354,196
7,AMAT,stocks,hyperliquid,xyz:AMAT,481.15999999999997,5.405068290960102,21825.06332,27784.38988,37091.78796,39174.43317,348,186
7,SKHY,stocks,hyperliquid,xyz:SKHY,182.445,0.5481254110928369,524951.7877,603442.8557,610749.4228000001,683700.1833,450,180
7,CXMT,stocks,hyperliquid,xyz:CXMT,8.21415,2.800438329477739,19504.29991,35657.10925,92664.15646,123544.84232,516,188
7,KORU,stocks,hyperliquid,xyz:KORU,20.317,2.953628039774614,54642.511699999995,47970.8148,163118.18829999998,139317.82319999998,540,191
7,UNITREE,stocks,hyperliquid,xyz:UNITREE,67.773,0.2951071238843639,22157.37753,29627.6957,22157.37753,29627.6957,543,188
7,SOXL,stocks,hyperliquid,xyz:SOXL,138.905,0.7199424046078207,187668.1012,213014.2317,401515.0045,564470.9785,636,185
7,IREN,stocks,hyperliquid,xyz:IREN,41.495000000000005,2.4102193299579966,1758.5839999999998,21207.5897,1758.5839999999998,144358.55289999998,705,188
7,AAOI,stocks,hyperliquid,xyz:AAOI,95.423,2.515433230969588,8243.3516,10099.17685,8858.139799999999,12095.802099999999,747,206
7,MRNA,stocks,hyperliquid,xyz:MRNA,195.08999999999997,5.127153404429485,38418.1569,35927.7517,179834.4857,332181.166,784,240
7,BMNR,stocks,hyperliquid,xyz:BMNR,26.808500000000002,6.343283582088688,904.95564,13587.10781,12203.58182,26801.78783,827,190
7,US10Y,rates,hyperliquid,para:10Y,5.2528500000000005,5.141388174807471,26499.01434,11765.89941,97612.26583,162275.19387999998,895,188
7,US10Y,rates,lighter,227,95.185,3.1522538615114115,79997.641084,10565.859792,1122670.359478,972598.668837,,231
7,30Y,unclassified,hyperliquid,para:30Y,5.5555,1.8001800180034166,36498.82692,1999.6044,76237.2117,75260.17712,446,197
7,2Y,unclassified,hyperliquid,para:2Y,4.889950000000001,290.24896265560153,0,0,62076.14517,82471.41486,573,281
7,USTECH,indices,hyperliquid,mkts:USTECH,733.345,2.045631213605237,23935.79232,30056.624620000002,23935.79232,30056.624620000002,483,190
7,OAI,preipo,hyperliquid,io:OAI,1622.75,4.3145956607482105,5849.3724,3101.2493,11713.5613,7088.0162,631,187
7,ANTH,preipo,hyperliquid,io:ANTH,2055.55,0.486499635123927,6681.5205000000005,5727.4608,7211.2865,9474.8817,571,190
8,BTC,crypto,hyperliquid,BTC,83054.5,0.1204035928425995,4065271.41135,4233005.43413,4065271.41135,4233005.43413,454,213
8,BTC,spot,hyperliquid,@142,83065.5,0.1203876482280819,792195.3597,551043.11832,792195.3597,551043.11832,450,203
8,BTC,crypto,lighter,1,83053.0,0.38530355900290303,3922262.516988,2849098.4353340003,3922262.516988,2849098.4353340003,,62
8,ETH,crypto,hyperliquid,ETH,2665.75,0.3751359867965043,10381774.16571,10405754.13804,10381774.16571,10405754.13804,446,201
8,ETH,spot,hyperliquid,@151,2664.05,0.37537537537435384,400636.00691,603916.21704,400636.00691,603916.21704,499,191
8,ETH,crypto,lighter,0,2664.755,0.6379776857934338,4528344.848908,4331739.9318820005,4528344.848908,4331739.9318820005,,212
8,SOL,crypto,hyperliquid,SOL,117.765,0.8491847826075372,1840180.5199,2642080.6972,3563947.6312,4466873.3465,646,194
8,SOL,spot,hyperliquid,@156,117.69,3.39933712925955,198494.16408,130496.01508000001,318675.48778,342601.29375,643,187
8,SOL,crypto,lighter,2,117.73949999999999,1.1041933867295128,1589398.172412,1730833.9681829999,2995759.1899470002,2942506.9893900002,,207
8,AVAX,crypto,hyperliquid,AVAX,10.398,1.9236318168691646,93566.72671,64859.65581999999,237962.3051,169277.57291,834,190
8,BNB,crypto,hyperliquid,BNB,758.405,0.13185654008429637,127264.77702,86609.06113,127264.77702,86609.06113,840,193
8,OP,crypto,hyperliquid,OP,0.129915,0.7697636825509946,16572.977088,13468.892519,39574.602134,147450.457451,315,189
8,LTC,crypto,hyperliquid,LTC,67.86099999999999,1.178949850419997,49089.16917,40972.405660000004,49089.16917,40972.405660000004,461,287
8,ARB,crypto,hyperliquid,ARB,0.196765,0.5082333807693296,25233.046481999998,50300.119737,37740.412351,61459.881496999995,498,198
8,DOGE,crypto,hyperliquid,DOGE,0.0931225,0.10738600975113144,162173.950873,173505.14041300002,162173.950873,173505.14041300002,488,183
8,SUI,crypto,hyperliquid,SUI,1.11625,0.8958967926897543,97795.67921999999,141782.65165,267855.24341,285404.88856,511,194
8,CRV,crypto,hyperliquid,CRV,0.385505,0.2594033722447264,4606.051016,14015.794239,45038.863175,40666.119388,673,211
8,LDO,crypto,hyperliquid,LDO,0.433175,0.23085624581531405,13621.245789999999,36954.652719,13621.245789999999,36954.652719,680,190
8,LINK,crypto,hyperliquid,LINK,14.8325,0.674217907228325,144681.1295,93324.5257,202686.2195,150592.13940000001,698,199
8,XRP,crypto,hyperliquid,XRP,1.4896500000000001,0.6713211600439806,1119171.4391,980504.6272,1966678.0768,1401618.4379,695,183
8,XRP,crypto,lighter,7,1.4888045,1.9547794357199777,455826.675895,404713.324557,7254083.024488,7072327.659831,,57
8,BCH,crypto,hyperliquid,BCH,304.96000000000004,0.6558452205296383,23848.15418,49598.20308,23848.15418,49598.20308,870,189
8,APT,crypto,hyperliquid,APT,0.8177,2.4461839530331986,14892.395398999999,6574.198873,103442.872273,65624.109733,293,204
8,AAVE,crypto,hyperliquid,AAVE,147.62,1.3549217532671243,70127.0607,60081.395000000004,116464.94320000001,96331.04830000001,299,208
8,WLD,crypto,hyperliquid,WLD,0.47446,2.107881368436093,28181.86642,94532.323902,28181.86642,94532.323902,367,240
8,WLD,crypto,lighter,6,0.47453,1.6860207802049665,43392.92690200001,68704.881945,1036273.035975,953655.673369,,221
8,TRX,crypto,hyperliquid,TRX,0.334325,0.2991146207231843,93831.49025999999,61603.57301,93831.49025999999,61603.57301,489,194
8,UNI,crypto,hyperliquid,UNI,8.577,0.6995697645928445,30528.47793,16977.36929,30528.47793,16977.36929,488,188
8,SEI,crypto,hyperliquid,SEI,0.073967,1.081621892027318,20795.131989999998,9105.357623,28066.479616999997,9105.357623,549,181
8,ZRO,crypto,hyperliquid,ZRO,1.5162499999999999,0.6595435958312024,8146.727979999999,21275.18276,27875.51791,40176.18287,679,193
8,DOT,crypto,hyperliquid,DOT,1.1588500000000002,2.5891084836460188,65709.03588,37518.0914,97265.44066,64770.93034,686,196
8,TIA,crypto,hyperliquid,TIA,0.43113,1.8557609779867867,5761.527016999999,4389.454761,48747.085084,14602.26169,683,191
8,ADA,crypto,hyperliquid,ADA,0.24245,1.6499608134301624,122239.89086,125551.74566,122239.89086,125551.74566,789,238
8,PENDLE,crypto,hyperliquid,PENDLE,2.32055,0.4309416074121941,9807.1764,13158.5769,22134.7575,37591.8832,378,220
8,NEAR,crypto,hyperliquid,NEAR,4.64525,1.0764262648010892,100078.44092,73060.78587,100078.44092,73060.78587,381,220
8,NEAR,crypto,lighter,10,4.646835,3.4222692873941973,40249.754401,28405.949102,1993082.775795,1509511.824899,,221
8,PYTH,crypto,hyperliquid,PYTH,0.0797275,3.1361726149414793,675.209088,1924.568354,25502.359958,10828.047543,448,180
8,JUP,crypto,hyperliquid,JUP,0.32184999999999997,2.4859389080522654,15005.13963,4371.26604,27307.85462,13561.38139,612,232
8,JTO,crypto,hyperliquid,JTO,0.542985,1.2892531540642516,41382.75118,4392.76018,43461.66796,12510.889000000001,605,223
8,WIF,crypto,hyperliquid,WIF,0.23062,1.7346053772770986,16061.60265,9553.15705,35024.634170000005,50648.437359999996,609,222
8,ONDO,crypto,hyperliquid,ONDO,0.509305,0.19634792853162608,34062.71557,71835.18389,34062.71557,71835.18389,645,196
8,STRK,crypto,hyperliquid,STRK,0.041305,2.421307506053072,5460.285161999999,4852.587142,54536.831301,95226.414969,810,203
8,TAO,crypto,hyperliquid,TAO,300.54999999999995,1.3309819319218263,31091.30197,35926.16535,54154.41071,35926.16535,807,197
8,ETHFI,crypto,hyperliquid,ETHFI,0.6871700000000001,1.455349866108513,4643.398903,4875.997184,7046.771516,6128.048817,815,202
8,ENA,crypto,hyperliquid,ENA,0.25000500000000003,0.40000000000040004,40872.46902,78220.68516000001,58131.15442,93755.21576,290,192
8,ENA,crypto,lighter,29,0.250045,1.999840012798515,147434.222161,144463.530366,1420251.663954,1203245.275916,,234
8,HBAR,crypto,hyperliquid,HBAR,0.11929999999999999,1.6765864699475053,20343.44092,16821.15021,104783.78489,188225.68509,462,198
8,EIGEN,crypto,hyperliquid,EIGEN,0.24869999999999998,8.045052292839916,3277.8755419999998,1911.867926,25126.907256,20437.522247,465,197
8,GRASS,crypto,hyperliquid,GRASS,0.654005,10.862082154059483,5161.563349,942.552131,19963.253897,7320.804812,486,195
8,PURR,crypto,hyperliquid,PURR,0.139375,7.895492391616354,366.19754,319.59318,1385.34356,1690.80402,660,196
8,PURR,spot,hyperliquid,PURR/USDC,0.139065,10.792143319664493,149.97021,368.32608000000005,18539.955840000002,48987.30267,657,191
8,XLM,crypto,hyperliquid,XLM,0.227525,0.43952180028172805,73444.37811,19926.81628,88545.87711,24634.48525,699,212
8,HYPE,crypto,hyperliquid,HYPE,86.8205,0.11518083391059974,98654.21122,239148.60997,98654.21122,239148.60997,697,202
8,HYPE,spot,hyperliquid,@107,86.86500000000001,2.5329863909551165,157399.02867,92948.53407000001,157399.02867,92948.53407000001,309,191
8,HYPE,crypto,lighter,24,86.8423,2.165077983113939,738388.667061,722955.0797,2094350.45956,2336797.656217,,209
8,VIRTUAL,crypto,hyperliquid,VIRTUAL,0.80436,6.466857356048905,23183.976776,5716.221854,26751.724251,44052.957449,709,551
8,PENGU,crypto,hyperliquid,PENGU,0.009170999999999999,2.1810250817888566,18494.731086,52509.351573,70031.925165,189599.048334,412,252
8,FARTCOIN,crypto,hyperliquid,FARTCOIN,0.164055,3.048222886057328,8654.954017,18569.740563,47077.463344,37748.694408999996,672,361
8,SPX,crypto,hyperliquid,SPX,0.404355,2.7207519168936933,6494.946564,6740.30353,13410.28033,16282.726558,520,188
8,MORPHO,crypto,hyperliquid,MORPHO,2.43175,2.878999753228584,6764.82011,6239.1951500000005,18155.11375,14921.21811,781,367
8,TRUMP,crypto,hyperliquid,TRUMP,1.9628,1.019004432669668,38187.20771,47846.18473,62189.97533,71101.07004,710,189
8,VVV,crypto,hyperliquid,VVV,26.8955,1.8592198713407448,18613.41557,9130.42661,25559.91707,12676.536,358,207
8,PAXG,crypto,hyperliquid,PAXG,4142.55,0.24140012070184014,322126.4188,202445.1114,322126.4188,202445.1114,378,189
8,SYRUP,crypto,hyperliquid,SYRUP,0.225465,5.76752440106576,2869.27362,2821.1633100000004,12019.72544,11970.26898,382,191
8,PUMP,crypto,hyperliquid,PUMP,0.0047995,2.083767451550589,39604.358381,45154.177004000005,363184.992931,328148.971425,454,194
8,PUMP,crypto,lighter,45,0.004798,4.169272461955753,109892.930249,85656.79339,1084743.096954,874186.923478,,213
8,XPL,crypto,hyperliquid,XPL,0.0959835,0.10418511611431924,1155887.147022,4511.9145260000005,1156864.157691,4511.9145260000005,582,202
8,SKY,crypto,hyperliquid,SKY,0.07758899999999999,8.251995306676196,5445.337857,12189.502873,11962.138241,20433.091511,616,233
8,ASTER,crypto,hyperliquid,ASTER,0.703685,1.8475881868051935,28132.167599999997,27071.24941,28132.167599999997,27071.24941,677,222
8,ZEC,crypto,hyperliquid,ZEC,1378.75,0.7253209545221573,482410.831,808152.485,933248.614,1117553.782,760,187
8,ZEC,crypto,lighter,90,1380.088,1.6811935314620108,447042.80866499996,374279.13665899995,5284754.113143,6100902.000261,,213
8,MON,crypto,hyperliquid,MON,0.027255500000000002,0.3669051550159175,10622.312149000001,14618.907629,10804.760276,19333.041539,799,182
8,CC,crypto,hyperliquid,CC,0.13302999999999998,1.503533303262028,7911.579860000001,7554.76131,39116.7707,37004.9739,341,215
8,ICP,crypto,hyperliquid,ICP,3.2632000000000003,4.291187739462465,2257.23253,1220.0222099999999,17253.56581,20341.16871,403,194
8,AERO,crypto,hyperliquid,AERO,0.822705,1.3371421625252289,4246.19166,4129.31969,4246.19166,4129.31969,449,203
8,LIT,crypto,hyperliquid,LIT,4.35055,0.22985863693758546,20864.6084,17005.1461,20864.6084,27101.2558,446,197
8,LIT,crypto,lighter,120,4.34925,1.609602428198631,25572.695477999998,42878.543462,357544.446014,300015.288519,,51
8,XMR,crypto,hyperliquid,XMR,540.38,1.1103914129728665,33073.06229,37188.3461,35021.16979,54185.1301,590,194
8,DASH,crypto,hyperliquid,DASH,59.436499999999995,1.850885901297783,9633.19973,39676.027050000004,19032.24626,57268.22228,587,183
8,SKR,crypto,hyperliquid,SKR,0.018319500000000002,1.6377333770067892,6785.573211999999,2519.059747,15200.402966,9791.371308,644,197
8,AZTEC,crypto,hyperliquid,AZTEC,0.0183815,3.8089019479814468,2604.148796,686.7172419999999,41538.292309000004,18048.11156,635,185
8,CHIP,crypto,hyperliquid,CHIP,0.042588,0.9392758183457417,5624.648923,3429.236522,21522.892093,17538.310987,783,195
8,GRAM,crypto,hyperliquid,GRAM,1.5488499999999998,0.6456611570238024,16286.4718,23780.2557,25183.3391,46486.6473,781,190
8,CASHCAT,crypto,hyperliquid,CASHCAT,0.17063,2.3445284567125135,270.7922,1874.21289,6047.03975,7076.59725,297,191
8,PONS,crypto,hyperliquid,PONS,0.527895,2.0839648378312425,4706.01449,14449.815709999999,19329.17527,14449.815709999999,300,184
8,USELESS,crypto,hyperliquid,USELESS,0.23243,2.58175559380458,1339.72014,20137.4716,12265.91246,28869.07353,457,205
8,US100,indices,hyperliquid,xyz:XYZ100,30162.5,0.3315430011263665,3508459.3465,3976966.3788,3508459.3465,3976966.3788,454,200
8,US100,indices,lighter,181,30162.0,0.6631079871355361,1096800.124415,1127010.219084,3085012.720635,2879396.986013,,250
8,TSLA,stocks,hyperliquid,xyz:TSLA,356.825,0.840783610323026,241768.80373,184025.41964,241768.80373,184025.41964,488,186
8,TSLA,stocks,lighter,112,356.91999999999996,1.6811902827207348,276252.977302,221813.995577,936867.316578,988369.911133,,216
8,NVDA,stocks,hyperliquid,xyz:NVDA,228.215,0.4381928925112355,607806.3979,666611.71276,607806.3979,666611.71276,650,192
8,NVDA,stocks,lighter,110,228.3345,0.5693563645281507,700981.017802,534632.202883,1419712.674158,1329651.0458830001,,208
8,XAU,commodities,hyperliquid,xyz:GOLD,4133.95,0.2419023198441117,1149657.10488,1802586.84791,1149657.10488,1802586.84791,744,195
8,XAU,commodities,lighter,92,4135.75,1.0155868399297496,807469.0347259999,1168849.214076,2811752.795507,2564668.615432,,216
8,HOOD,stocks,hyperliquid,xyz:HOOD,115.41499999999999,0.8664760419385686,107374.74923,113337.40767,262045.50314000002,229580.41348,332,192
8,INTC,stocks,hyperliquid,xyz:INTC,114.25,1.7507002801120386,259580.5086,755376.9883,571144.597,1171481.9961,365,199
8,PLTR,stocks,hyperliquid,xyz:PLTR,186.435,1.6092693916958112,121557.86582,93808.03467000001,130302.31689,116294.71651,421,208
8,COIN,stocks,hyperliquid,xyz:COIN,191.37,1.0451505016706442,83299.17139,190280.964,87180.93721,199977.21702,530,197
8,META,stocks,hyperliquid,xyz:META,714.76,0.5596440663735436,104626.77816,140843.49897000002,104626.77816,140843.49897000002,540,204
8,META,stocks,lighter,117,715.13,0.8390434904193,272408.85765699996,169929.700749,866254.219376,862426.2979690001,,52
8,AAPL,stocks,hyperliquid,xyz:AAPL,337.37,0.5928385107889511,155228.68069,172253.74557,155228.68069,172253.74557,619,200
8,AAPL,stocks,lighter,113,337.35450000000003,0.3853587393432001,300676.78222500003,316929.750045,1085294.472073,841366.471462,,50
8,MSFT,stocks,hyperliquid,xyz:MSFT,507.3,0.3942518086308411,112934.61034,118934.81055,112934.61034,118934.81055,667,194
8,MSFT,stocks,lighter,115,507.53999999999996,1.1822427144303482,77493.567448,66112.142063,691947.3884930001,576882.982574,,220
8,ORCL,stocks,hyperliquid,xyz:ORCL,132.725,0.7534659433394708,165345.98442,88543.01912,396275.45686,189128.91628,737,196
8,GOOGL,stocks,hyperliquid,xyz:GOOGL,341.895,0.8775008775008253,161234.96979,168699.16141,161234.96979,168699.16141,811,190
8,GOOGL,stocks,lighter,116,342.025,0.29238056254099476,131963.81867,153498.39488,1009941.8253060001,789152.9636649999,,217
8,AMZN,stocks,hyperliquid,xyz:AMZN,246.005,1.2195617708044004,159277.18563,131263.90325,159277.18563,131263.90325,379,188
8,AMZN,stocks,lighter,114,246.082,1.3817487249290217,262730.00887099997,178902.048153,872629.895841,669952.409949,,229
8,AMD,stocks,hyperliquid,xyz:AMD,604.895,2.1493642841785565,90900.92389,45924.590449999996,90900.92389,45924.590449999996,468,204
8,MU,stocks,hyperliquid,xyz:MU,1050.45,0.952018278750355,982222.5059,695417.9361,1651074.5071999999,1794381.7509,559,221
8,SNDK,stocks,hyperliquid,xyz:SNDK,1698.25,0.588858791661373,1280363.8317,1196170.6586,1503572.4533,1551275.2746,564,184
8,SNDK,stocks,hyperliquid,io:SNDK,1698.75,1.7661603673624349,30781.498310000003,67198.25072000001,38441.035070000005,102752.10058,634,199
8,SNDK,stocks,lighter,139,1698.25,0.4710842593080855,332652.655463,388373.25748000003,2611405.21858,2223336.292662,,234
8,MSTR,stocks,hyperliquid,xyz:MSTR,155.87,1.2832028743736679,125929.10547,281331.81591,223618.80917999998,338472.91408,749,189
8,CRCL,stocks,hyperliquid,xyz:CRCL,85.1245,1.2923084152771658,70394.692211,81564.098865,70394.692211,81564.098865,746,181
8,NFLX,stocks,hyperliquid,xyz:NFLX,69.261,0.28876696505752975,21990.727758,19904.642794,21990.727758,19904.642794,279,190
8,LLY,stocks,hyperliquid,xyz:LLY,1187.0,5.056037751747233,24524.40967,21544.23794,132304.51734,65831.69968,350,191
8,SKHX,stocks,hyperliquid,xyz:SKHX,1292.25,0.7738740133089728,885609.0075,1028352.5308,1589867.9975,1649497.7467,390,190
8,TSM,stocks,hyperliquid,xyz:TSM,447.65999999999997,1.7872302399357665,47479.48736,57839.18632,50458.80038,57839.18632,389,185
8,USDJPY,fx,hyperliquid,xyz:JPY,157.365,1.9065776930404787,492162.6389,548917.4365,577786.458,857931.2278999999,475,194
8,USDJPY,fx,lighter,98,157.2945,3.4972371826258453,25076.397243,39429.244123,1829442.47432,2586085.177414,,67
8,EURUSD,fx,hyperliquid,xyz:EUR,1.1367,1.759633996127885,340994.94941,113830.37103000001,657699.58951,368777.93977999996,593,202
8,EURUSD,fx,lighter,96,1.137695,0.08789740614689734,71909.001374,96012.75044999999,1835263.94254,2253191.420297,,50
8,XAG,commodities,hyperliquid,xyz:SILVER,60.555499999999995,0.16513912971749534,505367.27137,771198.7938100001,505367.27137,771198.7938100001,608,187
8,XAG,commodities,lighter,93,60.5924,1.3533966128775887,924082.206941,1201070.494523,3080020.24406,2720334.613324,,212
8,BABA,stocks,hyperliquid,xyz:BABA,107.745,2.7847396268443347,53536.2124,121113.38209,90357.82873,159883.68672,680,204
8,WTI,commodities,hyperliquid,xyz:CL,94.106,0.8501413359973675,662279.837198,332435.115212,662279.837198,332435.115212,782,188
8,WTI,commodities,lighter,145,94.0925,1.1691306981820304,543090.541989,528900.7416450001,1393335.170741,1768103.007257,,204
8,COPPER,commodities,hyperliquid,xyz:COPPER,6.61395,1.6632896845791834,27173.005784,62897.374764,27173.005784,62897.374764,327,202
8,NATGAS,commodities,hyperliquid,xyz:NATGAS,3.13445,0.319040326697273,71314.07685,80026.91990000001,71314.07685,80026.91990000001,344,196
8,SMSN,stocks,hyperliquid,xyz:SMSN,199.07,1.0047221943132456,187841.81784,74452.67499,190510.45437000002,76842.32083,443,193
8,XPT,commodities,hyperliquid,xyz:PLATINUM,1702.6,3.5246431298840974,18847.11233,58421.551069999994,72455.56885,75982.64906,468,187
8,USAR,stocks,hyperliquid,xyz:USAR,14.435500000000001,0.6927606511952789,18236.50761,1343.47094,37923.62517,10503.73774,530,202
8,CRWV,stocks,hyperliquid,xyz:CRWV,84.25800000000001,1.6617013447906004,66912.80074,61980.84531,94400.59778000001,75832.12245,535,190
8,GME,stocks,hyperliquid,xyz:GME,23.9185,4.6000083636510425,11138.50707,20757.815150000002,14449.77946,29002.58718,637,193
8,SOFTBANK,stocks,hyperliquid,xyz:SOFTBANK,38.2705,9.149609180978402,12242.190984,2932.792925,196056.92413899998,205424.042475,663,194
8,JP225,indices,hyperliquid,xyz:JP225,65256.0,8.278526422296206,15964.31491,297031.9988,23428.71109,303289.79399,727,195
8,KIOXIA,stocks,hyperliquid,xyz:KIOXIA,112.22999999999999,7.13076031731763,139.63262,7769.74471,383.43942,190390.55426,718,181
8,EWY,stocks,hyperliquid,xyz:EWY,183.45999999999998,1.0902153175251783,412726.12691,269287.17033,439865.75376,287164.22209,284,189
8,BRENTOIL,commodities,hyperliquid,xyz:BRENTOIL,99.62,1.8070293441496688,185512.17502999998,288519.78641,185512.17502999998,288519.78641,339,218
8,BRENTOIL,commodities,lighter,159,99.565,1.0044194455605115,499434.923666,495349.315632,1982733.905322,1716362.882887,,55
8,HIMS,stocks,hyperliquid,xyz:HIMS,28.692500000000003,6.624132761565704,7295.96339,4532.8614099999995,20669.43534,7894.68621,380,195
8,US500,indices,hyperliquid,xyz:SP500,7664.65,0.1304699527682196,1943439.8582,1466209.1917,1943439.8582,1466209.1917,432,199
8,US500,indices,hyperliquid,mkts:US500,763.88,0.5236561673593876,37253.00633,45608.723790000004,37253.00633,45608.723790000004,474,188
8,US500,indices,lighter,180,7666.299999999999,1.0435826191312891,756267.811275,1095104.148087,13770429.269216,13694349.353683999,,212
8,LITE,stocks,hyperliquid,xyz:LITE,912.585,2.9590662502054776,46864.30815999999,50785.862499999996,97459.8844,69068.24066,573,191
8,PURRDAT,stocks,hyperliquid,xyz:PURRDAT,12.015999999999998,13.324450366423157,2509.094,2152.296,7084.889,60489.672,622,188
8,MRVL,stocks,hyperliquid,xyz:MRVL,249.88,0.8004162164310102,184089.8198,150611.54260000002,185684.9555,159366.4426,671,195
8,RKLB,stocks,hyperliquid,xyz:RKLB,71.7145,2.370791844474862,128910.37614,39153.248849999996,128910.37614,72243.40782,744,190
8,DRAM,stocks,hyperliquid,xyz:DRAM,59.911,1.001535688054389,185556.7562,92935.44350000001,185556.7562,92935.44350000001,769,195
8,CBRS,stocks,hyperliquid,xyz:CBRS,197.04000000000002,1.0150738466219167,36401.880800000006,58035.6109,100482.1876,133849.5805,821,198
8,ARM,stocks,hyperliquid,xyz:ARM,281.97,3.547105561860775,77746.7331,48623.8664,123767.3564,107255.456,327,192
8,GBPUSD,fx,hyperliquid,xyz:GBP,1.3243,6.042752473751634,165613.4515,160110.1017,401433.4707,338517.353,482,274
8,GBPUSD,fx,lighter,97,1.32428,1.9635237699677788,47829.95317,24792.876824,2510440.778423,2292140.496148,,237
8,SPCX,stocks,hyperliquid,xyz:SPCX,145.775,0.6860122110174949,1438633.1261,1353554.1056,1902281.9795,2053312.8917,486,202
8,SPCX,stocks,lighter,194,145.805,0.6858710562407389,793604.352998,782007.449239,1276513.49539,1147012.349812,,205
8,MINIMAX,stocks,hyperliquid,xyz:MINIMAX,31.491999999999997,3.175913869215563,19420.73016,18279.705459999997,29390.532180000002,20749.08214,829,358
8,BB,stocks,hyperliquid,xyz:BB,8.70795,3.1010957204880008,10524.76935,11403.143740000001,62175.457989999995,86565.68736,799,316
8,QNT,stocks,hyperliquid,xyz:QNT,48.951499999999996,8.37914614457258,301.85987,192.45996000000002,1418.12532,2176.0108099999998,812,324
8,DELL,stocks,hyperliquid,xyz:DELL,539.515,1.6683040762210943,44173.7864,17549.2925,45688.184,19839.3007,815,281
8,AVGO,stocks,hyperliquid,xyz:AVGO,348.37,2.8709232889312375,164563.4866,44485.3033,199292.2143,84042.073,475,203
8,NBIS,stocks,hyperliquid,xyz:NBIS,229.405,2.179788996425902,89104.9659,48010.39,167522.3253,91414.0619,478,194
8,NBIS,stocks,hyperliquid,io:NBIS,229.64,0.8709663371520016,2384.1821999999997,10733.554900000001,5047.1354,16239.178500000002,484,197
8,WDC,stocks,hyperliquid,xyz:WDC,450.24,0.888454533338745,35485.82021,7369.055879999999,45598.14724,46634.41271,492,191
8,BE,stocks,hyperliquid,xyz:BE,261.28999999999996,2.296562810992775,41879.3758,19560.7345,46877.9088,30062.012199999997,659,183
8,ZHIPU,stocks,hyperliquid,xyz:ZHIPU,78.773,3.3011681056360764,31788.277708,14955.869351,49323.32083,31095.346615,662,182
8,QCOM,stocks,hyperliquid,xyz:QCOM,187.14,2.137665669088573,13434.8218,7044.4589000000005,68652.4122,17829.382,690,205
8,STRC,stocks,hyperliquid,xyz:STRC,99.0945,5.349860701739928,4566.0203,6484.107,140148.4939,95101.6392,676,183
8,AMAT,stocks,hyperliquid,xyz:AMAT,481.125,4.365722838968189,22025.66005,34012.77501,43963.62168,46336.10284,296,187
8,SKHY,stocks,hyperliquid,xyz:SKHY,182.29500000000002,1.645819618170119,540055.7389,596724.3477,673346.2927,680206.8255,305,193
8,CXMT,stocks,hyperliquid,xyz:CXMT,8.218399999999999,2.677278424787488,27058.54478,36226.61928,93690.68914,94205.4514,314,188
8,KORU,stocks,hyperliquid,xyz:KORU,20.2955,1.4782694392434514,59800.5628,17316.765199999998,155184.9985,97851.4853,387,248
8,UNITREE,stocks,hyperliquid,xyz:UNITREE,67.773,0.2951071238843639,23128.37235,13505.21112,23128.37235,13505.21112,508,210
8,SOXL,stocks,hyperliquid,xyz:SOXL,138.87,1.4402995823115106,160867.4273,211114.79069999998,319917.8098,429757.9436,512,205
8,IREN,stocks,hyperliquid,xyz:IREN,41.491,2.4104517186529506,331.812,17159.9836,331.812,141490.721,512,197
8,AAOI,stocks,hyperliquid,xyz:AAOI,95.4,1.6772895001682109,4077.19485,11005.09577,9878.78415,12789.11557,581,193
8,MRNA,stocks,hyperliquid,xyz:MRNA,195.085,2.5633138521485854,45405.0489,30626.7343,215029.5678,292677.038,710,201
8,BMNR,stocks,hyperliquid,xyz:BMNR,26.8155,1.8647670905913571,324.5662,15207.593,11595.11183,26808.34895,704,191
8,US10Y,rates,hyperliquid,para:10Y,5.25545,5.51960411115493,26499.119060000005,16776.8776,97611.98610000001,167841.51183,707,191
8,US10Y,rates,lighter,227,95.195,3.1519226728282668,50001.059129,10565.944146,1122672.3238,972598.753191,,53
8,30Y,unclassified,hyperliquid,para:30Y,5.5555,1.8001800180034166,36498.82692,1999.6044,76237.2117,75260.17712,823,187
8,2Y,unclassified,hyperliquid,para:2Y,4.889950000000001,290.24896265560153,0,0,62076.14517,82471.41486,893,188
8,USTECH,indices,hyperliquid,mkts:USTECH,733.365,1.772807854902858,27746.22352,30383.818850000003,27746.22352,30383.818850000003,893,185
8,OAI,preipo,hyperliquid,io:OAI,1622.65,5.548021205770137,5031.6497,4251.4218,12052.2384,8738.6099,896,185
8,ANTH,preipo,hyperliquid,io:ANTH,2055.45,0.4865233044659689,7805.3208,6932.6996,10609.5584,10686.2651,348,192
9,BTC,crypto,hyperliquid,BTC,83005.5,0.12047467019993263,6814845.70279,3387890.28617,6814845.70279,3387890.28617,668,212
9,BTC,spot,hyperliquid,@142,83016.5,0.12045870675603254,579101.63058,534258.00692,579101.63058,534258.00692,672,215
9,BTC,crypto,lighter,1,83010.25,0.012046712332125509,2708079.816124,3238792.5869899997,2708079.816124,3238792.5869899997,,92
9,ETH,crypto,hyperliquid,ETH,2663.45,0.37545993842424963,10963600.22715,9589074.47939,10963600.22715,9589074.47939,664,205
9,ETH,spot,hyperliquid,@151,2661.5,0.7514841812583661,419927.81868,332522.84127,419927.81868,332522.84127,735,185
9,ETH,crypto,lighter,0,2662.5,0.6009570240594897,4508330.013782,5725591.480589,4508330.013782,5725591.480589,,207
9,SOL,crypto,hyperliquid,SOL,117.445,0.8514986376018108,1754719.1228,2653830.5443,3658584.7554,5063852.2364,350,190
9,SOL,spot,hyperliquid,@156,117.39500000000001,0.8518613169772316,174168.22239,190388.03277,300167.42442,367007.29095,341,178
9,SOL,crypto,lighter,2,117.42750000000001,0.5961302629775567,1012542.6374260001,1301002.215633,2346215.585935,3715865.947362,,221
9,AVAX,crypto,hyperliquid,AVAX,10.372499999999999,0.9641342074817594,65440.51011,45486.31747,290245.63714,131896.35455,522,180
9,BNB,crypto,hyperliquid,BNB,757.495,0.1320149440919849,126609.29794,72903.76709,126609.29794,72903.76709,550,198
9,OP,crypto,hyperliquid,OP,0.129515,2.3166023166032446,12382.40692,30147.45924,94441.37884599999,83303.049745,574,209
9,LTC,crypto,hyperliquid,LTC,67.724,0.8859880982270418,28999.0202,43570.21795,28999.0202,43570.21795,631,183
9,ARB,crypto,hyperliquid,ARB,0.19633499999999998,0.5093465084282656,23531.941004,47547.039181,45669.321924,57551.505166,717,194
9,DOGE,crypto,hyperliquid,DOGE,0.0929315,0.7532713498625832,194784.91254699999,138931.803046,194784.91254699999,138931.803046,757,205
9,SUI,crypto,hyperliquid,SUI,1.1141,1.7953321364450048,87434.24803999999,152377.33189,235879.03668,357045.97523,765,189
9,CRV,crypto,hyperliquid,CRV,0.3834,2.608582235554824,11398.254485,34168.292499,24067.667792,44577.136568,816,183
9,LDO,crypto,hyperliquid,LDO,0.431775,0.2316047895867257,27364.835193,59536.21034,27364.835193,61515.052557,304,181
9,LINK,crypto,hyperliquid,LINK,14.7425,0.678334011667836,100453.2381,129306.4271,132687.8988,169931.6675,439,275
9,XRP,crypto,hyperliquid,XRP,1.48645,0.6727664155015134,965733.6714999999,750477.2496,1991209.9146,1420153.691,374,203
9,XRP,crypto,lighter,7,1.485804,3.002192408223525,191180.116022,381531.606536,7140972.485137,6874136.7874219995,,52
9,BCH,crypto,hyperliquid,BCH,304.395,0.3285259042673516,15477.52818,64849.90918,24005.80157,64849.90918,465,190
9,APT,crypto,hyperliquid,APT,0.8141499999999999,3.6855036855043544,27185.434273,5887.476675999999,112452.502148,72504.549869,506,201
9,AAVE,crypto,hyperliquid,AAVE,147.345,0.6787023211618504,68863.6402,63110.8479,129922.4712,130178.43410000001,578,203
9,WLD,crypto,hyperliquid,WLD,0.472935,1.057283626906269,33244.263112,97725.84056699999,33244.263112,97725.84056699999,629,188
9,WLD,crypto,lighter,6,0.472935,4.4413425544065355,37877.777127,114408.456208,1035594.801244,940702.781958,,44
9,TRX,crypto,hyperliquid,TRX,0.334295,0.2991414639996748,87364.57857,46944.54722,87364.57857,46944.54722,695,188
9,UNI,crypto,hyperliquid,UNI,8.5521,1.4032625855109337,10188.23354,56739.21629,10188.23354,56739.21629,711,198
9,SEI,crypto,hyperliquid,SEI,0.07372000000000001,1.8992579327936632,17881.952499,16005.931936,17881.952499,46591.549551000004,774,195
9,ZRO,crypto,hyperliquid,ZRO,1.5086499999999998,0.6628662335939062,11587.9517,10214.86749,34392.40595,29145.30509,271,197
9,DOT,crypto,hyperliquid,DOT,1.15625,2.5949312343231945,37967.88085,46641.41859,76184.53621,79108.90761,462,322
9,TIA,crypto,hyperliquid,TIA,0.429245,1.6309032874350926,6506.405703,4396.120804,46718.156749999995,32879.360867,351,195
9,ADA,crypto,hyperliquid,ADA,0.24167,0.8276090374903511,80059.71534000001,143117.94109,82437.81298,143117.94109,411,191
9,PENDLE,crypto,hyperliquid,PENDLE,2.3105,2.597177733529854,13658.4042,6131.2316,14258.4842,12531.8308,488,216
9,NEAR,crypto,hyperliquid,NEAR,4.62695,0.21612742873156066,37782.0113,70326.48816000001,37782.0113,70326.48816000001,553,200
9,NEAR,crypto,lighter,10,4.630775,4.64392941227354,31421.882972,52151.852984000005,1058854.1606659999,1720089.060361,,220
9,PYTH,crypto,hyperliquid,PYTH,0.079374,7.0576966702806665,1669.564692,2848.906567,22884.906383,18851.499949,660,196
9,JUP,crypto,hyperliquid,JUP,0.32035,1.2487122654758487,16472.08021,6895.65234,23597.33539,13184.80262,687,198
9,JTO,crypto,hyperliquid,JTO,0.541165,3.8812700994350635,21646.03222,4937.19773,59508.15601,31520.14172,731,177
9,WIF,crypto,hyperliquid,WIF,0.229825,4.787396091743279,10101.87539,10312.94388,70460.80158,81090.53917,297,208
9,ONDO,crypto,hyperliquid,ONDO,0.509125,0.19641734757991358,53266.04445,71976.40025,53266.04445,71976.40025,315,197
9,STRK,crypto,hyperliquid,STRK,0.041190000000000004,4.8567265662935455,7259.847629,6430.743301,70138.274755,81898.489065,341,196
9,TAO,crypto,hyperliquid,TAO,299.70500000000004,1.0010344022171047,31790.613,57619.397469999996,33215.45425,57619.397469999996,377,188
9,ETHFI,crypto,hyperliquid,ETHFI,0.6848099999999999,3.7973944032243523,4172.87771,5188.46401,9222.4417,6032.138497,489,191
9,ENA,crypto,hyperliquid,ENA,0.249335,0.40107488068041874,47920.23005,66612.81147,55248.11284,71694.74036,506,189
9,ENA,crypto,lighter,29,0.24934,0.8021497613608375,143697.880367,85524.544137,1379393.862804,1122892.5873790001,,53
9,HBAR,crypto,hyperliquid,HBAR,0.11887,5.048805116123489,17996.2874,11419.42497,110518.15008,46220.83336,562,184
9,EIGEN,crypto,hyperliquid,EIGEN,0.248,8.067769261799196,4508.486887999999,1853.63119,38033.85867,36883.594881,587,189
9,GRASS,crypto,hyperliquid,GRASS,0.6521250000000001,3.220760099382769,4116.341883,1585.6979489999999,12681.813109,9151.694396,677,187
9,PURR,crypto,hyperliquid,PURR,0.13918999999999998,5.749191519941466,29.21376,454.61952,840.0557299999999,1211.19542,696,189
9,PURR,spot,hyperliquid,PURR/USDC,0.1388,11.534025374855261,154.6682,318.61287000000004,16542.2089,48152.84516,749,186
9,XLM,crypto,hyperliquid,XLM,0.22658,1.7655367231639296,31089.27447,41226.20025,51116.080089999996,48045.77266,772,183
9,HYPE,crypto,hyperliquid,HYPE,86.6875,0.11535755072955567,72891.84976,142847.90129,72891.84976,142847.90129,321,183
9,HYPE,spot,hyperliquid,@107,86.7185,0.11531631264549702,67185.46938,136369.64355,67185.46938,136369.64355,440,284
9,HYPE,crypto,lighter,24,86.68875,0.6114013665392548,485839.580847,536200.518368,1882351.639219,2579773.063775,,233
9,VIRTUAL,crypto,hyperliquid,VIRTUAL,0.799315,4.630035163240009,11868.778175,4773.949888,15452.580509,6670.386453,422,190
9,PENGU,crypto,hyperliquid,PENGU,0.0091325,1.0950503723172744,15620.234569999999,43268.632176,45905.833607,185578.129047,509,187
9,FARTCOIN,crypto,hyperliquid,FARTCOIN,0.16344,2.447680822419418,6121.251322,21655.267196,47853.971688,65315.600745,614,191
9,SPX,crypto,hyperliquid,SPX,0.40236,2.982848620431966,2755.464371,6296.873914,9815.266339,8476.041487,632,191
9,MORPHO,crypto,hyperliquid,MORPHO,2.4268,2.4726973006394815,4745.10339,7568.11568,12123.43985,15216.33549,628,184
9,TRUMP,crypto,hyperliquid,TRUMP,1.9572500000000002,1.5328802820491205,17992.52697,64099.37725,74596.62202,113181.02259,765,255
9,VVV,crypto,hyperliquid,VVV,26.874499999999998,0.3721068690931695,363607.04756,6353.14148,365592.75857999997,8679.48092,801,186
9,PAXG,crypto,hyperliquid,PAXG,4142.55,0.24140012070184014,297714.0226,294315.7319,297714.0226,294315.7319,834,204
9,SYRUP,crypto,hyperliquid,SYRUP,0.22453,6.237191481779369,3061.99181,1799.59564,16594.58275,13986.9325,828,194
9,PUMP,crypto,hyperliquid,PUMP,0.004791,4.1753653444676075,20214.863287,44598.733051999996,264198.220029,342523.552408,438,193
9,PUMP,crypto,lighter,45,0.004788499999999999,2.0885547201343613,174896.927922,85704.34737300001,1141487.339788,946447.232806,,55
9,XPL,crypto,hyperliquid,XPL,0.096302,1.8692947566267826,887421.571158,18207.492612,897353.3174070001,18207.492612,637,329
9,SKY,crypto,hyperliquid,SKY,0.0774405,9.689546916786806,2947.410251,11205.974389,11385.105142999999,26140.050374,824,510
9,ASTER,crypto,hyperliquid,ASTER,0.7051050000000001,0.7091393884373076,33597.09416,26423.25411,33597.09416,26423.25411,586,249
9,ZEC,crypto,hyperliquid,ZEC,1376.95,0.726269155348902,442034.98099999997,562489.9029999999,1126001.169,946297.849,644,204
9,ZEC,crypto,lighter,90,1377.6970000000001,2.0906636623041486,619687.265411,527629.9859229999,4906245.711208,5367982.199932,,214
9,MON,crypto,hyperliquid,MON,0.0271385,0.3684869924103218,5154.322196,43966.036848,8624.11557,50847.352904,283,190
9,CC,crypto,hyperliquid,CC,0.132645,2.2619316896621555,10565.78909,12961.136110000001,43828.736150000004,46820.20649,286,185
9,ICP,crypto,hyperliquid,ICP,3.2555,8.604529670261929,4051.84366,25930.66159,24067.28649,56228.750609999996,464,205
9,AERO,crypto,hyperliquid,AERO,0.821555,2.312954982592874,115722.27071000001,8429.79712,115971.75439,8429.79712,473,192
9,LIT,crypto,hyperliquid,LIT,4.350149999999999,1.1494517115329117,9326.449999999999,15209.916299999999,9326.449999999999,15209.916299999999,481,196
9,LIT,crypto,lighter,120,4.347250000000001,1.1502185415213084,11788.470968,15655.404752999999,320556.329553,391642.575248,,243
9,XMR,crypto,hyperliquid,XMR,540.065,2.7778292190583365,12614.90716,35442.198899999996,12614.90716,35442.198899999996,666,201
9,DASH,crypto,hyperliquid,DASH,59.311,3.0353107820979552,4733.53175,44711.53285999999,12961.937310000001,49906.62207,682,208
9,SKR,crypto,hyperliquid,SKR,0.0182685,0.5474052988829747,4510.242592,4265.678694,14948.996539,12061.730172000001,663,181
9,AZTEC,crypto,hyperliquid,AZTEC,0.018307999999999998,5.463585204610322,2767.366375,2402.99705,25816.633352,30726.665375,716,184
9,CHIP,crypto,hyperliquid,CHIP,0.042428499999999994,1.6499705362393868,6662.590719,5536.283612,19150.01065,21387.697965,320,195
9,GRAM,crypto,hyperliquid,GRAM,1.5494500000000002,0.6454111268872076,12203.6738,28146.4207,19388.076399999998,61349.4208,318,190
9,CASHCAT,crypto,hyperliquid,CASHCAT,0.17004,3.5292041644607863,1156.614,1072.5369,8440.61874,10788.08315,333,189
9,PONS,crypto,hyperliquid,PONS,0.5263599999999999,3.800402842704109,11961.31748,6755.409619999999,19942.16999,14696.62552,401,223
9,USELESS,crypto,hyperliquid,USELESS,0.23176,6.906077348065587,1440.6321699999999,3398.38917,17457.13235,14912.45184,509,190
9,US100,indices,hyperliquid,xyz:XYZ100,30159.5,0.3315759806366003,3436754.1607,4046168.0188,3436754.1607,4046168.0188,512,190
9,US100,indices,lighter,181,30159.5,0.9947609257898726,1124117.844065,988915.518819,3056624.050893,2761860.48312,,232
9,TSLA,stocks,hyperliquid,xyz:TSLA,356.78,1.1212019284689845,219963.5143,133862.10277,219963.5143,133862.10277,589,187
9,TSLA,stocks,lighter,112,356.855,0.8407129245613376,277873.430972,203496.585646,946814.864735,982480.133908,,218
9,NVDA,stocks,hyperliquid,xyz:NVDA,228.185,0.43825050398682563,679748.00528,725976.99436,679748.00528,725976.99436,703,190
9,NVDA,stocks,lighter,110,228.297,0.08760556470699399,442754.12996100006,283826.589575,1311332.620856,1073833.95161,,212
9,XAU,commodities,hyperliquid,xyz:GOLD,4133.95,0.2419023198441117,1098101.83235,1582186.3068000001,1098101.83235,1582186.3068000001,782,191
9,XAU,commodities,lighter,92,4135.465,0.41108676832601887,771930.672287,1157419.677726,3155264.745051,2423320.148519,,61
9,HOOD,stocks,hyperliquid,xyz:HOOD,115.385,2.6003293750531675,133831.30415,202287.91808,269472.05683,344651.68685,396,193
9,INTC,stocks,hyperliquid,xyz:INTC,114.19999999999999,1.7514668534901467,303178.3114,719900.2442,560476.3898,1078539.9729,428,187
9,PLTR,stocks,hyperliquid,xyz:PLTR,186.435,1.6092693916958112,126680.27764,92809.08948,136628.88411,123409.51666,431,177
9,COIN,stocks,hyperliquid,xyz:COIN,191.21499999999997,1.5690376569033049,81103.51792,122128.3262,108213.49436,202886.00103,443,186
9,META,stocks,hyperliquid,xyz:META,714.715,0.6996040241213919,143170.96676,133544.69962,143170.96676,133544.69962,584,186
9,META,stocks,lighter,117,715.1500000000001,1.118709009804153,279775.136319,137376.979839,877901.707883,810646.0296390001,,204
9,AAPL,stocks,hyperliquid,xyz:AAPL,337.38,0.5928209384342686,190293.96133,187983.2033,190293.96133,187983.2033,622,189
9,AAPL,stocks,lighter,113,337.354,0.41500294948537686,295444.429081,306918.926881,1080063.238579,825127.073064,,46
9,MSFT,stocks,hyperliquid,xyz:MSFT,507.24,0.7886124364175906,188736.74925,109269.62756,188736.74925,109269.62756,682,190
9,MSFT,stocks,lighter,115,507.53,1.1822660098514959,75430.45823999999,70231.714035,710626.70589,587209.179559,,52
9,ORCL,stocks,hyperliquid,xyz:ORCL,132.725,0.7534659433394708,183399.57804999998,88191.39262000001,408985.75995,145561.12902,814,191
9,GOOGL,stocks,hyperliquid,xyz:GOOGL,341.885,0.8775265451776981,183786.73848,144587.44237,183786.73848,144587.44237,276,184
9,GOOGL,stocks,lighter,116,342.03499999999997,2.0467836257309635,131910.984013,153980.364785,1009887.934789,789634.979303,,54
9,AMZN,stocks,hyperliquid,xyz:AMZN,245.985,1.2196609342596254,176127.24997,131511.03702,176127.24997,131511.03702,364,224
9,AMZN,stocks,lighter,114,246.058,0.8128495252957002,244075.952577,151405.721249,845929.1992650001,852675.821457,,56
9,AMD,stocks,hyperliquid,xyz:AMD,604.5999999999999,1.6541229013311565,61127.830330000004,48916.76541,61127.830330000004,48916.76541,387,179
9,MU,stocks,hyperliquid,xyz:MU,1050.25,0.9521995810302109,766572.7935,990976.5162,1550814.396,1993761.2563,456,184
9,SNDK,stocks,hyperliquid,xyz:SNDK,1697.75,0.5890322200619025,1009790.9164,1447446.5763,1141735.8982,1705871.5527,453,176
9,SNDK,stocks,hyperliquid,io:SNDK,1698.35,0.5888241182372411,12399.18951,103278.57798,30547.82393,106793.33162000001,549,184
9,SNDK,stocks,lighter,139,1697.7199999999998,1.1781199561733402,446769.837765,871519.581961,2632299.60024,3192355.255885,,222
9,MSTR,stocks,hyperliquid,xyz:MSTR,155.685,0.6423432682423069,109258.4714,323168.12554,166546.39635999998,367092.05539,643,189
9,CRCL,stocks,hyperliquid,xyz:CRCL,85.0615,1.5284227852552235,69453.698816,88382.446166,69453.698816,88382.446166,647,190
9,NFLX,stocks,hyperliquid,xyz:NFLX,69.261,0.28876696505752975,21091.788422999998,19943.326146,21091.788422999998,19943.326146,733,183
9,LLY,stocks,hyperliquid,xyz:LLY,1187.0,5.056037751747233,24524.40967,44475.63584,78310.45666,125876.00319,798,187
9,SKHX,stocks,hyperliquid,xyz:SKHX,1290.45,0.7749535027889998,730727.376,1274352.361,1462573.7188,1818634.2398,286,182
9,TSM,stocks,hyperliquid,xyz:TSM,447.615,0.22340877102733359,75505.15871999999,68229.5677,78421.47102,75750.12639,289,181
9,USDJPY,fx,hyperliquid,xyz:JPY,157.36,2.542265158256285,499953.6243,390502.0179,588961.6578,857078.3178,385,191
9,USDJPY,fx,lighter,98,157.2945,3.3700434926364764,25076.434499,49062.833031999995,1541011.958773,2599677.731705,,52
9,EURUSD,fx,hyperliquid,xyz:EUR,1.1367,1.759633996127885,340994.72215000005,113830.71237000001,608179.29125,368778.0534,473,186
9,EURUSD,fx,lighter,96,1.137585,0.0879059055192144,84273.398141,69861.136742,1934658.634454,2258977.453234,,50
9,XAG,commodities,hyperliquid,xyz:SILVER,60.5165,0.16524555489505488,492785.29962,1145158.40404,492785.29962,1145158.40404,557,244
9,XAG,commodities,lighter,93,60.55555,0.016513776617266274,875973.912661,1332779.067634,2748585.138135,3238889.070192,,52
9,BABA,stocks,hyperliquid,xyz:BABA,107.75,1.8563207722310793,47986.72411,119971.28733,95300.65133000001,158724.17898,598,211
9,WTI,commodities,hyperliquid,xyz:CL,94.091,0.6377008757763036,192245.67534000002,439699.239059,192245.67534000002,439699.239059,578,182
9,WTI,commodities,lighter,145,94.0735,0.9567445173219724,516017.57741,575837.664716,1701594.861033,1544268.880683,,53
9,COPPER,commodities,hyperliquid,xyz:COPPER,6.6113,1.8152389308245809,32414.859345,58406.046146,32414.859345,58406.046146,725,195
9,NATGAS,commodities,hyperliquid,xyz:NATGAS,3.135,1.275998468803774,89988.56878999999,79307.57928,89988.56878999999,79307.57928,749,191
9,SMSN,stocks,hyperliquid,xyz:SMSN,198.915,0.5027399326329451,449989.96613,145301.2471,449989.96613,146273.15182,775,196
9,XPT,commodities,hyperliquid,xyz:PLATINUM,1701.4,2.351281448389475,42113.03123,32448.91766,61911.04152,41348.85061,785,186
9,USAR,stocks,hyperliquid,xyz:USAR,14.433499999999999,3.4647633566642355,10302.228959999999,537.48897,33959.81023,3297.29169,419,219
9,CRWV,stocks,hyperliquid,xyz:CRWV,84.2055,1.0688709160233678,76837.60926,68526.40036,88337.81206,68526.40036,416,192
9,GME,stocks,hyperliquid,xyz:GME,23.9185,4.6000083636510425,11183.25223,23164.16406,15530.96002,30358.05126,443,193
9,SOFTBANK,stocks,hyperliquid,xyz:SOFTBANK,38.24,12.560184216034997,12269.453489,7942.592055,195984.134307,204454.61423099999,446,186
9,JP225,indices,hyperliquid,xyz:JP225,65214.5,11.507126747165586,13070.53343,295047.282,16825.84857,363871.53092,611,193
9,KIOXIA,stocks,hyperliquid,xyz:KIOXIA,112.07,5.35523027490159,253.97752,157.44384,185725.05386,70569.06926999999,613,193
9,EWY,stocks,hyperliquid,xyz:EWY,183.375,1.6361256544494829,210321.47234,266512.80929999996,239328.52073000002,308053.61556999997,639,195
9,BRENTOIL,commodities,hyperliquid,xyz:BRENTOIL,99.6165,0.5019374786674469,274749.75704,92405.11375,274749.75704,92405.11375,636,189
9,BRENTOIL,commodities,lighter,159,99.555,1.00452034153653,524040.745626,1057579.766726,2011421.983027,1749204.357276,,205
9,HIMS,stocks,hyperliquid,xyz:HIMS,28.692500000000003,6.624132761565704,7295.96339,4558.1279700000005,20669.43534,7919.95277,805,190
9,US500,indices,hyperliquid,xyz:SP500,7664.35,0.13047505969199236,1746050.6568,2168800.6483,1746050.6568,2168800.6483,820,183
9,US500,indices,hyperliquid,mkts:US500,763.865,0.130914041840402,41402.20094,43741.0525,41402.20094,43741.0525,823,183
9,US500,indices,lighter,180,7665.75,0.9131943538509546,758869.100405,1086617.572714,13723332.303678,13683953.894312998,,219
9,LITE,stocks,hyperliquid,xyz:LITE,912.1099999999999,1.3157173400579758,69529.23743000001,105077.52135000001,72693.48047000001,105077.52135000001,612,341
9,PURRDAT,stocks,hyperliquid,xyz:PURRDAT,12.006,15.003750937734317,623.78,252.315,5691.168,31945.532,464,190
9,MRVL,stocks,hyperliquid,xyz:MRVL,249.75,1.6017298682591274,115324.1694,180795.88079999998,154473.9495,186698.38079999998,543,266
9,RKLB,stocks,hyperliquid,xyz:RKLB,71.75200000000001,2.23015165031315,58266.05377,50157.90895,128637.35037,94713.86336999999,657,192
9,DRAM,stocks,hyperliquid,xyz:DRAM,59.8665,0.16703972204545892,69883.465,120925.4898,69883.465,120925.4898,669,190
9,CBRS,stocks,hyperliquid,xyz:CBRS,196.945,0.5077688636134781,46448.610400000005,75605.9419,100109.9538,134424.2914,730,186
9,ARM,stocks,hyperliquid,xyz:ARM,281.65999999999997,2.8407073361269575,52546.111600000004,47548.062600000005,139131.3973,60386.298,797,184
9,GBPUSD,fx,hyperliquid,xyz:GBP,1.3243,6.042752473751634,160612.5109,160110.479,521253.5083,458334.7459,303,187
9,GBPUSD,fx,lighter,97,1.32428,1.9635237699677788,57931.186942,24938.808424,2520542.012195,2292286.4277480002,,212
9,SPCX,stocks,hyperliquid,xyz:SPCX,145.765,0.686059275523121,1451815.9996,1328117.7031,1945977.8461,2153626.392,390,200
9,SPCX,stocks,lighter,194,145.79500000000002,0.6859181013796345,808800.921624,602433.640087,1229834.2173869999,1035962.114106,,249
9,MINIMAX,stocks,hyperliquid,xyz:MINIMAX,31.485,3.176620076237313,18129.65262,19407.849159999998,25625.57647,24817.43179,496,192
9,BB,stocks,hyperliquid,xyz:BB,8.70775,0.11484088795032932,9501.66993,6544.3473,40599.75998,95910.15113,533,192
9,QNT,stocks,hyperliquid,xyz:QNT,48.952,8.174609662388033,334.15948000000003,192.45996000000002,1377.1825800000001,3117.72766,575,184
9,DELL,stocks,hyperliquid,xyz:DELL,539.31,1.48348693604472,72664.0385,41766.5958,72664.0385,42668.1937,691,194
9,AVGO,stocks,hyperliquid,xyz:AVGO,348.34000000000003,2.871170576241866,146292.4398,66060.2989,173677.57929999998,77561.0725,694,187
9,NBIS,stocks,hyperliquid,xyz:NBIS,229.24,0.8724861492837022,28655.628,110385.9135,70252.7643,163494.494,735,201
9,NBIS,stocks,hyperliquid,io:NBIS,229.43,2.6155187445509043,1362.2058,10793.773,2888.3563999999997,14117.0776,767,191
9,WDC,stocks,hyperliquid,xyz:WDC,450.125,0.22216297876020974,33009.55799,14669.55132,45146.8188,39978.81636,361,193
9,BE,stocks,hyperliquid,xyz:BE,261.08500000000004,1.149117095033958,11842.5078,57319.8776,57309.9618,78494.6113,426,255
9,ZHIPU,stocks,hyperliquid,xyz:ZHIPU,78.7355,3.42979090978357,25829.720835,16624.152961,53529.527992999996,34794.080163,407,195
9,QCOM,stocks,hyperliquid,xyz:QCOM,187.09500000000003,1.6035920461843212,6330.1260999999995,12108.088300000001,36218.134,50468.733400000005,429,185
9,STRC,stocks,hyperliquid,xyz:STRC,99.08699999999999,4.64346281191963,9594.459499999999,5601.2144,139981.7382,94587.1394,548,186
9,AMAT,stocks,hyperliquid,xyz:AMAT,480.83500000000004,6.449196970956805,20201.069,27698.64109,32104.58698,41904.8684,598,190
9,SKHY,stocks,hyperliquid,xyz:SKHY,182.10000000000002,1.0983579548584643,558617.9264,650577.5847,641490.7135000001,770454.0241,624,197
9,CXMT,stocks,hyperliquid,xyz:CXMT,8.22175,0.851436495001856,25915.22377,33473.94823,126295.93292,117183.66492000001,620,190
9,KORU,stocks,hyperliquid,xyz:KORU,20.257,2.962377801916105,83477.8412,19478.9355,152270.1734,136468.3995,317,310
9,UNITREE,stocks,hyperliquid,xyz:UNITREE,67.789,0.5900836443561985,10409.20087,25613.9101,10409.20087,25613.9101,418,361
9,SOXL,stocks,hyperliquid,xyz:SOXL,138.83499999999998,2.1610718916575955,215855.20239999998,154421.3313,480892.3515,337652.0305,806,185
9,IREN,stocks,hyperliquid,xyz:IREN,41.4815,2.6521361751385975,331.732,23583.8994,331.732,147369.8978,808,183
9,AAOI,stocks,hyperliquid,xyz:AAOI,95.362,1.677957925205753,4358.92724,8889.04891,7069.6861499999995,17167.79284,471,206
9,MRNA,stocks,hyperliquid,xyz:MRNA,194.985,3.59066427289223,72155.7395,32649.1764,173015.5536,167824.8919,457,189
9,BMNR,stocks,hyperliquid,xyz:BMNR,26.792,3.7331541419360903,882.7712399999999,14525.13206,8413.65863,27657.52019,503,185
9,US10Y,rates,hyperliquid,para:10Y,5.25545,5.51960411115493,26499.119060000005,15970.46914,98079.88644,166618.16257,615,195
9,US10Y,rates,lighter,227,95.195,3.1519226728282668,50001.078165,10565.972709,1122672.342836,972598.781754,,213
9,30Y,unclassified,hyperliquid,para:30Y,5.5555,1.8001800180034166,36498.69197,11998.83102,76237.07675,75259.93342,665,193
9,2Y,unclassified,hyperliquid,para:2Y,4.889950000000001,290.24896265560153,0,0,62076.14517,82471.41486,729,225
9,USTECH,indices,hyperliquid,mkts:USTECH,733.3199999999999,1.0909884355236876,27841.49001,27888.02061,27841.49001,27888.02061,810,193
9,OAI,preipo,hyperliquid,io:OAI,1622.35,4.315659679408057,5290.865,3929.3429,23950.4242,7579.0024,378,237
9,ANTH,preipo,hyperliquid,io:ANTH,2055.45,0.4865233044659689,7850.523,6365.3579,10654.7606,6970.3364,332,185
10,BTC,crypto,hyperliquid,BTC,83031.5,0.12043694523677928,2685048.3715,5594836.85711,2685048.3715,5594836.85711,531,190
10,BTC,spot,hyperliquid,@142,83043.5,0.12041954168262592,583569.93319,507665.71067,583569.93319,507665.71067,536,194
10,BTC,crypto,lighter,1,83022.95,0.5420334928518677,3146921.570206,2113713.924304,3146921.570206,2113713.924304,,56
10,ETH,crypto,hyperliquid,ETH,2664.75,0.3752767666176382,9809910.01319,10543312.6828,9809910.01319,10543312.6828,529,185
10,ETH,spot,hyperliquid,@151,2662.75,0.37555864348393087,388289.90626,438655.62659,388289.90626,438655.62659,592,189
10,ETH,crypto,lighter,0,2663.2650000000003,0.41303539713322124,4946773.964384,2270371.3180339998,4946773.964384,2270371.3180339998,,223
10,SOL,crypto,hyperliquid,SOL,117.465,0.8513536523069298,2281843.6354,2577192.3015,3888111.9836,4618273.2201,727,194
10,SOL,spot,hyperliquid,@156,117.445,0.8514986376018108,152177.69629,239734.81161,299017.34317,348696.15132,724,187
10,SOL,crypto,lighter,2,117.44,1.0218505713854853,1013417.743669,1225669.21598,3001389.842158,2988771.195922,,215
10,AVAX,crypto,hyperliquid,AVAX,10.3585,0.9654373431167151,67863.39316,56608.25724,189599.8794,129568.57421,421,246
10,BNB,crypto,hyperliquid,BNB,757.555,0.13200448815142707,69754.73679,106636.50454,69754.73679,106636.50454,427,249
10,OP,crypto,hyperliquid,OP,0.12930999999999998,1.5467904098986907,14766.327193,9170.538787,93887.353271,93974.376225,424,221
10,LTC,crypto,hyperliquid,LTC,67.728,0.8859357696566761,43083.72808,44768.696299999996,43083.72808,44768.696299999996,448,188
10,ARB,crypto,hyperliquid,ARB,0.19632,1.018796800977828,27078.354362,39536.480856,48645.461246,59151.745837,634,212
10,DOGE,crypto,hyperliquid,DOGE,0.0929365,0.10760092967299073,155512.300283,177695.134064,155512.300283,177695.134064,638,213
10,SUI,crypto,hyperliquid,SUI,1.11315,6.290438533429477,62668.66361,165114.60906999998,275289.83623,325266.42281,624,196
10,CRV,crypto,hyperliquid,CRV,0.38272,1.0452051215059655,31218.747990000003,29227.789061,47989.369029,44703.280823,639,189
10,LDO,crypto,hyperliquid,LDO,0.431205,3.4792290028518025,29045.872705,61879.781599,30083.396178000003,61879.781599,821,196
10,LINK,crypto,hyperliquid,LINK,14.697,1.3609145345672147,114248.8674,127487.6878,161428.07,176525.6748,818,182
10,XRP,crypto,hyperliquid,XRP,1.4858500000000001,0.6730380939568015,1362434.7523999999,806493.6338,2002616.8717999998,1276982.6192,828,188
10,XRP,crypto,lighter,7,1.48512,2.2492294368925414,430971.379936,170520.951551,7083269.195342,7043338.753526,,54
10,BCH,crypto,hyperliquid,BCH,304.445,0.9854482146964827,35224.49237,56413.409080000005,35224.49237,56413.409080000005,407,239
10,APT,crypto,hyperliquid,APT,0.8148,2.454891371057588,32901.728565000005,5844.144087,126765.014563,79840.361986,474,187
10,AAVE,crypto,hyperliquid,AAVE,147.16,1.35915732245806,74400.0044,44571.976,149323.4715,66656.1748,486,196
10,WLD,crypto,hyperliquid,WLD,0.472715,1.9040768400802044,21161.409064,42655.332702,21161.409064,42655.332702,482,185
10,WLD,crypto,lighter,6,0.47270500000000004,2.7505077860534577,41545.856328,60052.302167,1028987.486867,951956.202424,,218
10,TRX,crypto,hyperliquid,TRX,0.3342,0.5984619527810153,35320.91194,50144.16379,35320.91194,50144.16379,702,227
10,UNI,crypto,hyperliquid,UNI,8.54535,3.160112359550382,14677.157280000001,29248.41386,14677.157280000001,29248.41386,705,222
10,SEI,crypto,hyperliquid,SEI,0.073643,3.259496679386409,16672.024816,22307.230034,22209.681562,25208.164914,696,209
10,ZRO,crypto,hyperliquid,ZRO,1.5074,3.981155862251562,9372.73963,18731.42968,27718.483630000002,36508.331790000004,820,192
10,DOT,crypto,hyperliquid,DOT,1.1553,1.7313019390585715,56109.954430000005,33462.88656,91537.20535,69255.43976,348,209
10,TIA,crypto,hyperliquid,TIA,0.42850999999999995,6.536405443891002,17743.208164,4220.9747990000005,62515.711501,52525.006870000005,335,190
10,ADA,crypto,hyperliquid,ADA,0.24179499999999998,0.41358203399566307,82980.33899,116907.94894,91735.26449,119291.07478,333,185
10,PENDLE,crypto,hyperliquid,PENDLE,2.3080499999999997,1.299883010528191,16508.5228,4140.3864,25052.0851,8946.5174,450,186
10,NEAR,crypto,hyperliquid,NEAR,4.63195,0.2158941255192559,53817.643899999995,40569.93587,53817.643899999995,40569.93587,527,193
10,NEAR,crypto,lighter,10,4.638175,3.0404509355319576,24217.840122999998,98697.476801,645336.538707,1736019.247376,,209
10,PYTH,crypto,hyperliquid,PYTH,0.079307,11.102279752217559,769.876852,1780.046056,25383.676778999998,19291.505984,529,180
10,JUP,crypto,hyperliquid,JUP,0.320395,3.4338515327458907,13824.787279999999,5927.35489,19854.28655,13448.3904,637,186
10,JTO,crypto,hyperliquid,JTO,0.539415,2.781176994104406,44462.56581,4872.44708,47815.94685,18011.89292,716,188
10,WIF,crypto,hyperliquid,WIF,0.229635,2.1776055049871346,16643.42945,10929.79678,74186.73007,49589.47838,718,187
10,ONDO,crypto,hyperliquid,ONDO,0.509595,0.588720122454145,47148.792050000004,61844.281129999996,47148.792050000004,71679.03132,738,191
10,STRK,crypto,hyperliquid,STRK,0.041215,2.426595486533234,7507.5203089999995,6805.814118,69917.79792699999,92418.541089,830,191
10,TAO,crypto,hyperliquid,TAO,299.84000000000003,1.3341338136219072,29393.96726,59791.72322,31264.8941,59791.72322,366,196
10,ETHFI,crypto,hyperliquid,ETHFI,0.6839949999999999,2.1932389753187564,8104.76492,3921.431262,10659.23856,5729.90004,371,198
10,ENA,crypto,hyperliquid,ENA,0.249635,2.003124874805362,45589.17435,77316.22501,75164.08873,83779.81524,384,192
10,ENA,crypto,lighter,29,0.24971,3.204229583049223,121217.0719,116794.31435500001,1395550.059264,1153382.178254,,54
10,HBAR,crypto,hyperliquid,HBAR,0.118645,2.52887128045165,17509.71062,18176.575829999998,73488.663,65353.16324,537,198
10,EIGEN,crypto,hyperliquid,EIGEN,0.24864999999999998,4.022526146421068,3550.789036,1191.2478350000001,31717.471362,39691.584609000005,550,181
10,GRASS,crypto,hyperliquid,GRASS,0.6583,5.166152583835348,4553.861636,1741.479173,14705.190093,6024.133314,556,183
10,PURR,crypto,hyperliquid,PURR,0.13907999999999998,5.753739930955959,240.72061000000002,309.1328,1195.1288100000002,1198.59577,578,192
10,PURR,spot,hyperliquid,PURR/USDC,0.138735,7.93192962215139,344.23859,391.14247,713.4874100000001,38349.19297,758,220
10,XLM,crypto,hyperliquid,XLM,0.22638999999999998,1.767018597871317,78404.85415,41643.18739,81307.84391,50247.61748,738,187
10,HYPE,crypto,hyperliquid,HYPE,86.65950000000001,0.11539482338784879,115626.07046,67037.76682,115626.07046,67037.76682,761,203
10,HYPE,spot,hyperliquid,@107,86.686,1.8459124576031272,127453.65806,73236.19833,127453.65806,73236.19833,777,197
10,HYPE,crypto,lighter,24,86.65620000000001,1.5233769111455686,565955.70222,413730.061788,1736719.048052,2075461.953965,,214
10,VIRTUAL,crypto,hyperliquid,VIRTUAL,0.7988550000000001,1.1266759304473517,14206.978901,10809.762198,14206.978901,10809.762198,440,198
10,PENGU,crypto,hyperliquid,PENGU,0.0091275,3.2873109796183186,9277.290247,25925.588426000002,43249.262931,81314.129561,432,186
10,FARTCOIN,crypto,hyperliquid,FARTCOIN,0.163605,3.056608387332904,7688.45838,26393.120947,53064.066569999995,65062.275809,460,198
10,SPX,crypto,hyperliquid,SPX,0.4021,4.975124378108209,5953.389947000001,5521.9909020000005,16818.462355000003,14474.971622,628,195
10,MORPHO,crypto,hyperliquid,MORPHO,2.4283,2.4711696869839095,5945.52639,5961.49605,14432.54204,13226.88435,645,206
10,TRUMP,crypto,hyperliquid,TRUMP,1.9532,1.0240131073668834,19624.977590000002,60791.8078,59684.932890000004,112317.01213,633,191
10,VVV,crypto,hyperliquid,VVV,26.875,2.977187302297679,360723.415,8629.91433,367473.57294,9263.45643,680,218
10,PAXG,crypto,hyperliquid,PAXG,4142.55,0.24140012070184014,256827.18480000002,217385.5056,256827.18480000002,217385.5056,822,193
10,SYRUP,crypto,hyperliquid,SYRUP,0.224475,14.71178280058938,399.94473,1209.38905,23044.44712,15803.67799,817,183
10,PUMP,crypto,hyperliquid,PUMP,0.004795499999999999,2.085505735140991,34462.099899,42113.99585,356189.307094,343419.307056,326,246
10,PUMP,crypto,lighter,45,0.004795,4.1718815185665115,117939.252232,106439.833684,1112415.658214,971289.652496,,52
10,XPL,crypto,hyperliquid,XPL,0.096251,0.20779220779143515,817122.044473,17104.06279,852523.616548,17104.06279,354,186
10,SKY,crypto,hyperliquid,SKY,0.0773945,9.17798834007666,5789.030052,7015.4894859999995,12526.640044,15680.275593999999,472,221
10,ASTER,crypto,hyperliquid,ASTER,0.70438,1.4197890193523577,25762.23559,25708.65376,25762.23559,25708.65376,454,197
10,ZEC,crypto,hyperliquid,ZEC,1376.65,2.179440610243777,661664.421,540929.379,1340168.544,1128457.58,516,189
10,ZEC,crypto,lighter,90,1377.7024999999999,1.5171334453167873,280447.24307200004,383424.739359,5287565.148583,4489881.027705,,213
10,MON,crypto,hyperliquid,MON,0.027171,1.4722661857269337,9805.832366,42685.526773,12844.585629,50273.323066,648,193
10,CC,crypto,hyperliquid,CC,0.132465,2.2650056625117543,11877.77427,7783.713019999999,37187.08734,34145.80628,679,205
10,ICP,crypto,hyperliquid,ICP,3.24415,2.157962883038156,5129.30275,6598.6079899999995,14312.87277,49537.607729999996,728,210
10,AERO,crypto,hyperliquid,AERO,0.8208949999999999,1.3400906388572054,5141.76511,7856.56265,5141.76511,7856.56265,769,200
10,LIT,crypto,hyperliquid,LIT,4.3519,1.838446512696379,13734.537,14791.4424,13734.537,14791.4424,307,193
10,LIT,crypto,lighter,120,4.349,2.2996435552502525,16805.075210000003,37283.670033,303562.35957800003,343111.82293,,210
10,XMR,crypto,hyperliquid,XMR,540.3199999999999,1.8509263886579141,30592.8879,31559.5946,44018.87728,39566.63408,626,432
10,DASH,crypto,hyperliquid,DASH,59.334999999999994,4.720082264291214,7933.10009,5816.05794,55692.74676,21539.03248,622,388
10,SKR,crypto,hyperliquid,SKR,0.0182555,0.5477951246235513,33425.150771,3187.6057020000003,49628.233299,11718.662126000001,495,186
10,AZTEC,crypto,hyperliquid,AZTEC,0.0183085,4.9169580419583525,1987.0203510000001,5277.154568,21890.635748,31303.627018,549,192
10,CHIP,crypto,hyperliquid,CHIP,0.042442,2.3564342437021324,3810.595445,3396.871768,17204.139046,13257.908506,688,192
10,GRAM,crypto,hyperliquid,GRAM,1.56005,0.6410256410260828,232488.09960000002,48665.1712,256815.84060000003,74011.168,736,185
10,CASHCAT,crypto,hyperliquid,CASHCAT,0.170605,5.276735459662785,282.78848,3564.1467000000002,6023.39935,11311.69433,816,192
10,PONS,crypto,hyperliquid,PONS,0.52632,1.1400558627361335,16210.43257,9634.84742,22554.953980000002,15447.23791,819,192
10,USELESS,crypto,hyperliquid,USELESS,0.23160999999999998,4.318535152876279,7158.73782,584.23163,20186.13648,8679.289569999999,354,193
10,US100,indices,hyperliquid,xyz:XYZ100,30160.5,0.3315649867374759,3465859.23,4285858.3513,3465859.23,4285858.3513,400,191
10,US100,indices,lighter,181,30161.0,1.3263039225441808,1035538.084316,1086823.630543,3088598.321606,2718827.485987,,215
10,TSLA,stocks,hyperliquid,xyz:TSLA,356.79999999999995,1.121139077302491,330139.09687,231020.80252,330139.09687,231020.80252,479,186
10,TSLA,stocks,lighter,112,356.91499999999996,0.8405715886805609,273516.280296,234337.20981,948334.014319,998741.960878,,224
10,NVDA,stocks,hyperliquid,xyz:NVDA,228.20499999999998,0.43821209465555455,690502.27982,752648.56534,690502.27982,752648.56534,591,190
10,NVDA,stocks,lighter,110,228.3195,0.1313956849657849,694842.694226,707129.497254,1566460.538617,1495551.661948,,235
10,XAU,commodities,hyperliquid,xyz:GOLD,4133.95,0.2419023198441117,1129799.22976,1502011.56242,1129799.22976,1502011.56242,692,187
10,XAU,commodities,lighter,92,4135.6,0.4836174585887143,780601.488813,1201085.221724,2808160.359407,2859149.112117,,59
10,HOOD,stocks,hyperliquid,xyz:HOOD,115.4,1.7332524482194245,108329.72928999999,185989.37711,266725.64639999997,282695.55164,776,184
10,INTC,stocks,hyperliquid,xyz:INTC,114.16499999999999,0.8759635599164817,294661.4505,708674.9143000001,648450.0867999999,1054857.8626,296,198
10,PLTR,stocks,hyperliquid,xyz:PLTR,186.47500000000002,1.6089241660410813,100547.92943,116929.75372000001,109054.99606,151380.62119,340,190
10,COIN,stocks,hyperliquid,xyz:COIN,191.24,2.091831398389754,82725.70697,152688.08275,91327.35417,199055.84592999998,373,201
10,META,stocks,hyperliquid,xyz:META,714.585,0.6997313031797958,224103.84264999998,111132.83992,224103.84264999998,111132.83992,424,190
10,META,stocks,lighter,117,714.995,1.2588292887594221,287969.522138,176055.116531,864300.793154,868545.506256,,55
10,AAPL,stocks,hyperliquid,xyz:AAPL,337.385,0.8892314076525132,190397.73385,189643.43247,190397.73385,189643.43247,536,195
10,AAPL,stocks,lighter,113,337.37300000000005,0.9485500523176427,303087.224398,316743.85672700003,1104349.608632,834952.0797700001,,48
10,MSFT,stocks,hyperliquid,xyz:MSFT,507.29999999999995,1.182802058075083,121346.82798999999,152697.78983,121346.82798999999,152697.78983,575,200
10,MSFT,stocks,lighter,115,507.53999999999996,1.1822427144303482,82533.883778,66098.505344,728834.5993,580947.895989,,50
10,ORCL,stocks,hyperliquid,xyz:ORCL,132.685,2.2612497173435386,143495.35700000002,98423.19917,323967.42431000003,199522.91892,622,197
10,GOOGL,stocks,hyperliquid,xyz:GOOGL,341.915,0.2924746278254453,171770.65065,168322.01654,171770.65065,168322.01654,645,192
10,GOOGL,stocks,lighter,116,342.04499999999996,1.461902812700533,131915.367581,153965.751796,1009895.24067,789622.207769,,56
10,AMZN,stocks,hyperliquid,xyz:AMZN,245.985,1.2196609342596254,147940.35908,127203.4482,147940.35908,127203.4482,766,190
10,AMZN,stocks,lighter,114,246.05700000000002,0.8128528289308434,246100.00411799998,151513.452051,847953.2508060001,852648.034149,,48
10,AMD,stocks,hyperliquid,xyz:AMD,604.685,1.4884890182598198,49415.91248,43073.99778,49415.91248,43073.99778,817,194
10,MU,stocks,hyperliquid,xyz:MU,1050.55,0.9519276534963872,670323.1366,1217343.224,1543598.1524,2028266.5676,297,190
10,SNDK,stocks,hyperliquid,xyz:SNDK,1697.65,0.5890669180019792,1003976.3779,1425319.8301,1118432.7167,1711695.8079,291,182
10,SNDK,stocks,hyperliquid,io:SNDK,1698.15,0.5888934691711256,38768.04265,87636.35768,63784.82443,107838.03017,421,190
10,SNDK,stocks,lighter,139,1697.7849999999999,0.7657328652532769,605792.161148,960562.315699,2841723.933554,2944779.970447,,252
10,MSTR,stocks,hyperliquid,xyz:MSTR,155.735,1.9265348060626408,128577.03298,390287.20535999996,196506.45916,520526.68906999996,489,196
10,CRCL,stocks,hyperliquid,xyz:CRCL,85.084,1.8806713996899482,33040.874126,88890.380388,33040.874126,88890.380388,480,181
10,NFLX,stocks,hyperliquid,xyz:NFLX,69.261,0.28876696505752975,21090.27344,20335.64953,21090.27344,20335.64953,622,200
10,LLY,stocks,hyperliquid,xyz:LLY,1187.1,3.3701238520511545,25049.75921,26950.6714,78962.20928,74403.73105,684,202
10,SKHX,stocks,hyperliquid,xyz:SKHX,1291.35,0.774413381863237,711769.7516,1366913.2626,1315423.1686,1746990.2197,676,186
10,TSM,stocks,hyperliquid,xyz:TSM,447.64,1.7873100983023527,53511.85456,66506.01648,83434.95072,66506.01648,716,181
10,USDJPY,fx,hyperliquid,xyz:JPY,157.38,2.541942043721157,318191.4558,550655.7949999999,595923.7733,854938.2975999999,272,189
10,USDJPY,fx,lighter,98,157.3015,2.606799295528095,24919.035104,47263.343393,1542671.849552,2598112.683232,,232
10,EURUSD,fx,hyperliquid,xyz:EUR,1.1367500000000001,2.639450994192938,324839.50811,107010.6115,648995.88677,393118.68773,332,187
10,EURUSD,fx,lighter,96,1.13719,2.1106879963417313,82470.382503,54013.007433,2132922.299174,2244081.734807,,211
10,XAG,commodities,hyperliquid,xyz:SILVER,60.4975,0.16529745276550045,966653.93846,689569.14159,966653.93846,689569.14159,463,189
10,XAG,commodities,lighter,93,60.53635,0.842504518137055,1044163.9023620001,1189372.183822,2840272.095834,2945843.003219,,59
10,BABA,stocks,hyperliquid,xyz:BABA,107.72999999999999,1.8566654288898476,62060.974700000006,65158.52921,99047.41758000001,142262.67503,555,186
10,WTI,commodities,hyperliquid,xyz:CL,94.1155,0.10625298836552943,612603.772631,221985.248093,612603.772631,221985.248093,603,212
10,WTI,commodities,lighter,145,94.104,0.850159404890416,505564.63818999997,517514.335674,1381598.801107,1850694.882106,,61
10,COPPER,commodities,hyperliquid,xyz:COPPER,6.6115,1.2100860673713854,36207.820135,52872.483976,36207.820135,52872.483976,652,194
10,NATGAS,commodities,hyperliquid,xyz:NATGAS,3.1351,1.2759577657983634,71228.74088,84256.69792,71228.74088,84256.69792,657,192
10,SMSN,stocks,hyperliquid,xyz:SMSN,198.99,1.0051261433319247,109680.77282,200840.63707,177922.17526000002,209593.84243,752,195
10,XPT,commodities,hyperliquid,xyz:PLATINUM,1701.2,2.3515579071142767,17914.69699,38647.33097,105268.95934,44858.73167,790,185
10,USAR,stocks,hyperliquid,xyz:USAR,14.4345,4.85066869932993,6826.21063,462.75446,26366.43591,4968.3883399999995,302,192
10,CRWV,stocks,hyperliquid,xyz:CRWV,84.22,0.47495784748941006,88074.14856,54193.78379,88074.14856,54193.78379,300,185
10,GME,stocks,hyperliquid,xyz:GME,23.9185,4.6000083636510425,11215.05652,23146.20284,15562.76431,29788.97734,402,192
10,SOFTBANK,stocks,hyperliquid,xyz:SOFTBANK,38.2275,11.778563015312216,12343.097821,7943.069845000001,195883.242069,203460.347744,482,234
10,JP225,indices,hyperliquid,xyz:JP225,65226.0,9.81685431174606,19973.02322,356304.33082,24341.06006,363525.47776,496,194
10,KIOXIA,stocks,hyperliquid,xyz:KIOXIA,111.88499999999999,6.258381761288234,99.84955000000001,122.37331,20775.18308,56587.42258,494,190
10,EWY,stocks,hyperliquid,xyz:EWY,183.445,0.5451373746168109,301687.23341,289511.76347,314396.98461,361462.71917,591,187
10,BRENTOIL,commodities,hyperliquid,xyz:BRENTOIL,99.6375,0.10036432249060923,201015.26224,471784.87992,201015.26224,471784.87992,672,189
10,BRENTOIL,commodities,lighter,159,99.58,2.0086371397010083,527991.560862,1075066.8259730001,1881653.958995,1715139.1839990001,,215
10,HIMS,stocks,hyperliquid,xyz:HIMS,28.692500000000003,6.624132761565704,7295.96339,4526.5447699999995,20669.43534,9047.67763,677,179
10,US500,indices,hyperliquid,xyz:SP500,7664.45,0.13047335734039933,1716806.9206,2275763.8328,1716806.9206,2275763.8328,784,192
10,US500,indices,hyperliquid,mkts:US500,763.865,0.130914041840402,44019.20188,48202.222239999996,44019.20188,48202.222239999996,331,197
10,US500,indices,lighter,180,7665.85,0.9131824408070699,781645.308853,1094188.948205,13746111.498326,13693412.624364,,200
10,LITE,stocks,hyperliquid,xyz:LITE,911.9200000000001,2.193415367066631,65303.82988999999,78999.05789,102327.77565,78999.05789,358,185
10,PURRDAT,stocks,hyperliquid,xyz:PURRDAT,12.006,15.003750937734317,623.78,252.315,5690.648,55560.456999999995,437,191
10,MRVL,stocks,hyperliquid,xyz:MRVL,249.79000000000002,1.6014733554858829,121470.9162,186499.48940000002,138065.3262,186499.48940000002,528,196
10,RKLB,stocks,hyperliquid,xyz:RKLB,71.747,0.8363068688677089,102776.23601,46109.62125,122761.37625999999,66945.85883,528,187
10,DRAM,stocks,hyperliquid,xyz:DRAM,59.9015,0.1669421211669686,89667.0162,111749.10029999999,89667.0162,111749.10029999999,547,188
10,CBRS,stocks,hyperliquid,xyz:CBRS,196.94,1.015589295687569,48335.1141,75729.4507,104916.0793,132873.9363,628,189
10,ARM,stocks,hyperliquid,xyz:ARM,281.68,2.8405056100000436,56036.861899999996,35614.8157,118631.9771,49914.4905,734,205
10,GBPUSD,fx,hyperliquid,xyz:GBP,1.3241,7.555152614082683,159910.3278,159529.8682,519929.2311,458374.5159,731,200
10,GBPUSD,fx,lighter,97,1.32429,2.114564059962909,57931.199328,24938.735921,2520542.024581,2292286.355245,,206
10,SPCX,stocks,hyperliquid,xyz:SPCX,145.765,0.686059275523121,1436357.4638,1338081.6563,1905161.0163,2195633.5412,821,192
10,SPCX,stocks,lighter,194,145.79500000000002,0.6859181013796345,841546.766663,781372.417256,1262545.164125,1151276.535504,,223
10,MINIMAX,stocks,hyperliquid,xyz:MINIMAX,31.476,3.813155386083178,18805.50506,19600.76528,25666.96652,22789.9372,411,211
10,BB,stocks,hyperliquid,xyz:BB,8.709150000000001,3.3303857505417866,895.71,8956.69131,21625.79392,41320.34513,407,187
10,QNT,stocks,hyperliquid,xyz:QNT,48.952,8.174609662388033,295.99252,192.45996000000002,1304.2252700000001,2649.34405,481,194
10,DELL,stocks,hyperliquid,xyz:DELL,539.2349999999999,2.040135019845124,34053.9412,38192.816600000006,34053.9412,38192.816600000006,595,187
10,AVGO,stocks,hyperliquid,xyz:AVGO,348.33500000000004,2.5840535186194558,149820.9023,82651.2041,173186.7573,114800.2634,602,190
10,NBIS,stocks,hyperliquid,xyz:NBIS,229.385,1.3079304181018436,47967.4606,129255.6117,68572.0522,166706.8041,611,189
10,NBIS,stocks,hyperliquid,io:NBIS,229.53,0.8713837574059191,3871.2697,13092.2181,4941.8408,36183.5506,666,184
10,WDC,stocks,hyperliquid,xyz:WDC,450.15999999999997,1.7773038300883393,30428.03883,10726.466729999998,54841.74586,30654.70023,785,189
10,BE,stocks,hyperliquid,xyz:BE,261.055,1.1492491572151486,36437.5971,39328.78,56937.6389,78345.9061,809,205
10,ZHIPU,stocks,hyperliquid,xyz:ZHIPU,78.6565,1.9072079746718096,26185.43276,26299.270861,40516.964339,50836.37291,801,189
10,QCOM,stocks,hyperliquid,xyz:QCOM,187.10500000000002,1.6035063338493138,6420.6635,9878.871200000001,67861.2454,52853.2909,347,218
10,STRC,stocks,hyperliquid,xyz:STRC,99.114,9.28655065207673,4565.5863,9868.9918,139951.86,143644.136,432,184
10,AMAT,stocks,hyperliquid,xyz:AMAT,480.965,5.199234672657038,22853.26413,32201.92084,22853.26413,45499.93633,451,186
10,SKHY,stocks,hyperliquid,xyz:SKHY,182.14499999999998,0.5490282200515395,521718.9372,574913.0323,616988.49,625996.6855,459,187
10,CXMT,stocks,hyperliquid,xyz:CXMT,8.22185,2.5544959128054323,19421.56205,37374.986260000005,116081.75227,49788.54066,538,190
10,KORU,stocks,hyperliquid,xyz:KORU,20.279,1.9726784041029788,59071.8947,26923.3146,125873.14279999999,125285.13249999999,623,189
10,UNITREE,stocks,hyperliquid,xyz:UNITREE,67.8205,0.14744913005015903,22153.17247,20441.008280000002,22153.17247,20441.008280000002,641,189
10,SOXL,stocks,hyperliquid,xyz:SOXL,138.79500000000002,2.161694768698652,210135.7493,281995.4995,370540.7551,534746.3517,653,192
10,IREN,stocks,hyperliquid,xyz:IREN,41.4785,2.6523280206403044,331.69440000000003,20407.4282,331.69440000000003,39144.1484,727,187
10,AAOI,stocks,hyperliquid,xyz:AAOI,95.3805,1.782493813697883,2164.97493,13131.42142,4214.83473,19029.349169999998,820,196
10,MRNA,stocks,hyperliquid,xyz:MRNA,195.005,3.590295942965671,141550.7267,43828.2339,329981.9485,215252.3315,848,206
10,BMNR,stocks,hyperliquid,xyz:BMNR,26.801000000000002,2.9854088144198876,1012.78566,16076.71765,8319.07386,32638.970029999997,837,183
10,US10Y,rates,hyperliquid,para:10Y,5.25625,7.422492054127705,757.55594,36802.03395,97063.20315,161361.58804,445,252
10,US10Y,rates,lighter,227,95.195,3.1519226728282668,50001.276094,10565.449054,1122672.540765,972598.258099,,53
10,30Y,unclassified,hyperliquid,para:30Y,5.5555,1.8001800180034166,36498.82692,11998.83102,76237.2117,75259.93342,504,201
10,2Y,unclassified,hyperliquid,para:2Y,4.889950000000001,290.24896265560153,0,0,62076.14517,82471.41486,500,185
10,USTECH,indices,hyperliquid,mkts:USTECH,733.355,0.681821281005579,19983.08998,28805.46285,19983.08998,28805.46285,526,186
10,OAI,preipo,hyperliquid,io:OAI,1622.55,3.082044011588625,6774.9596,5343.5419,10485.0281,9016.1725,639,193
10,ANTH,preipo,hyperliquid,io:ANTH,2055.45,0.4865233044659689,5877.4269,8263.6277,8979.306,10870.651,337,374
11,BTC,crypto,hyperliquid,BTC,83036.5,0.12042969314451923,2902341.70076,8917521.08373,2902341.70076,8917521.08373,685,216
11,BTC,spot,hyperliquid,@142,83044.5,0.12041809161367212,603623.60903,477197.87305,603623.60903,477197.87305,661,188
11,BTC,crypto,lighter,1,83023.79999999999,0.6263460417343936,3071098.564459,2478591.00435,3071098.564459,2478591.00435,,57
11,ETH,crypto,hyperliquid,ETH,2664.3500000000004,0.3753331081335354,8679997.47557,11460611.98402,8679997.47557,11460611.98402,657,185
11,ETH,spot,hyperliquid,@151,2662.45,0.3756009615374367,395359.99222,534192.10504,395359.99222,534192.10504,720,192
11,ETH,crypto,lighter,0,2662.835,0.18777156462590483,4751704.517452,4467049.245024,4751704.517452,4467049.245024,,250
11,SOL,crypto,hyperliquid,SOL,117.41499999999999,0.8517162081589369,2402932.2119,2707852.9604,4461061.094,4502001.1474,303,193
11,SOL,spot,hyperliquid,@156,117.39500000000001,0.8518613169772316,149219.72703,190039.24919,312470.55702,368946.93995,430,295
11,SOL,crypto,lighter,2,117.4075,0.9369516703294778,1229265.381381,1251707.332229,2858911.170776,3015445.11526,,207
11,AVAX,crypto,hyperliquid,AVAX,10.3675,0.9645992090279165,76358.91851,60651.35631,304954.57568999997,152664.80144,492,188
11,BNB,crypto,hyperliquid,BNB,757.455,0.13202191563754795,90550.68066,80646.54147,90550.68066,80646.54147,543,185
11,OP,crypto,hyperliquid,OP,0.12898500000000002,2.326122354034954,18146.337144,4537.421925,69592.899596,82843.473893,571,193
11,LTC,crypto,hyperliquid,LTC,67.66300000000001,1.1823999763516113,44506.80642,52116.66023,44506.80642,52116.66023,617,185
11,ARB,crypto,hyperliquid,ARB,0.19611499999999998,1.5298317185119537,26795.00209,30563.20131,48273.107855,42915.920481,681,188
11,DOGE,crypto,hyperliquid,DOGE,0.0928575,0.10769247337227839,85230.290933,178291.807451,85230.290933,178291.807451,756,212
11,SUI,crypto,hyperliquid,SUI,1.11185,0.8994423457475698,97384.34102,116915.78555000002,249639.82882,278414.76479,760,188
11,CRV,crypto,hyperliquid,CRV,0.381515,1.8349585823629333,18102.133637,62357.355636,47481.634397,89456.670887,277,181
11,LDO,crypto,hyperliquid,LDO,0.43167500000000003,0.6949914284404279,14535.930395,29213.264589,14535.930395,29213.264589,375,215
11,LINK,crypto,hyperliquid,LINK,14.6725,0.6815703380591565,128498.6601,83532.4679,225357.6381,124128.7613,426,191
11,XRP,crypto,hyperliquid,XRP,1.4842499999999998,0.6737636437126326,1307897.5206000002,674235.5261,2163686.0047,1205529.0581,429,190
11,XRP,crypto,lighter,7,1.483401,1.0651766777525218,575593.881199,201918.385558,6984601.362333,7044597.445432,,50
11,BCH,crypto,hyperliquid,BCH,304.28499999999997,1.6433313613362088,39857.60618,68894.25609,39857.60618,68894.25609,518,188
11,APT,crypto,hyperliquid,APT,0.81425,1.2281994595930712,12355.626380000002,5771.372245,96871.404128,83908.41080099999,641,265
11,AAVE,crypto,hyperliquid,AAVE,147.185,2.038458925053277,66132.1841,62857.6414,135189.7713,128352.7457,620,192
11,WLD,crypto,hyperliquid,WLD,0.47241,1.6935876537460537,19467.291427,53217.504574,19467.291427,53217.504574,626,195
11,WLD,crypto,lighter,6,0.47236500000000003,1.9054878048785362,92141.98564,24083.795986,1023159.052566,937596.439681,,54
11,TRX,crypto,hyperliquid,TRX,0.334195,0.29923097639050766,34722.56775,51316.931670000005,34722.56775,51316.931670000005,759,185
11,UNI,crypto,hyperliquid,UNI,8.54565,0.11701928477769741,7650.15103,24410.0027,7650.15103,24410.0027,270,195
11,SEI,crypto,hyperliquid,SEI,0.073617,1.0867645660428416,15140.609591,23269.436464,22104.793008,23269.436464,265,184
11,ZRO,crypto,hyperliquid,ZRO,1.5097,2.649884067571495,8041.29417,17557.54404,30708.64648,37377.04986,292,196
11,DOT,crypto,hyperliquid,DOT,1.1542,1.7329520838771373,66690.55602,30783.083420000003,126046.1514,71798.79815999999,421,207
11,TIA,crypto,hyperliquid,TIA,0.427885,3.973819541842616,9447.798118,4153.597547,47493.179151,43107.994297,452,185
11,ADA,crypto,hyperliquid,ADA,0.241595,1.2418246543588474,87935.66148,160733.12987,87935.66148,160733.12987,456,185
11,PENDLE,crypto,hyperliquid,PENDLE,2.3076,1.7335529167028518,19997.2059,6020.026,36478.2259,10522.8073,483,190
11,NEAR,crypto,hyperliquid,NEAR,4.62865,0.21604804908648134,35008.78587,30751.15137,35008.78587,30751.15137,625,203
11,NEAR,crypto,lighter,10,4.636755,3.8180535692333706,30664.127428,100267.594273,695476.869297,1856648.605514,,221
11,PYTH,crypto,hyperliquid,PYTH,0.07930799999999999,4.792594180780263,1269.955749,2447.389339,24568.033141,32680.512901000002,656,198
11,JUP,crypto,hyperliquid,JUP,0.32037499999999997,0.3121390891780429,12239.793239999999,7736.49373,25240.72839,11151.83545,679,195
11,JTO,crypto,hyperliquid,JTO,0.539015,1.2987494897775953,20153.75916,6717.5714,20917.81971,10933.63587,821,195
11,WIF,crypto,hyperliquid,WIF,0.22955,2.614151272219978,15552.95929,15798.248019999999,73108.8529,47611.80693,856,199
11,ONDO,crypto,hyperliquid,ONDO,0.50935,1.1780413099837794,66355.08927,77507.79393,66355.08927,77507.79393,877,200
11,STRK,crypto,hyperliquid,STRK,0.041165,2.4295432458698585,7728.852707,5077.613002,103375.947531,103105.58504100001,874,194
11,TAO,crypto,hyperliquid,TAO,299.515,2.3373848003194198,47398.40683,101487.12649000001,47398.40683,113612.23552000002,400,184
11,ETHFI,crypto,hyperliquid,ETHFI,0.6844049999999999,5.115239027810858,23255.475774,3547.739392,25441.353443,16824.623683,442,190
11,ENA,crypto,hyperliquid,ENA,0.24946000000000002,4.0094623311026645,33774.03215,81521.17239,79826.93088,93210.10676,516,247
11,ENA,crypto,lighter,29,0.249535,2.00392769828861,65784.679493,47223.966589999996,1316555.606983,1087840.135305,,59
11,HBAR,crypto,hyperliquid,HBAR,0.11862500000000001,0.8430281571403242,29700.73891,6821.33794,72932.91678,83325.20092,521,188
11,EIGEN,crypto,hyperliquid,EIGEN,0.24895,4.017677782242046,2370.844623,949.050712,20100.949007,19519.301881,728,326
11,GRASS,crypto,hyperliquid,GRASS,0.652965,1.6847651284268572,14504.634313999999,189.37725,20671.402982,11915.604264,739,295
11,PURR,crypto,hyperliquid,PURR,0.13913999999999999,7.189589474441149,571.3989799999999,330.99382,1199.0486,1247.39215,760,242
11,PURR,spot,hyperliquid,PURR/USDC,0.13878000000000001,7.208246233691984,138.73,490.4302,25094.60149,48122.75265,756,232
11,XLM,crypto,hyperliquid,XLM,0.226145,4.865319120703759,46066.74962,25350.04992,68048.10682,35375.39861,456,193
11,HYPE,crypto,hyperliquid,HYPE,86.6385,0.807987533906207,68266.95182,112499.12235,68266.95182,112499.12235,406,210
11,HYPE,spot,hyperliquid,@107,86.66499999999999,1.6155461700018137,191193.89627,81254.4412,191193.89627,81254.4412,403,191
11,HYPE,crypto,lighter,24,86.63435,0.5194379450590425,752025.2229020001,427027.871448,2207277.21253,2384939.538663,,214
11,VIRTUAL,crypto,hyperliquid,VIRTUAL,0.799535,1.375894331316907,15020.526211,8916.247959,16198.797955,8916.247959,586,208
11,PENGU,crypto,hyperliquid,PENGU,0.009129,2.1910604732666705,17106.421337,35875.492531,48052.242881,177313.78051,679,196
11,FARTCOIN,crypto,hyperliquid,FARTCOIN,0.163655,3.055674387337781,6720.856468,20949.474582000003,37580.019006999995,75562.80506500001,676,189
11,SPX,crypto,hyperliquid,SPX,0.401675,2.2408684610231155,6464.719717,4017.651153,15479.244809,15580.208421,704,193
11,MORPHO,crypto,hyperliquid,MORPHO,2.4286,3.294621530351982,6067.0725,5273.67733,10438.78665,12228.2228,328,208
11,TRUMP,crypto,hyperliquid,TRUMP,1.95215,2.5616066396838555,27856.34271,54767.6517,64578.49157,76031.87743,383,252
11,VVV,crypto,hyperliquid,VVV,26.868000000000002,1.4888706915816563,364689.79495999997,8280.88584,366386.02707999997,10868.0832,379,245
11,PAXG,crypto,hyperliquid,PAXG,4142.05,0.24142926122738828,245095.2541,278056.3879,245095.2541,278056.3879,374,215
11,SYRUP,crypto,hyperliquid,SYRUP,0.22362500000000002,9.395132426628372,2611.2956799999997,1661.22425,16766.52549,11483.62058,550,220
11,PUMP,crypto,hyperliquid,PUMP,0.0047834999999999996,2.0907380305246193,26794.489594,27924.529118,309813.448843,305354.371676,566,191
11,PUMP,crypto,lighter,45,0.0047810000000000005,4.184100418409553,80478.50501400001,26071.953245999997,928773.185337,814550.680432,,215
11,XPL,crypto,hyperliquid,XPL,0.0962515,0.1038950244680592,813484.465993,24326.652372999997,844382.0305400001,33798.586298999995,573,189
11,SKY,crypto,hyperliquid,SKY,0.07739850000000001,7.884396649777692,5019.318044,5621.04058,9413.846268,14649.718777999999,737,186
11,ASTER,crypto,hyperliquid,ASTER,0.70398,1.9888906252218952,25384.30616,29659.76999,25384.30616,29659.76999,763,196
11,ZEC,crypto,hyperliquid,ZEC,1375.5,1.454122437107852,471770.016,489712.417,1214754.511,1029865.5549999999,777,202
11,ZEC,crypto,lighter,90,1376.563,1.830813905758788,478574.923919,468431.589576,4606668.277815,4019127.122821,,239
11,MON,crypto,hyperliquid,MON,0.027238,0.7342952601230301,6709.5193340000005,14792.620561,8843.445839,17841.077685,394,195
11,CC,crypto,hyperliquid,CC,0.132235,0.7562580352415971,8549.48277,7518.48556,32861.253749999996,41030.217880000004,421,197
11,ICP,crypto,hyperliquid,ICP,3.2412,5.555041199889477,6418.41759,6578.3638599999995,35754.54493,34375.16053,432,193
11,AERO,crypto,hyperliquid,AERO,0.819635,2.5624443278471354,5170.10438,8583.2216,5384.62348,8583.2216,488,190
11,LIT,crypto,hyperliquid,LIT,4.34945,0.22991677012917933,14985.8194,11372.5855,14985.8194,11372.5855,595,200
11,LIT,crypto,lighter,120,4.348,0.45999218013292875,38448.019453,38505.631212,332749.95857,340071.294946,,57
11,XMR,crypto,hyperliquid,XMR,540.245,0.18510291722284578,37348.70853,24321.373,41329.829150000005,24321.373,654,221
11,DASH,crypto,hyperliquid,DASH,59.349,1.0110201193014312,724.14522,43962.04637999999,151938.67253,43962.04637999999,694,214
11,SKR,crypto,hyperliquid,SKR,0.018253,2.1916607309191427,3593.005855,3149.343301,20616.69059,11728.177311,681,192
11,AZTEC,crypto,hyperliquid,AZTEC,0.0183235,4.912931928600095,3071.921111,2849.3063449999995,18654.057926,29542.073969999998,779,183
11,CHIP,crypto,hyperliquid,CHIP,0.0424205,1.1787448724609462,3472.398302,1185.975106,16652.997242,14204.023769,312,193
11,GRAM,crypto,hyperliquid,GRAM,1.5606499999999999,0.6407791874929458,203141.4689,15085.900599999999,221916.3134,36836.249299999996,401,254
11,CASHCAT,crypto,hyperliquid,CASHCAT,0.17035,3.5227806481930024,531.50094,2047.72048,8695.84947,8109.57677,605,446
11,PONS,crypto,hyperliquid,PONS,0.5266500000000001,3.798309752161,3532.9723599999998,9578.785740000001,16728.75093,24197.24922,489,244
11,USELESS,crypto,hyperliquid,USELESS,0.23200500000000002,0.43103448275738643,1197.96503,4078.59045,18996.61777,23100.44533,505,192
11,US100,indices,hyperliquid,xyz:XYZ100,30159.5,0.3315759806366003,3949603.5388,4137465.0217,3949603.5388,4137465.0217,588,186
11,US100,indices,lighter,181,30161.0,1.3263039225441808,1008611.2541039999,888740.356189,2999772.400258,2870945.17102,,214
11,TSLA,stocks,hyperliquid,xyz:TSLA,356.83500000000004,0.8407600470827781,310388.28219,243034.42313,310388.28219,243034.42313,720,214
11,TSLA,stocks,lighter,112,356.91499999999996,0.8405715886805609,289810.142437,234257.62297,961619.549361,944620.20892,,217
11,NVDA,stocks,hyperliquid,xyz:NVDA,228.22,0.876385785022471,582061.95481,748840.38712,582061.95481,748840.38712,798,192
11,NVDA,stocks,lighter,110,228.32850000000002,0.043796643425242365,682851.0371440001,655179.7711209999,1537759.609702,1460398.255123,,56
11,XAU,commodities,hyperliquid,xyz:GOLD,4132.85,0.24196670538101372,1196756.5103799999,1150100.04019,1196756.5103799999,1150100.04019,364,187
11,XAU,commodities,lighter,92,4134.715,0.6046548750893166,781292.099544,1224258.399536,3266673.359148,3134351.818001,,58
11,HOOD,stocks,hyperliquid,xyz:HOOD,115.395,2.6001040041601087,145088.81417,148868.73571,301991.8154,270245.12762,447,191
11,INTC,stocks,hyperliquid,xyz:INTC,114.16499999999999,0.8759635599164817,259453.4366,735301.7816,633710.0229,1087149.3538,450,186
11,PLTR,stocks,hyperliquid,xyz:PLTR,186.5,2.145002145004238,93810.02438999999,134259.31941,110283.80342,151485.37137,469,189
11,COIN,stocks,hyperliquid,xyz:COIN,191.25,1.0458063166685072,82437.96364,192855.33624,114881.49088,194490.97902,557,191
11,META,stocks,hyperliquid,xyz:META,714.605,0.6997117187701463,232982.36119999998,129911.60797,232982.36119999998,129911.60797,659,211
11,META,stocks,lighter,117,715.01,0.5594483838922137,304172.88977999997,176515.241398,880504.157716,869005.127738,,228
11,AAPL,stocks,hyperliquid,xyz:AAPL,337.355,0.2964280420925114,186385.6887,198671.45799,186385.6887,198671.45799,656,185
11,AAPL,stocks,lighter,113,337.3445,0.9782763363852531,293919.336496,318492.15556,1157306.7810550001,862612.910653,,50
11,MSFT,stocks,hyperliquid,xyz:MSFT,507.27,0.7885657959594283,182016.28406,108564.12882,182016.28406,108564.12882,802,192
11,MSFT,stocks,lighter,115,507.54499999999996,0.9851828499374271,57349.593390999995,67998.657671,677348.1130070001,525798.210458,,48
11,ORCL,stocks,hyperliquid,xyz:ORCL,132.68,1.5074998115638394,141493.33076,68786.45668,289936.66573,165418.75662,324,193
11,GOOGL,stocks,hyperliquid,xyz:GOOGL,341.925,0.2924660739345164,134504.48432000002,168028.94531,134504.48432000002,168028.94531,345,194
11,GOOGL,stocks,lighter,116,342.06,0.5847098377431692,131916.334127,153966.43962,977548.176522,780200.660533,,50
11,AMZN,stocks,hyperliquid,xyz:AMZN,245.97500000000002,1.219710522035733,144625.37185999998,133070.23223,144625.37185999998,133070.23223,468,239
11,AMZN,stocks,lighter,114,246.0555,1.2599577304506226,262805.500979,169311.033431,878637.5372820001,845920.9262829999,,209
11,AMD,stocks,hyperliquid,xyz:AMD,604.7650000000001,1.8190537613071989,60174.76156,46523.33756,60174.76156,46523.33756,516,190
11,MU,stocks,hyperliquid,xyz:MU,1050.65,0.951837045499726,813474.8265000001,944548.3459,1634123.6779,2145669.9874,572,226
11,SNDK,stocks,hyperliquid,xyz:SNDK,1697.55,0.5891016200298971,1220748.1218,1086543.5001,1545960.743,1370819.0823000001,708,239
11,SNDK,stocks,hyperliquid,io:SNDK,1698.35,0.5888241182372411,29430.4335,88424.80231,35702.999,112982.08489,679,196
11,SNDK,stocks,lighter,139,1697.8049999999998,0.4123055537563758,674686.175385,881930.5496970001,3007816.684239,2911691.77793,,205
11,MSTR,stocks,hyperliquid,xyz:MSTR,155.74,1.284274064086155,153227.57533999998,368017.04396,230389.30331,461498.3428,762,188
11,CRCL,stocks,hyperliquid,xyz:CRCL,85.0825,1.5280455122490544,47511.217162,88443.865922,47511.217162,88443.865922,324,189
11,NFLX,stocks,hyperliquid,xyz:NFLX,69.2715,1.2993200225208668,18913.626365,19559.665152,20304.817512,19559.665152,436,272
11,LLY,stocks,hyperliquid,xyz:LLY,1187.1,3.3701238520511545,25049.75921,30948.04442,78630.61462,74094.05285,435,256
11,SKHX,stocks,hyperliquid,xyz:SKHX,1291.55,0.774293457219688,972423.8301,1144605.9797,1499120.6319,1709306.4351000001,408,190
11,TSM,stocks,hyperliquid,xyz:TSM,447.71500000000003,1.1168442449016602,42920.38031,37624.52137,60021.857899999995,80588.83604,520,194
11,USDJPY,fx,hyperliquid,xyz:JPY,157.35500000000002,1.9066988686922137,496667.5223,392293.05179999996,583486.8156,856162.7364,609,200
11,USDJPY,fx,lighter,98,157.28750000000002,2.9886051480310094,33145.974604999996,47871.414336,1734119.369179,2603097.962855,,221
11,EURUSD,fx,hyperliquid,xyz:EUR,1.1368,1.759479194158864,335613.74685000005,119809.41056,665160.52083,399941.26905,629,189
11,EURUSD,fx,lighter,96,1.13721,1.7588447907401772,58471.397398,51975.76029499999,2130882.0035470002,2244231.102161,,216
11,XAG,commodities,hyperliquid,xyz:SILVER,60.448499999999996,0.16543144520930753,667045.74434,1072675.41848,667045.74434,1072675.41848,804,193
11,XAG,commodities,lighter,93,60.4793,0.42990839644208023,759464.481268,1065747.740921,3323664.407802,2697022.006872,,51
11,BABA,stocks,hyperliquid,xyz:BABA,107.72,1.856837805218614,62087.761730000006,81238.24699,149001.33319,145948.41892999999,309,195
11,WTI,commodities,hyperliquid,xyz:CL,94.0855,0.5314456384253319,278790.770846,645653.946695,278790.770846,645653.946695,326,188
11,WTI,commodities,lighter,145,94.07249999999999,0.744134624584003,477103.102612,476537.852976,1637893.969879,1274990.615024,,205
11,COPPER,commodities,hyperliquid,xyz:COPPER,6.6103000000000005,1.8155135633990405,53766.278018,52193.132669,53766.278018,52193.132669,458,199
11,NATGAS,commodities,hyperliquid,xyz:NATGAS,3.1351,1.2759577657983634,76892.20078,82311.11571,76892.20078,82311.11571,508,197
11,SMSN,stocks,hyperliquid,xyz:SMSN,199.14999999999998,2.008738010343958,168567.05587,119126.60701,179118.87198999999,129406.13025,540,213
11,XPT,commodities,hyperliquid,xyz:PLATINUM,1700.6999999999998,1.1760555098194736,17995.92211,48472.353259999996,80862.30554,51927.5781,603,202
11,USAR,stocks,hyperliquid,xyz:USAR,14.433499999999999,3.4647633566642355,3996.6991199999998,2983.69722,34973.80363,11335.832699999999,651,192
11,CRWV,stocks,hyperliquid,xyz:CRWV,84.2025,2.9694738092422845,89554.40658,52275.58793,107451.0116,52275.58793,709,199
11,GME,stocks,hyperliquid,xyz:GME,23.9185,4.6000083636510425,11291.81725,22130.7315,15639.52504,29323.94594,745,204
11,SOFTBANK,stocks,hyperliquid,xyz:SOFTBANK,38.214,6.2823935919587015,19513.241094,5102.681538000001,195952.251037,198782.69793199998,789,184
11,JP225,indices,hyperliquid,xyz:JP225,65214.0,8.897752550434124,16219.08503,357232.14206,23663.42142,362506.50247999997,296,189
11,KIOXIA,stocks,hyperliquid,xyz:KIOXIA,112.05000000000001,7.142219444691289,108.61581,2644.34949,272.17696,189625.53478,353,188
11,EWY,stocks,hyperliquid,xyz:EWY,183.505,0.5449591280659583,217453.37704,268270.55714,255137.57663999998,289696.66471,387,187
11,BRENTOIL,commodities,hyperliquid,xyz:BRENTOIL,99.59299999999999,0.40164271871923063,207358.90217,280628.3348,207358.90217,280628.3348,435,190
11,BRENTOIL,commodities,lighter,159,99.53999999999999,2.009444388626491,1056035.249,492836.471747,2051825.628177,1711558.4925270001,,218
11,HIMS,stocks,hyperliquid,xyz:HIMS,28.692500000000003,6.624132761565704,7295.96339,4527.69325,20669.43534,9048.82611,542,187
11,US500,indices,hyperliquid,xyz:SP500,7664.15,0.13047846452840517,1827331.6446,2332701.8268,1827331.6446,2332701.8268,593,204
11,US500,indices,hyperliquid,mkts:US500,763.865,0.130914041840402,43064.004120000005,49197.10653,43064.004120000005,49197.10653,627,191
11,US500,indices,lighter,180,7665.65,0.9132062672034813,801705.710666,889543.158885,13765923.547996,13693313.364919,,54
11,LITE,stocks,hyperliquid,xyz:LITE,912.435,1.644087860055432,75032.13527,93792.22843,75032.13527,93792.22843,734,191
11,PURRDAT,stocks,hyperliquid,xyz:PURRDAT,11.991499999999998,10.846891948268489,1892.984,744.0229999999999,48129.478,28334.294,756,183
11,MRVL,stocks,hyperliquid,xyz:MRVL,249.95,1.6004481254738856,132227.9638,136104.1508,132227.9638,152850.0428,781,187
11,RKLB,stocks,hyperliquid,xyz:RKLB,71.757,2.229996236882137,61991.26656,49967.2677,134644.78954,65018.17761,291,190
11,DRAM,stocks,hyperliquid,xyz:DRAM,59.917500000000004,0.16689754159804338,117717.5372,116735.55099999999,117717.5372,116735.55099999999,401,193
11,CBRS,stocks,hyperliquid,xyz:CBRS,196.94,1.015589295687569,44368.6815,71174.1005,144767.9918,111795.41530000001,423,193
11,ARM,stocks,hyperliquid,xyz:ARM,281.89,3.5481124042013867,62789.1379,45867.2757,148477.9174,79924.8514,445,190
11,GBPUSD,fx,hyperliquid,xyz:GBP,1.3244,6.042296072505948,148643.2247,160126.90529999998,395448.101,458351.1722,479,187
11,GBPUSD,fx,lighter,97,1.324335,2.7942453649498766,48201.345208,18732.782609,2520542.272325,2292034.077881,,224
11,SPCX,stocks,hyperliquid,xyz:SPCX,145.735,0.6862005077890032,1741692.4926,1137751.538,1991722.8978,1906155.2933,630,205
11,SPCX,stocks,lighter,194,145.785,0.6859651529689259,776644.648105,785193.9560949999,1251740.846552,1153953.0815949999,,253
11,MINIMAX,stocks,hyperliquid,xyz:MINIMAX,31.468,3.178336458697917,15477.59977,20838.35383,23006.72109,28199.54893,676,196
11,BB,stocks,hyperliquid,xyz:BB,8.69495,0.11500994836044498,20272.82001,964.65268,67505.43871,14288.751059999999,817,189
11,QNT,stocks,hyperliquid,xyz:QNT,48.9705,12.873168638509735,243.70374,626.79201,1323.44305,2939.66369,820,189
11,DELL,stocks,hyperliquid,xyz:DELL,539.48,1.1122439521726868,21355.8552,43427.4181,21355.8552,47747.5781,873,195
11,AVGO,stocks,hyperliquid,xyz:AVGO,348.325,2.584127713334272,153505.5191,43791.323599999996,163753.0774,64609.4506,285,192
11,NBIS,stocks,hyperliquid,xyz:NBIS,229.485,0.4357678229038875,41121.7087,131908.6365,76213.8547,164509.4143,419,209
11,NBIS,stocks,hyperliquid,io:NBIS,229.585,0.4355780120213204,2095.4231,10154.2081,2361.4227,56629.4571,415,202
11,WDC,stocks,hyperliquid,xyz:WDC,450.175,1.9994223890873464,31600.335580000003,9134.53077,44802.00419,24273.99112,459,193
11,BE,stocks,hyperliquid,xyz:BE,261.06,1.5323322096216785,16003.643699999999,15092.923299999999,74453.7622,34130.2508,478,191
11,ZHIPU,stocks,hyperliquid,xyz:ZHIPU,78.66300000000001,3.5601215527214514,20961.034559,32572.324986,39724.585834,46821.967539,616,199
11,QCOM,stocks,hyperliquid,xyz:QCOM,187.14,2.137665669088573,9537.9726,7916.4237,70141.1975,22880.8796,621,200
11,STRC,stocks,hyperliquid,xyz:STRC,99.0995,10.601027794885365,4020.7221,7011.2262,140909.5311,77779.3016,649,189
11,AMAT,stocks,hyperliquid,xyz:AMAT,481.1,5.821689953426912,24244.25077,38133.80258,26618.29886,47213.40138,673,194
11,SKHY,stocks,hyperliquid,xyz:SKHY,182.215,0.5488172987200279,632529.1242,631157.1668,669230.1244,689520.4222,816,198
11,CXMT,stocks,hyperliquid,xyz:CXMT,8.22215,3.0410295709715207,46635.71065,17193.24887,122664.96412,36880.65489,820,197
11,KORU,stocks,hyperliquid,xyz:KORU,20.302500000000002,0.49256230913341525,82862.9095,10554.4359,159653.4273,159841.4705,841,190
11,UNITREE,stocks,hyperliquid,xyz:UNITREE,67.8625,0.147357873332421,32960.19846,8959.20157,32960.19846,8959.20157,865,190
11,SOXL,stocks,hyperliquid,xyz:SOXL,138.825,2.161227577264224,237318.4725,183157.6978,432675.5295,415145.34599999996,332,192
11,IREN,stocks,hyperliquid,xyz:IREN,41.4705,2.6528397443614793,1757.868,20391.9312,1757.868,43874.8083,402,186
11,AAOI,stocks,hyperliquid,xyz:AAOI,95.35900000000001,1.6780107182934323,12100.58066,13206.19716,12614.96126,13905.95804,446,210
11,MRNA,stocks,hyperliquid,xyz:MRNA,195.0,5.129520389843822,135164.33299999998,31214.394099999998,216159.77709999998,150153.3197,439,251
11,BMNR,stocks,hyperliquid,xyz:BMNR,26.7875,3.360340514506621,938.20166,13761.85555,8720.442270000001,16960.99512,592,189
11,US10Y,rates,hyperliquid,para:10Y,5.2557,9.898916830062277,988.4937699999999,10790.57161,97268.5326,160804.962,527,193
11,US10Y,rates,lighter,227,95.195,3.1519226728282668,29999.946006,3521.475144,1122671.892503,972596.871502,,207
11,30Y,unclassified,hyperliquid,para:30Y,5.5555,1.8001800180034166,36498.82692,11998.83102,76237.2117,75259.93342,706,193
11,2Y,unclassified,hyperliquid,para:2Y,4.889950000000001,290.24896265560153,0,0,62076.14517,82471.41486,790,196
11,USTECH,indices,hyperliquid,mkts:USTECH,733.3299999999999,1.3637355444040544,25802.6453,30920.711040000002,25802.6453,30920.711040000002,787,187
11,OAI,preipo,hyperliquid,io:OAI,1622.55,6.781750924784724,5686.305799999999,3415.4496,11111.9358,9115.3264,866,211
11,ANTH,preipo,hyperliquid,io:ANTH,2054.55,0.48673643222141294,10091.358,5601.1798,16959.9645,5934.3799,908,201
12,BTC,crypto,hyperliquid,BTC,83030.5,0.12043839576092452,3598136.01966,6179045.70589,3598136.01966,6179045.70589,501,288
12,BTC,spot,hyperliquid,@142,83043.5,0.12041954168262592,657985.6379099999,491776.08056,657985.6379099999,491776.08056,411,196
12,BTC,crypto,lighter,1,83025.65,0.012044477846195889,2833506.9949539998,2651707.200129,2833506.9949539998,2651707.200129,,58
12,ETH,crypto,hyperliquid,ETH,2663.95,0.3753894665714519,11293563.99088,8844564.2807,11293563.99088,8844564.2807,427,210
12,ETH,spot,hyperliquid,@151,2662.45,0.3756009615374367,386507.83374000003,493176.33552,386507.83374000003,493176.33552,464,187
12,ETH,crypto,lighter,0,2663.21,0.7510016484468807,5097601.956648,4931830.5652439995,5097601.956648,4931830.5652439995,,211
12,SOL,crypto,hyperliquid,SOL,117.405,0.8517887563885829,2330839.4677999998,2929700.5705,4832748.9704,4806559.8833,637,208
12,SOL,spot,hyperliquid,@156,117.375,0.8520064752493006,163606.73489999998,132102.23642,283347.98667,294748.06893,664,199
12,SOL,crypto,lighter,2,117.419,0.5110036110922422,779943.009928,1009449.783011,2306164.332698,3359480.701855,,226
12,AVAX,crypto,hyperliquid,AVAX,10.3635,0.9649715333415188,106823.26569,37116.56252,309278.38112,138055.00467999998,403,325
12,BNB,crypto,hyperliquid,BNB,757.44,0.26405080337577047,112995.58517,78577.74159,112995.58517,78577.74159,277,186
12,OP,crypto,hyperliquid,OP,0.129055,0.7748934521512041,19134.557481,13187.488782,77578.514073,80869.351043,304,186
12,LTC,crypto,hyperliquid,LTC,67.68,0.8865641207500552,52652.88567,49356.86745,52652.88567,49356.86745,372,189
12,ARB,crypto,hyperliquid,ARB,0.195945,0.5103603143830071,31406.878294,36242.564364,52762.014359,39813.361633,481,203
12,DOGE,crypto,hyperliquid,DOGE,0.0928205,0.9696604033804235,121104.83152200001,147589.737854,121104.83152200001,147589.737854,490,185
12,SUI,crypto,hyperliquid,SUI,1.1115499999999998,0.8996851102116565,110402.03166,136058.30398000003,272771.56823,302142.91342,571,198
12,CRV,crypto,hyperliquid,CRV,0.38066,1.5763339726238002,14601.718469000001,63727.689241,49568.170212,76811.406932,602,198
12,LDO,crypto,hyperliquid,LDO,0.43118500000000004,3.015401744295154,13427.303855,30199.792435,13427.303855,34988.13273,667,185
12,LINK,crypto,hyperliquid,LINK,14.6745,0.6814774430985437,105397.01479999999,107099.6205,213050.5779,125382.0306,674,183
12,XRP,crypto,hyperliquid,XRP,1.48325,0.674217907228325,1321407.4279,738693.5534999999,2484120.6578,1343208.3092,770,198
12,XRP,crypto,lighter,7,1.482559,2.2261288159564074,576820.368791,386666.607244,7026867.365025,6887988.568922,,73
12,BCH,crypto,hyperliquid,BCH,304.15999999999997,0.6575702778244263,53160.54779,77845.89451,53160.54779,77845.89451,338,192
12,APT,crypto,hyperliquid,APT,0.8146,2.4554941682009,12678.380478,4241.141611,91900.819221,67577.83325699999,399,247
12,AAVE,crypto,hyperliquid,AAVE,147.14499999999998,0.6796248470863908,48644.804000000004,78392.0986,97631.9667,121371.1149,366,209
12,WLD,crypto,hyperliquid,WLD,0.47224,0.8470628097079214,28623.612722,74271.540886,28623.612722,74271.540886,433,185
12,WLD,crypto,lighter,6,0.472205,2.329768082176553,96876.785044,23949.009209000003,1041091.4218370001,990536.756325,,244
12,TRX,crypto,hyperliquid,TRX,0.334195,0.29923097639050766,34523.99721,53169.39681,34523.99721,53169.39681,560,192
12,UNI,crypto,hyperliquid,UNI,8.53895,0.8198065256603826,10925.75349,68457.93497,10925.75349,68457.93497,590,190
12,SEI,crypto,hyperliquid,SEI,0.073683,2.443195699974865,21531.143589,16065.801755,23702.247081,29259.701301,616,182
12,ZRO,crypto,hyperliquid,ZRO,1.5095,1.3250298131706195,6400.484530000001,18740.04578,25206.399859999998,36148.28004,753,191
12,DOT,crypto,hyperliquid,DOT,1.1544500000000002,2.5989777354240573,52049.59687,32433.17833,97845.51355,79859.54574,855,269
12,TIA,crypto,hyperliquid,TIA,0.42754000000000003,1.8713450292406897,5624.980069,6966.186885,50475.042881,19735.355615,858,267
12,ADA,crypto,hyperliquid,ADA,0.241505,2.0705648500918272,76447.93874,178051.03552,110358.27441,180117.052,809,191
12,PENDLE,crypto,hyperliquid,PENDLE,2.30725,0.433425797503606,15576.8276,24356.0623,23461.2147,29244.0232,379,235
12,NEAR,crypto,hyperliquid,NEAR,4.62855,0.2160527168615367,35855.101910000005,59163.30636,35855.101910000005,59163.30636,387,187
12,NEAR,crypto,lighter,10,4.634175,2.6113774044644877,13861.080946,106851.603383,903521.43453,1564471.4953359999,,223
12,PYTH,crypto,hyperliquid,PYTH,0.07912,8.345240052094471,2120.980957,729.2926500000001,14838.69457,26492.740746,434,183
12,JUP,crypto,hyperliquid,JUP,0.32016500000000003,0.3123438280860924,13203.1626,4204.02682,13661.15955,16045.13093,571,190
12,JTO,crypto,hyperliquid,JTO,0.5396799999999999,0.7412074268975388,27304.524159999997,4663.04071,29721.45296,8509.14874,574,186
12,WIF,crypto,hyperliquid,WIF,0.22947499999999998,0.435786813091088,17306.99395,8141.77696,59163.28234,53964.21737,626,191
12,ONDO,crypto,hyperliquid,ONDO,0.5099199999999999,0.39222607911337803,54826.28613,24326.34083,54826.28613,24326.34083,660,188
12,STRK,crypto,hyperliquid,STRK,0.041150000000000006,4.8614487117149,7457.262833,5227.55958,122458.39018799999,90106.522226,764,191
12,TAO,crypto,hyperliquid,TAO,299.33500000000004,1.6705088369928234,25133.96558,106939.58667,25133.96558,110314.89359,756,180
12,ETHFI,crypto,hyperliquid,ETHFI,0.68459,2.045228773448482,5187.141346,5852.976347,7576.837073,5852.976347,820,193
12,ENA,crypto,hyperliquid,ENA,0.249635,0.4005928774586387,46807.592639999995,88805.55308,70077.24565,88805.55308,300,185
12,ENA,crypto,lighter,29,0.24969999999999998,3.204357926780421,144516.158322,159957.651924,1414344.258882,1202453.939068,,229
12,HBAR,crypto,hyperliquid,HBAR,0.11849000000000001,3.3763822064658555,20802.64377,10135.46001,243083.52242,52883.54043,417,197
12,EIGEN,crypto,hyperliquid,EIGEN,0.24855,4.024144869214652,3538.31864,1217.939871,36921.747306,29361.599349,473,198
12,GRASS,crypto,hyperliquid,GRASS,0.65549,5.798870746223095,14994.574014,1469.8119279999999,20632.985648,7410.859008,506,203
12,PURR,crypto,hyperliquid,PURR,0.13909,7.192174913694949,378.96325,395.7363000000001,1108.75067,1095.2652,640,222
12,PURR,spot,hyperliquid,PURR/USDC,0.138775,7.929642445212437,51.32640000000001,309.77203000000003,19272.99623,34047.8182,637,196
12,XLM,crypto,hyperliquid,XLM,0.22606500000000002,2.2119978764822967,79312.36141,43373.49615,81369.74397000001,47516.92237,660,185
12,HYPE,crypto,hyperliquid,HYPE,86.6445,0.11541480079202415,57180.13509,156571.85621,57180.13509,156571.85621,699,192
12,HYPE,spot,hyperliquid,@107,86.67150000000001,0.11537884644141627,137597.50284,73284.02081,137597.50284,73284.02081,281,187
12,HYPE,crypto,lighter,24,86.63695,1.0504153180557196,1177535.8199460001,447486.531591,1950506.681896,2233314.848178,,228
12,VIRTUAL,crypto,hyperliquid,VIRTUAL,0.79828,1.0022048506730385,13796.611522,12582.575235,13796.611522,12582.575235,330,212
12,PENGU,crypto,hyperliquid,PENGU,0.0091215,3.2894736842092875,14060.994801,29772.276851,74934.14075600001,91384.782342,346,189
12,FARTCOIN,crypto,hyperliquid,FARTCOIN,0.16355999999999998,2.445884798827347,14489.350836,34112.448411,32509.566336,68511.549675,471,189
12,SPX,crypto,hyperliquid,SPX,0.401525,2.241705688950102,7011.683961,6279.157683,10172.179937,12120.8679,527,200
12,MORPHO,crypto,hyperliquid,MORPHO,2.42715,2.884456897973564,2094.4448899999998,7778.78662,10606.88302,16171.67685,515,184
12,TRUMP,crypto,hyperliquid,TRUMP,1.9509,1.0252204223903938,33522.88168,41706.18771,60165.76142,88416.01089,545,198
12,VVV,crypto,hyperliquid,VVV,26.8645,0.3722453841570328,362749.38987,4980.95428,367056.83832,10955.61054,684,210
12,PAXG,crypto,hyperliquid,PAXG,4142.05,0.24142926122738828,253872.19400000002,268255.0279,253872.19400000002,268255.0279,720,204
12,SYRUP,crypto,hyperliquid,SYRUP,0.222765,4.9391585469882315,2607.15831,1200.1010999999999,26491.66676,15022.49022,725,197
12,PUMP,crypto,hyperliquid,PUMP,0.004779500000000001,2.092487968194945,53416.579085,28315.478863,371548.357046,348931.796877,739,192
12,PUMP,crypto,lighter,45,0.004779,4.185851820845965,101620.859467,50688.817027,947056.269315,860720.654611,,218
12,XPL,crypto,hyperliquid,XPL,0.0963325,5.918757268650321,429386.527723,282.756925,454707.473968,33209.374712,394,194
12,SKY,crypto,hyperliquid,SKY,0.0773715,7.628455431718528,5859.640053,2764.722398,13239.180448,15848.506094,391,186
12,ASTER,crypto,hyperliquid,ASTER,0.704195,1.2781367606318206,14688.9073,19074.76247,14688.9073,19074.76247,413,194
12,ZEC,crypto,hyperliquid,ZEC,1376.35,2.179915709925595,469432.967,751167.644,946195.8670000001,1607545.465,583,200
12,ZEC,crypto,lighter,90,1377.404,1.4811566381234265,499991.948849,777143.124828,4379712.020059,4266103.758584,,204
12,MON,crypto,hyperliquid,MON,0.0273065,0.36621987841600756,5510.585421,15163.808973,9676.31992,16843.869512999998,595,200
12,CC,crypto,hyperliquid,CC,0.13212000000000002,3.028009084027339,10846.19443,7104.9382399999995,42090.96909,41711.8742,618,203
12,ICP,crypto,hyperliquid,ICP,3.2443999999999997,6.783214627077427,5703.66281,7514.1874099999995,18947.56393,43620.25369,772,188
12,AERO,crypto,hyperliquid,AERO,0.8187249999999999,1.8322848592200458,3401.4419199999998,4668.91914,3401.4419199999998,4668.91914,782,186
12,LIT,crypto,hyperliquid,LIT,4.348599999999999,0.9198785760289319,14533.583999999999,11744.6574,14533.583999999999,11744.6574,245,195
12,LIT,crypto,lighter,120,4.3469,1.3803892697739073,12091.521334000001,31179.031575999998,279689.089818,385317.265134,,215
12,XMR,crypto,hyperliquid,XMR,540.385,2.7761840424966877,37126.99029,21620.26895,37380.170560000006,23382.67464,460,235
12,DASH,crypto,hyperliquid,DASH,59.3155,2.1919101654055417,7452.256890000001,9509.29287,85940.77636999999,58892.68387,463,227
12,SKR,crypto,hyperliquid,SKR,0.018254,2.1915406530803594,3907.383423,3954.593358,17706.176282,11738.690097,467,221
12,AZTEC,crypto,hyperliquid,AZTEC,0.018311,4.369913147976856,1114.847178,6230.476312,13449.890574000001,31913.64876,479,190
12,CHIP,crypto,hyperliquid,CHIP,0.0424205,2.121840814786058,3112.451773,3549.2646,12285.323588,19842.822907,662,200
12,GRAM,crypto,hyperliquid,GRAM,1.5601,1.2820512820521657,155677.9329,33253.5738,185644.6562,47459.7534,664,199
12,CASHCAT,crypto,hyperliquid,CASHCAT,0.17025,4.700076376240592,815.48913,2471.95505,8878.29201,6679.5231,659,190
12,PONS,crypto,hyperliquid,PONS,0.5263899999999999,3.040033440369072,14595.450089999998,8423.580460000001,32266.95476,15481.89095,672,191
12,USELESS,crypto,hyperliquid,USELESS,0.231355,2.161414429602271,12300.92267,1768.7865499999998,16189.94701,29649.99311,451,301
12,US100,indices,hyperliquid,xyz:XYZ100,30161.5,0.33155399356887827,3517151.7097,3836343.292,3517151.7097,3836343.292,510,357
12,US100,indices,lighter,181,30161.5,0.9946949602124278,1011672.457375,873355.181582,3003418.278309,2714569.611947,,207
12,TSLA,stocks,hyperliquid,xyz:TSLA,356.825,0.2802533490275927,312163.36178,247971.76018,312163.36178,247971.76018,417,254
12,TSLA,stocks,lighter,112,356.92,0.5603653582131329,280546.682829,234360.431343,969130.929532,1022547.845028,,210
12,NVDA,stocks,hyperliquid,xyz:NVDA,228.155,0.4383081306147396,786763.73516,560048.48714,786763.73516,560048.48714,853,435
12,NVDA,stocks,lighter,110,228.274,0.4380796341152404,719643.622148,507921.353605,1548794.1698120001,1350985.2871,,225
12,XAU,commodities,hyperliquid,xyz:GOLD,4132.85,0.24196670538101372,1437529.77058,1199147.29532,1437529.77058,1199147.29532,774,263
12,XAU,commodities,lighter,92,4134.695,0.5562838305239737,818566.841953,1225473.069086,4166734.759029,2780857.469,,209
12,HOOD,stocks,hyperliquid,xyz:HOOD,115.37,1.733703190014424,161075.97117,129226.01135,319409.72933999996,259778.12254,319,188
12,INTC,stocks,hyperliquid,xyz:INTC,114.21000000000001,1.7513134851143697,355687.52520000003,713287.5804,590603.6735,1134527.8037999999,424,195
12,PLTR,stocks,hyperliquid,xyz:PLTR,186.505,2.681252681253632,108583.47873,142112.66239,125727.04807,153420.96685,427,185
12,COIN,stocks,hyperliquid,xyz:COIN,191.285,0.5227938101204366,90044.95129,162973.66522999998,111259.90769000001,198159.7917,501,193
12,META,stocks,hyperliquid,xyz:META,714.5550000000001,0.6997606818481827,163792.84673,113469.74816,163792.84673,113469.74816,508,187
12,META,stocks,lighter,117,714.985,0.13986405214216902,283270.188141,171290.668635,860961.86971,863785.007395,,48
12,AAPL,stocks,hyperliquid,xyz:AAPL,337.33,0.5929088106237934,185274.15781,160133.8141,185274.15781,160133.8141,615,187
12,AAPL,stocks,lighter,113,337.33299999999997,1.0079569305943004,308984.353828,323516.192899,1176989.562014,881509.13718,,239
12,MSFT,stocks,hyperliquid,xyz:MSFT,507.315,0.1971181328963567,120148.09263,220587.44864,120148.09263,220587.44864,691,188
12,MSFT,stocks,lighter,115,507.58500000000004,0.9851052092368917,75088.51391499999,43251.982226,725061.425656,522973.248666,,224
12,ORCL,stocks,hyperliquid,xyz:ORCL,132.685,0.7536930961715704,161057.49648,84123.9455,300498.44903,167014.6668,808,191
12,GOOGL,stocks,hyperliquid,xyz:GOOGL,341.935,0.2924575205454083,147552.52956,173586.52108,147552.52956,173586.52108,890,198
12,GOOGL,stocks,lighter,116,342.06,0.5847098377431692,131926.845797,153499.226953,1010515.862386,791530.186232,,223
12,AMZN,stocks,hyperliquid,xyz:AMZN,245.96499999999997,1.2197601138441705,210298.54433,162813.08561,210298.54433,164736.31003,321,192
12,AMZN,stocks,lighter,114,246.047,0.8941780877602667,245872.520903,169489.301075,861704.5572060001,824669.862264,,212
12,AMD,stocks,hyperliquid,xyz:AMD,604.9449999999999,1.4878492312786484,62123.92845,45256.994,62123.92845,45256.994,482,196
12,MU,stocks,hyperliquid,xyz:MU,1050.65,0.951837045499726,885840.5049,844709.2796,1606698.9375,2084662.7377,517,194
12,SNDK,stocks,hyperliquid,xyz:SNDK,1697.65,0.5890669180019792,1113920.9804,1286384.2499,1622728.9622,1738478.1589,523,187
12,SNDK,stocks,hyperliquid,io:SNDK,1698.35,0.5888241182372411,11807.332190000001,102174.09924,35576.933489999996,289372.87881,609,192
12,SNDK,stocks,lighter,139,1697.74,0.23561011238681928,248113.385928,808976.839136,2480894.639814,3083679.317949,,216
12,MSTR,stocks,hyperliquid,xyz:MSTR,155.73000000000002,1.2843565373743537,133064.10304,257981.43726,229136.37086999998,488304.99196,714,195
12,CRCL,stocks,hyperliquid,xyz:CRCL,85.08099999999999,1.8807377193708064,53958.499201,82038.548566,53958.499201,82038.548566,717,192
12,NFLX,stocks,hyperliquid,xyz:NFLX,69.267,1.7325767748088694,20986.913549,14128.664896,22861.304926,14128.664896,344,229
12,LLY,stocks,hyperliquid,xyz:LLY,1187.1,3.3701238520511545,25049.75921,30948.04442,79926.60613,74189.01285,415,209
12,SKHX,stocks,hyperliquid,xyz:SKHX,1290.55,0.7748934521489836,823552.3761,974930.9752999999,1781689.5966,1706553.3987,430,209
12,TSM,stocks,hyperliquid,xyz:TSM,447.82000000000005,1.3399137988789889,36341.61424,75929.61518,42265.51404,88332.84257,435,211
12,USDJPY,fx,hyperliquid,xyz:JPY,157.35000000000002,2.542426746328097,343081.827,512128.4731,579436.9367,858094.1841000001,541,195
12,USDJPY,fx,lighter,98,157.2835,3.370279224454986,33146.02832,49913.097533,1443941.832683,2602219.134857,,224
12,EURUSD,fx,hyperliquid,xyz:EUR,1.1368,1.759479194158864,378304.97946000006,119809.38432,641391.21105,399940.78761,626,194
12,EURUSD,fx,lighter,96,1.137235,1.846754548733287,57772.161335,54012.900805,2130182.886152,2244231.375123,,209
12,XAG,commodities,hyperliquid,xyz:SILVER,60.4375,0.16546155500840598,826005.32881,1364643.88974,826005.32881,1364643.88974,731,188
12,XAG,commodities,lighter,93,60.4638,0.7938949478525359,1022182.866883,977629.360508,2909434.036044,2389182.404648,,210
12,BABA,stocks,hyperliquid,xyz:BABA,107.69,1.857355126300142,74757.74743,78819.61979,182666.49329,146059.68836,295,189
12,WTI,commodities,hyperliquid,xyz:CL,94.0715,0.5315247318460337,519795.21551300003,583751.871223,519795.21551300003,583751.871223,333,220
12,WTI,commodities,lighter,145,94.056,0.6379381837895437,483165.145061,529327.35559,1634369.173929,1529789.497205,,214
12,COPPER,commodities,hyperliquid,xyz:COPPER,6.6104,1.5128821918652946,35462.011538,51940.482985,35462.011538,51940.482985,488,191
12,NATGAS,commodities,hyperliquid,xyz:NATGAS,3.1340500000000002,0.9572736845453456,83899.31673,73248.4838,83899.31673,73248.4838,485,182
12,SMSN,stocks,hyperliquid,xyz:SMSN,198.97,1.0052271813409952,97996.77673,135517.41423,107920.36898,162647.94146,526,192
12,XPT,commodities,hyperliquid,xyz:PLATINUM,1700.6999999999998,1.1760555098194736,17844.84779,50868.355840000004,81208.96442,54325.6238,613,201
12,USAR,stocks,hyperliquid,xyz:USAR,14.433499999999999,3.4647633566642355,9925.35248,2983.69722,38010.69614,11335.832699999999,670,184
12,CRWV,stocks,hyperliquid,xyz:CRWV,84.2135,0.11874651182131046,80197.66145,63174.36671,106813.60045,74675.14285,681,192
12,GME,stocks,hyperliquid,xyz:GME,23.918,5.018400802945244,10291.775590000001,26126.63559,15639.5359,33319.85003,723,195
12,SOFTBANK,stocks,hyperliquid,xyz:SOFTBANK,38.2255,0.2616088947027251,19440.101269,5064.814203999999,178924.295768,209106.187922,841,227
12,JP225,indices,hyperliquid,xyz:JP225,65212.0,8.89802555881225,21524.704,355913.48702999996,23662.43542,361490.44574999996,867,195
12,KIOXIA,stocks,hyperliquid,xyz:KIOXIA,112.06,5.355708292422712,97.3127,2664.43483,11460.663180000001,184344.00082000002,868,185
12,EWY,stocks,hyperliquid,xyz:EWY,183.39999999999998,1.0905720050180534,362201.50469,274982.73803999997,390095.74779999995,296238.32588,393,216
12,BRENTOIL,commodities,hyperliquid,xyz:BRENTOIL,99.5815,0.10042076299621172,328199.44725,69859.57725,328199.44725,69859.57725,491,195
12,BRENTOIL,commodities,lighter,159,99.52000000000001,2.009848256456781,906638.215956,418924.464525,1937606.245155,1647936.273575,,211
12,HIMS,stocks,hyperliquid,xyz:HIMS,28.692500000000003,6.624132761565704,1343.0344799999998,10503.4392,14760.7813,14035.34808,520,195
12,US500,indices,hyperliquid,xyz:SP500,7664.35,0.13047505969199236,1852499.7559,2465920.3731,1852499.7559,2465920.3731,593,198
12,US500,indices,hyperliquid,mkts:US500,763.875,0.1309123280135438,38242.59269,46368.60796,38242.59269,46368.60796,675,183
12,US500,indices,lighter,180,7665.65,0.9132062672034813,802616.418537,889572.151761,13766834.255867,13693342.357794998,,224
12,LITE,stocks,hyperliquid,xyz:LITE,912.2850000000001,2.082899395958737,44322.56459,74890.51232,44322.56459,74890.51232,733,197
12,PURRDAT,stocks,hyperliquid,xyz:PURRDAT,11.992999999999999,13.350020859408396,95.88,504.08399999999995,43135.311,50084.454,805,209
12,MRVL,stocks,hyperliquid,xyz:MRVL,249.925,1.2004321555769693,132429.4297,126465.4995,132429.4297,126465.4995,364,195
12,RKLB,stocks,hyperliquid,xyz:RKLB,71.755,2.230058399654844,102365.29350999999,50837.35627,114622.57350999999,65888.26618,440,212
12,DRAM,stocks,hyperliquid,xyz:DRAM,59.8985,0.16695048248749345,119643.2651,102932.536,119643.2651,102932.536,450,209
12,CBRS,stocks,hyperliquid,xyz:CBRS,196.89499999999998,0.5078978109618326,51485.651699999995,69437.5611,105950.4783,145066.5553,503,203
12,ARM,stocks,hyperliquid,xyz:ARM,282.05499999999995,2.4820934685476637,46049.0489,48238.3909,92482.6216,62277.6261,563,198
12,GBPUSD,fx,hyperliquid,xyz:GBP,1.3245,6.041839740200672,143653.3292,148122.6171,401484.3551,656369.1511,634,192
12,GBPUSD,fx,lighter,97,1.324395,2.9451744449460193,48361.47616600001,18733.595028,2520702.403283,2292028.782716,,60
12,SPCX,stocks,hyperliquid,xyz:SPCX,145.745,0.6861534239055445,1548631.1467,1224993.4898,1958637.7545999999,2259939.9127,702,197
12,SPCX,stocks,lighter,194,145.79000000000002,1.3719303059400723,776303.536891,779026.190327,1251327.407671,1147723.6965659999,,233
12,MINIMAX,stocks,hyperliquid,xyz:MINIMAX,31.471,3.1780334329112314,20318.5478,22152.70551,27768.13857,28665.136710000002,756,191
12,BB,stocks,hyperliquid,xyz:BB,8.69665,5.405840608214696,29149.53728,631.74618,50002.010369999996,34308.33029,279,188
12,QNT,stocks,hyperliquid,xyz:QNT,48.971000000000004,13.077504648644211,243.70374,431.75612,1323.44305,2325.0860900000002,351,192
12,DELL,stocks,hyperliquid,xyz:DELL,539.245,2.0400971828093972,48213.250700000004,31827.5325,48213.250700000004,42067.9388,396,193
12,AVGO,stocks,hyperliquid,xyz:AVGO,348.33000000000004,1.1484022853203157,164246.78710000002,47533.6999,174497.394,52415.219900000004,400,187
12,NBIS,stocks,hyperliquid,xyz:NBIS,229.425,2.17959895379094,43570.8065,99667.63769999999,66328.8428,127667.1316,491,211
12,NBIS,stocks,hyperliquid,io:NBIS,229.55,0.8713078330568891,3837.0628999999994,15540.1667,4103.0392999999995,41532.3276,570,217
12,WDC,stocks,hyperliquid,xyz:WDC,450.275,3.776183389236909,24611.208469999998,15686.21063,38672.60704,39293.74946,594,197
12,BE,stocks,hyperliquid,xyz:BE,261.02,2.2989386566529824,42539.245,39217.610100000005,56922.2194,83242.8389,608,206
12,ZHIPU,stocks,hyperliquid,xyz:ZHIPU,78.64150000000001,2.925092203993618,20217.743402,35566.963545,34382.104858,45408.021208,757,264
12,QCOM,stocks,hyperliquid,xyz:QCOM,187.125,1.6033349366662009,6844.1269,8239.6931,51272.346900000004,26620.2661,762,190
12,STRC,stocks,hyperliquid,xyz:STRC,99.1105,9.993842178050993,4020.7697000000003,9809.3618,139484.5767,143584.506,787,192
12,AMAT,stocks,hyperliquid,xyz:AMAT,481.04999999999995,3.7425149700598404,22866.38291,38544.74662,26945.57307,43367.90311,796,186
12,SKHY,stocks,hyperliquid,xyz:SKHY,182.10500000000002,0.5491488193309912,613242.3349,628751.2492,730150.8774,676394.7598,473,236
12,CXMT,stocks,hyperliquid,xyz:CXMT,8.21695,3.773401173405855,23668.850010000002,25534.508110000002,52218.62636,109448.39331000001,443,201
12,KORU,stocks,hyperliquid,xyz:KORU,20.266,2.961062034247952,45409.2307,81730.7719,164412.0507,189352.8037,459,192
12,UNITREE,stocks,hyperliquid,xyz:UNITREE,67.84649999999999,0.1473926244721646,41288.232169999996,13648.19688,42173.41285,13648.19688,463,186
12,SOXL,stocks,hyperliquid,xyz:SOXL,138.875,0.7200979333177315,219321.1171,198951.9871,389811.5174,408764.1813,734,290
12,IREN,stocks,hyperliquid,xyz:IREN,41.457499999999996,2.653671716685846,2258.3624,16636.4162,2258.3624,25941.9788,653,192
12,AAOI,stocks,hyperliquid,xyz:AAOI,95.352,1.6781339150861996,3451.45931,10668.9135,10963.68082,12539.89529,737,272
12,MRNA,stocks,hyperliquid,xyz:MRNA,195.085,3.5888233786196544,60078.8526,32424.3398,203047.8451,167183.5308,676,201
12,BMNR,stocks,hyperliquid,xyz:BMNR,26.8,4.47861461521315,993.03955,19400.5475,10309.08792,32316.50516,339,190
12,US10Y,rates,hyperliquid,para:10Y,5.25565,9.708553044869284,21987.99361,10790.19735,97268.72713,160804.58774,359,187
12,US10Y,rates,lighter,227,95.195,3.1519226728282668,29999.298781999998,3521.513228,1122671.245279,972596.909586,,215
12,30Y,unclassified,hyperliquid,para:30Y,5.5555,1.8001800180034166,36498.82692,11998.83102,76237.2117,75259.93342,431,198
12,2Y,unclassified,hyperliquid,para:2Y,4.889950000000001,290.24896265560153,0,0,62076.14517,82471.41486,531,191
12,USTECH,indices,hyperliquid,mkts:USTECH,733.345,0.9545758274143168,25621.36997,30252.03802,25621.36997,30252.03802,555,193
12,OAI,preipo,hyperliquid,io:OAI,1622.4499999999998,4.315393625546893,5989.4871,3979.7907,10180.3411,9391.8124,620,188
12,ANTH,preipo,hyperliquid,io:ANTH,2054.4,0.973567638611339,9618.5625,5366.38,16456.383,11582.2633,636,191
13,BTC,crypto,hyperliquid,BTC,83043.5,0.12041954168262592,4429086.21055,7239497.2551,4429086.21055,7239497.2551,416,235
13,BTC,spot,hyperliquid,@142,83049.5,0.12041084179292838,645272.78367,625717.50043,645272.78367,625717.50043,428,246
13,BTC,crypto,lighter,1,83034.9,0.1445185905102342,2524963.211543,2705560.8745709998,2524963.211543,2705560.8745709998,,54
13,ETH,crypto,hyperliquid,ETH,2664.1499999999996,0.37536128523640855,11618822.0518,8540079.11957,11618822.0518,8540079.11957,420,235
13,ETH,spot,hyperliquid,@151,2662.6499999999996,0.3755727484411331,429472.54501,434115.72696,429472.54501,434115.72696,452,213
13,ETH,crypto,lighter,0,2663.4399999999996,0.22527511723602345,3937296.763952,4632200.928666,3937296.763952,4632200.928666,,237
13,SOL,crypto,hyperliquid,SOL,117.36500000000001,0.8520790729393823,2551906.9377,2516546.9529,4477203.4212,4408514.8072,832,411
13,SOL,spot,hyperliquid,@156,117.35,1.704448610873044,154978.6538,153485.18478,245412.1291,364409.09547,836,406
13,SOL,crypto,lighter,2,117.37299999999999,0.8520209937978862,1134340.474403,1664926.777736,2392952.757882,2872007.488275,,204
13,AVAX,crypto,hyperliquid,AVAX,10.364,1.929943066680817,107147.17148,52992.95981,321321.52873,161763.02916,846,190
13,BNB,crypto,hyperliquid,BNB,757.435,0.13202540168899546,70228.07538,87402.06905,70228.07538,87402.06905,854,195
13,OP,crypto,hyperliquid,OP,0.12921,3.0962148773139297,15040.221403,34506.715274,54139.838787,71880.882172,425,197
13,LTC,crypto,hyperliquid,LTC,67.7165,1.0337749028987986,40570.49983,44578.2389,40570.49983,44578.2389,415,184
13,ARB,crypto,hyperliquid,ARB,0.19603500000000001,1.5304560759110686,31608.039432999998,42426.159037,41449.767552,43725.969954,439,197
13,DOGE,crypto,hyperliquid,DOGE,0.092828,0.21545455524574209,101175.993887,189903.948084,101175.993887,189903.948084,433,183
13,SUI,crypto,hyperliquid,SUI,1.1122,1.7983994245129864,98972.41252,179033.74823,248090.61027,310316.46788999997,614,197
13,CRV,crypto,hyperliquid,CRV,0.38122,2.623501324867661,11055.658019,46442.705646,45484.14546,101792.363025,620,194
13,LDO,crypto,hyperliquid,LDO,0.43164,1.853568118628246,30097.916277,30120.689265999998,30097.916277,30120.689265999998,640,206
13,LINK,crypto,hyperliquid,LINK,14.656500000000001,0.6823144104806111,5538.5458,179798.9351,82952.76209999999,212263.2941,636,196
13,XRP,crypto,hyperliquid,XRP,1.48285,0.674399784192925,1824191.6418,716311.2006,2004959.1984,1116058.849,803,187
13,XRP,crypto,lighter,7,1.482217,2.2671315185940344,400647.827813,332932.586556,6911754.76514,7022523.244034,,216
13,BCH,crypto,hyperliquid,BCH,304.28,1.3146650890694112,35555.24669,71392.64636,35555.24669,71392.64636,290,191
13,APT,crypto,hyperliquid,APT,0.81465,3.6832412523013502,9248.022199,9750.502534000001,90772.817574,69353.106649,286,184
13,AAVE,crypto,hyperliquid,AAVE,147.165,0.6795324816510906,59487.87,82109.1206,111417.92390000001,111854.7819,457,192
13,WLD,crypto,hyperliquid,WLD,0.472905,1.9033117624656093,25153.728811,48954.871971,25153.728811,48954.871971,545,257
13,WLD,crypto,lighter,6,0.472895,1.9033520143807436,105998.836908,59031.90036,1043762.255338,981001.819842,,249
13,TRX,crypto,hyperliquid,TRX,0.334195,0.29923097639050766,32741.98016,46815.067390000004,32741.98016,46815.067390000004,570,270
13,UNI,crypto,hyperliquid,UNI,8.53545,1.2888258796217578,14569.32219,7438.90684,14569.32219,7438.90684,644,185
13,SEI,crypto,hyperliquid,SEI,0.073728,3.255738238645556,10796.022308,22998.240349,26831.186295,23977.592889,734,191
13,ZRO,crypto,hyperliquid,ZRO,1.50915,3.31367221154677,7942.66801,12694.22913,26629.53696,29605.608630000002,739,193
13,DOT,crypto,hyperliquid,DOT,1.1549,1.7319016279881971,35444.10227,41129.26266,96922.6972,89320.71105,803,231
13,TIA,crypto,hyperliquid,TIA,0.42771,2.806032970887884,5111.553028,4514.225607,45966.774607,37470.940481000005,306,196
13,ADA,crypto,hyperliquid,ADA,0.241595,1.2418246543588474,86341.2552,125801.94865,86341.2552,125801.94865,389,188
13,PENDLE,crypto,hyperliquid,PENDLE,2.3064,2.601795238716953,15401.5402,5917.3927,17615.4795,21103.7227,394,188
13,NEAR,crypto,hyperliquid,NEAR,4.61735,1.949359960145003,44113.27697,63071.255189999996,44113.27697,63071.255189999996,460,190
13,NEAR,crypto,lighter,10,4.62457,3.763219932089168,28300.408273,63681.651484,861090.652637,1817165.918978,,224
13,PYTH,crypto,hyperliquid,PYTH,0.079374,5.0407036822353035,769.6480310000001,1688.245226,23762.018618000002,25652.65637,590,198
13,JUP,crypto,hyperliquid,JUP,0.32064499999999996,0.31187624750517173,13999.26434,5934.32713,21048.84227,10809.65166,594,198
13,JTO,crypto,hyperliquid,JTO,0.539845,0.18524007113329688,50628.75312,6392.51296,51349.257920000004,9932.25948,656,195
13,WIF,crypto,hyperliquid,WIF,0.229495,3.9224231858803194,29597.05366,17391.19802,94061.19465,78197.94352,731,196
13,ONDO,crypto,hyperliquid,ONDO,0.510005,0.1960784313714825,67101.72725,27286.37171,67101.72725,82755.28738,789,197
13,STRK,crypto,hyperliquid,STRK,0.041145,2.43072435585745,6263.783859,4632.281166000001,104362.806349,87815.648237,783,188
13,TAO,crypto,hyperliquid,TAO,299.755,1.0008674184280864,31161.30056,106649.16275999999,31161.30056,106649.16275999999,310,185
13,ETHFI,crypto,hyperliquid,ETHFI,0.68409,1.461902812700533,7325.021774,4093.599446,7325.021774,12292.380932,408,209
13,ENA,crypto,hyperliquid,ENA,0.24955,1.6030136656919325,38166.17127,64727.61036,49944.20401,108686.57321,444,193
13,ENA,crypto,lighter,29,0.249595,2.8049366885718463,161807.391592,108829.625077,1407402.618434,1219586.287225,,55
13,HBAR,crypto,hyperliquid,HBAR,0.11871000000000001,1.6849199663027115,22162.82383,11821.276319999999,87557.58481,227636.92264,497,186
13,EIGEN,crypto,hyperliquid,EIGEN,0.24869999999999998,8.045052292839916,3789.3867539999997,2040.556693,19118.124739,24765.149590999998,537,223
13,GRASS,crypto,hyperliquid,GRASS,0.657195,5.631573339828222,4261.461993,1072.110747,12935.219566,10505.425118,604,194
13,PURR,crypto,hyperliquid,PURR,0.13910499999999998,6.472026463397729,367.50811,373.26302,1455.52689,1139.51709,638,193
13,PURR,spot,hyperliquid,PURR/USDC,0.13879000000000002,10.092272202999464,149.67888000000002,300.93019999999996,25207.04276,34109.20241,691,192
13,XLM,crypto,hyperliquid,XLM,0.22608,2.654280026543887,3873.13583,41044.23693,50891.93993,48813.790290000004,736,197
13,HYPE,crypto,hyperliquid,HYPE,86.6755,0.11537352177626303,85900.87630999999,137237.02951,85900.87630999999,137237.02951,798,193
13,HYPE,spot,hyperliquid,@107,86.69749999999999,0.1153442448975639,120272.63115,68277.63248,120272.63115,68277.63248,325,191
13,HYPE,crypto,lighter,24,86.6623,1.4540251107808544,828589.763983,807728.8065310001,1969703.243844,2020557.096078,,228
13,VIRTUAL,crypto,hyperliquid,VIRTUAL,0.7994749999999999,0.12508286739931762,12298.635998,8790.061894,16734.104049,8790.061894,427,195
13,PENGU,crypto,hyperliquid,PENGU,0.00912,2.193222941111461,9702.797281,40006.415185,54404.997559999996,89151.115962,492,197
13,FARTCOIN,crypto,hyperliquid,FARTCOIN,0.16352499999999998,1.8347501681859057,11034.648894,16389.718688,38312.07404,39281.384028,513,187
13,SPX,crypto,hyperliquid,SPX,0.40162,3.9846590626080314,2077.806735,9261.366825,13685.729611,15899.673815,609,192
13,MORPHO,crypto,hyperliquid,MORPHO,2.427,3.2967938679639985,7257.58518,7415.9073,12894.27802,13350.666949999999,613,185
13,TRUMP,crypto,hyperliquid,TRUMP,1.95005,0.5128205128213104,19485.1417,55686.67595,80569.76057,90642.86914,684,191
13,VVV,crypto,hyperliquid,VVV,26.878,0.744130669345644,356983.61459,6013.71873,364548.99474,6516.6105099999995,706,192
13,PAXG,crypto,hyperliquid,PAXG,4142.05,0.24142926122738828,180857.1757,223100.8182,180857.1757,223100.8182,300,196
13,SYRUP,crypto,hyperliquid,SYRUP,0.22294999999999998,4.486316733962603,2529.46124,2229.36395,21243.51174,11801.66377,297,189
13,PUMP,crypto,hyperliquid,PUMP,0.0047895,2.0881186051369127,90509.29848,77384.129782,275779.900566,381975.94272,373,194
13,PUMP,crypto,lighter,45,0.004788,4.177982034678784,50594.342091,59370.465187,871412.929353,743407.134376,,212
13,XPL,crypto,hyperliquid,XPL,0.096393,0.6224712107050223,3298.335024,4920.774299,3298.335024,4920.774299,577,279
13,SKY,crypto,hyperliquid,SKY,0.077382,4.653327128896212,7508.535948,1056.673284,13180.470157,13468.833598,574,273
13,ASTER,crypto,hyperliquid,ASTER,0.704615,2.1290487410219328,24495.86771,28682.75313,24495.86771,28682.75313,580,205
13,ZEC,crypto,hyperliquid,ZEC,1376.25,0.7266385699744582,512795.103,657711.693,1280849.639,1137793.867,606,191
13,ZEC,crypto,lighter,90,1377.307,1.2343688962279664,419138.435521,332740.801018,5488589.934117,3292665.715315,,206
13,MON,crypto,hyperliquid,MON,0.027320999999999998,1.4641824371319778,10586.172909,14644.856780999999,14246.177728,18097.940134,774,195
13,CC,crypto,hyperliquid,CC,0.131915,0.7580926389216813,9208.61567,9758.42241,38407.34512,40314.7298,771,190
13,ICP,crypto,hyperliquid,ICP,3.2408,4.3208542946193695,11035.621599999999,14837.45673,16998.86769,42311.19183,273,197
13,AERO,crypto,hyperliquid,AERO,0.817955,2.567708014917791,4705.8036,5781.3125199999995,4705.8036,5781.3125199999995,439,199
13,LIT,crypto,hyperliquid,LIT,4.3473500000000005,0.23002783337000565,11036.8662,8947.223600000001,11036.8662,8947.223600000001,429,186
13,LIT,crypto,lighter,120,4.34565,1.6109359537885837,15232.021524,40016.563515,327485.107032,349953.144357,,62
13,XMR,crypto,hyperliquid,XMR,540.28,1.4808233377761049,35664.512030000005,21910.68934,35664.512030000005,28309.45869,462,188
13,DASH,crypto,hyperliquid,DASH,59.4005,2.5255501490084598,37622.45013,7619.87803,231115.10690999997,16114.97197,502,187
13,SKR,crypto,hyperliquid,SKR,0.018252499999999998,0.5478851632689796,34260.472154,603.618931,53138.052018,9284.156144,631,201
13,AZTEC,crypto,hyperliquid,AZTEC,0.018312000000000002,6.555227794167173,2589.602213,856.956204,39679.018415,31559.582733,627,187
13,CHIP,crypto,hyperliquid,CHIP,0.0424015,0.7075471698114733,2800.417578,2718.9951730000002,14596.454886,19478.383705,657,194
13,GRAM,crypto,hyperliquid,GRAM,1.56005,0.6410256410260828,133240.8264,50660.7539,159959.038,64882.9515,694,191
13,CASHCAT,crypto,hyperliquid,CASHCAT,0.170185,5.289761372986312,1093.58094,1482.6901,7791.43375,6136.37362,292,190
13,PONS,crypto,hyperliquid,PONS,0.52696,3.0367446097767647,19840.8264,7094.92888,36138.989,11731.42578,296,190
13,USELESS,crypto,hyperliquid,USELESS,0.23089500000000002,3.032140691328067,4289.63842,810.7072800000001,14825.17273,8574.3569,336,205
13,US100,indices,hyperliquid,xyz:XYZ100,30161.5,0.33155399356887827,4079261.0219,4399668.7136,4079261.0219,4399668.7136,367,199
13,US100,indices,lighter,181,30162.0,0.6631079871355361,1038380.833846,926856.545743,2965626.068468,2689667.887644,,227
13,TSLA,stocks,hyperliquid,xyz:TSLA,356.81,1.1211076543604648,315195.4598,246934.53281,315195.4598,246934.53281,483,186
13,TSLA,stocks,lighter,112,356.91499999999996,0.8405715886805609,302938.071613,233318.503108,969738.888983,1002267.904288,,222
13,NVDA,stocks,hyperliquid,xyz:NVDA,228.16,0.8766162612316997,810481.4456900001,547687.86258,810481.4456900001,547687.86258,569,200
13,NVDA,stocks,lighter,110,228.2745,0.043807003864415606,614104.626245,698587.060747,1445288.690361,1541517.2788,,239
13,XAU,commodities,hyperliquid,xyz:GOLD,4132.65,0.24197841552497934,1190149.01317,1174659.01897,1190149.01317,1174659.01897,713,192
13,XAU,commodities,lighter,92,4134.6,0.43535993382359806,810130.710599,1249761.6379169999,3595217.73844,2092361.704864,,60
13,HOOD,stocks,hyperliquid,xyz:HOOD,115.405,2.5998786723291367,157118.79512,137382.97051,297443.87102,259677.07147,757,186
13,INTC,stocks,hyperliquid,xyz:INTC,114.22,1.751160143597108,236375.7549,759347.5863000001,596609.7169,1190633.7753,815,192
13,PLTR,stocks,hyperliquid,xyz:PLTR,186.51999999999998,2.144772117962379,117933.30609,117224.00036,124045.85887,138540.72088,376,212
13,COIN,stocks,hyperliquid,xyz:COIN,191.3,1.0455329604264207,87761.66258,123165.30364,96645.05112,167067.45239,358,184
13,META,stocks,hyperliquid,xyz:META,714.585,0.6997313031797958,151324.46286,159459.28717,151324.46286,159459.28717,395,187
13,META,stocks,lighter,117,715.0699999999999,0.8391138957275501,282975.116301,164256.799688,889818.3982299999,856751.138448,,223
13,AAPL,stocks,hyperliquid,xyz:AAPL,337.33,0.5929088106237934,195595.78113,169617.09534,195595.78113,169617.09534,548,189
13,AAPL,stocks,lighter,113,337.337,0.7707723138583589,298828.983264,322731.860173,1166121.002051,872429.224524,,48
13,MSFT,stocks,hyperliquid,xyz:MSFT,507.305,0.5913777129440412,141113.66917,171920.32691,141113.66917,171920.32691,595,199
13,MSFT,stocks,lighter,115,507.58500000000004,0.9851052092368917,81464.938987,68243.451793,761924.604066,522942.679466,,45
13,ORCL,stocks,hyperliquid,xyz:ORCL,132.695,0.7536362951232611,144175.9236,80493.95083,292731.84254,196754.21021,667,194
13,GOOGL,stocks,hyperliquid,xyz:GOOGL,341.95,0.5848979353095807,131660.44937,180502.83205,131660.44937,180502.83205,798,306
13,GOOGL,stocks,lighter,116,342.09000000000003,1.754078231888112,131946.971728,134553.161304,1010536.111348,790307.131201,,219
13,AMZN,stocks,hyperliquid,xyz:AMZN,245.95,0.8132064731247723,209306.91917,132461.86785,209306.91917,132461.86785,806,210
13,AMZN,stocks,lighter,114,246.015,0.2438905419244186,252108.99767399998,213684.97538800002,821992.4049740001,808273.0308289999,,228
13,AMD,stocks,hyperliquid,xyz:AMD,604.885,1.8186928558439064,95383.07617,37892.0558,95383.07617,37892.0558,423,199
13,MU,stocks,hyperliquid,xyz:MU,1050.75,0.951746454742608,931526.1913,731306.7743,1568074.7744,2221653.9058,593,338
13,SNDK,stocks,hyperliquid,xyz:SNDK,1697.75,0.5890322200619025,1215182.9607,1378741.6515,1329300.8701,1639070.0405,448,186
13,SNDK,stocks,hyperliquid,io:SNDK,1698.15,0.5888934691711256,55666.88358,100231.23605,58758.248400000004,104262.56849,546,194
13,SNDK,stocks,lighter,139,1697.8449999999998,0.058898364980741746,394527.944901,717800.964191,2630939.364049,2790901.047703,,235
13,MSTR,stocks,hyperliquid,xyz:MSTR,155.73000000000002,1.2843565373743537,150139.81894,226983.98526000002,213984.65073,402810.78766000003,631,181
13,CRCL,stocks,hyperliquid,xyz:CRCL,85.071,0.9404351863828708,50654.321232,88397.906336,50654.321232,88397.906336,750,203
13,NFLX,stocks,hyperliquid,xyz:NFLX,69.26400000000001,1.1550678602367803,20938.779759,19439.441219,20938.779759,19439.441219,787,192
13,LLY,stocks,hyperliquid,xyz:LLY,1187.1,3.3701238520511545,24049.63036,31980.78245,88041.05715,70537.79375,303,196
13,SKHX,stocks,hyperliquid,xyz:SKHX,1290.5,1.5499070055779995,1138856.5163,508768.5756,1871138.841,1801740.4482,355,220
13,TSM,stocks,hyperliquid,xyz:TSM,447.79999999999995,1.7866714311232101,39236.97813,80138.05885,45006.05145,87472.48621,423,196
13,USDJPY,fx,hyperliquid,xyz:JPY,157.35000000000002,2.542426746328097,343066.527,745546.7839,581323.6851,854995.313,459,195
13,USDJPY,fx,lighter,98,157.27749999999997,2.98879519757822,35253.515124,54532.45961699999,1254733.504163,2608929.047897,,206
13,EURUSD,fx,hyperliquid,xyz:EUR,1.1368,1.759479194158864,385124.46582000004,119809.38432,662972.19741,399938.51021000004,551,195
13,EURUSD,fx,lighter,96,1.137225,2.02267150935187,57754.629623,54013.237415999996,2130165.30014,2244221.912582,,53
13,XAG,commodities,hyperliquid,xyz:SILVER,60.4375,0.49639287841740654,435226.82389,1113070.8648100002,435226.82389,1113070.8648100002,660,198
13,XAG,commodities,lighter,93,60.46775,1.207327984704687,945736.579654,1105663.879556,3026858.070077,2894574.1954570003,,216
13,BABA,stocks,hyperliquid,xyz:BABA,107.71000000000001,1.8570102135551103,69834.2688,100356.18519999999,179096.24474,162014.56815,704,192
13,WTI,commodities,hyperliquid,xyz:CL,94.0955,0.7439527271180246,465332.991893,260074.42559199999,465332.991893,260074.42559199999,737,184
13,WTI,commodities,lighter,145,94.08,0.6377754392672408,529932.776476,538101.043725,1400959.654196,1574066.104825,,214
13,COPPER,commodities,hyperliquid,xyz:COPPER,6.6103,1.2103057534917916,27866.25664,49906.828054,27866.25664,49906.828054,384,254
13,NATGAS,commodities,hyperliquid,xyz:NATGAS,3.1340500000000002,0.9572736845453456,73027.36621,69142.74834,73027.36621,69142.74834,387,250
13,SMSN,stocks,hyperliquid,xyz:SMSN,199.005,0.5025125628144167,133251.15013,89640.60226,135985.04773,139317.99838,378,207
13,XPT,commodities,hyperliquid,xyz:PLATINUM,1700.6999999999998,1.1760555098194736,19810.10825,60902.67816,70859.91068999999,69363.88752,498,189
13,USAR,stocks,hyperliquid,xyz:USAR,14.4315,0.6929526713328471,6086.847290000001,5549.228120000001,30601.79328,12801.49407,572,192
13,CRWV,stocks,hyperliquid,xyz:CRWV,84.22800000000001,1.8997862740444127,82045.40716,64105.86344,82045.40716,82160.36312,591,205
13,GME,stocks,hyperliquid,xyz:GME,23.917,4.182000669121777,10043.511340000001,22455.29576,17528.13674,33230.76568,579,190
13,SOFTBANK,stocks,hyperliquid,xyz:SOFTBANK,38.2255,0.2616088947027251,19461.890004999997,49.6938,191435.15743599998,203035.30006,695,195
13,JP225,indices,hyperliquid,xyz:JP225,65221.0,7.3623019464075234,15607.04982,355967.94229,29663.679340000002,363493.15456,765,192
13,KIOXIA,stocks,hyperliquid,xyz:KIOXIA,112.14,5.351886540005957,134.25923,142.05778999999998,291.35548,52091.61762,768,187
13,EWY,stocks,hyperliquid,xyz:EWY,183.375,0.5453454763593157,263686.57947,281467.12062,302592.20758,306101.09544,782,190
13,BRENTOIL,commodities,hyperliquid,xyz:BRENTOIL,99.6165,0.10038548024393634,353459.47077,97243.65339,353459.47077,97243.65339,891,195
13,BRENTOIL,commodities,lighter,159,99.55000000000001,2.009242515570442,564518.4899800001,998198.183016,1905731.783512,1715865.26047,,54
13,HIMS,stocks,hyperliquid,xyz:HIMS,28.686999999999998,6.9742302193387395,7287.51744,14861.22537,15455.32574,20224.207440000002,342,181
13,US500,indices,hyperliquid,xyz:SP500,7664.55,0.13047165503321523,2193559.0959,1563231.6874,2193559.0959,1563231.6874,409,235
13,US500,indices,hyperliquid,mkts:US500,763.885,0.13091061423331496,37389.73381,58284.72506,37389.73381,58284.72506,403,191
13,US500,indices,lighter,180,7665.950000000001,0.9131705280740476,817555.705192,903565.327918,13782023.346482,13705450.130431999,,212
13,LITE,stocks,hyperliquid,xyz:LITE,912.4549999999999,1.6440518205129706,70823.21488,84182.4671,70823.21488,84182.4671,534,190
13,PURRDAT,stocks,hyperliquid,xyz:PURRDAT,11.992999999999999,13.350020859408396,95.88,456.09499999999997,42850.318,54773.49,597,192
13,MRVL,stocks,hyperliquid,xyz:MRVL,249.93,1.6005762074344787,146948.8823,89145.44840000001,146948.8823,89145.44840000001,594,184
13,RKLB,stocks,hyperliquid,xyz:RKLB,71.761,2.7874175969677673,99231.81116,62825.04218,130796.18725,62861.67701,684,188
13,DRAM,stocks,hyperliquid,xyz:DRAM,59.897999999999996,0.33390653956022476,113046.3208,94767.3573,113046.3208,94767.3573,742,207
13,CBRS,stocks,hyperliquid,xyz:CBRS,196.79500000000002,0.50815590223241,44000.1007,73339.90819999999,86863.98,133552.58,792,197
13,ARM,stocks,hyperliquid,xyz:ARM,281.93,4.257281725619233,56314.064300000005,22860.3445,126070.2938,47489.6769,788,189
13,GBPUSD,fx,hyperliquid,xyz:GBP,1.32465,5.285811372044424,10038.573400000001,148089.3274,400199.7876,656335.8613999999,877,191
13,GBPUSD,fx,lighter,97,1.324395,2.9451744449460193,48361.41493300001,18733.595028,2520702.43417,2292028.782716,,212
13,SPCX,stocks,hyperliquid,xyz:SPCX,145.725,0.6862475981317395,1672681.491,1257621.6378000001,2031341.7399,1934803.9963,380,194
13,SPCX,stocks,lighter,194,145.775,0.6860122110174949,781567.689897,786690.280698,1254615.677159,1154420.672486,,213
13,MINIMAX,stocks,hyperliquid,xyz:MINIMAX,31.4695,4.131837396306182,20092.11173,16624.46511,27558.725039999998,33296.54165,477,202
13,BB,stocks,hyperliquid,xyz:BB,8.69445,0.11501656238532831,11593.12533,874.20415,55889.43619,29329.741579999998,542,189
13,QNT,stocks,hyperliquid,xyz:QNT,48.971000000000004,13.077504648644211,243.70374,431.75612,1330.76478,2321.64518,579,198
13,DELL,stocks,hyperliquid,xyz:DELL,539.19,1.8548058018330593,38252.0066,30040.0447,38252.0066,30040.0447,601,194
13,AVGO,stocks,hyperliquid,xyz:AVGO,348.325,2.584127713334272,160795.2371,44935.8416,166045.9462,85499.2549,673,195
13,NBIS,stocks,hyperliquid,xyz:NBIS,229.39999999999998,1.7438311971407217,54204.0865,95633.2317,94910.1417,107035.4281,738,195
13,NBIS,stocks,hyperliquid,io:NBIS,229.565,1.3069048137670514,1704.7164,20626.7957,4040.7699,30687.255,770,190
13,WDC,stocks,hyperliquid,xyz:WDC,450.29499999999996,1.5546573091107518,26909.85615,16418.32625,40643.66214,38647.021799999995,799,196
13,BE,stocks,hyperliquid,xyz:BE,261.07,1.5322735108203034,36797.7025,44087.071800000005,49050.9524,83463.3333,391,254
13,ZHIPU,stocks,hyperliquid,xyz:ZHIPU,78.69800000000001,3.304314672427644,19957.049305,32816.160644,35114.942354,44959.342466,387,185
13,QCOM,stocks,hyperliquid,xyz:QCOM,187.03500000000003,1.6041065126715104,12446.4033,8404.9277,59991.6429,20834.6386,432,197
13,STRC,stocks,hyperliquid,xyz:STRC,99.104,3.229452607784733,4516.5087,9074.351999999999,139980.3157,144536.8142,454,191
13,AMAT,stocks,hyperliquid,xyz:AMAT,480.865,2.2878059940523165,22604.58598,32191.11526,35152.46951,36837.70612,579,190
13,SKHY,stocks,hyperliquid,xyz:SKHY,182.07,1.0985389432049963,576813.3670999999,643525.5451999999,707215.8866999999,675180.5266999999,576,184
13,CXMT,stocks,hyperliquid,xyz:CXMT,8.21825,3.52935449323466,26122.02126,24679.52883,86432.23197,120717.44815000001,622,190
13,KORU,stocks,hyperliquid,xyz:KORU,20.265,1.9740413561653014,49312.0352,74537.3651,160455.0425,175985.76499999998,646,190
13,UNITREE,stocks,hyperliquid,xyz:UNITREE,67.8045,0.7374413734106966,34676.293490000004,11234.187,34676.293490000004,11234.187,785,208
13,SOXL,stocks,hyperliquid,xyz:SOXL,138.72500000000002,2.162785667940703,186382.90649999998,157809.414,431638.1246,471150.0504,791,211
13,IREN,stocks,hyperliquid,xyz:IREN,41.450500000000005,2.6541199179641595,11007.493,11588.2976,57201.503,39375.3278,818,195
13,AAOI,stocks,hyperliquid,xyz:AAOI,95.3485,1.7830920914607695,7157.41785,13785.21946,8107.04343,19456.83074,833,185
13,MRNA,stocks,hyperliquid,xyz:MRNA,195.085,2.5633138521485854,56582.8595,29357.4054,227952.8984,214736.7537,427,192
13,BMNR,stocks,hyperliquid,xyz:BMNR,26.797,2.239307307605465,2196.6878500000003,14666.299229999999,12896.62849,18122.72472,479,237
13,US10Y,rates,hyperliquid,para:10Y,5.25565,9.708553044869284,21987.99361,37081.19735,97268.72713,187095.58774,483,214
13,US10Y,rates,lighter,227,95.195,3.1519226728282668,30000.060222,3521.5989169999993,1122672.006719,972596.995275,,766
13,30Y,unclassified,hyperliquid,para:30Y,5.5555,1.8001800180034166,36498.82692,11998.83102,76237.2117,75259.93342,621,193
13,2Y,unclassified,hyperliquid,para:2Y,4.889950000000001,290.24896265560153,0,0,62076.14517,82471.41486,681,200
13,USTECH,indices,hyperliquid,mkts:USTECH,733.345,0.9545758274143168,25421.22316,30226.08499,25421.22316,30226.08499,678,194
13,OAI,preipo,hyperliquid,io:OAI,1622.75,3.081664098614212,5304.442,4947.0424,8193.4707,9008.2814,819,195
13,ANTH,preipo,hyperliquid,io:ANTH,2054.4,0.973567638611339,9495.4259,5629.1678999999995,12975.2577,9541.0048,344,202
14,BTC,crypto,hyperliquid,BTC,82992.5,0.12049354154664016,5816380.98059,4101625.68586,5816380.98059,4101625.68586,719,190
14,BTC,spot,hyperliquid,@142,83009.5,0.1204688648215324,632540.26007,473487.189,632540.26007,473487.189,720,188
14,BTC,crypto,lighter,1,82997.55,0.012048555679822215,2372959.867406,2991721.211137,2372959.867406,2991721.211137,,54
14,ETH,crypto,hyperliquid,ETH,2662.8500000000004,0.3755445395814405,8605470.01224,10344061.96087,8605470.01224,10344061.96087,716,186
14,ETH,spot,hyperliquid,@151,2660.95,0.3758126949526819,429423.0378,428808.64787,429423.0378,428808.64787,778,191
14,ETH,crypto,lighter,0,2661.6850000000004,0.563568667084624,3448222.133551,3664723.716097,3448222.133551,3664723.716097,,213
14,SOL,crypto,hyperliquid,SOL,117.345,0.852224305436522,2481525.8113,2665006.0411,4248634.6583,4762855.2649,376,195
14,SOL,spot,hyperliquid,@156,117.33500000000001,0.8522969402546821,163814.15863000002,181281.08279,309916.80654,372361.99763,370,186
14,SOL,crypto,lighter,2,117.35300000000001,0.8521662064975288,1043811.692815,1577357.9746080001,2359275.41163,3435799.6374810003,,210
14,AVAX,crypto,hyperliquid,AVAX,10.3535,0.9659036028208945,71827.84577,49693.78385,209583.93882,143931.67278999998,596,225
14,BNB,crypto,hyperliquid,BNB,757.085,0.1320864373655084,88543.11327999999,71165.61075,88543.11327999999,71165.61075,574,197
14,OP,crypto,hyperliquid,OP,0.129155,0.7742934572219085,16538.441859000002,4880.8986540000005,90933.826084,84039.591421,599,208
14,LTC,crypto,hyperliquid,LTC,67.6755,0.14776505356639547,39080.029239999996,45465.12276,39080.029239999996,45465.12276,643,191
14,ARB,crypto,hyperliquid,ARB,0.19606,1.0201479214488884,36055.413241,34379.077464,42416.935405,57413.209063,491,455
14,DOGE,crypto,hyperliquid,DOGE,0.092782,0.8622733837748697,189019.853211,169479.06576599999,189019.853211,169479.06576599999,785,188
14,SUI,crypto,hyperliquid,SUI,1.1117499999999998,0.8995232526753938,108030.17397999999,133489.04395000002,277737.53166,281413.02225,713,652
14,CRV,crypto,hyperliquid,CRV,0.381585,4.980471309865564,15309.817867,4657.910457,31972.862284,41860.0316,350,246
14,LDO,crypto,hyperliquid,LDO,0.43174999999999997,3.7065350846710032,15965.51371,48325.421378,15965.51371,48325.421378,744,498
14,LINK,crypto,hyperliquid,LINK,14.6465,0.6827802813047512,148141.1669,105602.5385,188133.5421,154979.3405,534,182
14,XRP,crypto,hyperliquid,XRP,1.4821499999999999,0.6747183051070138,1137175.0407,790626.3533,1820408.4759,1482427.1903000001,681,188
14,XRP,crypto,lighter,7,1.48141,2.241359289893996,344765.976484,424494.699082,6761587.211167,7205516.932713,,48
14,BCH,crypto,hyperliquid,BCH,303.995,0.9869070333556884,54504.64116,61253.65774,54504.64116,61253.65774,776,190
14,APT,crypto,hyperliquid,APT,0.8137,2.4582104228110246,8661.897488999999,10421.478929,97377.812775,62265.566363,329,196
14,AAVE,crypto,hyperliquid,AAVE,147.085,0.6799020940984057,74495.75450000001,77450.32459999999,100347.791,295247.1831,402,237
14,WLD,crypto,hyperliquid,WLD,0.47245000000000004,0.4233341800019552,23616.246652,75756.917295,23616.246652,75756.917295,406,211
14,WLD,crypto,lighter,6,0.47253,1.69315752714283,2556.08062,122806.25379700001,1020569.811258,978163.585312,,222
14,TRX,crypto,hyperliquid,TRX,0.33404500000000004,0.8981229230919929,41813.37473,41393.26039,41813.37473,41393.26039,520,190
14,UNI,crypto,hyperliquid,UNI,8.5232,0.4693183151482927,17500.53851,24364.99314,17500.53851,24364.99314,597,194
14,SEI,crypto,hyperliquid,SEI,0.0736435,5.025466893040509,17506.150144,24517.270203,30972.870062,48040.448197,601,194
14,ZRO,crypto,hyperliquid,ZRO,1.50725,0.6634819532913561,22733.09317,4586.7625,31582.1206,28953.23893,644,192
14,DOT,crypto,hyperliquid,DOT,1.154,3.466805338880885,46226.10148,37891.40875,118878.23732,76561.95384,711,190
14,TIA,crypto,hyperliquid,TIA,0.427725,1.6366994785932398,7912.391645,4754.842549,39112.573956,11838.521095,260,191
14,ADA,crypto,hyperliquid,ADA,0.24151,0.8281573498969408,71693.28546,151416.84391999998,71693.28546,151416.84391999998,787,185
14,PENDLE,crypto,hyperliquid,PENDLE,2.3070500000000003,3.03463822777017,15532.1494,15928.6966,18005.0414,18665.8326,307,192
14,NEAR,crypto,hyperliquid,NEAR,4.6159,0.8666074484908748,30988.22346,46378.16254,30988.22346,46378.16254,373,191
14,NEAR,crypto,lighter,10,4.62165,3.765598015919025,27064.461398,55807.127901,311929.524706,1432342.746726,,215
14,PYTH,crypto,hyperliquid,PYTH,0.079353,7.059565080362873,1790.558706,3341.1121439999997,21444.426099,13923.557214,458,196
14,JUP,crypto,hyperliquid,JUP,0.32023500000000005,0.3122755519480158,16343.757300000001,9085.06868,23232.60204,15680.70243,491,182
14,JTO,crypto,hyperliquid,JTO,0.5395350000000001,0.926766881057528,23500.12846,7568.16886,23500.12846,7758.3087000000005,569,195
14,WIF,crypto,hyperliquid,WIF,0.229095,2.182738900773362,17267.45195,11674.72148,61009.51545,53742.81428,643,184
14,ONDO,crypto,hyperliquid,ONDO,0.509295,0.981797474817192,80608.1526,23899.04755,80608.1526,23899.04755,662,188
14,STRK,crypto,hyperliquid,STRK,0.041075,2.4348672997320797,1534.689423,6210.184496999999,58932.876316,89209.48984899999,681,188
14,TAO,crypto,hyperliquid,TAO,299.695,1.0010678056593392,23009.73556,108741.11046,24676.43969,108741.11046,764,193
14,ETHFI,crypto,hyperliquid,ETHFI,0.6841900000000001,1.1693342103336057,5047.87018,6687.584503,6751.399932,17544.727968,295,192
14,ENA,crypto,hyperliquid,ENA,0.24946000000000002,2.4054845046705964,53863.46777,68844.08476,56176.33575,87498.35482,384,261
14,ENA,crypto,lighter,29,0.249555,2.0037670821149156,157194.38241299998,164067.948853,1400353.467932,1186406.759759,,61
14,HBAR,crypto,hyperliquid,HBAR,0.118195,2.5385005923173054,21251.18651,19671.445,76137.70807000001,74046.05031,392,189
14,EIGEN,crypto,hyperliquid,EIGEN,0.24855,4.024144869214652,3134.01927,1277.7469770000002,40656.903978,41607.733779,509,285
14,GRASS,crypto,hyperliquid,GRASS,0.65835,1.822904798796099,3998.15104,659.25306,13169.675769,11511.036988,487,191
14,PURR,crypto,hyperliquid,PURR,0.13910499999999998,6.472026463397729,381.26742,379.11624,1358.2879,1137.41606,577,192
14,PURR,spot,hyperliquid,PURR/USDC,0.138815,12.254018597275262,273.80431999999996,402.13169999999997,4443.37777,37998.06951,573,179
14,XLM,crypto,hyperliquid,XLM,0.22586499999999998,3.0996767479951615,63215.33842,32815.03275,80614.53239,33725.80383,684,196
14,HYPE,crypto,hyperliquid,HYPE,86.6695,0.11538150896051036,119727.54485,145119.38971,119727.54485,145119.38971,707,197
14,HYPE,spot,hyperliquid,@107,86.7045,0.11533493264437311,102002.34188,111428.92816,102002.34188,111428.92816,761,187
14,HYPE,crypto,lighter,24,86.66865,1.1423467957150102,766084.262367,744998.443001,2077718.395228,2166606.895292,,212
14,VIRTUAL,crypto,hyperliquid,VIRTUAL,0.798075,1.3784115686332754,14686.875367999999,11623.017278,16467.490966,11623.017278,348,208
14,PENGU,crypto,hyperliquid,PENGU,0.009118999999999999,2.1934634788323137,13418.106282,45355.419921,43792.852355,187746.208247,443,280
14,FARTCOIN,crypto,hyperliquid,FARTCOIN,0.163395,1.8362100624313982,14616.46096,18298.783691,36436.563031,52527.862224,409,191
14,SPX,crypto,hyperliquid,SPX,0.401355,5.732230086732404,2203.371177,7208.421284999999,14626.16283,21492.670561,436,189
14,MORPHO,crypto,hyperliquid,MORPHO,2.42535,2.061770648633665,6249.59348,6400.05848,12637.65076,16251.410179999999,538,189
14,TRUMP,crypto,hyperliquid,TRUMP,1.947,2.054653790835026,26975.42766,58109.87404,62767.94848,69515.78423,612,201
14,VVV,crypto,hyperliquid,VVV,27.134500000000003,0.3685413134824067,6640.626090000001,3593.0136100000004,10315.80103,9961.52594,625,188
14,PAXG,crypto,hyperliquid,PAXG,4141.65,0.24145257871310832,220192.5923,243369.5078,220192.5923,243369.5078,632,188
14,SYRUP,crypto,hyperliquid,SYRUP,0.22274,7.185843887540511,4884.33732,2437.8150100000003,28492.13423,15165.11636,742,203
14,PUMP,crypto,hyperliquid,PUMP,0.0047845000000000006,2.090301003345729,11423.961786,79128.46594299999,292810.720035,364949.298711,805,192
14,PUMP,crypto,lighter,45,0.0047810000000000005,4.184100418409553,52920.709376,55530.245365,890666.064537,867190.397016,,217
14,XPL,crypto,hyperliquid,XPL,0.0959365,0.10423615743881953,121128.46605799999,5712.860704,159605.799209,5712.860704,825,192
14,SKY,crypto,hyperliquid,SKY,0.077378,4.13639771464025,7971.306465,5298.668343,13140.100984,12130.144894000001,440,228
14,ASTER,crypto,hyperliquid,ASTER,0.7041299999999999,0.852151682999569,12998.72545,19658.25219,12998.72545,19658.25219,604,328
14,ZEC,crypto,hyperliquid,ZEC,1376.35,0.7265857734517489,472316.189,595190.151,1103521.538,1056944.328,483,188
14,ZEC,crypto,lighter,90,1377.238,2.236610112382742,309546.936599,488549.71500100003,4016962.1662669997,4785754.038351,,208
14,MON,crypto,hyperliquid,MON,0.0272665,0.36675713342759764,5238.587069,15648.853909,8550.617205,18833.334173,628,187
14,CC,crypto,hyperliquid,CC,0.131685,2.2784233310546576,10886.78419,6971.12566,37769.92607,37326.23593,672,188
14,ICP,crypto,hyperliquid,ICP,3.23765,4.634063455775106,4610.57664,19679.6545,36967.75589,40516.24551,722,199
14,AERO,crypto,hyperliquid,AERO,0.8196749999999999,1.3420853566281643,3122.08658,8626.0749,3122.08658,8626.0749,800,194
14,LIT,crypto,hyperliquid,LIT,4.34455,1.6113438607812114,7964.28,12986.0427,7964.28,12986.0427,822,192
14,LIT,crypto,lighter,120,4.34225,1.1515430677122573,34796.784938,20642.626898000002,331918.896151,399580.91082499997,,211
14,XMR,crypto,hyperliquid,XMR,539.655,0.18530529046545396,30614.276560000002,21027.77084,52532.20882,21027.77084,430,248
14,DASH,crypto,hyperliquid,DASH,59.419,3.3664932922627955,3793.6057100000003,11059.12004,9694.46319,62925.933229999995,449,188
14,SKR,crypto,hyperliquid,SKR,0.0182375,0.5483358008451233,6242.334866,2987.627042,17429.917367000002,8519.380453,468,186
14,AZTEC,crypto,hyperliquid,AZTEC,0.018307999999999998,2.1850759313890578,1614.202934,4699.099483999999,24397.055943,35977.838299,536,191
14,CHIP,crypto,hyperliquid,CHIP,0.042382500000000004,1.1798017932984628,7031.6061549999995,3399.463573,14190.837502,12921.580388,631,200
14,GRAM,crypto,hyperliquid,GRAM,1.56025,0.6409434687859594,129936.85220000001,30795.5985,154708.3321,43787.0799,641,190
14,CASHCAT,crypto,hyperliquid,CASHCAT,0.16999999999999998,2.35321802565025,2094.4866700000002,1874.74376,7705.85103,6451.96872,661,191
14,PONS,crypto,hyperliquid,PONS,0.5266,3.0388209374776487,18469.727619999998,5647.8571,32654.79715,14314.71154,727,190
14,USELESS,crypto,hyperliquid,USELESS,0.230855,2.166096261317918,1847.12607,2524.27541,11169.79474,15677.67688,301,201
14,US100,indices,hyperliquid,xyz:XYZ100,30158.5,0.331586975264031,4255937.0597,4296535.3787,4255937.0597,4296535.3787,321,212
14,US100,indices,lighter,181,30160.0,0.6631519612709802,942332.564383,887924.660545,3024072.109021,2861811.4398229998,,219
14,TSLA,stocks,hyperliquid,xyz:TSLA,356.78,1.1212019284689845,328345.62595,137448.00998,328345.62595,137448.00998,384,189
14,TSLA,stocks,lighter,112,356.905,0.2801905295624074,277064.256457,235042.419067,958722.177362,959229.925055,,222
14,NVDA,stocks,hyperliquid,xyz:NVDA,228.125,0.4383657723994183,875234.61646,532467.91059,875234.61646,532467.91059,508,185
14,NVDA,stocks,lighter,110,228.247,0.35050362990451944,685728.72185,672117.66011,1524732.138248,1528403.112778,,211
14,XAU,commodities,hyperliquid,xyz:GOLD,4132.35,0.24199598286589463,1549991.3896299999,1249427.07351,1549991.3896299999,1249427.07351,584,198
14,XAU,commodities,lighter,92,4134.515,0.6046841251072799,705388.157642,1281413.415423,2873941.294911,2081767.9619099998,,61
14,HOOD,stocks,hyperliquid,xyz:HOOD,115.365,2.600780234069955,147207.10087999998,153416.6219,279392.5355,269924.45582000003,712,186
14,INTC,stocks,hyperliquid,xyz:INTC,114.10499999999999,0.8764241893088887,350386.25,688977.0482,803950.1449000001,1037611.0732,783,220
14,PLTR,stocks,hyperliquid,xyz:PLTR,186.47,2.1453472780907923,112944.99938,112140.2282,128693.21012,123443.09406,768,196
14,COIN,stocks,hyperliquid,xyz:COIN,191.22500000000002,1.5689555985565207,61519.817520000004,119770.02963,81347.95181,161285.81843,786,201
14,META,stocks,hyperliquid,xyz:META,714.535,0.13995213636874837,172696.02300000002,143916.78024,172696.02300000002,143916.78024,381,189
14,META,stocks,lighter,117,715.06,0.2797007202315349,283786.037701,170542.958906,889871.530038,863037.297666,,49
14,AAPL,stocks,hyperliquid,xyz:AAPL,337.38,0.5928209384342686,156245.27522,168954.80141,156245.27522,168954.80141,450,188
14,AAPL,stocks,lighter,113,337.389,0.7113703660888149,298280.991701,317262.200993,1165608.087397,847062.073869,,50
14,MSFT,stocks,hyperliquid,xyz:MSFT,507.20500000000004,0.5914943117968363,203365.93321,94154.0681,203365.93321,94154.0681,488,190
14,MSFT,stocks,lighter,115,507.58500000000004,0.9851052092368917,79386.056155,68249.353188,732977.367466,526139.517341,,216
14,ORCL,stocks,hyperliquid,xyz:ORCL,132.70499999999998,0.7535795026392123,114969.96195,85296.06415,291591.95904,196909.58883,582,200
14,GOOGL,stocks,hyperliquid,xyz:GOOGL,341.95,0.5848979353095807,130855.06267,179663.32160999998,130855.06267,179663.32160999998,642,191
14,GOOGL,stocks,lighter,116,342.09000000000003,1.754078231888112,131936.251411,134083.93562899999,1041110.741811,788636.9953589999,,212
14,AMZN,stocks,hyperliquid,xyz:AMZN,245.945,1.2198593095602561,210196.38472,180321.57165,210196.38472,180321.57165,733,199
14,AMZN,stocks,lighter,114,246.0065,0.6910625289635597,244649.33142399997,197252.099721,816216.880112,786917.993624,,220
14,AMD,stocks,hyperliquid,xyz:AMD,604.905,0.4959579427654681,149490.20705,45827.79174,149490.20705,45827.79174,835,192
14,MU,stocks,hyperliquid,xyz:MU,1050.3000000000002,1.9043991620648626,720288.4201,846557.9138,1618399.8573,1997054.9868,907,204
14,SNDK,stocks,hyperliquid,xyz:SNDK,1696.95,0.589309918086478,1358437.6667,1130851.8348,1676254.4523,1432528.3680999998,565,436
14,SNDK,stocks,hyperliquid,io:SNDK,1697.45,0.5891363261456561,46069.65868,87224.17007,51784.898890000004,110244.41724,584,386
14,SNDK,stocks,lighter,139,1697.04,0.7071385638002248,459606.707574,263712.122392,2698691.556274,2656515.069457,,207
14,MSTR,stocks,hyperliquid,xyz:MSTR,155.45499999999998,1.9300051466797363,146880.0372,265597.94344,197813.64712,462572.49198,494,192
14,CRCL,stocks,hyperliquid,xyz:CRCL,85.01,1.4116982730216776,83750.22506,77757.166966,83750.22506,77757.166966,639,200
14,NFLX,stocks,hyperliquid,xyz:NFLX,69.26400000000001,1.1550678602367803,20710.580529,19732.050209,21101.734211,19732.050209,683,187
14,LLY,stocks,hyperliquid,xyz:LLY,1187.1,3.3701238520511545,24049.63036,31714.70852,88207.30741,70271.71982,765,198
14,SKHX,stocks,hyperliquid,xyz:SKHX,1289.95,0.775253895650696,849619.8995,1116709.461,1587916.2510000002,1752946.3504,777,192
14,TSM,stocks,hyperliquid,xyz:TSM,447.595,1.5640361068913755,76003.84446,41971.01588,87231.47952,92234.21777,346,201
14,USDJPY,fx,hyperliquid,xyz:JPY,157.34500000000003,1.906820059747183,504738.7319,755560.3086,586957.5273000001,862317.2005,380,191
14,USDJPY,fx,lighter,98,157.278,2.925185208737524,33614.495600999995,49272.909707,1255188.543579,2602154.959018,,213
14,EURUSD,fx,hyperliquid,xyz:EUR,1.1367500000000001,2.639450994192938,385097.90853,98587.66311,665144.8021900001,399938.16881,468,184
14,EURUSD,fx,lighter,96,1.1372200000000001,2.1106323102637603,58306.962241,51976.277303999996,2130650.865078,2244221.820018,,53
14,XAG,commodities,hyperliquid,xyz:SILVER,60.424499999999995,0.16549715344815752,1047197.83876,853563.50807,1047197.83876,853563.50807,568,187
14,XAG,commodities,lighter,93,60.46145,0.31425476137325603,781564.197546,1469073.537857,2632275.640858,3045808.807403,,245
14,BABA,stocks,hyperliquid,xyz:BABA,107.69,1.857355126300142,82889.22266,81934.03,185807.35251,147695.07175,701,232
14,WTI,commodities,hyperliquid,xyz:CL,94.1175,0.5312649418276472,498506.15453099995,633582.5480289999,498506.15453099995,633582.5480289999,698,212
14,WTI,commodities,lighter,145,94.09700000000001,0.42510229024017576,424724.872217,487105.162358,1433464.184774,2056767.124396,,51
14,COPPER,commodities,hyperliquid,xyz:COPPER,6.609999999999999,0.90775678169841,27768.792336,55663.815666,27768.792336,55663.815666,812,190
14,NATGAS,commodities,hyperliquid,xyz:NATGAS,3.1339,1.2764463732972686,93799.48257000001,76049.62815,93799.48257000001,76049.62815,298,187
14,SMSN,stocks,hyperliquid,xyz:SMSN,199.015,0.502487312197264,133289.9411,130084.12133,189982.20308,141932.13317,349,188
14,XPT,commodities,hyperliquid,xyz:PLATINUM,1700.4,3.5292041644607863,23345.12326,54014.96634,100250.86861,69929.49382,389,225
14,USAR,stocks,hyperliquid,xyz:USAR,14.4335,2.0787139689582013,12025.7969,6540.27147,37450.44289,13005.08046,468,192
14,CRWV,stocks,hyperliquid,xyz:CRWV,84.1905,0.11877895236933611,79472.09674000001,65296.97799,79472.09674000001,83511.88554,478,179
14,GME,stocks,hyperliquid,xyz:GME,23.915,3.3457404541836766,9048.86191,18746.89803,20111.78416,30424.711189999998,542,192
14,SOFTBANK,stocks,hyperliquid,xyz:SOFTBANK,38.328500000000005,8.091248401325135,2846.694213,7862.637482,184820.43726,210991.900341,572,182
14,JP225,indices,hyperliquid,xyz:JP225,65228.5,5.060418327915706,19685.7322,240813.79034,29664.36681,366175.91847000003,659,190
14,KIOXIA,stocks,hyperliquid,xyz:KIOXIA,111.91,5.362888809439248,120.22776,5129.57784,47210.02567,148859.51941,669,189
14,EWY,stocks,hyperliquid,xyz:EWY,183.37,1.090750436298915,222685.51421999998,313343.77726,231088.31927,327537.46742,735,192
14,BRENTOIL,commodities,hyperliquid,xyz:BRENTOIL,99.6495,0.1003522363496323,142070.30682,487821.44386,142070.30682,487821.44386,809,234
14,BRENTOIL,commodities,lighter,159,99.58,2.0086371397010083,574949.470102,1057043.167481,1928600.579096,1733337.848258,,232
14,HIMS,stocks,hyperliquid,xyz:HIMS,28.6665,0.3488453219846477,15155.30453,908.5474600000001,25201.08693,10470.44857,367,236
14,US500,indices,hyperliquid,xyz:SP500,7664.95,0.13046484624856802,1386569.8595,1721911.8577999999,1386569.8595,1721911.8577999999,417,220
14,US500,indices,hyperliquid,mkts:US500,763.885,0.13091061423331496,38980.7995,62598.11321,38980.7995,62598.11321,468,197
14,US500,indices,lighter,180,7666.45,1.1740151317507497,761300.911824,888630.082136,13775420.069002,13690514.88465,,210
14,LITE,stocks,hyperliquid,xyz:LITE,912.435,2.0825569414895106,77787.43774,95409.71554,77787.43774,95409.71554,547,179
14,PURRDAT,stocks,hyperliquid,xyz:PURRDAT,11.993500000000001,14.184397163121698,95.88,228.038,41707.88,64723.958,616,198
14,MRVL,stocks,hyperliquid,xyz:MRVL,249.83499999999998,1.2008646225281083,147318.80419999998,142360.7412,160613.7267,142360.7412,660,190
14,RKLB,stocks,hyperliquid,xyz:RKLB,71.75200000000001,1.3937864997837224,102608.07742,45703.269589999996,152725.34551,65064.5795,739,191
14,DRAM,stocks,hyperliquid,xyz:DRAM,59.9005,0.16694490818203178,116639.2802,108162.01180000001,116639.2802,108162.01180000001,752,187
14,CBRS,stocks,hyperliquid,xyz:CBRS,196.76,1.0165184243970948,72340.1856,44960.0688,130950.92719999999,119438.4725,808,190
14,ARM,stocks,hyperliquid,xyz:ARM,281.745,2.484824819850573,49952.4047,52494.968700000005,99853.98049999999,80911.6409,309,196
14,GBPUSD,fx,hyperliquid,xyz:GBP,1.3246,6.04138347681582,147368.56989999997,148082.7024,400200.3567,656329.2363999999,439,248
14,GBPUSD,fx,lighter,97,1.3243900000000002,2.869657151487459,48361.358515,18733.697525000003,2520702.183432,2292028.8852130002,,220
14,SPCX,stocks,hyperliquid,xyz:SPCX,145.715,0.6862946949404147,1724174.2412,1180810.8006,2044695.3346,1877757.8225,447,187
14,SPCX,stocks,lighter,194,145.775,0.6860122110174949,774137.201981,775844.253562,1248154.238718,1146727.917373,,228
14,MINIMAX,stocks,hyperliquid,xyz:MINIMAX,31.471,3.1780334329112314,19453.65136,16626.01784,25521.42669,24847.610360000002,621,194
14,BB,stocks,hyperliquid,xyz:BB,8.704450000000001,1.2638012844812252,798.67285,19028.2542,26509.466689999997,51046.93156999999,617,177
14,QNT,stocks,hyperliquid,xyz:QNT,48.9715,13.281840658778687,251.0487,432.30888,1338.10974,2178.6423,633,185
14,DELL,stocks,hyperliquid,xyz:DELL,539.19,1.1128421989781145,40207.7612,28382.830700000002,40207.7612,28382.830700000002,735,194
14,AVGO,stocks,hyperliquid,xyz:AVGO,348.29499999999996,2.5843503230427167,164914.6398,58922.964100000005,182504.6389,61203.2659,310,227
14,NBIS,stocks,hyperliquid,xyz:NBIS,229.39499999999998,2.1798840301689992,44560.9617,119282.9253,72813.2193,119781.2224,327,240
14,NBIS,stocks,hyperliquid,io:NBIS,229.54500000000002,2.178459393515908,3676.1347,16097.421100000001,8062.1367,25218.4556,348,250
14,WDC,stocks,hyperliquid,xyz:WDC,450.145,1.1108148938054896,31428.09009,11488.54527,58263.68721,28455.25383,400,200
14,BE,stocks,hyperliquid,xyz:BE,260.96500000000003,1.9161493063535318,52698.2551,37919.165700000005,82123.5481,87961.9873,504,192
14,ZHIPU,stocks,hyperliquid,xyz:ZHIPU,78.5775,4.455193482688635,33412.458484,21868.586470000002,40630.881992,49783.814463,529,201
14,QCOM,stocks,hyperliquid,xyz:QCOM,186.96,3.20975766329612,12598.958700000001,7018.0763,44652.8947,27524.291,542,193
14,STRC,stocks,hyperliquid,xyz:STRC,99.0705,5.957128865823336,7969.6383,2805.0316,139859.4523,94953.1106,595,194
14,AMAT,stocks,hyperliquid,xyz:AMAT,480.86,2.079823630956046,21102.239700000002,30988.31542,35150.70539,37599.11029,700,194
14,SKHY,stocks,hyperliquid,xyz:SKHY,182.025,0.5493901769026976,491089.0957,631343.338,577376.9458,690881.0602,710,180
14,CXMT,stocks,hyperliquid,xyz:CXMT,8.21905,3.5290109034269435,14198.08293,22354.1785,47468.27787,121907.94674000001,749,205
14,KORU,stocks,hyperliquid,xyz:KORU,20.261000000000003,1.9744311170355466,79554.6829,12871.3917,115688.8987,154711.1932,786,190
14,UNITREE,stocks,hyperliquid,xyz:UNITREE,67.78550000000001,0.4425823203124679,34016.95392,10069.32822,34016.95392,10069.32822,410,246
14,SOXL,stocks,hyperliquid,xyz:SOXL,138.635,0.7213445863074597,222206.48080000002,129536.1028,456654.372,358011.2752,357,183
14,IREN,stocks,hyperliquid,xyz:IREN,41.442,2.413302121293537,16168.026600000001,16920.6516,38361.347200000004,23131.6823,404,192
14,AAOI,stocks,hyperliquid,xyz:AAOI,95.31700000000001,1.6787501704995655,11135.05889,10136.06015,13948.2004,16643.02512,436,186
14,MRNA,stocks,hyperliquid,xyz:MRNA,195.085,3.5888233786196544,57462.4102,27608.489,197589.4288,175025.8265,552,193
14,BMNR,stocks,hyperliquid,xyz:BMNR,26.772,3.7359435125350338,1711.3491000000001,10423.49804,9229.730749999999,23987.530130000003,587,182
14,US10Y,rates,hyperliquid,para:10Y,5.255599999999999,9.51818925967407,21987.99361,37081.62808,97268.63189,184396.01846999998,611,199
14,US10Y,rates,lighter,227,95.205,3.151591553733901,29999.330906000003,3521.1118140000003,1122671.277403,972596.5081720001,,50
14,30Y,unclassified,hyperliquid,para:30Y,5.5555,1.8001800180034166,36498.55686,11998.83102,76236.94164,75259.93342,680,191
14,2Y,unclassified,hyperliquid,para:2Y,4.9249,143.15221170167146,0,0,64053.13174,82471.41486,761,208
14,USTECH,indices,hyperliquid,mkts:USTECH,733.345,0.9545758274143168,26242.289530000002,30972.6006,26242.289530000002,30972.6006,782,194
14,OAI,preipo,hyperliquid,io:OAI,1622.75,5.547679220860857,4190.222,5195.6921,8086.7625,10248.7197,281,199
14,ANTH,preipo,hyperliquid,io:ANTH,2054.45,0.4867601246094644,10440.007,4766.1072,17296.2946,9708.6928,339,189
15,BTC,crypto,hyperliquid,BTC,83029.5,0.12043984631837645,6045724.6130099995,4016265.5123400004,6045724.6130099995,4016265.5123400004,397,224
15,BTC,spot,hyperliquid,@142,83047.5,0.12041374161553264,582180.84297,525760.64901,582180.84297,525760.64901,362,187
15,BTC,crypto,lighter,1,83032.79999999999,0.02408689588451196,2498420.285881,2458249.389257,2498420.285881,2458249.389257,,54
15,ETH,crypto,hyperliquid,ETH,2664.25,0.375347196157616,10412080.207799999,10215583.98072,10412080.207799999,10215583.98072,400,223
15,ETH,spot,hyperliquid,@151,2662.55,0.3755868544597085,393961.70509,465689.6494,393961.70509,465689.6494,416,187
15,ETH,crypto,lighter,0,2663.25,0.45058745339110473,2682759.880194,4278526.460811,2682759.880194,4278526.460811,,218
15,SOL,crypto,hyperliquid,SOL,117.485,0.8512087163770055,2673664.5164,2042596.17,4811549.7554,3973240.8818,602,204
15,SOL,spot,hyperliquid,@156,117.47999999999999,1.7025623563449166,141839.71647,152786.62532,279547.43765,341343.72258,599,198
15,SOL,crypto,lighter,2,117.5035,0.08510421010576863,900135.5721079999,1303729.843937,2076931.511396,3053517.905481,,79
15,AVAX,crypto,hyperliquid,AVAX,10.3995,0.9616309260507272,129253.36248,16592.76006,231790.55338,235040.56675,692,194
15,BNB,crypto,hyperliquid,BNB,757.785,0.3958984916274666,42638.51541,73920.96759,42638.51541,73920.96759,768,185
15,OP,crypto,hyperliquid,OP,0.129525,2.3164234422057284,14935.684626,18613.403431,90906.329934,90229.696346,782,182
15,LTC,crypto,hyperliquid,LTC,67.803,0.8849557522117024,38455.921220000004,53642.56701,38455.921220000004,53642.56701,260,182
15,ARB,crypto,hyperliquid,ARB,0.1966,1.0173457449513812,23269.178796,38510.685419,41037.492003,45541.395657,353,186
15,DOGE,crypto,hyperliquid,DOGE,0.0929205,0.5381088701872372,155816.64274799998,104445.275091,155816.64274799998,104445.275091,437,193
15,SUI,crypto,hyperliquid,SUI,1.1146,1.794526693583709,95397.56732999999,146058.38753,255643.73588999998,295596.22651,444,187
15,CRV,crypto,hyperliquid,CRV,0.38346,8.348552048005331,3562.7647939999997,5349.598306,42821.005998,38841.606691,447,186
15,LDO,crypto,hyperliquid,LDO,0.43329,2.7698912817664123,12660.144913,42186.741334,13088.004817000001,42186.741334,540,186
15,LINK,crypto,hyperliquid,LINK,14.661999999999999,2.7285129604370795,96232.0075,118096.0501,191368.8604,191240.5814,625,187
15,XRP,crypto,hyperliquid,XRP,1.48395,0.6738998584809863,1332788.1372,894552.3406,2053311.4108,1315331.3035,629,184
15,XRP,crypto,lighter,7,1.483161,2.238712874960136,310809.079583,546214.840347,6704175.340944,7162750.092248,,210
15,BCH,crypto,hyperliquid,BCH,304.70500000000004,0.9846073057873106,46849.19634,40387.06886,46849.19634,54026.077189999996,740,198
15,APT,crypto,hyperliquid,APT,0.8156,2.452483139179229,11549.869991,9365.224885,96862.173249,53391.180613,815,189
15,AAVE,crypto,hyperliquid,AAVE,147.37,1.357220412594451,74245.7453,61513.9965,103965.9849,114972.04490000001,809,179
15,WLD,crypto,hyperliquid,WLD,0.474345,1.475828044950056,22962.374343,92807.678445,22962.374343,92807.678445,303,195
15,WLD,crypto,lighter,6,0.474395,1.475672485031776,6256.710741999999,130352.11140000001,1028991.78545,998171.443568,,57
15,TRX,crypto,hyperliquid,TRX,0.334125,0.2992936669454771,30053.30281,57750.863580000005,30053.30281,57750.863580000005,437,190
15,UNI,crypto,hyperliquid,UNI,8.54855,0.11697958706147205,18394.25321,12791.203689999998,18394.25321,12791.203689999998,451,194
15,SEI,crypto,hyperliquid,SEI,0.07388600000000001,4.331934479488986,16565.988424,37357.856459,20336.075446,37357.856459,653,389
15,ZRO,crypto,hyperliquid,ZRO,1.51125,0.6617257808372301,15499.10631,7574.21734,32652.87086,34681.77628,496,191
15,DOT,crypto,hyperliquid,DOT,1.15645,2.594482400761766,57902.48587,42883.55862,84151.32115,69612.59966,631,192
15,TIA,crypto,hyperliquid,TIA,0.429,2.3312740412628763,5242.357369,4713.777364,46736.687924000005,30293.355258,638,186
15,ADA,crypto,hyperliquid,ADA,0.242,1.653029175965326,83917.61841,182612.84915,83917.61841,182612.84915,688,191
15,PENDLE,crypto,hyperliquid,PENDLE,2.3131500000000003,2.161788231225259,20159.0363,4342.1667,29183.0513,30771.548899999998,835,203
15,NEAR,crypto,hyperliquid,NEAR,4.63035,0.21596872772811082,37553.32812,43644.76967,37553.32812,43644.76967,828,188
15,NEAR,crypto,lighter,10,4.635785,3.171486823227987,23694.176042,60475.649946000005,423614.347901,1904725.268679,,219
15,PYTH,crypto,hyperliquid,PYTH,0.079375,5.292738866344848,717.569997,2946.834908,23586.583645,11695.630174,321,191
15,JUP,crypto,hyperliquid,JUP,0.32027,3.1228530385352116,14356.99514,1844.32823,24255.56499,18957.7666,485,216
15,JTO,crypto,hyperliquid,JTO,0.54155,0.7386479050097705,18958.97357,8283.32926,22910.99511,24789.82924,481,205
15,WIF,crypto,hyperliquid,WIF,0.23002,2.6088090786546836,10431.1813,9415.02015,70469.97517,75906.68976000001,510,194
15,ONDO,crypto,hyperliquid,ONDO,0.510445,0.1959094114867277,66378.98082,64255.26371,67902.62178,64255.26371,506,184
15,STRK,crypto,hyperliquid,STRK,0.041145,2.43072435585745,1569.9144039999999,4096.209174,61532.811325,96709.380119,688,205
15,TAO,crypto,hyperliquid,TAO,300.53,1.9966722129782788,21551.98995,66610.87003,21551.98995,66610.87003,685,199
15,ETHFI,crypto,hyperliquid,ETHFI,0.6853549999999999,3.3564882376979632,3838.939405,4429.125285,6291.662085,5511.213606,698,191
15,ENA,crypto,hyperliquid,ENA,0.25014000000000003,0.799584216206739,46611.4985,72076.91029,46611.4985,76492.71429,753,242
15,ENA,crypto,lighter,29,0.250205,2.798097293841284,153301.799943,118012.332282,1423500.219925,1210765.971982,,211
15,HBAR,crypto,hyperliquid,HBAR,0.118395,0.8446659346228458,16929.60962,19527.275700000002,203998.67187,60214.87939,339,185
15,EIGEN,crypto,hyperliquid,EIGEN,0.24955,4.008016032064354,1238.7709,1286.631206,20086.428904,19099.695454,419,255
15,GRASS,crypto,hyperliquid,GRASS,0.659035,3.794144875628458,6829.161009,699.203597,15766.587346,8918.048201,413,193
15,PURR,crypto,hyperliquid,PURR,0.13937,7.177720356013051,392.92406,336.86192,889.60991,1651.1909899999998,540,199
15,PURR,spot,hyperliquid,PURR/USDC,0.13904,5.7553956834532904,139.0,374.50636,4730.6286,48088.66349,550,186
15,XLM,crypto,hyperliquid,XLM,0.226325,1.3256153064378218,73893.86415000001,47237.09878,80362.0135,54647.99088,614,199
15,HYPE,crypto,hyperliquid,HYPE,86.82249999999999,0.11517818064410434,76039.20471,178157.89906,76039.20471,178157.89906,603,182
15,HYPE,spot,hyperliquid,@107,86.84450000000001,1.0363887609399214,158999.87477,72102.89038,158999.87477,72102.89038,741,199
15,HYPE,crypto,lighter,24,86.8131,0.7833226010456329,466730.371104,684629.952328,2106791.529772,2241914.96849,,219
15,VIRTUAL,crypto,hyperliquid,VIRTUAL,0.801615,0.12474894275138482,14064.730857999999,18591.323793,17271.378597,18591.323793,795,190
15,PENGU,crypto,hyperliquid,PENGU,0.0091495,1.0930156301247607,14668.847789,39737.177294,62653.9773,183571.97624,799,184
15,FARTCOIN,crypto,hyperliquid,FARTCOIN,0.163885,1.8307194727529286,9835.913253,30402.583587,22657.720144000003,71476.724626,412,211
15,SPX,crypto,hyperliquid,SPX,0.402385,3.2312586995408843,4275.942513,4680.482051999999,10503.763676,11075.24547,423,191
15,MORPHO,crypto,hyperliquid,MORPHO,2.42745,2.8841003666935094,4042.51582,6422.184679999999,13737.03198,25940.73526,455,200
15,TRUMP,crypto,hyperliquid,TRUMP,1.9522499999999998,1.5368065160603628,22748.18135,76927.77815,81612.94729,102542.04773,452,192
15,VVV,crypto,hyperliquid,VVV,27.025,0.7400828892833999,14127.85661,4087.5775399999998,16023.70435,6647.35704,667,254
15,PAXG,crypto,hyperliquid,PAXG,4142.05,0.24142926122738828,221593.9314,202230.1366,221593.9314,202230.1366,674,250
15,SYRUP,crypto,hyperliquid,SYRUP,0.22394,6.253629338455191,400.05569,800.1815799999999,29020.66229,18253.45617,653,200
15,PUMP,crypto,hyperliquid,PUMP,0.0047975,2.0846362309789868,18048.012348,84110.03548399999,339071.37648599996,411459.049567,649,192
15,PUMP,crypto,lighter,45,0.0047935,2.086375964946985,194552.405969,86342.550716,1023148.914219,952770.207285,,59
15,XPL,crypto,hyperliquid,XPL,0.0963205,0.10382059800750909,107657.236129,5883.737921,128937.047114,5883.737921,315,197
15,SKY,crypto,hyperliquid,SKY,0.07754,3.0956557630790194,7452.269134,3078.044727,12406.146764,16721.175523,379,245
15,ASTER,crypto,hyperliquid,ASTER,0.70433,1.9879021952129428,24980.12846,32228.85623,24980.12846,32228.85623,373,234
15,ZEC,crypto,hyperliquid,ZEC,1379.55,0.7249003262055354,404106.03699999995,826917.1460000001,1099874.632,1232097.873,363,188
15,ZEC,crypto,lighter,90,1380.424,1.1591313469683229,456118.141027,743059.59071,4034356.570204,4062326.917731,,54
15,MON,crypto,hyperliquid,MON,0.0273215,0.36601881336695286,5733.042218,45128.469333,7117.8604080000005,45128.469333,560,196
15,CC,crypto,hyperliquid,CC,0.13236,3.0225177572895667,11399.21466,10010.29249,39647.418,39448.406879999995,567,196
15,ICP,crypto,hyperliquid,ICP,3.24785,7.08411617950544,6214.47586,18099.58783,26787.2425,37285.16087,563,188
15,AERO,crypto,hyperliquid,AERO,0.820025,1.8293798402346795,3871.26212,8286.23651,3871.26212,8286.23651,573,192
15,LIT,crypto,hyperliquid,LIT,4.3529,1.3784864219101856,15978.7185,11871.5427,15978.7185,11871.5427,748,187
15,LIT,crypto,lighter,120,4.35065,1.6090844309601948,41041.904107,40245.541917999995,333398.915564,325195.272565,,222
15,XMR,crypto,hyperliquid,XMR,539.905,1.66709887748695,35415.07063,18696.06394,35415.07063,18696.06394,753,184
15,DASH,crypto,hyperliquid,DASH,59.6105,1.8454827615133063,8232.77096,5710.09585,9074.4686,63837.587980000004,764,190
15,SKR,crypto,hyperliquid,SKR,0.0182345,1.645368288267779,5907.520856,3379.8593090000004,22130.480849,14729.242571,409,197
15,AZTEC,crypto,hyperliquid,AZTEC,0.01836,3.2685079261329797,2017.040399,2631.641464,13355.782093,30858.437995,412,195
15,CHIP,crypto,hyperliquid,CHIP,0.042474,0.9417969485769895,7737.178672,2268.3560350000002,18578.868177,15099.510087999999,418,190
15,GRAM,crypto,hyperliquid,GRAM,1.56005,0.6410256410260828,114973.13369999999,39223.823599999996,135058.6318,60355.0094,449,198
15,CASHCAT,crypto,hyperliquid,CASHCAT,0.17032999999999998,1.174260216063594,1020.69235,1942.55023,6426.3785100000005,9139.76528,643,233
15,PONS,crypto,hyperliquid,PONS,0.527485,0.18958064760932203,18646.43979,9064.86914,42647.35754,9546.42418,604,190
15,USELESS,crypto,hyperliquid,USELESS,0.23145,1.7283843926896303,2133.47783,2808.757,10584.34793,13095.66478,608,189
15,US100,indices,hyperliquid,xyz:XYZ100,30164.5,0.33152101843292314,3596262.6141,4366574.7389,3596262.6141,4366574.7389,648,197
15,US100,indices,lighter,181,30162.5,0.3315430011263665,1154720.173487,794253.759534,3077248.951003,2757220.841914,,236
15,TSLA,stocks,hyperliquid,xyz:TSLA,356.75,1.121296218427048,340682.85506000003,145953.39047,340682.85506000003,145953.39047,796,186
15,TSLA,stocks,lighter,112,356.855,1.401227475268385,279563.925392,219974.298194,960016.176795,949117.377836,,216
15,NVDA,stocks,hyperliquid,xyz:NVDA,228.22,0.876385785022471,773999.39035,669106.03119,773999.39035,669106.03119,324,214
15,NVDA,stocks,lighter,110,228.32049999999998,0.04379817799549102,568242.54376,526831.837751,1104924.610709,1345384.110693,,199
15,XAU,commodities,hyperliquid,xyz:GOLD,4133.35,0.24193743497713527,1466491.76974,1314856.33261,1466491.76974,1314856.33261,499,195
15,XAU,commodities,lighter,92,4135.605,0.8463448782825012,618150.026424,1296335.444465,2514263.508248,2363987.3056779997,,92
15,HOOD,stocks,hyperliquid,xyz:HOOD,115.345,2.6012312494572143,144964.00183,150649.93759000002,326794.08433,338086.71014,513,188
15,INTC,stocks,hyperliquid,xyz:INTC,114.155,0.8760402978524873,212754.92659999998,812162.2771000001,474403.1386,1279222.7650000001,617,201
15,PLTR,stocks,hyperliquid,xyz:PLTR,186.54000000000002,1.0722135849472458,112869.69711,121992.22935,124656.68513,131114.03996,651,193
15,COIN,stocks,hyperliquid,xyz:COIN,191.29500000000002,1.5683814303635302,82353.60277,121400.99293,99831.85247,154729.66074,689,188
15,META,stocks,hyperliquid,xyz:META,714.58,0.27988860433536544,163885.36005,206826.88202,163885.36005,206826.88202,697,183
15,META,stocks,lighter,117,715.13,0.5593545049009663,242778.68445,150265.903448,848864.176171,842760.242208,,212
15,AAPL,stocks,hyperliquid,xyz:AAPL,337.38,0.5928209384342686,184315.16695,175525.34063,184315.16695,175525.34063,839,186
15,AAPL,stocks,lighter,113,337.3835,0.8595929086552268,301836.430456,321559.078353,1168238.580617,851208.74308,,204
15,MSFT,stocks,hyperliquid,xyz:MSFT,507.21000000000004,0.7886590823957818,204097.77549,101802.45040999999,204097.77549,101802.45040999999,890,191
15,MSFT,stocks,lighter,115,507.595,0.5910398360864377,79462.418551,68138.211304,732849.614056,526865.832323,,207
15,ORCL,stocks,hyperliquid,xyz:ORCL,132.70499999999998,0.7535795026392123,102750.61579,79220.10210999999,303263.16516,195833.61246,530,237
15,GOOGL,stocks,hyperliquid,xyz:GOOGL,341.95500000000004,0.8773469029654812,162304.19640000002,178332.14281,162304.19640000002,178332.14281,535,192
15,GOOGL,stocks,lighter,116,342.1,1.1693171188031926,136994.098948,134513.740677,1046168.426548,783446.063721,,49
15,AMZN,stocks,hyperliquid,xyz:AMZN,245.97500000000002,1.219710522035733,169670.56331,198238.03831,169670.56331,198238.03831,584,187
15,AMZN,stocks,lighter,114,246.02100000000002,0.16258906832433695,258723.249606,284737.905775,851202.902294,788956.143532,,228
15,AMD,stocks,hyperliquid,xyz:AMD,605.105,1.1568909382364545,120245.20095,98912.89687,120245.20095,98912.89687,719,187
15,MU,stocks,hyperliquid,xyz:MU,1050.45,0.952018278750355,788490.0803,1036389.9035,1585115.9274000002,1911335.2131,667,190
15,SNDK,stocks,hyperliquid,xyz:SNDK,1697.25,0.5892057506473591,1042954.0689000001,1393843.8211,1414374.2965,1656419.0673,709,183
15,SNDK,stocks,hyperliquid,io:SNDK,1697.55,0.5891016200298971,56312.86746,86068.29135,94989.3376,96833.89215,318,197
15,SNDK,stocks,lighter,139,1697.345,0.8837721753174321,674640.656302,311396.949553,2959391.337787,2660893.607722,,215
15,MSTR,stocks,hyperliquid,xyz:MSTR,155.635,0.642549636959977,177034.10006,302702.83024000004,232003.58275,338573.14607,372,244
15,CRCL,stocks,hyperliquid,xyz:CRCL,85.06299999999999,2.3514749626696307,60268.222718000005,116018.59749199999,60268.222718000005,116018.59749199999,383,213
15,NFLX,stocks,hyperliquid,xyz:NFLX,69.2695,2.454483764313675,14657.453492,21198.579143,14657.453492,21198.579143,503,183
15,LLY,stocks,hyperliquid,xyz:LLY,1187.1,3.3701238520511545,24049.63036,31714.70852,87160.71330999999,70271.71982,527,187
15,SKHX,stocks,hyperliquid,xyz:SKHX,1289.75,0.7753741180116513,859392.4628999999,850733.541,1626714.5504,1687274.4765,565,192
15,TSM,stocks,hyperliquid,xyz:TSM,447.72,1.7869907076484282,45065.89722,44014.5211,61846.296930000004,63390.36627,569,184
15,USDJPY,fx,hyperliquid,xyz:JPY,157.325,1.9070624880801468,505636.5961,630342.7559999999,592408.5466,853536.1499999999,692,188
15,USDJPY,fx,lighter,98,157.2615,3.752416810827164,35410.523804,47393.919462,1255416.0627910001,2598323.562972,,227
15,EURUSD,fx,hyperliquid,xyz:EUR,1.1368,1.759479194158864,386784.09133,119811.14932,673214.71395,399951.52764,770,204
15,EURUSD,fx,lighter,96,1.1372149999999999,2.1985946582958604,62734.308340999996,51975.884723999996,2135078.329846,2244231.22659,,225
15,XAG,commodities,hyperliquid,xyz:SILVER,60.4865,0.1653275138058241,693716.42706,1068279.04232,693716.42706,1068279.04232,400,185
15,XAG,commodities,lighter,93,60.51365,0.016525210861928485,534126.35794,1147487.440265,3122438.144347,3132749.1424000002,,58
15,BABA,stocks,hyperliquid,xyz:BABA,107.71000000000001,1.8570102135551103,56356.9213,96448.15593,173981.63156,161020.74685,522,230
15,WTI,commodities,hyperliquid,xyz:CL,94.134,0.21246534159136132,205701.565091,824993.408084,205701.565091,824993.408084,750,432
15,WTI,commodities,lighter,145,94.1155,0.31876235204064685,551620.172209,457543.5357,1398200.688791,2044295.063107,,46
15,COPPER,commodities,hyperliquid,xyz:COPPER,6.610250000000001,0.4538509250995304,27090.670112,57717.278054,27090.670112,57717.278054,787,401
15,NATGAS,commodities,hyperliquid,xyz:NATGAS,3.13355,1.5957616570383415,75761.64826,36621.06247,75761.64826,36621.06247,491,622
15,SMSN,stocks,hyperliquid,xyz:SMSN,199.115,0.5022349455074959,137384.06616,182727.52446000002,137384.06616,196688.64897,711,188
15,XPT,commodities,hyperliquid,xyz:PLATINUM,1700.1999999999998,1.1764013881543356,49764.24386,32950.84479,109105.06611,45198.98434,373,192
15,USAR,stocks,hyperliquid,xyz:USAR,14.4345,6.237006237006515,7211.90132,7426.24034,36659.69827,14786.80466,441,221
15,CRWV,stocks,hyperliquid,xyz:CRWV,84.2115,1.5438513152421507,15787.40393,78877.33238,15787.40393,78877.33238,453,197
15,GME,stocks,hyperliquid,xyz:GME,23.9155,2.9274004683843557,9972.10744,19746.890939999997,20488.76969,32669.228639999998,564,189
15,SOFTBANK,stocks,hyperliquid,xyz:SOFTBANK,38.2875,16.468005018821508,9399.942339000001,24.983988000000004,207965.925792,205250.7661,630,188
15,JP225,indices,hyperliquid,xyz:JP225,65238.0,3.0661679033539,18766.83169,358410.20323,34058.5049,365937.05484,640,186
15,KIOXIA,stocks,hyperliquid,xyz:KIOXIA,112.015,4.4646843468187924,104.68015,7603.94914,327.00069,193232.96665000002,685,193
15,EWY,stocks,hyperliquid,xyz:EWY,183.39999999999998,1.0905720050180534,364800.57311,284868.88768,373746.44022,301154.87007,759,193
15,BRENTOIL,commodities,hyperliquid,xyz:BRENTOIL,99.652,0.20070044455255953,161541.79566,309234.97976,161541.79566,309234.97976,833,201
15,BRENTOIL,commodities,lighter,159,99.59,2.008435428799693,549407.193632,1098906.82531,1977418.370583,1779027.563928,,206
15,HIMS,stocks,hyperliquid,xyz:HIMS,28.6665,0.3488453219846477,15109.16837,904.53114,27443.49885,11466.48785,326,187
15,US500,indices,hyperliquid,xyz:SP500,7665.45,0.1304563362647393,1780447.9592,2090285.2402,1780447.9592,2090285.2402,483,269
15,US500,indices,hyperliquid,mkts:US500,763.885,0.13091061423331496,41849.775349999996,61903.92088,41849.775349999996,61903.92088,580,293
15,US500,indices,lighter,180,7667.25,0.9130156908288001,770580.1947,1093176.2429230001,13785754.96627,13686000.317513999,,218
15,LITE,stocks,hyperliquid,xyz:LITE,912.845,1.4242205131576036,45705.54614,99860.79617,45705.54614,99860.79617,526,198
15,PURRDAT,stocks,hyperliquid,xyz:PURRDAT,12.0155,15.82542062302128,1464.524,1202.5,6040.675,67551.743,676,192
15,MRVL,stocks,hyperliquid,xyz:MRVL,249.935,1.2003841229191181,76705.6678,194116.912,122844.6838,194116.912,722,200
15,RKLB,stocks,hyperliquid,xyz:RKLB,71.769,2.7871068437401725,68980.87982,65157.73618,106610.86529,65157.73618,716,189
15,DRAM,stocks,hyperliquid,xyz:DRAM,59.907,0.6677238961683152,90052.9369,155600.49719999998,90052.9369,155600.49719999998,772,190
15,CBRS,stocks,hyperliquid,xyz:CBRS,196.79500000000002,0.50815590223241,68070.1915,52588.230500000005,117925.7348,94319.7252,341,194
15,ARM,stocks,hyperliquid,xyz:ARM,281.97,2.8375837973948492,26150.1863,42810.501,104900.4287,88173.05759999999,386,199
15,GBPUSD,fx,hyperliquid,xyz:GBP,1.32455,5.2862105422146755,147378.1923,147820.3287,394219.2734,338557.4591,383,191
15,GBPUSD,fx,lighter,97,1.3244150000000001,3.247243618789142,48361.44664,24687.258357,2520702.4658770002,2292028.770097,,48
15,SPCX,stocks,hyperliquid,xyz:SPCX,145.745,0.6861534239055445,1513009.1817,1287144.1896,1926159.5229,2144002.4578,483,190
15,SPCX,stocks,lighter,194,145.805,0.6858710562407389,617851.585785,782854.9928629999,1245342.3947359999,1149474.6613679999,,218
15,MINIMAX,stocks,hyperliquid,xyz:MINIMAX,31.4005,5.415392456675772,17856.5857,14641.77771,25338.18016,23503.692479999998,585,200
15,BB,stocks,hyperliquid,xyz:BB,8.70985,2.6410371237961527,816.5641099999999,19579.66161,26878.25637,51082.264149999995,582,194
15,QNT,stocks,hyperliquid,xyz:QNT,48.944,19.224083277094017,2068.30449,50.46073,4277.53318,1581.5178799999999,677,193
15,DELL,stocks,hyperliquid,xyz:DELL,539.5799999999999,1.8534650529167251,18949.908,37283.6255,18949.908,37283.6255,760,197
15,AVGO,stocks,hyperliquid,xyz:AVGO,348.355,2.5839051419707104,160817.9987,55735.4278,165814.70429999998,78353.1491,776,193
15,NBIS,stocks,hyperliquid,xyz:NBIS,229.535,2.1785543113583827,32267.7828,120970.8574,74822.8992,156766.1375,780,194
15,NBIS,stocks,hyperliquid,io:NBIS,229.7,0.870738821889816,9428.4629,13983.555999999999,12452.7351,28109.439599999998,387,274
15,WDC,stocks,hyperliquid,xyz:WDC,450.145,1.9995556542995452,29202.56004,18166.59514,54597.215919999995,42064.826989999994,392,195
15,BE,stocks,hyperliquid,xyz:BE,261.095,1.9151951583862292,55241.283,45536.0626,75958.1144,85044.6893,405,192
15,ZHIPU,stocks,hyperliquid,xyz:ZHIPU,78.61250000000001,3.435158208120459,25033.835396000002,24041.929028,39913.403639000004,42451.219382,416,199
15,QCOM,stocks,hyperliquid,xyz:QCOM,186.985,2.6743688489516693,11169.8338,8196.9254,44962.9139,27242.736800000002,588,200
15,STRC,stocks,hyperliquid,xyz:STRC,99.104,3.229452607784733,4487.0104,4253.5692,138957.98739999998,143028.6454,585,192
15,AMAT,stocks,hyperliquid,xyz:AMAT,480.88,0.8318429480502765,23011.51831,33979.83997,25749.22968,36440.77411,593,186
15,SKHY,stocks,hyperliquid,xyz:SKHY,182.03,1.0987803538053953,540843.2261,626472.529,594148.6802,732238.2147,606,188
15,CXMT,stocks,hyperliquid,xyz:CXMT,8.2248,3.648170442522858,17923.8221,59230.53402,67544.79,122288.07227,774,188
15,KORU,stocks,hyperliquid,xyz:KORU,20.2745,1.4798007201699548,51822.7947,26885.5003,114754.9095,81525.8694,780,190
15,UNITREE,stocks,hyperliquid,xyz:UNITREE,67.79650000000001,0.1475013275098469,25561.83551,10609.58449,25561.83551,10609.58449,777,182
15,SOXL,stocks,hyperliquid,xyz:SOXL,138.87,1.4402995823115106,131326.5302,182687.6436,337634.4123,396531.2805,844,237
15,IREN,stocks,hyperliquid,xyz:IREN,41.455,2.8951241284480567,11107.545,18361.5233,51609.8533,18361.5233,426,194
15,AAOI,stocks,hyperliquid,xyz:AAOI,95.3315,2.62277195522298,2659.18979,17211.20406,8650.020639999999,23865.51172,432,196
15,MRNA,stocks,hyperliquid,xyz:MRNA,195.04500000000002,3.5895595097690247,64337.6304,29270.6812,202666.2549,167251.568,423,184
15,BMNR,stocks,hyperliquid,xyz:BMNR,26.798499999999997,1.8659501418127888,353.55284,19610.44778,8363.17207,19835.55271,493,190
15,US10Y,rates,hyperliquid,para:10Y,5.25565,9.708553044869284,21987.99361,37052.779460000005,97268.63189,187067.16985,621,196
15,US10Y,rates,lighter,227,95.205,3.151591553733901,30000.632502,3520.978506,1122672.578999,972596.374864,,264
15,30Y,unclassified,hyperliquid,para:30Y,5.5555,1.8001800180034166,36498.55686,11998.83102,76236.94164,75259.93342,614,181
15,2Y,unclassified,hyperliquid,para:2Y,4.9249,143.15221170167146,0,0,64053.02388,82471.41486,689,195
15,USTECH,indices,hyperliquid,mkts:USTECH,733.39,0.5454272740901267,27509.2782,17975.72079,27509.2782,17975.72079,819,204
15,OAI,preipo,hyperliquid,io:OAI,1622.5,6.165228113439447,4657.0911,4134.7562,20457.0721,8870.5546,825,203
15,ANTH,preipo,hyperliquid,io:ANTH,2054.55,0.48673643222141294,9916.47,6455.4413,13133.7233,11999.8652,408,254
16,BTC,crypto,hyperliquid,BTC,83053.5,0.12040504256294327,6502549.67314,4433282.20511,6502549.67314,4433282.20511,699,195
16,BTC,spot,hyperliquid,@142,83081.5,0.12036446359608988,532930.1018000001,584683.67016,532930.1018000001,584683.67016,702,193
16,BTC,crypto,lighter,1,83059.65,0.5658744023695483,2685160.442452,2741856.064688,2685160.442452,2741856.064688,,60
16,ETH,crypto,hyperliquid,ETH,2665.45,0.3751782096483858,10198161.28216,9384655.626600001,10198161.28216,9384655.626600001,706,201
16,ETH,spot,hyperliquid,@151,2663.8500000000004,0.37540355882548226,277210.61503,434445.24633,277210.61503,434445.24633,763,194
16,ETH,crypto,lighter,0,2664.9300000000003,0.6004090286526598,3897659.528542,6206375.833972,3897659.528542,6206375.833972,,248
16,SOL,crypto,hyperliquid,SOL,117.625,0.8501955449746745,2577578.7442,2370566.2246999997,4602552.8006,4226969.486,418,255
16,SOL,spot,hyperliquid,@156,117.60499999999999,0.8503401360537843,161688.85426,156261.44793,232780.87472999998,367235.47312,468,302
16,SOL,crypto,lighter,2,117.6465,0.4250110502868054,929536.844459,1792832.494643,2572129.055015,4772298.166357,,209
16,AVAX,crypto,hyperliquid,AVAX,10.442,1.915525332820689,92621.4615,71433.90348,227376.62853,208496.12646,605,195
16,BNB,crypto,hyperliquid,BNB,757.895,0.13194526910176307,84791.0856,76568.64451,84791.0856,76568.64451,606,186
16,OP,crypto,hyperliquid,OP,0.129725,3.8550501156509043,22211.615529,25132.44221,96495.599505,71373.065048,644,209
16,LTC,crypto,hyperliquid,LTC,67.912,1.178064440123805,47846.88299,40691.219189999996,47846.88299,40691.219189999996,656,187
16,ARB,crypto,hyperliquid,ARB,0.19682,3.0489354133855784,21248.979536000003,37773.224861,43691.066774,68967.136095,805,197
16,DOGE,crypto,hyperliquid,DOGE,0.0931015,0.7518958516827823,136360.231019,176725.7326,136360.231019,176725.7326,808,198
16,SUI,crypto,hyperliquid,SUI,1.1169,1.7908309455583193,97530.08059,131472.60969,256283.49565,284056.48326,292,200
16,CRV,crypto,hyperliquid,CRV,0.38280000000000003,1.5675209655929834,11927.054334,16673.747257000003,29479.458177,41549.263818,288,184
16,LDO,crypto,hyperliquid,LDO,0.43466499999999997,2.0707744696513153,26463.830362,50813.812459,30903.726640999997,54441.426555,442,190
16,LINK,crypto,hyperliquid,LINK,14.6655,0.6818956699627954,121611.2436,145229.3257,156539.3781,219239.1273,450,194
16,XRP,crypto,hyperliquid,XRP,1.48555,0.6731740154819477,1298646.8288999998,729727.3934,2063951.5277,1340942.6408,494,204
16,XRP,crypto,lighter,7,1.484853,2.249633929329864,303656.090106,359308.007129,6830037.676801,6950563.035909,,220
16,BCH,crypto,hyperliquid,BCH,305.185,0.3276754702130624,57547.60318,33324.0088,57547.60318,33324.0088,626,183
16,APT,crypto,hyperliquid,APT,0.81715,3.671970624234966,6511.440836999999,9416.480957,97303.204269,86044.671859,632,181
16,AAVE,crypto,hyperliquid,AAVE,147.755,3.3845529005627206,72233.9851,72864.0925,140657.1158,112664.306,703,208
16,WLD,crypto,hyperliquid,WLD,0.47595,1.260716086737279,27371.101977,99401.367522,27471.136657,99401.367522,714,197
16,WLD,crypto,lighter,6,0.476105,2.7308629526912043,3318.3695399999997,74109.225358,1005355.301278,966914.107877,,210
16,TRX,crypto,hyperliquid,TRX,0.334245,0.29918621349933616,46903.777500000004,37189.14505,46903.777500000004,37189.14505,819,185
16,UNI,crypto,hyperliquid,UNI,8.5685,1.4005765706892603,8302.639790000001,57326.6012,8302.639790000001,57326.6012,498,307
16,SEI,crypto,hyperliquid,SEI,0.0740975,3.1045001754703705,16886.089688,29381.162742,27901.406354,41617.031001999996,522,321
16,ZRO,crypto,hyperliquid,ZRO,1.51565,1.9795447047177284,8258.93177,12129.14603,28352.794859999998,29178.246929999998,518,212
16,DOT,crypto,hyperliquid,DOT,1.1597,1.7247326664371343,39354.03358,41096.763510000004,80161.57349,65204.79804,541,216
16,TIA,crypto,hyperliquid,TIA,0.4303,2.7891409445901516,6078.204533,5311.828482,46752.928861,44567.424117999995,762,262
16,ADA,crypto,hyperliquid,ADA,0.242725,2.0601565718991743,107798.43501,112355.66895,141501.67932999998,112860.56061,596,679
16,PENDLE,crypto,hyperliquid,PENDLE,2.3175499999999998,1.2945542418218992,16042.9802,7233.2212,25886.6689,10810.7561,879,356
16,NEAR,crypto,hyperliquid,NEAR,4.6403,3.879812044660369,63974.489290000005,68980.75378,63974.489290000005,68980.75378,885,343
16,NEAR,crypto,lighter,10,4.643865,4.329228105091065,43759.385697,69953.466536,644252.552239,1603676.910872,,208
16,PYTH,crypto,hyperliquid,PYTH,0.0797145,5.144678394859437,672.036268,2535.639368,23002.748023,16599.820753,498,221
16,JUP,crypto,hyperliquid,JUP,0.321835,0.3107230525434268,19947.15828,2209.95452,29007.35299,6056.03708,499,216
16,JTO,crypto,hyperliquid,JTO,0.543255,2.0250368188512446,40299.9874,7024.49082,53914.29376,9662.21471,569,198
16,WIF,crypto,hyperliquid,WIF,0.230885,2.1658147795200478,6964.8557,8362.98152,69132.87065,44899.38264,738,238
16,ONDO,crypto,hyperliquid,ONDO,0.512435,0.19514860566172132,73291.35495,68926.09466,73291.35495,68926.09466,693,190
16,STRK,crypto,hyperliquid,STRK,0.041190000000000004,4.8567265662935455,3269.420171,6999.087299,73234.03734899999,93172.97365100001,862,292
16,TAO,crypto,hyperliquid,TAO,301.435,0.33175198221879754,23377.57213,86819.29444,54321.927820000004,86819.29444,865,267
16,ETHFI,crypto,hyperliquid,ETHFI,0.687515,0.1454524297828108,5712.008939,1623.06562,7809.685157,5733.32553,883,188
16,ENA,crypto,hyperliquid,ENA,0.25038000000000005,2.3966446974243993,45836.9334,69898.1928,48634.02536,96810.91657,376,187
16,ENA,crypto,lighter,29,0.25049,2.3955921105178746,140089.33799200002,62478.536838,1391309.229213,1094230.268109,,53
16,HBAR,crypto,hyperliquid,HBAR,0.11885,1.6829350387070896,17484.333919999997,11504.15063,204587.25736999998,59071.00478,515,200
16,EIGEN,crypto,hyperliquid,EIGEN,0.25005,3.9999999999995595,1540.07683,2177.083892,23671.102731,19258.208673,539,206
16,GRASS,crypto,hyperliquid,GRASS,0.658165,0.15193873830199323,27561.664714,3686.333331,30261.190705,10740.367735,557,190
16,PURR,crypto,hyperliquid,PURR,0.139525,5.0182808803489465,194.57173,300.25799,1015.3026000000001,1286.3867,560,183
16,PURR,spot,hyperliquid,PURR/USDC,0.13904,5.7553956834532904,149.9626,64.53312000000001,4355.46931,47827.838749999995,709,193
16,XLM,crypto,hyperliquid,XLM,0.22742,0.8794688008428864,56106.328129999994,19085.27094,74588.72396999999,30841.7042,736,196
16,HYPE,crypto,hyperliquid,HYPE,86.9495,0.11500994836044498,195728.50086,67630.99186,195728.50086,67630.99186,752,194
16,HYPE,spot,hyperliquid,@107,86.979,0.6898454746129268,122439.98357999999,123684.04527,122439.98357999999,123684.04527,696,187
16,HYPE,crypto,lighter,24,86.95315,1.4836675802509802,584476.773992,602902.274329,1426460.005238,1941815.833774,,48
16,VIRTUAL,crypto,hyperliquid,VIRTUAL,0.805275,4.595759480305883,6812.108212,6393.343979,45060.606987,8919.360765,456,225
16,PENGU,crypto,hyperliquid,PENGU,0.009184000000000001,2.17793749319517,14301.531895,32335.995047,54676.538673999996,67500.849266,477,232
16,FARTCOIN,crypto,hyperliquid,FARTCOIN,0.16452,4.863813229574188,7999.967849,18252.670575,37474.477258,57247.603616,434,186
16,SPX,crypto,hyperliquid,SPX,0.403515,4.709731793168803,4491.810972,3846.040132,13213.940798,10337.367415,437,184
16,MORPHO,crypto,hyperliquid,MORPHO,2.43385,2.054569362259784,4868.24728,8314.92837,9648.65473,14273.34331,632,197
16,TRUMP,crypto,hyperliquid,TRUMP,1.9588,3.0635690579527974,18187.88231,42288.92291,88434.21514,74198.12399,624,186
16,VVV,crypto,hyperliquid,VVV,27.165,2.9453996539152705,13023.20686,1691.95351,19546.48724,5602.83381,653,195
16,PAXG,crypto,hyperliquid,PAXG,4142.05,0.24142926122738828,236799.96910000002,234455.7278,236799.96910000002,234455.7278,662,184
16,SYRUP,crypto,hyperliquid,SYRUP,0.224335,4.904583556268882,4955.82507,1832.07138,22939.87582,19369.74025,313,193
16,PUMP,crypto,hyperliquid,PUMP,0.0048125,2.07813798836165,20041.634249,51665.320066,309665.81106700003,353043.727795,311,183
16,PUMP,crypto,lighter,45,0.004811,4.158004158003603,105362.403578,58007.388398999996,1067760.306509,931587.633908,,235
16,XPL,crypto,hyperliquid,XPL,0.0965945,0.10352609892905207,103502.123784,5086.99508,131356.183985,5086.99508,371,211
16,SKY,crypto,hyperliquid,SKY,0.077643,3.0915484793436754,8654.650013,4401.85381,14839.138296,20544.478383,511,199
16,ASTER,crypto,hyperliquid,ASTER,0.7051750000000001,0.7090689924127425,38916.43707,28768.52698,38916.43707,28768.52698,508,193
16,ZEC,crypto,hyperliquid,ZEC,1381.95,0.7236413633404659,484136.214,682557.3690000001,683280.999,1240290.2680000002,562,190
16,ZEC,crypto,lighter,90,1382.7955000000002,1.5115452404046437,360371.795512,432247.66641999997,5388406.244079,5091156.56809,,47
16,MON,crypto,hyperliquid,MON,0.027415000000000002,2.918536354017398,8059.840308,8925.213459,11113.70328,9928.108648,623,187
16,CC,crypto,hyperliquid,CC,0.13257000000000002,1.5087507543753986,6039.55885,11869.491100000001,34097.39224,34761.96575,700,190
16,ICP,crypto,hyperliquid,ICP,3.2436,6.784888203545947,5324.7366999999995,8504.22747,38517.17493,29857.35256,698,186
16,AERO,crypto,hyperliquid,AERO,0.821645,1.3388673182479494,4729.52994,10917.45708,4729.52994,10917.45708,762,199
16,LIT,crypto,hyperliquid,LIT,4.353199999999999,2.2974245870388543,19197.6014,11642.8199,19197.6014,11642.8199,814,189
16,LIT,crypto,lighter,120,4.3507,1.838953635380225,29588.818504,25992.302746999998,359429.543889,320860.599905,,223
16,XMR,crypto,hyperliquid,XMR,540.55,3.330496243938441,16009.36824,22038.5809,16009.36824,23092.16172,366,199
16,DASH,crypto,hyperliquid,DASH,59.6935,1.1727257497073929,10713.40587,42118.42315999999,14850.814989999999,47907.08374999999,414,186
16,SKR,crypto,hyperliquid,SKR,0.018257000000000002,2.191180498494205,34308.869254,3331.104121,50276.154969999996,10303.353157,486,207
16,AZTEC,crypto,hyperliquid,AZTEC,0.0183715,4.9000925573028375,1041.896884,4595.973154,34540.860181,28750.863441,559,192
16,CHIP,crypto,hyperliquid,CHIP,0.0426225,3.05049746573971,5068.15654,6610.247559,16845.570827,14139.568844,584,196
16,GRAM,crypto,hyperliquid,GRAM,1.5619,1.280573697015619,18986.888,20412.4354,144889.2519,36451.553,605,189
16,CASHCAT,crypto,hyperliquid,CASHCAT,0.17054999999999998,1.1727453969734292,1061.79293,2513.91509,8191.55622,8156.61089,680,193
16,PONS,crypto,hyperliquid,PONS,0.5289900000000001,1.1343012704179145,15319.00275,8718.260549999999,39549.13267,11338.28706,756,196
16,USELESS,crypto,hyperliquid,USELESS,0.23172500000000001,3.88466850828717,2256.97798,1384.75928,17840.59546,13625.5497,849,263
16,US100,indices,hyperliquid,xyz:XYZ100,30164.5,0.33152101843292314,3498109.2065,3995132.8443,3498109.2065,3995132.8443,796,189
16,US100,indices,lighter,181,30162.0,0.6631079871355361,938418.7214019999,1021262.26226,3014253.926509,2985745.749888,,214
16,TSLA,stocks,hyperliquid,xyz:TSLA,356.725,1.4017381553133035,255655.9861,106226.76227,255655.9861,106226.76227,477,239
16,TSLA,stocks,lighter,112,356.83000000000004,1.1210448137677353,256175.683701,215919.487224,983522.603676,945259.455506,,235
16,NVDA,stocks,hyperliquid,xyz:NVDA,228.265,0.4380969070361118,743998.16686,772173.57368,743998.16686,772173.57368,516,185
16,NVDA,stocks,lighter,110,228.3845,1.0071243097908855,245086.160531,520836.549599,1107332.945687,1293021.986184,,226
16,XAU,commodities,hyperliquid,xyz:GOLD,4133.35,0.24193743497713527,1344900.29837,1291072.9598700001,1344900.29837,1291072.9598700001,673,195
16,XAU,commodities,lighter,92,4134.955,1.4269613462780661,771295.305602,1247055.488712,4874332.483927,2427132.9464849997,,73
16,HOOD,stocks,hyperliquid,xyz:HOOD,115.355,2.6010057222136673,205742.26129,126223.32401,351336.28724,263478.84101,711,193
16,INTC,stocks,hyperliquid,xyz:INTC,114.185,0.8758101243633298,255431.44210000001,755095.539,458674.76780000003,1100328.9457,771,183
16,PLTR,stocks,hyperliquid,xyz:PLTR,186.46499999999997,1.609010458567539,122552.89803,126745.77139000001,130968.54973,152482.1195,797,192
16,COIN,stocks,hyperliquid,xyz:COIN,191.375,0.522547943773155,60508.73881,122976.55248,68637.99474,195641.77679,319,199
16,META,stocks,hyperliquid,xyz:META,712.835,0.7014491940360301,170203.35589,147265.33928,170203.35589,147265.33928,342,185
16,META,stocks,lighter,117,713.245,0.9814781060257793,288577.104117,111370.19111999999,832712.532324,810099.362315,,222
16,AAPL,stocks,hyperliquid,xyz:AAPL,337.38,0.5928209384342686,181262.13379,170724.9915,181262.13379,170724.9915,436,192
16,AAPL,stocks,lighter,113,337.3835,0.8595929086552268,301885.318203,321793.965333,1144763.4948200001,880473.9534240001,,245
16,MSFT,stocks,hyperliquid,xyz:MSFT,507.195,0.19716477059894544,209392.11342,75721.45659,209392.11342,75721.45659,545,201
16,MSFT,stocks,lighter,115,507.515,1.3793647040283297,73371.08141,76745.40473,774626.6677710001,549698.808411,,210
16,ORCL,stocks,hyperliquid,xyz:ORCL,132.695,0.7536362951232611,144983.45474,65694.41479,329446.52727,174098.37055999998,632,192
16,GOOGL,stocks,hyperliquid,xyz:GOOGL,341.925,0.8774238834763359,195135.84902,157879.78512,195135.84902,157879.78512,754,208
16,GOOGL,stocks,lighter,116,342.08000000000004,2.3389077300906003,131933.723569,134561.736134,1088289.732975,798677.131614,,219
16,AMZN,stocks,hyperliquid,xyz:AMZN,245.95499999999998,1.219809709684938,225649.71766,159247.93539,225649.71766,159247.93539,830,196
16,AMZN,stocks,lighter,114,246.01549999999997,0.9349441472483733,223700.482573,171821.111926,867030.2828490001,801070.548954,,51
16,AMD,stocks,hyperliquid,xyz:AMD,605.105,1.8180315676397107,110323.8159,51900.99109,110323.8159,51900.99109,349,187
16,MU,stocks,hyperliquid,xyz:MU,1050.85,0.9516558812339149,727594.9068,953897.8326,1636025.7007,2363576.5398,434,218
16,SNDK,stocks,hyperliquid,xyz:SNDK,1697.6,1.1782032400597942,1145249.1916,1130385.3011999999,1385563.0719,1495754.2456999999,452,204
16,SNDK,stocks,hyperliquid,io:SNDK,1698.1,2.35585134577887,11157.39238,87112.79533,52317.60303,97324.75036,490,198
16,SNDK,stocks,lighter,139,1697.73,0.9424793096335371,305652.838571,338752.39394,2596522.194749,2613581.420995,,217
16,MSTR,stocks,hyperliquid,xyz:MSTR,155.685,0.6423432682423069,194734.97278,216307.66781,228054.14964000002,303515.66727,631,196
16,CRCL,stocks,hyperliquid,xyz:CRCL,85.0775,0.8228130803766831,61646.622416,81305.708551,61646.622416,81305.708551,648,195
16,NFLX,stocks,hyperliquid,xyz:NFLX,69.2695,2.454483764313675,19618.650722,25592.463795,20009.763469999998,25592.463795,681,189
16,LLY,stocks,hyperliquid,xyz:LLY,1187.1,3.3701238520511545,28255.97105,19956.14328,89768.72966,69362.1935,765,195
16,SKHX,stocks,hyperliquid,xyz:SKHX,1290.6,1.5497869043001877,747677.2727,831564.3940999999,1632536.4226,2079873.1979,821,188
16,TSM,stocks,hyperliquid,xyz:TSM,447.92,2.6794087438042347,27958.90007,57275.94281,54868.84044,71895.96041,838,189
16,USDJPY,fx,hyperliquid,xyz:JPY,157.34500000000003,1.906820059747183,484508.0078,541841.1254,606307.6535,853398.7747,327,192
16,USDJPY,fx,lighter,98,157.279,3.052367174334325,35148.790922,51139.150453999995,1061869.501706,2602769.3222829998,,216
16,EURUSD,fx,hyperliquid,xyz:EUR,1.1368,1.759479194158864,388699.66409000003,119810.54931999999,668756.55775,399950.35864,458,184
16,EURUSD,fx,lighter,96,1.1372149999999999,2.1985946582958604,62734.285367,51975.97459799999,2135078.252572,2244221.517312,,212
16,XAG,commodities,hyperliquid,xyz:SILVER,60.457499999999996,1.1579051841059673,985050.0572,852382.71613,985050.0572,852382.71613,510,182
16,XAG,commodities,lighter,93,60.48835,0.8101061569720791,1418969.384135,990893.7433,2904660.96216,2605166.123826,,223
16,BABA,stocks,hyperliquid,xyz:BABA,107.67,1.8577001671937765,65346.87031,95260.7288,184188.10467,144947.7191,657,197
16,WTI,commodities,hyperliquid,xyz:CL,94.1365,0.10622928529047115,380200.952665,601769.3094370001,380200.952665,601769.3094370001,696,191
16,WTI,commodities,lighter,145,94.119,1.275062956234141,576903.870935,486111.620313,1202366.208449,2050284.408798,,55
16,COPPER,commodities,hyperliquid,xyz:COPPER,6.609500000000001,0.9078254554251153,34939.295837,59548.058465,34939.295837,59548.058465,749,181
16,NATGAS,commodities,hyperliquid,xyz:NATGAS,3.13375,0.957365330611637,89057.03422,38047.485740000004,89057.03422,38047.485740000004,590,477
16,SMSN,stocks,hyperliquid,xyz:SMSN,199.22500000000002,1.5059484965607162,417268.92951,92004.86506,420938.06223,99136.28243,597,481
16,XPT,commodities,hyperliquid,xyz:PLATINUM,1700.2,2.352941176471113,49087.15971,45902.453030000004,108244.42709,55687.33909,536,384
16,USAR,stocks,hyperliquid,xyz:USAR,14.436499999999999,4.849996535716272,11143.20283,10288.76602,34852.95014,17864.480639999998,409,204
16,CRWV,stocks,hyperliquid,xyz:CRWV,84.239,1.4246198045886338,62724.08277,65456.01563,62724.08277,66143.28068,600,189
16,GME,stocks,hyperliquid,xyz:GME,23.915,3.3457404541836766,8915.43853,21840.9453,19978.36078,33166.85516,729,191
16,SOFTBANK,stocks,hyperliquid,xyz:SOFTBANK,38.2645,21.714674410695523,0,0,207868.57750400002,208945.47942299998,780,189
16,JP225,indices,hyperliquid,xyz:JP225,65228.5,9.969936805938051,11535.03764,356603.31491,21818.27305,364100.73422,778,180
16,KIOXIA,stocks,hyperliquid,xyz:KIOXIA,111.95,5.3609721229452845,364.18279,131.6224,155951.57434,51544.4919,793,191
16,EWY,stocks,hyperliquid,xyz:EWY,183.475,0.5450482367685971,211755.91113,310829.90397,361423.58281,375300.22798,388,190
16,BRENTOIL,commodities,hyperliquid,xyz:BRENTOIL,99.6545,0.10034720131724129,192275.05688,427993.69328999997,192275.05688,427993.69328999997,441,194
16,BRENTOIL,commodities,lighter,159,99.58500000000001,1.004217714402067,619963.469609,1098441.139529,1948267.327048,1726819.480886,,212
16,HIMS,stocks,hyperliquid,xyz:HIMS,28.6635,2.442428471738367,15060.81847,685.58815,48413.16803,11523.673330000001,445,183
16,US500,indices,hyperliquid,xyz:SP500,7665.25,0.13045974012415584,1949640.5636,2133609.2391,1949640.5636,2133609.2391,579,190
16,US500,indices,hyperliquid,mkts:US500,763.885,0.13091061423331496,36351.61617,58437.18339,36351.61617,58437.18339,670,228
16,US500,indices,lighter,180,7666.9,1.3043931962841704,786503.1004039999,1106266.385184,13800517.488024,13699076.641190998,,54
16,LITE,stocks,hyperliquid,xyz:LITE,912.6800000000001,2.1915886826362474,74539.6661,62945.48416,96758.05699,62945.48416,667,204
16,PURRDAT,stocks,hyperliquid,xyz:PURRDAT,12.016,14.991255101191037,1248.728,937.95,5922.044,46564.26,690,188
16,MRVL,stocks,hyperliquid,xyz:MRVL,249.98000000000002,1.6002560409655864,134482.42,183444.96,154480.7984,195075.65039999998,770,189
16,RKLB,stocks,hyperliquid,xyz:RKLB,71.74199999999999,1.39398079094466,107210.20614000001,54447.636730000006,107210.20614000001,67954.12216,352,224
16,DRAM,stocks,hyperliquid,xyz:DRAM,59.921,1.0013685370013903,206833.804,75343.1893,206833.804,75343.1893,362,231
16,CBRS,stocks,hyperliquid,xyz:CBRS,196.81,2.032623608925199,67524.8849,55386.7644,127403.2944,131490.0833,347,196
16,ARM,stocks,hyperliquid,xyz:ARM,282.07,1.418188264490361,46504.0692,48949.777,92681.11540000001,57646.6717,412,181
16,GBPUSD,fx,hyperliquid,xyz:GBP,1.32455,5.2862105422146755,142368.0095,147859.1583,394208.5186,671944.9945,545,197
16,GBPUSD,fx,lighter,97,1.32442,3.0206461162030074,48361.404395000005,24687.228397,2520702.331512,2292022.622501,,68
16,SPCX,stocks,hyperliquid,xyz:SPCX,145.745,0.6861534239055445,1521069.8605,1306442.3617,1952957.0151,2165819.9222999997,553,189
16,SPCX,stocks,lighter,194,145.79500000000002,0.6859181013796345,769903.3184369999,737545.5157829999,1252718.1237309999,1101941.181108,,207
16,MINIMAX,stocks,hyperliquid,xyz:MINIMAX,31.285,2.5574629967084483,23420.12793,8811.53968,31400.3453,24527.43311,613,190
16,BB,stocks,hyperliquid,xyz:BB,8.70655,1.2634964392388426,5634.60897,11442.75095,38073.40452,42610.34912,746,199
16,QNT,stocks,hyperliquid,xyz:QNT,48.917500000000004,8.384972493200582,180.42992999999998,207.05902000000003,1968.26711,1401.12233,740,186
16,DELL,stocks,hyperliquid,xyz:DELL,539.495,2.0391517128848236,29160.327100000002,36923.143599999996,29160.327100000002,37068.9544,803,189
16,AVGO,stocks,hyperliquid,xyz:AVGO,348.365,2.5838309600367815,164445.0981,37848.53,177548.8086,37848.53,806,183
16,NBIS,stocks,hyperliquid,xyz:NBIS,229.515,1.3071895424832114,102969.4513,76175.69440000001,106028.0465,105409.26920000001,397,190
16,NBIS,stocks,hyperliquid,io:NBIS,229.70499999999998,1.306108232834724,6434.4166,15813.4205,11605.5178,20812.3161,394,182
16,WDC,stocks,hyperliquid,xyz:WDC,450.42499999999995,3.774925611761404,26503.154059999997,20862.13455,50443.332729999995,47373.04861,474,204
16,BE,stocks,hyperliquid,xyz:BE,261.05499999999995,1.9154886411532068,63499.190899999994,41620.9088,95060.6595,68165.5089,471,198
16,ZHIPU,stocks,hyperliquid,xyz:ZHIPU,78.592,3.5633383389743756,24010.081886,28205.729094000002,43920.149832,48659.953769,585,190
16,QCOM,stocks,hyperliquid,xyz:QCOM,187.01,2.139151826301422,8995.471800000001,8499.8651,72905.5482,21012.5933,678,280
16,STRC,stocks,hyperliquid,xyz:STRC,99.10849999999999,4.137736153722038,3734.5631,9898.046199999999,138832.902,93884.1904,675,203
16,AMAT,stocks,hyperliquid,xyz:AMAT,480.905,1.8716466331158976,24109.54683,33129.42988,32089.89932,34772.99776,672,196
16,SKHY,stocks,hyperliquid,xyz:SKHY,182.055,1.647989452866483,477682.827,658639.2639,618557.2248,803212.8147,780,193
16,CXMT,stocks,hyperliquid,xyz:CXMT,8.22145,3.5279805352783633,24313.703289999998,15948.139149999999,124420.75721999998,24351.726440000002,359,223
16,KORU,stocks,hyperliquid,xyz:KORU,20.2865,0.49295080350786336,64038.8486,51782.391800000005,94572.9498,174077.5268,356,216
16,UNITREE,stocks,hyperliquid,xyz:UNITREE,67.79400000000001,0.29501570958601064,12588.01217,11340.79245,12588.01217,11340.79245,392,249
16,SOXL,stocks,hyperliquid,xyz:SOXL,138.925,2.1596717298977275,145268.6999,156438.5217,312974.2293,434956.7633,436,192
16,IREN,stocks,hyperliquid,xyz:IREN,41.45,0.48252068807430604,15850.7657,5328.819,70121.0327,5328.819,549,191
16,AAOI,stocks,hyperliquid,xyz:AAOI,95.3075,2.6234324990803692,7198.85653,4524.19025,15981.59457,10647.49789,552,191
16,MRNA,stocks,hyperliquid,xyz:MRNA,195.04500000000002,3.5895595097690247,46481.5208,61640.4804,199522.8625,293992.2376,586,193
16,BMNR,stocks,hyperliquid,xyz:BMNR,26.8075,1.1191524285614207,2877.31887,10383.551620000002,10328.80951,15982.739130000002,630,192
16,US10Y,rates,hyperliquid,para:10Y,5.2537,7.616581297484881,979.32781,52790.291240000006,97259.51789,184547.84911,738,188
16,US10Y,rates,lighter,227,95.205,3.151591553733901,29999.397531000002,3521.368908,1122671.344028,972596.7652660001,,216
16,30Y,unclassified,hyperliquid,para:30Y,5.5555,1.8001800180034166,36498.55686,11998.96161,76236.94164,75259.55349,775,188
16,2Y,unclassified,hyperliquid,para:2Y,4.9249,143.15221170167146,0,0,64053.02388,82471.41486,821,190
16,USTECH,indices,hyperliquid,mkts:USTECH,733.405,0.9544977296593871,28213.41849,31999.80753,28213.41849,31999.80753,403,200
16,OAI,preipo,hyperliquid,io:OAI,1622.55,3.082044011588625,4412.4969,4494.1473,9819.179399999999,6711.9411,436,201
16,ANTH,preipo,hyperliquid,io:ANTH,2054.3500000000004,0.4867838193045593,10031.2019,4801.1452,13412.427899999999,7742.1725,439,199
17,BTC,crypto,hyperliquid,BTC,83081.5,0.12036446359608988,3906491.55249,5919408.37007,3906491.55249,5919408.37007,379,191
17,BTC,spot,hyperliquid,@142,83107.5,0.1203268076088726,456931.83566000004,415428.54959999997,456931.83566000004,415428.54959999997,394,204
17,BTC,crypto,lighter,1,83083.75,0.012036055208053398,2383430.038268,2093455.7148850001,2383430.038268,2093455.7148850001,,53
17,ETH,crypto,hyperliquid,ETH,2666.45,0.3750375037503417,8478519.35323,9496530.07917,8478519.35323,9496530.07917,391,200
17,ETH,spot,hyperliquid,@151,2664.55,0.3753049352606119,391864.01998,440330.7479,391864.01998,440330.7479,441,193
17,ETH,crypto,lighter,0,2665.195,0.6378723579891776,4114572.919692,3532412.916574,4114572.919692,3532412.916574,,216
17,SOL,crypto,hyperliquid,SOL,117.63499999999999,0.8501232678748138,1699041.8194,3011677.4673,4531079.222,4792261.6453,582,190
17,SOL,spot,hyperliquid,@156,117.595,0.8504124500374743,165200.38801,149250.77392,287959.50848,360296.79466,587,192
17,SOL,crypto,lighter,2,117.6275,0.25504565317246986,1525603.807628,1222043.694273,3060753.722559,4468417.360614,,220
17,AVAX,crypto,hyperliquid,AVAX,10.433,1.9171779141102796,123269.85105,36702.50643,310700.42699,122256.99927999999,769,185
17,BNB,crypto,hyperliquid,BNB,758.195,0.1318930611060587,87603.45982,34870.41659,87603.45982,34870.41659,776,187
17,OP,crypto,hyperliquid,OP,0.12966499999999997,2.3139220979562225,19532.98052,5207.690463,98520.63047,63720.58168,787,189
17,LTC,crypto,hyperliquid,LTC,67.97800000000001,0.29421716168709366,40356.81735,55272.4303,40356.81735,55272.4303,334,192
17,ARB,crypto,hyperliquid,ARB,0.196685,0.5084401057553478,35987.9633,16007.293132,52268.548743,43971.961812,477,228
17,DOGE,crypto,hyperliquid,DOGE,0.0930455,0.5373859398338787,138551.519252,172185.019459,138551.519252,172185.019459,444,188
17,SUI,crypto,hyperliquid,SUI,1.11775,0.8946944618415387,72923.09595,149905.12365,214071.43505,281314.78016,620,354
17,CRV,crypto,hyperliquid,CRV,0.38369,2.606610363884432,10101.849444,19791.573669,29706.797831,45844.491689,527,191
17,LDO,crypto,hyperliquid,LDO,0.434695,2.070631542621104,15302.479254,27356.715603,16081.413384000001,35079.707434,637,192
17,LINK,crypto,hyperliquid,LINK,14.6685,0.6817562039818093,102619.6388,164873.5758,174054.9987,192537.9976,666,187
17,XRP,crypto,hyperliquid,XRP,1.4859499999999999,0.6729927989779227,1003897.5441,695613.6544,1997227.7378,1247126.7899,711,182
17,XRP,crypto,lighter,7,1.485263,2.222075580196048,355926.112966,411839.337528,6757162.040999,6910798.461308,,210
17,BCH,crypto,hyperliquid,BCH,305.235,0.32762179340117825,63653.145730000004,37760.712419999996,65215.14843,37760.712419999996,273,188
17,APT,crypto,hyperliquid,APT,0.8167,2.449179524859346,15019.380737,6772.926368,91017.711493,70790.211463,301,187
17,AAVE,crypto,hyperliquid,AAVE,147.755,2.030594287261156,75465.73359999999,70629.3619,138097.53579999998,129320.4813,348,189
17,WLD,crypto,hyperliquid,WLD,0.475765,3.153314133153007,20398.998306,101960.614453,20398.998306,101960.614453,469,195
17,WLD,crypto,lighter,6,0.47585,1.2609810432517854,98329.76632,68572.10552,1012621.254675,880396.354391,,227
17,TRX,crypto,hyperliquid,TRX,0.334245,0.29918621349933616,48706.7178,37189.414749999996,48706.7178,37189.414749999996,495,193
17,UNI,crypto,hyperliquid,UNI,8.557549999999999,0.3505737724096569,9665.74116,35699.04052,9665.74116,35699.04052,538,189
17,SEI,crypto,hyperliquid,SEI,0.0740845,5.26564504151672,17022.881414,19843.468481,28302.411597,23307.639603,664,193
17,ZRO,crypto,hyperliquid,ZRO,1.5148,2.640961309916534,9882.4253,13461.02412,32964.05215,33951.4581,845,349
17,DOT,crypto,hyperliquid,DOT,1.1596,1.7248814144021907,58884.89133,19916.63556,103676.50743,58469.3701,696,188
17,TIA,crypto,hyperliquid,TIA,0.43011,0.9300378990451108,6657.061969,4379.67713,44293.937570999995,9333.153794,733,193
17,ADA,crypto,hyperliquid,ADA,0.24275000000000002,0.8239268352960849,146065.70242,146149.22733,146065.70242,146149.22733,859,194
17,PENDLE,crypto,hyperliquid,PENDLE,2.3159,1.7273394653871676,20844.0647,4780.761,29710.3083,12673.8222,282,191
17,NEAR,crypto,hyperliquid,NEAR,4.63835,0.21559623137656914,27864.39744,48616.97412,27864.39744,48616.97412,381,253
17,NEAR,crypto,lighter,10,4.644155,1.3566358875416462,36192.500456,64247.34645900001,868829.551952,1753164.641235,,238
17,PYTH,crypto,hyperliquid,PYTH,0.079679,4.268032437046987,671.866169,4711.5392059999995,28005.729412999997,11534.285512,506,191
17,JUP,crypto,hyperliquid,JUP,0.32216999999999996,1.8625442354247568,17763.092839999998,4701.52461,20900.18179,14685.26611,472,188
17,JTO,crypto,hyperliquid,JTO,0.543085,1.657336476135196,41339.95801,5523.27102,43653.08157,13954.88636,634,190
17,WIF,crypto,hyperliquid,WIF,0.230575,2.1687269572767676,35679.606649999994,8864.75088,65321.115999999995,46957.27967,700,193
17,ONDO,crypto,hyperliquid,ONDO,0.512,0.39063262954330824,60186.28513,29342.20403,60186.28513,29342.20403,667,194
17,STRK,crypto,hyperliquid,STRK,0.041095,2.433682161109285,7199.726232,2521.709377,101801.372385,86577.250656,731,191
17,TAO,crypto,hyperliquid,TAO,301.58500000000004,2.321339744653095,26404.70285,58131.53325,26404.70285,63611.242679999996,754,180
17,ETHFI,crypto,hyperliquid,ETHFI,0.6873199999999999,2.3281531924812526,5837.739890000001,2631.508029,14436.860437000001,4320.671537,591,490
17,ENA,crypto,hyperliquid,ENA,0.25037,0.7988496564936831,79214.97697,70997.47939,84448.82566,70997.47939,725,596
17,ENA,crypto,lighter,29,0.250525,2.794522735438676,102776.747137,81382.955156,1381747.240557,1133365.966979,,216
17,HBAR,crypto,hyperliquid,HBAR,0.11881,1.683501683500399,26309.33241,14084.61975,111036.17666,51711.55406,801,584
17,EIGEN,crypto,hyperliquid,EIGEN,0.2499,8.006405124099114,1254.705356,2428.888972,20191.071329000002,19808.036253,562,212
17,GRASS,crypto,hyperliquid,GRASS,0.66265,2.716735088141853,10012.505937,1571.8638420000002,18017.578508,11160.449964,774,210
17,PURR,crypto,hyperliquid,PURR,0.13944499999999999,0.717154331610903,395.78652999999997,365.17701,909.9271600000001,1443.5084,797,205
17,PURR,spot,hyperliquid,PURR/USDC,0.139045,5.035608948997794,158.331,52.8504,5486.61799,47811.27463,314,194
17,XLM,crypto,hyperliquid,XLM,0.227415,2.1988653854609908,52605.20502,39287.79688,69679.29089,48097.243160000005,406,236
17,HYPE,crypto,hyperliquid,HYPE,86.9055,0.11506817789497248,203565.62394,72396.96073,203565.62394,72396.96073,428,236
17,HYPE,spot,hyperliquid,@107,86.9345,0.5751621957394981,129277.64887,73867.55016,129277.64887,73867.55016,435,239
17,HYPE,crypto,lighter,24,86.90010000000001,1.496082565344281,687879.412296,791220.523724,2146916.227514,1567029.173372,,57
17,VIRTUAL,crypto,hyperliquid,VIRTUAL,0.80393,1.243966761208526,11603.948019,25718.450715,17015.765047999997,25718.450715,563,189
17,PENGU,crypto,hyperliquid,PENGU,0.0091835,1.0889687465964748,16610.628718,26794.156583,64987.928924,78759.776423,600,193
17,FARTCOIN,crypto,hyperliquid,FARTCOIN,0.164435,1.8245955479878617,15376.538898,21623.957659,42597.393023,71066.303124,617,187
17,SPX,crypto,hyperliquid,SPX,0.40363499999999997,2.2299858767560465,5575.805333,9456.916462,8722.44924,18515.939768,620,184
17,MORPHO,crypto,hyperliquid,MORPHO,2.4341,2.4652806311120656,6437.51399,7277.35041,13648.96371,14020.56795,759,194
17,TRUMP,crypto,hyperliquid,TRUMP,1.9582,2.0429009193057013,28463.0734,53384.52588,65182.7681,70346.42783,795,193
17,VVV,crypto,hyperliquid,VVV,27.0885,0.36916715888901663,14757.52642,1822.7891399999999,18480.50803,6050.77491,809,190
17,PAXG,crypto,hyperliquid,PAXG,4142.05,0.24142926122738828,168002.6207,226669.8507,168002.6207,226669.8507,825,203
17,SYRUP,crypto,hyperliquid,SYRUP,0.224525,4.009265858873068,3136.05952,2389.34067,21836.055659999998,12845.83643,951,191
17,PUMP,crypto,hyperliquid,PUMP,0.0048094999999999995,2.0794343938446147,21001.938670000003,45750.342116,348431.854778,328129.975551,317,185
17,PUMP,crypto,lighter,45,0.0048085,2.079866888520243,109668.11813900001,135165.926256,939813.364927,882463.146804,,50
17,XPL,crypto,hyperliquid,XPL,0.09684,0.4130609884556158,101234.261302,6462.6855829999995,122343.681261,6462.6855829999995,426,265
17,SKY,crypto,hyperliquid,SKY,0.077816,5.655963184820756,9327.539393000001,3650.610184,15306.648725,15051.057359,417,221
17,ASTER,crypto,hyperliquid,ASTER,0.705045,1.844023943942119,48529.78688,30072.9262,48529.78688,30072.9262,479,191
17,ZEC,crypto,hyperliquid,ZEC,1383.25,0.7229612492754001,581701.471,597108.544,1008312.064,1231698.719,508,189
17,ZEC,crypto,lighter,90,1384.242,1.9507162379794885,228648.119309,422743.821631,5007034.948886,4789555.281072,,215
17,MON,crypto,hyperliquid,MON,0.0273965,1.825217200845941,8159.796346,19180.049087,12804.969157,19393.298111,618,191
17,CC,crypto,hyperliquid,CC,0.13265,3.0159089195525013,12464.207040000001,11438.73633,39206.07617,42648.7864,685,205
17,ICP,crypto,hyperliquid,ICP,3.24615,4.621926418930666,5169.8160100000005,13831.06664,34385.97793,33488.80135,691,181
17,AERO,crypto,hyperliquid,AERO,0.822475,2.0671457580956343,5209.80954,8111.84892,5209.80954,8111.84892,338,191
17,LIT,crypto,hyperliquid,LIT,4.352399999999999,2.2978469174383953,8965.966,16924.7476,8965.966,16924.7476,360,197
17,LIT,crypto,lighter,120,4.35115,1.6088995127327976,30703.330917,38444.432214,322957.65635,341089.253331,,220
17,XMR,crypto,hyperliquid,XMR,540.46,0.7401376656046565,39262.11727,28374.77309,42395.41312,28374.77309,418,197
17,DASH,crypto,hyperliquid,DASH,59.655,1.0058338362495256,10017.85506,5242.15696,49415.60451,191658.48793,532,193
17,SKR,crypto,hyperliquid,SKR,0.018247,1.0961306587753405,4978.975942,2312.0215359999997,20945.822111,10525.103879,560,198
17,AZTEC,crypto,hyperliquid,AZTEC,0.0184015,3.8047613871072805,124.738588,4096.612086,11068.432160999999,32797.973119,612,193
17,CHIP,crypto,hyperliquid,CHIP,0.0426025,0.23473076381508307,4716.109059,2061.621099,22175.322869,14888.134854,623,187
17,GRAM,crypto,hyperliquid,GRAM,1.5603500000000001,0.6409023905651345,129184.80700000002,15743.0013,149705.3464,32726.3934,737,203
17,CASHCAT,crypto,hyperliquid,CASHCAT,0.170995,4.094525035094332,912.73143,4979.15734,7273.34004,11726.38063,757,195
17,PONS,crypto,hyperliquid,PONS,0.52912,1.5120586678762926,7376.12922,16630.238820000002,20752.09292,31816.89413,808,195
17,USELESS,crypto,hyperliquid,USELESS,0.231625,3.8863459711535597,4481.25605,947.08195,13775.76722,12376.67674,827,202
17,US100,indices,hyperliquid,xyz:XYZ100,30159.5,0.3315759806366003,3709413.767,3913777.7393,3709413.767,3913777.7393,518,314
17,US100,indices,lighter,181,30160.0,1.3263479010539037,911157.26231,1022450.335177,3004250.502573,3129013.111846,,238
17,TSLA,stocks,hyperliquid,xyz:TSLA,356.735,0.280324054606762,296193.70454999997,154391.49557,296193.70454999997,154391.49557,507,232
17,TSLA,stocks,lighter,112,356.845,0.8407364851614751,269809.206262,214519.935554,992409.168192,943650.592902,,207
17,NVDA,stocks,hyperliquid,xyz:NVDA,228.245,0.4381352961790874,727864.34907,536115.43243,727864.34907,536115.43243,653,188
17,NVDA,stocks,lighter,110,228.349,0.875890671325763,324985.04515300004,328534.860103,1135010.579496,1142606.588103,,68
17,XAU,commodities,hyperliquid,xyz:GOLD,4132.75,0.24197256031310843,1365118.8381700001,1343460.30936,1365118.8381700001,1343460.30936,726,217
17,XAU,commodities,lighter,92,4134.665,0.02418578552987327,847955.605738,1177723.103617,3568492.694282,2019985.778459,,209
17,HOOD,stocks,hyperliquid,xyz:HOOD,115.35,1.7340038148083714,195298.46322,141169.04665,369679.65355,281931.14403,761,189
17,INTC,stocks,hyperliquid,xyz:INTC,114.245,0.8753501400571295,219386.02980000002,690259.894,544444.9364,1130968.8193,360,241
17,PLTR,stocks,hyperliquid,xyz:PLTR,186.45499999999998,1.6090967603510364,115706.68081,126240.84383,125929.38606,155062.83715,391,199
17,COIN,stocks,hyperliquid,xyz:COIN,191.38,1.04509588754631,81979.90688,126045.02523,87078.71757,130989.26323000001,394,197
17,META,stocks,hyperliquid,xyz:META,713.04,0.5609940815110015,104452.02996,255890.14061,104452.02996,255890.14061,421,194
17,META,stocks,lighter,117,713.48,1.1213276519383975,287396.079197,213863.197235,843611.443231,777365.030313,,217
17,AAPL,stocks,hyperliquid,xyz:AAPL,337.445,0.8890732892741227,146555.88671,200522.3949,146555.88671,200522.3949,595,202
17,AAPL,stocks,lighter,113,337.4335,1.8079270190241026,170754.72770000002,321004.280163,1139199.1851630001,879020.773987,,76
17,MSFT,stocks,hyperliquid,xyz:MSFT,507.165,0.1971764334718351,264497.84176,92329.94775,264497.84176,92329.94775,615,192
17,MSFT,stocks,lighter,115,507.515,1.3793647040283297,71254.351821,66028.343708,723850.400585,544665.493363,,206
17,ORCL,stocks,hyperliquid,xyz:ORCL,132.65499999999997,2.261761158022235,188584.39599,77306.55993999999,335497.4658,221935.28599,774,194
17,GOOGL,stocks,hyperliquid,xyz:GOOGL,341.895,0.29249173710832466,177287.32861,138596.86543,177287.32861,138596.86543,783,187
17,GOOGL,stocks,lighter,116,342.06,1.16945386504419,130761.546416,134660.3415,1087118.236144,796612.266864,,217
17,AMZN,stocks,hyperliquid,xyz:AMZN,245.95,0.8132064731247723,179417.9994,145035.05619,179417.9994,145035.05619,372,230
17,AMZN,stocks,lighter,114,246.0075,0.6910597197551382,249168.43869799998,209768.028157,879604.2901880001,831833.7058079999,,53
17,AMD,stocks,hyperliquid,xyz:AMD,605.0550000000001,0.8264053022166706,110252.08483,60593.222570000005,110252.08483,60593.222570000005,477,231
17,MU,stocks,hyperliquid,xyz:MU,1050.45,0.952018278750355,923549.0509,758061.6885,1750876.1445,1838205.4978,483,191
17,SNDK,stocks,hyperliquid,xyz:SNDK,1697.3000000000002,1.1784115012969387,983795.2904,1279690.8328,1606238.1681000001,1560621.9808,486,189
17,SNDK,stocks,hyperliquid,io:SNDK,1697.55,0.5891016200298971,56188.12662,65849.7812,100010.85053,94080.39568,601,227
17,SNDK,stocks,lighter,139,1697.305,1.0016379726862645,361873.857122,286564.15081,2588329.680748,2637054.010758,,215
17,MSTR,stocks,hyperliquid,xyz:MSTR,155.73000000000002,1.2843565373743537,214326.04319,256794.43378,255410.2048,470178.44840999995,682,198
17,CRCL,stocks,hyperliquid,xyz:CRCL,85.0675,0.8229098090861697,102278.46387600001,69423.99978099999,102278.46387600001,69423.99978099999,674,186
17,NFLX,stocks,hyperliquid,xyz:NFLX,69.2645,2.7434842249673963,17771.898061,12607.161485,17771.898061,12607.161485,797,195
17,LLY,stocks,hyperliquid,xyz:LLY,1186.9499999999998,2.5278058645095136,23253.9124,19010.7173,134575.35813,60673.73254,353,196
17,SKHX,stocks,hyperliquid,xyz:SKHX,1289.85,0.7753140021726779,799962.4469,1357953.5469,1570319.6732,1670499.2759,354,189
17,TSM,stocks,hyperliquid,xyz:TSM,447.86,1.7864320485916352,51213.431840000005,50173.58242,64320.443470000006,67114.45005,369,191
17,USDJPY,fx,hyperliquid,xyz:JPY,157.34,2.5425883549456962,473593.4557,541778.9628999999,583979.7102,856309.5321,467,187
17,USDJPY,fx,lighter,98,157.27499999999998,3.434065934067032,33833.543774,51122.402907,1061866.32735,2604004.088894,,225
17,EURUSD,fx,hyperliquid,xyz:EUR,1.1368,1.759479194158864,388699.17315000005,119810.54931999999,666556.90474,399938.76453000004,567,205
17,EURUSD,fx,lighter,96,1.1372149999999999,2.1985946582958604,57754.609002,51976.17088699999,2130165.279519,2244221.713601,,215
17,XAG,commodities,hyperliquid,xyz:SILVER,60.4615,0.1653958750269524,521465.66111999995,1078980.4491700002,521465.66111999995,1078980.4491700002,655,187
17,XAG,commodities,lighter,93,60.492549999999994,0.876179329110105,1293366.788993,1079676.88655,2965088.611171,2502705.099756,,239
17,BABA,stocks,hyperliquid,xyz:BABA,107.65,1.8580453363048477,66904.80178,81769.04211000001,178015.99061,150164.07278000002,771,187
17,WTI,commodities,hyperliquid,xyz:CL,94.144,0.4248900596981464,597871.074676,930931.718619,597871.074676,930931.718619,774,187
17,WTI,commodities,lighter,145,94.13499999999999,0.8498794233569029,549650.081432,509472.820043,1171119.321063,2028592.789683,,52
17,COPPER,commodities,hyperliquid,xyz:COPPER,6.60935,1.3617999969728345,40593.240931,49252.597277,40593.240931,49252.597277,378,221
17,NATGAS,commodities,hyperliquid,xyz:NATGAS,3.1345,1.276202022779671,94813.46616,47487.06078,94813.46616,47487.06078,433,214
17,SMSN,stocks,hyperliquid,xyz:SMSN,199.215,0.5019828321861652,251643.72962,172660.51517,251643.72962,172660.51517,438,216
17,XPT,commodities,hyperliquid,xyz:PLATINUM,1700.1,1.1764705882355564,38363.01589,39799.983369999994,110466.98676,46893.502889999996,450,192
17,USAR,stocks,hyperliquid,xyz:USAR,14.4335,2.0787139689582013,7763.32689,598.42755,27220.44719,5885.15281,581,202
17,CRWV,stocks,hyperliquid,xyz:CRWV,84.218,1.4249750629358182,62521.80923,54992.83693,62521.80923,56495.18767,634,199
17,GME,stocks,hyperliquid,xyz:GME,23.915,3.3457404541836766,8838.92333,21917.5117,19901.84558,33243.421559999995,629,189
17,SOFTBANK,stocks,hyperliquid,xyz:SOFTBANK,38.239999999999995,10.465724751438366,12263.637173000001,2854.7749240000003,187897.156639,209198.62763099998,641,189
17,JP225,indices,hyperliquid,xyz:JP225,65208.5,9.358986160974414,13714.03136,365975.34578,15544.93454,371550.35541,769,186
17,KIOXIA,stocks,hyperliquid,xyz:KIOXIA,111.725,4.4762757385852225,74.48410000000001,132.35931,149091.564,52209.87591,817,186
17,EWY,stocks,hyperliquid,xyz:EWY,183.41500000000002,1.6357688113410873,157127.39226,283368.7686,227501.26193,308168.23328,831,196
17,BRENTOIL,commodities,hyperliquid,xyz:BRENTOIL,99.6625,0.10033914631391028,356859.97329,201704.05009,356859.97329,201704.05009,828,185
17,BRENTOIL,commodities,lighter,159,99.595,1.0041168792040978,599381.078471,599105.5039,1964620.633943,1712158.0326079999,,50
17,HIMS,stocks,hyperliquid,xyz:HIMS,28.6635,2.442428471738367,14060.814120000001,1499.1080100000001,47669.07998,11381.646330000001,505,225
17,US500,indices,hyperliquid,xyz:SP500,7664.85,0.130466548375896,1729929.6463000001,1845533.1177,1729929.6463000001,1845533.1177,521,238
17,US500,indices,hyperliquid,mkts:US500,763.885,0.13091061423331496,31867.93073,61365.88009,31867.93073,61365.88009,518,228
17,US500,indices,lighter,180,7666.6,1.043541780805235,750659.368836,915959.736404,13764672.511296,13716378.223787999,,208
17,LITE,stocks,hyperliquid,xyz:LITE,912.5550000000001,1.6438716465017045,71394.19683999999,71730.80009,87721.29819,75460.70225,699,196
17,PURRDAT,stocks,hyperliquid,xyz:PURRDAT,12.016,14.991255101191037,1248.728,937.95,5898.693,46612.375,784,278
17,MRVL,stocks,hyperliquid,xyz:MRVL,249.89,0.8003841844095305,141489.775,185707.7502,141489.775,185707.7502,709,190
17,RKLB,stocks,hyperliquid,xyz:RKLB,71.7315,1.533614031172803,119890.64781,63051.55216,119890.64781,68369.15189,722,199
17,DRAM,stocks,hyperliquid,xyz:DRAM,59.9015,0.1669421211669686,139095.84410000002,104217.0837,139095.84410000002,104217.0837,434,269
17,CBRS,stocks,hyperliquid,xyz:CBRS,196.815,0.5081042629950794,40631.563500000004,80335.5383,87683.4343,137306.0629,362,187
17,ARM,stocks,hyperliquid,xyz:ARM,281.395,0.3553786559584715,69519.7875,44042.6435,116978.7382,92640.628,379,192
17,GBPUSD,fx,hyperliquid,xyz:GBP,1.32455,5.2862105422146755,142367.6319,147861.4069,394208.141,338598.53729999997,442,193
17,GBPUSD,fx,lighter,97,1.3244150000000001,2.9451299633009853,48361.433915,24687.330898,2520702.361032,2292022.725002,,218
17,SPCX,stocks,hyperliquid,xyz:SPCX,145.765,0.686059275523121,1248870.5855,1484533.882,1814215.045,2220099.3229,568,188
17,SPCX,stocks,lighter,194,145.805,0.6858710562407389,716176.559582,781119.25326,1200506.31802,1143359.272685,,229
17,MINIMAX,stocks,hyperliquid,xyz:MINIMAX,31.336,1.2765685836479967,19394.2897,8726.87707,32107.87013,22869.05838,630,187
17,BB,stocks,hyperliquid,xyz:BB,8.69815,1.264716703459623,21819.50572,4960.87454,49375.47286,31562.68969,762,193
17,QNT,stocks,hyperliquid,xyz:QNT,48.9135,6.7488802994053465,180.42992999999998,252.56392000000002,3049.35578,1398.56803,768,185
17,DELL,stocks,hyperliquid,xyz:DELL,539.5699999999999,1.4827720423338242,24763.0857,41552.8245,24763.0857,41552.8245,276,191
17,AVGO,stocks,hyperliquid,xyz:AVGO,348.29499999999996,2.0099925343131098,170378.623,55219.2608,175378.5208,79924.7109,357,236
17,NBIS,stocks,hyperliquid,xyz:NBIS,229.43,2.6155187445509043,64832.1566,104903.74879999999,67623.752,127966.64099999999,408,191
17,NBIS,stocks,hyperliquid,io:NBIS,229.60000000000002,1.742312048087502,11718.1873,15123.211400000002,11842.039,30548.2612,414,190
17,WDC,stocks,hyperliquid,xyz:WDC,450.31,1.7767117507272445,34426.33378,10997.779069999999,56344.65578,42742.21352,469,192
17,BE,stocks,hyperliquid,xyz:BE,260.895,2.6834317258295215,43628.4741,39133.54,74575.1102,72922.7565,552,193
17,ZHIPU,stocks,hyperliquid,xyz:ZHIPU,78.5755,2.67294596830725,28147.103555,25760.703498,47113.833977,47993.023061,601,191
17,QCOM,stocks,hyperliquid,xyz:QCOM,186.985,1.6045354869764772,12278.4467,8530.2196,46110.926100000004,23773.8243,607,191
17,STRC,stocks,hyperliquid,xyz:STRC,99.1,3.8352459099111336,2941.8697,4035.8516999999997,136255.95739999998,92653.5855,674,203
17,AMAT,stocks,hyperliquid,xyz:AMAT,480.72,1.6643088957302155,33600.64418,22557.10063,33600.64418,33076.90995,746,193
17,SKHY,stocks,hyperliquid,xyz:SKHY,182.02499999999998,1.6482610845569567,568188.424,555276.3805,726247.1873,692153.0967,789,187
17,CXMT,stocks,hyperliquid,xyz:CXMT,8.2229,2.919104321490451,25034.309979999998,43992.605260000004,108655.70638999999,86992.61827,793,184
17,KORU,stocks,hyperliquid,xyz:KORU,20.2705,1.4800927524794005,39374.7932,11952.2978,163171.9048,115324.247,334,201
17,UNITREE,stocks,hyperliquid,xyz:UNITREE,67.8325,0.14742304517145755,13146.12551,16048.52067,13146.12551,16048.52067,417,213
17,SOXL,stocks,hyperliquid,xyz:SOXL,138.885,2.1602937999576355,170669.0139,241966.7758,317720.0855,539608.1457,446,198
17,IREN,stocks,hyperliquid,xyz:IREN,41.4595,3.618643250025144,15751.4689,20817.6305,34451.0521,36300.8033,443,191
17,AAOI,stocks,hyperliquid,xyz:AAOI,95.3295,3.462276919203866,6993.549720000001,14538.208229999998,14064.206619999999,17628.613729999997,541,206
17,MRNA,stocks,hyperliquid,xyz:MRNA,195.185,3.586984370995694,41920.2805,48423.5476,199947.06889999998,204400.826,613,194
17,BMNR,stocks,hyperliquid,xyz:BMNR,26.811999999999998,2.9841838257227415,880.77875,15244.301720000001,3505.3386699999996,23016.31426,696,251
17,US10Y,rates,hyperliquid,para:10Y,5.254250000000001,7.8062526179500935,5920.22022,47959.21075,97189.30122,178263.05271999998,638,190
17,US10Y,rates,lighter,227,95.195,3.1519226728282668,29998.746738,3521.494186,1122670.6932350001,972596.890544,,209
17,30Y,unclassified,hyperliquid,para:30Y,5.5555,1.8001800180034166,36498.99294,11999.190779999999,76237.37772,75259.78266,285,190
17,2Y,unclassified,hyperliquid,para:2Y,4.9249,143.15221170167146,0,0,64053.4585,82471.41486,326,207
17,USTECH,indices,hyperliquid,mkts:USTECH,733.4,0.8181409111363003,31586.75539,29915.779300000002,31586.75539,29915.779300000002,376,198
17,OAI,preipo,hyperliquid,io:OAI,1623.65,4.312203536007697,2846.3599,3785.5688,7950.6304,8672.5043,448,216
17,ANTH,preipo,hyperliquid,io:ANTH,2054.0,0.9737572423196283,8017.9053,5439.038299999999,14871.8559,10686.908,473,187
18,BTC,crypto,hyperliquid,BTC,83091.5,0.12034997773469058,5859092.77485,3163281.4335,5859092.77485,3163281.4335,441,202
18,BTC,spot,hyperliquid,@142,83113.5,0.12031812111290563,682971.96095,510425.74068,682971.96095,510425.74068,467,226
18,BTC,crypto,lighter,1,83098.9,0.024067736237309845,2273076.259596,2986216.926384,2273076.259596,2986216.926384,,67
18,ETH,crypto,hyperliquid,ETH,2667.05,0.37495313085722515,10195449.46852,9327557.48045,10195449.46852,9327557.48045,438,195
18,ETH,spot,hyperliquid,@151,2665.25,0.37520636350096837,416833.25809,481387.94126,416833.25809,481387.94126,498,189
18,ETH,crypto,lighter,0,2666.125,0.03750768907684332,3871153.379039,4789382.55752,3871153.379039,4789382.55752,,248
18,SOL,crypto,hyperliquid,SOL,117.67500000000001,0.8498342823148874,2244427.537,2838608.4099,4107991.6543,4633312.0571,631,189
18,SOL,spot,hyperliquid,@156,117.655,0.849978750530056,145831.65278,218121.48303,286459.74669,377784.63672,659,190
18,SOL,crypto,lighter,2,117.6895,0.9347065021581002,1048233.470331,1799882.225818,2196650.034967,4821787.961883999,,217
18,AVAX,crypto,hyperliquid,AVAX,10.430499999999999,0.9587727708537663,136595.58426,46305.197479999995,341492.7723,138590.71659,287,192
18,BNB,crypto,hyperliquid,BNB,758.185,0.13189480070785464,93981.78845000001,95580.24756,93981.78845000001,95580.24756,349,226
18,OP,crypto,hyperliquid,OP,0.129805,2.3114261499346256,13547.954131,6861.828683,92583.553521,70879.139223,346,195
18,LTC,crypto,hyperliquid,LTC,67.985,0.5883823897145923,47851.72059,40184.04991,47851.72059,40184.04991,364,184
18,ARB,crypto,hyperliquid,ARB,0.19696,2.031075454451692,43364.186714999996,13427.871709000001,63250.434321,53019.304723,473,185
18,DOGE,crypto,hyperliquid,DOGE,0.0930715,0.5372358142885503,94849.62088,194275.76926200002,94849.62088,194275.76926200002,539,192
18,SUI,crypto,hyperliquid,SUI,1.1182500000000002,0.8942944017165111,109733.21531,129662.24194,264754.86092,310373.24228,536,186
18,CRV,crypto,hyperliquid,CRV,0.383505,0.2607561929601765,6163.276502,21600.98696,20140.813221,42824.434826000004,557,191
18,LDO,crypto,hyperliquid,LDO,0.435005,3.4488308463442863,10973.687338,32990.965976,10973.687338,32990.965976,664,190
18,LINK,crypto,hyperliquid,LINK,14.654499999999999,0.6824075337785729,126284.905,139465.8823,183869.2151,161420.4615,733,196
18,XRP,crypto,hyperliquid,XRP,1.48665,0.672675904749287,1413663.0938000001,798133.9738,2125370.5968,1141464.8984,740,200
18,XRP,crypto,lighter,7,1.4859110000000002,1.5076063451391342,352722.02912,323346.571653,7090942.453326,6872866.250968,,51
18,BCH,crypto,hyperliquid,BCH,305.475,0.9821253191910628,25705.315179999998,62666.594209999996,25705.315179999998,62666.594209999996,800,188
18,APT,crypto,hyperliquid,APT,0.8176,2.4464831804271725,12540.473951999998,10398.818183000001,101100.338238,64130.997595,456,298
18,AAVE,crypto,hyperliquid,AAVE,148.04500000000002,3.3779219024454576,79584.64719999999,81026.6181,153592.7119,123886.0912,439,212
18,WLD,crypto,hyperliquid,WLD,0.47645499999999996,0.209885612341143,28863.274112,97589.450549,28863.274112,97589.450549,436,203
18,WLD,crypto,lighter,6,0.47653999999999996,1.2591551069229823,40609.852261,70673.928235,1035525.86078,873307.9868920001,,59
18,TRX,crypto,hyperliquid,TRX,0.334245,0.29918621349933616,43298.08442,37098.17286,43298.08442,37098.17286,543,188
18,UNI,crypto,hyperliquid,UNI,8.57105,0.35002158466301836,9387.7069,31503.71754,9387.7069,31503.71754,625,187
18,SEI,crypto,hyperliquid,SEI,0.07416500000000001,3.236551454426362,21477.301117,39813.192373,25537.798625,47813.12323,629,189
18,ZRO,crypto,hyperliquid,ZRO,1.5171999999999999,1.3183046602072146,10059.82201,5313.82318,31086.29698,38685.06069,645,187
18,DOT,crypto,hyperliquid,DOT,1.1614499999999999,0.8610297916300524,65820.49682,36963.15338,93723.3098,72809.93434,737,193
18,TIA,crypto,hyperliquid,TIA,0.43035500000000004,2.091515419115897,29586.712088,5709.638509,31764.741754,51662.687703,821,195
18,ADA,crypto,hyperliquid,ADA,0.24287,1.6471072678592158,91546.23927,132220.47186,91546.23927,132220.47186,818,188
18,PENDLE,crypto,hyperliquid,PENDLE,2.3272500000000003,3.867973182052342,2584.0095,10547.6823,15980.7127,37908.1444,840,193
18,NEAR,crypto,hyperliquid,NEAR,4.63875,0.21557764028568016,21577.16164,44369.82514,21577.16164,44369.82514,297,188
18,NEAR,crypto,lighter,10,4.643835,3.252151589030472,18210.948646,78949.491036,1184515.992431,1649806.365277,,214
18,PYTH,crypto,hyperliquid,PYTH,0.0798755,1.126816992400581,1854.214309,2648.0618750000003,25911.504754999998,18336.052461,383,190
18,JUP,crypto,hyperliquid,JUP,0.322435,0.3101448376385818,16817.66962,5001.86614,26630.34062,16780.71159,408,196
18,JTO,crypto,hyperliquid,JTO,0.54339,2.944911744677814,22522.002829999998,5362.54224,46139.45575,12386.32263,490,192
18,WIF,crypto,hyperliquid,WIF,0.230945,2.1652520353376836,8555.07178,8092.98083,73527.79401,46237.42087,568,184
18,ONDO,crypto,hyperliquid,ONDO,0.513235,0.19484441673434105,46598.17223,73069.58428000001,46598.17223,73069.58428000001,609,203
18,STRK,crypto,hyperliquid,STRK,0.04116,4.86026731470135,7203.924076,2865.718688,110400.200256,90285.945834,594,184
18,TAO,crypto,hyperliquid,TAO,302.22,1.9855058076045928,30407.23133,93730.13583,30407.23133,93730.13583,688,196
18,ETHFI,crypto,hyperliquid,ETHFI,0.68781,1.744820065430197,1968.720818,4997.230246,5499.567378,5498.2138540000005,782,213
18,ENA,crypto,hyperliquid,ENA,0.25132,2.387679573401247,50772.279050000005,73571.63181,51125.771530000005,75994.34721,794,198
18,ENA,crypto,lighter,29,0.25144,2.386539914880359,140272.37110199998,174777.743862,1390648.810089,1203742.02811,,51
18,HBAR,crypto,hyperliquid,HBAR,0.118865,0.8413259296657927,28239.20459,17674.54598,80446.45344,46102.54076,852,190
18,EIGEN,crypto,hyperliquid,EIGEN,0.25015,3.998400639744215,1005.228397,2609.118661,24962.709904000003,19542.512068,877,188
18,GRASS,crypto,hyperliquid,GRASS,0.665195,7.669864950221594,6339.063385,765.8229,15756.850936,8060.119496,384,188
18,PURR,crypto,hyperliquid,PURR,0.13951,7.170514842964604,213.62828000000002,541.60938,848.45122,1353.4440499999998,412,204
18,PURR,spot,hyperliquid,PURR/USDC,0.139045,5.035608948997794,91.04076,52.8504,25096.35308,47810.588429999996,462,195
18,XLM,crypto,hyperliquid,XLM,0.227555,1.3184495033846666,78771.18429,35991.63833,91399.81823,51442.60165,484,193
18,HYPE,crypto,hyperliquid,HYPE,86.9495,0.11500994836044498,129257.32658,81820.28499,129257.32658,81820.28499,587,202
18,HYPE,spot,hyperliquid,@107,86.9845,0.11496367148033926,77185.91334,107372.67281999999,77185.91334,107372.67281999999,606,192
18,HYPE,crypto,lighter,24,86.9589,1.1500346735449085,681377.856635,701738.679491,2198433.907938,2173574.227243,,214
18,VIRTUAL,crypto,hyperliquid,VIRTUAL,0.804605,1.3672239139905784,10654.818195,16030.409808,12244.863252,16030.409808,671,186
18,PENGU,crypto,hyperliquid,PENGU,0.009189,2.176752285589778,21795.290571999998,49439.881947,74310.973938,180909.854001,773,185
18,FARTCOIN,crypto,hyperliquid,FARTCOIN,0.16473500000000002,1.8212724623611898,10993.623937,19073.611109,22316.977738999998,50759.815052,796,189
18,SPX,crypto,hyperliquid,SPX,0.403875,2.723985934327544,6216.733846,8652.379,12051.688106,30361.688278,303,188
18,MORPHO,crypto,hyperliquid,MORPHO,2.4315499999999997,2.056512976598146,5254.27841,5765.5336099999995,12515.69159,22680.19424,306,185
18,TRUMP,crypto,hyperliquid,TRUMP,1.95925,0.5104124132304655,36208.85371,45428.517420000004,65429.88147,87638.39126,409,193
18,VVV,crypto,hyperliquid,VVV,27.118000000000002,3.6882676206984044,17530.21174,7094.72353,24234.9939,9527.78401,890,651
18,PAXG,crypto,hyperliquid,PAXG,4141.85,0.241440919406255,189632.09410000002,218373.812,189632.09410000002,218373.812,444,672
18,SYRUP,crypto,hyperliquid,SYRUP,0.22440500000000002,4.011410233553114,2818.54368,753.1922500000001,15450.47333,13945.54025,710,402
18,PUMP,crypto,hyperliquid,PUMP,0.004838500000000001,2.0669698222408606,19325.527554,25537.35727,350872.891812,305074.58709,372,494
18,PUMP,crypto,lighter,45,0.004838,4.134794293984001,62946.246950999994,52698.375916,855935.18579,860417.285289,,48
18,XPL,crypto,hyperliquid,XPL,0.096855,0.6195019204557894,99931.49177000001,3864.258557,141902.642396,3864.258557,419,190
18,SKY,crypto,hyperliquid,SKY,0.0778305,2.184472257202863,7784.637556,5601.777301,16245.410969,16200.270584,554,195
18,ASTER,crypto,hyperliquid,ASTER,0.7055100000000001,0.28348688873247596,24811.40624,25167.96918,26424.62751,25167.96918,558,185
18,ZEC,crypto,hyperliquid,ZEC,1384.15,0.7224911494851938,420067.914,1228698.515,1023313.1209999999,1649185.557,613,193
18,ZEC,crypto,lighter,90,1384.7350000000001,0.20220679833649058,275205.842619,403945.998696,5941650.21862,4556274.229189,,210
18,MON,crypto,hyperliquid,MON,0.027456500000000002,0.36421911421724573,7157.660355,41352.94841,11865.467903,52329.198162,739,183
18,CC,crypto,hyperliquid,CC,0.13289499999999999,2.257676098735839,8516.89331,13295.474979999999,38594.15321,43602.89292,745,186
18,ICP,crypto,hyperliquid,ICP,3.2469,1.2320202051308016,3543.9274,15938.611,37834.90995,40960.38602,829,214
18,AERO,crypto,hyperliquid,AERO,0.823245,1.3362650177972668,3361.90603,7807.996529999999,3361.90603,7807.996529999999,293,191
18,LIT,crypto,hyperliquid,LIT,4.35455,0.22964749110121474,10534.4432,14812.5782,10534.4432,14812.5782,383,198
18,LIT,crypto,lighter,120,4.353199999999999,2.2974245870388543,25861.688402,50961.463020999996,411604.459282,279221.373484,,218
18,XMR,crypto,hyperliquid,XMR,540.435,0.18503784024126446,20331.03292,52647.18434,53125.84197,53156.24652,471,195
18,DASH,crypto,hyperliquid,DASH,59.6965,1.8428238762946414,5243.63576,14553.466929999999,13412.526460000001,58195.42123,541,246
18,SKR,crypto,hyperliquid,SKR,0.01824,1.0965513460181597,4774.020270999999,2813.084712,16641.980961,11080.216323,576,191
18,AZTEC,crypto,hyperliquid,AZTEC,0.0184245,4.88599348534402,404.59529999999995,2935.27316,34520.292722,33904.481747,607,195
18,CHIP,crypto,hyperliquid,CHIP,0.0425875,0.23481344072262544,5458.783644,1606.658247,20891.935435,17595.732636,664,192
18,GRAM,crypto,hyperliquid,GRAM,1.56135,0.6404918977764851,138984.85259999998,15608.134399999999,145188.3911,42708.888,729,186
18,CASHCAT,crypto,hyperliquid,CASHCAT,0.172405,5.221629148293161,124.41324,1831.35297,6689.40786,12646.00123,767,189
18,PONS,crypto,hyperliquid,PONS,0.5286900000000001,4.162094668735961,8324.42201,9437.06178,21136.93803,24291.61047,801,192
18,USELESS,crypto,hyperliquid,USELESS,0.232105,3.016331279355189,6752.66677,2650.36302,16525.96399,15958.08145,855,190
18,US100,indices,hyperliquid,xyz:XYZ100,30155.5,0.3316199635228223,4325054.2604,3640916.1063,4325054.2604,3640916.1063,320,192
18,US100,indices,lighter,181,30157.5,0.9948269001203158,808136.941109,1056109.001791,2968091.518766,3180985.632932,,222
18,TSLA,stocks,hyperliquid,xyz:TSLA,356.68,0.560742422968108,252879.71314,249757.92817,252879.71314,249757.92817,457,257
18,TSLA,stocks,lighter,112,356.745,0.8409721638202861,285948.200943,193583.80092399998,970148.471804,944044.636507,,213
18,NVDA,stocks,hyperliquid,xyz:NVDA,228.225,0.438173692052235,866230.61404,668656.13706,866230.61404,668656.13706,577,256
18,NVDA,stocks,lighter,110,228.3345,0.6569525286104216,717965.585878,667078.302273,1405391.812811,1506021.895339,,52
18,XAU,commodities,hyperliquid,xyz:GOLD,4132.75,0.725935246574938,1146039.45738,1244874.93795,1146039.45738,1244874.93795,639,194
18,XAU,commodities,lighter,92,4134.82,0.7255718110510401,760690.613562,1186746.024913,3514332.825578,2127590.531196,,238
18,HOOD,stocks,hyperliquid,xyz:HOOD,115.41,1.7331022530320261,144332.08659000002,127279.52377,324249.11599,278491.24803,663,194
18,INTC,stocks,hyperliquid,xyz:INTC,114.22999999999999,1.7510068289272596,261279.3168,769232.5371000001,735037.0573,1151351.3697,778,200
18,PLTR,stocks,hyperliquid,xyz:PLTR,186.435,1.6092693916958112,110271.61327,120916.45906,115192.37233,140808.27309,832,191
18,COIN,stocks,hyperliquid,xyz:COIN,191.32999999999998,2.090847315874278,78739.71775,120783.96681,136666.10861999998,166765.42484,854,190
18,META,stocks,hyperliquid,xyz:META,712.925,0.7013606396411021,111898.50685,159673.33276000002,111898.50685,159673.33276000002,889,191
18,META,stocks,lighter,117,713.275,0.701016473887428,315358.536944,180175.384722,851429.385556,840538.130939,,47
18,AAPL,stocks,hyperliquid,xyz:AAPL,337.48,0.5926452721727316,190600.82127,216954.00351,190600.82127,216954.00351,402,190
18,AAPL,stocks,lighter,113,337.4785,1.3927782963651936,194559.674625,274595.25613600004,1187306.6410410001,876990.882368,,50
18,MSFT,stocks,hyperliquid,xyz:MSFT,507.165,0.1971764334718351,274025.64281,79355.38632,274025.64281,79355.38632,436,195
18,MSFT,stocks,lighter,115,507.52,0.7881773399009973,75357.155233,67584.12086,713187.9223420001,541146.354755,,221
18,ORCL,stocks,hyperliquid,xyz:ORCL,132.59,1.5085231558287227,197291.52156,94199.68674,432117.36048,176250.32341,478,203
18,GOOGL,stocks,hyperliquid,xyz:GOOGL,341.915,0.2924746278254453,178555.04174000002,152796.22483,178555.04174000002,152796.22483,593,190
18,GOOGL,stocks,lighter,116,342.04999999999995,1.1694880566048838,131428.821983,133555.221444,1087518.496599,794744.2717159999,,210
18,AMZN,stocks,hyperliquid,xyz:AMZN,245.97,0.813140348023822,170518.94264,147084.20955,170518.94264,147084.20955,666,187
18,AMZN,stocks,lighter,114,246.015,0.16259303370125266,250321.722964,209125.26775600002,884486.454079,761562.5454299999,,206
18,AMD,stocks,hyperliquid,xyz:AMD,605.095,2.1486537857628996,75085.71673,52004.97202,75085.71673,52004.97202,791,197
18,MU,stocks,hyperliquid,xyz:MU,1050.55,0.9519276534963872,694697.8619,1062806.809,1638686.161,1930371.2644,844,195
18,SNDK,stocks,hyperliquid,xyz:SNDK,1697.35,0.5891710363536973,900606.6097,1381135.5193,1281347.6456,1784514.2183,867,199
18,SNDK,stocks,hyperliquid,io:SNDK,1697.65,0.5890669180019792,53546.47114,100578.86719,63033.73784,108020.26069000001,285,190
18,SNDK,stocks,lighter,139,1697.305,0.8837930038940733,721358.009806,909744.5709149999,2949629.881638,3219392.4327310002,,48
18,MSTR,stocks,hyperliquid,xyz:MSTR,155.75,1.284191601385043,200967.02946,425771.42373,260364.11277,499388.43043,424,188
18,CRCL,stocks,hyperliquid,xyz:CRCL,85.0925,1.9980254807006048,55741.595286,85013.8806,55741.595286,85013.8806,432,192
18,NFLX,stocks,hyperliquid,xyz:NFLX,69.27000000000001,2.021281203528069,17756.235205,14827.910502,17756.235205,14827.910502,446,183
18,LLY,stocks,hyperliquid,xyz:LLY,1186.9499999999998,2.5278058645095136,23253.8993,19010.7173,135606.37737,60673.73254,477,191
18,SKHX,stocks,hyperliquid,xyz:SKHX,1289.6999999999998,1.5508684863529965,812651.8400999999,1383085.2761000001,1396271.7027,1894405.8860000002,610,185
18,TSM,stocks,hyperliquid,xyz:TSM,447.845,1.1165200303686618,45975.55062,49006.57201,74970.17786,54607.62999,616,183
18,USDJPY,fx,hyperliquid,xyz:JPY,157.33499999999998,1.9069412662098273,503949.8109,619607.9458,585406.6523,852444.7178,642,194
18,USDJPY,fx,lighter,98,157.272,3.8157744114175607,33833.647084,51295.416698,1064857.623729,2611779.532164,,213
18,EURUSD,fx,hyperliquid,xyz:EUR,1.1367500000000001,2.639450994192938,388691.09024000005,98588.82811,668737.9839,399939.21973,805,194
18,EURUSD,fx,lighter,96,1.137225,2.02267150935187,57771.948644,54013.239328999996,2130182.619161,2244221.914495,,50
18,XAG,commodities,hyperliquid,xyz:SILVER,60.4715,0.16536852375681477,495180.29893,768939.25042,495180.29893,768939.25042,830,187
18,XAG,commodities,lighter,93,60.5025,0.9586840243569483,830428.838996,970936.380119,2435629.228923,3031140.501146,,230
18,BABA,stocks,hyperliquid,xyz:BABA,107.655,2.787068004459492,78254.61256000001,100806.37628,186228.95369000002,148293.83082,365,237
18,WTI,commodities,hyperliquid,xyz:CL,94.17750000000001,0.5309264666863989,249654.927159,748476.876425,249654.927159,748476.876425,431,191
18,WTI,commodities,lighter,145,94.161,0.21240441801184673,466829.151966,574665.123049,1482014.565324,1721607.408258,,205
18,COPPER,commodities,hyperliquid,xyz:COPPER,6.6095500000000005,0.7565097665396259,28304.322297,48586.030263,28304.322297,48586.030263,529,193
18,NATGAS,commodities,hyperliquid,xyz:NATGAS,3.1333,0.6383250351071901,92026.06099,36455.03116,92026.06099,36455.03116,561,195
18,SMSN,stocks,hyperliquid,xyz:SMSN,198.925,0.5027146591607412,411197.10342,221008.07366999998,411197.10342,223845.07878,628,196
18,XPT,commodities,hyperliquid,xyz:PLATINUM,1700.4499999999998,4.117404858539064,52854.96144,42693.88074,105295.14152,46853.7951,663,191
18,USAR,stocks,hyperliquid,xyz:USAR,14.443000000000001,1.3848497438040397,7223.602470000001,2501.89772,20593.48171,4896.22528,723,193
18,CRWV,stocks,hyperliquid,xyz:CRWV,84.227,1.8998088317379036,54545.560040000004,57779.58124,123166.25498,67451.78159,762,200
18,GME,stocks,hyperliquid,xyz:GME,23.915,3.3457404541836766,8745.192210000001,20011.20583,19808.11446,32933.54353,283,193
18,SOFTBANK,stocks,hyperliquid,xyz:SOFTBANK,38.216499999999996,12.305919932973364,14437.437842,2893.854385,196587.963852,200600.60773699998,334,210
18,JP225,indices,hyperliquid,xyz:JP225,65179.0,8.902532617036663,21560.0644,367004.15421,24679.87472,377687.18615,379,195
18,KIOXIA,stocks,hyperliquid,xyz:KIOXIA,111.795,8.053691275167196,100.88316,7575.041590000001,286.61816,274939.62846,413,190
18,EWY,stocks,hyperliquid,xyz:EWY,183.335,0.545464462988754,232708.27388999998,281409.08842,253227.38379999998,327216.98936,480,195
18,BRENTOIL,commodities,hyperliquid,xyz:BRENTOIL,99.699,0.40121568352091685,222868.70652,125279.86280999999,222868.70652,125279.86280999999,525,190
18,BRENTOIL,commodities,lighter,159,99.625,1.0038144950796912,650615.220915,963550.2287399999,2072815.1533610001,1595652.204373,,54
18,HIMS,stocks,hyperliquid,xyz:HIMS,28.6635,2.442428471738367,14060.814120000001,1507.7141100000001,47669.07998,11390.25243,601,187
18,US500,indices,hyperliquid,xyz:SP500,7664.45,0.13047335734039933,2412906.562,1713706.0251,2412906.562,1713706.0251,628,192
18,US500,indices,hyperliquid,mkts:US500,763.885,0.13091061423331496,33208.363529999995,61216.46898,33208.363529999995,61216.46898,716,235
18,US500,indices,lighter,180,7666.1,1.0436098464583488,739993.659518,918922.5479,13754006.801978,13723845.745375998,,225
18,LITE,stocks,hyperliquid,xyz:LITE,912.745,2.081849558976945,76238.09096,75599.44419,77542.76228,97820.53579,794,192
18,PURRDAT,stocks,hyperliquid,xyz:PURRDAT,12.016,14.991255101191037,1248.728,5929.57,5898.693,51255.236000000004,280,187
18,MRVL,stocks,hyperliquid,xyz:MRVL,249.76999999999998,1.601601601601832,148932.31530000002,190721.7559,148932.31530000002,190721.7559,371,190
18,RKLB,stocks,hyperliquid,xyz:RKLB,71.708,2.2315202231504294,149126.97302,45759.756799999996,149126.97302,87800.28562,403,186
18,DRAM,stocks,hyperliquid,xyz:DRAM,59.8915,0.16696999549203895,88724.1159,84265.7743,88724.1159,84265.7743,449,189
18,CBRS,stocks,hyperliquid,xyz:CBRS,196.72,2.033553634979146,75030.6776,59560.2479,108854.28249999999,126761.48730000001,475,194
18,ARM,stocks,hyperliquid,xyz:ARM,281.445,3.198294243071942,92711.4107,41742.1105,177947.0934,101833.9654,562,190
18,GBPUSD,fx,hyperliquid,xyz:GBP,1.32455,5.2862105422146755,142367.6319,148127.9191,394208.141,656374.4531,595,191
18,GBPUSD,fx,lighter,97,1.32439,2.5675491987731114,48361.492907,18733.770057,2520702.420024,2292022.840109,,211
18,SPCX,stocks,hyperliquid,xyz:SPCX,145.765,0.686059275523121,1245398.9816,1483512.6621,1810752.1759,2220690.74,686,210
18,SPCX,stocks,lighter,194,145.805,0.6858710562407389,708040.888727,771825.62093,1257669.829223,1137630.8532770001,,203
18,MINIMAX,stocks,hyperliquid,xyz:MINIMAX,31.3415,4.787132188677212,15044.69799,14311.84312,30851.353909999998,23242.54053,798,201
18,BB,stocks,hyperliquid,xyz:BB,8.707049999999999,2.182377872985697,1034.70653,15086.76976,31645.42039,57816.00219,577,462
18,QNT,stocks,hyperliquid,xyz:QNT,48.9135,6.7488802994053465,180.42992999999998,252.56392000000002,21723.69364,1425.2617500000001,332,192
18,DELL,stocks,hyperliquid,xyz:DELL,539.4849999999999,2.039189514857487,28905.6489,46000.0602,28905.6489,46723.7368,614,394
18,AVGO,stocks,hyperliquid,xyz:AVGO,348.29499999999996,2.0099925343131098,170691.74349999998,57749.2321,175691.6413,57801.5311,568,317
18,NBIS,stocks,hyperliquid,xyz:NBIS,229.445,2.1794089442939146,63918.140900000006,150384.1177,132419.689,154665.3544,519,186
18,NBIS,stocks,hyperliquid,io:NBIS,229.595,2.177984928344312,10449.449,28751.0831,13488.4501,62152.4723,714,193
18,WDC,stocks,hyperliquid,xyz:WDC,450.365,2.8869642460582767,23142.3861,17138.47357,46773.85037,39484.5272,755,186
18,BE,stocks,hyperliquid,xyz:BE,260.96000000000004,3.0660738923793396,45829.2695,49935.178100000005,98190.6476,77916.5289,771,193
18,ZHIPU,stocks,hyperliquid,xyz:ZHIPU,78.632,3.5615253504284183,28545.334349,19253.845447,47042.308920999996,39141.746495,808,193
18,QCOM,stocks,hyperliquid,xyz:QCOM,186.92000000000002,2.1401819154620583,8327.3763,8589.1121,69413.0809,26685.146,390,210
18,STRC,stocks,hyperliquid,xyz:STRC,99.0815,5.552526904515354,4001.4756,4193.7786,137547.7784,74653.4772,496,276
18,AMAT,stocks,hyperliquid,xyz:AMAT,480.59,2.4972426279323834,28049.67674,26344.1577,32621.52336,38674.34999,409,238
18,SKHY,stocks,hyperliquid,xyz:SKHY,181.915,0.5497223901929083,592473.8554,572674.0167,685657.1708,626422.8645,466,193
18,CXMT,stocks,hyperliquid,xyz:CXMT,8.224499999999999,2.188822413542457,17127.37565,32912.01758,126055.32132,92105.99625,581,189
18,KORU,stocks,hyperliquid,xyz:KORU,20.247,0.9878494517456815,52086.555799999995,43297.8529,171237.6263,111458.81229999999,664,197
18,UNITREE,stocks,hyperliquid,xyz:UNITREE,67.80950000000001,0.442425672486646,20021.03448,11892.15842,20021.03448,11892.15842,587,176
18,SOXL,stocks,hyperliquid,xyz:SOXL,138.64999999999998,1.4425851125232647,227956.1913,175925.87840000002,409277.74210000003,308771.2892,679,181
18,IREN,stocks,hyperliquid,xyz:IREN,41.448,2.412952730257434,331.468,20003.4504,331.468,60287.3035,273,190
18,AAOI,stocks,hyperliquid,xyz:AAOI,95.3175,1.5738117721131317,2081.60477,10792.03024,8170.416810000001,24117.61768,367,214
18,MRNA,stocks,hyperliquid,xyz:MRNA,195.20499999999998,2.561737882977866,44757.8514,47800.779899999994,143177.0181,227345.54809999999,347,181
18,BMNR,stocks,hyperliquid,xyz:BMNR,26.820500000000003,1.8644194197925401,1002.5394200000001,21321.88822,3596.95464,32791.51642,376,196
18,US10Y,rates,hyperliquid,para:10Y,5.254250000000001,7.8062526179500935,5909.71582,52958.757679999995,97168.34442,180573.16725,465,191
18,US10Y,rates,lighter,227,95.195,3.1519226728282668,29998.87999,3521.617959,1122670.826487,972597.014317,,211
18,30Y,unclassified,hyperliquid,para:30Y,5.5555,1.8001800180034166,36498.99294,11999.190779999999,76237.37772,75260.29318,598,229
18,2Y,unclassified,hyperliquid,para:2Y,4.9249,143.15221170167146,0,0,64053.4585,82471.41486,578,200
18,USTECH,indices,hyperliquid,mkts:USTECH,733.355,0.1363605372595167,24864.54806,24661.93008,24864.54806,24661.93008,665,199
18,OAI,preipo,hyperliquid,io:OAI,1623.5,4.92883987431636,2488.9419000000003,4101.5697,8031.7336000000005,10538.3855,752,192
18,ANTH,preipo,hyperliquid,io:ANTH,2053.25,0.48704461328874515,17924.0465,7826.210499999999,24179.5191,13173.392399999999,777,198
19,BTC,crypto,hyperliquid,BTC,83121.5,0.12030654106709449,4740949.99478,5452633.01113,4740949.99478,5452633.01113,357,246
19,BTC,spot,hyperliquid,@142,83147.5,0.12026892130867495,471046.98464,597611.3308400001,471046.98464,597611.3308400001,308,192
19,BTC,crypto,lighter,1,83122.8,0.04812169012824441,2463129.821515,2339358.250019,2463129.821515,2339358.250019,,47
19,ETH,crypto,hyperliquid,ETH,2667.3500000000004,0.3749109586470567,9972912.84371,7171059.48627,9972912.84371,7171059.48627,301,185
19,ETH,spot,hyperliquid,@151,2665.6499999999996,0.37515006002353246,402114.81271,405884.62690000003,402114.81271,405884.62690000003,349,188
19,ETH,crypto,lighter,0,2666.6499999999996,0.5250170630533013,3616619.060216,3614419.500024,3616619.060216,3614419.500024,,223
19,SOL,crypto,hyperliquid,SOL,117.695,0.8496898632004424,2286990.8896,2494953.0081,4473464.7117,4386400.8033,504,195
19,SOL,spot,hyperliquid,@156,117.67,1.6998130205680972,145426.33818,151009.13199,312311.83262,359118.90914,547,196
19,SOL,crypto,lighter,2,117.7055,0.08495815810860563,939125.3912,1215992.620708,2743462.0673930002,4168770.739818,,212
19,AVAX,crypto,hyperliquid,AVAX,10.434000000000001,1.916994153168261,87711.51962,47017.21385000001,236545.31908,149028.77739,693,188
19,BNB,crypto,hyperliquid,BNB,758.405,0.6593000870269705,73836.96911,75833.98685999999,73836.96911,75833.98685999999,727,200
19,OP,crypto,hyperliquid,OP,0.12975,3.0833269097341187,14665.011348000002,6529.864497,72186.364245,43672.349201,742,194
19,LTC,crypto,hyperliquid,LTC,67.9975,0.1470653117063847,35016.16028,47055.77913,35016.16028,47055.77913,759,187
19,ARB,crypto,hyperliquid,ARB,0.19701000000000002,1.0152284263953426,29821.807568,25490.350893,42229.399221,56506.239851,343,193
19,DOGE,crypto,hyperliquid,DOGE,0.0930535,0.7522837184326114,78308.22712000001,168155.649785,78308.22712000001,168155.649785,372,189
19,SUI,crypto,hyperliquid,SUI,1.1185,1.7882689556514286,93781.10599,114034.56488,271719.45336,308751.12301000004,387,188
19,CRV,crypto,hyperliquid,CRV,0.38409000000000004,1.5622558975159073,20876.526825,21782.063554999997,31039.938646000002,34169.452688,413,197
19,LDO,crypto,hyperliquid,LDO,0.43520499999999995,2.527863954957521,12723.868401999998,50212.402917,12723.868401999998,50212.402917,530,186
19,LINK,crypto,hyperliquid,LINK,14.6655,0.6818956699627954,122830.2436,117803.675,166182.5336,149117.5584,576,202
19,XRP,crypto,hyperliquid,XRP,1.4869500000000002,0.6725401842766487,1245865.6615,817509.9886,2049786.3646,1458083.3229,573,184
19,XRP,crypto,lighter,7,1.4860410000000002,2.1939890085187486,438012.57651,189648.562054,7159016.307226,6967411.698149,,224
19,BCH,crypto,hyperliquid,BCH,305.71500000000003,0.9813542688918986,48985.659100000004,28831.83001,48985.659100000004,28831.83001,724,193
19,APT,crypto,hyperliquid,APT,0.81885,3.664345914253797,29942.57594,5880.675774,99306.382784,75766.571602,768,194
19,AAVE,crypto,hyperliquid,AAVE,148.135,2.0253848231166494,60940.5901,70964.9887,86356.0232,140440.0671,764,187
19,WLD,crypto,hyperliquid,WLD,0.476495,1.8889705110725075,26852.204889,65085.197026,30782.19105,65085.197026,300,192
19,WLD,crypto,lighter,6,0.47653,1.678943944258826,97253.418483,66326.308213,1027917.470274,902959.063447,,354
19,TRX,crypto,hyperliquid,TRX,0.334245,0.29918621349933616,49878.35193,35950.32322,49878.35193,35950.32322,425,191
19,UNI,crypto,hyperliquid,UNI,8.56095,0.817699693944629,12517.96183,10625.80099,12517.96183,10625.80099,428,191
19,SEI,crypto,hyperliquid,SEI,0.0742475,2.828778102563767,25561.566251,10476.664419,25894.724415,10476.664419,485,184
19,ZRO,crypto,hyperliquid,ZRO,1.52005,0.6578947368418575,7321.6525599999995,10333.515500000001,28666.746199999998,32582.62096,619,193
19,DOT,crypto,hyperliquid,DOT,1.1613,1.7223561832580003,39785.86967,38584.93576,86833.52398,69039.97865,622,192
19,TIA,crypto,hyperliquid,TIA,0.43081499999999995,2.5536261491310164,14367.068517,3466.249101,43206.242199,51632.75909,679,192
19,ADA,crypto,hyperliquid,ADA,0.24307,1.6457519029011713,104368.53019,126147.85058,105942.97507,126147.85058,745,196
19,PENDLE,crypto,hyperliquid,PENDLE,2.3244,2.581644507551051,16120.9636,7080.5336,18781.9362,10117.5259,809,189
19,NEAR,crypto,hyperliquid,NEAR,4.62275,0.2163237934538209,16758.0901,40589.85888,16758.0901,40589.85888,810,186
19,NEAR,crypto,lighter,10,4.63025,4.01786871505827,24330.121672,36072.493686,1232004.074082,2087559.178497,,212
19,PYTH,crypto,hyperliquid,PYTH,0.079867,2.0035312237820513,2429.05043,3867.877997,24668.189731,13159.80778,409,206
19,JUP,crypto,hyperliquid,JUP,0.32248,0.6202127329690832,17801.75249,5517.35145,23760.474439999998,15055.906200000001,459,191
19,JTO,crypto,hyperliquid,JTO,0.543615,1.6557205143774567,27689.17755,6939.82463,43260.919799999996,15329.64781,462,192
19,WIF,crypto,hyperliquid,WIF,0.23106,0.8656135035711721,5782.95103,5799.48397,78804.94905,44078.53518,544,195
19,ONDO,crypto,hyperliquid,ONDO,0.513555,0.9736529511417125,53590.229139999996,75754.835,53590.229139999996,75754.835,603,193
19,STRK,crypto,hyperliquid,STRK,0.041150000000000006,4.8614487117149,5697.533791,4892.467288,61048.718674,90185.253476,649,188
19,TAO,crypto,hyperliquid,TAO,302.41999999999996,1.984192598962764,33356.56715,97812.33822,48352.93975,97812.33822,652,188
19,ETHFI,crypto,hyperliquid,ETHFI,0.68773,2.0358898292749394,5225.403398,5440.9787830000005,5604.553179,5473.887171,737,192
19,ENA,crypto,hyperliquid,ENA,0.251185,1.1944101604477453,43788.417440000005,76746.49983,54214.959030000005,83369.13506,790,186
19,ENA,crypto,lighter,29,0.25134,0.7957665221036692,123128.403572,17145.594514,1357718.473975,1046892.07492,,207
19,HBAR,crypto,hyperliquid,HBAR,0.119185,2.5174121003601613,23112.79715,10371.10903,99750.99036,62114.976259999996,415,293
19,EIGEN,crypto,hyperliquid,EIGEN,0.25,8.003201280510908,1128.0454770000001,2186.9504159999997,17333.974906,19804.581967,419,212
19,GRASS,crypto,hyperliquid,GRASS,0.668865,2.8410365297482087,1937.663627,2193.855489,13952.936896000001,6584.8565610000005,470,210
19,PURR,crypto,hyperliquid,PURR,0.13946999999999998,10.043041606886405,390.00442,428.11918,986.5225399999999,870.51282,526,199
19,PURR,spot,hyperliquid,PURR/USDC,0.139045,5.035608948997794,121.21542,170.27612,7240.4509,52648.220949999995,612,195
19,XLM,crypto,hyperliquid,XLM,0.227795,3.073410607656868,67699.69633,45517.123889999995,92955.18579,55941.407269999996,616,195
19,HYPE,crypto,hyperliquid,HYPE,86.9675,0.11498614417071451,139891.77202,74474.61772,139891.77202,74474.61772,662,191
19,HYPE,spot,hyperliquid,@107,87.0005,0.11494252873722743,164477.78,131618.23955,164477.78,131618.23955,745,218
19,HYPE,crypto,lighter,24,86.96549999999999,0.8969476182585367,1204638.212162,594044.771555,2504435.650457,2119941.203934,,220
19,VIRTUAL,crypto,hyperliquid,VIRTUAL,0.804465,2.859451731211937,22093.937855,9558.226996,22093.937855,13652.703804,272,193
19,PENGU,crypto,hyperliquid,PENGU,0.009191999999999999,2.1760417800020804,19118.404566999998,31682.003505,73396.92343,80667.07844,320,194
19,FARTCOIN,crypto,hyperliquid,FARTCOIN,0.16486499999999998,0.6065752759898402,15046.870331,23290.759172,26521.524573,51908.687855,397,188
19,SPX,crypto,hyperliquid,SPX,0.403975,0.7426477869110215,5061.001535,4988.091793,9146.521981,14771.621373,462,189
19,MORPHO,crypto,hyperliquid,MORPHO,2.4349,3.286095707537573,6839.85605,4269.44476,11097.234910000001,22268.12967,487,190
19,TRUMP,crypto,hyperliquid,TRUMP,1.9600499999999998,2.551280742932871,45479.51394,58060.69186,88816.11564,100702.81076000001,526,205
19,VVV,crypto,hyperliquid,VVV,27.148,1.4735135931620569,15322.67238,6251.535519999999,30487.90977,7963.195519999999,593,195
19,PAXG,crypto,hyperliquid,PAXG,4141.75,0.2414467489209038,287380.1279,287438.87179999996,287380.1279,287438.87179999996,665,201
19,SYRUP,crypto,hyperliquid,SYRUP,0.22430499999999998,4.013198965486797,1073.28876,1212.87652,14024.20876,16106.51747,694,205
19,PUMP,crypto,hyperliquid,PUMP,0.004833499999999999,2.069108214359794,107396.739737,25610.58233,303273.324552,278734.023798,756,228
19,PUMP,crypto,lighter,45,0.004831,4.1407867494824835,94041.14120099999,26583.745869,908141.238549,794717.194453,,212
19,XPL,crypto,hyperliquid,XPL,0.0969665,0.10312893178987537,97846.675445,5502.786423,109319.42067400001,5502.786423,846,179
19,SKY,crypto,hyperliquid,SKY,0.078044,4.61384666649689,12241.877937000001,3664.017291,16094.048167,13305.932853,412,320
19,ASTER,crypto,hyperliquid,ASTER,0.70584,1.7002465357474073,37041.49909,26244.58536,37041.49909,26244.58536,342,188
19,ZEC,crypto,hyperliquid,ZEC,1382.35,0.7234319612248186,559395.845,633793.485,872066.086,920667.471,484,278
19,ZEC,crypto,lighter,90,1383.2825,1.5110130438733549,448672.428898,547068.221322,6270401.206718,4219297.565648,,55
19,MON,crypto,hyperliquid,MON,0.0274835,0.36386129607324236,5368.825977,8201.40028,5916.991638,16248.177655,487,187
19,CC,crypto,hyperliquid,CC,0.1331,3.005710850614296,11631.061239999999,6354.0811699999995,43303.51024,40001.50039,560,217
19,ICP,crypto,hyperliquid,ICP,3.2572,5.5277462150304935,4983.8791,9273.80486,45939.95212,39768.1375,601,187
19,AERO,crypto,hyperliquid,AERO,0.82388,1.2138426617158693,4287.93321,4378.77781,4287.93321,4378.77781,689,203
19,LIT,crypto,hyperliquid,LIT,4.36165,0.22927366104097402,11061.4594,12152.8384,11061.4594,12152.8384,681,192
19,LIT,crypto,lighter,120,4.3602,3.670229848142803,6084.7733419999995,69000.635303,401023.29690200003,241928.194859,,53
19,XMR,crypto,hyperliquid,XMR,540.475,1.2952409148092592,13134.0305,23716.95688,13134.0305,23716.95688,791,188
19,DASH,crypto,hyperliquid,DASH,59.704,2.0101175918796343,7685.8321000000005,5134.51969,50310.86155,44045.51555999999,807,191
19,SKR,crypto,hyperliquid,SKR,0.018236500000000003,1.6451878256096286,4124.261624,3088.05947,14894.591243,10239.080832,356,224
19,AZTEC,crypto,hyperliquid,AZTEC,0.0184275,2.713704206240841,141.57003600000002,2985.0473,4937.41265,57505.809800999996,463,322
19,CHIP,crypto,hyperliquid,CHIP,0.0426125,1.6428454082473287,5119.844136,1971.6704280000001,20074.64443,24185.735365,432,190
19,GRAM,crypto,hyperliquid,GRAM,1.56235,0.6400819304874794,23677.6042,14512.9854,33785.3309,25602.0745,455,197
19,CASHCAT,crypto,hyperliquid,CASHCAT,0.173095,4.0448399399051205,1104.42332,1565.80174,3669.76501,7880.86691,574,217
19,PONS,crypto,hyperliquid,PONS,0.5287550000000001,0.18912529550663137,18303.12677,6351.92828,25062.36171,15156.15369,658,225
19,USELESS,crypto,hyperliquid,USELESS,0.23227,4.306261303934633,4550.98046,3452.4714,13002.16215,13306.91846,661,204
19,US100,indices,hyperliquid,xyz:XYZ100,30157.5,0.33159797061976803,3944862.7697,4365857.059,3944862.7697,4365857.059,665,200
19,US100,indices,lighter,181,30159.0,1.3263918824812926,871208.117022,916315.97314,2989777.411618,3009599.087105,,211
19,TSLA,stocks,hyperliquid,xyz:TSLA,356.72,0.5606795436086109,252373.66981000002,180884.58419,252373.66981000002,180884.58419,350,198
19,TSLA,stocks,lighter,112,356.79999999999995,1.681755753006886,159243.515742,308511.06562,942306.812832,925534.193822,,228
19,NVDA,stocks,hyperliquid,xyz:NVDA,228.245,0.4381352961790874,713721.29007,723430.9552,713721.29007,723430.9552,353,193
19,NVDA,stocks,lighter,110,228.3555,0.569304003958937,679987.997868,672964.767632,1539280.714797,1480363.591554,,59
19,XAU,commodities,hyperliquid,xyz:GOLD,4132.75,0.24197256031310843,1041427.4632400001,1212301.45106,1041427.4632400001,1212301.45106,535,193
19,XAU,commodities,lighter,92,4134.65,1.160987903958688,810362.968721,1216698.093411,3843586.153227,1568690.143869,,50
19,HOOD,stocks,hyperliquid,xyz:HOOD,115.43,1.7328019407369943,143763.63802,174846.25673,297959.55815,283077.81207,546,191
19,INTC,stocks,hyperliquid,xyz:INTC,114.245,0.8753501400571295,265408.2416,782226.0298,542498.9358999999,1165992.6604,578,193
19,PLTR,stocks,hyperliquid,xyz:PLTR,186.41,1.072961373389525,117762.43919,138285.7908,126082.67675,139905.93882,594,191
19,COIN,stocks,hyperliquid,xyz:COIN,191.485,1.5668250900935377,75929.65398999999,127748.98925000001,86479.43196,192891.14831000002,728,192
19,META,stocks,hyperliquid,xyz:META,713.085,0.4207160587310632,96567.21845,206484.2955,96567.21845,206484.2955,731,183
19,META,stocks,lighter,117,713.47,0.280324054606762,297374.898765,266874.98459,844853.204785,817674.359272,,218
19,AAPL,stocks,hyperliquid,xyz:AAPL,337.45,0.5926979611192706,212492.0728,184635.17206,212492.0728,184635.17206,794,199
19,AAPL,stocks,lighter,113,337.4525,1.155785000281906,194719.322428,271264.189793,1184167.527436,968033.744136,,52
19,MSFT,stocks,hyperliquid,xyz:MSFT,507.165,0.1971764334718351,257008.84262,102957.32537,257008.84262,102957.32537,401,226
19,MSFT,stocks,lighter,115,507.5,1.576478934302017,70620.513615,69534.853001,670957.616604,540487.594836,,53
19,ORCL,stocks,hyperliquid,xyz:ORCL,132.58499999999998,2.2629554197783897,209811.95822,72431.74055,424150.91998,172044.33814,421,182
19,GOOGL,stocks,hyperliquid,xyz:GOOGL,341.915,0.2924746278254453,177255.97454999998,163087.18394,177255.97454999998,163087.18394,426,184
19,GOOGL,stocks,lighter,116,342.065,0.2923463719817221,131437.726685,133598.467116,1087181.465063,797858.3715669999,,46
19,AMZN,stocks,hyperliquid,xyz:AMZN,245.98000000000002,1.626280696047644,176472.58668,207773.24356,176472.58668,207773.24356,519,191
19,AMZN,stocks,lighter,114,246.0245,0.6910119667002945,248417.160453,291515.973261,884678.405477,772266.124065,,209
19,AMD,stocks,hyperliquid,xyz:AMD,605.1600000000001,1.6525920906951264,73081.54668,64615.65945,73081.54668,64615.65945,637,215
19,MU,stocks,hyperliquid,xyz:MU,1050.65,0.951837045499726,861080.3834,801660.8724,1646087.4776,2155314.6741,641,212
19,SNDK,stocks,hyperliquid,xyz:SNDK,1697.55,0.5891016200298971,1160674.1996,1230747.0857,1304699.7557,1527810.2466,708,188
19,SNDK,stocks,hyperliquid,io:SNDK,1698.15,0.5888934691711256,13034.59873,86480.30591,42052.26818,96986.20173999999,294,226
19,SNDK,stocks,lighter,139,1697.69,0.8246839693226704,685999.013702,861961.693439,2964128.816067,2844529.700792,,211
19,MSTR,stocks,hyperliquid,xyz:MSTR,155.86,1.2832852101385406,191039.02672,293321.24867,249385.71513,415762.77443,285,186
19,CRCL,stocks,hyperliquid,xyz:CRCL,85.1235,1.2923235978301584,54188.944017,79206.93506,54188.944017,79206.93506,362,196
19,NFLX,stocks,hyperliquid,xyz:NFLX,69.259,2.599277978339032,24021.165502,13388.106986,24021.165502,13388.106986,471,184
19,LLY,stocks,hyperliquid,xyz:LLY,1186.9,3.3706918344988956,21984.99499,17509.18627,132839.26075,63937.5842,481,186
19,SKHX,stocks,hyperliquid,xyz:SKHX,1290.05,0.7751937984479262,992719.4942,1067827.5111,1632940.7613,1706467.2903,507,200
19,TSM,stocks,hyperliquid,xyz:TSM,447.61,1.3405424728540893,65247.21346,60191.440090000004,65247.21346,60191.440090000004,555,191
19,USDJPY,fx,hyperliquid,xyz:JPY,157.33499999999998,1.9069412662098273,348282.37399999995,553917.4501,549794.8976,860505.7618,660,187
19,USDJPY,fx,lighter,98,157.26850000000002,3.243387622979821,35781.158148,51282.047488,971763.725808,2615862.983523,,241
19,EURUSD,fx,hyperliquid,xyz:EUR,1.1368,1.759479194158864,388715.84518000006,119810.54931999999,666602.3937700001,399955.37982000003,690,182
19,EURUSD,fx,lighter,96,1.13721,1.934746284408817,57786.161208,28011.626792,2130257.849687,2244288.966672,,67
19,XAG,commodities,hyperliquid,xyz:SILVER,60.469,0.33075345637234577,487540.9893,1186191.87187,487540.9893,1186191.87187,331,223
19,XAG,commodities,lighter,93,60.501450000000006,0.8760504340576958,1021736.332325,1139014.480493,2214964.10485,2994619.372764,,228
19,BABA,stocks,hyperliquid,xyz:BABA,107.65,1.8580453363048477,78254.23406,56786.38639,186228.57519,147812.84429,364,190
19,WTI,commodities,hyperliquid,xyz:CL,94.184,0.42470960480933684,430040.800951,553483.585559,430040.800951,553483.585559,408,200
19,WTI,commodities,lighter,145,94.17349999999999,0.9557285306205365,568922.899653,581757.680349,1550261.315058,1762308.942787,,237
19,COPPER,commodities,hyperliquid,xyz:COPPER,6.6095500000000005,0.7565097665396259,26170.466883,59177.496984,26170.466883,59177.496984,584,218
19,NATGAS,commodities,hyperliquid,xyz:NATGAS,3.1327499999999997,0.9576709442637998,138325.9927,59049.31203,138325.9927,59049.31203,618,244
19,SMSN,stocks,hyperliquid,xyz:SMSN,199.005,1.5076134479130587,169553.06831,75088.81118,189680.97191,144309.89443000001,600,191
19,XPT,commodities,hyperliquid,xyz:PLATINUM,1700.35,2.9410034703847288,56805.88552,36085.17528,91142.32397,46520.906390000004,763,192
19,USAR,stocks,hyperliquid,xyz:USAR,14.438500000000001,3.463563313936824,10195.730810000001,2378.76852,27509.535930000002,4987.752579999999,778,192
19,CRWV,stocks,hyperliquid,xyz:CRWV,84.247,1.4244845146671459,53129.59644,62083.39508,57513.96774,62083.39508,791,190
19,GME,stocks,hyperliquid,xyz:GME,23.915,3.3457404541836766,8653.37397,20103.08551,19716.29622,33025.42321,807,188
19,SOFTBANK,stocks,hyperliquid,xyz:SOFTBANK,38.2265,6.542104987701247,2876.586501,2929.38262,188290.26405,205404.615778,415,194
19,JP225,indices,hyperliquid,xyz:JP225,65171.5,6.9072433959083135,14728.3406,364818.69475,29051.67198,376704.8028,424,188
19,KIOXIA,stocks,hyperliquid,xyz:KIOXIA,111.955,6.2544674767694985,131.91044000000002,18683.99017,312.10756000000003,269806.11122,433,183
19,EWY,stocks,hyperliquid,xyz:EWY,183.41,1.090512540893318,394474.95094,272369.58061,408202.95505,301256.60914,451,186
19,BRENTOIL,commodities,hyperliquid,xyz:BRENTOIL,99.70949999999999,0.7020640683608192,165804.50128,496609.8672,165804.50128,496609.8672,610,194
19,BRENTOIL,commodities,lighter,159,99.64500000000001,1.0036130068247218,487075.247291,988154.897112,1973834.12032,1579498.759088,,53
19,HIMS,stocks,hyperliquid,xyz:HIMS,28.665,3.4891835310535413,14015.269180000001,7533.86783,32618.3214,17448.284610000002,632,197
19,US500,indices,hyperliquid,xyz:SP500,7665.05,0.13046314416120808,1654849.8401,1647876.833,1654849.8401,1647876.833,636,184
19,US500,indices,hyperliquid,mkts:US500,763.885,0.13091061423331496,37572.1956,60641.52427,37572.1956,60641.52427,666,185
19,US500,indices,lighter,180,7666.65,1.173984503404224,777216.0372210001,910909.467941,13753463.103081,13671684.811715,,50
19,LITE,stocks,hyperliquid,xyz:LITE,913.355,1.6424316748420154,45781.84946,81678.40891,45781.84946,81678.40891,306,205
19,PURRDAT,stocks,hyperliquid,xyz:PURRDAT,12.004999999999999,10.00083340278346,1655.73,43646.087,7389.696,119390.183,302,197
19,MRVL,stocks,hyperliquid,xyz:MRVL,249.83499999999998,1.2008646225281083,136191.4217,151977.6201,136191.4217,171417.8094,326,195
19,RKLB,stocks,hyperliquid,xyz:RKLB,71.717,2.231240151164826,142009.57536,49079.51063,142009.57536,59531.421729999995,367,232
19,DRAM,stocks,hyperliquid,xyz:DRAM,59.920500000000004,0.1668891855799437,144198.0346,79013.7988,144198.0346,79013.7988,550,246
19,CBRS,stocks,hyperliquid,xyz:CBRS,196.745,1.5249326488087078,41890.6857,52475.0289,131248.2348,111954.9012,495,187
19,ARM,stocks,hyperliquid,xyz:ARM,281.81,1.4194967883862653,46840.843499999995,51269.276000000005,96604.3379,101748.0071,529,202
19,GBPUSD,fx,hyperliquid,xyz:GBP,1.3245,6.041839740200672,142357.6289,165168.4189,394180.398,672241.6751,572,203
19,GBPUSD,fx,lighter,97,1.32436,2.1144522813432154,48361.067716000005,18733.987629000003,2520701.994833,2292023.057681,,58
19,SPCX,stocks,hyperliquid,xyz:SPCX,145.765,0.686059275523121,1271808.0864,1505474.782,1806410.226,2218396.0203,725,195
19,SPCX,stocks,lighter,194,145.815,0.6858240175566799,733682.151526,771668.698148,1280304.5464,1138643.417435,,218
19,MINIMAX,stocks,hyperliquid,xyz:MINIMAX,31.3515,4.785604900459095,13856.00708,11553.49145,32189.22514,21708.36753,774,218
19,BB,stocks,hyperliquid,xyz:BB,8.70775,2.8714179061606337,997.3679999999999,12225.74761,20967.168999999998,59299.79475,765,191
19,QNT,stocks,hyperliquid,xyz:QNT,48.9255,11.657156880791053,180.42992999999998,85.68054000000001,17284.4865,1330.57253,404,214
19,DELL,stocks,hyperliquid,xyz:DELL,539.565,2.038887138329226,33430.5031,37232.024,33430.5031,37232.024,421,191
19,AVGO,stocks,hyperliquid,xyz:AVGO,348.35,2.871088142404332,159705.9536,45763.8961,170315.721,68604.6006,426,191
19,NBIS,stocks,hyperliquid,xyz:NBIS,229.365,1.308044473511405,105987.1645,95225.2831,105987.1645,131719.0013,416,177
19,NBIS,stocks,hyperliquid,io:NBIS,229.55,1.742691587156564,13895.0359,34342.7894,16251.9445,56714.8315,603,197
19,WDC,stocks,hyperliquid,xyz:WDC,450.375,2.8869001354614454,25677.787439999996,11936.95841,46570.2119,38682.15,607,190
19,BE,stocks,hyperliquid,xyz:BE,261.08500000000004,1.91526852064694,36746.8538,57417.9301,57882.9202,83731.6697,615,192
19,ZHIPU,stocks,hyperliquid,xyz:ZHIPU,78.69200000000001,3.050330452463168,28256.810616000002,27558.624628999998,54276.374818000004,50742.905676,612,184
19,QCOM,stocks,hyperliquid,xyz:QCOM,186.95999999999998,2.139723975607133,9889.5378,8508.5655,70353.61,27586.1202,804,200
19,STRC,stocks,hyperliquid,xyz:STRC,99.06450000000001,4.543526988549651,2257.7711,2368.8467,137322.4284,74365.4857,813,204
19,AMAT,stocks,hyperliquid,xyz:AMAT,480.81,1.6639973376042505,35594.5292,31623.19418,36456.7036,39203.95767,810,197
19,SKHY,stocks,hyperliquid,xyz:SKHY,182.025,0.5493901769026976,638830.9654,532583.935,710627.257,592065.999,822,206
19,CXMT,stocks,hyperliquid,xyz:CXMT,8.225,3.1615939297413576,17083.06725,32557.42935,93243.47623,89086.22407,455,189
19,KORU,stocks,hyperliquid,xyz:KORU,20.2735,1.4798737174426257,51422.564,32098.9587,107590.67009999999,107575.7125,468,196
19,UNITREE,stocks,hyperliquid,xyz:UNITREE,67.8235,0.1474426079650648,32830.46381,14802.143989999999,32830.46381,14802.143989999999,465,189
19,SOXL,stocks,hyperliquid,xyz:SOXL,138.84,1.4406108189857214,228564.3175,166765.9943,344554.4216,372018.4744,477,194
19,IREN,stocks,hyperliquid,xyz:IREN,41.4615,0.7235890014478663,1769.3603999999998,17155.2643,1769.3603999999998,131484.17359999998,782,326
19,AAOI,stocks,hyperliquid,xyz:AAOI,95.3725,1.7826433454959378,4524.26806,11228.65643,6249.3265,17316.40091,778,312
19,MRNA,stocks,hyperliquid,xyz:MRNA,195.195,3.58680057388705,40355.362499999996,48117.98269999999,117603.739,228223.2936,653,184
19,BMNR,stocks,hyperliquid,xyz:BMNR,26.826,2.98262620237022,2858.1385299999997,15945.83418,5453.32212,104339.11744,818,339
19,US10Y,rates,hyperliquid,para:10Y,5.2559000000000005,8.755900715702314,21884.402820000003,27211.3297,97117.67138,182272.92022,307,191
19,US10Y,rates,lighter,227,95.185,3.1522538615114115,49999.262579,3522.2667200000005,1122670.7867410001,972597.663078,,219
19,30Y,unclassified,hyperliquid,para:30Y,5.5555,1.8001800180034166,36498.99294,6999.3196800000005,76237.37772,75260.37355,435,190
19,2Y,unclassified,hyperliquid,para:2Y,4.9249,143.15221170167146,0,0,64053.795190000004,82471.41486,474,194
19,USTECH,indices,hyperliquid,mkts:USTECH,733.355,0.1363605372595167,30063.844100000002,35799.47916,30063.844100000002,35799.47916,495,186
19,OAI,preipo,hyperliquid,io:OAI,1623.5,2.4641163062910643,2334.997,2993.626,8153.0411,9054.3478,629,193
19,ANTH,preipo,hyperliquid,io:ANTH,2054.1499999999996,0.48683121561809983,13950.3156,7977.374,17300.8082,9531.9516,656,194
20,BTC,crypto,hyperliquid,BTC,83093.5,0.12034708098074276,4118118.57552,5283595.919,4118118.57552,5283595.919,315,195
20,BTC,spot,hyperliquid,@142,83111.5,0.12032101647241333,572872.50893,528584.9781,572872.50893,528584.9781,312,191
20,BTC,crypto,lighter,1,83098.1,0.4091633331904099,3181372.395724,2656399.467507,3181372.395724,2656399.467507,,54
20,ETH,crypto,hyperliquid,ETH,2667.8500000000004,0.3748406927051029,9545376.47447,8645839.45085,9545376.47447,8645839.45085,328,205
20,ETH,spot,hyperliquid,@151,2665.8500000000004,0.37512191462196753,425418.03949,513951.76537,425418.03949,513951.76537,370,189
20,ETH,crypto,lighter,0,2666.795,0.41248865656262623,3927563.418425,5311764.031577,3927563.418425,5311764.031577,,218
20,SOL,crypto,hyperliquid,SOL,117.67500000000001,0.8498342823148874,2339260.6293,3025500.8915999997,4305749.1113,4549863.5204,515,199
20,SOL,spot,hyperliquid,@156,117.64500000000001,0.8500510030606812,115249.16408,168932.15919,268486.91268,357904.89178,518,188
20,SOL,crypto,lighter,2,117.6755,1.2747730903894805,1301418.531442,1287712.550896,2884026.367343,4539717.958273999,,51
20,AVAX,crypto,hyperliquid,AVAX,10.4255,0.9592326139085117,75941.0335,43421.15311,212681.37588,156786.38945000002,608,183
20,BNB,crypto,hyperliquid,BNB,758.265,0.13188088518356622,111807.5526,51834.850060000004,111807.5526,51834.850060000004,709,193
20,OP,crypto,hyperliquid,OP,0.129685,2.3135652039796284,14536.586657,8490.851594,73754.081813,68335.334658,706,187
20,LTC,crypto,hyperliquid,LTC,67.977,0.2942214899359641,38216.25644,62183.029480000005,38216.25644,62183.029480000005,755,223
20,ARB,crypto,hyperliquid,ARB,0.19676,2.0331401850159914,28590.884921,36732.093241,59137.439376999995,40310.79838,801,191
20,DOGE,crypto,hyperliquid,DOGE,0.0930125,0.10751300907330119,148971.88761,118779.191537,148971.88761,118779.191537,353,192
20,SUI,crypto,hyperliquid,SUI,1.11755,0.8948545861287016,107246.06911,127561.1447,228706.47326,258478.78083,418,253
20,CRV,crypto,hyperliquid,CRV,0.384305,1.3011345893620962,3196.71273,32780.505623,19963.978342,49658.741543,402,191
20,LDO,crypto,hyperliquid,LDO,0.434925,0.22992734296067852,10088.128073,24632.149637,10088.128073,25206.333876999997,445,188
20,LINK,crypto,hyperliquid,LINK,14.647,1.3655605626095024,125451.3971,137481.6902,175834.5949,198642.3111,544,190
20,XRP,crypto,hyperliquid,XRP,1.4863499999999998,0.6728116800114314,1166172.4123,862615.5252,1963503.4688,1611231.2558,594,191
20,XRP,crypto,lighter,7,1.4856005,2.888138167453924,293842.153902,596262.936829,7396058.180267,6948243.311296,,47
20,BCH,crypto,hyperliquid,BCH,305.69,1.3086007786156095,52711.96495,38915.70087,52711.96495,38915.70087,638,192
20,APT,crypto,hyperliquid,APT,0.81865,3.6652412950521907,6130.113209,9769.45894,91592.307082,79813.44598799999,659,191
20,AAVE,crypto,hyperliquid,AAVE,148.075,2.026205592327024,67039.7717,65607.6696,145562.7195,135799.4997,739,194
20,WLD,crypto,hyperliquid,WLD,0.47626500000000005,0.20996934447570226,43022.333022,81326.862738,43022.333022,81326.862738,784,189
20,WLD,crypto,lighter,6,0.476295,1.0498246792778332,44824.142622,66755.097586,1023086.050989,903344.886234,,53
20,TRX,crypto,hyperliquid,TRX,0.33413499999999996,0.2992847095439899,40059.70427,53509.81944,40059.70427,53509.81944,308,191
20,UNI,crypto,hyperliquid,UNI,8.56165,0.3504058868175619,6637.48354,61651.60702,6637.48354,61651.60702,342,191
20,SEI,crypto,hyperliquid,SEI,0.074208,2.1563342318065004,16513.620849,36974.307111999995,22334.896167,41911.4027,385,188
20,ZRO,crypto,hyperliquid,ZRO,1.5201500000000001,3.289690111190069,7606.85654,19304.12158,24072.76913,36293.45278,432,189
20,DOT,crypto,hyperliquid,DOT,1.16105,0.8613264427226319,48987.59979,46388.17402,75650.03459,76213.59319,508,199
20,TIA,crypto,hyperliquid,TIA,0.43013999999999997,1.3949919787958898,5104.710798,3829.240795,55115.463928,60965.318899,533,189
20,ADA,crypto,hyperliquid,ADA,0.24302,0.8230113987073295,88272.32762,153092.09628,88272.32762,159280.90597,586,199
20,PENDLE,crypto,hyperliquid,PENDLE,2.32455,3.011789002669296,12201.925299999999,2696.0753,17223.9965,38416.3973,628,194
20,NEAR,crypto,hyperliquid,NEAR,4.62645,0.2161507867892709,301938.92710000003,53762.84633,301938.92710000003,53762.84633,699,190
20,NEAR,crypto,lighter,10,4.6320049999999995,0.02158894645942766,27720.577774,79708.24935,974496.423484,1523586.56447,,72
20,PYTH,crypto,hyperliquid,PYTH,0.079911,3.003792287763485,799.8456469999999,6875.534148,12800.686063000001,9803.094068,779,191
20,JUP,crypto,hyperliquid,JUP,0.32241,1.2407332733643806,11752.18581,6563.90949,26216.18288,14500.37177,795,186
20,JTO,crypto,hyperliquid,JTO,0.54387,0.7354969201078809,20436.56681,10355.50236,42553.72356,14275.22455,283,192
20,WIF,crypto,hyperliquid,WIF,0.231235,0.43246983522982063,13692.0858,16421.10292,69785.4207,33791.37972,358,196
20,ONDO,crypto,hyperliquid,ONDO,0.514525,0.5830790460814583,49802.20588,78733.20431,49802.20588,78733.20431,430,188
20,STRK,crypto,hyperliquid,STRK,0.041135000000000005,2.4313153416000155,982.423198,6521.821037,63674.211002000004,94282.430027,449,191
20,TAO,crypto,hyperliquid,TAO,301.92999999999995,1.9874130506791765,22076.867840000003,112577.43753000001,22076.867840000003,112577.43753000001,476,192
20,ETHFI,crypto,hyperliquid,ETHFI,0.687845,1.0177229176666636,4235.128919,6502.390960000001,5194.069289,11884.714155000001,552,193
20,ENA,crypto,hyperliquid,ENA,0.250965,0.3984698756775984,43385.63699,88607.69453000001,58806.32109,88607.69453000001,625,194
20,ENA,crypto,lighter,29,0.251065,2.788511333307042,182227.865897,135795.200129,1403177.812524,1201341.179543,,206
20,HBAR,crypto,hyperliquid,HBAR,0.11951,5.021760964176725,12428.316190000001,12777.4445,224630.87133,59875.58453,660,183
20,EIGEN,crypto,hyperliquid,EIGEN,0.24975,4.004805766919528,856.662259,1576.2369039999999,28560.344321999997,16312.061294,748,194
20,GRASS,crypto,hyperliquid,GRASS,0.67021,5.372893751025565,1778.040143,2206.297456,11269.512237,5588.660639000001,819,192
20,PURR,crypto,hyperliquid,PURR,0.139455,7.890961262553287,349.71414999999996,50.935950000000005,933.70687,622.48215,291,189
20,PURR,spot,hyperliquid,PURR/USDC,0.139045,5.035608948997794,52.95021,170.27612,6734.62973,48654.82518,294,188
20,XLM,crypto,hyperliquid,XLM,0.22769,1.7569288883034773,41583.85158,31939.52805,83166.85951,40250.451890000004,384,190
20,HYPE,crypto,hyperliquid,HYPE,86.9995,0.11494384992927209,186668.90387,54391.01151,186668.90387,54391.01151,461,195
20,HYPE,spot,hyperliquid,@107,87.0385,0.11489234587269692,61544.756629999996,71911.90576,61544.756629999996,71911.90576,485,193
20,HYPE,crypto,lighter,24,87.00290000000001,0.6436774210616392,547941.92235,956099.831638,2364888.101076,1526056.826202,,210
20,VIRTUAL,crypto,hyperliquid,VIRTUAL,0.803515,0.3733665214689097,6840.782373,33142.143165,11508.766475999999,34495.723872,588,202
20,PENGU,crypto,hyperliquid,PENGU,0.009179,2.179123992156473,18399.688658,46926.044348,59688.629369,95044.981212,652,190
20,FARTCOIN,crypto,hyperliquid,FARTCOIN,0.16463499999999998,1.8223788118088002,9304.652253,40915.943122000004,22480.699937,67363.60482000001,678,191
20,SPX,crypto,hyperliquid,SPX,0.40326,1.9840285700101212,5129.063973,10227.477105,10855.419104,19369.360232,698,191
20,MORPHO,crypto,hyperliquid,MORPHO,2.4320500000000003,2.0560901389932162,5919.18568,5004.61906,14769.26754,11174.41889,779,190
20,TRUMP,crypto,hyperliquid,TRUMP,1.95885,1.5316281206922966,26865.51148,58609.1056,60638.40615,65992.9247,315,199
20,VVV,crypto,hyperliquid,VVV,27.149,2.2102703897441955,16444.04908,3744.80886,30633.40418,5931.7305400000005,334,191
20,PAXG,crypto,hyperliquid,PAXG,4141.75,0.2414467489209038,222285.0666,288628.48819999996,222285.0666,288628.48819999996,358,196
20,SYRUP,crypto,hyperliquid,SYRUP,0.224495,2.227469149551631,1080.35627,1870.4828400000001,13681.51434,14910.55443,429,186
20,PUMP,crypto,hyperliquid,PUMP,0.004824500000000001,2.0729684908782353,149228.154801,19520.576059,440788.798845,223529.150501,510,194
20,PUMP,crypto,lighter,45,0.004824,4.14679659962669,31709.985085,3113.0774180000003,880781.088148,717567.1684269999,,56
20,XPL,crypto,hyperliquid,XPL,0.0967865,0.10332072820418148,105538.921894,4248.862423,119382.85820199999,4248.862423,543,184
20,SKY,crypto,hyperliquid,SKY,0.07802600000000001,5.640736372494182,8605.680191,5859.902405,13648.966316,13651.929147,601,208
20,ASTER,crypto,hyperliquid,ASTER,0.705315,1.8433179723498228,22800.00447,27418.29387,22800.00447,27418.29387,618,188
20,ZEC,crypto,hyperliquid,ZEC,1382.15,0.7235366471314286,536456.807,713626.591,1074935.477,1131203.535,707,196
20,ZEC,crypto,lighter,90,1382.79,1.1137524562210288,384300.67255799996,544365.595633,5849894.802602001,2812654.299826,,216
20,MON,crypto,hyperliquid,MON,0.027471000000000002,0.7280669821607688,7826.3754309999995,23531.220944,7967.130577999999,23671.663444,792,190
20,CC,crypto,hyperliquid,CC,0.133135,2.2536057692312816,9271.33169,12361.0218,43722.29087,45486.53092,276,192
20,ICP,crypto,hyperliquid,ICP,3.2553,7.375311145938479,3653.5841100000002,49388.484899999996,50275.67653,66733.07147,389,216
20,AERO,crypto,hyperliquid,AERO,0.823815,1.3353403904048378,3642.04321,11968.34924,3642.04321,11968.34924,423,196
20,LIT,crypto,hyperliquid,LIT,4.357,1.8362943579863789,17106.210600000002,13135.0017,17106.210600000002,13135.0017,558,299
20,LIT,crypto,lighter,120,4.3565000000000005,2.295684113866603,15263.635918999998,66234.970529,408341.191437,251677.157656,,216
20,XMR,crypto,hyperliquid,XMR,540.245,0.18510291722284578,26428.780450000002,21075.49176,52532.07315,27652.9372,575,185
20,DASH,crypto,hyperliquid,DASH,59.5955,0.8390247176670584,10240.863379999999,41616.11846,50521.39286,66501.75014999999,623,198
20,SKR,crypto,hyperliquid,SKR,0.0182235,0.5487570652484841,34380.828926999995,2491.058727,47473.915800999996,10986.066384,696,202
20,AZTEC,crypto,hyperliquid,AZTEC,0.018410999999999997,2.172850236297208,119.970494,2762.176103,19159.788724,33775.598295,747,188
20,CHIP,crypto,hyperliquid,CHIP,0.042591500000000004,2.1133209664925268,6059.177898,3542.807201,12042.823941,12744.628717,764,187
20,GRAM,crypto,hyperliquid,GRAM,1.56115,1.9218449711710939,93310.3203,20604.7009,106962.64450000001,37621.0297,827,202
20,CASHCAT,crypto,hyperliquid,CASHCAT,0.17213499999999998,0.5809562539926816,1783.68224,2887.40483,4729.6875,6261.63269,790,640
20,PONS,crypto,hyperliquid,PONS,0.5294449999999999,1.3222266296430973,13116.90751,2625.1571400000003,39268.444670000004,12726.91842,807,605
20,USELESS,crypto,hyperliquid,USELESS,0.23204999999999998,3.4481272358943826,5008.65028,3773.24781,14819.91338,13214.99547,562,344
20,US100,indices,hyperliquid,xyz:XYZ100,30158.5,0.331586975264031,3973917.3829,4376755.862,3973917.3829,4376755.862,529,248
20,US100,indices,lighter,181,30160.5,0.9947279419075805,1022217.140287,934235.311491,3003811.628792,3046608.6912,,218
20,TSLA,stocks,hyperliquid,xyz:TSLA,356.74,0.560648109213524,297045.51746,164542.52724,297045.51746,164542.52724,764,201
20,TSLA,stocks,lighter,112,356.81,0.5605381165918466,177432.816028,307633.982134,962749.785073,975017.237247,,215
20,NVDA,stocks,hyperliquid,xyz:NVDA,228.245,0.4381352961790874,717989.1221,715229.08466,717989.1221,715229.08466,435,202
20,NVDA,stocks,lighter,110,228.3475,0.39414389755743073,596668.019345,689788.01107,1486403.470551,1503080.377892,,244
20,XAU,commodities,hyperliquid,xyz:GOLD,4132.75,0.24197256031310843,1116269.61764,1272838.52427,1116269.61764,1272838.52427,471,196
20,XAU,commodities,lighter,92,4134.99,0.6771708768149587,692742.9543069999,1342206.522523,3244193.765245,2688534.864333,,59
20,HOOD,stocks,hyperliquid,xyz:HOOD,115.38,1.7335529167028518,150366.61744,122742.33689,316775.40435,255978.39432,646,210
20,INTC,stocks,hyperliquid,xyz:INTC,114.195,0.8757334267461836,284644.7295,760386.7539,645196.8979,1057147.662,658,186
20,PLTR,stocks,hyperliquid,xyz:PLTR,186.405,0.5364806866947625,119644.00581,137559.67319,127156.04857,138369.70379,680,187
20,COIN,stocks,hyperliquid,xyz:COIN,191.51999999999998,1.044331888675476,79944.8128,124056.75524,114943.7037,147448.37563,692,187
20,META,stocks,hyperliquid,xyz:META,713.165,0.14022098827837226,113002.11015,245676.27682,113002.11015,245676.27682,292,188
20,META,stocks,lighter,117,713.535,0.1401482768770279,317945.872865,284187.29370599997,862221.86592,835004.616962,,48
20,AAPL,stocks,hyperliquid,xyz:AAPL,337.43,0.5927330922883556,206327.68062,169939.48761,206327.68062,169939.48761,344,205
20,AAPL,stocks,lighter,113,337.43399999999997,1.1262095638886471,192699.321653,265251.958644,1183943.996493,982170.684407,,224
20,MSFT,stocks,hyperliquid,xyz:MSFT,507.17,0.39435286694589067,214683.96809,93915.25854000001,214683.96809,93915.25854000001,364,197
20,MSFT,stocks,lighter,115,507.475,0.9853187506170258,77283.23696299999,65515.931619999996,689659.307416,536911.114457,,207
20,ORCL,stocks,hyperliquid,xyz:ORCL,132.57999999999998,1.5086369465189264,203670.59522,60408.200809999995,442155.00071,146299.31901,541,195
20,GOOGL,stocks,hyperliquid,xyz:GOOGL,341.945,0.29244896765590056,196849.68466,170211.7891,196849.68466,170211.7891,557,192
20,GOOGL,stocks,lighter,116,342.08500000000004,0.8770134767743798,131446.871242,130236.667044,1087258.213548,774957.007339,,218
20,AMZN,stocks,hyperliquid,xyz:AMZN,245.98000000000002,0.8131072895078972,176822.98252,142049.27475,176822.98252,142049.27475,696,194
20,AMZN,stocks,lighter,114,246.02100000000002,0.24388459381130545,253564.82477799998,290725.39312,890134.393873,775962.03704,,57
20,AMD,stocks,hyperliquid,xyz:AMD,605.095,2.1486537857628996,98057.43575,59879.66894,98057.43575,59879.66894,748,189
20,MU,stocks,hyperliquid,xyz:MU,1050.75,0.951746454742608,802464.7531,907481.2734999999,1693259.3088,2226472.9808,822,225
20,SNDK,stocks,hyperliquid,xyz:SNDK,1698.15,0.5888934691711256,968887.6588,1446940.0801,1194504.2817,1855861.9915,276,212
20,SNDK,stocks,hyperliquid,io:SNDK,1698.55,0.5887547836325169,55520.448209999995,89799.73784,63584.26385999999,276409.48370000004,357,196
20,SNDK,stocks,lighter,139,1698.08,0.824494555391464,719113.639723,1059577.0688160001,2988281.710856,3332077.29369,,214
20,MSTR,stocks,hyperliquid,xyz:MSTR,155.79000000000002,1.2838618564647852,129963.76389,379023.90128,213084.17065000001,521820.34009,467,190
20,CRCL,stocks,hyperliquid,xyz:CRCL,85.107,1.1750605156146676,63300.536456,82161.623458,63300.536456,82161.623458,477,189
20,NFLX,stocks,hyperliquid,xyz:NFLX,69.275,2.8874611997387056,13403.666390999999,23263.650438,13403.666390999999,23263.650438,554,196
20,LLY,stocks,hyperliquid,xyz:LLY,1187.0,1.685061926024467,29141.00938,17263.997750000002,136140.10188,65057.53395,627,198
20,SKHX,stocks,hyperliquid,xyz:SKHX,1290.15,0.775133710566589,1227692.5286,1153713.3199,1722542.1699,1671674.9527,655,187
20,TSM,stocks,hyperliquid,xyz:TSM,447.53999999999996,1.7877094972074126,63421.94375,50814.36666,63421.94375,60742.59502,658,180
20,USDJPY,fx,hyperliquid,xyz:JPY,157.34500000000003,1.906820059747183,479277.3875,541851.215,554553.6133,856100.5015,743,188
20,USDJPY,fx,lighter,98,157.2735,2.7344644265236973,33200.309026,41539.216861,971788.146627,2596240.311717,,52
20,EURUSD,fx,hyperliquid,xyz:EUR,1.1368,1.759479194158864,388683.28926000005,119810.54931999999,668780.1349200001,399955.94882,290,188
20,EURUSD,fx,lighter,96,1.13721,1.934746284408817,57786.317398,28011.349882,2130258.060177,2244298.488914,,52
20,XAG,commodities,hyperliquid,xyz:SILVER,60.4825,0.165338447801755,433491.60877,1236795.99843,433491.60877,1236795.99843,331,204
20,XAG,commodities,lighter,93,60.5103,0.49579565286395066,925967.9623400001,1137642.512378,2333820.792223,2527542.316127,,53
20,BABA,stocks,hyperliquid,xyz:BABA,107.66499999999999,0.9288500835968883,80173.74573,100971.21158,184854.44115,148604.77232,390,200
20,WTI,commodities,hyperliquid,xyz:CL,94.1685,0.9557792787062702,862521.9487470001,350878.519977,862521.9487470001,350878.519977,405,190
20,WTI,commodities,lighter,145,94.1525,1.1683856097377543,559220.0244,570884.592409,1574294.239475,1580327.964257,,56
20,COPPER,commodities,hyperliquid,xyz:COPPER,6.61025,1.0590175343039299,32734.959892,59385.318246999996,32734.959892,59385.318246999996,528,196
20,NATGAS,commodities,hyperliquid,xyz:NATGAS,3.13385,0.9573347799718412,128715.45092,63817.9912,128715.45092,63817.9912,546,198
20,SMSN,stocks,hyperliquid,xyz:SMSN,198.985,0.5025630716670726,183934.59486,83046.89202,183934.59486,83046.89202,587,196
20,XPT,commodities,hyperliquid,xyz:PLATINUM,1700.4,2.3526643924243196,55280.26826,39423.87962,92114.7829,45658.100549999996,590,184
20,USAR,stocks,hyperliquid,xyz:USAR,14.4465,0.6922331441217011,1198.3324899999998,2517.88827,22673.52615,4918.1772,723,194
20,CRWV,stocks,hyperliquid,xyz:CRWV,84.2555,1.5430450213060887,31515.62963,62456.43992,31515.62963,62456.43992,740,193
20,GME,stocks,hyperliquid,xyz:GME,23.915,3.3457404541836766,9615.18801,16581.25581,20131.85026,29479.2633,778,190
20,SOFTBANK,stocks,hyperliquid,xyz:SOFTBANK,38.2325,12.824539363482934,12238.662039,20053.725311,184969.103428,204484.988326,778,187
20,JP225,indices,hyperliquid,xyz:JP225,65166.0,8.904309378694464,16028.82302,367463.17345,33743.55113,378070.27277,372,188
20,KIOXIA,stocks,hyperliquid,xyz:KIOXIA,111.935,6.255585344057124,119.02403,1441.55701,12662.49141,167529.64367000002,390,190
20,EWY,stocks,hyperliquid,xyz:EWY,183.46499999999997,1.6353229762877675,373468.61728999997,295000.82578,409087.50925999996,318921.02625,481,242
20,BRENTOIL,commodities,hyperliquid,xyz:BRENTOIL,99.7065,0.10029486690710243,163389.13284,445621.12496000004,163389.13284,445621.12496000004,475,234
20,BRENTOIL,commodities,lighter,159,99.64500000000001,1.0036130068247218,492248.857734,1004125.475912,1941551.346415,1667249.428542,,58
20,HIMS,stocks,hyperliquid,xyz:HIMS,28.665,3.4891835310535413,14015.269180000001,8484.54493,32618.3214,18296.74004,582,191
20,US500,indices,hyperliquid,xyz:SP500,7664.95,0.13046484624856802,1697501.6706,1814999.7612,1697501.6706,1814999.7612,623,190
20,US500,indices,hyperliquid,mkts:US500,763.885,0.13091061423331496,36764.84055,62386.876099999994,36764.84055,62386.876099999994,685,209
20,US500,indices,lighter,180,7666.799999999999,1.0435145570286686,762920.7634490001,903566.347079,13776938.998479,13700935.557960998,,213
20,LITE,stocks,hyperliquid,xyz:LITE,913.36,2.1899568578498396,30164.3973,74517.17979,30164.3973,74517.17979,768,185
20,PURRDAT,stocks,hyperliquid,xyz:PURRDAT,12.006,11.667638969914407,1619.666,7342.073,5941.761,45158.844000000005,811,187
20,MRVL,stocks,hyperliquid,xyz:MRVL,249.95,0.8001920460909417,119944.4567,199876.944,119944.4567,199876.944,879,193
20,RKLB,stocks,hyperliquid,xyz:RKLB,71.70949999999999,2.6499302649907186,142879.14585,50815.94249,142879.14585,83404.58302,877,181
20,DRAM,stocks,hyperliquid,xyz:DRAM,59.9345,0.16685020189033395,186935.28449999998,102817.0269,186935.28449999998,102817.0269,351,191
20,CBRS,stocks,hyperliquid,xyz:CBRS,196.735,1.5250101667341198,75443.1777,77705.6581,133094.1905,125272.7091,398,195
20,ARM,stocks,hyperliquid,xyz:ARM,281.855,0.3547986517649093,30331.5003,62101.6377,85811.6546,67821.23790000001,449,180
20,GBPUSD,fx,hyperliquid,xyz:GBP,1.32455,5.2862105422146755,143691.7319,148130.5698,395527.053,656387.7117999999,453,181
20,GBPUSD,fx,lighter,97,1.3244,2.718581504583817,48361.168158,24687.373473,2520702.187395,2292028.8852130002,,211
20,SPCX,stocks,hyperliquid,xyz:SPCX,145.785,0.6859651529689259,1255052.9342999998,1568594.5412,1720381.2994,2135164.7414,598,198
20,SPCX,stocks,lighter,194,145.835,0.6857299595419697,814287.05582,736842.768517,1237019.957247,1168695.669866,,52
20,MINIMAX,stocks,hyperliquid,xyz:MINIMAX,31.3515,4.785604900459095,13958.56454,13321.646920000001,32033.96124,21712.4336,634,180
20,BB,stocks,hyperliquid,xyz:BB,8.69975,1.9542700801244983,20945.46472,1124.60664,47821.13747,17902.93155,698,195
20,QNT,stocks,hyperliquid,xyz:QNT,48.946,19.632704814103175,1887.95178,36.25556,5584.87152,1571.85354,764,198
20,DELL,stocks,hyperliquid,xyz:DELL,539.565,2.038887138329226,27923.6021,85490.0286,27923.6021,85490.0286,799,200
20,AVGO,stocks,hyperliquid,xyz:AVGO,348.315,2.5842019123101245,151228.1555,32264.097899999997,165959.872,32727.828999999998,293,190
20,NBIS,stocks,hyperliquid,xyz:NBIS,229.43,1.7436031559214804,100737.6917,117111.9884,111567.1971,117111.9884,406,238
20,NBIS,stocks,hyperliquid,io:NBIS,229.63,1.7420844039883754,18310.6835,34401.0158,23229.6305,35594.5234,423,190
20,WDC,stocks,hyperliquid,xyz:WDC,450.325,2.8872207169183817,30309.76143,11582.89143,46201.99729,30265.45201,461,193
20,BE,stocks,hyperliquid,xyz:BE,261.205,0.38284839203539534,41351.4549,45898.08579999999,101147.5646,80062.3784,501,206
20,ZHIPU,stocks,hyperliquid,xyz:ZHIPU,78.68799999999999,4.0675208460427825,33199.20775,31659.639659,50258.897684,46991.514373,595,187
20,QCOM,stocks,hyperliquid,xyz:QCOM,186.97,2.1396095212633526,11430.8059,6215.2529,61551.4077,17009.3175,621,197
20,STRC,stocks,hyperliquid,xyz:STRC,99.06450000000001,4.543526988549651,1733.1983,1833.4960999999998,137243.1589,74316.0387,655,192
20,AMAT,stocks,hyperliquid,xyz:AMAT,480.86,3.743994009610674,22530.21586,27472.1061,36577.78491,32049.54857,694,192
20,SKHY,stocks,hyperliquid,xyz:SKHY,182.065,0.549269471601388,636121.0515,528843.8367999999,739292.0545,585653.1682,795,198
20,CXMT,stocks,hyperliquid,xyz:CXMT,8.2326,3.401691126445616,17227.75328,43478.800690000004,68011.71863,118659.91308,809,186
20,KORU,stocks,hyperliquid,xyz:KORU,20.2855,1.4789982252016998,42455.004,43382.3284,104187.9001,123993.3115,317,199
20,UNITREE,stocks,hyperliquid,xyz:UNITREE,67.8515,0.14738176298045857,10982.38048,11210.99311,10982.38048,11210.99311,344,186
20,SOXL,stocks,hyperliquid,xyz:SOXL,138.82,1.4408183848435563,265704.5441,152157.9355,433532.7974,345786.5572,448,190
20,IREN,stocks,hyperliquid,xyz:IREN,41.464,2.8944956341359074,331.588,21305.0493,331.588,40730.7255,463,190
20,AAOI,stocks,hyperliquid,xyz:AAOI,95.378,1.6776764181591908,6299.1950799999995,11306.61574,30159.23201,17258.81321,509,191
20,MRNA,stocks,hyperliquid,xyz:MRNA,195.20499999999998,2.561737882977866,40680.642799999994,42509.161199999995,117041.6433,215868.5337,553,208
20,BMNR,stocks,hyperliquid,xyz:BMNR,26.822000000000003,2.983071071667176,875.3432700000001,22069.97572,3524.78014,107296.4353,641,192
20,US10Y,rates,hyperliquid,para:10Y,5.2559000000000005,8.755900715702314,21884.402820000003,27211.65936,97117.67138,182273.24988,650,186
20,US10Y,rates,lighter,227,95.195,3.1519226728282668,30000.945396000003,3521.798858,1122672.891893,972597.195216,,56
20,30Y,unclassified,hyperliquid,para:30Y,5.5555,1.8001800180034166,36499.08296,11998.79819,76237.46774,75259.90058999999,744,189
20,2Y,unclassified,hyperliquid,para:2Y,4.9249,143.15221170167146,0,0,64053.80048,82471.41486,751,184
20,USTECH,indices,hyperliquid,mkts:USTECH,733.355,0.1363605372595167,29142.968480000003,32262.392060000002,29142.968480000003,32262.392060000002,844,201
20,OAI,preipo,hyperliquid,io:OAI,1624.5,4.925805061266608,2553.844,3467.3072,7398.1288,62597.4462,842,191
20,ANTH,preipo,hyperliquid,io:ANTH,2055.45,1.4596409283296197,7611.7124,10078.2137,19159.975300000002,16329.681499999999,327,195
21,BTC,crypto,hyperliquid,BTC,83103.5,0.12033259930488427,8503319.90305,2327222.70021,8503319.90305,2327222.70021,748,241
21,BTC,spot,hyperliquid,@142,83126.5,0.12029930466894712,795977.3498,629971.88212,795977.3498,629971.88212,770,260
21,BTC,crypto,lighter,1,83118.65,0.012031001483947534,1906046.5252,3745407.543422,1906046.5252,3745407.543422,,64
21,ETH,crypto,hyperliquid,ETH,2669.05,0.3746721618580473,10586731.36298,8348198.05853,10586731.36298,8348198.05853,776,268
21,ETH,spot,hyperliquid,@151,2666.95,0.3749671903707785,364397.35707,492637.98744,364397.35707,492637.98744,767,191
21,ETH,crypto,lighter,0,2667.885,0.48728924739949164,3858876.5194050004,4762367.615467,3858876.5194050004,4762367.615467,,210
21,SOL,crypto,hyperliquid,SOL,117.745,0.8493290300659595,2078587.5294,2452744.5553,4254614.7377,4878511.27,424,201
21,SOL,spot,hyperliquid,@156,117.695,4.249171411574437,140881.18414,152361.3092,271691.40553,354049.83243999997,428,202
21,SOL,crypto,lighter,2,117.75200000000001,0.6794170601609473,1012621.384112,1602940.042903,2442000.514684,4524545.666735,,224
21,AVAX,crypto,hyperliquid,AVAX,10.434000000000001,1.916994153168261,60186.016,60208.688590000005,194666.97989000002,256296.76537,651,236
21,BNB,crypto,hyperliquid,BNB,758.345,0.13186697259692792,140625.93247,64174.588090000005,140625.93247,64174.588090000005,612,186
21,OP,crypto,hyperliquid,OP,0.12976,1.5414258188828356,12965.327340999998,30639.506712000002,63795.970966999994,79344.288213,648,219
21,LTC,crypto,hyperliquid,LTC,67.9505,1.030214726183143,52528.642510000005,56171.931899999996,52528.642510000005,56171.931899999996,654,197
21,ARB,crypto,hyperliquid,ARB,0.19694499999999998,1.5233839435335739,18390.832768,40560.601443,42969.846961999996,66098.688142,807,194
21,DOGE,crypto,hyperliquid,DOGE,0.0930945,0.5371030808243304,134203.205732,157961.643092,134203.205732,157961.643092,290,195
21,SUI,crypto,hyperliquid,SUI,1.11815,2.6833631484790565,97315.22902999999,122341.43511,251775.93737,317602.85769000003,835,183
21,CRV,crypto,hyperliquid,CRV,0.384955,3.377588401880516,6434.726616,15448.567032999998,40224.833113,43164.348552999996,290,189
21,LDO,crypto,hyperliquid,LDO,0.435815,3.442419791619411,14132.734706,63885.99403,14132.734706,67554.578745,450,195
21,LINK,crypto,hyperliquid,LINK,14.657499999999999,0.6822678583606745,152991.22040000002,161817.67369999998,233208.8219,207880.266,476,194
21,XRP,crypto,hyperliquid,XRP,1.4871500000000002,0.6724497343824076,1315548.1926,892410.4574,2049547.0291,1524658.7388,479,187
21,XRP,crypto,lighter,7,1.4864575,2.240476461203844,330549.647847,467169.516839,7838427.135283,7245463.931524,,55
21,BCH,crypto,hyperliquid,BCH,305.73,1.3084295574250504,54356.649639999996,33932.74146,54356.649639999996,33932.74146,537,187
21,APT,crypto,hyperliquid,APT,0.81965,3.6607687614398365,6245.767604000001,6680.318936,65256.95478,79267.072846,638,187
21,AAVE,crypto,hyperliquid,AAVE,148.385,0.6739452756421294,64077.285899999995,67144.5874,84078.13799999999,130250.1385,675,198
21,WLD,crypto,hyperliquid,WLD,0.47687,0.8388382090807056,37117.390227,98360.860967,39201.421707,98360.860967,666,186
21,WLD,crypto,lighter,6,0.47685500000000003,1.8875443048593787,6029.882494,121654.24595899999,1033758.751455,916075.681451,,51
21,TRX,crypto,hyperliquid,TRX,0.33416500000000005,0.29925784055473414,47051.51884,56319.48573,47051.51884,56319.48573,775,185
21,UNI,crypto,hyperliquid,UNI,8.57285,0.11664800298571976,11616.714240000001,66791.24359,11616.714240000001,66791.24359,291,187
21,SEI,crypto,hyperliquid,SEI,0.0742225,2.0211547530823992,22738.041748,31536.32647,22738.041748,37024.788249,333,200
21,ZRO,crypto,hyperliquid,ZRO,1.52555,0.6555227794158291,9029.72248,5911.54072,28759.17793,34162.23538,343,202
21,DOT,crypto,hyperliquid,DOT,1.1624500000000002,2.581089219650945,45107.10511,46913.86486,102575.71841,73712.9754,426,185
21,TIA,crypto,hyperliquid,TIA,0.430825,1.6249216555630497,4648.598747,3331.232559,42468.043563,50284.502023,481,189
21,ADA,crypto,hyperliquid,ADA,0.24333500000000002,1.232944270919134,79582.09019,128444.80176,79582.09019,128444.80176,519,184
21,PENDLE,crypto,hyperliquid,PENDLE,2.3263499999999997,0.4298671710456503,12129.471599999999,17172.691,21370.284499999998,51018.1351,528,184
21,NEAR,crypto,hyperliquid,NEAR,4.63175,0.21590344797761674,41964.59105,55181.43561,41964.59105,55181.43561,614,187
21,NEAR,crypto,lighter,10,4.6376,2.1133852766053174,28387.904639,84812.15032,562763.9478869999,2026495.118554,,53
21,PYTH,crypto,hyperliquid,PYTH,0.08010500000000001,4.744899233324329,623.78052,5112.384202,25428.145377,14091.906543000001,716,196
21,JUP,crypto,hyperliquid,JUP,0.32242000000000004,1.240694789081953,12406.74791,6209.29989,22331.24724,10308.79857,715,186
21,JTO,crypto,hyperliquid,JTO,0.54355,8.834735234029,10232.02473,15915.10563,53918.07101,18574.12958,742,206
21,WIF,crypto,hyperliquid,WIF,0.23161500000000002,1.2953367875656596,2723.87809,13959.19543,90041.46913,57012.5602,802,187
21,ONDO,crypto,hyperliquid,ONDO,0.5154350000000001,0.19401276603936424,69657.75975,29283.0394,69657.75975,29283.0394,362,190
21,STRK,crypto,hyperliquid,STRK,0.041194999999999996,2.4277737314881698,3682.335409,4990.011058,53752.989892,89427.572486,367,193
21,TAO,crypto,hyperliquid,TAO,302.385,2.3151976186541745,22920.65554,106354.00175000001,35950.49707,106354.00175000001,382,184
21,ETHFI,crypto,hyperliquid,ETHFI,0.68838,2.90579415354264,3998.9878810000005,5438.838953,5950.303279000001,5855.288406,445,187
21,ENA,crypto,hyperliquid,ENA,0.25117500000000004,0.3981367201499886,30626.468,68721.97348,57080.4264,68721.97348,548,184
21,ENA,crypto,lighter,29,0.25127,3.184333081238666,116163.266986,155198.533005,1385918.074392,1170164.523006,,50
21,HBAR,crypto,hyperliquid,HBAR,0.11972,1.6707042018215823,17921.998610000002,5006.93596,228276.59354,53685.48375,578,195
21,EIGEN,crypto,hyperliquid,EIGEN,0.25035,3.995205753095643,1618.352198,2867.996551,17123.233719,16984.840257,635,213
21,GRASS,crypto,hyperliquid,GRASS,0.6755549999999999,5.774697938876194,2068.491882,1150.6550659999998,15819.4703,12866.514960999999,676,230
21,PURR,crypto,hyperliquid,PURR,0.13946999999999998,5.737646130674623,396.69471000000004,158.69655,1101.82086,637.30755,741,192
21,PURR,spot,hyperliquid,PURR/USDC,0.13905,4.315925766076312,153.05743,130.09092,26105.22031,48864.26611,764,185
21,XLM,crypto,hyperliquid,XLM,0.22839500000000001,1.3136001401181652,3880.1475800000003,23592.694199999998,174522.92032,23866.37628,814,178
21,HYPE,crypto,hyperliquid,HYPE,87.1685,0.11472099852971596,172014.89064,555397.8515900001,172014.89064,555397.8515900001,862,185
21,HYPE,spot,hyperliquid,@107,87.2005,0.1146788990813441,174424.85071,63590.10423,174424.85071,63590.10423,324,182
21,HYPE,crypto,lighter,24,87.17375,0.3097310616673177,616595.965867,808338.1363850001,1887922.4358040001,1780883.6067350002,,53
21,VIRTUAL,crypto,hyperliquid,VIRTUAL,0.8039350000000001,1.3683634373284903,10514.258291,21662.74083,13019.849796,21662.74083,475,259
21,PENGU,crypto,hyperliquid,PENGU,0.0091935,1.0877841836198776,15348.2428,38572.587902,51961.450094,84540.409694,461,241
21,FARTCOIN,crypto,hyperliquid,FARTCOIN,0.16481,1.2135922330092086,7704.576037,25455.925525,33240.661756,62296.11957,469,205
21,SPX,crypto,hyperliquid,SPX,0.40365,1.9821114442142296,4909.762191,6613.690035,9484.768141,17054.129393,526,201
21,MORPHO,crypto,hyperliquid,MORPHO,2.43315,0.4109983149058749,3223.32377,4597.99814,12794.3078,19850.58453,650,188
21,TRUMP,crypto,hyperliquid,TRUMP,1.95875,4.595822907624836,31906.916350000003,49350.16867,49136.50919,60397.27488,675,204
21,VVV,crypto,hyperliquid,VVV,27.155,1.4731337237150477,20312.65627,5215.8175,25465.74716,5691.30204,661,185
21,PAXG,crypto,hyperliquid,PAXG,4140.95,0.24149339515666668,197389.509,272546.2428,197389.509,272546.2428,729,202
21,SYRUP,crypto,hyperliquid,SYRUP,0.22496,0.8890864636579288,2699.3042,4949.67369,18042.19867,19835.95926,375,195
21,PUMP,crypto,hyperliquid,PUMP,0.00483,4.1416442327602,14503.704497,40840.257056999995,329992.117903,402447.275178,373,182
21,PUMP,crypto,lighter,45,0.004828,4.143360265176366,118567.717692,95242.63434,1066463.046827,901146.274037,,60
21,XPL,crypto,hyperliquid,XPL,0.0969335,0.9285146860071869,99751.382186,5671.006854,99751.382186,5671.006854,454,195
21,SKY,crypto,hyperliquid,SKY,0.07814499999999999,7.937117546148453,9057.043936,2858.383367,14692.332776000001,16640.386208,457,191
21,ASTER,crypto,hyperliquid,ASTER,0.70523,0.5672069312701034,25470.36159,25384.029309999998,25470.36159,25384.029309999998,576,202
21,ZEC,crypto,hyperliquid,ZEC,1382.75,0.723222680263369,541417.701,875398.206,765803.984,1989880.457,561,184
21,ZEC,crypto,lighter,90,1383.6734999999999,1.1347251182591833,533360.5182459999,734352.87412,4752187.746144,4691705.701273,,218
21,MON,crypto,hyperliquid,MON,0.0274685,0.3640599970888836,7151.540717,36452.835850999996,7641.167315000001,39662.707763,647,189
21,CC,crypto,hyperliquid,CC,0.13301000000000002,3.0077449432286407,6792.382100000001,10787.19527,43362.76894,45964.29825,748,186
21,ICP,crypto,hyperliquid,ICP,3.2518000000000002,8.614324390845418,3267.37462,48845.7896,43350.50223,66963.76744,773,196
21,AERO,crypto,hyperliquid,AERO,0.82441,2.426271669637714,3336.96088,17241.07695,3336.96088,17241.07695,367,255
21,LIT,crypto,hyperliquid,LIT,4.3591,0.917662713069145,18558.5675,10650.920900000001,18558.5675,10650.920900000001,324,185
21,LIT,crypto,lighter,120,4.35795,1.6063888378936575,16712.987046000002,66903.735059,363773.54141299997,262642.057027,,72
21,XMR,crypto,hyperliquid,XMR,540.325,0.925411808256893,31169.27422,33520.384920000004,43962.50785,40464.294870000005,425,187
21,DASH,crypto,hyperliquid,DASH,59.641000000000005,2.68307816142066,10652.14175,44728.78574,20438.48427,52130.96199,475,188
21,SKR,crypto,hyperliquid,SKR,0.0182325,1.6455487905209232,35688.364175,3199.153808,45653.624998,12564.812241,522,197
21,AZTEC,crypto,hyperliquid,AZTEC,0.0184225,3.8004234757593736,423.231782,3650.46831,37544.586112000005,28418.542946,553,185
21,CHIP,crypto,hyperliquid,CHIP,0.042608999999999994,1.8777138833470097,4805.262602000001,2008.094095,16408.27924,16700.967785,611,185
21,GRAM,crypto,hyperliquid,GRAM,1.56385,4.4771346338357,17962.985399999998,20360.6007,39577.7494,41015.494,667,190
21,CASHCAT,crypto,hyperliquid,CASHCAT,0.171885,1.7455053237913631,2140.59494,6175.5075,11229.2727,16898.92498,712,189
21,PONS,crypto,hyperliquid,PONS,0.529915,2.4535245824286456,16285.84128,12340.81643,18799.96485,24395.38186,760,206
21,USELESS,crypto,hyperliquid,USELESS,0.23194,2.5872105558200076,6042.35598,3541.93307,13346.32064,14466.66581,797,185
21,US100,indices,hyperliquid,xyz:XYZ100,30158.5,0.331586975264031,3569856.3468,3792274.993,3569856.3468,3792274.993,854,186
21,US100,indices,lighter,181,30161.0,1.3263039225441808,997850.094051,813495.597917,2955523.083716,2880561.928963,,55
21,TSLA,stocks,hyperliquid,xyz:TSLA,356.78499999999997,0.8408778765045533,204079.94963000002,200261.43631,204079.94963000002,200261.43631,327,183
21,TSLA,stocks,lighter,112,356.875,1.4011489421306145,172875.75589899998,310257.000108,976802.5858039999,972022.893101,,52
21,NVDA,stocks,hyperliquid,xyz:NVDA,228.225,0.438173692052235,752817.14039,682496.59382,752817.14039,682496.59382,379,199
21,NVDA,stocks,lighter,110,228.339,0.963526155355332,684669.262213,673221.414641,1579976.725119,1512058.198943,,58
21,XAU,commodities,hyperliquid,xyz:GOLD,4132.15,0.2420076958431494,1429583.03731,1332266.00484,1429583.03731,1332266.00484,439,201
21,XAU,commodities,lighter,92,4134.209999999999,1.1127291375379045,753974.609625,1554857.916032,3497471.751751,2730661.6399,,211
21,HOOD,stocks,hyperliquid,xyz:HOOD,115.42,1.7329520838749168,138060.88,144550.26943,319424.02099,277550.90371,512,184
21,INTC,stocks,hyperliquid,xyz:INTC,114.11500000000001,0.87634738410447,222870.5972,690794.4545,966272.2649,1118442.7969,561,180
21,PLTR,stocks,hyperliquid,xyz:PLTR,186.405,0.5364806866947625,118938.42565,138116.29286,122097.02147,138926.32346,819,379
21,COIN,stocks,hyperliquid,xyz:COIN,191.505,1.5666614444609372,80370.58486,113081.18267,92562.88249,161697.83124,701,225
21,META,stocks,hyperliquid,xyz:META,712.985,0.42077506767324024,144748.85288000002,188342.47844,144748.85288000002,188342.47844,824,311
21,META,stocks,lighter,117,713.365,0.42055092170700803,318514.286618,272739.591202,844387.233042,808619.685556,,46
21,AAPL,stocks,hyperliquid,xyz:AAPL,337.385,0.2964016835615979,168949.48767,178250.55983,168949.48767,178250.55983,800,191
21,AAPL,stocks,lighter,113,337.3915,0.8595725256910214,303163.00724,275792.292853,1157363.953931,996552.417065,,44
21,MSFT,stocks,hyperliquid,xyz:MSFT,507.17,0.39435286694589067,190864.67971,96602.1652,190864.67971,96602.1652,935,188
21,MSFT,stocks,lighter,115,507.46500000000003,1.7736786094357804,75899.18447499999,67641.742195,731710.248887,539264.913835,,212
21,ORCL,stocks,hyperliquid,xyz:ORCL,132.60000000000002,3.0170463116596657,206684.11607000002,54869.66845,431022.78093,117954.35191,386,190
21,GOOGL,stocks,hyperliquid,xyz:GOOGL,341.95,0.5848979353095807,208008.03265,157719.38638,208008.03265,157719.38638,426,225
21,GOOGL,stocks,lighter,116,342.09000000000003,0.5846585594015963,131536.945747,134135.168645,1087347.749416,781014.278088,,61
21,AMZN,stocks,hyperliquid,xyz:AMZN,245.985,1.2196609342596254,195039.04832,172251.47194999998,195039.04832,172251.47194999998,565,189
21,AMZN,stocks,lighter,114,246.0195,0.1219422969045425,252645.982302,290749.895811,952707.923272,778096.331076,,57
21,AMD,stocks,hyperliquid,xyz:AMD,605.15,0.9915388683223725,102965.50969,58939.749110000004,102965.50969,58939.749110000004,578,186
21,MU,stocks,hyperliquid,xyz:MU,1050.65,0.951837045499726,731704.5361,1145250.8003,1593943.6456,2028153.7108,629,202
21,SNDK,stocks,hyperliquid,xyz:SNDK,1697.55,0.5891016200298971,1040874.1421,1541529.9441,1193492.8678000001,1782330.4928000001,627,181
21,SNDK,stocks,hyperliquid,io:SNDK,1697.85,0.5889975262118874,49923.39458,100839.30761999999,56908.954600000005,107649.42222,751,185
21,SNDK,stocks,lighter,139,1697.5300000000002,1.296084646109641,731200.8044670001,571091.078862,2992427.143747,2900219.67676,,227
21,MSTR,stocks,hyperliquid,xyz:MSTR,155.815,0.6418073294400806,189449.14458999998,316186.67182,275013.72097,417134.22923,822,194
21,CRCL,stocks,hyperliquid,xyz:CRCL,85.1235,1.9972977736015807,45055.812815,96378.801012,45055.812815,96378.801012,824,194
21,NFLX,stocks,hyperliquid,xyz:NFLX,69.2815,3.320340695829316,15190.688166,22556.590926999997,15190.688166,22556.590926999997,408,220
21,LLY,stocks,hyperliquid,xyz:LLY,1186.8,3.3709758975231097,27972.41724,11173.53439,139600.27715,58977.57037,433,189
21,SKHX,stocks,hyperliquid,xyz:SKHX,1290.05,0.7751937984479262,920536.0766,1272275.4709,1553166.2876,1750246.8429,452,193
21,TSM,stocks,hyperliquid,xyz:TSM,447.47,1.340961916682648,69138.84116,52639.36047,69138.84116,100415.33181999999,450,188
21,USDJPY,fx,hyperliquid,xyz:JPY,157.34500000000003,1.906820059747183,472760.27830000006,541850.6618,546037.6783,856352.1309999999,598,189
21,USDJPY,fx,lighter,98,157.2735,2.7344644265236973,33200.309026,41539.207649,971788.146627,2596293.91333,,55
21,EURUSD,fx,hyperliquid,xyz:EUR,1.1368,1.759479194158864,388717.46758000006,119810.54931999999,666605.15117,399955.94875000004,649,198
21,EURUSD,fx,lighter,96,1.13721,1.934746284408817,62765.722519,28011.439749,2135170.761986,2244298.578781,,52
21,XAG,commodities,hyperliquid,xyz:SILVER,60.4615,0.49619583195603667,755459.8982500001,1038584.95172,755459.8982500001,1038584.95172,684,193
21,XAG,commodities,lighter,93,60.49145,0.6447399961984068,1259894.820574,1118129.063503,2678705.069359,2729005.5523010003,,56
21,BABA,stocks,hyperliquid,xyz:BABA,107.655,2.787068004459492,82388.07323000001,88362.08115,190458.73419000002,140818.43856,749,182
21,WTI,commodities,hyperliquid,xyz:CL,94.1505,0.7435181152870562,620020.78772,793798.854378,620020.78772,793798.854378,787,187
21,WTI,commodities,lighter,145,94.1375,0.7436207958866348,434141.82765,424616.724199,1951994.956272,1256862.914023,,55
21,COPPER,commodities,hyperliquid,xyz:COPPER,6.6094,1.2104705704341079,43984.792831,47636.806252,43984.792831,47636.806252,325,199
21,NATGAS,commodities,hyperliquid,xyz:NATGAS,3.1337,1.276527844262798,95771.85222,56836.62399,95771.85222,56836.62399,342,195
21,SMSN,stocks,hyperliquid,xyz:SMSN,199.0,1.005075631941299,135307.141,136423.50983,191388.0246,144044.50342999998,384,193
21,XPT,commodities,hyperliquid,xyz:PLATINUM,1700.1999999999998,1.1764013881543356,49530.83179,44859.578629999996,105250.29999999999,49448.25906,437,208
21,USAR,stocks,hyperliquid,xyz:USAR,14.4465,0.6922331441217011,4029.9374700000003,3005.955,29968.15554,10352.35731,519,192
21,CRWV,stocks,hyperliquid,xyz:CRWV,84.2685,1.3054365498499365,33510.69437,79265.68321999999,33510.69437,79265.68321999999,530,187
21,GME,stocks,hyperliquid,xyz:GME,23.9145,2.927522897411272,8576.85877,19581.39739,19096.07896,25356.70685,594,209
21,SOFTBANK,stocks,hyperliquid,xyz:SOFTBANK,38.226,9.945821446331049,7889.8644920000015,12253.624874,150094.835517,217696.896252,637,198
21,JP225,indices,hyperliquid,xyz:JP225,65159.0,7.676482328737855,20327.24196,368704.38036,28045.35127,374255.70237,707,187
21,KIOXIA,stocks,hyperliquid,xyz:KIOXIA,111.87,3.576218149308197,181.45601000000002,5058.78293,6520.345689999999,185060.9858,714,183
21,EWY,stocks,hyperliquid,xyz:EWY,183.48000000000002,1.0900964735394147,223203.92185,301096.97752,370011.79946999997,307815.83647,783,188
21,BRENTOIL,commodities,hyperliquid,xyz:BRENTOIL,99.7045,0.10029687876222937,169267.14963,178365.19997,169267.14963,178365.19997,294,186
21,BRENTOIL,commodities,lighter,159,99.655,1.0035122930251994,1011819.660827,366050.389537,2018393.888274,1686535.255285,,210
21,HIMS,stocks,hyperliquid,xyz:HIMS,28.665,3.4891835310535413,14015.269180000001,8558.261410000001,32618.3214,18414.95702,379,195
21,US500,indices,hyperliquid,xyz:SP500,7665.35,0.1304580381722431,1654452.1858,2581817.8133,1654452.1858,2581817.8133,437,184
21,US500,indices,hyperliquid,mkts:US500,763.885,0.13091061423331496,37184.202209999996,62546.569339999995,37184.202209999996,62546.569339999995,493,198
21,US500,indices,lighter,180,7666.8,0.7826257092546918,783531.58176,906420.569911,13797549.81679,13703789.780792998,,204
21,LITE,stocks,hyperliquid,xyz:LITE,912.935,1.8622993920125452,71202.47323,68919.05804999999,71202.47323,71691.80031,580,192
21,PURRDAT,stocks,hyperliquid,xyz:PURRDAT,12.010000000000002,13.331111481420521,2387.748,468.72,12281.136999999999,28562.369,631,192
21,MRVL,stocks,hyperliquid,xyz:MRVL,249.89,1.600832432864241,128260.3919,172235.0566,128260.3919,172235.0566,683,189
21,RKLB,stocks,hyperliquid,xyz:RKLB,71.711,2.7893613757146163,146021.52101,49818.29855,146021.52101,74697.53896,774,192
21,DRAM,stocks,hyperliquid,xyz:DRAM,59.926500000000004,0.16687247605284838,152248.3805,124580.66990000001,152248.3805,124580.66990000001,771,186
21,CBRS,stocks,hyperliquid,xyz:CBRS,196.76999999999998,1.0164667615364387,45063.2386,73761.50289999999,112168.129,126559.09850000001,817,185
21,ARM,stocks,hyperliquid,xyz:ARM,281.765,1.7746858806000354,38565.835699999996,32946.2481,116079.4271,58672.0029,349,206
21,GBPUSD,fx,hyperliquid,xyz:GBP,1.3245,6.041839740200672,142367.6289,143116.8339,394190.398,672211.7251,421,190
21,GBPUSD,fx,lighter,97,1.32437,2.265484587153921,48361.212379000004,18733.915109,2520702.231616,2292029.102797,,55
21,SPCX,stocks,hyperliquid,xyz:SPCX,145.835,0.6857299595419697,1260370.6639,1634020.0892,1713824.7162,2126347.455,469,193
21,SPCX,stocks,lighter,194,145.875,0.6855419208884328,801329.231756,731249.725304,1204418.671276,1186218.689821,,207
21,MINIMAX,stocks,hyperliquid,xyz:MINIMAX,31.364,3.1888771963384244,18667.234,9965.48852,32232.809400000002,17230.97844,535,185
21,BB,stocks,hyperliquid,xyz:BB,8.7033,1.6087146370047378,4009.85262,10469.860400000001,22331.50763,56205.288100000005,607,185
21,QNT,stocks,hyperliquid,xyz:QNT,48.934,14.724528610576826,2068.38171,65.62646,4824.30471,1270.70207,659,189
21,DELL,stocks,hyperliquid,xyz:DELL,539.5150000000001,2.039076113149463,30638.4039,52362.8485,30638.4039,52362.8485,699,200
21,AVGO,stocks,hyperliquid,xyz:AVGO,348.355,2.5839051419707104,150868.5691,31645.036,176538.3968,31645.036,733,197
21,NBIS,stocks,hyperliquid,xyz:NBIS,229.485,1.307360439273264,65795.0234,152404.2487,85376.70420000001,152404.2487,798,190
21,NBIS,stocks,hyperliquid,io:NBIS,229.67000000000002,1.7417809710429388,19912.5094,34634.2926,20398.89,75717.993,308,184
21,WDC,stocks,hyperliquid,xyz:WDC,450.355,2.88702835950172,27172.69659,15549.15968,43968.468479999996,37282.13299,475,311
21,BE,stocks,hyperliquid,xyz:BE,261.115,1.915048450726875,45264.7589,45505.5016,86310.1497,80022.5959,453,255
21,ZHIPU,stocks,hyperliquid,xyz:ZHIPU,78.756,2.539811545985149,26429.087647999997,25107.448165,53627.352565,38364.854823,450,187
21,QCOM,stocks,hyperliquid,xyz:QCOM,187.13,2.137779915556415,11445.0033,7105.0971,106173.2504,19835.2947,504,194
21,STRC,stocks,hyperliquid,xyz:STRC,99.06450000000001,4.543526988549651,1733.1983,2101.2964,137183.7823,74028.51,645,194
21,AMAT,stocks,hyperliquid,xyz:AMAT,480.79499999999996,1.4560279557374045,30861.78985,31641.89548,33803.58356,36225.36219,649,195
21,SKHY,stocks,hyperliquid,xyz:SKHY,182.04500000000002,0.5493298176229011,538993.8061,656116.1976000001,651678.235,699692.8887,668,192
21,CXMT,stocks,hyperliquid,xyz:CXMT,8.22715,3.525535820660952,26118.96482,22179.747870000003,120292.78207,60501.08714,690,185
21,KORU,stocks,hyperliquid,xyz:KORU,20.2905,1.4786337424221863,121765.30649999999,50144.4757,213899.6205,163887.3375,303,196
21,UNITREE,stocks,hyperliquid,xyz:UNITREE,67.8535,0.14737741883319444,29131.505380000002,11183.34691,29131.505380000002,11183.34691,292,181
21,SOXL,stocks,hyperliquid,xyz:SOXL,138.735,2.1626297577848064,252086.32020000002,135856.56960000002,445039.6623,370300.5237,317,187
21,IREN,stocks,hyperliquid,xyz:IREN,41.4585,3.1361574833566053,1756.904,16355.8005,1756.904,33860.2908,352,200
21,AAOI,stocks,hyperliquid,xyz:AAOI,95.39750000000001,0.943465453440151,3515.4392,16252.37724,4971.4883,19277.97146,482,188
21,MRNA,stocks,hyperliquid,xyz:MRNA,195.14,3.075188355285974,51701.9594,27934.8267,195963.1095,166657.6766,486,182
21,BMNR,stocks,hyperliquid,xyz:BMNR,26.83,2.2365527267287355,935.32309,16639.72627,5406.706029999999,28218.10525,512,193
21,US10Y,rates,hyperliquid,para:10Y,5.2559000000000005,8.755900715702314,21884.402820000003,27211.65936,97117.67138,182273.24988,545,191
21,US10Y,rates,lighter,227,95.195,3.1519226728282668,29999.928972,3522.0559249999997,1122671.875469,972597.452283,,206
21,30Y,unclassified,hyperliquid,para:30Y,5.5555,1.8001800180034166,36499.08296,11998.79819,76237.46774,75259.90058999999,671,184
21,2Y,unclassified,hyperliquid,para:2Y,4.9249,143.15221170167146,0,0,64053.39596,82471.41486,703,190
21,USTECH,indices,hyperliquid,mkts:USTECH,733.355,0.1363605372595167,28575.76455,32209.63922,28575.76455,32209.63922,725,179
21,OAI,preipo,hyperliquid,io:OAI,1624.75,0.6154982458284053,2125.6856000000002,3954.6122,17021.4075,65604.8038,327,190
21,ANTH,preipo,hyperliquid,io:ANTH,2055.25,0.4865706500600808,9633.9491,10219.5927,18890.9402,17271.4519,281,189
22,BTC,crypto,hyperliquid,BTC,83116.5,0.12031377833343626,3181734.14102,5313020.82175,3181734.14102,5313020.82175,410,193
22,BTC,spot,hyperliquid,@142,83133.5,0.12028917517614701,1084050.9902,529999.72128,1084050.9902,529999.72128,414,196
22,BTC,crypto,lighter,1,83117.85,0.012031117280209003,2408609.18591,2874867.115672,2408609.18591,2874867.115672,,63
22,ETH,crypto,hyperliquid,ETH,2668.8500000000004,0.37470023980690215,8776371.97209,8723154.99014,8776371.97209,8723154.99014,429,207
22,ETH,spot,hyperliquid,@151,2666.6499999999996,0.37500937523304856,436470.38038,429752.49225,436470.38038,429752.49225,477,192
22,ETH,crypto,lighter,0,2667.65,0.7497516447663166,4033396.988847,4377996.122964,4033396.988847,4377996.122964,,242
22,SOL,crypto,hyperliquid,SOL,117.66499999999999,0.8499065102851588,2085295.919,2637627.8292,4349472.2676,4257269.454,679,263
22,SOL,spot,hyperliquid,@156,117.63499999999999,0.8501232678748138,166498.89121,189889.49902,268180.54187,371856.27264,629,199
22,SOL,crypto,lighter,2,117.667,1.189869114397446,1272517.915465,1354751.720908,2778691.667261,2869970.997016,,211
22,AVAX,crypto,hyperliquid,AVAX,10.4245,0.9593246354588914,68038.25292,45371.629779999996,219295.58162,157650.59058,820,189
22,BNB,crypto,hyperliquid,BNB,758.375,0.13186175613411066,104276.41741,66717.19588,104276.41741,66717.19588,286,202
22,OP,crypto,hyperliquid,OP,0.12967,1.542495758135587,13018.218095,27341.561373999997,74314.07255299999,97696.820813,345,236
22,LTC,crypto,hyperliquid,LTC,67.9235,0.1472255347967355,31762.18286,46957.88317,31762.18286,46957.88317,326,206
22,ARB,crypto,hyperliquid,ARB,0.19680999999999998,1.0162601626007017,28326.812671,30577.132716,51857.879741,56887.914295999995,438,188
22,DOGE,crypto,hyperliquid,DOGE,0.0930445,0.5373917155693242,159281.454979,95894.61083800001,159281.454979,95894.61083800001,481,194
22,SUI,crypto,hyperliquid,SUI,1.11755,0.8948545861287016,109414.98544,96033.23768,221990.81807,275216.65734,527,199
22,CRV,crypto,hyperliquid,CRV,0.38339999999999996,0.5216620151804463,3532.9783559999996,10624.115372,18923.238791,14759.262216,546,199
22,LDO,crypto,hyperliquid,LDO,0.435335,0.2297107941107157,15077.069349,22591.709618999997,15077.069349,25911.296403999997,627,188
22,LINK,crypto,hyperliquid,LINK,14.6525,0.6825006825006419,168304.5071,135449.6571,210775.9422,172651.9677,675,192
22,XRP,crypto,hyperliquid,XRP,1.4865499999999998,0.6727211570800584,1467576.4185000001,872832.9772,2228545.2283,1582295.4175,727,198
22,XRP,crypto,lighter,7,1.4857645000000002,2.174201317579616,456254.403829,430921.372226,7932456.774293,7374466.194101,,62
22,BCH,crypto,hyperliquid,BCH,305.605,0.9817075166074218,38183.92254,40143.76934,38183.92254,40143.76934,295,199
22,APT,crypto,hyperliquid,APT,0.8197,2.4402147388968842,28936.043041,6351.592143,117642.756348,69857.828244,305,192
22,AAVE,crypto,hyperliquid,AAVE,148.255,0.674536256322078,67024.5309,72640.1923,81579.712,133589.5301,356,196
22,WLD,crypto,hyperliquid,WLD,0.47618499999999997,1.4701249606208222,33640.86286,79292.294162,33640.86286,79292.294162,452,239
22,WLD,crypto,lighter,6,0.476165,1.4701867137123514,48375.388028,67177.311317,1034605.0409530001,907695.10262,,225
22,TRX,crypto,hyperliquid,TRX,0.334125,0.2992936669454771,38701.29604,48392.67946,38701.29604,48392.67946,508,201
22,UNI,crypto,hyperliquid,UNI,8.57025,0.11668339128689809,13614.96349,62332.982019999996,13614.96349,62332.982019999996,554,196
22,SEI,crypto,hyperliquid,SEI,0.0742515,1.4815612962304492,12867.124394,40913.675318,27540.794151,40913.675318,653,200
22,ZRO,crypto,hyperliquid,ZRO,1.53335,3.2613658600233464,11800.179759999999,6036.60033,35786.84435,28763.94544,699,190
22,DOT,crypto,hyperliquid,DOT,1.1622,1.721022287239915,49411.71275,40089.03646,111541.81186,83312.13828,741,217
22,TIA,crypto,hyperliquid,TIA,0.430355,1.1618990077377767,14843.810888,3928.752532,34859.688382,44724.445487000005,761,205
22,ADA,crypto,hyperliquid,ADA,0.24311500000000003,1.2340600575888594,95026.42172,124536.72331,95026.42172,124536.72331,304,207
22,PENDLE,crypto,hyperliquid,PENDLE,2.32675,3.008940852819997,11280.9452,8089.026800000001,16921.5966,15338.31,347,203
22,NEAR,crypto,hyperliquid,NEAR,4.632899999999999,0.863427374964143,35162.72817,62844.37866,35162.72817,62844.37866,391,206
22,NEAR,crypto,lighter,10,4.636704999999999,3.9043962207174765,32602.929398,81344.707516,964199.004081,1573184.716844,,47
22,PYTH,crypto,hyperliquid,PYTH,0.08008950000000001,3.1219950797378715,1585.4847949999998,4272.380208,21598.764729,19743.381565,447,193
22,JUP,crypto,hyperliquid,JUP,0.322795,0.30979894048543954,6912.00002,5266.35226,17837.46497,15039.51648,504,199
22,JTO,crypto,hyperliquid,JTO,0.5426249999999999,1.65874156806467,41175.57666,9184.051089999999,56519.5674,13981.838039999999,546,197
22,WIF,crypto,hyperliquid,WIF,0.231225,2.162629757787027,14690.612819999998,9728.19789,79469.29507,47181.79456,586,193
22,ONDO,crypto,hyperliquid,ONDO,0.51529,1.94084310224385,40505.67146,79242.64171,41760.117790000004,79242.64171,652,203
22,STRK,crypto,hyperliquid,STRK,0.041139999999999996,4.862630683200031,5277.730036999999,7279.906311000001,60304.980854,96426.1637,699,193
22,TAO,crypto,hyperliquid,TAO,302.015,1.6556839630466058,19243.33909,112525.12958000001,19537.79829,112525.12958000001,744,196
22,ETHFI,crypto,hyperliquid,ETHFI,0.687745,2.4721519355486166,5732.80113,5206.213616,8831.28813,8910.782066,785,197
22,ENA,crypto,hyperliquid,ENA,0.25088,1.5945148688500943,42588.404,93321.43028999999,42588.404,115102.04764,381,252
22,ENA,crypto,lighter,29,0.250965,2.7896226039136884,138788.38762300002,98143.543877,1398251.297433,1132080.108328,,58
22,HBAR,crypto,hyperliquid,HBAR,0.11948500000000001,2.5110906503722497,17411.41613,12011.69583,72492.32920000001,224096.72759999998,422,202
22,EIGEN,crypto,hyperliquid,EIGEN,0.25005,3.9999999999995595,2539.413967,1837.631783,29917.485239,37761.221942000004,513,277
22,GRASS,crypto,hyperliquid,GRASS,0.6743950000000001,0.14828215127771216,1291.947374,1582.049346,12855.300298,12938.876295,486,224
22,PURR,crypto,hyperliquid,PURR,0.139505,0.7168458781348086,283.97468000000003,132.74211,1136.78137,794.89894,596,214
22,PURR,spot,hyperliquid,PURR/USDC,0.13906000000000002,2.8768699654779795,462.00381999999996,96.43356,97446.36201000001,52785.8764,634,210
22,XLM,crypto,hyperliquid,XLM,0.22826000000000002,3.5053895364112186,68893.08573,30718.11625,87315.02851,33358.19328,687,199
22,HYPE,crypto,hyperliquid,HYPE,87.1695,0.11471968245579944,276976.24707,397393.0619,276976.24707,397393.0619,713,198
22,HYPE,spot,hyperliquid,@107,87.22149999999999,0.8025866220262579,133062.81399,127979.67735,133062.81399,127979.67735,794,196
22,HYPE,crypto,lighter,24,87.1849,0.757040476428994,973162.270997,851877.520935,2308696.859402,2238319.354181,,58
22,VIRTUAL,crypto,hyperliquid,VIRTUAL,0.803255,0.8714922437169648,10825.609988,24043.910951,10825.609988,24043.910951,405,254
22,PENGU,crypto,hyperliquid,PENGU,0.009174999999999999,2.1800741225197484,20325.860338,39278.679878999996,75117.34631,93081.058981,418,258
22,FARTCOIN,crypto,hyperliquid,FARTCOIN,0.16462500000000002,1.8224895206864211,12233.53892,32754.692347,24679.033204,49744.245036,372,194
22,SPX,crypto,hyperliquid,SPX,0.40327999999999997,0.49594564435651023,5876.621124,7809.780726,10643.172799,17956.279423,452,193
22,MORPHO,crypto,hyperliquid,MORPHO,2.4324500000000002,2.878171127831397,4332.95773,6587.96603,12467.61854,23202.26381,563,190
22,TRUMP,crypto,hyperliquid,TRUMP,1.95505,1.5346053506570811,46937.75722,35543.228689999996,68392.94126,78735.20642999999,605,198
22,VVV,crypto,hyperliquid,VVV,27.518,4.361733061937212,16873.09572,4429.59113,37813.92889,7010.40013,617,197
22,PAXG,crypto,hyperliquid,PAXG,4141.95,0.24143509017582332,221661.15110000002,217883.8988,221661.15110000002,217883.8988,643,189
22,SYRUP,crypto,hyperliquid,SYRUP,0.2254,1.77478037092893,2867.57906,4911.20125,12812.682859999999,9567.31164,758,193
22,PUMP,crypto,hyperliquid,PUMP,0.0048345,2.0686801820435363,6652.835046,53874.806273,305688.58374699997,421827.049158,807,200
22,PUMP,crypto,lighter,45,0.0048330000000000005,4.139072847679781,69718.375981,61490.989336,946076.9928700001,766730.680224,,60
22,XPL,crypto,hyperliquid,XPL,0.096825,1.8591968269721093,93022.657056,7957.0622,93022.657056,7957.0622,282,196
22,SKY,crypto,hyperliquid,SKY,0.0781285,7.810699377706065,2273.948557,4245.238521,12874.043228999999,16457.075504,365,242
22,ASTER,crypto,hyperliquid,ASTER,0.705435,0.14175750960410127,22501.22667,37192.3344,22501.22667,37192.3344,467,266
22,ZEC,crypto,hyperliquid,ZEC,1382.15,0.7235366471314286,472558.827,852242.826,1038750.884,1396311.3,445,194
22,ZEC,crypto,lighter,90,1382.862,0.2603330527528591,527900.56788,651194.089468,4772720.548065,2930267.613449,,224
22,MON,crypto,hyperliquid,MON,0.0274715,0.36402023952497586,5785.284772,25664.345921,8206.594192,38881.642868,564,197
22,CC,crypto,hyperliquid,CC,0.13291999999999998,1.5047776690990666,9577.46345,10821.88929,38872.50703,39645.55463,643,196
22,ICP,crypto,hyperliquid,ICP,3.259,2.455042042595057,6045.38252,5329.11236,35331.71146,47285.92454,662,193
22,AERO,crypto,hyperliquid,AERO,0.82376,1.699668564629775,4050.69451,8438.15337,4050.69451,8438.15337,695,186
22,LIT,crypto,hyperliquid,LIT,4.36095,0.22931046343543926,30849.383100000003,25692.7857,35606.365900000004,25692.7857,761,195
22,LIT,crypto,lighter,120,4.359299999999999,2.2942094154365655,10519.181798,61537.752921,309090.270978,239869.021101,,57
22,XMR,crypto,hyperliquid,XMR,540.425,0.5551340648790593,35106.5451,24928.055800000002,35106.5451,25437.18385,338,198
22,DASH,crypto,hyperliquid,DASH,59.6475,1.5089784216093527,2953.24235,49561.85789,10578.647480000001,184000.96377,392,219
22,SKR,crypto,hyperliquid,SKR,0.018269,2.1897410631188663,61722.208033999996,2700.544167,79103.787105,10090.50711,370,190
22,AZTEC,crypto,hyperliquid,AZTEC,0.018422,4.343576935605942,447.41899399999994,3308.315356,17648.959328,30067.321574999998,431,193
22,CHIP,crypto,hyperliquid,CHIP,0.0426095,3.0514283031712885,2599.799818,5279.247714,20718.003425,20126.006546,540,201
22,GRAM,crypto,hyperliquid,GRAM,1.5657,1.2774655084313302,23535.7518,17998.3724,36543.0649,37963.267400000004,564,192
22,CASHCAT,crypto,hyperliquid,CASHCAT,0.17241,4.641178859430273,1881.9066599999999,2356.6137200000003,6883.90222,7720.35389,596,202
22,PONS,crypto,hyperliquid,PONS,0.5296449999999999,4.721256987458844,7270.40501,4768.27161,8740.99968,25991.56147,627,194
22,USELESS,crypto,hyperliquid,USELESS,0.23176000000000002,1.726072322429939,3235.62714,4520.71135,10505.92439,13830.1899,737,195
22,US100,indices,hyperliquid,xyz:XYZ100,30162.5,0.3315430011263665,4165725.1091,4036031.878,4165725.1091,4036031.878,763,198
22,US100,indices,lighter,181,30163.0,1.3262159742710722,1049346.250811,891966.0372659999,3004390.598665,2780392.826358,,221
22,TSLA,stocks,hyperliquid,xyz:TSLA,356.78999999999996,0.5605695386523557,198332.74657,202453.57547,198332.74657,202453.57547,295,199
22,TSLA,stocks,lighter,112,356.855,0.8407129245613376,171417.46244099998,305421.44892,975273.8311089999,965494.722638,,66
22,NVDA,stocks,hyperliquid,xyz:NVDA,228.275,0.4380777149859405,735116.1685500001,753096.72769,735116.1685500001,753096.72769,428,196
22,NVDA,stocks,lighter,110,228.3785,0.5692466677165164,629661.922826,422856.969936,1201423.675522,1215532.440136,,225
22,XAU,commodities,hyperliquid,xyz:GOLD,4133.15,0.24194914229003217,1584923.11354,1311039.2737099999,1584923.11354,1311039.2737099999,486,198
22,XAU,commodities,lighter,92,4135.674999999999,0.8946944618415387,686860.864571,1258105.088526,2205176.946545,2737375.136004,,225
22,HOOD,stocks,hyperliquid,xyz:HOOD,115.435,2.5992029111066017,202216.14515,173570.01081,358335.4541,333911.51005,627,197
22,INTC,stocks,hyperliquid,xyz:INTC,114.14500000000001,0.8761170492377346,239062.7627,780251.0501999999,667692.1533,1302167.1025,685,197
22,PLTR,stocks,hyperliquid,xyz:PLTR,186.435,0.5363943571312646,112944.19962,127410.19561,113325.80537999999,136835.61392,694,192
22,COIN,stocks,hyperliquid,xyz:COIN,191.54000000000002,1.0442228371543294,74257.59435,120527.21405,87826.06962,163471.02851,717,194
22,META,stocks,hyperliquid,xyz:META,712.975,0.14025835589182023,139081.45811,187970.46493000002,139081.45811,187970.46493000002,314,242
22,META,stocks,lighter,117,713.37,0.2803633509018688,332028.917722,295631.823173,857919.756818,850670.708623,,56
22,AAPL,stocks,hyperliquid,xyz:AAPL,337.405,0.8891786952802683,147892.08964,201487.0765,147892.08964,201487.0765,404,265
22,AAPL,stocks,lighter,113,337.416,0.7113134402669807,176294.387613,282409.838065,1157451.6132450001,999893.7139120001,,57
22,MSFT,stocks,hyperliquid,xyz:MSFT,507.18,0.39434509139013585,166623.70525,91928.56801,166623.70525,91928.56801,387,200
22,MSFT,stocks,lighter,115,507.46000000000004,1.9707928499634875,73722.607895,69611.664936,774515.3792610001,544829.889008,,81
22,ORCL,stocks,hyperliquid,xyz:ORCL,132.615,0.7540909433667586,209500.77603,82815.05438,434964.92671,147449.95376,523,221
22,GOOGL,stocks,hyperliquid,xyz:GOOGL,341.945,0.29244896765590056,207346.7722,158146.92892,207346.7722,158146.92892,510,194
22,GOOGL,stocks,lighter,116,342.09000000000003,0.5846585594015963,131265.502842,133865.906127,1076041.533256,769308.601801,,52
22,AMZN,stocks,hyperliquid,xyz:AMZN,245.98000000000002,1.626280696047644,201906.73101,175773.77853,201906.73101,175773.77853,607,201
22,AMZN,stocks,lighter,114,246.01850000000002,0.040647432302254316,247657.19066199998,207470.201868,950902.930023,774071.898437,,70
22,AMD,stocks,hyperliquid,xyz:AMD,605.385,0.8259548037514719,84685.43838,81957.52161,84685.43838,81957.52161,710,199
22,MU,stocks,hyperliquid,xyz:MU,1050.95,0.9515653249581035,680212.9377,1096049.2338,1603925.5742,2297244.7131,713,196
22,SNDK,stocks,hyperliquid,xyz:SNDK,1698.45,0.5887894488920686,1084530.2978,1493731.3729,1303959.4059,2073180.9703,710,185
22,SNDK,stocks,hyperliquid,io:SNDK,1699.05,0.588581518539133,12970.970650000001,83425.64027,89081.85944,112167.59071,801,192
22,SNDK,stocks,lighter,139,1698.51,0.588768649245619,531069.790083,631454.829827,2858581.661524,2969777.552185,,226
22,MSTR,stocks,hyperliquid,xyz:MSTR,155.825,1.9254219883202417,232038.02202,294925.05353,281920.65824,421025.15440999996,475,269
22,CRCL,stocks,hyperliquid,xyz:CRCL,85.099,1.4102217573719322,64929.114034,82128.043048,64929.114034,82128.043048,410,202
22,NFLX,stocks,hyperliquid,xyz:NFLX,69.2815,3.320340695829316,14174.011906,22556.590926999997,14174.011906,22556.590926999997,499,206
22,LLY,stocks,hyperliquid,xyz:LLY,1186.8,3.3709758975231097,27972.372900000002,12373.24791,188408.55514,59976.99115,619,207
22,SKHX,stocks,hyperliquid,xyz:SKHX,1290.75,0.7747733787866196,860180.2363,1113162.6134000001,1493954.1532,1843161.7392,616,185
22,TSM,stocks,hyperliquid,xyz:TSM,447.485,1.1174183167206309,70041.55968,58131.714009999996,70041.55968,74484.04585,674,198
22,USDJPY,fx,hyperliquid,xyz:JPY,157.365,1.9065776930404787,640689.6573000001,785084.4715,906077.2114,858055.3787,714,213
22,USDJPY,fx,lighter,98,157.286,2.6706514481933397,33200.428434999994,51297.220137,973338.970544,2615853.641886,,54
22,EURUSD,fx,hyperliquid,xyz:EUR,1.1368,1.759479194158864,388683.13917000004,116811.68048,666580.82276,396956.96611000004,302,183
22,EURUSD,fx,lighter,96,1.13721,1.934746284408817,57786.231919,28011.439749,2130257.974698,2244298.578781,,57
22,XAG,commodities,hyperliquid,xyz:SILVER,60.5125,1.1568526995975326,460100.93801,1525834.9258,460100.93801,1525834.9258,373,199
22,XAG,commodities,lighter,93,60.5417,0.3633925002399785,970922.46247,1446589.949223,3016321.3375170003,2714348.038894,,55
22,BABA,stocks,hyperliquid,xyz:BABA,107.66,1.8578727357176916,83826.8008,96386.23815,194518.43264,148842.59556,420,189
22,WTI,commodities,hyperliquid,xyz:CL,94.169,0.637172652548923,482369.252429,612706.237061,482369.252429,612706.237061,472,202
22,WTI,commodities,lighter,145,94.155,1.06213489112994,574390.056058,570088.056228,1609413.898661,1571737.023143,,98
22,COPPER,commodities,hyperliquid,xyz:COPPER,6.6099499999999995,0.7564639847501553,34494.013996,72229.692481,34494.013996,72229.692481,563,188
22,NATGAS,commodities,hyperliquid,xyz:NATGAS,3.13385,0.9573347799718412,127709.65716,53653.507699999995,127709.65716,53653.507699999995,604,200
22,SMSN,stocks,hyperliquid,xyz:SMSN,199.005,1.5076134479130587,130798.25998,143033.74875,139487.01278,163370.61326,615,193
22,XPT,commodities,hyperliquid,xyz:PLATINUM,1701.45,2.9391018104862887,43363.777669999996,38955.61376,72397.50037,45559.87478,682,208
22,USAR,stocks,hyperliquid,xyz:USAR,14.4285,4.852686308491894,6056.26893,409.99433,30825.63219,16880.47529,760,195
22,CRWV,stocks,hyperliquid,xyz:CRWV,84.27950000000001,1.7799506360360873,52447.703129999994,63852.45787,52447.703129999994,63852.45787,798,192
22,GME,stocks,hyperliquid,xyz:GME,23.9055,2.9286252196469853,14157.15676,21416.69185,33728.74939,26477.37379,822,206
22,SOFTBANK,stocks,hyperliquid,xyz:SOFTBANK,38.2215,9.161344361845458,7850.567372,9512.025741000001,176431.619901,211103.535657,280,199
22,JP225,indices,hyperliquid,xyz:JP225,65163.0,6.754578529650779,20027.21111,368688.31147,28046.06394,374819.29595,559,399
22,KIOXIA,stocks,hyperliquid,xyz:KIOXIA,111.91,3.5749396728945726,172.46812,5095.199270000001,6514.18727,158726.5136,509,311
22,EWY,stocks,hyperliquid,xyz:EWY,183.51,1.0899182561319165,228368.30264,307831.87304,241523.67706000002,333325.85128,581,360
22,BRENTOIL,commodities,hyperliquid,xyz:BRENTOIL,99.7225,0.10027877499485527,169541.3762,341236.59335999994,169541.3762,341236.59335999994,518,236
22,BRENTOIL,commodities,lighter,159,99.66499999999999,1.0034115994383974,493180.521413,1006337.9732710001,1949892.259583,1764544.091225,,63
22,HIMS,stocks,hyperliquid,xyz:HIMS,28.665,3.4891835310535413,14015.269180000001,8531.82724,32618.3214,18388.52285,718,198
22,US500,indices,hyperliquid,xyz:SP500,7665.35,0.1304580381722431,1695085.8983,1790053.1056,1695085.8983,1790053.1056,760,199
22,US500,indices,hyperliquid,mkts:US500,763.885,0.13091061423331496,37100.95452,72170.6431,37100.95452,72170.6431,754,179
22,US500,indices,lighter,180,7666.9,0.7826155010026703,794977.413937,1150097.24365,13808995.648967,13742919.924656998,,51
22,LITE,stocks,hyperliquid,xyz:LITE,913.28,1.9711122548415894,50812.76904,76077.98214000001,57304.83816,86568.91438,275,188
22,PURRDAT,stocks,hyperliquid,xyz:PURRDAT,12.012,13.328890369876945,1464.397,540.9780000000001,8158.798,37735.853,407,236
22,MRVL,stocks,hyperliquid,xyz:MRVL,250.04000000000002,1.599872010238368,119586.5443,154205.3935,139735.4902,154205.3935,404,197
22,RKLB,stocks,hyperliquid,xyz:RKLB,71.7015,1.5342557464848028,151624.84137,44449.97515,151624.84137,73635.6214,398,185
22,DRAM,stocks,hyperliquid,xyz:DRAM,59.954,0.6672004270091847,162718.7022,87143.9362,162718.7022,87143.9362,470,193
22,CBRS,stocks,hyperliquid,xyz:CBRS,196.765,1.524777636594532,51530.1166,73761.8937,125728.18,101555.9497,596,196
22,ARM,stocks,hyperliquid,xyz:ARM,281.84000000000003,2.838892831795725,35731.6806,49480.475399999996,107154.8513,75069.2204,593,188
22,GBPUSD,fx,hyperliquid,xyz:GBP,1.3244500000000001,5.286609772674478,142367.6289,142538.3798,394190.398,656413.1174,603,194
22,GBPUSD,fx,lighter,97,1.3243800000000001,2.4165168929646264,48361.094708,18733.842585000002,2520702.021825,2292029.0302730002,,215
22,SPCX,stocks,hyperliquid,xyz:SPCX,145.835,0.6857299595419697,1270718.3401,1622078.1707,1725976.121,2116020.2826,792,197
22,SPCX,stocks,lighter,194,145.875,0.6855419208884328,802407.503717,731112.4839189999,1165689.722145,1186033.844351,,69
22,MINIMAX,stocks,hyperliquid,xyz:MINIMAX,31.383499999999998,3.5056408948941353,20366.34741,7130.48099,35403.81275,24921.75822,796,192
22,BB,stocks,hyperliquid,xyz:BB,8.70045,4.713510530673926,12813.849339999999,3826.8612000000003,51316.19534,8762.04966,869,199
22,QNT,stocks,hyperliquid,xyz:QNT,48.938,16.36058734508561,2068.38171,41.63706,3613.06089,1235.95175,291,188
22,DELL,stocks,hyperliquid,xyz:DELL,539.635,1.6679330602853426,27711.6181,49142.6754,27711.6181,49142.6754,402,194
22,AVGO,stocks,hyperliquid,xyz:AVGO,348.46500000000003,2.5830893748923778,111551.05129999999,82340.1861,184441.4314,82340.1861,401,189
22,NBIS,stocks,hyperliquid,xyz:NBIS,229.475,2.179123992156473,80739.1967,169501.4473,98534.9145,181053.7888,479,192
22,NBIS,stocks,hyperliquid,io:NBIS,229.675,2.177226213802008,14174.0305,29668.8287,15541.214,41304.929000000004,487,194
22,WDC,stocks,hyperliquid,xyz:WDC,450.435,2.886515531674849,25826.5727,9896.10486,48978.938650000004,32743.39495,599,195
22,BE,stocks,hyperliquid,xyz:BE,261.105,2.681273221740721,23921.6413,38605.060000000005,79783.0348,77410.51980000001,604,197
22,ZHIPU,stocks,hyperliquid,xyz:ZHIPU,78.75399999999999,4.064111356649747,23927.125029,20952.048683,42014.209821000004,47640.163618,675,194
22,QCOM,stocks,hyperliquid,xyz:QCOM,187.135,1.6032492518180952,15344.2452,8500.7306,68252.5312,19957.261,678,190
22,STRC,stocks,hyperliquid,xyz:STRC,99.06450000000001,4.543526988549651,1238.0233,1962.4936,139280.8923,87606.1976,799,198
22,AMAT,stocks,hyperliquid,xyz:AMAT,480.83,2.9120559114725886,30858.98224,27564.26411,30858.98224,33186.60383,802,195
22,SKHY,stocks,hyperliquid,xyz:SKHY,182.175,0.5489378053469274,476301.9568,654500.9268,538018.8226,786541.6712,874,198
22,CXMT,stocks,hyperliquid,xyz:CXMT,8.2267,3.647327724554117,15684.33764,34068.84069,121101.73620999999,48002.791509999995,867,187
22,KORU,stocks,hyperliquid,xyz:KORU,20.302999999999997,0.9851246182646101,31024.7249,90389.9678,108158.6385,190828.3947,375,196
22,UNITREE,stocks,hyperliquid,xyz:UNITREE,67.89750000000001,0.14728191230606313,21528.211170000002,20368.00203,21528.211170000002,20368.00203,380,196
22,SOXL,stocks,hyperliquid,xyz:SOXL,138.925,0.7198387561202502,251921.15240000002,212815.476,601437.763,531167.2925999999,464,217
22,IREN,stocks,hyperliquid,xyz:IREN,41.4625,3.6183813773971174,331.564,16374.7831,331.564,30156.4735,477,223
22,AAOI,stocks,hyperliquid,xyz:AAOI,95.4015,1.3627548613670548,4815.821779999999,17088.21397,6935.91666,29720.53707,633,256
22,MRNA,stocks,hyperliquid,xyz:MRNA,195.17000000000002,2.049705354854048,44408.265400000004,29361.0206,184899.4804,213990.16,638,256
22,BMNR,stocks,hyperliquid,xyz:BMNR,26.8295,1.118234680184127,1583.89185,19395.492690000003,3987.1779699999997,108554.72516,655,189
22,US10Y,rates,hyperliquid,para:10Y,5.2559000000000005,8.755900715702314,21884.402820000003,27211.65936,97117.67138,182273.24988,677,199
22,US10Y,rates,lighter,227,95.195,3.1519226728282668,29999.881382,3522.0083199999995,1122671.827879,972597.404678,,59
22,30Y,unclassified,hyperliquid,para:30Y,5.5555,1.8001800180034166,36499.08296,11998.79819,76237.46774,75259.90058999999,833,193
22,2Y,unclassified,hyperliquid,para:2Y,4.9249,143.15221170167146,0,0,64053.25193,82471.41486,247,193
22,USTECH,indices,hyperliquid,mkts:USTECH,733.355,0.1363605372595167,28470.56251,22302.098,28470.56251,22302.098,268,193
22,OAI,preipo,hyperliquid,io:OAI,1625.25,0.6153088850591182,1996.2742,4292.2435,6884.8927,65122.3884,285,192
22,ANTH,preipo,hyperliquid,io:ANTH,2055.9,0.9728572818357151,8295.1089,14129.4278,11083.4941,17963.7494,432,201
23,BTC,crypto,hyperliquid,BTC,83191.5,0.12020531066969653,3843550.3456699997,4462656.05704,3843550.3456699997,4462656.05704,501,199
23,BTC,spot,hyperliquid,@142,83212.5,0.12017497476257688,510088.42296,574943.08369,510088.42296,574943.08369,506,202
23,BTC,crypto,lighter,1,83196.5,0.07211867849798992,1953885.812384,2577814.2205270003,1953885.812384,2577814.2205270003,,79
23,ETH,crypto,hyperliquid,ETH,2671.3500000000004,0.37434956762671945,10086582.67271,7295020.60154,10086582.67271,7295020.60154,511,202
23,ETH,spot,hyperliquid,@151,2669.45,0.37461601858135296,401997.9117,443404.17497,401997.9117,443404.17497,582,195
23,ETH,crypto,lighter,0,2670.365,0.7864402717316921,4329233.719313,4155270.674347,4329233.719313,4155270.674347,,246
23,SOL,crypto,hyperliquid,SOL,117.86500000000001,0.8484642796546815,2316650.6168,2677033.0873,4468625.0154,4682199.0753,793,286
23,SOL,spot,hyperliquid,@156,117.83500000000001,0.8486803021301448,123267.80647,163823.67897,220412.6408,377300.2661,854,342
23,SOL,crypto,lighter,2,117.875,0.8483922965973889,1034109.222222,1515932.509166,3476952.209745,3202862.358951,,215
23,AVAX,crypto,hyperliquid,AVAX,10.4785,2.863415099743083,107175.53329,44860.374769999995,335398.34511,130423.64631,259,200
23,BNB,crypto,hyperliquid,BNB,759.44,0.526717758291273,79080.08353,52284.16309,79080.08353,52284.16309,302,199
23,OP,crypto,hyperliquid,OP,0.130255,0.7677543186157543,17102.523141,27621.756859000005,112528.869234,127321.26850100001,455,345
23,LTC,crypto,hyperliquid,LTC,68.0975,0.1468493472556176,54767.93743,36217.05066,54767.93743,36217.05066,523,359
23,ARB,crypto,hyperliquid,ARB,0.197435,0.5065086359734572,25017.954183,25556.938817,41399.673863,40702.643229,449,188
23,DOGE,crypto,hyperliquid,DOGE,0.0932705,0.10721561059190421,99246.744332,107294.820941,99246.744332,107294.820941,500,196
23,SUI,crypto,hyperliquid,SUI,1.12115,2.676181980374448,102963.89028,115654.95071,286282.28158,339384.75817,649,198
23,CRV,crypto,hyperliquid,CRV,0.3849,5.197505197505059,11064.664947000001,38429.818323,38037.074748,46815.345978000005,644,187
23,LDO,crypto,hyperliquid,LDO,0.43694,0.9154994049254128,11361.396128999999,14894.520996000001,11361.396128999999,14894.520996000001,703,201
23,LINK,crypto,hyperliquid,LINK,14.7405,0.6784260515591001,153404.1817,83842.4016,210388.7061,226802.6658,715,191
23,XRP,crypto,hyperliquid,XRP,1.48915,0.6715465717554991,1433331.1879,806308.6199,2238917.5024,1250043.6014,292,190
23,XRP,crypto,lighter,7,1.488442,1.464725971942471,379950.559836,316046.565691,7741474.660957,7409031.8068429995,,61
23,BCH,crypto,hyperliquid,BCH,306.175,0.32661593232452546,48072.72957,46144.73543,48072.72957,46144.73543,378,216
23,APT,crypto,hyperliquid,APT,0.8236,2.4286581663623963,13027.639334,4920.017656999999,99091.683021,127664.65571,365,195
23,AAVE,crypto,hyperliquid,AAVE,148.635,0.672811680009211,75019.1643,61304.0363,124996.3885,94564.3455,359,185
23,WLD,crypto,hyperliquid,WLD,0.47854,2.507941815750314,28174.104478,105269.690721,28174.104478,105269.690721,487,193
23,WLD,crypto,lighter,6,0.478615,1.880602628663297,45719.051692999994,61945.03067,1029683.261676,950126.76877,,239
23,TRX,crypto,hyperliquid,TRX,0.334245,0.29918621349933616,38842.34753,43738.18982,38842.34753,43738.18982,570,203
23,UNI,crypto,hyperliquid,UNI,8.599450000000001,0.1162871828275236,20582.75539,12671.85017,20582.75539,12671.85017,563,184
23,SEI,crypto,hyperliquid,SEI,0.0744705,0.13428226131262377,22987.593924,28253.674328,31495.52886,35953.495497,683,194
23,ZRO,crypto,hyperliquid,ZRO,1.5357500000000002,1.9536337587910957,4269.44171,13728.770919999999,14324.26103,32964.94871,787,221
23,DOT,crypto,hyperliquid,DOT,1.16235,2.5813113061445847,44207.21765,43348.55307,91606.51153999999,69208.42255999999,785,213
23,TIA,crypto,hyperliquid,TIA,0.431925,1.620783069764542,5851.970499,2092.675283,33394.720914,46867.617427,805,204
23,ADA,crypto,hyperliquid,ADA,0.243925,1.2299618711830718,102169.61323,106870.25687,102169.61323,141523.59578,879,194
23,PENDLE,crypto,hyperliquid,PENDLE,2.33455,0.42835724994638724,10959.6997,3592.753,48045.016,27569.6675,395,211
23,NEAR,crypto,hyperliquid,NEAR,4.6560500000000005,0.21477663230351496,68158.10281,75463.46511,68158.10281,75463.46511,392,204
23,NEAR,crypto,lighter,10,4.658685,1.8247156663653286,69332.468655,23904.27981,1173228.010374,1560380.038339,,53
23,PYTH,crypto,hyperliquid,PYTH,0.080207,1.7456359102241414,4190.958977,3914.665104,24985.015896,17350.359783,458,198
23,JUP,crypto,hyperliquid,JUP,0.324365,0.30829942039733993,13677.10915,6377.44663,20836.36016,11487.21633,500,221
23,JTO,crypto,hyperliquid,JTO,0.5442549999999999,0.9187292137524672,7206.7761,9225.75786,12797.9091,11891.92145,574,181
23,WIF,crypto,hyperliquid,WIF,0.23207,1.7237664296487765,43842.15967,7838.15567,71198.76454999999,31858.08765,589,192
23,ONDO,crypto,hyperliquid,ONDO,0.516375,0.19365958517925108,42930.31142,24088.51396,42930.31142,24088.51396,653,194
23,STRK,crypto,hyperliquid,STRK,0.041275,2.4230676035852383,1155.747561,5526.589263,101043.933977,110214.082597,695,193
23,TAO,crypto,hyperliquid,TAO,303.09000000000003,1.3198271026504393,32853.989779999996,132424.87533,32853.989779999996,134163.66073,768,193
23,ETHFI,crypto,hyperliquid,ETHFI,0.689135,1.5963313403366541,2865.895476,6442.664648,5879.7769370000005,8583.236845000001,787,197
23,ENA,crypto,hyperliquid,ENA,0.25153499999999995,0.39756689062864226,42043.37401,80532.20337,51089.75177,100960.80055,288,199
23,ENA,crypto,lighter,29,0.25163,3.1797766206942413,158808.690046,154977.992401,1405193.688921,1162225.82292,,215
23,HBAR,crypto,hyperliquid,HBAR,0.120305,2.493972898827135,10728.29279,21931.067339999998,219414.136,244767.66909,400,196
23,EIGEN,crypto,hyperliquid,EIGEN,0.25095,3.985651654045963,2503.483106,2647.9063049999995,25682.139404999998,47411.62446,411,188
23,GRASS,crypto,hyperliquid,GRASS,0.677155,9.307960522428882,2366.131382,737.879764,15329.046651,7565.513576,489,198
23,PURR,crypto,hyperliquid,PURR,0.13985,8.58430502897356,355.72893,201.2332,898.89727,1481.87111,543,195
23,PURR,spot,hyperliquid,PURR/USDC,0.13942500000000002,6.457167455875545,106.90446,73.66134,30077.117580000002,24900.48262,595,193
23,XLM,crypto,hyperliquid,XLM,0.22852,1.750547045951123,79418.98252,19857.52605,91388.83658,39049.4805,599,186
23,HYPE,crypto,hyperliquid,HYPE,87.3205,0.1145213009623447,131799.53678,203071.53558999998,131799.53678,203071.53558999998,684,193
23,HYPE,spot,hyperliquid,@107,87.3415,0.11449376581484927,85229.58380000001,44729.19792,85229.58380000001,44729.19792,735,190
23,HYPE,crypto,lighter,24,87.32220000000001,0.9390951017040905,469344.284689,547950.833149,2306249.9113290003,2162531.463688,,211
23,VIRTUAL,crypto,hyperliquid,VIRTUAL,0.8062400000000001,0.9923096005959309,10418.411042,10825.153568,11123.743846,10825.153568,798,197
23,PENGU,crypto,hyperliquid,PENGU,0.009215999999999998,2.1703743895828964,16448.0186,36804.013906,63809.923585,74745.015655,341,191
23,FARTCOIN,crypto,hyperliquid,FARTCOIN,0.164995,0.6060973392330027,21767.22937,5039.648164,44548.124242000005,28245.438421,394,193
23,SPX,crypto,hyperliquid,SPX,0.405035,1.2345374188282854,4990.157043,4583.068563,13134.8214,15864.137958,455,191
23,MORPHO,crypto,hyperliquid,MORPHO,2.44265,2.8661507595306723,3926.86029,3361.0439499999998,6890.04082,18726.55789,460,185
23,TRUMP,crypto,hyperliquid,TRUMP,1.95965,5.614823133071045,28802.89593,21789.99175,110880.71199,55583.053179999995,543,200
23,VVV,crypto,hyperliquid,VVV,27.490000000000002,4.366176684615919,6373.6866199999995,3585.98758,13602.39971,7736.77374,582,187
23,PAXG,crypto,hyperliquid,PAXG,4142.35,0.24141177606518127,302890.2185,227572.34709999998,302890.2185,227572.34709999998,652,195
23,SYRUP,crypto,hyperliquid,SYRUP,0.22586499999999998,3.0996767479951615,520.5244700000001,3265.84263,26596.25844,11135.28244,649,188
23,PUMP,crypto,hyperliquid,PUMP,0.004855,4.120313143800569,6832.010609000001,65561.87786800001,335709.936616,442468.925292,742,197
23,PUMP,crypto,lighter,45,0.004852,4.12286126571626,108202.794169,59292.074932,1075602.167166,900097.448677,,219
23,XPL,crypto,hyperliquid,XPL,0.0972255,0.10285420416478175,1639.054689,4347.063665,18809.217499000002,4347.063665,325,198
23,SKY,crypto,hyperliquid,SKY,0.078276,3.577726099512901,5197.260912,4239.725864,15685.513872,12781.514687,321,191
23,ASTER,crypto,hyperliquid,ASTER,0.7062,1.416129717481951,18586.03226,29801.42744,18586.03226,29801.42744,452,232
23,ZEC,crypto,hyperliquid,ZEC,1384.85,2.1665342673493626,432111.496,1255136.717,1099121.162,1595078.439,470,190
23,ZEC,crypto,lighter,90,1385.759,1.5155298508862103,473380.845963,634866.599783,5320073.920287,4753758.0519,,220
23,MON,crypto,hyperliquid,MON,0.027535,0.7263746640528979,6455.384835,16038.067053,6734.323116,16177.728774,519,192
23,CC,crypto,hyperliquid,CC,0.133205,3.7543174650833677,6407.868,9559.209280000001,36732.71456,43121.82815,638,184
23,ICP,crypto,hyperliquid,ICP,3.2731500000000002,2.138841359080601,10013.43157,5097.3216600000005,25070.68375,13942.80915,671,199
23,AERO,crypto,hyperliquid,AERO,0.82531,1.6964761766269376,6162.33068,3385.3585199999998,6162.33068,3385.3585199999998,781,260
23,LIT,crypto,hyperliquid,LIT,4.36485,0.22910557184729896,29628.6985,60538.804,29628.6985,60538.804,748,203
23,LIT,crypto,lighter,120,4.364050000000001,1.1457903661948876,37943.958187,78901.51155499999,322119.93029499997,188991.946964,,68
23,XMR,crypto,hyperliquid,XMR,541.085,0.18481555407623418,63428.86743,21201.346410000002,63611.56995,21201.346410000002,330,205
23,DASH,crypto,hyperliquid,DASH,59.852,1.0025230162580279,3272.94777,40654.87399,5514.14052,186463.14662999997,359,197
23,SKR,crypto,hyperliquid,SKR,0.0183275,2.728512960434859,32614.349857,726.240232,43303.031369,3747.190029,398,197
23,AZTEC,crypto,hyperliquid,AZTEC,0.018487999999999997,6.492803809112768,2193.96112,49.705483,31918.441675000002,8109.626055,430,195
23,CHIP,crypto,hyperliquid,CHIP,0.0427425,1.169864295740286,4994.004411,3711.887854,16517.034657,17729.983992,527,195
23,GRAM,crypto,hyperliquid,GRAM,1.5679500000000002,1.9135093761968314,7882.5076,12054.3619,23590.8615,23183.4439,562,202
23,CASHCAT,crypto,hyperliquid,CASHCAT,0.17404,5.747456750386792,1216.11277,556.95436,10312.20787,10219.75766,588,189
23,PONS,crypto,hyperliquid,PONS,0.532185,1.3154185849861832,12960.70527,5585.82272,33704.81464,16539.64875,622,191
23,USELESS,crypto,hyperliquid,USELESS,0.23263,1.7196165255151108,5309.471689999999,5362.16071,12105.36104,25220.51596,719,191
23,US100,indices,hyperliquid,xyz:XYZ100,30163.5,0.3315320094166019,4110267.8612,4010415.1139,4110267.8612,4010415.1139,762,198
23,US100,indices,lighter,181,30165.5,0.9945630552987694,1096937.691227,877702.524655,2799311.160856,2784247.459477,,230
23,TSLA,stocks,hyperliquid,xyz:TSLA,356.805,0.8408307407714588,222982.23797,174292.92729,222982.23797,174292.92729,817,193
23,TSLA,stocks,lighter,112,356.89,0.5604124635727459,173404.067052,304815.688716,1045203.0701019999,958409.382892,,54
23,NVDA,stocks,hyperliquid,xyz:NVDA,228.325,0.43798177995935106,631231.85067,733927.54212,631231.85067,733927.54212,431,201
23,NVDA,stocks,lighter,110,228.4115,0.04378072859800852,766311.811918,717180.615583,1467944.652106,1451537.658177,,89
23,XAU,commodities,hyperliquid,xyz:GOLD,4133.75,0.2419140237575057,1056785.01728,1412549.89676,1056785.01728,1412549.89676,485,200
23,XAU,commodities,lighter,92,4135.305,0.024182042415166194,671396.050584,1226277.054101,4160086.330069,2743297.335033,,88
23,HOOD,stocks,hyperliquid,xyz:HOOD,115.63499999999999,0.8648274669198486,118048.10661999999,183425.30161,226950.55154,316227.28607000003,533,198
23,INTC,stocks,hyperliquid,xyz:INTC,114.16499999999999,0.8759635599164817,219266.5689,807033.8372000001,601809.2565,1128213.2559,571,190
23,PLTR,stocks,hyperliquid,xyz:PLTR,186.495,1.6087516087526232,103194.79669,125150.58475,107322.31478,127511.6274,626,193
23,COIN,stocks,hyperliquid,xyz:COIN,191.74,1.0431335732552505,70382.31262,60401.38907,107340.31318,77496.72759,683,196
23,META,stocks,hyperliquid,xyz:META,712.945,0.14026425786184404,91226.05404,153999.49083,91226.05404,153999.49083,716,181
23,META,stocks,lighter,117,713.36,0.560742422968108,324304.980549,259255.020921,850198.344793,821682.463031,,49
23,AAPL,stocks,hyperliquid,xyz:AAPL,337.42,0.5927506594338716,137077.3175,207446.42767,137077.3175,207446.42767,297,193
23,AAPL,stocks,lighter,113,337.4245,0.8594884561818894,169911.991986,271063.48159800004,1159092.068595,988919.697273,,50
23,MSFT,stocks,hyperliquid,xyz:MSFT,507.165,0.1971764334718351,164561.7893,91287.7136,164561.7893,91287.7136,381,220
23,MSFT,stocks,lighter,115,507.46000000000004,1.9707928499634875,73706.370921,69631.85276,771606.125262,538932.417046,,57
23,ORCL,stocks,hyperliquid,xyz:ORCL,132.63,1.5080681646795213,218254.71255,89539.47421,455483.5282,157953.94391,400,202
23,GOOGL,stocks,hyperliquid,xyz:GOOGL,341.905,0.8774752113271944,190451.42978,140893.23113,190451.42978,140893.23113,427,202
23,GOOGL,stocks,lighter,116,342.095,2.046424603869834,150960.611728,128320.468189,1087378.424042,774477.266222,,60
23,AMZN,stocks,hyperliquid,xyz:AMZN,245.98000000000002,1.626280696047644,124914.91471,142880.89322,124914.91471,142880.89322,566,205
23,AMZN,stocks,lighter,114,246.01850000000002,0.12194279257249363,247662.31754,208372.13467200001,951375.8004010001,806766.726088,,256
23,AMD,stocks,hyperliquid,xyz:AMD,605.49,1.6516913319231108,95275.70638999999,56143.0112,95275.70638999999,56143.0112,611,209
23,MU,stocks,hyperliquid,xyz:MU,1051.1,1.9029495718370093,686000.8885,818887.369,1728393.0096999998,2425617.9605,631,203
23,SNDK,stocks,hyperliquid,xyz:SNDK,1698.55,0.5887547836325169,1097434.7065,1398927.7937,1303983.8551999999,2028283.3511,767,198
23,SNDK,stocks,hyperliquid,io:SNDK,1698.95,0.5886161633994469,37147.53585,87256.83527,68261.25518000001,114633.54569,805,193
23,SNDK,stocks,lighter,139,1698.67,0.7064599878736644,712470.378265,1044427.075983,2982645.7734519998,3296634.271145,,65
23,MSTR,stocks,hyperliquid,xyz:MSTR,156.055,1.922583952833623,206652.58508,236829.86106999998,222712.79234,370949.15279,582,482
23,CRCL,stocks,hyperliquid,xyz:CRCL,85.23599999999999,0.4692962902130837,68728.816491,92534.630417,68728.816491,92534.630417,373,214
23,NFLX,stocks,hyperliquid,xyz:NFLX,69.2815,3.320340695829316,14657.140518,22674.221030999997,14657.140518,22674.221030999997,441,213
23,LLY,stocks,hyperliquid,xyz:LLY,1186.8,3.3709758975231097,27972.20331,12373.24791,241503.98721,59976.99115,464,197
23,SKHX,stocks,hyperliquid,xyz:SKHX,1291.4,1.548826763726474,798956.7104999999,1105934.638,1499915.9562,1741323.956,578,204
23,TSM,stocks,hyperliquid,xyz:TSM,447.525,1.5642807660509739,64971.38692,71852.99318,64971.38692,72480.30518,639,196
23,USDJPY,fx,hyperliquid,xyz:JPY,157.365,1.9065776930404787,640690.4199,785085.1958,912620.4724,916312.4992000001,680,214
23,USDJPY,fx,lighter,98,157.29899999999998,3.5607327479336703,24268.102985,49346.323682,974970.733581,2611790.886234,,54
23,EURUSD,fx,hyperliquid,xyz:EUR,1.1367500000000001,2.639450994192938,388708.75011,98588.82811,668795.59577,399956.97337,777,194
23,EURUSD,fx,lighter,96,1.1371950000000002,2.1986333295220817,57786.403298,28011.652581,2130258.146077,2244298.791613,,64
23,XAG,commodities,hyperliquid,xyz:SILVER,60.521,0.9914405631383794,1020374.9126800001,1054820.72716,1020374.9126800001,1054820.72716,332,197
23,XAG,commodities,lighter,93,60.548249999999996,2.2959533409427912,755682.486467,680127.896633,3042640.2146509998,2824042.466841,,56
23,BABA,stocks,hyperliquid,xyz:BABA,107.69999999999999,1.857182653912659,70681.60815,105111.60317,180513.57284,160447.8652,412,215
23,WTI,commodities,hyperliquid,xyz:CL,94.1875,1.1679514132212354,826963.068942,423891.824179,826963.068942,423891.824179,542,307
23,WTI,commodities,lighter,145,94.17150000000001,1.3805554080592586,548702.584845,440451.729686,1578084.815276,2032623.0928500001,,62
23,COPPER,commodities,hyperliquid,xyz:COPPER,6.6098,0.6051803437423509,35933.431731000004,59866.294462,35933.431731000004,59866.294462,529,195
23,NATGAS,commodities,hyperliquid,xyz:NATGAS,3.1356,0.6378568011489172,91283.68043000001,44721.58953,91283.68043000001,44721.58953,533,195
23,SMSN,stocks,hyperliquid,xyz:SMSN,199.115,0.5022349455074959,138183.89243,160064.08012,204899.77756,160064.08012,619,206
23,XPT,commodities,hyperliquid,xyz:PLATINUM,1700.85,1.7639795378365797,39236.9049,39801.02561,107555.54993000001,50281.225699999995,731,200
23,USAR,stocks,hyperliquid,xyz:USAR,14.4295,3.4657239897417647,14825.574630000001,407.72396000000003,30102.674020000002,10633.46196,730,195
23,CRWV,stocks,hyperliquid,xyz:CRWV,84.28399999999999,0.23729577732112261,58883.78152,63829.63674999999,58883.78152,68048.13674999999,745,201
23,GME,stocks,hyperliquid,xyz:GME,23.901,3.3477005481863387,13547.73996,19475.27909,26416.960619999998,29988.631960000002,816,195
23,SOFTBANK,stocks,hyperliquid,xyz:SOFTBANK,38.2125,8.639648130694955,7849.988925999999,12328.647455,189880.706922,195924.85896399998,390,205
23,JP225,indices,hyperliquid,xyz:JP225,65156.5,7.5231836885092385,20658.71061,364224.09464,27470.28347,371397.45148,386,199
23,KIOXIA,stocks,hyperliquid,xyz:KIOXIA,111.995,4.46548182548856,135.21145,135.14443,299.48957,41551.14127,389,190
23,EWY,stocks,hyperliquid,xyz:EWY,183.57999999999998,1.0895026420443266,207474.72804,322527.13154,266063.54935,336835.67549,475,204
23,BRENTOIL,commodities,hyperliquid,xyz:BRENTOIL,99.7355,1.1029780407101342,272576.92925,146500.36114,272576.92925,146500.36114,622,235
23,BRENTOIL,commodities,lighter,159,99.68,2.006621852110868,467094.24624,1019263.730421,1926213.723408,1810921.323931,,65
23,HIMS,stocks,hyperliquid,xyz:HIMS,28.665,3.4891835310535413,14015.269180000001,7522.97579,32618.3214,17379.671400000003,603,209
23,US500,indices,hyperliquid,xyz:SP500,7665.35,0.1304580381722431,1710782.6331,2523113.6111,1710782.6331,2523113.6111,654,196
23,US500,indices,hyperliquid,mkts:US500,763.885,0.13091061423331496,35253.63366,72159.18475,35253.63366,72159.18475,675,199
23,US500,indices,lighter,180,7666.950000000001,0.9130514178390392,785477.651188,1158136.686134,13799495.886218,13750959.367140999,,55
23,LITE,stocks,hyperliquid,xyz:LITE,913.1099999999999,1.533339174624171,81760.5263,58082.76661,81760.5263,70746.97553,821,198
23,PURRDAT,stocks,hyperliquid,xyz:PURRDAT,12.039000000000001,13.298977641094112,1515.698,542.19,27089.465,32310.554,852,196
23,MRVL,stocks,hyperliquid,xyz:MRVL,250.115,0.39982407740613013,115590.6958,177530.1097,115590.6958,177530.1097,861,200
23,RKLB,stocks,hyperliquid,xyz:RKLB,71.69300000000001,1.9529615266566935,66162.41297,65139.29079,66162.41297,107187.95756,329,194
23,DRAM,stocks,hyperliquid,xyz:DRAM,59.966,0.6670669068120638,141266.908,152249.1136,141266.908,152249.1136,506,224
23,CBRS,stocks,hyperliquid,xyz:CBRS,196.875,0.5079494082393943,63891.8002,66452.1094,113150.09999999999,137946.57630000002,510,197
23,ARM,stocks,hyperliquid,xyz:ARM,281.95000000000005,1.418791898699645,35584.9201,38465.8501,158884.578,57068.5105,520,198
23,GBPUSD,fx,hyperliquid,xyz:GBP,1.3245,6.041839740200672,142357.6289,143156.5809,394180.398,672251.4721,525,194
23,GBPUSD,fx,lighter,97,1.32437,2.265484587153921,38100.454013999995,18799.602061,2510441.381131,2292094.789749,,237
23,SPCX,stocks,hyperliquid,xyz:SPCX,145.865,0.6855889208834398,1542927.8557,1695849.0544,1863240.7918,2142433.4948,714,202
23,SPCX,stocks,lighter,194,145.905,0.6854009595613775,771135.779147,783457.334437,1135294.245415,1233895.552417,,64
23,MINIMAX,stocks,hyperliquid,xyz:MINIMAX,31.384999999999998,4.461724775319809,18787.45697,8396.34636,32236.41436,25510.562280000002,720,193
23,BB,stocks,hyperliquid,xyz:BB,8.69985,4.943835726687329,21357.43923,12605.083719999999,42650.14586,39686.16442,781,193
23,QNT,stocks,hyperliquid,xyz:QNT,48.942499999999995,14.517349254707934,2067.78428,41.63706,3560.35477,1234.49189,374,198
23,DELL,stocks,hyperliquid,xyz:DELL,539.7349999999999,2.0382448858580204,30772.648400000002,82182.3632,30772.648400000002,92605.5759,382,200
23,AVGO,stocks,hyperliquid,xyz:AVGO,348.45500000000004,2.009069513804196,158780.6263,63848.180799999995,176844.9412,89915.3061,428,220
23,NBIS,stocks,hyperliquid,xyz:NBIS,229.47,1.7432991937260667,85961.72140000001,110536.90830000001,85961.72140000001,131069.7913,436,194
23,NBIS,stocks,hyperliquid,io:NBIS,229.66,1.7418568193705575,11832.5103,35483.4776,12433.584400000002,41339.5756,575,199
23,WDC,stocks,hyperliquid,xyz:WDC,450.475,2.886259186074547,25089.46953,15281.352649999999,49534.89196,34678.67017,579,195
23,BE,stocks,hyperliquid,xyz:BE,261.20000000000005,1.5315108354396756,14107.1646,50694.9387,80305.3283,77817.29980000001,634,204
23,ZHIPU,stocks,hyperliquid,xyz:ZHIPU,78.75,3.5561877667134034,31648.913675,25486.779898,55388.298244,50418.911496,629,191
23,QCOM,stocks,hyperliquid,xyz:QCOM,187.14999999999998,2.1375514348309643,4354.6887,8011.8171,115459.1435,30548.8336,791,215
23,STRC,stocks,hyperliquid,xyz:STRC,99.06450000000001,4.543526988549651,1238.0233,1575.8515,139888.3114,73800.5647,779,198
23,AMAT,stocks,hyperliquid,xyz:AMAT,480.95500000000004,3.5352590097126324,20816.85652,27914.90232,26443.90927,42623.968590000004,292,197
23,SKHY,stocks,hyperliquid,xyz:SKHY,182.22,1.0976345974422763,535584.4225,625014.0357,653533.4935,674889.3676,307,205
23,CXMT,stocks,hyperliquid,xyz:CXMT,8.2286,2.673959282892824,24214.09201,48901.50972,91591.57062,119079.92396,439,194
23,KORU,stocks,hyperliquid,xyz:KORU,20.3185,1.476595954126303,46506.837700000004,19154.5258,196414.9588,116468.4215,448,191
23,UNITREE,stocks,hyperliquid,xyz:UNITREE,67.9445,3.0912356110346373,32958.10695,11924.87715,32958.10695,11924.87715,485,191
23,SOXL,stocks,hyperliquid,xyz:SOXL,139.005,2.1584286639320105,212150.147,215274.50770000002,437548.4379,448417.4973,505,196
23,IREN,stocks,hyperliquid,xyz:IREN,41.463,3.377074488613019,331.572,22304.686299999998,331.572,37667.7766,634,193
23,AAOI,stocks,hyperliquid,xyz:AAOI,95.4325,1.5719151165827228,4314.27573,17010.16773,8660.88892,23507.38789,655,205
23,MRNA,stocks,hyperliquid,xyz:MRNA,195.12,2.050230650947338,51214.1174,21417.3237,124892.6354,170323.2677,685,198
23,BMNR,stocks,hyperliquid,xyz:BMNR,26.851,5.215318134406122,814.08935,14968.25761,7050.315600000001,97167.77190999998,710,203
23,US10Y,rates,hyperliquid,para:10Y,5.2552,9.899859117388221,5969.70897,27250.207710000002,97202.95373000001,179612.01543,330,233
23,US10Y,rates,lighter,227,95.195,3.1519226728282668,29999.967044000005,3522.0940089999995,1122671.913541,972597.490367,,57
23,30Y,unclassified,hyperliquid,para:30Y,5.5555,1.8001800180034166,36499.08296,11998.79819,76237.46774,75259.90058999999,422,273
23,2Y,unclassified,hyperliquid,para:2Y,4.9249,143.15221170167146,0,0,64053.22942,82471.41486,384,210
23,USTECH,indices,hyperliquid,mkts:USTECH,733.4,0.5454198369192476,29307.23218,34428.65642,29307.23218,34428.65642,379,200
23,OAI,preipo,hyperliquid,io:OAI,1626.0500000000002,4.30583748539215,2288.1603,60106.3903,6511.9193000000005,72411.14689999999,521,189
23,ANTH,preipo,hyperliquid,io:ANTH,2055.55,0.486499635123927,7380.4171,9856.75,9975.6768,14764.8632,578,198
24,BTC,crypto,hyperliquid,BTC,83140.5,0.12027904739086992,3743614.1151,4556575.55667,3743614.1151,4556575.55667,820,312
24,BTC,spot,hyperliquid,@142,83162.5,0.12024722830128454,1045381.3146400001,651647.47463,1045381.3146400001,651647.47463,718,208
24,BTC,crypto,lighter,1,83141.05,0.5893772567722166,2722208.220199,2984673.92156,2722208.220199,2984673.92156,,67
24,ETH,crypto,hyperliquid,ETH,2669.3500000000004,0.3746300528217894,9623333.20083,9102153.90192,9623333.20083,9102153.90192,813,299
24,ETH,spot,hyperliquid,@151,2667.25,0.3749250149986949,423037.99599,358669.5244,423037.99599,358669.5244,833,259
24,ETH,crypto,lighter,0,2668.445,0.6370954443934984,4292233.19508,5148152.103948,4292233.19508,5148152.103948,,213
24,SOL,crypto,hyperliquid,SOL,117.685,0.8497620666214623,2774692.7505,1422082.514,4560229.2136,4396696.6433999995,478,203
24,SOL,spot,hyperliquid,@156,117.655,0.849978750530056,172709.65261,96102.59874,311440.83699,281224.78783,484,202
24,SOL,crypto,lighter,2,117.72749999999999,2.123773520790184,825266.000887,753114.715029,2766767.4668,5653366.381853,,211
24,AVAX,crypto,hyperliquid,AVAX,10.4435,4.788813332055053,71021.55489,59719.34501999999,217797.51664,182409.12766,579,184
24,BNB,crypto,hyperliquid,BNB,758.8050000000001,0.3953663068845259,92127.7656,98142.96379000001,92127.7656,98142.96379000001,679,199
24,OP,crypto,hyperliquid,OP,0.13021,3.0724325985098666,10007.829011,10341.162322999999,86424.957257,82341.290526,674,187
24,LTC,crypto,hyperliquid,LTC,68.0125,0.1470328765518225,74120.09488,43778.23225,74120.09488,59101.12006,700,191
24,ARB,crypto,hyperliquid,ARB,0.196935,3.5551041137638073,18767.692971,34113.194687,39118.702444,53925.831077,770,189
24,DOGE,crypto,hyperliquid,DOGE,0.0930965,1.6113611704926534,195696.977894,145146.469074,195696.977894,145146.469074,456,346
24,SUI,crypto,hyperliquid,SUI,1.1184,3.577177606868265,97677.31062999999,125513.48453,288964.3726,290672.39127,914,233
24,CRV,crypto,hyperliquid,CRV,0.38388500000000003,2.865852069926511,28648.962003,11807.987667,43036.09154,32671.877631,742,607
24,LDO,crypto,hyperliquid,LDO,0.43592,2.294262050612783,5824.720473,24171.237501,5824.720473,51525.771291000005,610,404
24,LINK,crypto,hyperliquid,LINK,14.7345,6.109979633401874,113985.3563,79486.5985,251443.776,180905.2938,613,264
24,XRP,crypto,hyperliquid,XRP,1.4864,1.3456233600206424,1526662.7922,580188.473,2206458.5683,1121934.7606,646,188
24,XRP,crypto,lighter,7,1.486308,2.7723534454549004,282038.985691,397902.05603700003,7370367.712433999,7186421.34508,,223
24,BCH,crypto,hyperliquid,BCH,305.835,0.3269790406434936,60352.820790000005,27458.988969999995,60352.820790000005,46515.03655,808,194
24,APT,crypto,hyperliquid,APT,0.82085,1.218323586744674,17034.174109,5016.662417,108238.52625899999,71998.60902,839,192
24,AAVE,crypto,hyperliquid,AAVE,148.385,2.0219720967862287,65551.2475,53167.0659,138201.718,113794.7888,415,193
24,WLD,crypto,hyperliquid,WLD,0.477495,1.4660914003261638,39758.525327,91656.394084,39758.525327,91656.394084,489,200
24,WLD,crypto,lighter,6,0.47775999999999996,2.930771002114252,7178.61349,62942.60466600001,1034702.8873,919743.515335,,69
24,TRX,crypto,hyperliquid,TRX,0.33404,0.598748615394662,49523.88311,54964.50449,49523.88311,54964.50449,511,191
24,UNI,crypto,hyperliquid,UNI,8.585049999999999,1.0483889756063292,28347.89789,55860.78079,28347.89789,55860.78079,652,264
24,SEI,crypto,hyperliquid,SEI,0.074411,1.075167658957099,22952.159795,4482.494528,22952.159795,34088.528804,604,187
24,ZRO,crypto,hyperliquid,ZRO,1.5343499999999999,0.6517630189661894,7053.968690000001,1554.56302,28144.147520000002,18282.481,679,188
24,DOT,crypto,hyperliquid,DOT,1.16105,2.5842019123101245,55411.933840000005,16616.015049999998,96699.34867,55045.98603,705,193
24,TIA,crypto,hyperliquid,TIA,0.43100499999999997,2.552500290056159,3448.111488,2311.9586799999997,28197.17631,69319.414407,799,193
24,ADA,crypto,hyperliquid,ADA,0.24301,2.4693390402497073,112182.38727,103055.74426,115829.80778,113953.51948,850,196
24,PENDLE,crypto,hyperliquid,PENDLE,2.3303000000000003,4.292213923942079,5081.5273,22901.5867,10732.3802,57912.547399999996,883,201
24,NEAR,crypto,hyperliquid,NEAR,4.6507000000000005,2.5805896647379534,83741.14086,67284.66925,83741.14086,67284.66925,308,200
24,NEAR,crypto,lighter,10,4.656105,2.0405401631995446,24733.085832,159114.438497,655391.707656,1906107.060135,,71
24,PYTH,crypto,hyperliquid,PYTH,0.08023050000000001,2.6178010471222812,7705.994924,2910.04159,13991.972009,13918.988033,457,205
24,JUP,crypto,hyperliquid,JUP,0.32344,0.6183718269792138,13836.48848,5714.75994,15284.17753,9911.68038,516,242
24,JTO,crypto,hyperliquid,JTO,0.5422849999999999,3.504306608383967,1723.34003,3675.69221,2350.99212,10600.24085,513,228
24,WIF,crypto,hyperliquid,WIF,0.231665,3.8856748121918194,6215.77986,9534.17714,62127.54558,68057.46775,543,233
24,ONDO,crypto,hyperliquid,ONDO,0.5156099999999999,0.38789759503554677,53689.91893,25578.16958,53689.91893,25578.16958,656,197
24,STRK,crypto,hyperliquid,STRK,0.041225,2.4260067928194573,2484.427268,3907.426265,73537.368406,75651.995156,713,198
24,TAO,crypto,hyperliquid,TAO,302.505,2.9756000793512705,30502.789960000002,107274.75317,42666.74465,115398.90959,722,204
24,ETHFI,crypto,hyperliquid,ETHFI,0.688025,1.8896447467864341,5892.303103,4713.535255,8226.840437,9127.345961,751,206
24,ENA,crypto,hyperliquid,ENA,0.251205,2.7869570410476996,23897.27639,78446.57558,46606.05421,78446.57558,861,203
24,ENA,crypto,lighter,29,0.25133,1.5916597031573332,39088.626417,20875.254756,1296508.5434,986494.602664,,224
24,HBAR,crypto,hyperliquid,HBAR,0.119855,4.172577818575274,24236.24099,5986.2398,113167.18811,65663.48774,923,199
24,EIGEN,crypto,hyperliquid,EIGEN,0.25055,3.9920159680639777,986.094006,1638.375196,22354.418874,26758.099615,456,201
24,GRASS,crypto,hyperliquid,GRASS,0.679245,6.921842093636776,18480.498426,521.100576,23916.410367,6375.87986,562,197
24,PURR,crypto,hyperliquid,PURR,0.139745,7.874579425870554,334.51455,88.93105,942.78917,1787.71959,624,198
24,PURR,spot,hyperliquid,PURR/USDC,0.1394,12.920824061446456,150.17618,68.77364,3631.3968,43886.8741,640,197
24,XLM,crypto,hyperliquid,XLM,0.22769,1.7569288883034773,54229.14701,23577.556090000002,57694.48728,40680.50728,697,239
24,HYPE,crypto,hyperliquid,HYPE,87.2755,0.11458034946842943,80124.50518,90366.72144,80124.50518,90366.72144,762,198
24,HYPE,spot,hyperliquid,@107,87.3245,1.0306917086588818,57439.92861,148671.45691,57439.92861,148671.45691,364,245
24,HYPE,crypto,lighter,24,87.28315,0.011456971622525458,525333.497684,320697.776626,2490891.481236,2444886.335817,,219
24,VIRTUAL,crypto,hyperliquid,VIRTUAL,0.80475,0.4970611260923796,8998.302714,16575.577002,16016.076479,16575.577002,379,188
24,PENGU,crypto,hyperliquid,PENGU,0.0091965,3.2626427406201586,10732.75011,18881.80074,53423.084899,161925.581247,452,195
24,FARTCOIN,crypto,hyperliquid,FARTCOIN,0.16479,2.4276263882994087,11817.263546,24851.065206,37909.033813,59536.370521,551,196
24,SPX,crypto,hyperliquid,SPX,0.40492,1.4818839684838103,7010.102065,8371.569114,12349.986624000001,16441.372089,558,191
24,MORPHO,crypto,hyperliquid,MORPHO,2.4409,3.2780167998347487,3559.2529699999996,4465.77887,9754.66888,20152.20057,585,204
24,TRUMP,crypto,hyperliquid,TRUMP,1.9570500000000002,1.53303694619078,29787.35328,20023.00665,92529.26523,67160.80117,683,230
24,VVV,crypto,hyperliquid,VVV,27.396,0.7300602299675774,11532.35552,2853.51297,13670.652979999999,6333.28464,745,192
24,PAXG,crypto,hyperliquid,PAXG,4142.45,0.24140594824251238,251633.4709,300848.9782,251633.4709,300848.9782,756,197
24,SYRUP,crypto,hyperliquid,SYRUP,0.225105,8.444069152482303,1319.0500299999999,2429.80891,25536.52576,19962.16012,784,198
24,PUMP,crypto,hyperliquid,PUMP,0.0048775,2.050440844783008,121392.836286,45684.413884,397933.160941,365569.760173,338,192
24,PUMP,crypto,lighter,45,0.0048755,2.051282051283021,61873.724018,19373.713498,854599.572161,812761.899306,,64
24,XPL,crypto,hyperliquid,XPL,0.097025,2.680080814745356,4397.271517,4762.9116109999995,27993.085078,4762.9116109999995,446,227
24,SKY,crypto,hyperliquid,SKY,0.078267,5.623362515176922,3961.491703,20402.182888,12964.762866,29686.427386,434,187
24,ASTER,crypto,hyperliquid,ASTER,0.70685,1.697816890449122,20386.43222,28191.17256,27893.80604,28191.17256,467,194
24,ZEC,crypto,hyperliquid,ZEC,1382.1,1.4471780028957326,461565.763,555046.714,1182264.914,1067449.154,525,185
24,ZEC,crypto,lighter,90,1383.1095,0.5711930704888069,302218.465283,398653.129333,5186087.50067,4957551.805017,,57
24,MON,crypto,hyperliquid,MON,0.0274615,4.735020943360535,4783.061185,18758.205068,5337.573773,28090.794674,656,208
24,CC,crypto,hyperliquid,CC,0.13292500000000002,2.25716650364971,8595.44912,13267.065830000001,43326.32368,43751.80724,665,196
24,ICP,crypto,hyperliquid,ICP,3.2625,4.292108651664517,27376.999929999998,7935.31638,56751.33308,30775.31973,700,205
24,AERO,crypto,hyperliquid,AERO,0.8251999999999999,1.9391118867573276,6219.2683099999995,2744.22838,6219.2683099999995,2744.22838,719,193
24,LIT,crypto,hyperliquid,LIT,4.36395,2.062564455138638,14842.1746,50304.854999999996,14842.1746,50304.854999999996,305,197
24,LIT,crypto,lighter,120,4.36215,1.1462894610136942,32992.24399,28659.979699,357821.056249,183658.255122,,64
24,XMR,crypto,hyperliquid,XMR,541.005,0.18484288354825296,55183.02984999999,13424.74848,71872.77038999999,20452.1055,376,225
24,DASH,crypto,hyperliquid,DASH,59.504000000000005,1.3445378151266674,3784.1059,7060.64251,54091.7741,9364.02572,364,194
24,SKR,crypto,hyperliquid,SKR,0.0182925,3.827437257368782,1734.2386940000001,640.421388,13501.967753,7662.041078,373,191
24,AZTEC,crypto,hyperliquid,AZTEC,0.0185675,9.159976291825966,53.595504,2103.618052,29657.791448,25725.537739,555,248
24,CHIP,crypto,hyperliquid,CHIP,0.042733,3.74488004681206,1716.034009,4563.559781,11743.043326,16016.510463,587,221
24,GRAM,crypto,hyperliquid,GRAM,1.5674000000000001,2.5523226135804045,20816.0143,16004.8365,30248.1998,40641.4885,559,185
24,CASHCAT,crypto,hyperliquid,CASHCAT,0.17365,5.760368663594306,1581.76888,696.0942,14257.0814,8182.947099999999,603,225
24,PONS,crypto,hyperliquid,PONS,0.53286,2.252252252250564,8441.61242,3845.5371099999998,32633.26111,13384.376260000001,768,211
24,USELESS,crypto,hyperliquid,USELESS,0.23204000000000002,3.448275862067973,3490.7175399999996,4719.18385,9826.86142,22782.86734,769,208
24,US100,indices,hyperliquid,xyz:XYZ100,30164.5,0.33152101843292314,3919406.9687,4021507.9234,3919406.9687,4021507.9234,789,201
24,US100,indices,lighter,181,30168.0,1.32599615461082,911491.281775,863914.3088519999,3086889.609694,2710946.489484,,61
24,TSLA,stocks,hyperliquid,xyz:TSLA,356.89,0.5604124635727459,145799.67762,188145.32038,145799.67762,188145.32038,335,190
24,TSLA,stocks,lighter,112,356.96000000000004,0.560302563386017,166770.989967,329150.537335,993363.134938,993748.418732,,64
24,NVDA,stocks,hyperliquid,xyz:NVDA,228.335,0.4379625979944457,631215.29913,756253.90444,631215.29913,756253.90444,444,189
24,NVDA,stocks,lighter,110,228.4365,1.1820175726606763,762483.27563,515476.659261,1502533.572978,1242502.661644,,222
24,XAU,commodities,hyperliquid,xyz:GOLD,4133.45,0.24193158175034313,1120157.13,1617885.2439599999,1120157.13,1617885.2439599999,503,189
24,XAU,commodities,lighter,92,4135.235,0.4111096332670705,858438.2848489999,1110257.869185,2521765.701339,2253196.044907,,216
24,HOOD,stocks,hyperliquid,xyz:HOOD,115.545,0.865501125151269,156857.56532,133772.30539,277126.81446,320704.75332,630,184
24,INTC,stocks,hyperliquid,xyz:INTC,114.16,1.752080595707195,214937.6888,832799.2011,549179.714,1206573.2010000001,683,191
24,PLTR,stocks,hyperliquid,xyz:PLTR,186.45,1.0727311735680978,117479.52618,93730.65315,133274.76451,120315.16004,688,183
24,COIN,stocks,hyperliquid,xyz:COIN,191.685,1.5651901706048577,65419.27258,149161.36335,81936.70184000001,201772.77129,752,196
24,META,stocks,hyperliquid,xyz:META,713.005,0.7012819433915851,120343.2215,156521.06155,120343.2215,156521.06155,321,191
24,META,stocks,lighter,117,713.4,0.28035156085737256,324232.78511500004,274986.734225,853061.792471,837414.176335,,55
24,AAPL,stocks,hyperliquid,xyz:AAPL,337.42,0.5927506594338716,145498.93175,207724.15437,145498.93175,207724.15437,460,272
24,AAPL,stocks,lighter,113,337.4285,1.0373105796790405,173814.079203,271755.567692,1161527.329689,988306.148475,,211
24,MSFT,stocks,hyperliquid,xyz:MSFT,507.195,0.19716477059894544,161417.47215,115066.6252,161417.47215,115066.6252,597,345
24,MSFT,stocks,lighter,115,507.47,0.7882550004922884,76428.37579199999,67664.520286,774326.702405,540630.944249,,209
24,ORCL,stocks,hyperliquid,xyz:ORCL,132.69,1.5073861923409204,185436.29234,76081.75605,331997.0806,189784.16221,680,229
24,GOOGL,stocks,hyperliquid,xyz:GOOGL,341.90999999999997,0.5849663644341696,157758.43328,156782.70316,157758.43328,156782.70316,684,223
24,GOOGL,stocks,lighter,116,342.07,1.169419675484118,131976.395091,128816.377423,1087124.623919,787274.277949,,225
24,AMZN,stocks,hyperliquid,xyz:AMZN,245.985,1.2196609342596254,122467.26679,144635.96632,122467.26679,144635.96632,795,197
24,AMZN,stocks,lighter,114,246.0195,0.04064726708108424,247894.56556,291047.165881,951859.530508,807557.48371,,68
24,AMD,stocks,hyperliquid,xyz:AMD,605.6700000000001,1.3209385268231344,62559.62659,89549.64140000001,62559.62659,89549.64140000001,877,191
24,MU,stocks,hyperliquid,xyz:MU,1051.25,0.9512937595124171,751886.4578,1196153.9654,1683993.7391,2554332.8911,613,465
24,SNDK,stocks,hyperliquid,xyz:SNDK,1697.85,0.5889975262118874,824763.2015,1572804.5479000001,1173827.3803,1775590.3768,357,199
24,SNDK,stocks,hyperliquid,io:SNDK,1698.25,0.588858791661373,38639.10822,90007.87042,58015.91171,92991.01461,648,455
24,SNDK,stocks,lighter,139,1697.925,0.7656697254199152,441666.236806,440577.88453000004,2730517.665083,2599109.201917,,59
24,MSTR,stocks,hyperliquid,xyz:MSTR,156.03,1.2818869375719188,173809.39345,301675.63505,251449.92742999998,411602.01701999997,527,191
24,CRCL,stocks,hyperliquid,xyz:CRCL,85.224,1.4081532070697733,62227.440558999995,140540.534803,62227.440558999995,140540.534803,549,190
24,NFLX,stocks,hyperliquid,xyz:NFLX,69.28200000000001,3.175932208283605,15049.390065,23382.204995,15049.390065,23382.204995,773,244
24,LLY,stocks,hyperliquid,xyz:LLY,1186.5500000000002,2.5286581254202467,23063.75896,9221.19488,115079.04324,47459.128229999995,751,201
24,SKHX,stocks,hyperliquid,xyz:SKHX,1291.45,0.7743534148985098,779600.4111,905968.3504,1436051.3576,1844408.0354,303,196
24,TSM,stocks,hyperliquid,xyz:TSM,447.395,0.6705708793419696,59578.90199,50428.25453,59578.90199,99863.70607,336,194
24,USDJPY,fx,hyperliquid,xyz:JPY,157.365,1.9065776930404787,823322.1711,629403.798,918148.5460000001,859904.7494,446,200
24,USDJPY,fx,lighter,98,157.29899999999998,4.069512357964822,28333.305747000002,51296.028433,972299.882306,2608161.212049,,226
24,EURUSD,fx,hyperliquid,xyz:EUR,1.1367500000000001,2.639450994192938,388703.8462300001,113833.83287,668790.69189,399956.76113,511,206
24,EURUSD,fx,lighter,96,1.1371950000000002,2.1986333295220817,62778.171407999995,28011.523081,2135183.156575,2244298.662113,,216
24,XAG,commodities,hyperliquid,xyz:SILVER,60.5355,0.1651936896007733,1300210.4258,554767.0545000001,1300210.4258,554767.0545000001,642,194
24,XAG,commodities,lighter,93,60.56635,1.172336814017072,681030.602298,1377819.289481,2629939.632948,2753533.492219,,220
24,BABA,stocks,hyperliquid,xyz:BABA,107.68,1.8575276307242206,73246.14457,56531.15939,191339.75552,146866.06471,702,189
24,WTI,commodities,hyperliquid,xyz:CL,94.1505,0.5310787271106676,368319.949807,963582.2552410001,368319.949807,963582.2552410001,746,189
24,WTI,commodities,lighter,145,94.127,0.6374569716549594,602855.746432,479019.53262,1888347.328174,1285595.005108,,215
24,COPPER,commodities,hyperliquid,xyz:COPPER,6.60945,0.15129966411508988,44688.33916,63296.838898,44688.33916,63296.838898,889,186
24,NATGAS,commodities,hyperliquid,xyz:NATGAS,3.13265,0.9577015163619862,89225.09709,87218.62916,89225.09709,87218.62916,912,196
24,SMSN,stocks,hyperliquid,xyz:SMSN,199.14999999999998,1.0043185698505042,249056.84975,100196.50658,265940.14465,102670.83878,320,196
24,XPT,commodities,hyperliquid,xyz:PLATINUM,1700.65,1.7641870038231922,60053.97428,34966.80059,78519.6442,41765.16469,430,194
24,USAR,stocks,hyperliquid,xyz:USAR,14.4275,3.4662045060662727,16493.02164,463.81146,31779.43853,8790.33533,460,193
24,CRWV,stocks,hyperliquid,xyz:CRWV,84.3035,1.542166387891175,36313.92605,64609.53416,36313.92605,106015.11781,486,196
24,GME,stocks,hyperliquid,xyz:GME,23.901,3.3477005481863387,14100.80834,19475.27909,27507.08556,29988.631960000002,525,203
24,SOFTBANK,stocks,hyperliquid,xyz:SOFTBANK,38.219,6.281571439787914,8019.25059,9512.04071,162489.233132,195963.747012,630,198
24,JP225,indices,hyperliquid,xyz:JP225,65171.5,3.5297728667904593,19120.89203,358732.66034,38048.61177,365239.42359,657,195
24,KIOXIA,stocks,hyperliquid,xyz:KIOXIA,112.025,6.250558085543201,136.02792000000002,5042.92218,319.02356000000003,191927.23554,677,190
24,EWY,stocks,hyperliquid,xyz:EWY,183.575,1.6343429941167997,220011.83987,311307.70915,262580.80021,339921.29377,721,194
24,BRENTOIL,commodities,hyperliquid,xyz:BRENTOIL,99.6885,0.9028530155297254,402080.78237000003,367038.9476,402080.78237000003,367038.9476,821,189
24,BRENTOIL,commodities,lighter,159,99.64,2.007427481682811,1018705.4021490001,541122.44325,2018003.481936,1731352.446725,,230
24,HIMS,stocks,hyperliquid,xyz:HIMS,28.665,3.4891835310535413,14015.269180000001,6532.552460000001,32618.3214,16446.969240000002,328,201
24,US500,indices,hyperliquid,xyz:SP500,7665.65,0.13045293258073798,1775890.5104,2491950.5534,1775890.5104,2491950.5534,364,193
24,US500,indices,hyperliquid,mkts:US500,763.885,0.13091061423331496,37242.18683,60704.94273,37242.18683,60704.94273,470,198
24,US500,indices,lighter,180,7667.65,0.6521115371582731,850728.766525,1114442.389826,13864744.396785,13702777.172208998,,204
24,LITE,stocks,hyperliquid,xyz:LITE,913.595,2.0799124247417033,28642.73392,107941.76501999999,28642.73392,107941.76501999999,540,201
24,PURRDAT,stocks,hyperliquid,xyz:PURRDAT,12.05,13.286829430327884,891.038,2086.034,39029.803,44881.039000000004,552,186
24,MRVL,stocks,hyperliquid,xyz:MRVL,250.04500000000002,1.1998560172776784,110865.3346,239124.1152,110865.3346,247937.1782,655,183
24,RKLB,stocks,hyperliquid,xyz:RKLB,71.738,1.9517363483023686,89812.66742,53435.50537,90841.70502,75765.09424,727,191
24,DRAM,stocks,hyperliquid,xyz:DRAM,59.9835,0.5001500450130258,72662.6319,124669.3519,72662.6319,124669.3519,731,190
24,CBRS,stocks,hyperliquid,xyz:CBRS,196.935,0.5077946478437845,61833.063,88201.0679,114819.8853,151240.6293,739,185
24,ARM,stocks,hyperliquid,xyz:ARM,281.98,2.837483152442477,36136.8562,45709.0357,119647.5788,68828.4045,299,190
24,GBPUSD,fx,hyperliquid,xyz:GBP,1.3244500000000001,6.797583081570302,5038.957200000001,159805.9743,393950.822,338270.47479999997,383,203
24,GBPUSD,fx,lighter,97,1.32432,1.510323058102614,38100.419413999996,18732.937227000002,2510441.244331,2292028.124915,,59
24,SPCX,stocks,hyperliquid,xyz:SPCX,145.875,0.6855419208884328,1538503.3471,1417149.8734,1968740.6031,2051140.8046,388,195
24,SPCX,stocks,lighter,194,145.925,0.6853070175449893,658794.877836,821054.1984389999,1092719.686341,1225073.742263,,58
24,MINIMAX,stocks,hyperliquid,xyz:MINIMAX,31.363500000000002,3.5078767778551345,18186.52028,10396.40427,30945.00173,24858.21197,501,200
24,BB,stocks,hyperliquid,xyz:BB,8.700050000000001,4.9437220478498745,21297.78443,10639.52924,42783.80612,28804.50378,497,192
24,QNT,stocks,hyperliquid,xyz:QNT,48.977999999999994,13.07563437257464,2670.04415,112.74156,4174.475280000001,1864.81927,579,194
24,DELL,stocks,hyperliquid,xyz:DELL,539.69,1.1118111403485287,27386.979300000003,96277.9648,27386.979300000003,116593.7488,584,194
24,AVGO,stocks,hyperliquid,xyz:AVGO,348.54499999999996,1.4346378973950635,98083.84199999999,56521.9599,168079.9754,89981.2695,702,203
24,NBIS,stocks,hyperliquid,xyz:NBIS,229.485,1.307360439273264,83583.6431,157084.99959999998,105622.7786,172081.5892,697,194
24,NBIS,stocks,hyperliquid,io:NBIS,229.655,0.4354452427612898,14130.630000000001,21568.906899999998,14649.119200000001,32411.8357,783,202
24,WDC,stocks,hyperliquid,xyz:WDC,450.53499999999997,3.3299294054978112,15691.78913,14738.48273,48623.74778,27672.47761,794,207
24,BE,stocks,hyperliquid,xyz:BE,261.30999999999995,2.2963870177594714,20907.2918,46914.3514,28553.2282,73572.4118,377,198
24,ZHIPU,stocks,hyperliquid,xyz:ZHIPU,78.745,2.794218507888857,31943.572726,23834.043096999998,43901.826228,44062.109839,383,199
24,QCOM,stocks,hyperliquid,xyz:QCOM,187.16500000000002,1.6029922522031725,9645.9861,7865.971500000001,36597.9564,34975.3114,479,214
24,STRC,stocks,hyperliquid,xyz:STRC,99.06450000000001,4.543526988549651,1624.0297,1972.4635,139056.33849999998,91152.7704,475,200
24,AMAT,stocks,hyperliquid,xyz:AMAT,481.155,3.533789261438436,22846.214,31771.00671,25423.95946,35248.14009,576,197
24,SKHY,stocks,hyperliquid,xyz:SKHY,182.275,0.5486366379536811,565022.7354,620436.3794,643463.7968,799724.811,573,188
24,CXMT,stocks,hyperliquid,xyz:CXMT,8.2233,3.648836021308277,37240.98924,26216.01605,120739.74187,64909.03518,666,190
24,KORU,stocks,hyperliquid,xyz:KORU,20.3335,0.4918113411700453,45087.0176,83222.9213,75098.0693,188703.7565,669,188
24,UNITREE,stocks,hyperliquid,xyz:UNITREE,67.9525,0.7358351729203072,8455.90028,8202.72135,8455.90028,8202.72135,758,184
24,SOXL,stocks,hyperliquid,xyz:SOXL,139.135,2.1564117308803255,241834.77120000002,207851.7948,492381.7183,494736.703,771,194
24,IREN,stocks,hyperliquid,xyz:IREN,41.494,2.892402622445278,331.82800000000003,5051.9357,331.82800000000003,5051.9357,322,196
24,AAOI,stocks,hyperliquid,xyz:AAOI,95.4645,2.619117462181464,7313.6142899999995,20945.99802,8990.82443,30349.49474,358,228
24,MRNA,stocks,hyperliquid,xyz:MRNA,195.175,3.5871681869448224,36109.5437,14102.516099999999,109787.9741,82440.90269999999,409,190
24,BMNR,stocks,hyperliquid,xyz:BMNR,26.8545,0.37238400238281955,261.9758,20014.19947,6580.678830000001,114581.80362,429,198
24,US10Y,rates,hyperliquid,para:10Y,5.2552,9.899859117388221,5969.70897,27250.207710000002,97202.95373000001,179612.01543,521,197
24,US10Y,rates,lighter,227,95.195,3.1519226728282668,29999.062911,3521.922631,1122671.009408,972597.318989,,46
24,30Y,unclassified,hyperliquid,para:30Y,5.5555,1.8001800180034166,36499.08296,11998.79819,76237.46774,75259.90058999999,607,199
24,2Y,unclassified,hyperliquid,para:2Y,4.9249,143.15221170167146,0,0,64053.28465,82471.83486,611,201
24,USTECH,indices,hyperliquid,mkts:USTECH,733.45,0.5453826541046425,27680.37587,20926.52611,27680.37587,20926.52611,625,194
24,OAI,preipo,hyperliquid,io:OAI,1626.2,2.460024600245969,2982.2891,58575.5505,15933.848,67499.3417,716,193
24,ANTH,preipo,hyperliquid,io:ANTH,2055.75,0.4864523033543122,6710.2849,11368.6806,9223.471099999999,15766.4736,870,261
25,BTC,crypto,hyperliquid,BTC,83186.5,0.12021253576355306,6030561.48617,2989089.88416,6030561.48617,2989089.88416,687,198
25,BTC,spot,hyperliquid,@142,83209.5,0.12017930752783457,640332.06416,573759.66302,640332.06416,573759.66302,692,199
25,BTC,crypto,lighter,1,83194.54999999999,0.39666846569863523,2508614.770594,2524950.769314,2508614.770594,2524950.769314,,56
25,ETH,crypto,hyperliquid,ETH,2671.6499999999996,0.37430753106804104,10254146.77478,6479536.99719,10254146.77478,6479536.99719,684,193
25,ETH,spot,hyperliquid,@151,2669.95,0.3745458631398968,297414.00922,444943.90731,297414.00922,444943.90731,736,184
25,ETH,crypto,lighter,0,2670.455,0.4119233073707207,4816679.851712,3371250.565691,4816679.851712,3371250.565691,,208
25,SOL,crypto,hyperliquid,SOL,117.845,0.8486082824155083,2282073.726,2787848.7276,4221173.1783,5045738.6797,386,196
25,SOL,spot,hyperliquid,@156,117.82499999999999,0.8487523340683367,130120.43991,216172.21068000002,240042.09617,396838.03734,382,187
25,SOL,crypto,lighter,2,117.84549999999999,0.2545738433856748,1455456.922108,1892977.862622,2924055.6406859998,2950614.547256,,213
25,AVAX,crypto,hyperliquid,AVAX,10.473500000000001,0.9548362455835679,61642.95855,66935.51957,200172.98978,168429.48576,578,195
25,BNB,crypto,hyperliquid,BNB,759.455,0.3950279153053238,147282.53375,42108.75391,147282.53375,42108.75391,579,192
25,OP,crypto,hyperliquid,OP,0.13048500000000002,2.2993791676251263,17328.170369,6166.653483000001,111421.693225,74642.776476,586,189
25,LTC,crypto,hyperliquid,LTC,68.15100000000001,1.1739328216942013,53255.93366,40344.42485,53255.93366,40344.42485,711,257
25,ARB,crypto,hyperliquid,ARB,0.197175,3.5507760982045333,23423.368958,27995.483704000002,61123.739068999996,54131.003948,774,193
25,DOGE,crypto,hyperliquid,DOGE,0.0932705,0.10721561059190421,177882.613734,78082.418038,177882.613734,78082.418038,777,194
25,SUI,crypto,hyperliquid,SUI,1.1226500000000001,0.8907892392651107,90006.22528,84117.14469,235528.21275,231431.33026000002,782,194
25,CRV,crypto,hyperliquid,CRV,0.38624,4.6614010099710335,10120.123411,14137.745164,24109.629096,38398.615456,370,191
25,LDO,crypto,hyperliquid,LDO,0.437175,3.4317089910773646,13541.894578000001,42116.926294,13541.894578000001,59133.044749,436,195
25,LINK,crypto,hyperliquid,LINK,14.7725,0.6769564040065568,122891.17599999999,137647.5701,164851.0802,174732.60689999998,439,193
25,XRP,crypto,hyperliquid,XRP,1.4886499999999998,0.6717721348925565,1634398.5709000002,912767.255,2039068.0279,1429527.2999,444,194
25,XRP,crypto,lighter,7,1.487975,2.164249025751186,324910.729313,560326.0242100001,7436476.450742,7331906.077393,,61
25,BCH,crypto,hyperliquid,BCH,306.395,0.9791761864352821,53870.57078,54257.885630000004,53870.57078,54257.885630000004,653,219
25,APT,crypto,hyperliquid,APT,0.82335,3.6443148688047877,9677.007172,7526.375813000001,92195.852662,84223.909379,639,201
25,AAVE,crypto,hyperliquid,AAVE,148.74,1.3447186176307468,73387.466,67530.69110000001,105768.8204,114541.333,632,191
25,WLD,crypto,hyperliquid,WLD,0.47879499999999997,0.2088598341654091,24419.493809,62528.079621,31731.074589,62528.079621,647,202
25,WLD,crypto,lighter,6,0.4789,2.088336639867183,38373.888516,23650.655434000004,1016445.156034,940538.700927,,217
25,TRX,crypto,hyperliquid,TRX,0.334205,0.8976929291737434,34824.06372,41405.05168,34824.06372,41405.05168,356,235
25,UNI,crypto,hyperliquid,UNI,8.59865,0.11629800199974838,26287.637,17703.109950000002,26287.637,17703.109950000002,560,431
25,SEI,crypto,hyperliquid,SEI,0.0745815,1.7432115320148434,11040.354254,35296.611246,28437.292717,42112.080974,745,610
25,ZRO,crypto,hyperliquid,ZRO,1.5422,7.784120394394023,6862.56464,2194.42588,33155.10842,13407.18251,527,194
25,DOT,crypto,hyperliquid,DOT,1.1639499999999998,2.5777625021472517,49738.42588,40675.67675,90916.14494,74806.96694,547,189
25,TIA,crypto,hyperliquid,TIA,0.43215,2.7771991946123897,6608.048968,2272.790079,43542.306626000005,46314.742578,719,191
25,ADA,crypto,hyperliquid,ADA,0.243505,0.41067761807012104,119254.05432,112869.91894999999,119254.05432,115075.85644999999,734,186
25,PENDLE,crypto,hyperliquid,PENDLE,2.33535,0.4282105082853427,11041.3264,2832.6406,20275.1367,36261.388,757,195
25,NEAR,crypto,hyperliquid,NEAR,4.66355,0.21443122118602886,34580.13101,61131.93984,34580.13101,61131.93984,362,195
25,NEAR,crypto,lighter,10,4.666634999999999,3.5363634610074968,41502.314513000005,44690.074250000005,759092.526039,1527029.663684,,59
25,PYTH,crypto,hyperliquid,PYTH,0.080803,1.4852036585533135,1427.003438,3233.10412,26601.325073,14992.924351,387,194
25,JUP,crypto,hyperliquid,JUP,0.323995,1.5433527795782886,13725.7101,2032.71958,18865.44019,18235.875910000002,391,187
25,JTO,crypto,hyperliquid,JTO,0.5443549999999999,0.9185604320904872,16942.53434,7835.74968,31817.72914,24229.24289,431,189
25,WIF,crypto,hyperliquid,WIF,0.232375,2.151925973745694,8576.38985,6471.06292,67051.78419,80333.88529,556,193
25,ONDO,crypto,hyperliquid,ONDO,0.5170349999999999,0.9670992824117874,64717.67055,27098.16099,64717.67055,27098.16099,579,191
25,STRK,crypto,hyperliquid,STRK,0.04129,4.844961240311196,5285.759056,4948.6678249999995,100672.211096,97747.300054,576,184
25,TAO,crypto,hyperliquid,TAO,302.755,1.6516367720398328,40391.33805,47013.92646,41591.117529999996,47013.92646,614,182
25,ETHFI,crypto,hyperliquid,ETHFI,0.690045,1.0144780510423779,4662.793608,4897.337093,7663.840393,6525.406034,751,193
25,ENA,crypto,hyperliquid,ENA,0.25133,1.5916597031573332,44862.00095,92544.51094000001,60780.48737,115530.43235,773,195
25,ENA,crypto,lighter,29,0.251415,1.9889414853402343,146615.965588,135029.726693,1404524.246694,1222622.587655,,208
25,HBAR,crypto,hyperliquid,HBAR,0.120205,2.4960479241187272,6312.87796,12191.96337,41983.11602,194858.54723,266,190
25,EIGEN,crypto,hyperliquid,EIGEN,0.2512,7.964954201513663,1079.3223389999998,2596.562894,30854.510176,51577.330574,409,195
25,GRASS,crypto,hyperliquid,GRASS,0.687125,5.094985078972769,2668.0097419999997,1262.135443,15372.008794000001,8576.881246,423,188
25,PURR,crypto,hyperliquid,PURR,0.13985999999999998,4.290924694270171,382.21365,172.25433999999998,864.5148,1876.89505,440,188
25,PURR,spot,hyperliquid,PURR/USDC,0.139495,12.194247184564855,305.416,10210.467639999999,3606.59114,44829.70516,453,186
25,XLM,crypto,hyperliquid,XLM,0.22798000000000002,0.8773084177748913,69752.50855,35429.79304,84219.88526,40869.40896,611,201
25,HYPE,crypto,hyperliquid,HYPE,87.32249999999999,0.11451867799605608,103989.37858,144073.40693,103989.37858,144073.40693,618,193
25,HYPE,spot,hyperliquid,@107,87.3755,0.11444921316217105,84971.28921999999,87431.62556,84971.28921999999,87431.62556,632,190
25,HYPE,crypto,lighter,24,87.33265,0.3549709095596043,634062.559227,673541.075663,2538426.565103,2433168.329754,,207
25,VIRTUAL,crypto,hyperliquid,VIRTUAL,0.806385,0.8681093817819452,10361.443653,21254.550351,17428.696706,21254.550351,807,195
25,PENGU,crypto,hyperliquid,PENGU,0.009222000000000001,2.1689621516096658,21016.985019,43764.998588,72471.851905,180131.09210900002,804,185
25,FARTCOIN,crypto,hyperliquid,FARTCOIN,0.16513499999999998,1.816860465115866,12160.798572,19499.935879,46404.304826,65472.133001,288,191
25,SPX,crypto,hyperliquid,SPX,0.40603500000000003,2.2168033695413314,3075.28611,8294.541435,14243.5059,21157.409486,318,192
25,MORPHO,crypto,hyperliquid,MORPHO,2.4438,2.4554941682031206,5848.49288,2304.19388,11955.216489999999,12608.60778,463,195
25,TRUMP,crypto,hyperliquid,TRUMP,1.96015,0.5101780521399313,64385.454880000005,7093.52161,86392.76346,52112.015230000005,460,189
25,VVV,crypto,hyperliquid,VVV,27.461,5.828142643791168,6289.36194,30030.231470000002,16755.7795,33550.80912,486,196
25,PAXG,crypto,hyperliquid,PAXG,4142.45,0.24140594824251238,262692.1343,324603.3002,262692.1343,324603.3002,500,180
25,SYRUP,crypto,hyperliquid,SYRUP,0.223995,4.018754186201345,3078.1558999999997,2908.0973599999998,13469.03001,16571.94731,655,194
25,PUMP,crypto,hyperliquid,PUMP,0.0048614999999999995,2.057189878625909,34928.162009,62228.860105,269722.806393,315476.448981,658,194
25,PUMP,crypto,lighter,45,0.004861,4.115226337448874,75993.179288,70198.78639800001,949989.020638,926946.9558850001,,213
25,XPL,crypto,hyperliquid,XPL,0.09747549999999999,0.10259040779558859,82300.94966500001,5601.301729,87354.298546,5601.301729,704,203
25,SKY,crypto,hyperliquid,SKY,0.07828,2.5552574421872087,4913.717058,3188.6757319999997,13091.849483,13522.810254,853,197
25,ASTER,crypto,hyperliquid,ASTER,0.707095,0.14142471255418343,20162.84433,29848.92969,20162.84433,29848.92969,851,192
25,ZEC,crypto,hyperliquid,ZEC,1385.15,0.7219695328863907,534388.551,1362327.942,1228067.439,2156174.517,347,246
25,ZEC,crypto,lighter,90,1386.328,1.2840498644162146,454812.98204499995,665304.181646,4103158.90332,4777217.436125,,209
25,MON,crypto,hyperliquid,MON,0.0275685,0.3627394080085722,6974.600785,27025.781612,8062.847460999999,44686.115309,452,202
25,CC,crypto,hyperliquid,CC,0.133075,2.254621975048554,4011.6711,11465.05084,34538.01815,43530.00949,446,193
25,ICP,crypto,hyperliquid,ICP,3.2639500000000004,3.98369748414229,6658.613579999999,5417.3308799999995,46664.52798,18757.47365,509,195
25,AERO,crypto,hyperliquid,AERO,0.82602,0.7264010460161785,6208.83656,4379.24825,6208.83656,4379.24825,539,191
25,LIT,crypto,hyperliquid,LIT,4.36655,0.22901637467098723,13627.7085,58498.8912,13627.7085,58498.8912,631,184
25,LIT,crypto,lighter,120,4.3658,1.8325926604667586,21973.585786,36241.531365999996,375788.960106,159091.588633,,58
25,XMR,crypto,hyperliquid,XMR,541.205,0.1847745750183094,61030.94453,18463.1343,61030.94453,18463.1343,708,198
25,DASH,crypto,hyperliquid,DASH,59.753,1.6736961906693715,13397.496000000001,39675.09077,13797.425700000002,198799.76648,705,192
25,SKR,crypto,hyperliquid,SKR,0.0183605,3.8132592471540327,1408.092763,1527.492453,11919.890813,8694.484781,737,196
25,AZTEC,crypto,hyperliquid,AZTEC,0.0186355,6.978367062107083,115.123107,75.375207,18290.608354,16931.865741,336,200
25,CHIP,crypto,hyperliquid,CHIP,0.0427985,1.1683334891099406,2967.532551,546.239832,17370.397908,18824.400715,414,205
25,GRAM,crypto,hyperliquid,GRAM,1.5686499999999999,1.91265540325114,25535.4997,16691.1669,39428.4724,36674.6254,417,205
25,CASHCAT,crypto,hyperliquid,CASHCAT,0.173895,0.5750761975975571,1216.47459,517.57055,5735.44435,5065.400439999999,438,196
25,PONS,crypto,hyperliquid,PONS,0.533245,0.1875328182432412,6887.55088,24609.36763,33301.54487,24764.70343,518,181
25,USELESS,crypto,hyperliquid,USELESS,0.23282,1.7182130584192379,3280.64334,5886.83205,14315.29998,17371.92398,611,196
25,US100,indices,hyperliquid,xyz:XYZ100,30170.5,0.33145508783638533,4034093.1127,4134082.5213,4034093.1127,4134082.5213,616,197
25,US100,indices,lighter,181,30173.5,0.9942993503919695,829762.715014,1015674.172824,2971390.869892,2782044.995812,,211
25,TSLA,stocks,hyperliquid,xyz:TSLA,356.96000000000004,0.560302563386017,256978.56252,180971.07721,256978.56252,180971.07721,703,183
25,TSLA,stocks,lighter,112,357.055,0.2800728189322754,217173.875554,343042.592718,991885.827563,977216.302506,,202
25,NVDA,stocks,hyperliquid,xyz:NVDA,228.375,0.43788588693693953,568703.24194,800031.35902,568703.24194,800031.35902,812,194
25,NVDA,stocks,lighter,110,228.4645,0.043770572168977395,684435.406713,715429.201504,1289953.92374,1416207.232839,,220
25,XAU,commodities,hyperliquid,xyz:GOLD,4133.45,0.24193158175034313,1086632.91692,1682711.00477,1086632.91692,1682711.00477,489,320
25,XAU,commodities,lighter,92,4135.014999999999,1.4753150765089984,775158.123338,1103672.97606,3533374.71599,2133526.539442,,240
25,HOOD,stocks,hyperliquid,xyz:HOOD,115.61,1.7301038062300655,141889.10751,135977.15868,298026.65932,265085.67762,515,233
25,INTC,stocks,hyperliquid,xyz:INTC,114.11500000000001,0.87634738410447,212975.4038,707851.0847,705919.1319,1165129.5116,538,199
25,PLTR,stocks,hyperliquid,xyz:PLTR,186.48000000000002,1.0725585885129618,114000.37708,113112.74468,131615.98895,143146.13287,686,195
25,COIN,stocks,hyperliquid,xyz:COIN,191.77499999999998,1.5644555694627194,78653.70843,153215.7047,83836.93342,170501.24228,711,195
25,META,stocks,hyperliquid,xyz:META,713.13,0.5609232797176844,74216.765,218802.77785,74216.765,218802.77785,721,200
25,META,stocks,lighter,117,713.53,0.2803004821161359,294557.405088,265063.181743,880382.279872,840205.160903,,49
25,AAPL,stocks,hyperliquid,xyz:AAPL,337.455,0.29634019854674065,143217.00298,189075.61656,143217.00298,189075.61656,780,190
25,AAPL,stocks,lighter,113,337.4335,0.7409141695391419,181948.882024,275167.13636400003,1172679.607093,990635.949898,,213
25,MSFT,stocks,hyperliquid,xyz:MSFT,507.185,0.19716865806929107,227110.8163,85591.99323,227110.8163,85591.99323,361,192
25,MSFT,stocks,lighter,115,507.52,1.5764168046028537,98381.813753,67402.786435,784201.03348,568352.094496,,54
25,ORCL,stocks,hyperliquid,xyz:ORCL,132.70499999999998,0.7535795026392123,152076.66631,70375.88707000001,346087.51248,184782.70039,430,196
25,GOOGL,stocks,hyperliquid,xyz:GOOGL,341.93,0.5849321478712532,201421.38842,143156.04778,201421.38842,143156.04778,426,189
25,GOOGL,stocks,lighter,116,342.08,0.5846756511829199,131985.13645700002,134184.675823,1087545.495094,798693.52736,,203
25,AMZN,stocks,hyperliquid,xyz:AMZN,245.985,1.2196609342596254,118319.29454,146037.54061,118319.29454,146037.54061,551,189
25,AMZN,stocks,lighter,114,246.0195,0.04064726708108424,251703.09435899998,291195.39565,954836.2906610001,803006.522016,,207
25,AMD,stocks,hyperliquid,xyz:AMD,605.9000000000001,1.320437064669111,72974.34763,48266.66487,72974.34763,48266.66487,613,182
25,MU,stocks,hyperliquid,xyz:MU,1051.95,0.9506607091913644,682181.5911,1254143.5752,1451127.5609,2100923.079,739,187
25,SNDK,stocks,hyperliquid,xyz:SNDK,1699.05,0.588581518539133,1205487.3198,1447133.3759,1394024.6992000001,1825749.4776,743,179
25,SNDK,stocks,hyperliquid,io:SNDK,1699.6,1.1768167107972793,57297.6743,64264.90361,75714.29958,94879.3348,268,183
25,SNDK,stocks,lighter,139,1699.27,0.23539796969229698,593384.892118,821697.029456,2908840.56303,3113385.431933,,213
25,MSTR,stocks,hyperliquid,xyz:MSTR,156.185,0.6402868485078095,201238.10285,331684.14602,251677.56888,582915.29782,397,186
25,CRCL,stocks,hyperliquid,xyz:CRCL,85.274,1.1727591504517854,187176.627622,54436.043807,187176.627622,54436.043807,402,187
25,NFLX,stocks,hyperliquid,xyz:NFLX,69.28200000000001,3.175932208283605,15049.390065,18529.314995,15049.390065,18922.332779,461,192
25,LLY,stocks,hyperliquid,xyz:LLY,1186.5500000000002,2.5286581254202467,20183.00189,9221.15227,111763.57473,41459.219059999996,506,184
25,SKHX,stocks,hyperliquid,xyz:SKHX,1292.55,0.7736943907143967,875850.9548,836873.7702,1830386.4409,1501137.9701,591,192
25,TSM,stocks,hyperliquid,xyz:TSM,447.515,1.5643157236078231,45408.2937,61129.3656,71233.13768,61129.3656,596,193
25,USDJPY,fx,hyperliquid,xyz:JPY,157.35000000000002,1.2711325791281425,791326.2454,803195.2259999999,876814.22,875240.0292999999,643,181
25,USDJPY,fx,lighter,98,157.273,3.8157501446800524,35317.777997,47106.703298,971047.46432,2609430.454352,,233
25,EURUSD,fx,hyperliquid,xyz:EUR,1.1367500000000001,2.639450994192938,388811.68178000004,98733.54964,669165.17059,371103.00739,791,198
25,EURUSD,fx,lighter,96,1.137175,1.4950443676409186,58391.629058,27010.732276,2130796.614225,2243297.871308,,52
25,XAG,commodities,hyperliquid,xyz:SILVER,60.548,0.9909984309186548,749182.69589,839545.08913,749182.69589,839545.08913,829,185
25,XAG,commodities,lighter,93,60.57785,1.1390950632605978,1031274.553773,1153844.835781,3238270.953268,2880160.0342160002,,55
25,BABA,stocks,hyperliquid,xyz:BABA,107.685,2.786291446086331,73449.28871000001,79908.24347,191541.30511000002,142779.46985,350,194
25,WTI,commodities,hyperliquid,xyz:CL,94.15350000000001,0.5310618049736426,291221.747633,879519.6933609999,291221.747633,879519.6933609999,737,545
25,WTI,commodities,lighter,145,94.13,0.4249532551425794,535119.62859,461219.421553,1682248.464404,1326892.199791,,208
25,COPPER,commodities,hyperliquid,xyz:COPPER,6.6095500000000005,0.45389899234526965,43430.165815,56942.613522,43430.165815,56942.613522,656,377
25,NATGAS,commodities,hyperliquid,xyz:NATGAS,3.13265,0.9577015163619862,84826.29904,89697.34307,84826.29904,89697.34307,480,197
25,SMSN,stocks,hyperliquid,xyz:SMSN,199.4,3.0094798615643015,100866.46424,145031.07246,143255.46197,168221.09329000002,821,370
25,XPT,commodities,hyperliquid,xyz:PLATINUM,1700.7,3.528581510232609,57900.40553,35804.81566,105684.94688,44199.11069,706,224
25,USAR,stocks,hyperliquid,xyz:USAR,14.43,2.772387025229417,14493.21711,1344.96059,34170.7534,14352.05264,361,237
25,CRWV,stocks,hyperliquid,xyz:CRWV,84.337,1.4229642717378255,44181.78369,92025.70459000001,44181.78369,92025.70459000001,391,187
25,GME,stocks,hyperliquid,xyz:GME,23.9105,5.438420348060635,10379.33859,25187.0524,26270.31448,40029.67771,426,184
25,SOFTBANK,stocks,hyperliquid,xyz:SOFTBANK,38.2485,2.353310323188751,7878.988911,12344.704138000001,174187.90310300002,195989.078298,478,190
25,JP225,indices,hyperliquid,xyz:JP225,65192.5,4.142438515473135,8063.94588,357144.24132000003,30230.336430000003,364934.76382,551,188
25,KIOXIA,stocks,hyperliquid,xyz:KIOXIA,112.185,6.241640659829795,121.08532000000001,12409.02543,6517.229500000001,184477.36158,582,190
25,EWY,stocks,hyperliquid,xyz:EWY,183.74,1.0885538562033226,345479.49085,277779.83891,383067.33978,334085.67786,608,181
25,BRENTOIL,commodities,hyperliquid,xyz:BRENTOIL,99.6925,0.10030895157164821,429748.92057,359721.31645,429748.92057,359721.31645,674,195
25,BRENTOIL,commodities,lighter,159,99.64,2.007427481682811,1031286.8984640001,563903.294019,1978559.23685,1765449.8256980001,,64
25,HIMS,stocks,hyperliquid,xyz:HIMS,28.676000000000002,9.070927676795293,14863.18046,11854.98523,30596.934110000002,22732.87328,775,191
25,US500,indices,hyperliquid,xyz:SP500,7666.45,0.13043931962997135,1662564.4944,1480110.7219,1662564.4944,1480110.7219,797,188
25,US500,indices,hyperliquid,mkts:US500,763.895,0.39273184269772443,42195.40885,46772.16592,42195.40885,46772.16592,802,185
25,US500,indices,lighter,180,7668.2,0.5216484089709539,826625.856683,1148608.390785,13840641.486942999,13736945.923655,,220
25,LITE,stocks,hyperliquid,xyz:LITE,913.9200000000001,1.7508535411003834,23834.03388,82518.11551,23834.03388,82518.11551,419,189
25,PURRDAT,stocks,hyperliquid,xyz:PURRDAT,12.0515,10.792860107928792,1902.77,2086.034,8017.26,37719.191,451,199
25,MRVL,stocks,hyperliquid,xyz:MRVL,250.29500000000002,1.1986575035960456,113989.5921,191087.3743,113989.5921,191087.3743,448,191
25,RKLB,stocks,hyperliquid,xyz:RKLB,71.74950000000001,2.0908254578899665,97356.38341,56565.5011,145792.32829,70154.42247,541,191
25,DRAM,stocks,hyperliquid,xyz:DRAM,60.0125,0.16663333999744623,139967.7137,88688.421,139967.7137,88688.421,658,238
25,CBRS,stocks,hyperliquid,xyz:CBRS,197.0,2.030663011474143,35365.0172,99992.8579,109843.2753,145391.3132,654,205
25,ARM,stocks,hyperliquid,xyz:ARM,282.12,2.836074872378802,38221.5565,38254.4804,134502.2914,78996.6357,651,198
25,GBPUSD,fx,hyperliquid,xyz:GBP,1.3244,6.042296072505948,137348.9572,160156.5023,393962.7288,338621.7977,738,196
25,GBPUSD,fx,lighter,97,1.32431,1.3592907522919084,38100.448786,18733.009729,2510441.273703,2292028.197417,,237
25,SPCX,stocks,hyperliquid,xyz:SPCX,145.875,0.6855419208884328,1576566.0621,1426118.1342,1970619.5544999999,2046617.3268,312,194
25,SPCX,stocks,lighter,194,145.925,0.6853070175449893,792087.641464,840643.36217,1162284.075007,1222652.06626,,199
25,MINIMAX,stocks,hyperliquid,xyz:MINIMAX,31.3825,3.5057526213466694,18399.394549999997,6634.13921,32261.79937,24416.54808,392,190
25,BB,stocks,hyperliquid,xyz:BB,8.713799999999999,2.525049640180743,1144.41809,7850.5898099999995,22406.17862,54578.93575,508,195
25,QNT,stocks,hyperliquid,xyz:QNT,48.986000000000004,13.073497569147108,2267.8772200000003,109.81824,3859.57382,1287.10469,513,189
25,DELL,stocks,hyperliquid,xyz:DELL,539.96,0.7408230544125871,25878.165399999998,35425.630300000004,25878.165399999998,35425.630300000004,559,205
25,AVGO,stocks,hyperliquid,xyz:AVGO,348.605,2.0082049516600975,115331.5852,39687.0333,183913.7365,85393.5865,588,195
25,NBIS,stocks,hyperliquid,xyz:NBIS,229.755,1.3058239749286216,84059.842,138596.3688,104754.5984,143955.1358,697,188
25,NBIS,stocks,hyperliquid,io:NBIS,229.94,2.6097168457228648,11772.3059,17471.5533,12098.435,23644.9111,700,186
25,WDC,stocks,hyperliquid,xyz:WDC,450.865,3.3274917367287493,12858.82439,21175.190319999998,40228.07551,44513.408469999995,752,192
25,BE,stocks,hyperliquid,xyz:BE,261.495,1.9122652694369968,23246.7112,38546.4776,59596.3502,85977.43800000001,782,192
25,ZHIPU,stocks,hyperliquid,xyz:ZHIPU,78.7705,2.4123614479254485,33169.740493,25756.380551000002,55635.909332999996,41486.312631,353,199
25,QCOM,stocks,hyperliquid,xyz:QCOM,187.195,2.671368274831387,10291.5098,12020.287900000001,53061.704900000004,28311.6198,342,185
25,STRC,stocks,hyperliquid,xyz:STRC,99.06450000000001,4.543526988549651,1663.6201,1972.4635,140127.7596,91152.7704,403,193
25,AMAT,stocks,hyperliquid,xyz:AMAT,481.44,4.986287708801385,18718.33246,36086.94175,20464.1447,42387.72386,429,190
25,SKHY,stocks,hyperliquid,xyz:SKHY,182.35500000000002,0.5483959418706164,621928.4382,500324.8442,652158.0586,613680.0733,541,198
25,CXMT,stocks,hyperliquid,xyz:CXMT,8.2317,2.429926980693775,24693.89762,43435.24026,65391.679670000005,114809.96168000001,539,185
25,KORU,stocks,hyperliquid,xyz:KORU,20.362000000000002,3.929659102073213,55698.4957,9437.9601,293628.8467,93066.3023,600,195
25,UNITREE,stocks,hyperliquid,xyz:UNITREE,67.95349999999999,0.4414881092529299,37372.329580000005,11481.48336,37372.329580000005,11481.48336,650,220
25,SOXL,stocks,hyperliquid,xyz:SOXL,139.255,0.7181328545780019,341540.9617,143606.9782,464435.5774,338542.8541,736,196
25,IREN,stocks,hyperliquid,xyz:IREN,41.5095,2.6503469545113845,2709.2414,17264.518099999998,2709.2414,42633.212,769,227
25,AAOI,stocks,hyperliquid,xyz:AAOI,95.4975,1.3613848425508834,5189.26498,12369.46875,12672.53114,19078.52376,794,192
25,MRNA,stocks,hyperliquid,xyz:MRNA,195.195,3.58680057388705,36438.4758,14103.088699999998,104946.501,81311.8341,285,195
25,BMNR,stocks,hyperliquid,xyz:BMNR,26.8645,2.606008711514285,2663.90164,13067.15152,9075.992470000001,111161.76869,382,206
25,US10Y,rates,hyperliquid,para:10Y,5.2552,9.899859117388221,5969.70897,27250.02342,97202.95373000001,179611.83114,406,197
25,US10Y,rates,lighter,227,95.195,3.1519226728282668,29999.158091,3522.017841,1122671.104588,972597.414199,,55
25,30Y,unclassified,hyperliquid,para:30Y,5.5555,1.8001800180034166,36499.08296,11998.79819,76237.46774,75259.90058999999,474,188
25,2Y,unclassified,hyperliquid,para:2Y,4.92495,142.9447852760757,0,0,64052.71121,82471.79556,478,188
25,USTECH,indices,hyperliquid,mkts:USTECH,733.52,0.272661586071532,29677.47584,20730.35902,29677.47584,20730.35902,570,187
25,OAI,preipo,hyperliquid,io:OAI,1626.25,0.6149305128522187,3844.4694,62823.983799999995,17443.8314,72293.56689999999,602,195
25,ANTH,preipo,hyperliquid,io:ANTH,2055.25,0.4865706500600808,9704.0331,8750.5029,10861.8123,12262.7447,676,200
26,BTC,crypto,hyperliquid,BTC,83200.5,0.1201923076932232,3765900.0579999997,8003100.02761,3765900.0579999997,8003100.02761,574,194
26,BTC,spot,hyperliquid,@142,83213.5,0.12017353057780511,701249.16658,586165.36714,701249.16658,586165.36714,578,196
26,BTC,crypto,lighter,1,83196.5,0.14423787710882152,2542925.200548,3588888.783095,2542925.200548,3588888.783095,,59
26,ETH,crypto,hyperliquid,ETH,2670.75,0.37443366907696785,9680899.27579,7985735.13583,9680899.27579,7985735.13583,572,188
26,ETH,spot,hyperliquid,@151,2668.8500000000004,0.37470023980690215,401668.30296999996,346821.32607999997,401668.30296999996,346821.32607999997,636,192
26,ETH,crypto,lighter,0,2669.55,0.449524066397089,4853809.248891,4271102.585001,4853809.248891,4271102.585001,,49
26,SOL,crypto,hyperliquid,SOL,117.815,0.8488243782345251,2033892.7471,2639682.9177,4510056.4996,4373765.3565,247,190
26,SOL,spot,hyperliquid,@156,117.785,0.8490405841410364,166092.05589,178854.95541,263223.54906,325552.59789,250,190
26,SOL,crypto,lighter,2,117.8075,0.4244302024525304,1299859.170089,1537310.69763,3319796.528313,2590477.622117,,219
26,AVAX,crypto,hyperliquid,AVAX,10.477,1.9091256204650797,115810.27523,52301.79006,329071.11076999997,153767.69137,306,188
26,BNB,crypto,hyperliquid,BNB,759.185,0.9220839096357736,52845.47599,47907.56366,52845.47599,47907.56366,439,190
26,OP,crypto,hyperliquid,OP,0.130455,2.2999080036800734,16959.221194,2643.2580540000004,94949.207317,70161.513076,443,191
26,LTC,crypto,hyperliquid,LTC,68.10749999999999,1.3215276860045755,64611.52084,40928.45055,64611.52084,40928.45055,520,213
26,ARB,crypto,hyperliquid,ARB,0.197155,0.5072279989870587,22584.516256,25038.284237,30675.800747,50494.477732,508,182
26,DOGE,crypto,hyperliquid,DOGE,0.0932445,0.10724550641327824,130500.25888699999,177583.677029,130500.25888699999,177583.677029,628,188
26,SUI,crypto,hyperliquid,SUI,1.1236,1.7801513128623547,111712.82774,123722.61208,287388.58442,236425.60174,631,187
26,CRV,crypto,hyperliquid,CRV,0.38714499999999996,0.7749334848772271,10957.819478,8136.670760999999,19817.373383,30448.823773,729,219
26,LDO,crypto,hyperliquid,LDO,0.43772,3.198903233176953,31303.756316000003,24187.496439,33602.797634,51546.028799,710,188
26,LINK,crypto,hyperliquid,LINK,14.7675,0.6771856165777024,143001.9542,110103.7717,194530.2136,153312.405,819,190
26,XRP,crypto,hyperliquid,XRP,1.48935,0.671456388907643,1257821.1759,758365.414,2041453.8795999999,1396969.7536,822,189
26,XRP,crypto,lighter,7,1.4886895,1.511510657492554,178165.89476,322233.271192,7441119.12955,6930276.263862,,56
26,BCH,crypto,hyperliquid,BCH,306.305,0.9794639067539634,73479.60472,35353.72664,73479.60472,35353.72664,367,197
26,APT,crypto,hyperliquid,APT,0.82375,6.071645415905991,25947.530428,4877.617243,90063.907542,53197.523666,406,197
26,AAVE,crypto,hyperliquid,AAVE,148.89999999999998,1.3432735576612842,79380.0949,66826.4304,157439.8408,124217.0399,450,190
26,WLD,crypto,hyperliquid,WLD,0.47962499999999997,2.2937214588059085,34778.549362,99896.706577,38457.338368,99896.706577,445,182
26,WLD,crypto,lighter,6,0.479835,1.4589412255117118,42447.404904999996,59787.98848900001,1021608.498884,930768.539728,,55
26,TRX,crypto,hyperliquid,TRX,0.3342,0.5984619527810153,35742.517719999996,34531.11487,35742.517719999996,34531.11487,609,202
26,UNI,crypto,hyperliquid,UNI,8.60715,0.1161831511198308,15501.224049999999,30229.77634,15501.224049999999,30229.77634,625,200
26,SEI,crypto,hyperliquid,SEI,0.074594,2.4133538915327435,19743.120271,8730.380713999999,42700.898821999996,8730.380713999999,637,190
26,ZRO,crypto,hyperliquid,ZRO,1.5392000000000001,2.59909031838923,10139.79225,13520.15336,22628.36648,26457.92351,633,182
26,DOT,crypto,hyperliquid,DOT,1.16405,2.577541025861052,61298.811630000004,30617.20117,108099.80706,66453.59544,805,195
26,TIA,crypto,hyperliquid,TIA,0.43228999999999995,1.3880534863286442,17544.868703,3997.335895,44272.426564,35182.018999,816,189
26,ADA,crypto,hyperliquid,ADA,0.24368499999999998,2.052039727489241,139296.76339,100710.1108,139296.76339,100710.1108,819,184
26,PENDLE,crypto,hyperliquid,PENDLE,2.3379000000000003,4.278257893386428,8796.2938,5069.7892,17199.1949,11162.204,824,186
26,NEAR,crypto,hyperliquid,NEAR,4.66815,0.21421991816650277,63428.24733,44190.64187,63428.24733,44190.64187,998,191
26,NEAR,crypto,lighter,10,4.672595,2.204585537919357,20857.900449,33660.986539,1367040.872988,1929943.042879,,53
26,PYTH,crypto,hyperliquid,PYTH,0.081013,2.2221124882704224,1577.9132730000001,2896.653437,31660.574877,12017.036559,486,195
26,JUP,crypto,hyperliquid,JUP,0.32504500000000003,0.3076544425306693,9950.31244,8881.7345,17621.70804,20149.37095,483,187
26,JTO,crypto,hyperliquid,JTO,0.54425,3.3078506321682077,34465.35236,5687.28511,51239.16446,13588.78337,531,188
26,WIF,crypto,hyperliquid,WIF,0.23202,1.7241379310339866,46335.67811,6067.933,69728.50889,78930.23277,851,382
26,ONDO,crypto,hyperliquid,ONDO,0.5171399999999999,1.5470895378055793,39759.7486,34315.41988,51296.23648,34315.41988,531,588
26,STRK,crypto,hyperliquid,STRK,0.041389999999999996,4.833252779119501,14213.435368,2372.047756,107822.713264,91743.042912,596,186
26,TAO,crypto,hyperliquid,TAO,302.47,1.3225326500254653,18176.56995,53070.291639999996,18176.56995,53070.291639999996,645,191
26,ETHFI,crypto,hyperliquid,ETHFI,0.69035,2.0281624847884316,3881.962053,4260.375491,13767.416305,6858.883835,319,185
26,ENA,crypto,hyperliquid,ENA,0.25223,0.7929585282706597,27787.42395,77531.98069,37807.21533,98307.43473,392,210
26,ENA,crypto,lighter,29,0.25229,2.378498374693283,83644.951704,60895.920493,1325746.8177470001,1084985.549512,,60
26,HBAR,crypto,hyperliquid,HBAR,0.120535,2.489213408563007,11982.0569,31868.38917,63207.348490000004,82744.76284,506,186
26,EIGEN,crypto,hyperliquid,EIGEN,0.25145,3.9777247414485295,2111.478111,3152.895836,30851.723972,38159.011849,561,188
26,GRASS,crypto,hyperliquid,GRASS,0.68591,5.541620486495535,1492.4300600000001,433.13493,16773.320544000002,21076.653617,578,184
26,PURR,crypto,hyperliquid,PURR,0.13985999999999998,7.1525641942638,382.61353,83.54816,839.14825,1617.01856,700,193
26,PURR,spot,hyperliquid,PURR/USDC,0.13949,8.606469196013045,82.82142,8735.96519,6113.48769,41950.23689,718,186
26,XLM,crypto,hyperliquid,XLM,0.22804000000000002,1.7542320849051052,39456.457989999995,28593.838089999997,75778.6053,30087.031919999998,756,193
26,HYPE,crypto,hyperliquid,HYPE,87.3245,0.114516055151892,72083.58474,200855.50587,72083.58474,200855.50587,777,197
26,HYPE,spot,hyperliquid,@107,87.3655,0.801263707332911,161143.06903,108591.31203,161143.06903,108591.31203,365,214
26,HYPE,crypto,lighter,24,87.3295,1.2825812864525332,720029.22574,486012.28750700003,2325771.625565,2072604.6883730001,,211
26,VIRTUAL,crypto,hyperliquid,VIRTUAL,0.80758,0.7429880502751729,11817.886767,6713.581345,15532.505081,9709.729346,425,218
26,PENGU,crypto,hyperliquid,PENGU,0.0092225,3.253443227415609,20002.532857,35554.258179,71878.75517799999,96929.148338,412,183
26,FARTCOIN,crypto,hyperliquid,FARTCOIN,0.16514,2.4224806201567084,9857.286468,23502.034706,26004.038168,70147.647054,560,193
26,SPX,crypto,hyperliquid,SPX,0.406045,0.2462811545655974,6727.644886,5296.172722,17321.991338,17070.007907,569,187
26,MORPHO,crypto,hyperliquid,MORPHO,2.44665,2.8614642521374023,5683.56989,4987.2282000000005,14099.18211,11058.1193,599,185
26,TRUMP,crypto,hyperliquid,TRUMP,1.9595,3.062474479378352,57124.63978,46283.27621,100251.36293,84423.64915,617,190
26,VVV,crypto,hyperliquid,VVV,27.4955,2.546195256800665,8083.97483,1294.65727,14753.3744,6175.0261199999995,753,191
26,PAXG,crypto,hyperliquid,PAXG,4141.25,0.24147590070633385,175848.7939,321318.1058,175848.7939,321318.1058,764,194
26,SYRUP,crypto,hyperliquid,SYRUP,0.22464499999999998,6.679431803002789,2708.1936,1855.46852,21557.76875,21926.393920000002,792,191
26,PUMP,crypto,hyperliquid,PUMP,0.0048585,2.058460271714413,16275.852255,36412.361441,340198.091511,288579.091218,804,186
26,PUMP,crypto,lighter,45,0.004857,4.118616144976883,70728.350759,62294.529387999995,1017816.691893,897131.874516,,56
26,XPL,crypto,hyperliquid,XPL,0.097369,0.41081680651533503,87051.73054,6998.14951,132198.287628,6998.14951,436,188
26,SKY,crypto,hyperliquid,SKY,0.07823250000000001,4.98638333780832,2936.2064920000003,5863.903404000001,14200.168306,14414.226993,484,208
26,ASTER,crypto,hyperliquid,ASTER,0.706785,1.2734527549018715,29713.66439,27167.45933,29713.66439,27167.45933,465,176
26,ZEC,crypto,hyperliquid,ZEC,1384.45,0.7223345853790697,368750.7,745742.14,737653.382,1256843.794,487,191
26,ZEC,crypto,lighter,90,1385.3105,0.007218600890368521,363100.50147799996,484104.756202,5986085.081528,4030022.842865,,212
26,MON,crypto,hyperliquid,MON,0.0275595,1.088613106901004,6563.9035380000005,11774.028221,6696.052338,11774.028221,662,196
26,CC,crypto,hyperliquid,CC,0.13331500000000002,2.2505626406599255,6834.0681,5160.99021,42896.20067,33002.60247,674,189
26,ICP,crypto,hyperliquid,ICP,3.25685,2.763788232402753,9975.69032,30115.7565,36424.33324,50834.1623,670,181
26,AERO,crypto,hyperliquid,AERO,0.8262,1.2104339405683007,8271.61148,6398.23129,8271.61148,6398.23129,303,202
26,LIT,crypto,hyperliquid,LIT,4.36505,3.4369772930364917,9427.9266,59140.1992,9427.9266,59140.1992,299,185
26,LIT,crypto,lighter,120,4.364,1.8333486112376285,17276.003876,43609.058674,349305.001721,199216.208625,,218
26,XMR,crypto,hyperliquid,XMR,541.46,10.717519448601998,161065.3546,37765.87692,167142.35666,44257.92961,323,197
26,DASH,crypto,hyperliquid,DASH,59.727999999999994,3.6840430698115156,3840.12737,39898.8369,13412.09852,50608.36595,498,198
26,SKR,crypto,hyperliquid,SKR,0.0184095,0.543212559074302,749.942095,1140.944714,15056.603909,7652.464489,558,253
26,AZTEC,crypto,hyperliquid,AZTEC,0.0185975,6.9926308428813755,422.014516,46.311550999999994,37901.855976,15529.514903,521,197
26,CHIP,crypto,hyperliquid,CHIP,0.042859,3.7338685211540934,6024.0449579999995,1491.191674,20759.575596,14953.733164,540,199
26,GRAM,crypto,hyperliquid,GRAM,1.56805,1.9133873333765372,35998.7309,13568.5934,46037.0255,32717.4295,683,183
26,CASHCAT,crypto,hyperliquid,CASHCAT,0.17336000000000001,11.543345261457727,193.67128,3108.9278,14292.59492,11570.61197,715,193
26,PONS,crypto,hyperliquid,PONS,0.53269,3.3796470146474356,14638.76299,7569.34044,36750.84033,36107.71365,732,191
26,USELESS,crypto,hyperliquid,USELESS,0.233205,0.42881646655335004,2788.52784,5187.81191,9501.81899,16419.09792,744,185
26,US100,indices,hyperliquid,xyz:XYZ100,30167.5,0.33148804985616565,4243229.8871,3929819.6562,4243229.8871,3929819.6562,580,403
26,US100,indices,lighter,181,30166.5,0.9945300845348726,751323.830784,809244.690922,2816232.403616,2918826.446776,,60
26,TSLA,stocks,hyperliquid,xyz:TSLA,356.895,0.2801983804534558,308347.33074,136728.15534,308347.33074,136728.15534,420,194
26,TSLA,stocks,lighter,112,356.99,1.1205423424920369,305377.96873,210123.692293,954456.6423289999,977348.412194,,48
26,NVDA,stocks,hyperliquid,xyz:NVDA,228.32999999999998,0.8759635599164817,818576.40064,769227.45551,818576.40064,769227.45551,476,204
26,NVDA,stocks,lighter,110,228.42649999999998,0.5691270466678944,755272.2782620001,527357.999339,1608722.082103,1295252.539622,,216
26,XAU,commodities,hyperliquid,xyz:GOLD,4132.15,0.2420076958431494,1087447.4170600001,1557638.27887,1087447.4170600001,1557638.27887,622,201
26,XAU,commodities,lighter,92,4133.91,1.0160388997748626,761392.270526,1210593.432994,3500065.732426,1415863.401053,,235
26,HOOD,stocks,hyperliquid,xyz:HOOD,115.625,2.5949312343231945,180553.93234,176931.3549,336374.38816000003,318897.5611,700,193
26,INTC,stocks,hyperliquid,xyz:INTC,114.11,1.7528483786155569,283639.4984,689548.7871999999,751184.6867,1144967.0013,773,191
26,PLTR,stocks,hyperliquid,xyz:PLTR,186.45499999999998,0.5363368195232532,108007.1692,101838.716,114599.8419,122678.35798,819,196
26,COIN,stocks,hyperliquid,xyz:COIN,191.72,1.043242397369415,79521.79574,124999.39419,95055.57545,170883.15745,306,190
26,META,stocks,hyperliquid,xyz:META,712.985,0.1402563886787611,110805.71,179737.16720999999,110805.71,179737.16720999999,364,234
26,META,stocks,lighter,117,713.4,0.5607109815231048,327926.445813,254893.47536699998,881104.7019710001,831314.747009,,49
26,AAPL,stocks,hyperliquid,xyz:AAPL,337.51,0.5925925925920339,151212.7631,220470.11186,151212.7631,220470.11186,428,193
26,AAPL,stocks,lighter,113,337.47950000000003,0.977884982944488,190741.882378,270805.200335,1175389.7174510001,986277.733595,,46
26,MSFT,stocks,hyperliquid,xyz:MSFT,507.165,0.1971764334718351,215236.73705,119180.22977,215236.73705,119180.22977,522,235
26,MSFT,stocks,lighter,115,507.51,1.9705986678753007,78018.224953,75664.165901,775921.596412,601785.204112,,50
26,ORCL,stocks,hyperliquid,xyz:ORCL,132.68,1.5074998115638394,196058.32429000002,87032.99729,327963.17829,192198.24869,545,187
26,GOOGL,stocks,hyperliquid,xyz:GOOGL,341.885,0.2925002925002751,146794.56514,136759.79619,146794.56514,136759.79619,548,183
26,GOOGL,stocks,lighter,116,342.03499999999997,0.8771416876207638,133708.961625,134074.13441,1089268.97491,818885.326261,,48
26,AMZN,stocks,hyperliquid,xyz:AMZN,245.995,0.4065205902681335,117863.18493,142321.95371,117863.18493,142321.95371,675,197
26,AMZN,stocks,lighter,114,246.026,0.24387963726946182,248005.467935,281719.072123,955010.170212,794335.711528,,53
26,AMD,stocks,hyperliquid,xyz:AMD,605.62,1.3210475907388108,72286.7619,48841.53748,72286.7619,48841.53748,745,199
26,MU,stocks,hyperliquid,xyz:MU,1051.45,0.9511128019767945,896369.1542,765138.4172,1992436.9707,2051841.1147,733,183
26,SNDK,stocks,hyperliquid,xyz:SNDK,1698.35,0.5888241182372411,1129228.1001,1209157.8455,1243937.205,1608384.8409,768,190
26,SNDK,stocks,hyperliquid,io:SNDK,1698.95,0.5886161633994469,40476.15883,86799.8866,76559.02183,112024.07081,866,190
26,SNDK,stocks,lighter,139,1698.3899999999999,0.23551993970860607,467554.74735300004,368397.466856,2703691.201538,2686193.842834,,237
26,MSTR,stocks,hyperliquid,xyz:MSTR,156.175,0.6403278478583907,219671.14342,232453.63811,235082.37977,401400.36884999997,388,233
26,CRCL,stocks,hyperliquid,xyz:CRCL,85.24600000000001,0.9385044930887432,72756.109061,90659.367894,72756.109061,90659.367894,395,217
26,NFLX,stocks,hyperliquid,xyz:NFLX,69.2815,2.7428109481442142,14049.347897,18460.19016,14049.347897,18460.19016,464,188
26,LLY,stocks,hyperliquid,xyz:LLY,1186.5500000000002,2.5286581254202467,32834.503600000004,11973.347749999999,135694.43771,39339.72996,569,187
26,SKHX,stocks,hyperliquid,xyz:SKHX,1291.6,1.5485869144415965,965770.7087,873884.3817,1610266.6233,1769005.4917000001,580,191
26,TSM,stocks,hyperliquid,xyz:TSM,447.435,1.5645954403220586,64871.34123,44940.478970000004,64871.34123,44940.478970000004,611,215
26,USDJPY,fx,hyperliquid,xyz:JPY,157.35000000000002,1.2711325791281425,794172.1465,809346.5506000001,881735.9066,873810.0732,650,185
26,USDJPY,fx,lighter,98,157.267,3.6886757653986635,37045.552279999996,47393.633958,1064032.631008,2605925.412419,,71
26,EURUSD,fx,hyperliquid,xyz:EUR,1.1367500000000001,2.639450994192938,388815.54372,98733.54964,669169.03253,371103.32288,786,205
26,EURUSD,fx,lighter,96,1.137175,1.4950443676409186,58391.621663,27010.746127,2130796.60683,2243297.885159,,241
26,XAG,commodities,hyperliquid,xyz:SILVER,60.537499999999994,0.8259684480060869,1342072.25009,1238061.31971,1342072.25009,1238061.31971,826,184
26,XAG,commodities,lighter,93,60.57405,0.8089599746430309,625516.290252,1096272.8642530001,3369929.60359,2925517.910212,,208
26,BABA,stocks,hyperliquid,xyz:BABA,107.69,1.857355126300142,85870.67326,74854.14748,208695.19035000002,142725.40652,430,187
26,WTI,commodities,hyperliquid,xyz:CL,94.15100000000001,0.8497349888991756,389379.59246,1017468.064215,389379.59246,1017468.064215,479,197
26,WTI,commodities,lighter,145,94.126,0.21248339973301,562414.075245,442336.762116,1689438.839784,1264626.013957,,236
26,COPPER,commodities,hyperliquid,xyz:COPPER,6.6095500000000005,0.45389899234526965,33364.039736,56782.153633,33364.039736,56782.153633,506,191
26,NATGAS,commodities,hyperliquid,xyz:NATGAS,3.13265,0.9577015163619862,92391.65175,91384.49354,92391.65175,91384.49354,634,203
26,SMSN,stocks,hyperliquid,xyz:SMSN,199.275,0.501831685653098,172174.26202,101118.27999,180796.97907,111064.98458,672,191
26,XPT,commodities,hyperliquid,xyz:PLATINUM,1700.45,2.9408304905298444,72484.64995,37733.76827,106889.43574,44807.51817,691,184
26,USAR,stocks,hyperliquid,xyz:USAR,14.43,2.772387025229417,14493.30971,344.92727,34170.846,14223.93004,730,183
26,CRWV,stocks,hyperliquid,xyz:CRWV,84.312,2.84697508896814,97579.40063,56973.89126999999,97579.40063,65958.16481999999,283,190
26,GME,stocks,hyperliquid,xyz:GME,23.909,5.0202903401253,9141.80671,24818.28891,25047.842529999998,33395.36892,311,181
26,SOFTBANK,stocks,hyperliquid,xyz:SOFTBANK,38.239000000000004,8.895400554653765,2839.932822,12355.7212,184955.47756,195959.49166,370,221
26,JP225,indices,hyperliquid,xyz:JP225,65174.5,8.749577871243197,14095.040410000001,353492.30144,29023.60207,360888.29114,377,189
26,KIOXIA,stocks,hyperliquid,xyz:KIOXIA,112.10499999999999,4.461099214845277,134.11019000000002,131.91298,300.3416,65807.93519,480,196
26,EWY,stocks,hyperliquid,xyz:EWY,183.715,0.5443361820245407,372566.47307,284235.6092,392894.98679,287383.38566,530,218
26,BRENTOIL,commodities,hyperliquid,xyz:BRENTOIL,99.6865,0.10031498906437619,225627.74939,381218.85718,225627.74939,381218.85718,563,192
26,BRENTOIL,commodities,lighter,159,99.63499999999999,1.0037137408414054,1037875.5840840001,532645.276413,2022415.050109,1718855.4745470001,,62
26,HIMS,stocks,hyperliquid,xyz:HIMS,28.678,8.372287727622663,8925.32192,11917.703580000001,29410.39658,21795.93108,639,198
26,US500,indices,hyperliquid,xyz:SP500,7666.15,0.13044442415344193,1803889.0484,1447794.6173,1803889.0484,1447794.6173,795,313
26,US500,indices,hyperliquid,mkts:US500,763.895,0.1309089004952746,36120.56514,49125.33569,36120.56514,49125.33569,535,509
26,US500,indices,lighter,180,7667.950000000001,0.39124651138644495,790349.42945,1117115.227996,13804341.136183,13760898.512826,,55
26,LITE,stocks,hyperliquid,xyz:LITE,913.375,1.2043971444830603,76294.87327,50094.80644,76294.87327,83820.83881,780,664
26,PURRDAT,stocks,hyperliquid,xyz:PURRDAT,12.05,13.286829430327884,2094.815,1374.699,8172.739,30077.413,316,181
26,MRVL,stocks,hyperliquid,xyz:MRVL,250.10500000000002,1.199568155463293,166187.9408,115453.6957,190619.1715,115453.6957,489,198
26,RKLB,stocks,hyperliquid,xyz:RKLB,71.757,1.9512195121951237,46733.276509999996,57580.236600000004,123023.35163,72307.3741,503,186
26,DRAM,stocks,hyperliquid,xyz:DRAM,59.9845,0.1667111229664009,140444.8467,71677.2878,140444.8467,71677.2878,690,200
26,CBRS,stocks,hyperliquid,xyz:CBRS,196.985,1.5230745798855416,48655.3342,56965.6286,126727.8875,114246.8153,694,190
26,ARM,stocks,hyperliquid,xyz:ARM,281.94,4.257130693912092,59788.639,41313.5098,119485.7673,91447.83260000001,726,190
26,GBPUSD,fx,hyperliquid,xyz:GBP,1.32435,5.287009063443815,138672.8572,159539.8654,395276.1488,338621.6113,398,232
26,GBPUSD,fx,lighter,97,1.32431,1.3592907522919084,38100.448786,18733.009729,2510441.273703,2292028.197417,,237
26,SPCX,stocks,hyperliquid,xyz:SPCX,145.885,0.6854949273371602,1376977.1646,1671127.7460999999,1927632.0352999999,2086570.8952,434,232
26,SPCX,stocks,lighter,194,145.925,0.6853070175449893,823466.0001000001,799548.05234,1194481.627579,1221339.894786,,225
26,MINIMAX,stocks,hyperliquid,xyz:MINIMAX,31.3735,4.144483055439352,13849.76708,10971.74433,27377.087190000002,26839.181930000002,596,196
26,BB,stocks,hyperliquid,xyz:BB,8.70255,3.562808872543677,20946.968240000002,1281.81816,49208.60921,18190.114419999998,599,191
26,QNT,stocks,hyperliquid,xyz:QNT,48.987,12.664433368738681,2067.37332,109.81824,3873.2635999999998,1458.1524,630,195
26,DELL,stocks,hyperliquid,xyz:DELL,539.73,1.1117287381878782,38406.6401,33149.7109,38406.6401,34830.0696,679,196
26,AVGO,stocks,hyperliquid,xyz:AVGO,348.52,2.2956841138643824,163264.54559999998,49757.1183,169102.0947,73080.935,812,214
26,NBIS,stocks,hyperliquid,xyz:NBIS,229.695,2.177036617756478,94644.4927,75050.9998,124191.3793,83866.6379,790,189
26,NBIS,stocks,hyperliquid,io:NBIS,229.89499999999998,0.4349906477019161,14268.2135,13934.9805,14451.9342,14059.2561,840,209
26,WDC,stocks,hyperliquid,xyz:WDC,450.82,1.7747016282898542,14262.59649,11195.96005,46154.70794,45747.192950000004,315,190
26,BE,stocks,hyperliquid,xyz:BE,261.38,1.5304560759088481,12696.493699999999,46125.4099,15887.2407,46580.7273,429,193
26,ZHIPU,stocks,hyperliquid,xyz:ZHIPU,78.774,1.5234613040826517,30954.863882,25666.155774,46527.830862,45899.88246,446,188
26,QCOM,stocks,hyperliquid,xyz:QCOM,187.16,2.1374372127835883,5529.0612,8248.1538,49500.075000000004,34848.400200000004,471,185
26,STRC,stocks,hyperliquid,xyz:STRC,99.06450000000001,4.543526988549651,1663.6459,2418.589,138690.9949,91222.0727,508,192
26,AMAT,stocks,hyperliquid,xyz:AMAT,481.28499999999997,1.8701687307776105,26453.460590000002,19328.71364,33874.98973,35885.09741,633,203
26,SKHY,stocks,hyperliquid,xyz:SKHY,182.195,0.5488775454187689,675015.0008,454974.1426,783211.6641,534270.0539,671,223
26,CXMT,stocks,hyperliquid,xyz:CXMT,8.23495,1.5787620077012399,23806.21264,32056.94274,118608.11637,121241.11568999999,663,191
26,KORU,stocks,hyperliquid,xyz:KORU,20.3645,2.4555544642002047,19619.5889,67293.1323,185282.33250000002,102095.9955,727,218
26,UNITREE,stocks,hyperliquid,xyz:UNITREE,67.9625,0.735726898177802,20577.56737,12928.32951,20577.56737,12928.32951,827,193
26,SOXL,stocks,hyperliquid,xyz:SOXL,139.07,1.4382281029767796,192376.2697,164243.9529,425755.74700000003,368721.144,851,186
26,IREN,stocks,hyperliquid,xyz:IREN,41.5035,2.650730155671077,10864.040099999998,16910.6218,51590.486999999994,16910.6218,854,182
26,AAOI,stocks,hyperliquid,xyz:AAOI,95.50200000000001,0.8377138788251415,4160.01185,18503.31747,10206.81586,19180.18317,913,185
26,MRNA,stocks,hyperliquid,xyz:MRNA,195.175,3.5871681869448224,24062.9858,13436.1379,121625.5029,90749.054,503,205
26,BMNR,stocks,hyperliquid,xyz:BMNR,26.85,7.451564828613311,922.88444,12081.19708,9109.4472,24608.35972,589,267
26,US10Y,rates,hyperliquid,para:10Y,5.25515,9.70947721128601,26969.308970000002,27249.64306,97202.95373000001,179611.45077999998,541,216
26,US10Y,rates,lighter,227,95.2,4.202563563773243,30000.755036000002,3521.778354,1122672.701533,972597.174712,,211
26,30Y,unclassified,hyperliquid,para:30Y,5.5555,1.8001800180034166,36498.46712,11998.79819,76236.8519,75259.90058999999,698,193
26,2Y,unclassified,hyperliquid,para:2Y,4.9249,143.15221170167146,0,0,64053.20534,82471.70258,738,196
26,USTECH,indices,hyperliquid,mkts:USTECH,733.52,0.8180070621266466,26863.635390000003,33858.00367,26863.635390000003,33858.00367,782,191
26,OAI,preipo,hyperliquid,io:OAI,1626.25,0.6149305128522187,3178.1648,54594.73700000001,16945.8422,69322.7635,787,190
26,ANTH,preipo,hyperliquid,io:ANTH,2055.55,0.486499635123927,6989.6802,10650.3398,9792.32,18466.4204,358,192
27,BTC,crypto,hyperliquid,BTC,83209.5,0.12017930752783457,4971055.19309,3357221.45969,4971055.19309,3357221.45969,385,237
27,BTC,spot,hyperliquid,@142,83222.5,0.1201605344736123,664809.76492,518408.40963,664809.76492,518408.40963,386,235
27,BTC,crypto,lighter,1,83215.0,0.33648345943326774,2930249.058018,2662015.581679,2930249.058018,2662015.581679,,63
27,ETH,crypto,hyperliquid,ETH,2671.95,0.3742655039484788,9229482.61796,9050646.7236,9229482.61796,9050646.7236,377,228
27,ETH,spot,hyperliquid,@151,2670.05,0.37453183520552713,275141.22246,465331.13575,275141.22246,465331.13575,408,191
27,ETH,crypto,lighter,0,2670.69,0.299552543387982,3561525.420057,3523972.135577,3561525.420057,3523972.135577,,216
27,SOL,crypto,hyperliquid,SOL,117.85499999999999,0.8485362749266478,2900803.8452,2001295.4611,4757778.0167000005,4219060.7266999995,581,195
27,SOL,spot,hyperliquid,@156,117.85499999999999,0.8485362749266478,163828.88996,173620.05152,254760.2666,366375.99282,576,187
27,SOL,crypto,lighter,2,117.8965,2.1207288520930234,746792.432352,1066126.0188489999,2753350.144273,8072830.452992,,214
27,AVAX,crypto,hyperliquid,AVAX,10.4825,0.9540164090826586,47496.65456,59425.03857,188385.06019,259599.67989,767,190
27,BNB,crypto,hyperliquid,BNB,759.255,0.13170892327885042,136314.87116,69138.55845,136314.87116,69138.55845,763,181
27,OP,crypto,hyperliquid,OP,0.13058999999999998,3.063490847821093,17250.39471,5248.105435,91954.385084,84042.53722,785,190
27,LTC,crypto,hyperliquid,LTC,68.1315,1.02747768905731,37524.267629999995,47198.81098,37524.267629999995,47198.81098,301,194
27,ARB,crypto,hyperliquid,ARB,0.197435,0.5065086359734572,18096.767849,35855.469585,48885.15049,59756.797124000004,490,244
27,DOGE,crypto,hyperliquid,DOGE,0.0933645,0.1071076646241842,157323.621516,130189.13678,157323.621516,130189.13678,539,289
27,SUI,crypto,hyperliquid,SUI,1.12425,0.8895214374660121,119749.37663,105675.74066,228942.93715,324279.27103,534,265
27,CRV,crypto,hyperliquid,CRV,0.38688,6.20539869686576,13739.751095,16868.646257,43013.162385999996,41000.283074,487,185
27,LDO,crypto,hyperliquid,LDO,0.438585,1.5961691939359035,12364.091725,51787.790306,12464.425785000001,51787.790306,714,226
27,LINK,crypto,hyperliquid,LINK,14.782499999999999,0.6764984440521538,155549.9824,130964.3944,208609.9392,231107.2094,720,229
27,XRP,crypto,hyperliquid,XRP,1.4903499999999998,0.6710058377512595,1915231.1427,684209.5199000001,2276562.2899,1501766.8012,722,186
27,XRP,crypto,lighter,7,1.490146,3.6915947756543943,117051.22559799999,415828.067489,7386783.954666,6668033.53002,,225
27,BCH,crypto,hyperliquid,BCH,306.58,0.6523795544244315,59259.24353,30423.262039999998,59259.24353,58646.71339,401,240
27,APT,crypto,hyperliquid,APT,0.82585,1.2109469605237067,12746.980395999999,1610.605734,97393.465294,70256.98920499999,398,231
27,AAVE,crypto,hyperliquid,AAVE,149.235,2.0104543626864313,86140.9344,75174.9464,148809.7713,283872.09929999994,406,236
27,WLD,crypto,hyperliquid,WLD,0.48009,2.9165451439516765,26818.518519999998,50263.125147,34064.882794,50263.125147,402,190
27,WLD,crypto,lighter,6,0.48033000000000003,1.665660330216756,40473.001999,131091.5452,1007817.167331,906272.895378,,238
27,TRX,crypto,hyperliquid,TRX,0.3342,0.5984619527810153,35475.92545,32714.385729999998,35475.92545,32714.385729999998,600,196
27,UNI,crypto,hyperliquid,UNI,8.63005,3.360916023458227,13947.5365,29462.93609,13947.5365,29462.93609,614,206
27,SEI,crypto,hyperliquid,SEI,0.074628,1.6081048484384297,17059.349253,22547.768994,20874.142354,34593.44517,598,188
27,ZRO,crypto,hyperliquid,ZRO,1.5402,1.298616972924549,7149.057049999999,2543.7870700000003,23031.7262,25556.87745,802,203
27,DOT,crypto,hyperliquid,DOT,1.1656,5.148888698187637,46989.83413,12314.58717,115631.60964,41589.26916,799,198
27,TIA,crypto,hyperliquid,TIA,0.43264,1.8492834026817562,7260.483925,1233.4306669999999,43094.45726,56105.078414,805,189
27,ADA,crypto,hyperliquid,ADA,0.243895,3.6907935206054177,144086.77874,78592.20562000001,154294.90106,113676.95447000001,822,184
27,PENDLE,crypto,hyperliquid,PENDLE,2.33995,2.137026114457097,10604.3176,5105.1886,11847.765,12238.4566,454,192
27,NEAR,crypto,hyperliquid,NEAR,4.69935,0.21279765071380297,63068.02573,49153.33499,63068.02573,49153.33499,451,186
27,NEAR,crypto,lighter,10,4.70448,5.443102568463143,20077.613855,56349.403955,898255.6450039999,2001775.1033670001,,213
27,PYTH,crypto,hyperliquid,PYTH,0.0809455,4.324831949387153,1405.305474,2556.823336,25017.518822000002,12085.264845,479,193
27,JUP,crypto,hyperliquid,JUP,0.324885,0.30780595912327513,11668.39717,3641.0426,21324.54224,10727.6831,643,190
27,JTO,crypto,hyperliquid,JTO,0.54489,2.93680365631932,5823.31464,10025.40037,30942.70592,19440.19966,646,191
27,WIF,crypto,hyperliquid,WIF,0.232595,3.00997592019403,6821.16633,13336.81187,49947.621250000004,87836.82636,960,480
27,ONDO,crypto,hyperliquid,ONDO,0.5172950000000001,2.5133886278849715,32653.20742,36908.71876,32653.20742,36908.71876,952,469
27,STRK,crypto,hyperliquid,STRK,0.041435,2.413709872073344,2539.641433,4345.305241,65962.655001,92709.664384,296,185
27,TAO,crypto,hyperliquid,TAO,303.125,0.3299023489033992,33231.567370000004,71934.11373000001,57328.30308,137386.74166,505,391
27,ETHFI,crypto,hyperliquid,ETHFI,0.692125,3.034594375885824,3555.245547,3011.896377,14737.069637,5495.327426,529,232
27,ENA,crypto,hyperliquid,ENA,0.25243499999999996,0.396149427563941,53572.77672,76786.03609,54202.470180000004,107468.55038999999,618,197
27,ENA,crypto,lighter,29,0.252515,1.980276446591489,83657.87092,142493.074229,1340040.276384,1090331.047614,,221
27,HBAR,crypto,hyperliquid,HBAR,0.120175,2.496671105194359,7952.69434,10135.10979,64245.756239999995,53998.55574,690,184
27,EIGEN,crypto,hyperliquid,EIGEN,0.25185,3.971405877680745,2373.819851,1321.075313,24823.998422,35483.123675,715,184
27,GRASS,crypto,hyperliquid,GRASS,0.6897,4.060560357330711,2815.645524,323407.212612,21068.085617,334821.56364099996,292,201
27,PURR,crypto,hyperliquid,PURR,0.13985999999999998,7.1525641942638,216.81796,235.97619000000003,987.68021,2734.62794,312,189
27,PURR,spot,hyperliquid,PURR/USDC,0.13943,8.610174356031841,294.58368,25.813139999999997,3406.64432,46765.87938,457,294
27,XLM,crypto,hyperliquid,XLM,0.22831,1.752157343730687,87587.18229,33253.01841,93768.79067,77619.87075,514,327
27,HYPE,crypto,hyperliquid,HYPE,87.3845,0.1144374256156766,140227.48282,225070.08872,140227.48282,225070.08872,481,187
27,HYPE,spot,hyperliquid,@107,87.4395,0.11436544333776055,58006.30554,79840.53515,58006.30554,79840.53515,517,204
27,HYPE,crypto,lighter,24,87.40365,0.7208196749464157,408861.406535,717914.2656800001,2287888.350456,2491217.7765450003,,49
27,VIRTUAL,crypto,hyperliquid,VIRTUAL,0.808435,1.1133240143990086,12551.654373,7978.262017999999,16963.645998,10394.623765,670,188
27,PENGU,crypto,hyperliquid,PENGU,0.0092315,1.0833062506776514,17813.043671,31960.020796,57121.309831,194686.187529,705,196
27,FARTCOIN,crypto,hyperliquid,FARTCOIN,0.16557,2.41618846269942,8258.467987,45679.516215999996,25500.882141000002,55923.792168,702,187
27,SPX,crypto,hyperliquid,SPX,0.40756000000000003,3.9265730833415446,5426.840856,4073.141942,11778.058325,13193.33986,706,188
27,MORPHO,crypto,hyperliquid,MORPHO,2.44835,2.0424002287477983,6544.15946,5803.83223,13131.62423,16922.12099,359,192
27,TRUMP,crypto,hyperliquid,TRUMP,1.9635,4.075187203911312,40911.23091,35690.46789,79665.59671,67893.38738,398,200
27,VVV,crypto,hyperliquid,VVV,27.4895,0.36378187638685944,10334.07039,1588.36713,17030.53654,15116.66459,401,199
27,PAXG,crypto,hyperliquid,PAXG,4141.25,0.24147590070633385,304571.1853,228746.3621,304571.1853,228746.3621,397,193
27,SYRUP,crypto,hyperliquid,SYRUP,0.22501500000000002,4.000533404453499,2533.25324,3270.20988,23495.838499999998,20933.36945,556,196
27,PUMP,crypto,hyperliquid,PUMP,0.0048684999999999996,2.0542317173388724,30600.409460000003,42910.551515,249163.101594,310621.437985,607,208
27,PUMP,crypto,lighter,45,0.004868,4.109307581672272,65835.901138,95404.06923,1030725.02596,939859.36778,,240
27,XPL,crypto,hyperliquid,XPL,0.0974685,0.10259777567966921,4433.455371,6871.544002,4433.455371,6871.544002,586,182
27,SKY,crypto,hyperliquid,SKY,0.078279,3.0664264632607185,5907.416382,6422.26518,12625.477164,8626.295938,749,191
27,ASTER,crypto,hyperliquid,ASTER,0.70746,1.1308699216860951,24563.74971,23814.2606,24563.74971,23814.2606,781,193
27,ZEC,crypto,hyperliquid,ZEC,1385.95,0.7215527815862544,477751.725,785700.974,1198208.7689999999,1420243.416,798,189
27,ZEC,crypto,lighter,90,1386.7825,1.3485359730980306,281198.052862,375055.055134,5043640.72248,5913260.07942,,207
27,MON,crypto,hyperliquid,MON,0.027581500000000002,0.3625684347907665,7359.429381,20828.590469000002,7359.429381,23656.296864,391,187
27,CC,crypto,hyperliquid,CC,0.133515,0.7490075649774219,6479.134959999999,4584.790599999999,33845.97454,33184.86245,462,226
27,ICP,crypto,hyperliquid,ICP,3.2592499999999998,2.761752792439509,10146.37984,9089.37697,28861.29974,31424.3097,460,207
27,AERO,crypto,hyperliquid,AERO,0.8266150000000001,1.814794202337211,7400.73628,2922.81571,7400.73628,2922.81571,495,188
27,LIT,crypto,hyperliquid,LIT,4.3694500000000005,0.22886437497371404,11514.4113,60674.4207,11514.4113,67322.7487,580,188
27,LIT,crypto,lighter,120,4.37135,2.059072502231807,14281.415668,5749.353302,294767.297931,324741.009627,,52
27,XMR,crypto,hyperliquid,XMR,541.72,1.1076445937696633,40943.548670000004,50532.38199,41961.44244,67301.37824,672,209
27,DASH,crypto,hyperliquid,DASH,60.158500000000004,8.813942659482432,2889.16729,10883.62247,9858.65483,195889.22233000002,689,193
27,SKR,crypto,hyperliquid,SKR,0.018401,2.1740311973483806,3690.442556,1333.518294,18673.299154,8894.00517,709,194
27,AZTEC,crypto,hyperliquid,AZTEC,0.018578499999999998,8.077109471755772,423.19594800000004,68.677604,19549.050848,15393.309687,778,197
27,CHIP,crypto,hyperliquid,CHIP,0.0429145,3.495933064534551,5648.333124,713.7324820000001,17483.135022000002,21553.270805,269,194
27,GRAM,crypto,hyperliquid,GRAM,1.5688499999999999,0.6374298827127589,28439.9633,1035.7108,41897.9598,21662.7649,278,186
27,CASHCAT,crypto,hyperliquid,CASHCAT,0.17341,10.385414262634729,423.84776999999997,1059.26282,8693.067930000001,9158.23183,350,238
27,PONS,crypto,hyperliquid,PONS,0.533335,0.18750117188437443,2555.55512,20101.51993,38192.1432,21165.571519999998,369,188
27,USELESS,crypto,hyperliquid,USELESS,0.23398000000000002,3.4196802598951415,1969.46996,21236.72193,15164.59109,27817.39367,456,186
27,US100,indices,hyperliquid,xyz:XYZ100,30171.5,0.33144410195307117,3584962.0383,3608385.2264,3584962.0383,3608385.2264,470,191
27,US100,indices,lighter,181,30171.5,0.9943652635069355,853706.007462,957258.877019,8942279.454056,8818589.479399,,54
27,TSLA,stocks,hyperliquid,xyz:TSLA,357.01,1.6807664294926639,278946.32069,246377.99005,278946.32069,246377.99005,564,194
27,TSLA,stocks,lighter,112,357.095,0.8401478660258199,187553.33529699998,328881.643148,940741.2638569999,980651.731027,,216
27,NVDA,stocks,hyperliquid,xyz:NVDA,228.38,0.8757717738738791,568784.29174,791952.06495,568784.29174,791952.06495,639,182
27,NVDA,stocks,lighter,110,228.4805,0.48145311303260385,697570.9508430001,739670.535768,1343764.304126,1467472.712179,,203
27,XAU,commodities,hyperliquid,xyz:GOLD,4132.65,0.24197841552497934,1168998.16872,1562672.1624099999,1168998.16872,1562672.1624099999,290,198
27,XAU,commodities,lighter,92,4134.65,0.919104308665375,802954.857815,1230704.8832379999,2817652.867406,1982995.6075839999,,59
27,HOOD,stocks,hyperliquid,xyz:HOOD,115.655,0.8646779074794608,109598.84703,208808.94509999998,211821.11815,332617.97106999997,377,210
27,INTC,stocks,hyperliquid,xyz:INTC,114.155,0.8760402978524873,210502.94429999997,684982.5221,610290.7836,1110313.3258999998,393,190
27,PLTR,stocks,hyperliquid,xyz:PLTR,186.515,1.6085790884723394,90565.50499,119431.22107,96842.2397,126447.14922,414,200
27,COIN,stocks,hyperliquid,xyz:COIN,191.78500000000003,1.5643739896753495,62881.330910000004,151583.86693000002,82131.34449,202984.21113,490,199
27,META,stocks,hyperliquid,xyz:META,713.005,0.14025245441695589,151416.42636,137073.65404999998,151416.42636,137073.65404999998,573,194
27,META,stocks,lighter,117,713.495,0.42047429500424727,304582.390515,245462.369876,880649.959331,820604.349036,,52
27,AAPL,stocks,hyperliquid,xyz:AAPL,337.59000000000003,0.5924521594891097,152967.0748,199231.26472,152967.0748,199231.26472,610,195
27,AAPL,stocks,lighter,113,337.558,1.0665402618958986,211171.128883,276279.656024,1171261.605616,933003.16858,,57
27,MSFT,stocks,hyperliquid,xyz:MSFT,507.21500000000003,0.5914826498432113,183202.32991,113687.2444,183202.32991,113687.2444,687,196
27,MSFT,stocks,lighter,115,507.575,2.561525881263904,74149.08127899999,67794.758904,762120.3460820001,609017.837552,,201
27,ORCL,stocks,hyperliquid,xyz:ORCL,132.7,1.5072725902487427,192824.19136,86769.65783000001,337026.2248,191224.63208,768,193
27,GOOGL,stocks,hyperliquid,xyz:GOOGL,341.94,0.5849150410908166,162116.31717,165091.67096000002,162116.31717,165091.67096000002,803,192
27,GOOGL,stocks,lighter,116,342.07000000000005,1.7541807975685053,132039.012125,134658.128227,1087598.029364,822470.596897,,207
27,AMZN,stocks,hyperliquid,xyz:AMZN,246.01,0.8130081300827818,115075.44779,152714.72602,115075.44779,152714.72602,360,189
27,AMZN,stocks,lighter,114,246.0495,0.2844996464079763,241172.06022699998,287077.541921,924266.166495,808192.088875,,223
27,AMD,stocks,hyperliquid,xyz:AMD,605.79,0.9904912836766755,49076.96492,117472.01252,49076.96492,117472.01252,445,180
27,MU,stocks,hyperliquid,xyz:MU,1051.85,0.9507510933648433,810652.8650999999,945809.1312,1569793.8540999999,2008983.3364,543,185
27,SNDK,stocks,hyperliquid,xyz:SNDK,1699.05,0.588581518539133,951509.0756,1355986.5033,1060169.6277,1661388.763,539,178
27,SNDK,stocks,hyperliquid,io:SNDK,1699.65,0.5883737349976492,34465.56048,90297.22861,70395.55061,93498.62794,632,186
27,SNDK,stocks,lighter,139,1698.9850000000001,0.7651920043305616,661056.863793,593502.240955,2929944.989464,2803217.445018,,215
27,MSTR,stocks,hyperliquid,xyz:MSTR,156.24,1.2801638609749588,214443.59528,216460.85558,258492.71169,342377.58691,728,187
27,CRCL,stocks,hyperliquid,xyz:CRCL,85.30699999999999,1.641266119576379,97533.875044,80661.75907,97533.875044,80661.75907,735,191
27,NFLX,stocks,hyperliquid,xyz:NFLX,69.285,2.3095688323704344,14097.662422,19512.461445,14097.662422,19905.507564,292,188
27,LLY,stocks,hyperliquid,xyz:LLY,1186.5500000000002,2.5286581254202467,32834.503600000004,11973.347749999999,135694.43771,43803.533559999996,419,277
27,SKHX,stocks,hyperliquid,xyz:SKHX,1292.35,0.7738141298463397,866532.6648,1273025.2761000001,1622139.1377,1800979.3041,393,193
27,TSM,stocks,hyperliquid,xyz:TSM,447.53,1.7877494469153987,44490.592169999996,70639.3284,45116.029109999996,78457.7202,396,190
27,USDJPY,fx,hyperliquid,xyz:JPY,157.35000000000002,1.2711325791281425,800077.4671,569666.4357,887642.1231000001,885291.5697999999,480,186
27,USDJPY,fx,lighter,98,157.2745,3.1160572337052272,33285.558524,52887.994900000005,1160341.550884,2601865.565955,,63
27,EURUSD,fx,hyperliquid,xyz:EUR,1.1367500000000001,2.639450994192938,388815.43008,98733.54964,669168.91889,371101.27343,576,179
27,EURUSD,fx,lighter,96,1.137175,1.4950443676409186,58391.571909,27010.644326999998,2130796.557076,2243297.783359,,56
27,XAG,commodities,hyperliquid,xyz:SILVER,60.561499999999995,0.1651227687782253,1071291.64418,557633.85052,1071291.64418,557633.85052,662,204
27,XAG,commodities,lighter,93,60.59305,0.28056416502497683,678311.875457,1238480.783768,2951807.515068,2552430.589741,,218
27,BABA,stocks,hyperliquid,xyz:BABA,107.69999999999999,1.857182653912659,78182.10208,75429.39666,188014.81387,143690.70304999998,670,189
27,WTI,commodities,hyperliquid,xyz:CL,94.14699999999999,0.4248765202619076,161881.419917,889006.509328,161881.419917,889006.509328,773,196
27,WTI,commodities,lighter,145,94.116,1.06257504436158,530366.116132,408443.836434,1857079.187079,1333045.553499,,275
27,COPPER,commodities,hyperliquid,xyz:COPPER,6.609299999999999,1.8157882790870161,40776.689554,56078.362825000004,40776.689554,56078.362825000004,325,254
27,NATGAS,commodities,hyperliquid,xyz:NATGAS,3.13255,1.596271110686498,96072.42404,63925.58935,96072.42404,63925.58935,311,214
27,SMSN,stocks,hyperliquid,xyz:SMSN,199.385,0.5015548199405195,192375.46742,89524.7511,192375.46742,89524.7511,375,202
27,XPT,commodities,hyperliquid,xyz:PLATINUM,1700.8,2.3521110196411676,73161.41798,42847.80578,94114.64032,50100.45009,509,197
27,USAR,stocks,hyperliquid,xyz:USAR,14.43,2.772387025229417,15495.80383,2168.74637,26423.44104,11381.27548,514,187
27,CRWV,stocks,hyperliquid,xyz:CRWV,84.29849999999999,2.491457858770918,45701.9156,53514.27009,105488.39491,69250.81227000001,537,197
27,GME,stocks,hyperliquid,xyz:GME,23.9135,2.0910877838642428,13983.0969,20842.60625,22571.94735,37836.42699,569,192
27,SOFTBANK,stocks,hyperliquid,xyz:SOFTBANK,38.2255,10.731579636173993,7838.662733000001,12267.588798,182806.81143,211910.27630899998,705,194
27,JP225,indices,hyperliquid,xyz:JP225,65176.0,6.753230807010624,24083.626210000002,351650.40079,33711.14208,359437.8704,709,193
27,KIOXIA,stocks,hyperliquid,xyz:KIOXIA,112.10499999999999,4.461099214845277,142.62507,69.55401,307.06469000000004,156040.40559,733,195
27,EWY,stocks,hyperliquid,xyz:EWY,183.755,0.5442176870751325,254369.02339,292952.942,388609.91907,346710.22551,311,215
27,BRENTOIL,commodities,hyperliquid,xyz:BRENTOIL,99.6925,0.10030895157164821,268490.53299,472521.38777000003,268490.53299,472521.38777000003,547,315
27,BRENTOIL,commodities,lighter,159,99.64,2.007427481682811,1018247.8428730001,526130.440735,1997624.274415,1739465.313551,,56
27,HIMS,stocks,hyperliquid,xyz:HIMS,28.6785,8.0231625213667,6925.486790000001,11904.7814,33704.60941,21783.0089,513,253
27,US500,indices,hyperliquid,xyz:SP500,7666.85,0.13043251421596125,1586706.0287,2288232.9343999997,1586706.0287,2288232.9343999997,646,354
27,US500,indices,hyperliquid,mkts:US500,763.895,0.1309089004952746,52182.84169,55698.91977,52182.84169,55698.91977,498,186
27,US500,indices,lighter,180,7668.55,1.1736936138029286,787846.58518,1072548.996243,13801838.291912999,13711840.326155,,211
27,LITE,stocks,hyperliquid,xyz:LITE,914.0699999999999,1.7505661987549104,31845.6217,85794.85313,31845.6217,90015.88652,717,202
27,PURRDAT,stocks,hyperliquid,xyz:PURRDAT,12.052,9.961813049974566,1481.5819999999999,1242.1480000000001,7849.699,42560.626000000004,776,227
27,MRVL,stocks,hyperliquid,xyz:MRVL,250.20999999999998,1.5987849234577745,126596.9321,185487.77,126596.9321,185487.77,302,188
27,RKLB,stocks,hyperliquid,xyz:RKLB,71.77250000000001,2.0901553682151075,50086.2912,55747.94431,121422.71803999999,68594.96242,368,189
27,DRAM,stocks,hyperliquid,xyz:DRAM,60.0075,0.1666472244910011,92682.3835,79355.8427,92682.3835,79355.8427,376,191
27,CBRS,stocks,hyperliquid,xyz:CBRS,197.07999999999998,2.029838627828351,46921.479999999996,94545.6793,123831.2843,157859.3888,439,195
27,ARM,stocks,hyperliquid,xyz:ARM,281.935,3.1927347546933937,59429.2631,43922.705200000004,110901.256,111637.72170000001,502,198
27,GBPUSD,fx,hyperliquid,xyz:GBP,1.32435,5.287009063443815,137348.9572,164539.6544,393962.7288,332622.2644,564,194
27,GBPUSD,fx,lighter,97,1.32431,1.3592907522919084,38100.566492,18733.009729,2510441.391409,2292028.197417,,205
27,SPCX,stocks,hyperliquid,xyz:SPCX,145.915,0.6853539853324264,1361112.1365,1319545.389,2030489.8722,1902300.2300999998,632,192
27,SPCX,stocks,lighter,194,145.965,0.6851192107415471,751032.547237,812456.3611730001,1117218.892118,1169362.62064,,56
27,MINIMAX,stocks,hyperliquid,xyz:MINIMAX,31.3735,4.144483055439352,13799.89355,10971.74433,27327.21366,30089.80396,766,204
27,BB,stocks,hyperliquid,xyz:BB,8.70885,0.11482638250903676,3561.9379400000003,7649.10427,16153.219120000002,54127.62171,752,186
27,QNT,stocks,hyperliquid,xyz:QNT,48.987,12.664433368738681,2067.37332,109.81824,4283.48512,955.93598,769,185
27,DELL,stocks,hyperliquid,xyz:DELL,539.95,1.4817284362211858,25621.0295,45129.1748,25621.0295,45129.1748,834,200
27,AVGO,stocks,hyperliquid,xyz:AVGO,348.6,1.7213185299946865,151655.6905,91153.7152,167541.6818,102728.7099,423,209
27,NBIS,stocks,hyperliquid,xyz:NBIS,229.76,1.7410986332366818,87132.71250000001,122794.82329999999,101131.7472,122794.82329999999,412,184
27,NBIS,stocks,hyperliquid,io:NBIS,229.945,2.1746694502433606,10180.1674,25413.2248,16928.9401,32758.993300000002,416,185
27,WDC,stocks,hyperliquid,xyz:WDC,450.855,3.771324622312555,8110.31701,6469.43509,35130.94132,26539.61924,494,198
27,BE,stocks,hyperliquid,xyz:BE,261.485,2.677376171351664,19487.1698,47012.4108,25894.564,77109.1247,618,204
27,ZHIPU,stocks,hyperliquid,xyz:ZHIPU,78.786,1.2693415925157936,30560.610926,15654.867763,42686.484798,49047.152305,611,194
27,QCOM,stocks,hyperliquid,xyz:QCOM,187.19,2.1370946198651097,5829.2701,12834.867,74569.0514,24681.7093,613,188
27,STRC,stocks,hyperliquid,xyz:STRC,99.06450000000001,4.543526988549651,4375.6157,2646.7015,70401.33870000001,88299.614,683,187
27,AMAT,stocks,hyperliquid,xyz:AMAT,481.355,4.363636363635681,22868.93575,27785.80722,26941.204850000002,35445.07149,832,220
27,SKHY,stocks,hyperliquid,xyz:SKHY,182.265,0.5486667398235667,658612.8829,559860.683,730035.4969,669043.6551,829,214
27,CXMT,stocks,hyperliquid,xyz:CXMT,8.2441,1.9409702424999509,15978.64009,23494.052570000003,65033.457780000004,73781.0316,808,187
27,KORU,stocks,hyperliquid,xyz:KORU,20.3795,1.4721758759450587,82179.2546,27431.494599999998,116146.9212,116619.89809999999,875,190
27,UNITREE,stocks,hyperliquid,xyz:UNITREE,67.9755,0.14711290915903064,19862.583740000002,17710.16379,19862.583740000002,17710.16379,374,217
27,SOXL,stocks,hyperliquid,xyz:SOXL,139.175,2.1557918942227694,189316.0806,267338.2056,467350.6703,552620.1311,522,343
27,IREN,stocks,hyperliquid,xyz:IREN,41.5165,2.649900026499008,2709.6641,9105.8203,2709.6641,9105.8203,382,200
27,AAOI,stocks,hyperliquid,xyz:AAOI,95.52250000000001,0.9422307837270161,6726.462589999999,18483.32709,10074.36781,21187.77534,406,182
27,MRNA,stocks,hyperliquid,xyz:MRNA,195.155,2.5623943012353934,41180.416,62457.5416,143561.5997,171428.3373,605,230
27,BMNR,stocks,hyperliquid,xyz:BMNR,26.875999999999998,1.488427476372678,1448.70547,18446.85226,9765.72805,113779.39831,576,192
27,US10Y,rates,hyperliquid,para:10Y,5.2552,9.899859117388221,988.92478,27250.02342,97221.98754,179611.83114,697,289
27,US10Y,rates,lighter,227,95.205,3.151591553733901,30000.261261,3520.9499399999995,1122672.2077580001,972596.346298,,239
27,30Y,unclassified,hyperliquid,para:30Y,5.5555,1.8001800180034166,36498.18198,11998.79819,76236.56676,75259.39007,300,206
27,2Y,unclassified,hyperliquid,para:2Y,4.92495,142.9447852760757,0,0,64052.75843,82471.70258,356,232
27,USTECH,indices,hyperliquid,mkts:USTECH,733.55,0.27265043487822993,28033.16645,32690.221990000002,28033.16645,32690.221990000002,410,195
27,OAI,preipo,hyperliquid,io:OAI,1626.25,0.6149305128522187,3215.5347,62240.115600000005,17338.5099,70074.24190000001,481,198
27,ANTH,preipo,hyperliquid,io:ANTH,2055.75,0.4864523033543122,7209.960599999999,7546.3574,10012.6709,14245.2416,499,198
28,BTC,crypto,hyperliquid,BTC,83231.5,0.12014754118050419,6944864.0549,6424422.61666,6944864.0549,6424422.61666,557,193
28,BTC,spot,hyperliquid,@142,83252.5,0.12011723442117983,665590.84327,550111.45378,665590.84327,550111.45378,641,270
28,BTC,crypto,lighter,1,83237.95,0.012013758157181087,2168254.5938150003,3476087.6628739997,2168254.5938150003,3476087.6628739997,,63
28,ETH,crypto,hyperliquid,ETH,2672.3500000000004,0.37420948246769115,10879888.15096,6445519.27908,10879888.15096,6445519.27908,638,272
28,ETH,spot,hyperliquid,@151,2670.6499999999996,0.3744476896572202,453602.66003,352618.71832,453602.66003,352618.71832,617,188
28,ETH,crypto,lighter,0,2671.465,0.6363752068216932,4468102.030935,4634325.64888,4468102.030935,4634325.64888,,224
28,SOL,crypto,hyperliquid,SOL,117.955,0.8478168715542189,2104726.3164999997,2383166.7857,4324663.474,4141630.2526000002,812,193
28,SOL,spot,hyperliquid,@156,117.91499999999999,0.8481044864727671,151145.25394999998,156168.22540999998,273047.8219,378964.22448,836,197
28,SOL,crypto,lighter,2,117.949,0.339135374363142,1107643.144083,1662285.508452,2803883.140673,4733749.094416,,240
28,AVAX,crypto,hyperliquid,AVAX,10.497,1.9054878048763157,89209.01374,67114.93153,214815.34055999998,177079.5758,416,208
28,BNB,crypto,hyperliquid,BNB,759.535,0.1316603689116569,150500.66296,58772.207930000004,150500.66296,58772.207930000004,427,190
28,OP,crypto,hyperliquid,OP,0.130775,0.7647013841105554,10779.885847000001,25586.88068,62160.842606,73119.26063399999,488,228
28,LTC,crypto,hyperliquid,LTC,68.2085,0.7330733366561759,41709.889520000004,39376.807870000004,41709.889520000004,39376.807870000004,492,185
28,ARB,crypto,hyperliquid,ARB,0.19853500000000002,1.5111827523672794,147800.093939,31438.950823,187528.227639,57660.358178999995,609,191
28,DOGE,crypto,hyperliquid,DOGE,0.09346,0.8560178051708611,134639.392368,194797.707755,134639.392368,194797.707755,610,182
28,SUI,crypto,hyperliquid,SUI,1.12605,0.8880994671423004,133114.16627,108157.67572,278279.15693,276550.65013,677,187
28,CRV,crypto,hyperliquid,CRV,0.390245,4.869921824939283,6137.073981,22238.276211,34095.336336,33815.405561,682,189
28,LDO,crypto,hyperliquid,LDO,0.438485,3.4214548025812697,10901.395556,36927.292938,10901.395556,47095.527456,295,200
28,LINK,crypto,hyperliquid,LINK,14.795,1.3518994186823008,130419.3797,115277.9894,183692.6118,175880.5667,298,201
28,XRP,crypto,hyperliquid,XRP,1.49165,0.6704210244024011,1158273.5511,883713.8591,2196020.9343,1575095.5038,403,240
28,XRP,crypto,lighter,7,1.4909465,1.93855387905284,280364.998677,576273.2437689999,7407481.396085,6796178.940256,,213
28,BCH,crypto,hyperliquid,BCH,306.96500000000003,0.9773578758776047,43891.97333,67289.75685,43891.97333,71228.0672,494,197
28,APT,crypto,hyperliquid,APT,0.82745,1.2086052695181593,13510.236827,2731.268393,106713.46977699999,69847.566911,498,198
28,AAVE,crypto,hyperliquid,AAVE,149.51999999999998,1.3377031636685466,67688.5851,76401.9279,117780.0891,125319.1824,579,197
28,WLD,crypto,hyperliquid,WLD,0.48009,1.2498437695285247,29512.091523,83911.138581,29512.091523,83911.138581,590,186
28,WLD,crypto,lighter,6,0.480295,1.874023945860337,45211.292644,114904.525614,1019394.090372,888305.419214,,246
28,TRX,crypto,hyperliquid,TRX,0.33430499999999996,0.2991325157042368,41519.065480000005,56157.52735,41519.065480000005,56157.52735,688,189
28,UNI,crypto,hyperliquid,UNI,8.62575,0.11593261996178938,12241.35835,49857.106009999996,12241.35835,49857.106009999996,775,195
28,SEI,crypto,hyperliquid,SEI,0.0747845,3.6110256650312422,17019.766633,25951.393033,30436.883209,42077.283535,779,188
28,ZRO,crypto,hyperliquid,ZRO,1.5415,1.2975217334898481,9418.49089,12441.76687,26696.364419999998,27753.68378,323,186
28,DOT,crypto,hyperliquid,DOT,1.1657,1.7158544955386823,49828.83959,40357.7661,103444.5394,69967.56519000001,391,200
28,TIA,crypto,hyperliquid,TIA,0.432985,2.078809996766129,27900.154816,2492.524929,48487.544789,6696.629126,414,189
28,ADA,crypto,hyperliquid,ADA,0.24410500000000002,2.048508685676964,82021.61051,129313.4623,117850.97537,129313.4623,422,194
28,PENDLE,crypto,hyperliquid,PENDLE,2.3389499999999996,2.137939881130535,10202.2882,3264.8977,22393.666,31610.5453,514,189
28,NEAR,crypto,hyperliquid,NEAR,4.6956500000000005,0.212965329244863,52960.66172,11413.66409,52960.66172,11413.66409,573,181
28,NEAR,crypto,lighter,10,4.7006250000000005,4.2343758976781665,41110.884916999996,66245.533926,674309.078737,1573904.8887439999,,60
28,PYTH,crypto,hyperliquid,PYTH,0.08125299999999999,6.401812205303337,1008.216335,3050.282674,26617.596588,18618.857107,618,195
28,JUP,crypto,hyperliquid,JUP,0.32494999999999996,1.8466083959123303,4240.8516,6417.46297,17311.95354,16668.90681,659,182
28,JTO,crypto,hyperliquid,JTO,0.54646,0.7320108337594,14608.57499,4761.51067,31259.39385,16500.8861,702,187
28,WIF,crypto,hyperliquid,WIF,0.23292000000000002,2.576323586240825,6970.3765,7292.22012,77774.03715999999,60442.254030000004,775,201
28,ONDO,crypto,hyperliquid,ONDO,0.5168699999999999,2.7089783281719626,30082.08221,73155.23119,30383.11426,73155.23119,818,199
28,STRK,crypto,hyperliquid,STRK,0.041514999999999996,2.4090580582991628,5154.410492999999,1269.559292,82015.875455,93232.565749,309,198
28,TAO,crypto,hyperliquid,TAO,303.4,1.9777829053624352,41886.80476,85370.63833999999,51680.79478,85370.63833999999,387,233
28,ETHFI,crypto,hyperliquid,ETHFI,0.689235,4.789063520398429,5405.034673,4578.602495,26872.99444,15923.449291,428,200
28,ENA,crypto,hyperliquid,ENA,0.25273999999999996,1.5827793605560636,46645.537950000005,78627.23567,48659.939170000005,106531.28174,499,229
28,ENA,crypto,lighter,29,0.252795,2.769425542017423,102932.47696100001,127271.34517,1373417.413534,1159377.748962,,52
28,HBAR,crypto,hyperliquid,HBAR,0.12035,1.6619577862719837,16195.54667,13288.89603,80260.18611,189819.73983,551,186
28,EIGEN,crypto,hyperliquid,EIGEN,0.25225,3.9651070578927694,2392.212677,1943.541558,37570.033348000004,38625.346735,578,190
28,GRASS,crypto,hyperliquid,GRASS,0.68744,11.061624894477262,3105.073441,4157.052576,10410.231352,25591.817574,627,197
28,PURR,crypto,hyperliquid,PURR,0.139855,6.437307774838086,337.14378,93.89967,859.5307799999999,1592.82214,687,186
28,PURR,spot,hyperliquid,PURR/USDC,0.13952,8.604617811558413,362.85970999999995,8700.25773,2077.28334,48201.73443,734,181
28,XLM,crypto,hyperliquid,XLM,0.228125,2.1920210434012155,31927.46312,29640.72921,72438.81211,37812.46227,828,249
28,HYPE,crypto,hyperliquid,HYPE,87.4305,0.11437721605833673,133662.08444,78172.05488,133662.08444,78172.05488,387,270
28,HYPE,spot,hyperliquid,@107,87.4725,0.11432229742203148,179598.43420000002,92082.81779,179598.43420000002,92082.81779,373,196
28,HYPE,crypto,lighter,24,87.4417,1.5554429638497957,1014547.274977,977837.871967,2374510.439431,2393803.179229,,231
28,VIRTUAL,crypto,hyperliquid,VIRTUAL,0.80941,1.729804532089041,11275.237699000001,11103.33028,14300.816704,28508.378275000003,502,184
28,PENGU,crypto,hyperliquid,PENGU,0.0092375,1.082602576594205,18435.677331,34219.170832,52426.647904,168573.880478,566,192
28,FARTCOIN,crypto,hyperliquid,FARTCOIN,0.165765,1.8099547511307712,9812.344147,31437.565349,28905.631261,55894.366351,584,196
28,SPX,crypto,hyperliquid,SPX,0.40725500000000003,2.210161832960633,4351.826069,2632.318019,15770.308179,9638.495566,641,183
28,MORPHO,crypto,hyperliquid,MORPHO,2.4473000000000003,3.2694429686563886,9683.0355,2898.79582,12766.71088,6776.01384,698,194
28,TRUMP,crypto,hyperliquid,TRUMP,1.96535,1.526562181966007,54267.04208,32477.54122,114817.13176999999,76445.91217,759,192
28,VVV,crypto,hyperliquid,VVV,27.4105,0.36483035388501506,8571.476130000001,3099.17497,15247.069080000001,8320.48031,779,193
28,PAXG,crypto,hyperliquid,PAXG,4141.25,0.24147590070633385,179858.481,246704.6616,179858.481,246704.6616,832,189
28,SYRUP,crypto,hyperliquid,SYRUP,0.225505,6.653950228452388,2857.41214,973.92021,18440.64905,17730.13972,368,228
28,PUMP,crypto,hyperliquid,PUMP,0.0048874999999999995,2.046245140168157,21400.357007,27078.735113,297395.642314,429794.756733,389,187
28,PUMP,crypto,lighter,45,0.004887,4.093327875562824,60417.90008099999,57733.727985000005,981076.2393819999,928541.966397,,210
28,XPL,crypto,hyperliquid,XPL,0.097579,0.2049642337409452,5018.163737,6364.292368,5018.163737,6364.292368,471,196
28,SKY,crypto,hyperliquid,SKY,0.0782225,4.7312157945889055,4722.231425,6773.89657,15960.777505,14575.565508,561,192
28,ASTER,crypto,hyperliquid,ASTER,0.707715,0.14130081530616678,491651.62016,21715.85993,501094.86478,21715.85993,587,196
28,ZEC,crypto,hyperliquid,ZEC,1387.15,0.7209285559817147,636349.96,1163697.956,1259910.895,1778593.431,640,207
28,ZEC,crypto,lighter,90,1388.6954999999998,1.1162177071022406,477738.04913,689121.742123,3492661.695957,4027319.499572,,218
28,MON,crypto,hyperliquid,MON,0.0276155,0.36212203512686614,7726.78136,16254.31494,7726.78136,16254.31494,753,191
28,CC,crypto,hyperliquid,CC,0.13359500000000002,2.245845186406026,9036.624600000001,7129.2898399999995,35416.75584,33385.75173,772,184
28,ICP,crypto,hyperliquid,ICP,3.2790999999999997,4.270375793069547,8422.38596,5644.67893,43504.60401,16498.02347,319,187
28,AERO,crypto,hyperliquid,AERO,0.827495,1.5711298840992427,5632.37341,2718.11043,5632.37341,2718.11043,371,188
28,LIT,crypto,hyperliquid,LIT,4.36795,0.22894297030839894,21302.9758,20316.093399999998,21302.9758,20316.093399999998,440,195
28,LIT,crypto,lighter,120,4.36875,2.060298056454357,19820.947998,35101.310315999996,322486.923909,396496.69132,,211
28,XMR,crypto,hyperliquid,XMR,541.73,0.7384024662626665,35761.57366,44273.03428,44949.77078,50301.56104,513,192
28,DASH,crypto,hyperliquid,DASH,60.1455,7.15188610205475,2276.5803,45838.842,10224.33525,189635.06059,560,188
28,SKR,crypto,hyperliquid,SKR,0.018374500000000002,1.6328307843038736,32727.39844,313.990096,50554.645919,10156.972494,662,220
28,AZTEC,crypto,hyperliquid,AZTEC,0.018539,10.793890657887495,2481.1910399999997,45.770679,38934.095569,15596.58548,670,193
28,CHIP,crypto,hyperliquid,CHIP,0.04295,3.7259559405722342,4526.338411,783.793803,14119.100203,16211.84667,708,193
28,GRAM,crypto,hyperliquid,GRAM,1.56845,0.6375924509050002,22160.8259,14630.4954,36605.8647,30535.533,745,184
28,CASHCAT,crypto,hyperliquid,CASHCAT,0.173795,0.5754071005248385,135.5332,2364.6703,4611.739,8810.62191,385,224
28,PONS,crypto,hyperliquid,PONS,0.53461,2.2448788700768496,7530.27704,11832.03835,21449.03293,30395.97423,421,252
28,USELESS,crypto,hyperliquid,USELESS,0.23406,1.7091095539223389,3763.82226,4695.89914,8812.180690000001,6230.62763,427,220
28,US100,indices,hyperliquid,xyz:XYZ100,30170.5,0.33145508783638533,3577936.8204,3206746.7025,3577936.8204,3206746.7025,433,188
28,US100,indices,lighter,181,30172.0,1.3258203513433209,860369.5394669999,974762.933924,8903984.891634,8809047.048505,,218
28,TSLA,stocks,hyperliquid,xyz:TSLA,356.96500000000003,0.8404538450768051,298098.4053,139279.04461,298098.4053,139279.04461,614,192
28,TSLA,stocks,lighter,112,357.03,0.5601927062914847,223013.85623499998,301851.781197,971782.8410199999,984523.811045,,79
28,NVDA,stocks,hyperliquid,xyz:NVDA,228.39499999999998,0.4378475414879013,617755.52817,738484.76572,617755.52817,738484.76572,641,206
28,NVDA,stocks,lighter,110,228.486,0.2626015939921622,751489.1271330001,711628.136544,1376308.794617,1421391.559558,,221
28,XAU,commodities,hyperliquid,xyz:GOLD,4132.65,0.24197841552497934,1079695.96112,1675122.3189700001,1079695.96112,1675122.3189700001,796,189
28,XAU,commodities,lighter,92,4134.225,0.024188359593058095,731854.313992,1277004.2871639999,3850668.173201,2018290.123527,,62
28,HOOD,stocks,hyperliquid,xyz:HOOD,115.69999999999999,1.7287578874580767,166457.41185,135120.46491,295140.26883,290332.56925,298,194
28,INTC,stocks,hyperliquid,xyz:INTC,114.16499999999999,0.8759635599164817,216742.7918,816330.6340000001,565726.0897,1200452.2919,382,241
28,PLTR,stocks,hyperliquid,xyz:PLTR,186.49,1.0725010725010087,103529.11558,123308.65922,115476.75979,124920.72738,378,183
28,COIN,stocks,hyperliquid,xyz:COIN,191.89,2.0847448793448464,75785.72624,126071.47988,81930.89334,166875.19382,477,218
28,META,stocks,hyperliquid,xyz:META,713.045,0.14024458655947925,133622.20639,179572.89592,133622.20639,179572.89592,487,188
28,META,stocks,lighter,117,713.535,0.1401482768770279,291628.601665,259955.623628,883778.255579,827282.04528,,59
28,AAPL,stocks,hyperliquid,xyz:AAPL,337.595,0.29621730501583343,155297.55546,210735.34152000002,155297.55546,210735.34152000002,577,194
28,AAPL,stocks,lighter,113,337.58050000000003,0.7998412167053992,190330.38554400002,281474.393072,1157371.208869,933770.329139,,236
28,MSFT,stocks,hyperliquid,xyz:MSFT,507.21500000000003,0.5914826498432113,196078.92426,118590.54188,196078.92426,118590.54188,685,207
28,MSFT,stocks,lighter,115,507.6,1.5761683347781386,78086.035101,124467.119436,726317.4423880001,568500.982029,,47
28,ORCL,stocks,hyperliquid,xyz:ORCL,132.66,1.5077271013930194,216349.91175,84285.35351,356584.29327,154239.92549,725,187
28,GOOGL,stocks,hyperliquid,xyz:GOOGL,341.94,0.5849150410908166,184205.60451,170919.41718000002,184205.60451,170919.41718000002,765,186
28,GOOGL,stocks,lighter,116,342.07000000000005,1.7541807975685053,132038.287125,134657.76582200002,1087424.519878,852506.296982,,57
28,AMZN,stocks,hyperliquid,xyz:AMZN,246.01,0.8130081300827818,117348.8344,184418.31726,117348.8344,184418.31726,358,213
28,AMZN,stocks,lighter,114,246.038,0.24386774239548714,245919.29039399998,293013.726444,886730.8530870001,812142.980207,,211
28,AMD,stocks,hyperliquid,xyz:AMD,605.655,1.1558402958966596,55740.34664,49172.80203,55740.34664,49172.80203,381,186
28,MU,stocks,hyperliquid,xyz:MU,1051.95,0.9506607091913644,763262.5731,1007056.7607,1492968.4719,1870758.5016,413,187
28,SNDK,stocks,hyperliquid,xyz:SNDK,1699.35,0.5884776084275067,837689.2107,1423635.0968,1048402.67,1766455.3346,557,198
28,SNDK,stocks,hyperliquid,io:SNDK,1699.55,0.5884083553975294,71577.35077,86198.23313,84156.51449,96778.2422,607,224
28,SNDK,stocks,lighter,139,1699.21,0.4708181053092453,685303.796597,462900.433703,2954195.617037,2665738.635106,,229
28,MSTR,stocks,hyperliquid,xyz:MSTR,156.39499999999998,0.6394270733434126,232481.65019000001,319180.80493,274020.82753,502848.0713,651,237
28,CRCL,stocks,hyperliquid,xyz:CRCL,85.342,1.8749853516752957,47628.206697,105901.070522,47628.206697,105901.070522,749,191
28,NFLX,stocks,hyperliquid,xyz:NFLX,69.28550000000001,2.1651895262575493,13704.76863,18905.303957,13704.76863,20023.914575,794,185
28,LLY,stocks,hyperliquid,xyz:LLY,1186.5500000000002,2.5286581254202467,32834.503600000004,9910.78793,135752.70226999998,41050.00221,816,188
28,SKHX,stocks,hyperliquid,xyz:SKHX,1291.8000000000002,1.5483471394284187,884805.7627000001,1067947.2435,1581131.3519000001,1662155.8801,333,209
28,TSM,stocks,hyperliquid,xyz:TSM,447.58500000000004,1.564071053512528,41593.80524,62817.95661,41593.80524,62817.95661,409,187
28,USDJPY,fx,hyperliquid,xyz:JPY,157.35500000000002,0.6355258976808997,800228.9301,803730.6387,885611.3293,886584.5806,505,237
28,USDJPY,fx,lighter,98,157.273,2.925278219394478,33985.029509,51110.72144,1159167.173028,2603993.312497,,49
28,EURUSD,fx,hyperliquid,xyz:EUR,1.1367500000000001,2.639450994192938,388816.56606000004,98733.54964,669180.05487,371101.15963,522,188
28,EURUSD,fx,lighter,96,1.137165,1.6709613304355386,62751.442712,27010.635093,2035156.426429,2243297.774125,,47
28,XAG,commodities,hyperliquid,xyz:SILVER,60.539500000000004,0.16518277474064647,480627.47973,1305400.16261,480627.47973,1305400.16261,576,186
28,XAG,commodities,lighter,93,60.568250000000006,0.6769452268762244,972290.536287,1425581.67884,3042003.43073,2853479.64478,,50
28,BABA,stocks,hyperliquid,xyz:BABA,107.69999999999999,1.857182653912659,77136.32482,80194.04658,197469.66428,148455.35297,652,191
28,WTI,commodities,hyperliquid,xyz:CL,94.102,0.42507970244409776,306212.883443,1137663.48282,306212.883443,1137663.48282,700,193
28,WTI,commodities,lighter,145,94.074,0.8504305304568582,457661.279268,429743.213734,1981458.6968,948449.118717,,55
28,COPPER,commodities,hyperliquid,xyz:COPPER,6.6094,1.5131111077471004,34054.105837,57933.512519,34054.105837,57933.512519,807,230
28,NATGAS,commodities,hyperliquid,xyz:NATGAS,3.1325,1.277016888547866,96069.66687,85875.61348,96069.66687,85875.61348,810,230
28,SMSN,stocks,hyperliquid,xyz:SMSN,199.33499999999998,1.505117399156486,192851.31305,126072.01272,195775.33797,127147.33378,314,215
28,XPT,commodities,hyperliquid,xyz:PLATINUM,1700.65,1.7641870038231922,42121.2206,45639.58931,103309.18705,46926.690350000004,336,188
28,USAR,stocks,hyperliquid,xyz:USAR,14.4305,2.0791461639757536,16496.01884,2168.74637,41038.24409,14280.12261,446,192
28,CRWV,stocks,hyperliquid,xyz:CRWV,84.3095,1.7793172166724602,76076.84014,57613.92194,93623.61447,74713.29406,476,218
28,GME,stocks,hyperliquid,xyz:GME,23.9135,2.0910877838642428,14572.0296,22634.95738,22495.59925,36041.12824,505,190
28,SOFTBANK,stocks,hyperliquid,xyz:SOFTBANK,38.224000000000004,9.422603779509764,38.206,9436.960562,224156.312124,208168.95474299998,523,186
28,JP225,indices,hyperliquid,xyz:JP225,65182.0,5.8315301628231175,23554.89193,351696.17851,33789.90741,359115.75364,639,192
28,KIOXIA,stocks,hyperliquid,xyz:KIOXIA,112.155,8.027829810008935,113.31022,99.66054,322.70217,150339.49554,693,216
28,EWY,stocks,hyperliquid,xyz:EWY,183.72500000000002,1.633008546078063,363257.31597,254268.79793,415835.68526,318690.04935,695,189
28,BRENTOIL,commodities,hyperliquid,xyz:BRENTOIL,99.652,0.40140491720963567,274160.61242,216285.16667,274160.61242,216285.16667,714,190
28,BRENTOIL,commodities,lighter,159,99.6,2.0082337584081955,1075085.030112,532352.748985,2035337.886435,1654252.175002,,230
28,HIMS,stocks,hyperliquid,xyz:HIMS,28.678,8.372287727622663,6925.4746000000005,11881.8238,33704.59722,21760.0513,400,240
28,US500,indices,hyperliquid,xyz:SP500,7666.75,0.13043421550396062,1562955.3368,2106142.0061999997,1562955.3368,2106142.0061999997,413,250
28,US500,indices,hyperliquid,mkts:US500,763.895,0.1309089004952746,40043.01229,55295.58199,40043.01229,55295.58199,381,200
28,US500,indices,lighter,180,7668.450000000001,0.9128728107343775,811064.319795,1116472.619212,13825056.026527999,13755763.949124,,47
28,LITE,stocks,hyperliquid,xyz:LITE,914.28,1.5313768171432152,61889.70643,77791.06842,61889.70643,77791.06842,568,186
28,PURRDAT,stocks,hyperliquid,xyz:PURRDAT,12.052,9.961813049974566,1481.5819999999999,1495.45,7513.987,39700.361000000004,572,186
28,MRVL,stocks,hyperliquid,xyz:MRVL,250.265,1.1988011988006697,102667.7124,168764.5528,102667.7124,168764.5528,629,228
28,RKLB,stocks,hyperliquid,xyz:RKLB,71.797,2.786019752878399,87903.57392,68630.28946,92326.13742,68630.28946,627,213
28,DRAM,stocks,hyperliquid,xyz:DRAM,60.0045,0.16665555629735707,110263.52119999999,98177.9103,110263.52119999999,98177.9103,804,235
28,CBRS,stocks,hyperliquid,xyz:CBRS,197.055,1.522533495736944,54871.8128,72081.7847,92768.5267,157988.2377,278,253
28,ARM,stocks,hyperliquid,xyz:ARM,281.95500000000004,2.4829738933029866,56820.1184,58262.003800000006,121718.1463,105025.9034,288,208
28,GBPUSD,fx,hyperliquid,xyz:GBP,1.32435,5.287009063443815,138673.0474,164529.6514,395276.339,332316.7447,274,191
28,GBPUSD,fx,lighter,97,1.324285,1.5858871150453702,38100.297986000005,18732.659198,2510441.122903,2292033.95447,,214
28,SPCX,stocks,hyperliquid,xyz:SPCX,145.915,0.6853539853324264,1357237.4117,1381669.8247,2030214.4314,1954287.4078,474,199
28,SPCX,stocks,lighter,194,145.945,0.6852131012746732,859008.115018,897228.382585,1167809.630327,1188572.026278,,248
28,MINIMAX,stocks,hyperliquid,xyz:MINIMAX,31.372,4.463574047506302,14566.74242,8956.38078,27316.00549,23819.39777,468,178
28,BB,stocks,hyperliquid,xyz:BB,8.70885,0.11482638250903676,1452.86076,7649.10427,11456.83634,58302.886790000004,908,439
28,QNT,stocks,hyperliquid,xyz:QNT,48.987,12.664433368738681,2067.37332,109.81824,4070.65628,977.4006,826,353
28,DELL,stocks,hyperliquid,xyz:DELL,539.9449999999999,2.037452073571089,23146.8866,39843.052,23146.8866,39843.052,705,230
28,AVGO,stocks,hyperliquid,xyz:AVGO,348.6,2.29515721826834,152185.3966,87014.8377,168071.3879,98642.1779,823,295
28,NBIS,stocks,hyperliquid,xyz:NBIS,229.8,1.7407955435633227,65883.479,150435.3834,75942.72260000001,197969.7223,349,205
28,NBIS,stocks,hyperliquid,io:NBIS,229.94,1.7397355601955766,12109.5329,15080.5085,18683.7589,26916.431099999998,451,189
28,WDC,stocks,hyperliquid,xyz:WDC,450.96000000000004,0.8870359693080587,18069.373939999998,13583.3918,43016.48816,25581.54017,453,188
28,BE,stocks,hyperliquid,xyz:BE,261.51,1.5296952082288762,17966.8814,39097.493800000004,21164.1092,64651.0394,542,195
28,ZHIPU,stocks,hyperliquid,xyz:ZHIPU,78.776,3.808991759881586,33944.658792,25262.431259999998,44698.754656,42874.407378,540,189
28,QCOM,stocks,hyperliquid,xyz:QCOM,187.20499999999998,3.739915584763942,8091.7591,12141.6983,72504.1818,27566.7956,643,191
28,STRC,stocks,hyperliquid,xyz:STRC,99.06450000000001,4.543526988549651,2168.3725,2646.7015,136285.7219,88299.614,646,192
28,AMAT,stocks,hyperliquid,xyz:AMAT,481.31500000000005,3.948298075724388,15823.67186,26267.42958,29261.15179,35018.36685,792,251
28,SKHY,stocks,hyperliquid,xyz:SKHY,182.26,1.0973936899860703,560379.0329,634237.7387999999,678633.7930000001,756969.584,738,195
28,CXMT,stocks,hyperliquid,xyz:CXMT,8.245249999999999,3.0325084910232114,23537.82956,34833.56806,89302.63087,47907.75366,831,187
28,KORU,stocks,hyperliquid,xyz:KORU,20.3795,1.4721758759450587,92895.0126,29119.5799,169581.1926,113643.1264,836,189
28,UNITREE,stocks,hyperliquid,xyz:UNITREE,68.00450000000001,0.14705017351790417,24187.80766,15288.03633,24187.80766,15288.03633,928,189
28,SOXL,stocks,hyperliquid,xyz:SOXL,139.175,0.7185456635783183,219479.3579,299881.6371,405801.6,458643.982,436,245
28,IREN,stocks,hyperliquid,xyz:IREN,41.5025,2.1687792182767396,16629.065,16894.6947,59623.058699999994,21893.039399999998,446,216
28,AAOI,stocks,hyperliquid,xyz:AAOI,95.53800000000001,0.8373982037812588,6402.07538,13398.052329999999,9773.66848,20103.5208,444,210
28,MRNA,stocks,hyperliquid,xyz:MRNA,195.17,3.074715588808896,61115.474500000004,30241.3638,203420.6682,178706.1993,552,225
28,BMNR,stocks,hyperliquid,xyz:BMNR,26.878,3.7212071596015583,862.80367,17949.93737,7111.5700400000005,111465.56809,622,185
28,US10Y,rates,hyperliquid,para:10Y,5.25315,7.807887871114083,5988.86733,47959.02615,97222.20668999999,179649.86714999998,629,184
28,US10Y,rates,lighter,227,95.205,3.151591553733901,30000.337413,3520.864242,1122672.28391,972596.2606,,47
28,30Y,unclassified,hyperliquid,para:30Y,5.5555,1.8001800180034166,36498.18198,11998.79819,76236.56676,75259.39007,685,189
28,2Y,unclassified,hyperliquid,para:2Y,4.9249,143.15221170167146,0,0,64052.96662,82471.94327,735,182
28,USTECH,indices,hyperliquid,mkts:USTECH,733.56,0.5453008697564599,28742.79441,19156.90818,28742.79441,19156.90818,360,187
28,OAI,preipo,hyperliquid,io:OAI,1626.65,3.0742744712242143,3115.1292000000003,61155.7064,16543.5342,69849.6506,358,178
28,ANTH,preipo,hyperliquid,io:ANTH,2055.8500000000004,0.48642864091785754,6712.509999999999,12414.1701,9517.273599999999,15678.349699999999,425,189
29,BTC,crypto,hyperliquid,BTC,83239.5,0.12013599394622432,1659671.7121599999,7887589.83834,1659671.7121599999,7887589.83834,502,187
29,BTC,spot,hyperliquid,@142,83247.5,0.12012444893017005,486613.4409,518468.9136,486613.4409,518468.9136,510,193
29,BTC,crypto,lighter,1,83241.55,0.30033529432316186,2262108.4242289998,3103281.289365,2262108.4242289998,3103281.289365,,57
29,ETH,crypto,hyperliquid,ETH,2672.3500000000004,0.37420948246769115,8467628.06045,8497653.77567,8467628.06045,8497653.77567,513,197
29,ETH,spot,hyperliquid,@151,2670.6499999999996,0.3744476896572202,403400.42525000003,442878.42624,403400.42525000003,442878.42624,579,205
29,ETH,crypto,lighter,0,2670.815,0.48675465693204245,4917194.27513,4076650.7716099997,4917194.27513,4076650.7716099997,,212
29,SOL,crypto,hyperliquid,SOL,117.945,0.8478887569962623,2343157.0285,2772147.6109,4350003.0976,4948679.6492,706,195
29,SOL,spot,hyperliquid,@156,117.92500000000001,0.8480325644510955,163197.64251,232878.50391,277223.82215,405182.99823,704,190
29,SOL,crypto,lighter,2,117.90950000000001,0.0848111679330188,1100063.896009,995902.648798,4360224.691637,1866911.999118,,210
29,AVAX,crypto,hyperliquid,AVAX,10.4875,0.9535615523970087,74648.17208,43901.6663,287332.8044,158791.05223,902,197
29,BNB,crypto,hyperliquid,BNB,759.715,0.13162917428921617,88899.61183,82448.89934,88899.61183,82448.89934,899,192
29,OP,crypto,hyperliquid,OP,0.13062,3.062787136294265,18237.641392999998,31489.654868999998,92101.36894700001,71340.539995,905,188
29,LTC,crypto,hyperliquid,LTC,68.14,0.5870439402366756,56032.306809999995,38330.15122,56032.306809999995,38330.15122,475,247
29,ARB,crypto,hyperliquid,ARB,0.19833,1.0084711577240668,118354.59827700001,41787.172402,179717.020951,64453.171474999996,565,228
29,DOGE,crypto,hyperliquid,DOGE,0.0934265,0.1070365851041366,151571.71741,154177.766764,151571.71741,154177.766764,539,198
29,SUI,crypto,hyperliquid,SUI,1.12405,0.8896797153012947,76880.60667,77713.55195000001,238189.60505,216398.80405,563,219
29,CRV,crypto,hyperliquid,CRV,0.390385,3.8430990750937255,6305.984305,17998.978292,33413.534372999995,43359.048344,608,191
29,LDO,crypto,hyperliquid,LDO,0.43742000000000003,3.201097519149876,27887.730883999997,15904.754586,31134.801723999997,26679.216816999997,668,187
29,LINK,crypto,hyperliquid,LINK,14.773499999999999,0.6769105801129882,113359.6174,132918.9205,181802.0677,186894.2252,757,193
29,XRP,crypto,hyperliquid,XRP,1.49065,0.6708707902847166,1431752.5641,943322.5817,2191772.7956,1418734.2992,700,193
29,XRP,crypto,lighter,7,1.489891,2.2554528593587975,556950.56222,320462.234416,7659744.123414,6990558.728436,,51
29,BCH,crypto,hyperliquid,BCH,306.78999999999996,1.3039084656263356,45419.4154,32727.15331,45419.4154,32727.15331,309,186
29,APT,crypto,hyperliquid,APT,0.8271,4.837344297980994,24738.975103999997,3502.135182,109153.51306099999,82500.33871899999,312,181
29,AAVE,crypto,hyperliquid,AAVE,149.505,2.006823198876795,66704.99209999999,104524.2421,119552.4101,132098.8045,357,197
29,WLD,crypto,hyperliquid,WLD,0.47840499999999997,0.2090301003354611,22437.135705,49481.950307,22437.135705,49481.950307,379,216
29,WLD,crypto,lighter,6,0.478375,1.881546212867402,100991.91669,44089.31972100001,1047444.777041,810566.921171,,215
29,TRX,crypto,hyperliquid,TRX,0.33430499999999996,0.2991325157042368,40572.83068,56571.71744,40572.83068,56571.71744,508,194
29,UNI,crypto,hyperliquid,UNI,8.60985,0.5807470730334607,5323.29628,30523.6949,5323.29628,30523.6949,548,190
29,SEI,crypto,hyperliquid,SEI,0.0747,4.5525755526698575,21947.728272,10619.858814,32950.578221,16448.138132,566,185
29,ZRO,crypto,hyperliquid,ZRO,1.5406499999999999,1.9474196689395207,2926.50885,12956.64501,22146.73839,31092.25172,697,188
29,DOT,crypto,hyperliquid,DOT,1.1649,1.7170329670324058,60393.380280000005,34392.95923,109601.67855,75894.75806,751,225
29,TIA,crypto,hyperliquid,TIA,0.4326,2.7743098904142727,6726.849714,1616.183279,59604.875938,19432.503543000003,745,195
29,ADA,crypto,hyperliquid,ADA,0.243815,1.2305168170634317,111360.4148,121286.22837,111360.4148,121286.22837,755,188
29,PENDLE,crypto,hyperliquid,PENDLE,2.3379,1.7110835436540128,11246.1016,27834.684800000003,15388.1551,38989.667,885,187
29,NEAR,crypto,hyperliquid,NEAR,4.68375,0.6405329233927226,22811.66689,28478.64041,22811.66689,28478.64041,395,251
29,NEAR,crypto,lighter,10,4.688455,5.098927731765901,11098.058566,52400.439763,1330966.747676,1197857.406261,,217
29,PYTH,crypto,hyperliquid,PYTH,0.08112549999999999,4.561875053941122,628.5925090000001,2517.623795,24140.86678,18447.732399,386,232
29,JUP,crypto,hyperliquid,JUP,0.32426999999999995,1.8504811250918962,11404.63501,5433.64195,12958.82885,16067.00714,474,190
29,JTO,crypto,hyperliquid,JTO,0.5450349999999999,0.18347613892633063,19223.54791,7128.37387,56971.91929,10318.6067,605,237
29,WIF,crypto,hyperliquid,WIF,0.232545,0.43003354261772486,24553.6342,12912.37564,72032.76261,57458.49226,583,196
29,ONDO,crypto,hyperliquid,ONDO,0.5162249999999999,1.7435778216912112,28781.19581,66530.98908,28781.19581,66530.98908,579,183
29,STRK,crypto,hyperliquid,STRK,0.041575,2.4055809477974144,4404.661759,3400.598049,64805.743028000004,99803.083948,665,190
29,TAO,crypto,hyperliquid,TAO,302.895,0.33015286077464623,28722.96262,64717.89633,28722.96262,64824.92946,773,193
29,ETHFI,crypto,hyperliquid,ETHFI,0.6872400000000001,1.7462673535328932,8532.587081,3704.982805,43195.739581,4469.709425,768,184
29,ENA,crypto,hyperliquid,ENA,0.25227,1.5857284440046193,45690.99935,68804.75562,45840.9453,82593.05604,790,184
29,ENA,crypto,lighter,29,0.252315,2.774694783573839,110961.388712,123588.091338,1376025.72719,1164144.901531,,43
29,HBAR,crypto,hyperliquid,HBAR,0.120395,2.492108323641773,10834.43651,29596.86532,52994.38931,220109.39179000002,891,181
29,EIGEN,crypto,hyperliquid,EIGEN,0.25195,3.9698292973389115,1385.177454,3284.412527,46097.832772999995,30354.486136,338,186
29,GRASS,crypto,hyperliquid,GRASS,0.692715,2.165627165626738,2600.3554470000004,24326.627026,19815.198108,39503.340411,342,185
29,PURR,crypto,hyperliquid,PURR,0.13987,5.721232925695041,372.79911000000004,79.63134000000001,986.40295,2882.00332,359,185
29,PURR,spot,hyperliquid,PURR/USDC,0.139535,7.886435331230235,437.39583,8613.54054,2009.55785,48229.21064,468,193
29,XLM,crypto,hyperliquid,XLM,0.22786499999999998,1.3166556945365393,83960.7595,28660.552200000002,116307.13176,35782.59954,533,194
29,HYPE,crypto,hyperliquid,HYPE,87.4135,0.11439946003610757,114141.78875,147521.01829,114141.78875,147521.01829,537,193
29,HYPE,spot,hyperliquid,@107,87.4675,0.11432883258777338,145309.83408,112355.72987,145309.83408,112355.72987,554,194
29,HYPE,crypto,lighter,24,87.40545,1.0869478162067736,714971.345091,357470.756506,2491843.12815,2315548.562168,,214
29,VIRTUAL,crypto,hyperliquid,VIRTUAL,0.80739,0.7431629013088248,16874.765182,9460.405646,17273.523502,27577.378905,728,193
29,PENGU,crypto,hyperliquid,PENGU,0.009222999999999999,2.1687269572767676,22479.202796,37801.433445,64229.932089,93097.122781,724,186
29,FARTCOIN,crypto,hyperliquid,FARTCOIN,0.16549,2.4173566205343278,16730.628732,25562.369964999998,39732.090276,40824.850977,738,183
29,SPX,crypto,hyperliquid,SPX,0.407105,2.210976268854914,3777.3157260000003,4031.25519,13713.550188,18798.301004,871,187
29,MORPHO,crypto,hyperliquid,MORPHO,2.44475,3.682035756658042,4392.33539,3678.84884,15287.24314,13951.094509999999,922,197
29,TRUMP,crypto,hyperliquid,TRUMP,1.9646,1.018070755918199,55876.35219,24870.5793,112186.80632999999,52879.13673,939,210
29,VVV,crypto,hyperliquid,VVV,27.3945,1.0951702989814294,9596.06143,5804.64355,12927.7132,25654.00011,926,186
29,PAXG,crypto,hyperliquid,PAXG,4141.25,0.24147590070633385,251264.9859,362466.6185,251264.9859,362466.6185,433,179
29,SYRUP,crypto,hyperliquid,SYRUP,0.22522999999999999,15.99644523439192,2288.55474,891.3530000000001,24029.08394,14097.24664,778,473
29,PUMP,crypto,hyperliquid,PUMP,0.0048725,2.0525451559927355,30182.597545,25962.395923,343385.838369,306387.263568,513,203
29,PUMP,crypto,lighter,45,0.004871,4.1067761806967695,109263.409199,77087.129936,1064005.340044,1050727.033437,,55
29,XPL,crypto,hyperliquid,XPL,0.09729499999999999,2.4670291828998714,8665.913921,4018.096232,8665.913921,4018.096232,804,425
29,SKY,crypto,hyperliquid,SKY,0.0781735,7.5501638001629345,8118.16197,1831.054827,17071.096761,13871.222782,808,374
29,ASTER,crypto,hyperliquid,ASTER,0.707805,0.14128284826275816,459739.37221999996,24990.484650000002,478018.63304999995,24990.484650000002,772,258
29,ZEC,crypto,hyperliquid,ZEC,1385.65,0.7217090069300269,563420.333,952648.503,1325773.0219999999,1550200.747,442,273
29,ZEC,crypto,lighter,90,1386.96,1.3411523960127347,443063.273068,566512.521302,6010604.017286,3771458.671067,,229
29,MON,crypto,hyperliquid,MON,0.0275395,2.542126670539435,5764.503162,18182.478948,5764.503162,19928.871220999998,381,180
29,CC,crypto,hyperliquid,CC,0.13368000000000002,2.992667963490625,8903.78566,8983.07177,36116.29599,33653.66977,408,203
29,ICP,crypto,hyperliquid,ICP,3.27355,3.3608310418564713,8823.12434,4962.91742,36103.69851,24847.49476,578,196
29,AERO,crypto,hyperliquid,AERO,0.8276600000000001,0.4833019187078236,8669.067869999999,2708.66365,8669.067869999999,2708.66365,599,193
29,LIT,crypto,hyperliquid,LIT,4.36615,0.22903735599211217,25216.1804,17917.5329,25216.1804,17917.5329,601,192
29,LIT,crypto,lighter,120,4.3654,1.8327605956480753,17890.697985,39544.208811,280247.782725,361339.884527,,234
29,XMR,crypto,hyperliquid,XMR,541.6400000000001,2.215739133646366,44883.20751,40542.91182,58823.63321,41068.30334,771,191
29,DASH,crypto,hyperliquid,DASH,60.0965,6.824688727611328,2536.1245,11258.84021,9099.2857,197309.93092,798,198
29,SKR,crypto,hyperliquid,SKR,0.018382000000000003,1.0880800826940096,33905.556249,883.6703520000001,47615.579985,7528.00781,791,189
29,AZTEC,crypto,hyperliquid,AZTEC,0.0185655,5.926724137932382,75.180694,1500.895742,11190.741356,26697.119678,881,202
29,CHIP,crypto,hyperliquid,CHIP,0.042878,4.665484743864301,1507.834676,397.502036,15773.934241,18440.668721000002,388,230
29,GRAM,crypto,hyperliquid,GRAM,1.5681500000000002,0.6377144314773098,25609.2059,16654.7957,35501.8923,43392.5935,372,194
29,CASHCAT,crypto,hyperliquid,CASHCAT,0.17424,9.186954524573743,6578.3441,2731.08086,12602.78497,8774.24882,374,189
29,PONS,crypto,hyperliquid,PONS,0.532605,0.18775816748251017,12140.12176,6675.21703,40331.63805,11081.44133,462,194
29,USELESS,crypto,hyperliquid,USELESS,0.233345,3.000300030002734,1689.23301,388.70671,11565.64392,10578.5077,565,192
29,US100,indices,hyperliquid,xyz:XYZ100,30167.5,0.33148804985616565,3820389.1166999997,3481883.2287999997,3820389.1166999997,3481883.2287999997,560,184
29,US100,indices,lighter,181,30166.0,1.3260840737294721,806739.464807,910281.6222059999,8914407.877718,8991823.956583,,217
29,TSLA,stocks,hyperliquid,xyz:TSLA,356.925,0.2801748290925943,315247.29564,159493.15197,315247.29564,159493.15197,646,183
29,TSLA,stocks,lighter,112,356.98,1.1205737337527388,317784.446436,214716.135134,971862.900361,1017653.120869,,212
29,NVDA,stocks,hyperliquid,xyz:NVDA,228.39499999999998,0.4378475414879013,830347.1118,705136.87843,830347.1118,705136.87843,750,184
29,NVDA,stocks,lighter,110,228.476,1.225586749658003,301757.49216,571912.973057,1087447.166452,1300871.981746,,227
29,XAU,commodities,hyperliquid,xyz:GOLD,4132.65,0.24197841552497934,836110.17889,1679702.32344,836110.17889,1679702.32344,298,180
29,XAU,commodities,lighter,92,4133.745,0.024191168288556497,693074.78239,1367069.581242,3863496.0009810003,1632457.641283,,211
29,HOOD,stocks,hyperliquid,xyz:HOOD,115.61,1.7301038062300655,201528.392,128926.88829,317987.54861,266282.20652,449,203
29,INTC,stocks,hyperliquid,xyz:INTC,114.17500000000001,4.380201489269098,167257.0827,768654.1649,736848.0272,1063490.4485,492,193
29,PLTR,stocks,hyperliquid,xyz:PLTR,186.49,1.0725010725010087,104159.06974,121088.89131,116106.71395,122700.95947,489,183
29,COIN,stocks,hyperliquid,xyz:COIN,191.79500000000002,0.521403618543026,66518.299,146705.38844,92196.76103,167239.96493000002,623,188
29,META,stocks,hyperliquid,xyz:META,713.105,0.14023278642527615,122072.6545,189575.68662,122072.6545,189575.68662,643,193
29,META,stocks,lighter,117,713.4649999999999,1.2615289731154888,283831.551324,223159.82641399998,859859.024632,791765.701536,,75
29,AAPL,stocks,hyperliquid,xyz:AAPL,337.555,0.8887835515780651,156298.43073,204565.19398,156298.43073,204565.19398,679,186
29,AAPL,stocks,lighter,113,337.55,1.540631184746566,204997.173409,277364.168527,1155931.276186,920436.24316,,54
29,MSFT,stocks,hyperliquid,xyz:MSFT,507.235,0.1971492222452298,235625.31819,76482.76544999999,235625.31819,76482.76544999999,809,188
29,MSFT,stocks,lighter,115,507.61,1.9702104184737834,76206.07425599999,138326.46997499999,734575.840423,556403.753693,,45
29,ORCL,stocks,hyperliquid,xyz:ORCL,132.685,3.7690336197804264,75372.97063,50969.51352,293981.10551,202738.85117,833,189
29,GOOGL,stocks,hyperliquid,xyz:GOOGL,341.895,0.8775008775008253,227824.97736000002,152255.24937,227824.97736000002,152255.24937,315,188
29,GOOGL,stocks,lighter,116,342.04999999999995,1.7542833752415277,131769.138132,129210.170124,1076120.3399740001,793429.341126,,47
29,AMZN,stocks,hyperliquid,xyz:AMZN,245.99,0.8130742336787122,110149.35698,143512.00885,110149.35698,143512.00885,374,189
29,AMZN,stocks,lighter,114,246.0265,0.040646110572861716,245934.70456699998,298102.343753,886675.2821940001,811861.77591,,219
29,AMD,stocks,hyperliquid,xyz:AMD,605.495,0.16515549389639617,107014.74974,73120.53835,107014.74974,73120.53835,507,216
29,MU,stocks,hyperliquid,xyz:MU,1051.55,0.9510223490249992,830196.1296,1035726.5301,2012201.5918,2048542.6121,511,194
29,SNDK,stocks,hyperliquid,xyz:SNDK,1698.65,0.588720122454145,1030435.299,1149887.2765,1599785.1328,1480377.6696000001,570,195
29,SNDK,stocks,hyperliquid,io:SNDK,1699.05,0.588581518539133,56820.71525,86885.34107000001,82099.30375,91613.36786000001,680,192
29,SNDK,stocks,lighter,139,1698.705,0.0588685465352512,410008.768265,673297.922271,2688837.25842,2162038.964005,,211
29,MSTR,stocks,hyperliquid,xyz:MSTR,156.345,0.6396315722145829,120735.34354,279792.90817,238706.01493,310332.44995,699,187
29,CRCL,stocks,hyperliquid,xyz:CRCL,85.312,1.1722367449329418,68520.592443,81126.79704800001,68520.592443,81126.79704800001,763,192
29,NFLX,stocks,hyperliquid,xyz:NFLX,69.28550000000001,2.1651895262575493,13704.76863,22577.788649,13704.76863,24089.479388,345,199
29,LLY,stocks,hyperliquid,xyz:LLY,1186.5,3.3718283739370136,31114.284310000003,10134.42619,184408.84247,41332.3094,395,230
29,SKHX,stocks,hyperliquid,xyz:SKHX,1291.25,0.7744733581160901,691433.9058000001,1383413.9512,1386339.2737,1891145.2689,368,183
29,TSM,stocks,hyperliquid,xyz:TSM,447.545,2.4581554895086732,42308.044819999996,61408.77124,44108.02916,96605.20141000001,413,184
29,USDJPY,fx,hyperliquid,xyz:JPY,157.35500000000002,1.9066988686922137,803279.0585,804434.1224999999,890825.5376,884972.3961,574,227
29,USDJPY,fx,lighter,98,157.27499999999998,2.670838261666919,33989.766384,51110.971585,1160485.473069,2609868.114496,,215
29,EURUSD,fx,hyperliquid,xyz:EUR,1.1367500000000001,2.639450994192938,388817.05700000003,98733.54964,675554.27477,371100.93126,607,210
29,EURUSD,fx,lighter,96,1.13717,1.583002075489226,62219.14378,27010.55446,2134624.183247,2243297.693492,,219
29,XAG,commodities,hyperliquid,xyz:SILVER,60.5185,0.49572847299117484,494084.22099999996,961639.23871,494084.22099999996,961639.23871,768,193
29,XAG,commodities,lighter,93,60.5451,0.6937218175506743,1696688.660402,1516024.845731,2797142.450397,2895382.87624,,51
29,BABA,stocks,hyperliquid,xyz:BABA,107.69999999999999,1.857182653912659,78132.98523,80652.29283,208966.14526,148913.59922,795,187
29,WTI,commodities,hyperliquid,xyz:CL,94.0935,0.10627783150640724,142930.886204,1239798.7058589999,142930.886204,1239798.7058589999,831,195
29,WTI,commodities,lighter,145,94.06899999999999,0.42522882626183645,521103.339248,451275.86616,2059031.4793790001,1456896.965784,,231
29,COPPER,commodities,hyperliquid,xyz:COPPER,6.608599999999999,0.6052902366682211,41587.516846,56184.771801,41587.516846,56184.771801,362,197
29,NATGAS,commodities,hyperliquid,xyz:NATGAS,3.1325,1.277016888547866,86071.65573,85874.52155,86071.65573,85874.52155,387,194
29,SMSN,stocks,hyperliquid,xyz:SMSN,199.215,0.5019828321861652,265504.44447,120227.98113,265504.44447,120227.98113,418,189
29,XPT,commodities,hyperliquid,xyz:PLATINUM,1700.15,0.588200694078278,60111.21028,42506.2728,99305.67029,49978.11166,452,184
29,USAR,stocks,hyperliquid,xyz:USAR,14.4295,3.4657239897417647,15496.01023,401.81185000000005,43407.06299,12380.55553,585,221
29,CRWV,stocks,hyperliquid,xyz:CRWV,84.282,2.135915417749157,89449.24814,63828.865340000004,134847.11001,90552.88298000001,581,193
29,GME,stocks,hyperliquid,xyz:GME,23.9135,2.0910877838642428,10524.67529,17267.1505,19448.28491,34260.372,611,192
29,SOFTBANK,stocks,hyperliquid,xyz:SOFTBANK,38.185500000000005,12.840334372787865,8247.031247,12276.164384,232021.176682,211912.370333,642,189
29,JP225,indices,hyperliquid,xyz:JP225,65159.5,11.209557299265427,7500.89855,347917.46193000005,24915.94236,354694.04852,786,203
29,KIOXIA,stocks,hyperliquid,xyz:KIOXIA,112.06,3.57015351660106,130.46826000000001,146.32313,32014.87724,46027.33382,783,196
29,EWY,stocks,hyperliquid,xyz:EWY,183.64,1.0891466535967176,250701.73539000002,296941.69849,278271.79371,311158.18302,806,193
29,BRENTOIL,commodities,hyperliquid,xyz:BRENTOIL,99.6425,0.10035928624585466,293166.94399,124776.93077,293166.94399,124776.93077,832,189
29,BRENTOIL,commodities,lighter,159,99.59,2.008435428799693,520642.793938,571948.675574,2052920.279869,1784499.065087,,66
29,HIMS,stocks,hyperliquid,xyz:HIMS,28.6785,8.0231625213667,7925.511390000001,11922.86338,28704.64613,21801.09088,435,250
29,US500,indices,hyperliquid,xyz:SP500,7665.95,0.1304478273911336,1618394.6125999999,1590803.2018,1618394.6125999999,1590803.2018,413,208
29,US500,indices,hyperliquid,mkts:US500,763.895,0.1309089004952746,36322.90099,63870.54199,36322.90099,63870.54199,420,189
29,US500,indices,lighter,180,7667.85,0.9129442451905057,767613.595267,1166909.022528,13781610.03008,13812576.975458,,55
29,LITE,stocks,hyperliquid,xyz:LITE,914.31,1.5313265663285947,45746.23921,58137.579509999996,45746.23921,84371.564,500,194
29,PURRDAT,stocks,hyperliquid,xyz:PURRDAT,12.05,13.286829430327884,1757.8549999999998,1422.997,7513.362999999999,34669.326,611,197
29,MRVL,stocks,hyperliquid,xyz:MRVL,250.07999999999998,1.599616092138323,191153.9251,111210.2834,191153.9251,111210.2834,607,185
29,RKLB,stocks,hyperliquid,xyz:RKLB,71.6825,2.092779909312892,107824.79578999999,32084.951289999997,107824.79578999999,61393.14234,624,187
29,DRAM,stocks,hyperliquid,xyz:DRAM,59.986999999999995,0.6668333750092792,61584.272,148656.4124,61584.272,148656.4124,690,188
29,CBRS,stocks,hyperliquid,xyz:CBRS,197.025,0.507562683991214,56757.9421,42466.5092,126551.2322,153359.371,809,200
29,ARM,stocks,hyperliquid,xyz:ARM,281.76,2.1296986476415647,101418.7323,42013.197,145525.5398,84350.5661,810,196
29,GBPUSD,fx,hyperliquid,xyz:GBP,1.32435,5.287009063443815,137349.1474,164529.0813,393962.919,332614.3427,819,193
29,GBPUSD,fx,lighter,97,1.324285,1.5858871150453702,38100.297986000005,18732.659198,2510441.225103,2292039.91966,,231
29,SPCX,stocks,hyperliquid,xyz:SPCX,145.875,0.6855419208884328,1763697.5597,1072718.9754,2139145.7101000003,1570513.4886,410,201
29,SPCX,stocks,lighter,194,145.925,0.6853070175449893,770493.969294,662101.392814,1203175.403426,1024765.6161280001,,217
29,MINIMAX,stocks,hyperliquid,xyz:MINIMAX,31.357,4.465709728866951,14571.32352,11916.66121,32037.79304,23933.39136,407,190
29,BB,stocks,hyperliquid,xyz:BB,8.69385,1.7255064361387795,28869.922319999998,10691.29366,47290.48809,12187.848799999998,524,204
29,QNT,stocks,hyperliquid,xyz:QNT,48.987,12.664433368738681,2067.37332,89.23068,4120.3923,956.81304,599,191
29,DELL,stocks,hyperliquid,xyz:DELL,539.8499999999999,2.22308675596139,22093.5047,40080.5968,22346.972999999998,42415.2381,603,191
29,AVGO,stocks,hyperliquid,xyz:AVGO,348.515,2.5827187419280584,122002.307,44271.3712,164889.6905,57710.8575,630,198
29,NBIS,stocks,hyperliquid,xyz:NBIS,229.655,2.1774158428788937,117832.7153,77338.3893,134817.8289,89858.40639999999,732,206
29,NBIS,stocks,hyperliquid,io:NBIS,229.82999999999998,1.7405682955473623,12730.6166,10214.7804,14261.8512,13852.4521,803,202
29,WDC,stocks,hyperliquid,xyz:WDC,450.905,1.9961850685357163,15545.855319999999,10701.545689999999,44395.4803,47603.79616,808,203
29,BE,stocks,hyperliquid,xyz:BE,261.56,3.0590394616103467,15187.786399999999,37701.2872,15187.786399999999,71109.2867,305,205
29,ZHIPU,stocks,hyperliquid,xyz:ZHIPU,78.78450000000001,1.6502069105572836,29480.525675,25211.440737,45725.697879,50603.35605,399,197
29,QCOM,stocks,hyperliquid,xyz:QCOM,187.055,1.6039349871688202,13038.1883,7995.0168,112718.6037,26122.8319,731,458
29,STRC,stocks,hyperliquid,xyz:STRC,99.06450000000001,4.543526988549651,2188.1657,2686.2743,136325.3065,88339.1868,466,188
29,AMAT,stocks,hyperliquid,xyz:AMAT,481.35,2.077706212340047,24823.35532,26921.96952,28555.050619999998,35932.18292,728,421
29,SKHY,stocks,hyperliquid,xyz:SKHY,182.28,1.0972732759073622,578251.4721,776043.9291,633428.0957,837345.133,590,190
29,CXMT,stocks,hyperliquid,xyz:CXMT,8.24125,3.5195029005530287,25453.78742,21940.145129999997,119373.74943,21940.145129999997,714,246
29,KORU,stocks,hyperliquid,xyz:KORU,20.351,1.9656985601268495,80651.5851,33138.8544,305316.4554,41395.3212,783,191
29,UNITREE,stocks,hyperliquid,xyz:UNITREE,67.97999999999999,0.5884256671273569,35368.38636,9738.10211,35368.38636,9738.10211,486,293
29,SOXL,stocks,hyperliquid,xyz:SOXL,139.0,1.4389524426206002,205472.55349999998,260735.90589999998,360305.5691,500832.19109999994,409,202
29,IREN,stocks,hyperliquid,xyz:IREN,41.5015,2.6508579140149813,4998.2542,17429.495,17866.456,17429.495,494,283
29,AAOI,stocks,hyperliquid,xyz:AAOI,95.51400000000001,0.8376086273687022,5556.75984,13421.3226,11904.13711,14762.96006,451,188
29,MRNA,stocks,hyperliquid,xyz:MRNA,195.1,3.0758189367929845,46878.7867,21572.3913,200793.182,109177.2429,622,212
29,BMNR,stocks,hyperliquid,xyz:BMNR,26.857999999999997,7.449344457688412,1458.27419,9481.43946,9613.33797,30294.494410000003,651,198
29,US10Y,rates,hyperliquid,para:10Y,5.25315,7.807887871114083,5988.86733,47959.02615,97222.20668999999,179649.86714999998,697,210
29,US10Y,rates,lighter,227,95.215,3.1512605042016695,30001.187989000002,10564.748012,1122673.134486,972596.430378,,55
29,30Y,unclassified,hyperliquid,para:30Y,5.5555,1.8001800180034166,36498.54206,11998.79819,76236.92684,75259.39007,766,214
29,2Y,unclassified,hyperliquid,para:2Y,4.9249,143.15221170167146,0,0,64053.89463,82471.93476,819,195
29,USTECH,indices,hyperliquid,mkts:USTECH,733.53,0.5453231721452845,29316.65871,31113.79603,29316.65871,31113.79603,851,199
29,OAI,preipo,hyperliquid,io:OAI,1626.95,0.6146659290662271,2652.3653,62630.28690000001,7198.9774,68892.10280000001,902,204
29,ANTH,preipo,hyperliquid,io:ANTH,2055.8,0.9729046067041835,6397.9905,8015.2910999999995,10071.130799999999,14308.7989,403,190
30,BTC,crypto,hyperliquid,BTC,83229.5,0.12015042833546374,2097942.17497,9608212.29738,2097942.17497,9608212.29738,753,208
30,BTC,spot,hyperliquid,@142,83244.5,0.12012877804945532,534618.38784,575984.56864,534618.38784,575984.56864,823,277
30,BTC,crypto,lighter,1,83227.65,0.03604577813787202,2521013.4297619998,3003740.021214,2521013.4297619998,3003740.021214,,67
30,ETH,crypto,hyperliquid,ETH,2671.95,0.3742655039484788,10775091.22769,11475232.59853,10775091.22769,11475232.59853,812,258
30,ETH,spot,hyperliquid,@151,2670.25,0.3745037824898212,396472.33639,620185.22242,396472.33639,620185.22242,808,189
30,ETH,crypto,lighter,0,2670.765,0.18721403056920494,4611901.333115,4632639.235582,4611901.333115,4632639.235582,,213
30,SOL,crypto,hyperliquid,SOL,117.86500000000001,0.8484642796546815,2285683.3128,3932241.5670000003,4635357.9798,5567322.6127,460,198
30,SOL,spot,hyperliquid,@156,117.845,0.8486082824155083,144571.70080999998,245868.52427999998,267909.57043,378055.00361,463,197
30,SOL,crypto,lighter,2,117.8425,0.08485938799429604,1634257.253262,1290045.789946,2971266.511828,2557599.551596,,269
30,AVAX,crypto,hyperliquid,AVAX,10.4725,0.9549274255160611,80070.85767,81164.45914,330120.18065,190901.44022,620,197
30,BNB,crypto,hyperliquid,BNB,759.055,0.13174362690104857,101167.61538,55450.47691,101167.61538,55450.47691,672,210
30,OP,crypto,hyperliquid,OP,0.13054500000000002,2.298322224776328,10368.554479,16185.184038000001,97350.391696,88636.533745,666,200
30,LTC,crypto,hyperliquid,LTC,68.07749999999999,0.44068394147611656,47236.33531,53739.153829999996,47236.33531,53739.153829999996,744,195
30,ARB,crypto,hyperliquid,ARB,0.198085,0.50484652665439,135760.542992,49253.897337999995,178903.035184,65276.126194,272,190
30,DOGE,crypto,hyperliquid,DOGE,0.0933765,0.10709389993257545,121503.154834,217103.612155,121503.154834,217103.612155,376,247
30,SUI,crypto,hyperliquid,SUI,1.12295,0.8905512512247249,111187.88759,120123.03254999999,272581.66707,253800.37083,372,237
30,CRV,crypto,hyperliquid,CRV,0.388655,2.315946578832495,14391.285088999999,15951.977877,33260.596184,35740.141277999996,399,193
30,LDO,crypto,hyperliquid,LDO,0.43738,3.2013903180816428,34109.528684,15045.60339,34109.528684,15045.60339,484,211
30,LINK,crypto,hyperliquid,LINK,14.7575,0.6776445076916993,152679.3097,139966.7107,248134.7547,164567.434,569,196
30,XRP,crypto,hyperliquid,XRP,1.4898500000000001,0.6712310377232633,1526015.8122,662757.1734,2288412.8089,1253121.9071,565,188
30,XRP,crypto,lighter,7,1.4891649999999998,2.2296858493531246,416207.95291,418950.30992100004,7598755.021161,6962923.040437,,60
30,BCH,crypto,hyperliquid,BCH,306.485,0.978888635101427,57983.35245,47366.61178,57983.35245,47366.61178,648,185
30,APT,crypto,hyperliquid,APT,0.82585,1.2109469605237067,4454.485082,2240.213431,87742.752524,65158.706807999995,680,194
30,AAVE,crypto,hyperliquid,AAVE,149.315,2.009377093101783,61812.9312,66498.841,102360.3941,125824.2773,763,197
30,WLD,crypto,hyperliquid,WLD,0.478255,0.2090956612654793,16739.8864,103455.562211,16739.8864,103455.562211,782,212
30,WLD,crypto,lighter,6,0.47827,1.2546002007352008,48872.474554,58954.489443,1039414.088533,872306.282131,,221
30,TRX,crypto,hyperliquid,TRX,0.334225,0.29920411704909,46871.78852,40205.31162,46871.78852,40205.31162,344,196
30,UNI,crypto,hyperliquid,UNI,8.606449999999999,1.0457820125497896,10645.82403,61281.99024,10645.82403,61281.99024,447,216
30,SEI,crypto,hyperliquid,SEI,0.074635,4.288452002840781,11832.980685,30800.52743,35857.486226,34481.816932,470,218
30,ZRO,crypto,hyperliquid,ZRO,1.5398,1.2989543417551985,10315.62584,17233.78763,31563.10846,35347.64706,540,200
30,DOT,crypto,hyperliquid,DOT,1.1641499999999998,2.577319587628857,64514.56327,31446.52456,146009.77187,69264.98099,536,190
30,TIA,crypto,hyperliquid,TIA,0.43254499999999996,2.0809248554898296,25713.479836,4073.443261,42378.232377,12955.554816,653,205
30,ADA,crypto,hyperliquid,ADA,0.24357499999999999,1.23172934800575,91557.76199,128482.63732,92071.67495,128482.63732,688,217
30,PENDLE,crypto,hyperliquid,PENDLE,2.3377999999999997,2.5668449197868703,13387.4202,4994.579,20873.9288,13881.3428,734,196
30,NEAR,crypto,hyperliquid,NEAR,4.67695,0.6414642490604194,36656.86178,55605.76141,36656.86178,55605.76141,729,187
30,NEAR,crypto,lighter,10,4.6806149999999995,4.12424006069001,25131.217394,49057.484598,1104817.734619,1477248.373896,,222
30,PYTH,crypto,hyperliquid,PYTH,0.0810835,4.317469716035305,1856.69055,2493.33982,25842.395989999997,17666.304925,400,249
30,JUP,crypto,hyperliquid,JUP,0.323855,0.3087849312932711,11767.0242,6224.83533,16970.157509999997,13858.83807,382,189
30,JTO,crypto,hyperliquid,JTO,0.5442400000000001,0.3674916855000987,39490.63903,5524.62938,41237.89022,16361.21618,417,219
30,WIF,crypto,hyperliquid,WIF,0.232285,2.1527598381121393,34487.68772,14247.762770000001,45858.23875,55580.88833,561,220
30,ONDO,crypto,hyperliquid,ONDO,0.515835,0.5815982319434809,28562.51751,65204.59505999999,28562.51751,65204.59505999999,611,228
30,STRK,crypto,hyperliquid,STRK,0.041580000000000006,4.811161895597049,4908.130795,1626.7586390000001,63161.544699,96004.43659,616,215
30,TAO,crypto,hyperliquid,TAO,302.385,2.3151976186541745,31607.1176,52957.07972,31607.1176,52957.07972,700,282
30,ETHFI,crypto,hyperliquid,ETHFI,0.686295,0.14571099681059962,5477.4996,2859.831549,17501.704639,3702.583313,760,198
30,ENA,crypto,hyperliquid,ENA,0.25200500000000003,0.3968253968267277,51246.764749999995,84771.25018,51246.764749999995,86173.20177,804,191
30,ENA,crypto,lighter,29,0.252025,1.984126984126977,131931.648301,170217.708556,1434559.5736790001,1211543.3475539999,,219
30,HBAR,crypto,hyperliquid,HBAR,0.120225,0.8318083513558783,8145.75939,23908.33181,81620.86561000001,86858.70986,369,204
30,EIGEN,crypto,hyperliquid,EIGEN,0.25165,3.974562798092496,1511.896777,2142.514099,26806.519684000003,38259.928114,419,195
30,GRASS,crypto,hyperliquid,GRASS,0.6954849999999999,2.1570009059401762,8000.428631,750.49896,17333.398498,15525.053844,460,192
30,PURR,crypto,hyperliquid,PURR,0.13987,5.721232925695041,352.53012,66.33705,966.13396,1649.44686,488,186
30,PURR,spot,hyperliquid,PURR/USDC,0.139535,7.886435331230235,357.45230999999995,8613.54054,1617.21879,48228.72053,571,201
30,XLM,crypto,hyperliquid,XLM,0.227445,1.3190871916624047,75972.85442,31614.10315,79042.87593,38201.23866,614,193
30,HYPE,crypto,hyperliquid,HYPE,87.4065,0.11440862183187406,81370.15258,114877.94957,81370.15258,114877.94957,651,190
30,HYPE,spot,hyperliquid,@107,87.4575,0.11434190516634857,126647.80596,140746.71346,126647.80596,140746.71346,689,200
30,HYPE,crypto,lighter,24,87.40755,0.74367050591162,932150.754939,527281.442358,2198689.169098,2528891.651085,,203
30,VIRTUAL,crypto,hyperliquid,VIRTUAL,0.806775,1.1156148897395468,12286.839947,10423.875714,13433.681315,10423.875714,264,192
30,PENGU,crypto,hyperliquid,PENGU,0.0091985,1.0871928680167287,17115.973158,35275.418834000004,58506.643898999995,76948.36086,301,193
30,FARTCOIN,crypto,hyperliquid,FARTCOIN,0.16535499999999997,1.814442966010521,27014.408473,21412.087919999998,36109.437952,39233.580857,364,217
30,SPX,crypto,hyperliquid,SPX,0.40701,6.881804999139263,4008.524497,885.084553,14656.649204,16578.189809,436,204
30,MORPHO,crypto,hyperliquid,MORPHO,2.44205,2.866855059999729,6770.05322,4321.09292,11040.79906,16089.59764,456,191
30,TRUMP,crypto,hyperliquid,TRUMP,1.9640499999999999,0.5091649694510814,50926.64188,45934.429149999996,70150.98153,84131.04438,494,192
30,VVV,crypto,hyperliquid,VVV,27.3885,1.825750383406266,7410.73484,3706.9206,16610.21458,21484.202729999997,546,181
30,PAXG,crypto,hyperliquid,PAXG,4140.75,0.24150505953279833,200010.3641,334307.9877,200010.3641,334307.9877,677,240
30,SYRUP,crypto,hyperliquid,SYRUP,0.225155,5.775467590740657,843.5967499999999,4229.65682,22528.57956,16117.43421,654,196
30,PUMP,crypto,hyperliquid,PUMP,0.0048865,2.0466639377825224,26468.621649,48924.426035000004,296074.33186700003,402225.80134299997,685,190
30,PUMP,crypto,lighter,45,0.0048839999999999995,4.095842719638032,61321.580662,53609.813063,957964.64621,971970.78396,,205
30,XPL,crypto,hyperliquid,XPL,0.0972195,0.10286055194930199,7612.318246,5437.111444,7612.318246,5437.111444,850,194
30,SKY,crypto,hyperliquid,SKY,0.07817099999999999,4.350385137035229,2659.260857,7140.683989,11573.275023,13076.612272,870,191
30,ASTER,crypto,hyperliquid,ASTER,0.707775,0.4238724991534326,445957.71148,46066.857169999996,462812.19064,46066.857169999996,881,195
30,ZEC,crypto,hyperliquid,ZEC,1385.55,0.7217610970755572,560391.538,722053.656,1155809.956,1255983.815,337,190
30,ZEC,crypto,lighter,90,1386.6365,1.4929323716073029,600239.260169,613097.390274,4747675.3911460005,3180096.00501,,225
30,MON,crypto,hyperliquid,MON,0.027466499999999998,1.8205651034075565,3667.9960419999998,9847.369913,5456.934312,12832.93278,741,478
30,CC,crypto,hyperliquid,CC,0.13379999999999997,5.980861244019309,5777.1742,4346.3088099999995,33342.87378,52872.00481,530,712
30,ICP,crypto,hyperliquid,ICP,3.24665,1.5401675702331197,5306.41826,29323.542100000002,37819.761790000004,45484.86581,744,406
30,AERO,crypto,hyperliquid,AERO,0.82852,2.4142343255828536,18346.54426,4768.485,18346.54426,4768.485,671,201
30,LIT,crypto,hyperliquid,LIT,4.36645,2.0613834173177636,13983.4515,14789.8886,13983.4515,14789.8886,398,182
30,LIT,crypto,lighter,120,4.3668,1.374098248023703,40636.07524,24778.288485999998,265956.568739,410406.517604,,211
30,XMR,crypto,hyperliquid,XMR,541.585,0.1846449278031237,35384.57764,43100.38652,35526.33012,43100.38652,482,193
30,DASH,crypto,hyperliquid,DASH,60.0615,3.497027526602192,1658.00934,46586.359780000006,4981.43281,202531.74308,626,227
30,SKR,crypto,hyperliquid,SKR,0.018363499999999998,0.5445733267972486,1473.8653020000002,486.827993,18674.912517,7912.411186,676,193
30,AZTEC,crypto,hyperliquid,AZTEC,0.018583500000000003,5.920981806437631,76.762099,5690.223275,21325.900189,34634.236305,717,219
30,CHIP,crypto,hyperliquid,CHIP,0.0428495,2.1005951686325908,6776.44368,901.6754729999999,23234.821994,9412.2819,714,182
30,GRAM,crypto,hyperliquid,GRAM,1.5671499999999998,0.638121370684086,27079.694600000003,15302.5671,44118.9677,37650.3515,811,184
30,CASHCAT,crypto,hyperliquid,CASHCAT,0.17407,5.7464659234574,365.20002,4053.10287,7193.4192299999995,8082.72808,314,203
30,PONS,crypto,hyperliquid,PONS,0.531345,2.82342311818784,18228.13344,7368.08645,21871.1413,12997.399440000001,360,210
30,USELESS,crypto,hyperliquid,USELESS,0.23337000000000002,3.428620408862937,755.0365400000001,13708.49517,6596.02188,29575.08239,403,248
30,US100,indices,hyperliquid,xyz:XYZ100,30171.5,0.33144410195307117,3617194.1849,3782091.7101000003,3617194.1849,3782091.7101000003,424,178
30,US100,indices,lighter,181,30173.0,0.6628662335939062,1099000.364268,1032428.070801,3195981.361192,8848859.027685,,206
30,TSLA,stocks,hyperliquid,xyz:TSLA,357.025,0.8403125962863633,213787.11217,256801.20760999998,213787.11217,256801.20760999998,552,190
30,TSLA,stocks,lighter,112,357.07,0.5601299501489798,214266.638774,321545.232685,975529.423872,997540.486665,,240
30,NVDA,stocks,hyperliquid,xyz:NVDA,228.44,0.8755417414518796,612116.64149,748357.2246,612116.64149,748357.2246,612,187
30,NVDA,stocks,lighter,110,228.5325,0.04375754817598221,561732.855588,673265.075004,1361908.48276,1408576.249205,,51
30,XAU,commodities,hyperliquid,xyz:GOLD,4132.65,0.24197841552497934,841709.0998,1686182.13533,841709.0998,1686182.13533,746,193
30,XAU,commodities,lighter,92,4133.485,0.024192689938029588,635268.567959,1391001.809605,3546893.054255,1618907.866413,,47
30,HOOD,stocks,hyperliquid,xyz:HOOD,115.69,1.7289073305670755,139410.08677,189973.31386,280904.19575,319263.48899,295,190
30,INTC,stocks,hyperliquid,xyz:INTC,114.255,0.8752735229755615,221644.6837,729056.0945,482026.0354,1240150.348,337,221
30,PLTR,stocks,hyperliquid,xyz:PLTR,186.49,1.0725010725010087,103617.05207,110923.1439,115564.69628,122706.90829,364,225
30,COIN,stocks,hyperliquid,xyz:COIN,191.78500000000003,1.5643739896753495,75929.43742,123123.66971,97894.74169,167178.23848,433,194
30,META,stocks,hyperliquid,xyz:META,713.1,0.2804695059532847,134508.28119,198063.61308,134508.28119,198063.61308,487,190
30,META,stocks,lighter,117,713.535,0.1401482768770279,290133.623847,200310.713063,883770.088801,798314.393318,,223
30,AAPL,stocks,hyperliquid,xyz:AAPL,337.56,0.5925048141008915,149181.71896,192618.42064,149181.71896,192618.42064,607,241
30,AAPL,stocks,lighter,113,337.5485,0.9184287165986404,205874.10001,277308.753906,1156149.813187,931987.262403,,226
30,MSFT,stocks,hyperliquid,xyz:MSFT,507.225,0.19715310910495276,220322.53367,128195.34058,220322.53367,128195.34058,684,196
30,MSFT,stocks,lighter,115,507.68,1.5759199432685556,78116.399893,140551.04664,732245.908539,558621.669401,,202
30,ORCL,stocks,hyperliquid,xyz:ORCL,132.7,1.5072725902487427,203274.76678,86735.0981,362017.17938,184583.68325,797,188
30,GOOGL,stocks,hyperliquid,xyz:GOOGL,341.935,0.8773982218057697,185496.02997,173969.14719,185496.02997,173969.14719,349,225
30,GOOGL,stocks,lighter,116,342.065,1.4618173313052374,132051.084689,130157.083104,1087436.750121,811991.256732,,209
30,AMZN,stocks,hyperliquid,xyz:AMZN,246.09500000000003,1.219115734720777,73219.15013000001,215529.88355,73219.15013000001,215529.88355,435,206
30,AMZN,stocks,lighter,114,246.101,0.9752569192444938,226836.22231999997,272923.430195,886879.151498,791835.345673,,227
30,AMD,stocks,hyperliquid,xyz:AMD,605.735,0.8254775387550595,96706.4222,76202.0575,96706.4222,76202.0575,543,193
30,MU,stocks,hyperliquid,xyz:MU,1052.25,0.9503896597595762,744432.8158,1155942.1783999999,1498991.0285,2321189.0453999997,547,189
30,SNDK,stocks,hyperliquid,xyz:SNDK,1700.15,0.588200694078278,986986.5956,1524835.9094,1168732.0337999999,1916296.7507,637,200
30,SNDK,stocks,hyperliquid,io:SNDK,1700.35,0.5881315062050696,46125.93022,78423.87993,96039.24854,82868.47952000001,672,183
30,SNDK,stocks,lighter,139,1700.065,0.17646539807625317,584603.461516,360290.646658,2732906.836241,2659956.680764,,115
30,MSTR,stocks,hyperliquid,xyz:MSTR,156.285,0.6398771435889294,244966.50722,263131.48477,261482.03326999999,401787.65525999997,727,179
30,CRCL,stocks,hyperliquid,xyz:CRCL,85.274,2.11106550167095,53161.678369,87825.86907500001,53161.678369,87825.86907500001,284,191
30,NFLX,stocks,hyperliquid,xyz:NFLX,69.28550000000001,2.1651895262575493,13704.76863,22577.788649,13704.76863,24089.479388,307,191
30,LLY,stocks,hyperliquid,xyz:LLY,1186.5,3.3718283739370136,31114.284310000003,10134.42619,134829.86442,36094.18413,367,240
30,SKHX,stocks,hyperliquid,xyz:SKHX,1293.15,0.7733353955630129,1126926.7606,1061051.4723,1596250.7396,1773074.1249000002,378,196
30,TSM,stocks,hyperliquid,xyz:TSM,447.745,1.5635120948820358,37532.77964,50846.7417,75942.64713,92479.78388,477,192
30,USDJPY,fx,hyperliquid,xyz:JPY,157.35000000000002,1.2711325791281425,799553.2669,806587.721,887099.746,887349.6588,509,201
30,USDJPY,fx,lighter,98,157.26999999999998,3.179751343442838,35937.971794,45271.250248,1065344.887865,2609214.501097,,223
30,EURUSD,fx,hyperliquid,xyz:EUR,1.1368,1.759479194158864,390745.38275000005,100444.98229,677482.60052,371110.96226,564,185
30,EURUSD,fx,lighter,96,1.137205,2.1986139937379967,62219.235887999996,28645.119838,2134624.275355,2244868.128886,,237
30,XAG,commodities,hyperliquid,xyz:SILVER,60.5355,0.1651936896007733,662433.7172,886273.5845400001,662433.7172,886273.5845400001,720,209
30,XAG,commodities,lighter,93,60.562650000000005,0.9742452489036602,905579.634047,1743246.664885,2780888.701434,3151927.539352,,224
30,BABA,stocks,hyperliquid,xyz:BABA,107.72999999999999,1.8566654288898476,74221.45257000001,105913.82914,204879.20474000002,150725.47348,787,195
30,WTI,commodities,hyperliquid,xyz:CL,94.0855,0.10628686825775446,107186.90044699999,747227.839655,107186.90044699999,747227.839655,300,188
30,WTI,commodities,lighter,145,94.06,1.4885224288430088,360035.153064,413619.703896,2237544.205533,1423634.487643,,214
30,COPPER,commodities,hyperliquid,xyz:COPPER,6.60865,0.7566127958358315,31836.036934,62174.856265,31836.036934,62174.856265,372,190
30,NATGAS,commodities,hyperliquid,xyz:NATGAS,3.1325,1.277016888547866,84279.00516,85775.15112000001,84279.00516,85775.15112000001,376,190
30,SMSN,stocks,hyperliquid,xyz:SMSN,199.53,1.0024057738555747,383150.01092000003,136041.7656,383697.96909,140036.3656,509,207
30,XPT,commodities,hyperliquid,xyz:PLATINUM,1699.95,2.941695593339233,76478.33984999999,45595.3411,100556.10957999999,50980.93176,526,196
30,USAR,stocks,hyperliquid,xyz:USAR,14.4285,4.852686308491894,9002.21699,402.91801,31761.26986,5807.8256,568,194
30,CRWV,stocks,hyperliquid,xyz:CRWV,84.31899999999999,1.6604990985857881,44161.41714,47590.89799,71822.90506,65816.93575,571,193
30,GME,stocks,hyperliquid,xyz:GME,23.9135,2.0910877838642428,10448.160090000001,22147.9961,19371.76971,39141.2176,700,190
30,SOFTBANK,stocks,hyperliquid,xyz:SOFTBANK,38.201,5.7606703325485675,2837.55519,11636.907023,185132.579612,191169.68089,715,187
30,JP225,indices,hyperliquid,xyz:JP225,65173.0,7.06062931696172,19435.19006,344375.50934,28060.18295,351198.92211,760,190
30,KIOXIA,stocks,hyperliquid,xyz:KIOXIA,112.14500000000001,6.2438676300069496,116.89421,5043.7194899999995,304.2242,189568.89931,763,190
30,EWY,stocks,hyperliquid,xyz:EWY,183.85000000000002,1.0879025239352025,214860.63304000002,313431.21618,235031.36853,359152.95991,285,191
30,BRENTOIL,commodities,hyperliquid,xyz:BRENTOIL,99.64150000000001,0.3010839020478606,423282.19117,284203.89463,423282.19117,284203.89463,305,196
30,BRENTOIL,commodities,lighter,159,99.58500000000001,1.004217714402067,533332.852575,580983.778926,2008079.865254,1738269.419036,,254
30,HIMS,stocks,hyperliquid,xyz:HIMS,28.678,8.372287727622663,7925.4992,11896.74911,28704.63394,21774.976609999998,354,196
30,US500,indices,hyperliquid,xyz:SP500,7666.85,0.13043251421596125,1588005.8057000001,2207732.6311,1588005.8057000001,2207732.6311,483,197
30,US500,indices,hyperliquid,mkts:US500,763.895,0.1309089004952746,52555.6653,50972.72427,52555.6653,50972.72427,498,192
30,US500,indices,lighter,180,7668.85,0.39120059462494083,808782.2247700001,1101389.364595,13823957.47304,13736839.205652999,,215
30,LITE,stocks,hyperliquid,xyz:LITE,914.935,1.6395951293102229,32947.98382,78747.00806000001,32947.98382,78747.00806000001,605,196
30,PURRDAT,stocks,hyperliquid,xyz:PURRDAT,12.052,9.961813049974566,1734.5269999999998,1230.0900000000001,7467.032,46282.654,680,196
30,MRVL,stocks,hyperliquid,xyz:MRVL,250.245,1.198897014746958,77670.90610000001,182429.4448,113547.3513,211921.5907,684,185
30,RKLB,stocks,hyperliquid,xyz:RKLB,71.71449999999999,2.091845984353302,52679.14408,29737.0316,62345.51149,48364.26577,764,192
30,DRAM,stocks,hyperliquid,xyz:DRAM,60.0605,0.49950881632954136,57418.7796,148443.643,57418.7796,148443.643,798,192
30,CBRS,stocks,hyperliquid,xyz:CBRS,197.10000000000002,2.0296326364932504,40326.8664,64123.5216,86074.48389999999,154952.1716,381,238
30,ARM,stocks,hyperliquid,xyz:ARM,282.04499999999996,2.4821814829256716,26950.8639,69400.2386,89433.4622,118448.5442,378,231
30,GBPUSD,fx,hyperliquid,xyz:GBP,1.3244500000000001,5.286609772674478,138683.1504,165165.9121,395286.442,338632.59229999996,419,191
30,GBPUSD,fx,lighter,97,1.32433,2.2655530214943376,38100.369237,18732.776644999998,2510441.296354,2292034.071917,,206
30,SPCX,stocks,hyperliquid,xyz:SPCX,145.885,0.6854949273371602,1491704.9247,1514002.3405,2086744.0086,2030465.7997,575,195
30,SPCX,stocks,lighter,194,145.925,0.6853070175449893,814516.197723,854097.96879,1185264.882981,1276914.772695,,60
30,MINIMAX,stocks,hyperliquid,xyz:MINIMAX,31.3585,4.146465935186416,14518.80321,13284.045,28704.63764,21913.17155,613,193
30,BB,stocks,hyperliquid,xyz:BB,8.70335,3.792362411942918,9134.32703,10163.018510000002,24110.25659,55211.68437,637,192
30,QNT,stocks,hyperliquid,xyz:QNT,48.987,12.664433368738681,2067.37332,89.23068,10587.55748,956.81304,663,193
30,DELL,stocks,hyperliquid,xyz:DELL,540.165,2.7773148919618684,20169.7342,34967.9573,29229.1966,34967.9573,778,202
30,AVGO,stocks,hyperliquid,xyz:AVGO,348.625,2.0080897329255443,164488.13760000002,69907.3343,175071.61000000002,85733.8633,826,212
30,NBIS,stocks,hyperliquid,xyz:NBIS,229.86,2.6106252447455347,47562.7308,113935.4479,56830.469,121784.0996,855,217
30,NBIS,stocks,hyperliquid,io:NBIS,230.01,2.608922515001666,11459.2335,5671.9253,24526.9644,10838.7614,865,200
30,WDC,stocks,hyperliquid,xyz:WDC,451.105,3.7692341803019502,15056.40189,11193.63422,47150.24748,39651.44886,430,185
30,BE,stocks,hyperliquid,xyz:BE,261.735,1.910511635017098,2239.2158,45792.4046,13337.371799999999,67405.684,786,493
30,ZHIPU,stocks,hyperliquid,xyz:ZHIPU,78.7835,3.173756839447428,33322.885239,31580.909298,45080.988559,50825.413372,709,387
30,QCOM,stocks,hyperliquid,xyz:QCOM,187.135,2.6722248944466287,6809.816400000001,14347.454800000001,118049.69200000001,32281.5016,809,477
30,STRC,stocks,hyperliquid,xyz:STRC,99.06450000000001,4.543526988549651,2198.0893,2686.2743,137235.9195,88339.1868,620,189
30,AMAT,stocks,hyperliquid,xyz:AMAT,481.51,4.154462931804659,18170.29689,32237.657649999997,28558.796029999998,41280.32755,814,192
30,SKHY,stocks,hyperliquid,xyz:SKHY,182.42000000000002,1.09643111671609,601305.0170999999,604175.4894,759083.5601,674561.1282,349,199
30,CXMT,stocks,hyperliquid,xyz:CXMT,8.24695,3.031883284623227,23987.32846,32511.56508,91518.91809,35414.24688,431,204
30,KORU,stocks,hyperliquid,xyz:KORU,20.4095,0.48997991082488923,3082.6112,25664.972700000002,57033.806899999996,99273.21049999999,514,263
30,UNITREE,stocks,hyperliquid,xyz:UNITREE,67.96199999999999,0.5885815185413534,23162.888030000002,9561.935519999999,23162.888030000002,9561.935519999999,493,238
30,SOXL,stocks,hyperliquid,xyz:SOXL,139.23000000000002,1.436575204711854,205729.3818,166806.344,386897.037,385903.4653,549,199
30,IREN,stocks,hyperliquid,xyz:IREN,41.5175,2.649836191945809,10914.9395,20842.7754,23537.1527,35129.5073,626,193
30,AAOI,stocks,hyperliquid,xyz:AAOI,95.5705,1.7789497917575225,7714.66568,13097.19779,10051.582989999999,18772.62467,707,213
30,MRNA,stocks,hyperliquid,xyz:MRNA,195.18,2.0496003279357744,33253.4975,31341.488,156932.2885,207161.4284,760,244
30,BMNR,stocks,hyperliquid,xyz:BMNR,26.869,1.4888152752434713,808.0095500000001,22970.78197,15480.14883,40138.80276,752,201
30,US10Y,rates,hyperliquid,para:10Y,5.25315,7.807887871114083,5988.86733,47959.02615,97222.20668999999,179649.86714999998,306,195
30,US10Y,rates,lighter,227,95.215,3.1512605042016695,30000.969029,10564.51946,1122672.915526,972596.201826,,219
30,30Y,unclassified,hyperliquid,para:30Y,5.5672,9.704375954713296,21499.558960000002,12498.5756,76237.01572,73259.43962,464,227
30,2Y,unclassified,hyperliquid,para:2Y,4.9249,142.74028629857048,0,0,64053.20745,82471.48714,427,181
30,USTECH,indices,hyperliquid,mkts:USTECH,733.525,0.6816632583506177,29748.84024,25429.83267,29748.84024,25429.83267,505,197
30,OAI,preipo,hyperliquid,io:OAI,1626.95,0.6146659290662271,2896.3378000000002,58456.002199999995,17799.5339,65175.2798,608,195
30,ANTH,preipo,hyperliquid,io:ANTH,2055.3500000000004,0.48654697611061337,6816.2714,9060.9736,9684.464899999999,11396.3354,614,186
31,BTC,crypto,hyperliquid,BTC,83210.5,0.12017786323870183,5133687.63881,9074533.7762,5133687.63881,9074533.7762,619,201
31,BTC,spot,hyperliquid,@142,83232.5,0.1201460976552049,562660.85742,530282.52847,562660.85742,530282.52847,615,194
31,BTC,crypto,lighter,1,83209.05,0.012017930752783457,2981338.242046,3121692.9661830002,2981338.242046,3121692.9661830002,,61
31,ETH,crypto,hyperliquid,ETH,2670.95,0.37440563106061475,13197199.08001,11484036.04112,13197199.08001,11484036.04112,622,202
31,ETH,spot,hyperliquid,@151,2669.3500000000004,0.3746300528217894,396623.989,340669.49186,396623.989,340669.49186,678,192
31,ETH,crypto,lighter,0,2669.955,0.037453884904614654,5102550.406267,3991595.219451,5102550.406267,3991595.219451,,206
31,SOL,crypto,hyperliquid,SOL,117.80000000000001,1.697937006537309,2001105.6846,3233029.2019,4970179.8559,5549421.6787,827,206
31,SOL,spot,hyperliquid,@156,117.795,0.8489685032686545,127084.52443,186038.32429000002,262167.47631,263192.38155,814,190
31,SOL,crypto,lighter,2,117.7755,0.08490766291613383,1358996.955208,999720.011542,3357433.435014,2547314.946565,,217
31,AVAX,crypto,hyperliquid,AVAX,10.461,1.9120458891008774,88740.07427,51393.75049,305269.63925,166111.27226,466,201
31,BNB,crypto,hyperliquid,BNB,758.975,0.13175751347294096,57488.33909,83940.46199,57488.33909,83940.46199,495,221
31,OP,crypto,hyperliquid,OP,0.13039499999999998,0.7669299792922857,29950.583744,1761.424835,92222.57625,69160.590035,477,199
31,LTC,crypto,hyperliquid,LTC,68.0755,1.9098267934003488,44384.929,49890.72377,44384.929,49890.72377,537,190
31,ARB,crypto,hyperliquid,ARB,0.198075,0.504872014943647,30703.86026,40172.019409,50459.149410000005,62678.27789,661,193
31,DOGE,crypto,hyperliquid,DOGE,0.0933315,0.3214400514317539,182397.483732,141493.969795,182397.483732,141493.969795,673,195
31,SUI,crypto,hyperliquid,SUI,1.1226500000000001,0.8907892392651107,97848.05174,97740.19447999999,271485.07137,218494.26222,684,188
31,CRV,crypto,hyperliquid,CRV,0.387645,5.935024385208543,13860.763383,6214.812538,36994.634296,42762.178013,730,191
31,LDO,crypto,hyperliquid,LDO,0.437005,2.059685097033359,31532.046943999998,22848.676754,31532.046943999998,22848.676754,366,243
31,LINK,crypto,hyperliquid,LINK,14.738,1.3571283164837133,118707.2796,112488.74239999999,178823.0118,210206.096,331,196
31,XRP,crypto,hyperliquid,XRP,1.48875,0.6717270101419537,1306970.7149,935867.217,1842530.4689,1328707.7734,399,253
31,XRP,crypto,lighter,7,1.4876985,2.19826760378794,390041.736866,344536.873063,7544044.7423519995,7083090.564244,,245
31,BCH,crypto,hyperliquid,BCH,306.16499999999996,0.9799118079389935,61699.02008,26689.084890000002,61699.02008,26689.084890000002,532,199
31,APT,crypto,hyperliquid,APT,0.82495,1.2122681537163338,3606.2158910000003,5110.215999,89747.877372,80111.33186600001,562,194
31,AAVE,crypto,hyperliquid,AAVE,149.265,2.0100502512554463,66807.2584,83861.4189,124682.8009,119643.1359,588,187
31,WLD,crypto,hyperliquid,WLD,0.47753999999999996,1.6753926701573718,23272.219964,66985.644596,23272.219964,66985.644596,623,184
31,WLD,crypto,lighter,6,0.47763,1.2562814070338213,37005.784803999995,59134.174347,1041654.249147,855346.1524499999,,217
31,TRX,crypto,hyperliquid,TRX,0.334225,0.29920411704909,46684.69014,39312.82175,46684.69014,39312.82175,794,231
31,UNI,crypto,hyperliquid,UNI,8.60375,0.11622906423980339,10912.930479999999,25501.98355,10912.930479999999,25501.98355,790,200
31,SEI,crypto,hyperliquid,SEI,0.07468150000000001,2.2765926104484357,17484.263536,14957.277519,37248.558549,30701.965895999998,831,206
31,ZRO,crypto,hyperliquid,ZRO,1.5394,1.2992918859233704,9780.90566,12680.48423,27116.24048,33739.87162,434,224
31,DOT,crypto,hyperliquid,DOT,1.16385,0.8592541673824172,80901.79031,43718.53084,139371.47716,69326.66334,443,196
31,TIA,crypto,hyperliquid,TIA,0.43249000000000004,0.9249196476046606,27495.045502,4192.858469,47500.822464,32986.63566,449,198
31,ADA,crypto,hyperliquid,ADA,0.2434,1.6435204207398968,94931.27416,123272.50649,94931.27416,123272.50649,499,211
31,PENDLE,crypto,hyperliquid,PENDLE,2.34025,2.136752136752129,11650.5185,6450.0761999999995,23034.926199999998,14971.5739,633,198
31,NEAR,crypto,hyperliquid,NEAR,4.66915,0.2141740378225343,55987.09306000001,45871.414600000004,55987.09306000001,45871.414600000004,642,197
31,NEAR,crypto,lighter,10,4.67347,3.509785667661358,21378.718861,67319.50675300001,1267722.202056,1424733.745167,,221
31,PYTH,crypto,hyperliquid,PYTH,0.0810555,7.528540573897846,540.109338,3226.357803,29211.025319999997,15568.365805,704,203
31,JUP,crypto,hyperliquid,JUP,0.323745,0.3088898498782022,14414.66756,8274.30127,15386.090259999999,23053.18092,284,189
31,JTO,crypto,hyperliquid,JTO,0.545365,0.18336511662164767,37003.03839,5141.55073,74038.36665,18217.87079,293,189
31,WIF,crypto,hyperliquid,WIF,0.23209000000000002,0.8617718028269827,9471.37454,13525.58997,75117.2816,57067.45843,360,226
31,ONDO,crypto,hyperliquid,ONDO,0.51595,0.7752989746667716,43716.06136,31882.63148,43716.06136,31882.63148,357,192
31,STRK,crypto,hyperliquid,STRK,0.041510000000000005,4.819277108434328,16773.051945,1291.784275,102411.648371,58749.330622,486,200
31,TAO,crypto,hyperliquid,TAO,302.03,0.6622078008100551,36056.96833,58945.38041,36056.96833,61446.33689,478,184
31,ETHFI,crypto,hyperliquid,ETHFI,0.68601,1.4578109510754444,5783.8278279999995,2642.830564,12649.21266,6062.749815,547,189
31,ENA,crypto,hyperliquid,ENA,0.251575,0.39750367690993826,54770.72873,86232.93156,55447.784810000005,98537.22219,551,190
31,ENA,crypto,lighter,29,0.25168999999999997,3.179018478045581,111430.030318,33491.900407,1363355.706014,1057878.399187,,244
31,HBAR,crypto,hyperliquid,HBAR,0.1199,1.6681958461939317,7716.27725,30989.72037,50068.15678,218580.83387,684,197
31,EIGEN,crypto,hyperliquid,EIGEN,0.25155,3.9761431411533543,3744.542258000001,3327.881332,47600.102451000006,39941.735326,766,218
31,GRASS,crypto,hyperliquid,GRASS,0.69462,14.983431782162882,4162.347157,847.037268,19842.638379,36612.971645,762,208
31,PURR,crypto,hyperliquid,PURR,0.139875,5.005720823798576,152.82988,256.15722999999997,831.57051,1498.25181,402,254
31,PURR,spot,hyperliquid,PURR/USDC,0.139525,7.887000788699972,331.97809,8699.55948,2275.01636,47354.22187,426,237
31,XLM,crypto,hyperliquid,XLM,0.226955,2.2033226104967163,44403.96676,21063.731789999998,85145.43490000001,32243.32956,434,207
31,HYPE,crypto,hyperliquid,HYPE,87.4105,0.11440338633983416,148697.53404,102416.51161,148697.53404,102416.51161,430,199
31,HYPE,spot,hyperliquid,@107,87.468,0.6859886811860783,63617.001710000004,139914.46792999998,63617.001710000004,139914.46792999998,614,210
31,HYPE,crypto,lighter,24,87.41765000000001,0.3546257497188954,916179.311441,713315.946257,2354524.430919,2462467.783799,,246
31,VIRTUAL,crypto,hyperliquid,VIRTUAL,0.806905,1.115435143641541,13997.421773,11033.272582,14397.414757999999,23813.886063,639,207
31,PENGU,crypto,hyperliquid,PENGU,0.0091965,1.0874293170948235,21914.588412,43462.047412,67154.35938,185758.551009,635,199
31,FARTCOIN,crypto,hyperliquid,FARTCOIN,0.165375,4.233700254023809,12135.74089,37546.794789,42203.746798,67851.501995,270,197
31,SPX,crypto,hyperliquid,SPX,0.40637500000000004,2.214948440921738,8710.849023,939.297836,19344.953074,10713.981212,302,208
31,MORPHO,crypto,hyperliquid,MORPHO,2.4410499999999997,5.326995574497229,39571.8434,1581.34458,48170.89087,22850.72698,319,220
31,TRUMP,crypto,hyperliquid,TRUMP,1.96205,0.5096839959217725,38411.72153,26654.38784,117507.52844,61155.55839,330,197
31,VVV,crypto,hyperliquid,VVV,27.469,2.9127981066801034,9353.73624,1738.88147,20821.17976,7976.22625,463,192
31,PAXG,crypto,hyperliquid,PAXG,4140.75,0.24150505953279833,214311.21229999998,263543.4036,214311.21229999998,263543.4036,494,190
31,SYRUP,crypto,hyperliquid,SYRUP,0.224985,3.111802622803861,3767.36369,2338.7931,26233.83465,22554.14793,524,203
31,PUMP,crypto,hyperliquid,PUMP,0.0048850000000000005,4.095004095003851,18008.242906,37227.262849,317428.39837,430008.971473,520,189
31,PUMP,crypto,lighter,45,0.004882,4.097520999795101,99605.463431,101289.847903,1019866.065803,1041536.760396,,214
31,XPL,crypto,hyperliquid,XPL,0.0970955,0.10299191513407635,73033.30624,4047.617802,83693.593354,4047.617802,694,198
31,SKY,crypto,hyperliquid,SKY,0.078149,7.936711129317153,6313.122473,3843.06084,15877.564466,17855.917260000002,747,225
31,ASTER,crypto,hyperliquid,ASTER,0.707705,0.14130281192459293,422752.10582,57471.748049999995,458022.62884,57471.748049999995,731,205
31,ZEC,crypto,hyperliquid,ZEC,1384.45,0.7223345853790697,570910.839,642310.623,1047590.317,1503611.691,330,192
31,ZEC,crypto,lighter,90,1385.7134999999998,1.4939268625369095,395213.445029,395990.91773,4731662.493814,3765498.507192,,218
31,MON,crypto,hyperliquid,MON,0.0274125,0.3648037355907796,10259.658631,14214.847193,12007.195975,18209.539018,382,192
31,CC,crypto,hyperliquid,CC,0.133855,3.736083090486453,9274.26169,10053.80928,38193.84386,35172.67003,405,198
31,ICP,crypto,hyperliquid,ICP,3.23455,0.9275290625776478,1980.8642399999999,10999.80364,32311.81628,23852.46086,512,180
31,AERO,crypto,hyperliquid,AERO,0.828335,1.0865759576961231,3325.89295,4402.75978,3325.89295,4402.75978,563,189
31,LIT,crypto,hyperliquid,LIT,4.36355,1.6043270993759684,10639.257399999999,19827.2583,10639.257399999999,19827.2583,567,184
31,LIT,crypto,lighter,120,4.36375,2.062658996633271,35381.835241,48912.328951999996,201144.949105,416199.247947,,221
31,XMR,crypto,hyperliquid,XMR,541.585,0.1846449278031237,27213.300180000002,54934.203030000004,27213.300180000002,55416.1566,704,190
31,DASH,crypto,hyperliquid,DASH,60.047,1.6655008160948448,2583.62165,49218.70584,4632.83198,193711.99904999998,746,182
31,SKR,crypto,hyperliquid,SKR,0.018360500000000002,2.723608236192554,36460.956681,2141.677048,51389.235128,5762.020468,761,192
31,AZTEC,crypto,hyperliquid,AZTEC,0.018516499999999998,10.266385691901636,1133.998179,260.231728,16654.683544,12368.300571,823,193
31,CHIP,crypto,hyperliquid,CHIP,0.042799500000000004,2.103049421662284,6482.328946,498.121765,16598.150979,12031.706346,369,212
31,GRAM,crypto,hyperliquid,GRAM,1.5671499999999998,0.638121370684086,24194.2424,15059.3923,43401.2925,35677.2914,793,594
31,CASHCAT,crypto,hyperliquid,CASHCAT,0.174595,4.010082493126621,338.81169,2366.70589,5372.48068,14286.22288,448,235
31,PONS,crypto,hyperliquid,PONS,0.531895,0.18800879881375465,15893.805190000001,1929.78812,15893.805190000001,25836.8709,545,269
31,USELESS,crypto,hyperliquid,USELESS,0.232445,0.43021855102409745,4427.06375,4568.5818,17283.30099,17931.153140000002,559,188
31,US100,indices,hyperliquid,xyz:XYZ100,30167.5,0.33148804985616565,3814318.3959,3417438.1346,3814318.3959,3417438.1346,659,209
31,US100,indices,lighter,181,30169.0,1.3259521994224421,886114.8218919999,1074815.691038,8875877.470426999,8907163.414748,,204
31,TSLA,stocks,hyperliquid,xyz:TSLA,356.915,0.28018267910656647,303546.40826,155407.60726,303546.40826,155407.60726,755,194
31,TSLA,stocks,lighter,112,356.975,0.8404303003151092,307212.845123,138991.694933,996370.885523,968105.143489,,243
31,NVDA,stocks,hyperliquid,xyz:NVDA,228.435,0.43777087072482956,621407.52763,730619.1424400001,621407.52763,730619.1424400001,452,236
31,NVDA,stocks,lighter,110,228.512,0.6126780595616665,721910.387141,640778.237897,1465869.669738,1416612.904311,,219
31,XAU,commodities,hyperliquid,xyz:GOLD,4132.65,0.24197841552497934,774543.04431,1605198.78667,774543.04431,1605198.78667,457,199
31,XAU,commodities,lighter,92,4133.495,0.6532215921195572,766847.230951,1230965.647028,2848516.489847,1533905.841339,,51
31,HOOD,stocks,hyperliquid,xyz:HOOD,115.6,1.730253482135069,165490.61372,142172.62696,324388.54933999997,263309.68217,616,194
31,INTC,stocks,hyperliquid,xyz:INTC,114.17500000000001,0.875886835420836,234433.1261,699530.1738999999,715881.0453,1058609.876,632,190
31,PLTR,stocks,hyperliquid,xyz:PLTR,186.465,0.5363080553455468,109039.06731,104832.43835000001,116125.79348000001,106093.69997,642,188
31,COIN,stocks,hyperliquid,xyz:COIN,191.65499999999997,1.5654351909821784,83233.86083,114294.93652,115138.12291,195091.87811,652,193
31,META,stocks,hyperliquid,xyz:META,713.025,0.14024852037719526,261844.28187,165959.39379,261844.28187,165959.39379,815,198
31,META,stocks,lighter,117,713.44,0.5606795436086109,317660.154063,274264.467846,876703.530987,838858.93639,,56
31,AAPL,stocks,hyperliquid,xyz:AAPL,337.555,0.29625240705044575,140935.21067,182806.32276,140935.21067,182806.32276,834,191
31,AAPL,stocks,lighter,113,337.556,1.1258025046156916,204161.790461,277307.188864,1180924.314794,944886.362575,,59
31,MSFT,stocks,hyperliquid,xyz:MSFT,507.265,0.1971375625919869,200020.92513,108279.15876,200020.92513,108279.15876,336,192
31,MSFT,stocks,lighter,115,507.58,0.39403432038787045,74077.84851,75030.036389,758206.199914,547583.750203,,205
31,ORCL,stocks,hyperliquid,xyz:ORCL,132.70499999999998,0.7535795026392123,208897.40463,63069.158,341865.13471,186232.27964,458,189
31,GOOGL,stocks,hyperliquid,xyz:GOOGL,341.935,0.2924575205454083,167231.22183,146823.46025,167231.22183,146823.46025,478,191
31,GOOGL,stocks,lighter,116,342.08000000000004,1.7541295132295076,137105.960337,139682.999805,1092491.399853,790069.572003,,212
31,AMZN,stocks,hyperliquid,xyz:AMZN,246.125,1.2189671285178783,88409.45445,258165.40542999998,88409.45445,258165.40542999998,571,196
31,AMZN,stocks,lighter,114,246.13150000000002,1.0157687947698335,257461.16346299998,271098.32438,835000.318453,759589.999061,,58
31,AMD,stocks,hyperliquid,xyz:AMD,605.41,0.6607310989603654,95932.68557,35048.1656,95932.68557,35048.1656,698,218
31,MU,stocks,hyperliquid,xyz:MU,1051.85,0.9507510933648433,940169.076,833135.8353,1839884.1324,1826960.3243,720,201
31,SNDK,stocks,hyperliquid,xyz:SNDK,1699.45,0.5884429798741486,1152047.1764,1395070.0273,1405913.426,1586200.0877,770,218
31,SNDK,stocks,hyperliquid,io:SNDK,1699.65,0.5883737349976492,63144.044760000004,101253.57197,84815.5089,102009.21889,763,189
31,SNDK,stocks,lighter,139,1699.49,0.8238104765156962,851718.1270249999,931243.62398,3119977.257559,3215992.785242,,240
31,MSTR,stocks,hyperliquid,xyz:MSTR,156.245,0.6400409626206027,192257.59840000002,392224.78899000003,226175.70981,420391.44142000005,389,198
31,CRCL,stocks,hyperliquid,xyz:CRCL,85.255,1.4076411453500803,64912.381151,90590.647876,64912.381151,90590.647876,440,206
31,NFLX,stocks,hyperliquid,xyz:NFLX,69.28550000000001,2.1651895262575493,13714.062396,22577.788649,13714.062396,24089.479388,436,194
31,LLY,stocks,hyperliquid,xyz:LLY,1186.45,4.215140785701621,31114.20116,9966.92313,232804.15515,39353.15794,604,213
31,SKHX,stocks,hyperliquid,xyz:SKHX,1292.1999999999998,1.547867812088377,754037.9102,917947.6003,1616950.9789,1942295.6653,609,197
31,TSM,stocks,hyperliquid,xyz:TSM,447.70000000000005,1.7870705446099144,63045.04909,41151.92286,63081.26824,47351.68157,627,190
31,USDJPY,fx,hyperliquid,xyz:JPY,157.38,2.541942043721157,820791.3994,802644.6508000001,901533.6601,943449.5605,632,191
31,USDJPY,fx,lighter,98,157.29649999999998,2.225344769486437,24580.665098,56695.123959000004,970665.132667,2615129.769823,,247
31,EURUSD,fx,hyperliquid,xyz:EUR,1.1368,1.759479194158864,390727.08622000006,100444.38229,671090.5750300001,371102.52551,279,204
31,EURUSD,fx,lighter,96,1.1372,2.286578662702432,62219.55875,28645.416025,2134624.598217,2244868.425073,,229
31,XAG,commodities,hyperliquid,xyz:SILVER,60.5285,0.16521279407877287,807620.8293000001,988734.9364700001,807620.8293000001,988734.9364700001,295,197
31,XAG,commodities,lighter,93,60.557249999999996,0.4458690234976359,1087476.894445,1339089.160563,2687830.3188360003,3130493.687732,,223
31,BABA,stocks,hyperliquid,xyz:BABA,107.72999999999999,1.8566654288898476,73223.45292,117597.92249,205769.15469,164297.52171,498,201
31,WTI,commodities,hyperliquid,xyz:CL,94.132,0.4249442260717551,218798.821326,807892.676857,218798.821326,807892.676857,519,200
31,WTI,commodities,lighter,145,94.102,0.42507970244409776,388741.860352,561351.037112,1602304.080769,1596903.667911,,216
31,COPPER,commodities,hyperliquid,xyz:COPPER,6.608599999999999,0.6052902366682211,40751.048093000005,55489.278644000005,40751.048093000005,55489.278644000005,691,190
31,NATGAS,commodities,hyperliquid,xyz:NATGAS,3.13245,0.9577626664114547,84278.06369,82599.61962,84278.06369,82599.61962,701,196
31,SMSN,stocks,hyperliquid,xyz:SMSN,199.255,1.5057217426228675,176557.44989,98789.32093,183921.50369,105274.36391,727,206
31,XPT,commodities,hyperliquid,xyz:PLATINUM,1699.85,2.9418686749815848,79982.72743,41216.72686,101751.39352,57537.22108,741,197
31,USAR,stocks,hyperliquid,xyz:USAR,14.4235,3.467165938562111,11188.00668,345.47999,26538.31009,6771.40071,353,199
31,CRWV,stocks,hyperliquid,xyz:CRWV,84.2705,2.017516792860441,89037.45575,57450.615849999995,89037.45575,63872.617419999995,381,217
31,GME,stocks,hyperliquid,xyz:GME,23.9135,2.0910877838642428,10371.64489,23148.0611,19295.25451,31003.842800000002,384,194
31,SOFTBANK,stocks,hyperliquid,xyz:SOFTBANK,38.2215,5.4957996388482755,7877.285575,16636.967688999997,185804.05959699998,191153.753744,393,190
31,JP225,indices,hyperliquid,xyz:JP225,65181.5,7.21323551981401,13507.2937,342618.61384,32439.31821,349478.52611,555,200
31,KIOXIA,stocks,hyperliquid,xyz:KIOXIA,112.39,5.339978640086507,130.85038,6267.1350299999995,282.3469,150125.193,585,203
31,EWY,stocks,hyperliquid,xyz:EWY,183.755,1.6327419179273939,257709.88881,266749.92284,421269.19940000004,278496.73678,581,195
31,BRENTOIL,commodities,hyperliquid,xyz:BRENTOIL,99.674,0.6019805158974378,286671.57677,111136.60677,286671.57677,111136.60677,594,199
31,BRENTOIL,commodities,lighter,159,99.61500000000001,1.0039152695506814,549411.8212359999,1029209.868723,1927774.539621,1779731.001586,,221
31,HIMS,stocks,hyperliquid,xyz:HIMS,28.679000000000002,7.6740616715498255,8925.45123,11908.51488,29522.52995,23674.62213,784,202
31,US500,indices,hyperliquid,xyz:SP500,7666.65,0.13043591683414846,1667805.9606,1568821.8555,1667805.9606,1568821.8555,775,188
31,US500,indices,hyperliquid,mkts:US500,763.915,0.13090547315686152,48224.93617,61400.11206,48224.93617,61400.11206,785,189
31,US500,indices,lighter,180,7668.25,0.9128966209792644,772354.985347,1147335.405357,13786529.479524,13788410.72479,,210
31,LITE,stocks,hyperliquid,xyz:LITE,914.45,1.0936132983374591,49020.845290000005,70565.19627,49020.845290000005,70601.81107,485,236
31,PURRDAT,stocks,hyperliquid,xyz:PURRDAT,12.0515,10.792860107928792,2035.347,880.234,7250.134,46023.858,442,187
31,MRVL,stocks,hyperliquid,xyz:MRVL,250.165,0.3997441637348942,156146.6467,164470.24300000002,190586.3326,181065.57640000002,466,209
31,RKLB,stocks,hyperliquid,xyz:RKLB,71.694,4.1853262461799545,53047.36822,33984.9888,106196.44988999999,73431.84648000001,639,195
31,DRAM,stocks,hyperliquid,xyz:DRAM,60.012,0.6665555740714701,105851.6971,83128.09360000001,105851.6971,83128.09360000001,645,188
31,CBRS,stocks,hyperliquid,xyz:CBRS,197.10500000000002,1.522147242376537,68063.1593,72935.7122,122765.5288,159564.7389,658,190
31,ARM,stocks,hyperliquid,xyz:ARM,281.92499999999995,2.4832381425365924,67709.6229,42536.6727,114591.10699999999,56464.8333,685,198
31,GBPUSD,fx,hyperliquid,xyz:GBP,1.3244,6.042296072505948,137349.1474,165155.53399999999,393962.919,332632.41349999997,294,202
31,GBPUSD,fx,lighter,97,1.3243,1.812442417195026,38100.329854999996,18732.861727,2510441.256972,2292034.156999,,67
31,SPCX,stocks,hyperliquid,xyz:SPCX,145.885,0.6854949273371602,1526188.0264,1199238.7699,2097123.4416,1983029.3728,303,193
31,SPCX,stocks,lighter,194,145.925,0.6853070175449893,760219.070956,856453.529365,1131995.5328549999,1178239.491146,,249
31,MINIMAX,stocks,hyperliquid,xyz:MINIMAX,31.3735,3.5067584799808316,18524.69878,7980.99678,32517.25078,25421.923319999998,358,190
31,BB,stocks,hyperliquid,xyz:BB,8.70315,4.022341232445825,8838.73213,14600.908650000001,39062.33576,66572.12173,496,200
31,QNT,stocks,hyperliquid,xyz:QNT,49.0025,16.54344185286538,258.00772,619.93123,8668.63235,1573.79796,491,186
31,DELL,stocks,hyperliquid,xyz:DELL,539.9200000000001,1.481810772765435,40281.8612,14500.4966,40281.8612,27067.4727,553,193
31,AVGO,stocks,hyperliquid,xyz:AVGO,348.58000000000004,1.1475786091352802,161477.9842,39088.9705,178005.6831,53936.7596,582,192
31,NBIS,stocks,hyperliquid,xyz:NBIS,229.745,2.1765627720715663,66833.4827,109509.9283,68426.2821,157977.8512,717,224
31,NBIS,stocks,hyperliquid,io:NBIS,229.91,1.739962590805444,13826.700299999999,8813.9167,14210.1976,14346.9584,714,216
31,WDC,stocks,hyperliquid,xyz:WDC,451.065,2.882483370287847,17197.28946,15389.232109999999,48929.24447,39927.77138,760,205
31,BE,stocks,hyperliquid,xyz:BE,261.575,1.1469643676398356,12386.3604,22178.8303,23652.8822,22634.4667,780,197
31,ZHIPU,stocks,hyperliquid,xyz:ZHIPU,78.7995,1.6498927569696953,31003.129462,25692.254484,46345.293786,42241.739208,410,226
31,QCOM,stocks,hyperliquid,xyz:QCOM,187.09,2.1382370235745185,15743.2074,7953.0676,74968.7838,30491.1907,451,263
31,STRC,stocks,hyperliquid,xyz:STRC,99.06450000000001,4.543526988549651,2188.1657,2686.2743,136325.3065,88339.1868,461,231
31,AMAT,stocks,hyperliquid,xyz:AMAT,481.565,1.8690812427313297,24539.45267,24520.6235,30600.272530000002,33405.43426,465,215
31,SKHY,stocks,hyperliquid,xyz:SKHY,182.25,1.0974539069352751,726324.5877,514166.0116,855408.6438000001,592834.582,616,204
31,CXMT,stocks,hyperliquid,xyz:CXMT,8.24765,2.7890620263137933,23869.2,33895.44332,91343.3312,47630.223459999994,653,200
31,KORU,stocks,hyperliquid,xyz:KORU,20.3825,1.4719591776657381,44200.852300000006,35472.5113,119194.62700000001,133849.193,665,203
31,UNITREE,stocks,hyperliquid,xyz:UNITREE,68.0335,0.14698749136510258,16414.8927,13191.3847,16414.8927,13191.3847,684,217
31,SOXL,stocks,hyperliquid,xyz:SOXL,139.055,2.1576524741084846,221405.64029999997,153114.6882,377030.29549999995,355894.6948,809,191
31,IREN,stocks,hyperliquid,xyz:IREN,41.5115,2.6502192454103124,5933.2759,16379.7942,5999.6239,35162.2917,301,199
31,AAOI,stocks,hyperliquid,xyz:AAOI,95.513,0.8376173973134726,7732.99997,14686.551159999999,10405.341209999999,20698.91248,306,192
31,MRNA,stocks,hyperliquid,xyz:MRNA,195.195,2.561869139725559,47210.1215,54588.4934,102334.51090000001,175754.8074,334,200
31,BMNR,stocks,hyperliquid,xyz:BMNR,26.8535,9.31410901233054,1377.69275,14714.01023,15962.28225,40988.57858,445,188
31,US10Y,rates,hyperliquid,para:10Y,5.25315,7.807887871114083,5988.86733,47959.02615,97222.20668999999,179649.86714999998,500,197
31,US10Y,rates,lighter,227,95.215,3.1512605042016695,30001.140389,10564.700397,1122673.0868860001,972596.382763,,60
31,30Y,unclassified,hyperliquid,para:30Y,5.5672,9.704375954713296,21499.558960000002,12498.377379999998,76236.83174000001,73259.60024,813,477
31,2Y,unclassified,hyperliquid,para:2Y,4.9249,142.74028629857048,0,0,64053.20745,82471.48714,884,514
31,USTECH,indices,hyperliquid,mkts:USTECH,733.515,0.9543545836288025,27840.71429,20539.69357,27840.71429,20539.69357,592,669
31,OAI,preipo,hyperliquid,io:OAI,1626.95,0.6146659290662271,2027.8285,65120.0218,15807.741999999998,70137.4571,460,482
31,ANTH,preipo,hyperliquid,io:ANTH,2055.3500000000004,0.48654697611061337,6596.3922,8690.6616,9753.9882,11318.2168,489,198
32,BTC,crypto,hyperliquid,BTC,83198.5,0.12019519699979497,2029813.62176,12075047.68382,2029813.62176,12075047.68382,420,200
32,BTC,spot,hyperliquid,@142,83208.5,0.36054658862916256,754393.2743500001,487253.68241999997,754393.2743500001,487253.68241999997,428,206
32,BTC,crypto,lighter,1,83189.5,0.38467132840391827,2001143.519843,2503800.1956289997,2001143.519843,2503800.1956289997,,57
32,ETH,crypto,hyperliquid,ETH,2670.3500000000004,0.374489757704044,10227790.52854,12761125.82131,10227790.52854,12761125.82131,425,201
32,ETH,spot,hyperliquid,@151,2668.75,0.37471428036228716,432276.25869,488249.16610000003,432276.25869,488249.16610000003,472,187
32,ETH,crypto,lighter,0,2669.295,0.2622449667688542,3848996.781295,5921547.554557,3848996.781295,5921547.554557,,234
32,SOL,crypto,hyperliquid,SOL,117.795,0.8489685032686545,2950125.8896999997,3556484.9573,5228435.1587,5729074.3218,629,203
32,SOL,spot,hyperliquid,@156,117.775,0.849112677252517,181312.22584,174954.52219,284032.5661,324863.49149,621,191
32,SOL,crypto,lighter,2,117.7975,1.1036496846106303,1117386.9857049999,929600.889034,2633724.696906,2904316.144743,,217
32,AVAX,crypto,hyperliquid,AVAX,10.4585,2.868891651526262,69546.94167,37093.32534,310810.6309,161534.0047,813,190
32,BNB,crypto,hyperliquid,BNB,758.805,0.1317870321559944,129762.10435,67848.57893999999,129762.10435,67848.57893999999,821,191
32,OP,crypto,hyperliquid,OP,0.13036,4.603698304304071,18446.410202,28441.115758,99172.884325,98693.969207,313,189
32,LTC,crypto,hyperliquid,LTC,68.0485,0.14695509052531364,35371.18362,59849.13381,35371.18362,59849.13381,355,196
32,ARB,crypto,hyperliquid,ARB,0.198165,0.5046427129595799,70945.991479,31177.282676,94720.514204,43870.661715,475,195
32,DOGE,crypto,hyperliquid,DOGE,0.09332299999999999,1.071604620759281,109802.008166,139837.941494,109802.008166,139837.941494,479,190
32,SUI,crypto,hyperliquid,SUI,1.1222500000000002,0.8911067545880336,123043.25867,147320.22274,329649.01984,276686.36565,511,196
32,CRV,crypto,hyperliquid,CRV,0.386385,2.8473067067014135,11868.779924,24852.080717999997,26947.806648,33153.688429,549,192
32,LDO,crypto,hyperliquid,LDO,0.437375,3.887580324271056,32202.45611,47084.394015,32202.45611,56109.04436099999,689,212
32,LINK,crypto,hyperliquid,LINK,14.7285,0.6789788158600985,175592.7462,128013.92899999999,228874.62639999998,163816.76129999998,730,249
32,XRP,crypto,hyperliquid,XRP,1.48785,0.6721333512560435,1467311.0815,871482.1925,2315298.0396000003,1437839.0242,711,199
32,XRP,crypto,lighter,7,1.4872655,2.2527096398494706,497524.319733,262662.515374,7486662.016106,6907603.04816,,212
32,BCH,crypto,hyperliquid,BCH,306.145,1.6333464001050402,33118.82137,42463.19222,33118.82137,42463.19222,354,189
32,APT,crypto,hyperliquid,APT,0.82475,3.6381275770058785,25366.594766000002,4127.631151,91887.280396,84572.776691,377,190
32,AAVE,crypto,hyperliquid,AAVE,149.075,7.3815595222104236,57112.208900000005,49332.712999999996,136314.246,309344.8676,415,209
32,WLD,crypto,hyperliquid,WLD,0.477425,0.20945917640569078,28203.521212,95370.44666500001,28203.521212,95370.44666500001,425,187
32,WLD,crypto,lighter,6,0.47758,2.094109270620592,43599.675984,62489.98967,1036728.8243079999,868152.773182,,224
32,TRX,crypto,hyperliquid,TRX,0.33409,0.5986590038320472,41161.65516,38550.86931,41161.65516,38550.86931,569,190
32,UNI,crypto,hyperliquid,UNI,8.5963,5.352571561554331,34722.19225,66434.62392,34722.19225,66434.62392,607,190
32,SEI,crypto,hyperliquid,SEI,0.0746075,1.4744913005015903,21519.237322,14858.387502,30281.819702,30016.600132,617,191
32,ZRO,crypto,hyperliquid,ZRO,1.5407,1.2981955082436158,3433.0030899999997,4926.08505,18044.24074,34940.74551,783,213
32,DOT,crypto,hyperliquid,DOT,1.1631,1.7196904557170711,55218.83905,42105.289509999995,93664.23318,72731.91283,766,186
32,TIA,crypto,hyperliquid,TIA,0.432515,4.856501931036483,3468.569237,4378.384293,9143.039647,47022.448291,797,188
32,ADA,crypto,hyperliquid,ADA,0.243425,1.2324883940673104,97030.549,147741.4165,102013.52923,147741.4165,271,186
32,PENDLE,crypto,hyperliquid,PENDLE,2.3391,2.565418163160693,10218.5942,4672.3418,14499.0252,32755.558500000003,427,194
32,NEAR,crypto,hyperliquid,NEAR,4.665,0.428733734914033,31689.10346,23984.2998,31689.10346,23984.2998,441,190
32,NEAR,crypto,lighter,10,4.66913,3.170257840499069,40085.193293,95374.827466,1198790.4426220001,1794735.231205,,212
32,PYTH,crypto,hyperliquid,PYTH,0.0810825,0.12333193557090283,628.466582,760.117924,28239.488876,18977.99823,465,193
32,JUP,crypto,hyperliquid,JUP,0.323795,2.7799227799230053,8217.406719999999,10952.59091,18073.66275,18311.94087,624,195
32,JTO,crypto,hyperliquid,JTO,0.545275,1.6506795297410726,27578.55916,5462.08927,62220.90227,8684.26001,629,187
32,WIF,crypto,hyperliquid,WIF,0.23198,2.5867643888766167,9873.0411,8020.19949,69838.8731,49011.52217,661,195
32,ONDO,crypto,hyperliquid,ONDO,0.5159,0.7753741180116513,32870.92325,22382.46849,32870.92325,22382.46849,729,251
32,STRK,crypto,hyperliquid,STRK,0.041505,2.4096385542149434,5594.519827,1779.136716,91397.91757199999,101139.219083,369,244
32,TAO,crypto,hyperliquid,TAO,301.54999999999995,1.9899177500670717,30271.54031,86836.48543,30271.54031,86836.48543,434,304
32,ETHFI,crypto,hyperliquid,ETHFI,0.685945,2.187003367986051,6081.017242,3951.561035,10747.049093,4981.527223,396,234
32,ENA,crypto,hyperliquid,ENA,0.251355,0.3978516013503075,34873.95699,55434.67523,34873.95699,78306.03447,462,232
32,ENA,crypto,lighter,29,0.251405,1.9890206062522786,169683.079222,137186.738742,1416285.9879400001,1158373.8934519999,,213
32,HBAR,crypto,hyperliquid,HBAR,0.119975,2.5008336112031238,17583.853750000002,18041.50485,67588.35323,217296.59960999998,593,196
32,EIGEN,crypto,hyperliquid,EIGEN,0.25155,3.9761431411533543,1267.138997,2371.417869,42899.489611,39173.651318000004,634,199
32,GRASS,crypto,hyperliquid,GRASS,0.6903250000000001,0.1448603546183591,3003.026855,25482.631926999995,13375.077286,41502.143959999994,706,242
32,PURR,crypto,hyperliquid,PURR,0.1399,8.581235697942002,283.81593999999996,69.01555,774.53944,3032.04199,777,192
32,PURR,spot,hyperliquid,PURR/USDC,0.139525,7.887000788699972,499.38448999999997,8686.00902,1876.14376,48189.879329999996,780,185
32,XLM,crypto,hyperliquid,XLM,0.226775,2.2050716648291946,29798.44442,35889.01823,38446.63344,72478.50426,290,190
32,HYPE,crypto,hyperliquid,HYPE,87.4435,0.34308455890696976,131672.63064,100740.78125,131672.63064,100740.78125,405,233
32,HYPE,spot,hyperliquid,@107,87.4805,0.11431184270493944,191049.73039,123783.20663,191049.73039,123783.20663,436,193
32,HYPE,crypto,lighter,24,87.4444,0.8920351553354244,685547.206476,1190686.063724,1998707.4031840002,2451173.290189,,208
32,VIRTUAL,crypto,hyperliquid,VIRTUAL,0.80689,1.2394031034657083,11726.379241,10253.562768,16955.320606,10253.562768,485,193
32,PENGU,crypto,hyperliquid,PENGU,0.0091935,1.0877841836198776,17688.324406,43624.775255,48887.505033,87569.58185100001,608,202
32,FARTCOIN,crypto,hyperliquid,FARTCOIN,0.16522,2.421307506053072,9351.519891,25986.704076,42975.288981,43902.533905000004,671,234
32,SPX,crypto,hyperliquid,SPX,0.40620999999999996,3.9396252431478374,10880.660381,3721.6059509999995,20535.253824,11839.096725,679,223
32,MORPHO,crypto,hyperliquid,MORPHO,2.44115,2.8679121599473056,5963.0337,5185.16838,9285.40653,22775.553509999998,674,188
32,TRUMP,crypto,hyperliquid,TRUMP,1.9619,2.039047764694768,28464.89001,65926.84072,64833.732899999995,85748.05372,792,183
32,VVV,crypto,hyperliquid,VVV,27.463,2.91343457518467,9765.42527,1812.93912,23204.56413,2501.09537,390,259
32,PAXG,crypto,hyperliquid,PAXG,4140.45,0.24152255820864,185072.9198,266005.9481,185072.9198,266005.9481,394,259
32,SYRUP,crypto,hyperliquid,SYRUP,0.22483999999999998,5.338553252067779,3667.48148,2363.94004,21857.51736,19027.18319,398,259
32,PUMP,crypto,hyperliquid,PUMP,0.0048915,2.0445716622341514,22170.476113999997,91793.846137,293295.737469,382060.010777,439,186
32,PUMP,crypto,lighter,45,0.004894,4.087471898630568,36559.934203,10572.561613,845613.719255,933495.041831,,227
32,XPL,crypto,hyperliquid,XPL,0.097085,0.6180342390971205,9089.6237,3928.793316,14554.604115,3928.793316,616,220
32,SKY,crypto,hyperliquid,SKY,0.078109,9.478430167024765,7104.368112,1457.810191,16272.243995,17629.991615,592,192
32,ASTER,crypto,hyperliquid,ASTER,0.70833,1.9766752322603054,42748.68183,38508.56504,42748.68183,38508.56504,634,192
32,ZEC,crypto,hyperliquid,ZEC,1383.65,0.7227522405339748,583673.4349999999,1298213.657,901330.76,1501311.362,780,187
32,ZEC,crypto,lighter,90,1384.8105,0.7149248137405806,508900.329917,750927.580795,5113902.586586,3282689.995982,,214
32,MON,crypto,hyperliquid,MON,0.0273445,3.291880029261396,4859.033676,7232.638161999999,6545.441907,19708.022736,814,193
32,CC,crypto,hyperliquid,CC,0.133845,0.747160789003054,6489.262519999999,10326.791079999999,35724.71764,45482.53198,823,187
32,ICP,crypto,hyperliquid,ICP,3.23575,0.3090521370952004,10109.64818,9296.86782,33307.9863,24542.42583,405,229
32,AERO,crypto,hyperliquid,AERO,0.828415,1.5693849218312295,6211.65352,2869.49349,6211.65352,2869.49349,402,192
32,LIT,crypto,hyperliquid,LIT,4.362299999999999,0.9169895233940295,31262.7675,11499.5144,31262.7675,11499.5144,409,189
32,LIT,crypto,lighter,120,4.36345,1.1459479281250573,23553.148869,53166.576814,217577.849942,430856.215569,,213
32,XMR,crypto,hyperliquid,XMR,541.485,0.18467902785035406,58798.773649999996,51582.52693,61450.31447,51582.52693,611,208
32,DASH,crypto,hyperliquid,DASH,60.023,0.9996667777412149,11961.97435,3048.3855799999997,65471.4039,193508.67497000002,618,211
32,SKR,crypto,hyperliquid,SKR,0.0183575,0.5447513210232735,3114.731037,1263.257357,20152.255068,8926.668423,615,205
32,AZTEC,crypto,hyperliquid,AZTEC,0.018499500000000002,4.8661800486615725,2937.2767420000005,1419.810745,21865.233872,12249.144384,634,191
32,CHIP,crypto,hyperliquid,CHIP,0.042829,2.802232445180408,802.417916,5531.980273,11105.769837,13691.589885,345,234
32,GRAM,crypto,hyperliquid,GRAM,1.5648499999999999,0.6390593047034265,36388.5148,11121.3865,42486.0105,26608.7451,333,218
32,CASHCAT,crypto,hyperliquid,CASHCAT,0.17485,2.287936852942707,632.41366,1966.0790200000001,6882.50002,8690.48916,311,193
32,PONS,crypto,hyperliquid,PONS,0.53182,4.137593801132322,12783.892960000001,10606.80313,34719.61535,25392.88191,349,215
32,USELESS,crypto,hyperliquid,USELESS,0.23249,4.302185510238754,2894.5911,8050.76619,6104.82359,18743.92337,524,211
32,US100,indices,hyperliquid,xyz:XYZ100,30166.5,0.331499038652705,3956691.5834,3324666.6115,3956691.5834,3324666.6115,531,196
32,US100,indices,lighter,181,30168.0,1.32599615461082,832095.507578,868329.6474489999,8826739.327627,8847083.24869,,217
32,TSLA,stocks,hyperliquid,xyz:TSLA,356.895,0.2801983804534558,293650.10766,173598.86097,293650.10766,173598.86097,552,201
32,TSLA,stocks,lighter,112,356.95500000000004,0.8404773911596664,272326.24383600004,210301.685698,1022869.166758,1051168.349685,,225
32,NVDA,stocks,hyperliquid,xyz:NVDA,228.39499999999998,0.4378475414879013,910440.0304,625304.77284,910440.0304,625304.77284,450,442
32,NVDA,stocks,lighter,110,228.4905,0.04376559149310566,712295.349016,697084.9759910001,1606517.966003,1450841.781647,,208
32,XAU,commodities,hyperliquid,xyz:GOLD,4132.65,0.24197841552497934,630042.68545,1688668.99777,630042.68545,1688668.99777,474,432
32,XAU,commodities,lighter,92,4133.245,0.653261103624736,735759.834054,1318429.610041,3104328.889784,1821352.318044,,219
32,HOOD,stocks,hyperliquid,xyz:HOOD,115.60499999999999,0.8650519031139225,120172.95846,185726.55148999998,301020.7203,288317.0843,520,281
32,INTC,stocks,hyperliquid,xyz:INTC,114.165,2.6281208935619027,87708.9772,719288.4665000001,836084.4891,1042079.2421,654,206
32,PLTR,stocks,hyperliquid,xyz:PLTR,186.40499999999997,1.6095284081774075,112666.36698,101673.15725,122158.73313000001,114762.04562,642,191
32,COIN,stocks,hyperliquid,xyz:COIN,191.64999999999998,1.043623460657006,88123.89148,147316.54878,102140.26828,154212.50783000002,662,187
32,META,stocks,hyperliquid,xyz:META,712.865,0.14027999887700204,165137.08904999998,140148.39706,165137.08904999998,140148.39706,724,202
32,META,stocks,lighter,117,713.275,0.701016473887428,308027.901615,134964.956334,867071.275767,841806.089545,,216
32,AAPL,stocks,hyperliquid,xyz:AAPL,337.565,0.296243630761861,149289.30647,214204.55899,149289.30647,214204.55899,337,187
32,AAPL,stocks,lighter,113,337.565,0.8887572211513373,196813.325726,281568.166859,1145389.9291120002,975060.588309,,218
32,MSFT,stocks,hyperliquid,xyz:MSFT,507.21000000000004,0.3943217665614007,204734.5157,115403.72602,204734.5157,115403.72602,410,190
32,MSFT,stocks,lighter,115,507.485,3.7446540136776285,139893.600992,70739.512405,771761.1107140001,543083.592763,,236
32,ORCL,stocks,hyperliquid,xyz:ORCL,132.69,1.5073861923409204,258467.9886,87111.07566,362141.393,190334.70463,548,194
32,GOOGL,stocks,hyperliquid,xyz:GOOGL,341.91499999999996,0.8774495466523646,199700.91761,137647.55294,199700.91761,137647.55294,562,184
32,GOOGL,stocks,lighter,116,342.06,0.5847098377431692,132045.152198,134169.596535,1087430.776486,782681.018253,,215
32,AMZN,stocks,hyperliquid,xyz:AMZN,246.13,0.8126117341133998,100070.70937,255662.46041,100070.70937,255662.46041,740,191
32,AMZN,stocks,lighter,114,246.13,1.0564081310926454,253343.53848999998,271986.790956,852631.175154,759619.667704,,216
32,AMD,stocks,hyperliquid,xyz:AMD,605.3,0.9912931419053805,133793.27745,31413.165829999998,133793.27745,31413.165829999998,769,193
32,MU,stocks,hyperliquid,xyz:MU,1051.95,0.9506607091913644,865178.6897999999,1059395.928,1626459.2497,2013581.031,819,191
32,SNDK,stocks,hyperliquid,xyz:SNDK,1699.75,0.5883391186678466,897510.3921,1408573.9328,1244032.4508,1655837.9033,398,193
32,SNDK,stocks,hyperliquid,io:SNDK,1699.95,0.5882698982295764,39885.56385,85434.86477,77864.71255,100175.44048,425,192
32,SNDK,stocks,lighter,139,1699.8400000000001,0.4706436051304941,792920.253423,505993.54229,3108064.663765,2810224.554038,,241
32,MSTR,stocks,hyperliquid,xyz:MSTR,156.215,0.640163881953093,224600.37972,352341.25801,242989.98998,451400.27805,472,188
32,CRCL,stocks,hyperliquid,xyz:CRCL,85.2165,2.2298637435902435,72394.166311,78815.823743,72394.166311,78815.823743,593,193
32,NFLX,stocks,hyperliquid,xyz:NFLX,69.28550000000001,2.1651895262575493,18321.733363,23327.981294,18321.733363,28327.92469,612,186
32,LLY,stocks,hyperliquid,xyz:LLY,1186.45,4.215140785701621,19354.35841,7214.14528,118177.80224,38346.712849999996,679,206
32,SKHX,stocks,hyperliquid,xyz:SKHX,1292.65,0.7736345350473073,677832.1429,1156662.9023,1398982.9177,1858183.8366,674,188
32,TSM,stocks,hyperliquid,xyz:TSM,447.62,1.3405125226206849,52729.05029,34432.53728,54729.64413,37215.2042,785,191
32,USDJPY,fx,hyperliquid,xyz:JPY,157.38,2.541942043721157,818485.9359,566368.1927,899228.1966,885226.5144,796,182
32,USDJPY,fx,lighter,98,157.304,2.924701648641115,22632.596197,51014.761127000005,1064086.034276,2609554.9775859998,,210
32,EURUSD,fx,hyperliquid,xyz:EUR,1.1368,1.759479194158864,390725.72289000003,115688.48722,671089.2117,371101.52724,324,188
32,EURUSD,fx,lighter,96,1.1372,2.286578662702432,62219.672433,28645.416025,2134624.7119,2244868.425073,,235
32,XAG,commodities,hyperliquid,xyz:SILVER,60.5445,0.16516913319275517,1079920.21397,855073.98962,1079920.21397,855073.98962,440,187
32,XAG,commodities,lighter,93,60.57315,1.1061618166152698,857161.292365,1289443.254478,3119772.076035,2943704.680343,,216
32,BABA,stocks,hyperliquid,xyz:BABA,107.69999999999999,1.857182653912659,97965.85005,82145.2682,212194.48601,158915.36436,538,195
32,WTI,commodities,hyperliquid,xyz:CL,94.1395,0.10622589999842447,233309.951399,442098.500079,233309.951399,442098.500079,631,189
32,WTI,commodities,lighter,145,94.1095,0.743842050454635,494011.26947400003,546017.065041,1343039.56237,1610576.278266,,204
32,COPPER,commodities,hyperliquid,xyz:COPPER,6.609,1.5132026934994158,47192.846798,60691.308865,47192.846798,60691.308865,731,192
32,NATGAS,commodities,hyperliquid,xyz:NATGAS,3.13165,1.5967298971686361,79198.78052,39694.67248,79198.78052,39694.67248,737,195
32,SMSN,stocks,hyperliquid,xyz:SMSN,199.29500000000002,0.5017813237007118,77160.43503000001,167400.12834,170117.05142,167400.12834,280,185
32,XPT,commodities,hyperliquid,xyz:PLATINUM,1700.2,2.352941176471113,64811.48556,39748.44091,86540.84317000001,50712.45453,384,236
32,USAR,stocks,hyperliquid,xyz:USAR,14.4215,3.467646854844464,19163.575800000002,2472.18986,48896.65147,8024.52559,380,185
32,CRWV,stocks,hyperliquid,xyz:CRWV,84.2765,1.542660496025583,91488.54411999999,59242.79921,102988.92035999999,65665.36183,382,181
32,GME,stocks,hyperliquid,xyz:GME,23.9135,2.0910877838642428,10279.58754,22262.04651,19203.19716,36214.17461,524,243
32,SOFTBANK,stocks,hyperliquid,xyz:SOFTBANK,38.183499999999995,9.170465859666965,7835.6726610000005,12251.673815,189778.503718,201594.69706,575,194
32,JP225,indices,hyperliquid,xyz:JP225,65178.5,7.827728577347592,10824.31104,339341.50424,24755.322249999997,346556.34188,565,181
32,KIOXIA,stocks,hyperliquid,xyz:KIOXIA,112.285,6.236080178172454,97.29363000000001,113.25898000000001,32835.67217,157312.55617,570,184
32,EWY,stocks,hyperliquid,xyz:EWY,183.725,0.5443065534493918,334912.24337000004,283405.03407,349015.62594,326378.17156,716,191
32,BRENTOIL,commodities,hyperliquid,xyz:BRENTOIL,99.6795,0.10032203372922766,284096.544,131670.91824,284096.544,131670.91824,756,190
32,BRENTOIL,commodities,lighter,159,99.625,1.0038144950796912,554290.247477,931469.1407860001,1885379.976465,1685933.753447,,225
32,HIMS,stocks,hyperliquid,xyz:HIMS,28.6795,7.324985175625187,8925.513359999999,11924.29823,29468.1922,21802.525729999998,759,183
32,US500,indices,hyperliquid,xyz:SP500,7666.35,0.1304410210911655,1587763.5378,1180987.5194,1587763.5378,1180987.5194,292,185
32,US500,indices,hyperliquid,mkts:US500,763.915,0.13090547315686152,39287.19416,60394.09834,39287.19416,60394.09834,514,367
32,US500,indices,lighter,180,7668.25,0.6520605112148026,758978.969583,1133851.407327,13773152.2186,13774926.239139998,,212
32,LITE,stocks,hyperliquid,xyz:LITE,914.53,2.843394575677838,43818.54514,80823.24401,43818.54514,84552.99101,517,329
32,PURRDAT,stocks,hyperliquid,xyz:PURRDAT,12.0515,10.792860107928792,1854.695,880.234,7310.262,46023.858,482,189
32,MRVL,stocks,hyperliquid,xyz:MRVL,250.16500000000002,1.199280431740668,150781.6039,182238.366,160192.7927,182238.366,562,198
32,RKLB,stocks,hyperliquid,xyz:RKLB,71.726,2.230960149474104,82662.54957999999,61626.524,102306.75562,72303.23645,740,186
32,DRAM,stocks,hyperliquid,xyz:DRAM,60.0185,0.16661668166273458,118074.938,77654.6197,118074.938,77654.6197,708,193
32,CBRS,stocks,hyperliquid,xyz:CBRS,196.99,3.0463038180350566,20759.7147,15716.7958,92603.3351,103736.3732,712,194
32,ARM,stocks,hyperliquid,xyz:ARM,281.94000000000005,2.128338831541843,59194.4905,47078.3789,133533.7489,72082.1912,286,191
32,GBPUSD,fx,hyperliquid,xyz:GBP,1.3244,6.042296072505948,137349.1474,165154.20909999998,393828.6991,326165.432,421,219
32,GBPUSD,fx,lighter,97,1.32429,1.6614055490959956,38100.35445,18732.934229,2510441.1793670002,2292034.229501,,210
32,SPCX,stocks,hyperliquid,xyz:SPCX,145.875,0.6855419208884328,1679507.4048000001,1278354.9703,2107909.9389,2070269.3764,448,203
32,SPCX,stocks,lighter,194,145.92000000000002,1.3707079706670733,776122.234635,897036.050561,1148232.704899,1219402.393995,,55
32,MINIMAX,stocks,hyperliquid,xyz:MINIMAX,31.3735,3.5067584799808316,18524.69878,7980.99678,32514.7453,25622.08146,540,196
32,BB,stocks,hyperliquid,xyz:BB,8.697,2.989983555090614,5661.62717,7998.66779,24996.09069,75306.40574,624,201
32,QNT,stocks,hyperliquid,xyz:QNT,49.051500000000004,12.85189718482238,236.25397,2149.48857,3442.13162,4409.118930000001,644,195
32,DELL,stocks,hyperliquid,xyz:DELL,540.0250000000001,2.037150212048644,32097.3751,29386.8701,32097.3751,29386.8701,640,187
32,AVGO,stocks,hyperliquid,xyz:AVGO,348.54499999999996,2.0085506872113967,166939.1955,42456.0221,172524.0955,64486.6656,734,192
32,NBIS,stocks,hyperliquid,xyz:NBIS,229.685,3.048116699324588,96859.9464,116491.5925,123638.7297,116491.5925,811,186
32,NBIS,stocks,hyperliquid,io:NBIS,229.85500000000002,1.3052558301418493,23772.7881,22833.640900000002,23901.369300000002,33135.344000000005,826,185
32,WDC,stocks,hyperliquid,xyz:WDC,450.95500000000004,1.9959637178135203,20390.96067,11595.62358,52249.75114,39688.09258,829,184
32,BE,stocks,hyperliquid,xyz:BE,261.53,1.5295782188062823,20166.5984,39306.6587,50924.5166,45391.6981,931,195
32,ZHIPU,stocks,hyperliquid,xyz:ZHIPU,78.7755,2.4122083132294136,34659.190468,19931.261814,48552.891568,45168.729985000005,482,274
32,QCOM,stocks,hyperliquid,xyz:QCOM,187.065,1.6038492381720282,15342.6798,8159.4416,74566.102,25697.5786,470,247
32,STRC,stocks,hyperliquid,xyz:STRC,99.06450000000001,4.543526988549651,2188.1657,2686.2743,136325.3065,88339.1868,544,317
32,AMAT,stocks,hyperliquid,xyz:AMAT,481.45000000000005,1.2463129907347437,31940.684220000003,28804.22207,34345.8964,34450.66596,593,264
32,SKHY,stocks,hyperliquid,xyz:SKHY,182.275,0.5486366379536811,611418.387,552130.1536,724489.2281000001,652613.9778,658,187
32,CXMT,stocks,hyperliquid,xyz:CXMT,8.2431,3.640069889341291,21354.21954,36250.54024,120228.82645,36250.54024,661,177
32,KORU,stocks,hyperliquid,xyz:KORU,20.3675,2.455192732631062,19675.0352,89003.1179,117646.5847,161427.7786,733,188
32,UNITREE,stocks,hyperliquid,xyz:UNITREE,67.965,0.8828462964594053,41317.04174,10681.740389999999,41317.04174,10681.740389999999,313,194
32,SOXL,stocks,hyperliquid,xyz:SOXL,138.92000000000002,1.4397811532651517,240522.06949999998,157753.7353,413414.9853,586226.8574,459,275
32,IREN,stocks,hyperliquid,xyz:IREN,41.5115,2.6502192454103124,5933.2759,16346.5746,5999.6239,38253.0817,445,258
32,AAOI,stocks,hyperliquid,xyz:AAOI,95.4885,1.7804775869278977,5564.95258,11860.41048,7253.01574,20556.21146,448,189
32,MRNA,stocks,hyperliquid,xyz:MRNA,195.125,3.5880875493354836,51537.1743,25274.9848,198145.0227,164981.0111,503,189
32,BMNR,stocks,hyperliquid,xyz:BMNR,26.846,3.7256436049326602,1369.91202,19241.74367,17535.65452,37019.46383,638,192
32,US10Y,rates,hyperliquid,para:10Y,5.25315,7.807887871114083,5988.86733,47959.02615,97222.20668999999,179649.86714999998,643,193
32,US10Y,rates,lighter,227,95.205,3.151591553733901,30000.213666,3520.7309339999997,1122672.160163,972596.127292,,209
32,30Y,unclassified,hyperliquid,para:30Y,5.5672,9.704375954713296,21499.558960000002,12498.377379999998,76236.83174000001,73259.60024,696,192
32,2Y,unclassified,hyperliquid,para:2Y,4.9249,142.74028629857048,0,0,64053.20745,82471.48714,844,205
32,USTECH,indices,hyperliquid,mkts:USTECH,733.485,0.4090146836266406,18364.25989,33221.17717,18364.25989,33221.17717,846,202
32,OAI,preipo,hyperliquid,io:OAI,1626.95,0.6146659290662271,2816.8159,62540.817800000004,7363.351,68341.86170000001,861,190
32,ANTH,preipo,hyperliquid,io:ANTH,2056.5,0.972573429292023,8342.0408,11980.4021,10061.0669,22294.7141,886,189
33,BTC,crypto,hyperliquid,BTC,83195.5,0.12019953122166527,5713572.99868,6939584.13059,5713572.99868,6939584.13059,738,533
33,BTC,spot,hyperliquid,@142,83217.5,0.12016775418510761,691465.80258,527982.60625,691465.80258,527982.60625,626,420
33,BTC,crypto,lighter,1,83202.95,0.012018811845759814,2253888.30245,2274193.742828,2253888.30245,2274193.742828,,106
33,ETH,crypto,hyperliquid,ETH,2669.95,0.3745458631398968,12789985.837509999,9950895.22076,12789985.837509999,9950895.22076,740,532
33,ETH,spot,hyperliquid,@151,2668.55,0.3747423646238701,299441.30834,469894.99723,299441.30834,469894.99723,500,183
33,ETH,crypto,lighter,0,2669.1549999999997,0.5619913977850111,4218847.134164,5079358.448113,4218847.134164,5079358.448113,,220
33,SOL,crypto,hyperliquid,SOL,117.815,0.8488243782345251,2553949.5818,3893414.9445,5108791.185,5904932.8467,344,229
33,SOL,spot,hyperliquid,@156,117.775,0.849112677252517,175534.22918999998,161678.3145,300826.13443,335913.23215,423,213
33,SOL,crypto,lighter,2,117.7935,0.08489468813932532,1692360.4409440001,1515075.984542,3151229.495766,2618980.6709559998,,219
33,AVAX,crypto,hyperliquid,AVAX,10.466999999999999,1.9109497420233268,68057.88645,65270.99532,218278.80671,174331.50208,431,203
33,BNB,crypto,hyperliquid,BNB,759.005,0.1317523056654224,151225.6423,89859.07647,151225.6423,89859.07647,539,193
33,OP,crypto,hyperliquid,OP,0.13026,3.0712530712539987,20688.220181,26934.398727000003,94043.398679,91005.40455,625,200
33,LTC,crypto,hyperliquid,LTC,68.04650000000001,0.14695940981024336,46073.87771,57172.995429999995,46073.87771,57172.995429999995,623,191
33,ARB,crypto,hyperliquid,ARB,0.198105,0.5047955577985874,46608.77626599999,23484.066941,71033.672827,36143.045959999996,640,193
33,DOGE,crypto,hyperliquid,DOGE,0.0933375,0.10713864812439411,69311.704263,130616.662003,69311.704263,130616.662003,750,209
33,SUI,crypto,hyperliquid,SUI,1.12235,0.8910273545392755,94937.93115,150620.01746,265625.12118,380055.18513,268,194
33,CRV,crypto,hyperliquid,CRV,0.386235,0.7767593599505851,11456.550955,25428.569995,35861.838727,45781.993426,265,188
33,LDO,crypto,hyperliquid,LDO,0.437525,0.2285609800689592,28230.941103999998,23076.140443999997,31447.500017,23076.140443999997,282,190
33,LINK,crypto,hyperliquid,LINK,14.7105,0.6798096532967257,138925.6848,115544.92050000001,205747.388,174685.4094,412,211
33,XRP,crypto,hyperliquid,XRP,1.4877500000000001,0.6721785306185168,1876015.0066,838748.1946,2229905.433,1555865.6843,456,190
33,XRP,crypto,lighter,7,1.4871050000000001,2.2327748481942855,369422.281181,338082.19173,7282934.537799,7259342.171349,,56
33,BCH,crypto,hyperliquid,BCH,306.25,1.3062077523429139,58925.8379,42711.859580000004,58925.8379,42711.859580000004,466,182
33,APT,crypto,hyperliquid,APT,0.82445,1.2130033964097287,5846.240954999999,5175.377036,96190.97992700001,59126.294719,515,188
33,AAVE,crypto,hyperliquid,AAVE,149.05,1.3419216317767102,61836.51,93865.6136,106402.1103,134137.064,600,187
33,WLD,crypto,hyperliquid,WLD,0.477105,1.048042257063564,23462.842894999998,70093.570641,23462.842894999998,70093.570641,648,190
33,WLD,crypto,lighter,6,0.477215,2.305306396177542,50036.437343,61348.853184,1042683.8022619999,911205.646264,,44
33,TRX,crypto,hyperliquid,TRX,0.33404500000000004,0.29936534546859406,41340.65954,63165.80835,41340.65954,63165.80835,706,193
33,UNI,crypto,hyperliquid,UNI,8.584399999999999,0.6989666942369688,10996.38246,24746.50435,10996.38246,24746.50435,703,187
33,SEI,crypto,hyperliquid,SEI,0.07455400000000001,1.3413996163591513,19330.003004000002,12294.061276,25423.518579,23617.546324,265,191
33,ZRO,crypto,hyperliquid,ZRO,1.54215,1.9455252918287869,9096.57995,13746.86809,35857.85032,33257.294519999996,362,240
33,DOT,crypto,hyperliquid,DOT,1.1631,1.7196904557170711,63893.98304,45157.99454,90096.32305,74936.60356999999,368,191
33,TIA,crypto,hyperliquid,TIA,0.432485,1.156176293761746,8936.687829,3322.659751,11934.704376,45879.558435,365,185
33,ADA,crypto,hyperliquid,ADA,0.24337,1.643723032669353,121300.32594,151668.57927,121300.32594,151668.57927,453,187
33,PENDLE,crypto,hyperliquid,PENDLE,2.33915,2.13775706528585,8427.7293,7982.1993999999995,11194.2326,35318.2882,563,199
33,NEAR,crypto,hyperliquid,NEAR,4.65665,0.2147489584669593,37674.49307,33479.84462,37674.49307,33479.84462,560,193
33,NEAR,crypto,lighter,10,4.662485,3.539511676098339,28811.089966,88989.927691,672138.7792090001,1703483.364227,,226
33,PYTH,crypto,hyperliquid,PYTH,0.0811195,7.275866321372337,1028.463137,3635.8674650000003,25349.283363,16881.07856,669,215
33,JUP,crypto,hyperliquid,JUP,0.323835,0.3088040021004268,14642.510129999999,6758.64518,17270.40785,14120.69135,780,219
33,JTO,crypto,hyperliquid,JTO,0.54508,1.4677821811259761,18746.2831,5768.95046,53008.610799999995,14811.847249999999,783,219
33,WIF,crypto,hyperliquid,WIF,0.231715,1.2947777298233376,8466.18813,7718.73179,44792.90842,47660.8441,793,196
33,ONDO,crypto,hyperliquid,ONDO,0.515415,0.19402029452164626,36750.87883,27323.33573,36750.87883,27323.33573,351,210
33,STRK,crypto,hyperliquid,STRK,0.041440000000000005,4.827419744146688,7928.637868000001,1746.306846,102098.445168,108203.365169,434,182
33,TAO,crypto,hyperliquid,TAO,301.54999999999995,1.9899177500670717,20783.525449999997,94908.57584,20783.525449999997,94908.57584,444,189
33,ETHFI,crypto,hyperliquid,ETHFI,0.68621,1.7488887269556663,6074.250444,3930.116738,11290.27779,3930.116738,452,186
33,ENA,crypto,hyperliquid,ENA,0.251205,0.3980891719757018,47748.92761,93060.2472,61465.86932,93060.2472,550,197
33,ENA,crypto,lighter,29,0.251195,1.9906836007477224,171532.324112,128805.92208,1433808.715336,1202948.9999499999,,217
33,HBAR,crypto,hyperliquid,HBAR,0.120205,0.8319467554063209,18635.39354,22149.7958,55307.047399999996,62321.90357,639,194
33,EIGEN,crypto,hyperliquid,EIGEN,0.25145,3.9777247414485295,1180.277168,1890.8660159999997,43204.448392,38596.896454,640,187
33,GRASS,crypto,hyperliquid,GRASS,0.691235,0.14466964685988515,8009.793249,2204.427213,11878.175788999999,18018.010564,755,203
33,PURR,crypto,hyperliquid,PURR,0.13990999999999998,10.011441647597152,272.21957999999995,69.02441,772.7561,2834.20432,828,187
33,PURR,spot,hyperliquid,PURR/USDC,0.139525,7.887000788699972,788.0365099999999,8686.00902,2163.92569,48188.44249,832,189
33,XLM,crypto,hyperliquid,XLM,0.22658,1.7655367231639296,24016.2932,39484.04571,86082.80765,50507.71965,290,194
33,HYPE,crypto,hyperliquid,HYPE,87.4605,0.11433798307924903,128446.49811999999,152724.39997,128446.49811999999,152724.39997,390,193
33,HYPE,spot,hyperliquid,@107,87.4845,0.11430661606803838,151436.21980999998,108425.86171,151436.21980999998,108425.86171,478,208
33,HYPE,crypto,lighter,24,87.45725,0.01143416436866218,784807.312199,1066318.340872,2358137.349948,2401641.600049,,61
33,VIRTUAL,crypto,hyperliquid,VIRTUAL,0.8069999999999999,0.9913750371759456,11952.329466,13202.460915,16555.122607999998,13202.460915,481,190
33,PENGU,crypto,hyperliquid,PENGU,0.009194,2.1755683672353143,19052.436354,39421.68225,66538.221532,87664.15933000001,533,196
33,FARTCOIN,crypto,hyperliquid,FARTCOIN,0.16508,2.423361201986385,12083.115732,26714.200569,45012.168126,33708.434329,582,191
33,SPX,crypto,hyperliquid,SPX,0.406785,2.212715739784432,4557.956978,5224.692848,17199.401382,21796.352807,702,222
33,MORPHO,crypto,hyperliquid,MORPHO,2.4408,1.6389412439554718,7383.42987,6380.74558,10018.13178,24266.03851,736,252
33,TRUMP,crypto,hyperliquid,TRUMP,1.9618,3.058883507518484,45974.12729,31923.72603,105051.22822,55149.80366,760,225
33,VVV,crypto,hyperliquid,VVV,27.493000000000002,3.6379511059370095,10013.32923,6037.20954,17391.49385,10895.0912,774,191
33,PAXG,crypto,hyperliquid,PAXG,4139.95,0.24155172830386817,301730.5434,311091.63049999997,301730.5434,311091.63049999997,310,201
33,SYRUP,crypto,hyperliquid,SYRUP,0.225245,3.108210115003729,3446.2047199999997,3608.18885,28739.94263,14501.62728,389,246
33,PUMP,crypto,hyperliquid,PUMP,0.0048850000000000005,4.095004095003851,42034.839982,16334.666028000001,422216.277076,313932.03488399996,356,190
33,PUMP,crypto,lighter,45,0.0048865,2.0466639377825224,69725.105681,143569.93051,1015835.043339,1098044.920916,,212
33,XPL,crypto,hyperliquid,XPL,0.0970695,0.3090616887124753,58090.000107,4333.892766,74956.939959,4333.892766,495,183
33,SKY,crypto,hyperliquid,SKY,0.0781135,5.762507843414255,6087.292187,5335.349284,12732.287608,11312.739541,537,180
33,ASTER,crypto,hyperliquid,ASTER,0.70844,0.8469671517907784,27062.23628,18739.63208,27062.23628,18739.63208,599,208
33,ZEC,crypto,hyperliquid,ZEC,1383.75,0.7227000072274059,578279.136,1229614.045,1199498.83,1572736.842,576,181
33,ZEC,crypto,lighter,90,1384.9805000000001,1.7691344527759334,491654.777676,483594.39856299997,5444052.635366,5955971.598771,,207
33,MON,crypto,hyperliquid,MON,0.02734,2.194827523136489,8742.72457,9234.352362,11223.95573,18715.967544,730,191
33,CC,crypto,hyperliquid,CC,0.13393500000000003,2.2401433691765504,9443.45974,7606.06182,42583.78259,38450.16826,783,206
33,ICP,crypto,hyperliquid,ICP,3.2393,7.411753806243482,6266.75926,9085.071899999999,35939.1471,26780.259019999998,786,186
33,AERO,crypto,hyperliquid,AERO,0.8286800000000001,1.4481909681163252,5461.62758,3837.87824,5461.62758,3837.87824,349,189
33,LIT,crypto,hyperliquid,LIT,4.36055,0.6880102742856664,13026.8322,16530.4012,13026.8322,16530.4012,384,197
33,LIT,crypto,lighter,120,4.36165,1.1464208740319393,31558.117075000002,59769.387146,312670.964797,434311.873817,,55
33,XMR,crypto,hyperliquid,XMR,541.485,0.18467902785035406,60688.1089,53753.30299,66757.07674,53753.30299,432,189
33,DASH,crypto,hyperliquid,DASH,60.0565,3.164188052693362,13987.71124,43413.31177,58690.301629999994,189804.02823999999,480,183
33,SKR,crypto,hyperliquid,SKR,0.0183575,1.6343429941167997,3601.2828950000003,1610.112799,17423.671107000002,9015.681142,541,190
33,AZTEC,crypto,hyperliquid,AZTEC,0.0185195,7.022092583588435,1096.736774,3517.9434829999996,21930.370604,27470.280831,581,195
33,CHIP,crypto,hyperliquid,CHIP,0.0428105,3.0370993365114174,3927.195651,2282.827564,14010.521816,14472.252939,682,248
33,GRAM,crypto,hyperliquid,GRAM,1.5673,1.276161306789092,27665.2234,14284.1904,40321.2966,38773.0671,673,191
33,CASHCAT,crypto,hyperliquid,CASHCAT,0.1748,1.1442302191189135,1230.39275,1369.74885,5408.58886,7979.30603,729,186
33,PONS,crypto,hyperliquid,PONS,0.531155,1.6945642145693718,5093.92005,10533.70178,19128.599309999998,29995.07645,775,193
33,USELESS,crypto,hyperliquid,USELESS,0.2324,2.5820889099281708,2425.33943,6707.74428,6091.07564,14373.90577,364,202
33,US100,indices,hyperliquid,xyz:XYZ100,30165.5,0.3315100281775507,4391394.9798,3558681.9246,4391394.9798,3558681.9246,369,199
33,US100,indices,lighter,181,30165.0,1.3261280376619666,786036.73376,883559.7818359999,2896340.681189,8964934.473352,,215
33,TSLA,stocks,hyperliquid,xyz:TSLA,356.88,0.5604281671200972,299652.46183,137612.49114,299652.46183,137612.49114,460,196
33,TSLA,stocks,lighter,112,356.935,1.4009133955328323,279212.010157,215735.110885,1031957.034767,1066725.856841,,221
33,NVDA,stocks,hyperliquid,xyz:NVDA,228.35500000000002,0.43792423910726797,763735.84756,654077.1052700001,763735.84756,654077.1052700001,569,199
33,NVDA,stocks,lighter,110,228.44650000000001,0.04377402099464689,475464.776188,552023.233609,1370179.284311,1290231.39512,,53
33,XAU,commodities,hyperliquid,xyz:GOLD,4131.55,0.24204284158280132,782273.0510399999,1670089.49318,782273.0510399999,1670089.49318,648,187
33,XAU,commodities,lighter,92,4133.04,0.2903474006665796,749684.931257,1279158.85926,3159176.020009,1816840.16113,,57
33,HOOD,stocks,hyperliquid,xyz:HOOD,115.605,2.5953802232026035,162620.07165,182623.35051000002,375473.49191,314428.25348,747,198
33,INTC,stocks,hyperliquid,xyz:INTC,114.095,0.8765010079758717,311448.36460000003,692084.0549999999,581671.7746,1217880.9622,766,196
33,PLTR,stocks,hyperliquid,xyz:PLTR,186.40499999999997,1.6095284081774075,110600.78956,97217.07287,120942.09091,124426.18507,788,199
33,COIN,stocks,hyperliquid,xyz:COIN,191.735,1.5647819737107937,83159.44993,188693.67924,92057.8673,229672.52456,840,191
33,META,stocks,hyperliquid,xyz:META,712.755,0.7015279278266284,140915.9391,126240.63378,140915.9391,126240.63378,942,194
33,META,stocks,lighter,117,713.285,0.4205980904847806,329898.400156,202343.156385,892556.383592,836847.927439,,224
33,AAPL,stocks,hyperliquid,xyz:AAPL,337.53999999999996,0.5925399223793981,189618.48288999998,186952.3949,189618.48288999998,186952.3949,395,194
33,AAPL,stocks,lighter,113,337.538,0.9480863469635281,209224.856043,283296.817441,1182435.6598170002,1023931.125452,,39
33,MSFT,stocks,hyperliquid,xyz:MSFT,507.26,0.39428289797971416,145309.12698,147040.04696,145309.12698,147040.04696,524,231
33,MSFT,stocks,lighter,115,507.515,1.77350385244468,144195.925494,72678.45937899999,769044.39004,554394.958338,,217
33,ORCL,stocks,hyperliquid,xyz:ORCL,132.69,1.5073861923409204,256795.53921,87049.89706,351537.55406,190273.39335,591,195
33,GOOGL,stocks,hyperliquid,xyz:GOOGL,341.89,0.5850005850005502,237825.10327,119458.12512,237825.10327,119458.12512,587,182
33,GOOGL,stocks,lighter,116,342.04499999999996,1.461902812700533,132044.177521,134593.687077,1087429.801809,784571.621969,,218
33,AMZN,stocks,hyperliquid,xyz:AMZN,246.13,0.8126117341133998,100075.13863,257497.7334,100075.13863,257497.7334,764,191
33,AMZN,stocks,lighter,114,246.131,0.975138042980106,252353.055783,271989.431256,851640.6924470001,755134.369254,,51
33,AMD,stocks,hyperliquid,xyz:AMD,604.97,1.653111155195397,87079.76494,53445.01581,87079.76494,53445.01581,782,189
33,MU,stocks,hyperliquid,xyz:MU,1051.75,0.9508414947223542,700876.9627,1396341.8302,1594699.2033,2196565.2031,830,189
33,SNDK,stocks,hyperliquid,xyz:SNDK,1698.8000000000002,1.1773709307116853,973414.2660000001,1273085.9152,1394965.5517,1722080.3229,416,203
33,SNDK,stocks,hyperliquid,io:SNDK,1699.45,0.5884429798741486,37970.27357,86586.38173,63883.72623,91553.32354,402,234
33,SNDK,stocks,lighter,139,1698.99,0.47087907236731397,868846.244247,998897.6146509999,3100897.422375,3123089.916273,,222
33,MSTR,stocks,hyperliquid,xyz:MSTR,156.195,0.6402458544085832,224262.84085,456759.09772,278971.45994000003,524498.91627,496,197
33,CRCL,stocks,hyperliquid,xyz:CRCL,85.225,1.4081366831342201,62218.85272,114977.537831,62218.85272,114977.537831,542,190
33,NFLX,stocks,hyperliquid,xyz:NFLX,69.28550000000001,2.1651895262575493,24714.327032,23329.876212,24714.327032,28329.819607999998,684,216
33,LLY,stocks,hyperliquid,xyz:LLY,1186.45,4.215140785701621,19354.35841,7214.14528,117380.31976,38346.712849999996,602,192
33,SKHX,stocks,hyperliquid,xyz:SKHX,1291.95,0.7740537193279273,1046759.9598,736153.1102,1594327.0299,1435190.1481,626,193
33,TSM,stocks,hyperliquid,xyz:TSM,447.64,1.7873100983023527,63758.36094,54048.95776,73674.88150999999,60198.65332,737,193
33,USDJPY,fx,hyperliquid,xyz:JPY,157.375,1.9064565327897576,815645.0739,813949.4651,892677.2798,892526.0523,328,194
33,USDJPY,fx,lighter,98,157.302,3.1791043827134047,24581.317646,52972.463172,1065478.514333,2609560.2724429998,,51
33,EURUSD,fx,hyperliquid,xyz:EUR,1.1368,1.759479194158864,395725.57065999997,100444.98229,668890.02256,371115.03498,351,193
33,EURUSD,fx,lighter,96,1.13721,2.110650871962605,62234.545973,28645.31152,2134639.58544,2244868.320568,,56
33,XAG,commodities,hyperliquid,xyz:SILVER,60.560500000000005,0.16512549537717192,674459.0608,741759.9609399999,674459.0608,741759.9609399999,443,182
33,XAG,commodities,lighter,93,60.585499999999996,0.8583280100471491,887052.397819,1207604.081989,2830297.1810520003,2903134.52772,,221
33,BABA,stocks,hyperliquid,xyz:BABA,107.69999999999999,1.857182653912659,98177.67491,57153.7786,212407.30106,158917.68268,620,291
33,WTI,commodities,hyperliquid,xyz:CL,94.1385,0.10622702840468179,209245.971968,454290.885411,209245.971968,454290.885411,629,277
33,WTI,commodities,lighter,145,94.1135,1.1688698091538718,482802.173927,526827.765001,1534144.866287,1784348.203981,,207
33,COPPER,commodities,hyperliquid,xyz:COPPER,6.610049999999999,0.7564525401670963,28328.781701,72261.994729,28328.781701,72261.994729,678,186
33,NATGAS,commodities,hyperliquid,xyz:NATGAS,3.13265,0.9577015163619862,56553.7964,70529.43479,56553.7964,70529.43479,806,185
33,SMSN,stocks,hyperliquid,xyz:SMSN,199.195,1.5061753188061466,385972.24145,140909.42892,437305.29377,152208.23051999998,818,187
33,XPT,commodities,hyperliquid,xyz:PLATINUM,1700.2,2.352941176471113,66027.22395,34647.34082,86788.23356000001,50714.94282,842,189
33,USAR,stocks,hyperliquid,xyz:USAR,14.42,4.161753485467656,19168.924,1407.2404299999998,44200.72982,8537.96211,271,193
33,CRWV,stocks,hyperliquid,xyz:CRWV,84.29050000000001,0.11863803535350215,80249.23521,62276.333999999995,157599.30736,67504.6198,530,324
33,GME,stocks,hyperliquid,xyz:GME,23.9135,2.0910877838642428,10203.07234,13904.70378,19126.68196,29103.90574,413,196
33,SOFTBANK,stocks,hyperliquid,xyz:SOFTBANK,38.198,9.42902042954552,7836.714319,19452.520743,190221.482336,201633.369553,448,206
33,JP225,indices,hyperliquid,xyz:JP225,65177.5,8.134948043774237,10827.10999,338953.54044,25362.77977,346716.08838000003,461,189
33,KIOXIA,stocks,hyperliquid,xyz:KIOXIA,112.35,7.123141305316327,103.52159,93.98764,125576.47367,157014.50844,609,194
33,EWY,stocks,hyperliquid,xyz:EWY,183.7,1.088790897709746,363542.61442,274596.93527,413250.46048999997,300167.45562,659,210
33,BRENTOIL,commodities,hyperliquid,xyz:BRENTOIL,99.6815,0.702261281326777,312145.63782,151780.07778,312145.63782,151780.07778,659,196
33,BRENTOIL,commodities,lighter,159,99.62,2.007830539101363,588573.746288,998999.9684240001,1887573.686635,1772401.4016190001,,60
33,HIMS,stocks,hyperliquid,xyz:HIMS,28.678,8.372287727622663,8970.3647,11915.9761,27566.60617,21885.51862,305,197
33,US500,indices,hyperliquid,xyz:SP500,7666.15,0.13044442415344193,1742101.1528999999,1552042.9429000001,1742101.1528999999,1552042.9429000001,361,234
33,US500,indices,hyperliquid,mkts:US500,763.915,0.13090547315686152,37736.22135,60720.2884,37736.22135,60720.2884,371,194
33,US500,indices,lighter,180,7668.2,0.7824828179825438,748857.114066,1135388.459517,13763030.363083,13776463.291329999,,47
33,LITE,stocks,hyperliquid,xyz:LITE,914.615,0.7653786437478161,66005.88417,75728.62219,72876.71157,75728.62219,462,234
33,PURRDAT,stocks,hyperliquid,xyz:PURRDAT,12.0515,12.45433410826946,1505.396,952.785,7561.92,31130.296,498,192
33,MRVL,stocks,hyperliquid,xyz:MRVL,249.95999999999998,1.6003840921818835,140419.7378,221990.30200000003,145418.932,221990.30200000003,555,193
33,RKLB,stocks,hyperliquid,xyz:RKLB,71.713,2.231364618925369,61926.7643,51907.7846,66869.9243,89494.54018,559,187
33,DRAM,stocks,hyperliquid,xyz:DRAM,59.997,0.666722226854155,181034.9902,122382.3634,181034.9902,122382.3634,653,190
33,CBRS,stocks,hyperliquid,xyz:CBRS,196.93,2.031384896652444,71941.3997,81517.0668,125461.59629999999,170452.3956,685,186
33,ARM,stocks,hyperliquid,xyz:ARM,281.79499999999996,2.484383872798368,98300.2366,43610.4885,101095.5316,79952.1103,754,198
33,GBPUSD,fx,hyperliquid,xyz:GBP,1.3244500000000001,5.286609772674478,5039.1503999999995,165162.88259999998,393828.7021,326174.1055,755,194
33,GBPUSD,fx,lighter,97,1.32431,1.9634792852940564,38100.386313999996,18732.921665,2510441.211231,2292034.216937,,218
33,SPCX,stocks,hyperliquid,xyz:SPCX,145.875,0.6855419208884328,1663646.6935,1266365.2800999999,2092101.5692,2071425.7846,332,178
33,SPCX,stocks,lighter,194,145.915,0.6853539853324264,772808.2993300001,882483.876759,1143396.676197,1203469.564255,,232
33,MINIMAX,stocks,hyperliquid,xyz:MINIMAX,31.3675,5.421091233777098,18445.20201,10318.687680000001,29728.12,25592.72959,416,190
33,BB,stocks,hyperliquid,xyz:BB,8.6936,2.5309174575771642,6984.87118,10127.475460000001,43413.1726,26370.92513,518,185
33,QNT,stocks,hyperliquid,xyz:QNT,49.0305,12.857405253168253,336.60553000000004,69.17742,1713.98313,2173.20913,523,180
33,DELL,stocks,hyperliquid,xyz:DELL,539.855,2.037791774731623,43034.3395,20973.228900000002,43034.3395,20973.228900000002,609,192
33,AVGO,stocks,hyperliquid,xyz:AVGO,348.4,4.019177217007286,128273.2842,36942.8692,184680.2875,94446.0501,653,195
33,NBIS,stocks,hyperliquid,xyz:NBIS,229.54000000000002,1.7427675148140587,84953.71280000001,126721.5912,84953.71280000001,128077.23419999999,715,196
33,NBIS,stocks,hyperliquid,io:NBIS,229.71,2.612330198537016,12090.193,19217.4443,12269.1666,27664.0972,711,187
33,WDC,stocks,hyperliquid,xyz:WDC,451.195,1.9949019173237659,9810.50087,15853.21221,30149.852209999997,55013.880820000006,812,201
33,BE,stocks,hyperliquid,xyz:BE,261.53999999999996,1.5295197308051733,17382.2058,52153.9387,17674.805800000002,86371.98090000001,323,216
33,ZHIPU,stocks,hyperliquid,xyz:ZHIPU,78.7755,2.4122083132294136,34512.04036,21301.715782000003,50917.398454,46766.896614000005,369,203
33,QCOM,stocks,hyperliquid,xyz:QCOM,186.935,1.6049646907778659,14267.949200000001,7981.0351,69781.5553,57125.8236,367,198
33,STRC,stocks,hyperliquid,xyz:STRC,99.06450000000001,4.543526988549651,2188.1657,2686.2743,137225.9959,88339.1868,457,191
33,AMAT,stocks,hyperliquid,xyz:AMAT,481.805,3.5290210080529683,24875.70943,21198.19816,43730.1048,35733.01347,505,181
33,SKHY,stocks,hyperliquid,xyz:SKHY,182.215,0.5488172987200279,636055.1351,531414.3641,694680.4806,581361.2031,563,195
33,CXMT,stocks,hyperliquid,xyz:CXMT,8.2461,1.4553392759686368,25385.412760000003,36943.41562,77026.69357,52603.62107,566,196
33,KORU,stocks,hyperliquid,xyz:KORU,20.366,2.9465206501999575,57592.664600000004,42977.134399999995,124983.9765,161155.3862,715,256
33,UNITREE,stocks,hyperliquid,xyz:UNITREE,67.983,1.1768340222717555,35812.491180000005,8439.13485,35812.491180000005,8439.13485,696,190
33,SOXL,stocks,hyperliquid,xyz:SOXL,138.81,1.4409221902011993,158004.8231,164424.3408,405811.5666,442594.9361,751,187
33,IREN,stocks,hyperliquid,xyz:IREN,41.5055,2.6506024096395464,1759.1799999999998,16362.2748,1759.1799999999998,35145.163499999995,757,190
33,AAOI,stocks,hyperliquid,xyz:AAOI,95.46000000000001,0.838082467313761,5256.40429,12395.35188,7371.28545,20713.99248,343,193
33,MRNA,stocks,hyperliquid,xyz:MRNA,195.175,2.56213169356867,44321.936799999996,42853.6552,122606.651,190095.4147,351,181
33,BMNR,stocks,hyperliquid,xyz:BMNR,26.8465,2.607756212047452,811.53646,18380.54551,15551.86959,37475.75265,396,191
33,US10Y,rates,hyperliquid,para:10Y,5.25315,7.807887871114083,5988.86733,47959.02615,97222.20668999999,179649.86714999998,404,192
33,US10Y,rates,lighter,227,95.205,3.151591553733901,30000.223185000003,3520.740456,1122672.169682,972596.136814,,225
33,30Y,unclassified,hyperliquid,para:30Y,5.56725,9.884086620541854,21499.558960000002,28499.06767,76236.83174000001,73260.92297,542,190
33,2Y,unclassified,hyperliquid,para:2Y,4.9249,143.15221170167146,0,0,64054.80225,82471.93476,598,200
33,USTECH,indices,hyperliquid,mkts:USTECH,733.485,0.4090146836266406,32072.22159,21108.38094,32072.22159,21108.38094,588,182
33,OAI,preipo,hyperliquid,io:OAI,1626.95,0.6146659290662271,3101.2624,60732.9876,7930.0603,65570.5673,750,207
33,ANTH,preipo,hyperliquid,io:ANTH,2055.1000000000004,2.9199922133527068,8745.9854,9270.2519,10420.968799999999,12482.1351,759,189
34,BTC,crypto,hyperliquid,BTC,83191.5,0.12020531066969653,5273551.73966,5968926.00021,5273551.73966,5968926.00021,523,199
34,BTC,spot,hyperliquid,@142,83216.5,0.12016919823221173,579072.01414,581215.331,579072.01414,581215.331,526,195
34,BTC,crypto,lighter,1,83197.35,0.012019620827530275,1849755.124428,2706696.33949,1849755.124428,2706696.33949,,57
34,ETH,crypto,hyperliquid,ETH,2669.8500000000004,0.3745598921267579,13601748.83956,10035571.16635,13601748.83956,10035571.16635,516,189
34,ETH,spot,hyperliquid,@151,2668.3500000000004,0.37477045309763923,425252.86917,469008.92295,425252.86917,469008.92295,580,192
34,ETH,crypto,lighter,0,2669.0950000000003,0.5620040314435748,4067073.649634,4647066.164025,4067073.649634,4647066.164025,,215
34,SOL,crypto,hyperliquid,SOL,117.82499999999999,0.8487523340683367,2346435.3736,3704040.0475,4805276.8884,5830231.3103,717,193
34,SOL,spot,hyperliquid,@156,117.795,0.8489685032686545,150170.72486,150410.62941,280366.6121,352396.16797,723,195
34,SOL,crypto,lighter,2,117.8005,0.08488964346353711,1691643.433314,1367836.761016,2773659.096691,2634205.267618,,220
34,AVAX,crypto,hyperliquid,AVAX,10.469000000000001,1.910584638900037,50638.596470000004,84800.00512,200630.19527,196361.89954,383,203
34,BNB,crypto,hyperliquid,BNB,758.825,0.13178355868337377,93946.40471,72738.20095,93946.40471,72738.20095,407,222
34,OP,crypto,hyperliquid,OP,0.13017499999999999,0.7682261657815381,19209.110764,8018.532357,94229.555088,72514.479325,389,192
34,LTC,crypto,hyperliquid,LTC,68.115,0.8809020436917336,32490.20247,64957.7952,32490.20247,64957.7952,458,193
34,ARB,crypto,hyperliquid,ARB,0.198195,0.5045663252434274,33820.674909,28800.219694,37491.574689,54775.845607999996,714,329
34,DOGE,crypto,hyperliquid,DOGE,0.0933375,0.10713864812439411,124146.354397,112120.945169,124146.354397,112120.945169,581,191
34,SUI,crypto,hyperliquid,SUI,1.12215,0.8911861687899147,117691.69304,102891.25898,305102.74515000003,241902.82026,755,347
34,CRV,crypto,hyperliquid,CRV,0.38600500000000004,0.2590673575131319,10813.341229,25228.869149000002,43907.026367,45023.101028000005,665,205
34,LDO,crypto,hyperliquid,LDO,0.437635,2.056719760508141,12485.136183,53226.490672,18133.336706,53226.490672,778,195
34,LINK,crypto,hyperliquid,LINK,14.7095,0.6798558705556346,136163.44,97188.9666,190194.6815,158520.5582,349,220
34,XRP,crypto,hyperliquid,XRP,1.4877500000000001,0.6721785306185168,1537742.2601,862012.9298,2379742.5047,1353970.7829,401,223
34,XRP,crypto,lighter,7,1.487038,1.2643381324362046,423501.258676,380173.660532,7371941.755863,7363622.159127,,49
34,BCH,crypto,hyperliquid,BCH,306.325,0.32645599373104517,66464.59675,37630.581079999996,66464.59675,37630.581079999996,441,199
34,APT,crypto,hyperliquid,APT,0.82435,1.2131505519841213,5334.522815,4320.944366,103979.844266,53191.139451,453,183
34,AAVE,crypto,hyperliquid,AAVE,148.87,1.3435442697828925,62832.401399999995,44069.1808,117625.6332,114430.9182,599,249
34,WLD,crypto,hyperliquid,WLD,0.477075,3.144654088051979,21933.627555,39636.165602,21933.627555,39636.165602,653,250
34,WLD,crypto,lighter,6,0.477315,3.56222366573844,41915.244088,32837.904322,1036150.851624,938300.665622,,218
34,TRX,crypto,hyperliquid,TRX,0.33401499999999995,0.29939223376684865,47798.03507,51116.345460000004,47798.03507,51116.345460000004,649,194
34,UNI,crypto,hyperliquid,UNI,8.5868,1.1646460058489794,10667.10619,66752.56664,10667.10619,66752.56664,286,216
34,SEI,crypto,hyperliquid,SEI,0.07452349999999999,2.5498564028247905,19682.298219,21495.21287,22063.554491,31111.071228,335,215
34,ZRO,crypto,hyperliquid,ZRO,1.5405,2.596896708433327,7631.26903,13177.91745,24463.7142,30191.0213,320,196
34,DOT,crypto,hyperliquid,DOT,1.1611,1.7226528854430434,46865.39654,41654.71632,85193.56001,75974.09233,329,198
34,TIA,crypto,hyperliquid,TIA,0.432415,1.1563634681643897,27924.955701,4924.522106,67556.526817,29950.622362000002,480,193
34,ADA,crypto,hyperliquid,ADA,0.243445,0.41077883667473003,133254.43913,138491.99571,133254.43913,138491.99571,510,188
34,PENDLE,crypto,hyperliquid,PENDLE,2.3384,2.5661862195791585,11619.169,8380.6812,19687.9317,10780.197400000001,526,195
34,NEAR,crypto,hyperliquid,NEAR,4.65705,0.21473051320608505,46283.04031,43238.43041,46283.04031,43238.43041,521,185
34,NEAR,crypto,lighter,10,4.663755,3.624346170094661,27669.319033,87326.803838,707010.8345400001,1728654.3429389999,,206
34,PYTH,crypto,hyperliquid,PYTH,0.08124100000000001,2.4621142174785504,1241.176182,4941.747974,27626.562341,21871.176602,711,199
34,JUP,crypto,hyperliquid,JUP,0.32394500000000004,0.9261260148796246,13156.9351,11496.25127,15603.58214,13821.36937,718,195
34,JTO,crypto,hyperliquid,JTO,0.545185,0.1834256575805604,30286.672140000002,8358.61311,64548.84826,17529.13568,715,187
34,WIF,crypto,hyperliquid,WIF,0.23177,2.5891084836460188,8723.724979999999,7697.19802,71752.56587,48040.133180000004,371,225
34,ONDO,crypto,hyperliquid,ONDO,0.515235,0.1940880771700293,29988.59311,25767.42689,29988.59311,25767.42689,384,213
34,STRK,crypto,hyperliquid,STRK,0.041475,2.4113817217275013,4835.518510999999,3024.901617,77056.26156,97177.509745,376,202
34,TAO,crypto,hyperliquid,TAO,301.885,7.621698644664221,55712.4951,36634.53987,66400.88433,112547.49532,379,202
34,ETHFI,crypto,hyperliquid,ETHFI,0.6869350000000001,0.14557524056213467,6849.775316,6127.164559,9346.122252000001,8042.550425,558,185
34,ENA,crypto,hyperliquid,ENA,0.251035,0.39835876190164043,51523.602450000006,77474.727,51523.602450000006,79994.20032999999,573,195
34,ENA,crypto,lighter,29,0.25107999999999997,2.3899621589329456,206227.197283,138117.940576,1437994.898631,1218880.4550029999,,226
34,HBAR,crypto,hyperliquid,HBAR,0.12003,1.6663889351775651,27829.257289999998,16235.457390000001,198956.57265,79334.7785,579,193
34,EIGEN,crypto,hyperliquid,EIGEN,0.25125,3.980891719745916,3712.202206,2869.334402,41130.536649,39083.698946,752,193
34,GRASS,crypto,hyperliquid,GRASS,0.687775,5.090168702732711,2452.1339550000002,4407.611365,10910.098759999999,14959.649031,769,194
34,PURR,crypto,hyperliquid,PURR,0.139955,9.293015941098659,206.17224,247.32584,880.05589,3094.34607,774,192
34,PURR,spot,hyperliquid,PURR/USDC,0.13955499999999998,5.01720183486043,350.73814000000004,8613.54054,969.63919,47867.416769999996,802,193
34,XLM,crypto,hyperliquid,XLM,0.22678500000000001,1.322926313005457,42047.74793,37065.84864,52054.72541,49707.73436,420,200
34,HYPE,crypto,hyperliquid,HYPE,87.4915,0.11429747059699125,329312.39087,254380.66301000002,329312.39087,254380.66301000002,437,200
34,HYPE,spot,hyperliquid,@107,87.5265,0.11425176519086477,132155.06051,70955.11686,132155.06051,70955.11686,429,187
34,HYPE,crypto,lighter,24,87.49495,0.5829077725616472,975803.062527,1053584.345104,2381378.658135,2353636.241111,,222
34,VIRTUAL,crypto,hyperliquid,VIRTUAL,0.807375,0.867044863379629,11115.742864,23841.021468,14461.943362,23841.021468,622,201
34,PENGU,crypto,hyperliquid,PENGU,0.009202,2.1736767742619456,23628.800027,38278.781752999996,82633.213232,87832.125692,626,195
34,FARTCOIN,crypto,hyperliquid,FARTCOIN,0.16508,1.2116071969470177,12971.8832,29164.444555,28571.325089,40412.435166,639,200
34,SPX,crypto,hyperliquid,SPX,0.40704,2.948547840189164,1474.799385,8606.658256,12395.490516,20904.402927,684,190
34,MORPHO,crypto,hyperliquid,MORPHO,2.44125,1.2289541600085663,2536.82488,6207.46576,9386.691350000001,22003.9333,288,211
34,TRUMP,crypto,hyperliquid,TRUMP,1.9623499999999998,0.5096060745035658,46422.12888,42822.32853,69717.60124,68405.45478,294,213
34,VVV,crypto,hyperliquid,VVV,27.511499999999998,3.2718944268728123,5643.615290000001,2625.59445,12723.75747,23409.5326,359,253
34,PAXG,crypto,hyperliquid,PAXG,4139.95,0.24155172830386817,272159.0633,256360.2467,272159.0633,256360.2467,332,193
34,SYRUP,crypto,hyperliquid,SYRUP,0.22533999999999998,2.6629976476844064,2449.3405900000002,5901.69939,13469.00352,13498.66582,493,203
34,PUMP,crypto,hyperliquid,PUMP,0.0048845,2.047502047499705,32178.173529,66461.47083,211302.312274,344783.62706,488,192
34,PUMP,crypto,lighter,45,0.0048850000000000005,4.095004095003851,50851.310603000005,70279.784615,883526.005413,967741.226852,,274
34,XPL,crypto,hyperliquid,XPL,0.0971555,0.10292831043257067,5473.513533,5152.402368,5473.513533,5152.402368,559,199
34,SKY,crypto,hyperliquid,SKY,0.07813149999999999,5.24894061015635,5543.98543,2688.011234,14017.474959,14479.473622,787,298
34,ASTER,crypto,hyperliquid,ASTER,0.709595,1.2684095553527897,53073.52504,43533.47284,53073.52504,43533.47284,791,296
34,ZEC,crypto,hyperliquid,ZEC,1383.95,0.7225955632628178,672205.919,978832.054,1041099.497,1543712.2149999999,797,237
34,ZEC,crypto,lighter,90,1385.6535,1.4939915557010686,363055.711281,473051.011024,3933357.533682,5222397.379395,,59
34,MON,crypto,hyperliquid,MON,0.027341,2.1947472382755073,8124.549166,6971.483056,9164.371547,19073.765929,359,223
34,CC,crypto,hyperliquid,CC,0.13411,2.9830710716693964,12270.54394,12004.220379999999,32990.23307,42406.5237,445,190
34,ICP,crypto,hyperliquid,ICP,3.22815,3.4081050935674817,7595.28698,8244.27498,24007.169270000002,40369.58021,449,190
34,AERO,crypto,hyperliquid,AERO,0.8290599999999999,2.6539598286978716,5961.9619999999995,2701.83689,5961.9619999999995,2701.83689,456,191
34,LIT,crypto,hyperliquid,LIT,4.364,0.45830564403326335,18105.093100000002,9958.4849,18105.093100000002,9958.4849,543,182
34,LIT,crypto,lighter,120,4.365,0.4582006460629451,16516.224957,66043.10894199999,270935.733563,379333.078638,,59
34,XMR,crypto,hyperliquid,XMR,541.485,0.18467902785035406,59286.255410000005,43421.33803,60097.65041,43421.33803,654,203
34,DASH,crypto,hyperliquid,DASH,60.088499999999996,3.49545590731859,3970.56995,40724.60818,5427.77719,59583.72553,647,189
34,SKR,crypto,hyperliquid,SKR,0.018355999999999997,1.0896213565780855,3545.466548,2394.154856,15957.30524,10027.663009,702,195
34,AZTEC,crypto,hyperliquid,AZTEC,0.018514,6.483682731790452,1261.738735,1057.420783,22893.126694,16188.697195,755,211
34,CHIP,crypto,hyperliquid,CHIP,0.0427875,2.103639295980564,2882.601512,5692.314617,15759.560991,20992.20473,840,191
34,GRAM,crypto,hyperliquid,GRAM,1.57375,3.177629488402278,20091.3969,15508.0613,38193.1147,26926.1979,841,186
34,CASHCAT,crypto,hyperliquid,CASHCAT,0.174895,0.571787981016314,400.2841,781.38705,7317.73088,10270.65713,401,245
34,PONS,crypto,hyperliquid,PONS,0.530975,5.086278351291718,17900.152830000003,8449.60487,45752.80231,15492.09737,445,236
34,USELESS,crypto,hyperliquid,USELESS,0.232765,2.148320013748428,2119.65253,19536.30347,14185.3951,28208.93358,545,250
34,US100,indices,hyperliquid,xyz:XYZ100,30165.5,0.3315100281775507,4317165.6471,3544738.2484,4317165.6471,3544738.2484,528,230
34,US100,indices,lighter,181,30165.5,0.9945630552987694,786942.083427,883887.152518,2897546.74445,8957693.886434,,209
34,TSLA,stocks,hyperliquid,xyz:TSLA,356.885,0.28020623178637294,299637.74966,139263.10700000002,299637.74966,139263.10700000002,637,191
34,TSLA,stocks,lighter,112,356.92,0.5603653582131329,278640.91565700003,215698.185323,1031290.806341,1086656.634141,,50
34,NVDA,stocks,hyperliquid,xyz:NVDA,228.345,0.437943417710418,784245.24177,675267.8785400001,784245.24177,675267.8785400001,736,189
34,NVDA,stocks,lighter,110,228.4445,0.043774404230312314,733036.1662420001,757828.918206,1475467.985894,1474326.014397,,59
34,XAU,commodities,hyperliquid,xyz:GOLD,4131.35,0.24205455909642737,882577.67576,1648831.24701,882577.67576,1648831.24701,273,189
34,XAU,commodities,lighter,92,4132.860000000001,0.7259159244177305,758973.22612,1180125.826508,3467961.01665,1880230.302631,,55
34,HOOD,stocks,hyperliquid,xyz:HOOD,115.65,1.7295053614652112,151557.12904,181600.39855,262961.65944,323760.24932,378,265
34,INTC,stocks,hyperliquid,xyz:INTC,114.11500000000001,0.87634738410447,202998.158,800622.0567000001,543121.5589000001,1271331.887,357,191
34,PLTR,stocks,hyperliquid,xyz:PLTR,186.445,1.6091830713937938,114740.27551,99533.31707,120398.94746,122667.83866000001,447,240
34,COIN,stocks,hyperliquid,xyz:COIN,191.695,1.5651085141898946,58214.28565,121359.26543,77549.76148,198378.81818,472,198
34,META,stocks,hyperliquid,xyz:META,712.86,0.5611357387347304,137027.48234,199523.09321999998,137027.48234,199523.09321999998,573,215
34,META,stocks,lighter,117,713.35,0.5607502838800293,330264.805374,303591.943316,893937.395092,828535.221495,,201
34,AAPL,stocks,hyperliquid,xyz:AAPL,337.51,0.5925925925920339,206930.12461,145026.16942,206930.12461,145026.16942,648,200
34,AAPL,stocks,lighter,113,337.5155,0.9777806749045048,307922.723537,283284.108139,1148307.316389,1015025.094948,,50
34,MSFT,stocks,hyperliquid,xyz:MSFT,507.28,0.3942673526924345,165712.35913,89654.16983,165712.35913,89654.16983,724,199
34,MSFT,stocks,lighter,115,507.53499999999997,1.7734339592889725,141226.005682,70501.632526,766074.70658,564226.816072,,199
34,ORCL,stocks,hyperliquid,xyz:ORCL,132.69,1.5073861923409204,265290.50069,86729.56604,360032.51554,189953.06233,778,196
34,GOOGL,stocks,hyperliquid,xyz:GOOGL,341.89,0.5850005850005502,236003.64567,155003.714,236003.64567,155003.714,292,194
34,GOOGL,stocks,lighter,116,342.04499999999996,1.461902812700533,112706.163721,114839.124189,1057057.550335,754382.386147,,225
34,AMZN,stocks,hyperliquid,xyz:AMZN,246.17000000000002,0.8124796880082386,126393.55647,225715.33592,126393.55647,225715.33592,427,202
34,AMZN,stocks,lighter,114,246.1495,0.934435154262836,251885.13204199998,270939.363952,837506.141983,754610.380641,,54
34,AMD,stocks,hyperliquid,xyz:AMD,605.095,1.4874803735231978,55643.30656,85603.57628,55643.30656,85603.57628,482,197
34,MU,stocks,hyperliquid,xyz:MU,1051.75,0.9508414947223542,693426.5301,1403886.2803,1590514.1762,2195119.4551999997,483,189
34,SNDK,stocks,hyperliquid,xyz:SNDK,1698.95,0.5886161633994469,924178.1738,1553654.5003,1132909.3875,1729930.1940000001,593,194
34,SNDK,stocks,hyperliquid,io:SNDK,1699.35,0.5884776084275067,56434.69961,88323.61909,81012.83149,91853.16889,628,198
34,SNDK,stocks,lighter,139,1699.03,0.7063102938831278,779628.8124309999,992513.459843,3105189.915449,3216449.925674,,57
34,MSTR,stocks,hyperliquid,xyz:MSTR,156.175,0.6403278478583907,190089.32842,304698.67249,227856.57554,541053.51779,684,197
34,CRCL,stocks,hyperliquid,xyz:CRCL,85.2235,1.760232820127161,103449.026625,102312.869034,103449.026625,102312.869034,791,247
34,NFLX,stocks,hyperliquid,xyz:NFLX,69.28550000000001,2.1651895262575493,24714.327032,28348.228199999998,24714.327032,28741.274319,378,328
34,LLY,stocks,hyperliquid,xyz:LLY,1186.45,4.215140785701621,19354.35841,7214.14528,112271.21007999999,38346.712849999996,484,398
34,SKHX,stocks,hyperliquid,xyz:SKHX,1292.05,0.7739938080497666,954853.9715,774428.8953,1659376.5664,1534682.9989,368,227
34,TSM,stocks,hyperliquid,xyz:TSM,447.605,2.0109035660009766,56120.84285,39445.77226,56120.84285,87594.0318,478,230
34,USDJPY,fx,hyperliquid,xyz:JPY,157.375,1.9064565327897576,813547.865,811065.4236,890580.0709,889642.0108,564,194
34,USDJPY,fx,lighter,98,157.2995,3.3699363527106563,24581.325907,54819.175408999996,1065478.493759,2616969.080764,,55
34,EURUSD,fx,hyperliquid,xyz:EUR,1.1368,1.759479194158864,395725.00267,100444.38229,668875.55457,371104.23342,625,189
34,EURUSD,fx,lighter,96,1.13721,2.110650871962605,62234.489487,28645.425259,2134639.528954,2244868.434307,,53
34,XAG,commodities,hyperliquid,xyz:SILVER,60.572500000000005,0.1650927821428283,1059737.53819,265149.85283,1059737.53819,265149.85283,679,194
34,XAG,commodities,lighter,93,60.5957,0.9242006901799549,1183394.922783,1058493.862912,3641355.169289,2477033.357141,,216
34,BABA,stocks,hyperliquid,xyz:BABA,107.69999999999999,1.857182653912659,93170.75817999999,44954.85892,206879.75358,146718.7293,764,198
34,WTI,commodities,hyperliquid,xyz:CL,94.15299999999999,0.21242246579955548,561901.008843,633050.230366,561901.008843,633050.230366,292,202
34,WTI,commodities,lighter,145,94.12899999999999,0.8499335989364809,583473.173836,527837.964526,1362448.599218,1811016.7660390001,,218
34,COPPER,commodities,hyperliquid,xyz:COPPER,6.6091999999999995,0.6052352852181642,47068.747352,58164.29053,47068.747352,58164.29053,413,197
34,NATGAS,commodities,hyperliquid,xyz:NATGAS,3.1326,0.6384676775739173,78049.44961000001,50943.05629,78049.44961000001,50943.05629,418,189
34,SMSN,stocks,hyperliquid,xyz:SMSN,199.285,0.5018065034123609,180345.10987000001,163997.57718,180345.10987000001,163997.57718,486,192
34,XPT,commodities,hyperliquid,xyz:PLATINUM,1699.65,2.942214899375184,72801.35032,48929.34541,100922.66273,52258.59827,551,188
34,USAR,stocks,hyperliquid,xyz:USAR,14.42,4.161753485467656,13498.8217,4383.39761,43971.26649,8886.94765,608,194
34,CRWV,stocks,hyperliquid,xyz:CRWV,84.2895,2.0170619712622795,87527.2521,64563.86373999999,103537.36469,85406.14954,611,192
34,GME,stocks,hyperliquid,xyz:GME,23.9135,2.0910877838642428,10126.31803,13904.70378,19049.92765,29103.90574,679,192
34,SOFTBANK,stocks,hyperliquid,xyz:SOFTBANK,38.211,8.378059955491679,7837.902581,19379.04432,217453.746808,187830.565645,736,184
34,JP225,indices,hyperliquid,xyz:JP225,65177.5,7.520758829218099,12764.38038,348997.0516,31695.14421,354555.33821,278,199
34,KIOXIA,stocks,hyperliquid,xyz:KIOXIA,112.61,7.106689171183511,77.42429999999999,16085.03715,126236.1718,154698.91754,283,201
34,EWY,stocks,hyperliquid,xyz:EWY,183.73000000000002,1.0886131069032245,337393.53802000004,292187.61489,353099.04125,309969.80671,339,188
34,BRENTOIL,commodities,hyperliquid,xyz:BRENTOIL,99.7055,0.10029587282467389,189896.62836,258127.64978,189896.62836,258127.64978,397,189
34,BRENTOIL,commodities,lighter,159,99.64,2.007427481682811,530020.314743,1025822.453297,1776549.167323,1797884.777726,,57
34,HIMS,stocks,hyperliquid,xyz:HIMS,28.6795,7.324985175625187,8925.513359999999,11942.96954,29512.30861,21933.19719,474,190
34,US500,indices,hyperliquid,xyz:SP500,7666.15,0.13044442415344193,1744526.4425,1297197.8486000001,1744526.4425,1297197.8486000001,533,195
34,US500,indices,hyperliquid,mkts:US500,763.91,0.26181437360994764,42992.38467,66113.11768,42992.38467,66113.11768,530,190
34,US500,indices,lighter,180,7668.1,0.5216552119891027,761737.013064,1157375.362997,13775910.262081,13802942.149727998,,50
34,LITE,stocks,hyperliquid,xyz:LITE,914.575,2.0776834922564547,60235.26033,78416.02303,62754.13824,78416.02303,699,248
34,PURRDAT,stocks,hyperliquid,xyz:PURRDAT,12.057500000000001,12.448132780082943,1530.258,687.789,7516.95,31559.533,712,236
34,MRVL,stocks,hyperliquid,xyz:MRVL,250.07,1.599680063986142,113863.9423,216050.9289,147479.1783,216050.9289,742,211
34,RKLB,stocks,hyperliquid,xyz:RKLB,71.674,2.2325789077104474,35435.9612,68850.21207,55457.96058,78318.17077,734,200
34,DRAM,stocks,hyperliquid,xyz:DRAM,60.0085,0.16664444740577267,116629.2511,94945.0303,116629.2511,94945.0303,371,210
34,CBRS,stocks,hyperliquid,xyz:CBRS,196.97,2.0309723280020897,43715.0956,56551.488900000004,86442.8621,172368.4725,368,194
34,ARM,stocks,hyperliquid,xyz:ARM,281.815,1.7743709854833867,41536.4228,47746.585999999996,139726.2832,104683.9828,392,197
34,GBPUSD,fx,hyperliquid,xyz:GBP,1.3244500000000001,5.286609772674478,137359.1504,165162.88259999998,393838.7021,326174.1055,396,193
34,GBPUSD,fx,lighter,97,1.324295,1.736923983146621,38100.288072,18732.964199000002,2510441.112989,2292034.259471,,57
34,SPCX,stocks,hyperliquid,xyz:SPCX,145.89499999999998,0.6854479402296221,1473311.5379,1299655.8152,1999386.2945,2010152.7965000002,568,196
34,SPCX,stocks,lighter,194,145.935,0.6852600561901845,796087.206117,904650.206547,1100301.804732,1263904.071758,,222
34,MINIMAX,stocks,hyperliquid,xyz:MINIMAX,31.3675,5.421091233777098,18445.20201,10318.687680000001,29728.12,25592.72959,602,205
34,BB,stocks,hyperliquid,xyz:BB,8.6991,3.2192418685417223,5687.227199999999,14131.950149999999,26277.40802,60576.288160000004,625,196
34,QNT,stocks,hyperliquid,xyz:QNT,49.0305,12.857405253168253,336.60553000000004,69.17742,3522.89694,2133.87953,768,198
34,DELL,stocks,hyperliquid,xyz:DELL,539.99,2.2225103254136513,29936.7963,20406.6696,37704.8763,20406.6696,810,206
34,AVGO,stocks,hyperliquid,xyz:AVGO,348.41499999999996,2.0093001894472273,128138.36099999999,57972.458399999996,184841.0878,74058.8067,818,200
34,NBIS,stocks,hyperliquid,xyz:NBIS,229.665,2.1773210242126417,104931.76389999999,119030.8351,118018.0499,119030.8351,823,196
34,NBIS,stocks,hyperliquid,io:NBIS,229.82,2.6110796814493575,10055.8297,12332.8799,10152.2549,22808.1182,417,189
34,WDC,stocks,hyperliquid,xyz:WDC,451.08,2.2171474181331696,17643.75019,15849.369809999998,30733.534649999998,44961.59018,464,195
34,BE,stocks,hyperliquid,xyz:BE,261.53,0.7647598654036969,42124.77930000001,40653.1563,73621.0822,65688.6099,468,190
34,ZHIPU,stocks,hyperliquid,xyz:ZHIPU,78.8065,2.4112593119030024,27730.799003,23507.862752,41536.612751,41317.850609,461,178
34,QCOM,stocks,hyperliquid,xyz:QCOM,186.925,1.6050505590925468,11050.8307,7986.5678,69887.3652,36758.4173,613,195
34,STRC,stocks,hyperliquid,xyz:STRC,99.06450000000001,4.543526988549651,2188.1657,2686.2743,138799.56459999998,91489.758,687,225
34,AMAT,stocks,hyperliquid,xyz:AMAT,481.625,2.699559764098858,36425.3565,22082.65904,40553.855129999996,30502.47261,686,221
34,SKHY,stocks,hyperliquid,xyz:SKHY,182.21499999999997,1.6465422612510494,626771.3911,564899.8096,760283.2305000001,629626.2747,658,188
34,CXMT,stocks,hyperliquid,xyz:CXMT,8.24935,2.303477037970403,16186.07959,49700.680960000005,37412.21552,49700.680960000005,284,200
34,KORU,stocks,hyperliquid,xyz:KORU,20.3765,3.4359200903155696,23514.1106,70636.0934,109018.6492,190635.1635,382,253
34,UNITREE,stocks,hyperliquid,xyz:UNITREE,67.983,1.1768340222717555,21253.34335,13577.97747,21253.34335,13577.97747,402,244
34,SOXL,stocks,hyperliquid,xyz:SOXL,138.90499999999997,2.159982720137954,175306.3347,183666.5536,375014.3888,546913.8147,350,190
34,IREN,stocks,hyperliquid,xyz:IREN,41.5015,2.6508579140149813,2708.5469999999996,22259.9991,2708.5469999999996,37248.004199999996,479,193
34,AAOI,stocks,hyperliquid,xyz:AAOI,95.488,1.4662603030979326,4978.39274,17976.81666,10205.96025,20681.08251,556,205
34,MRNA,stocks,hyperliquid,xyz:MRNA,195.125,2.562788313686948,41432.3759,14835.386799999998,108237.73319999999,74710.4366,576,193
34,BMNR,stocks,hyperliquid,xyz:BMNR,26.8445,1.1176098051635108,801.48061,15541.04867,16926.58179,32859.44194,622,217
34,US10Y,rates,hyperliquid,para:10Y,5.25315,7.807887871114083,5988.86733,47959.02615,97222.20668999999,179649.86714999998,671,190
34,US10Y,rates,lighter,227,95.205,3.151591553733901,29999.092943000003,3521.159424,1122671.03944,972596.555782,,223
34,30Y,unclassified,hyperliquid,para:30Y,5.56725,9.884086620541854,21499.558960000002,28499.06767,76236.58686,73260.92297,776,198
34,2Y,unclassified,hyperliquid,para:2Y,4.9249,143.15221170167146,0,0,64054.80225,82471.93476,817,193
34,USTECH,indices,hyperliquid,mkts:USTECH,733.485,0.4090146836266406,27317.840740000003,31035.38976,27317.840740000003,31035.38976,348,232
34,OAI,preipo,hyperliquid,io:OAI,1625.75,4.306632213608719,2448.5743,56338.107599999996,16405.4119,62825.513399999996,471,251
34,ANTH,preipo,hyperliquid,io:ANTH,2054.8,0.9733781087284399,9881.6493,10503.8545,13466.5399,13593.7064,483,259
