round,timestamp_ms,asset,category,buy_venue,buy_market,sell_venue,sell_market,buy_kind,sell_kind,target_notional,base_quantity,buy_cost,sell_proceeds,gross_entry_bps,entry_fee_bps,net_entry_bps,premium_account_net_bps,net_with_5bp_other_cost,net_with_10bp_other_cost,buy_base_lot_step,sell_base_lot_step,buy_size_on_lot_grid,sell_size_on_lot_grid,both_sizes_on_lot_grid,full_lot_reserve_usd,net_after_rounding_reserve_bps,quote_skew_ms,buy_collateral,sell_collateral,requires_spot_borrow_or_inventory,economic_mapping,both_venue_timestamps
0,1790654847940,NVDA,stocks,rh_lighter,15,rh_lighter,2054,perp,spot,1000,4.3771,1000.1235790000002,998.8104490000001,-13.12967744759197,0.0,-13.129677447591849,-20.12508206048519,-18.12967744759185,-23.12967744759185,0.0001,0.0001,True,True,True,0,-13.129677447591849,1075,USDG,USDG,True,ticker/price-unit candidate; settlement rules need review,False
0,1790654847940,NVDA,stocks,rh_lighter,15,rh_lighter,2054,perp,spot,10000,43.7713,10001.304337,9986.939851,-14.362612631293459,0.0,-14.362612631293231,-21.357585716872283,-19.36261263129323,-24.36261263129323,0.0001,0.0001,True,True,True,0,-14.362612631293231,1075,USDG,USDG,True,ticker/price-unit candidate; settlement rules need review,False
0,1790654847940,NVDA,stocks,rh_lighter,15,rh_lighter,2054,perp,spot,100000,437.7133,100030.61359299999,99774.13755000003,-25.639755049738923,0.0,-25.639755049738753,-32.630781135471345,-30.639755049738753,-35.63975504973875,0.0001,0.0001,True,True,True,0,-25.639755049738753,1075,USDG,USDG,True,ticker/price-unit candidate; settlement rules need review,False
0,1790654848128,NVDA,stocks,hyperliquid,xyz:NVDA,rh_lighter,2054,perp,spot,1000,4.382,999.79712,999.9285799999999,1.3148667601670105,0.9,0.41486676016777574,-3.0855934431982828,-4.585133239832224,-9.585133239832224,0.001,0.0001,True,True,True,0,0.41486676016777574,188,USDC,USDG,True,ticker/price-unit candidate; settlement rules need review,False
0,1790654848128,NVDA,stocks,hyperliquid,xyz:NVDA,rh_lighter,2054,perp,spot,10000,43.829,10000.02464,10000.104106,0.07946580419693205,0.9,-0.8205341958026934,-4.3205620088341625,-5.8205341958026935,-10.820534195802693,0.001,0.0001,True,True,True,0,-0.8205341958026934,188,USDC,USDG,True,ticker/price-unit candidate; settlement rules need review,False
0,1790654848128,NVDA,stocks,hyperliquid,xyz:NVDA,rh_lighter,2054,perp,spot,100000,438.298,100016.44706999997,99907.36729200002,-10.906184052268397,0.9,-11.806184052268712,-15.30236688785042,-16.806184052268712,-21.806184052268712,0.001,0.0001,True,True,True,0,-11.806184052268712,188,USDC,USDG,True,ticker/price-unit candidate; settlement rules need review,False
0,1790654847940,NVDA,stocks,rh_lighter,2054,rh_lighter,15,spot,perp,1000,4.3811,1000.2489410000001,1000.774673,5.256011563223861,0.0,5.256011563224921,-1.7458280408222078,0.2560115632249209,-4.743988436775079,0.0001,0.0001,True,True,True,0,5.256011563224921,1075,USDG,USDG,False,ticker/price-unit candidate; settlement rules need review,False
0,1790654847940,NVDA,stocks,rh_lighter,2054,rh_lighter,15,spot,perp,10000,43.8116,10002.626396,10007.883788,5.256011563223861,0.0,5.256011563224966,-1.7458280408221616,0.2560115632249662,-4.743988436775034,0.0001,0.0001,True,True,True,0,5.256011563224966,1075,USDG,USDG,False,ticker/price-unit candidate; settlement rules need review,False
0,1790654847940,NVDA,stocks,rh_lighter,2054,rh_lighter,15,spot,perp,100000,438.1161,100211.23634600005,100070.86865800002,-14.007180543644804,0.0,-14.00718054364473,-21.002278030454452,-19.00718054364473,-24.00718054364473,0.0001,0.0001,True,True,True,0,-14.00718054364473,1075,USDG,USDG,False,ticker/price-unit candidate; settlement rules need review,False
0,1790654848128,NVDA,stocks,rh_lighter,2054,hyperliquid,xyz:NVDA,spot,perp,1000,4.381,1000.2261100000001,999.5195100000001,-7.064402667912306,0.8993642037598878,-7.963766871672449,-11.46376687167245,-12.963766871672448,-17.963766871672448,0.0001,0.001,True,True,True,0,-7.963766871672449,188,USDG,USDC,False,ticker/price-unit candidate; settlement rules need review,False
0,1790654848128,NVDA,stocks,rh_lighter,2054,hyperliquid,xyz:NVDA,spot,perp,10000,43.811,10002.48941,9994.955979999999,-7.531555087146868,0.8993221600421568,-8.430877247188524,-11.930877247188524,-13.430877247188524,-18.430877247188526,0.0001,0.001,True,True,True,0,-8.430877247188524,188,USDG,USDC,False,ticker/price-unit candidate; settlement rules need review,False
0,1790654848128,NVDA,stocks,rh_lighter,2054,hyperliquid,xyz:NVDA,spot,perp,100000,438.116,100211.21345300003,99943.33935,-26.730950935512922,0.8975942144158038,-27.62854514992899,-31.12854514992899,-32.62854514992899,-37.62854514992899,0.0001,0.001,True,True,True,0,-27.62854514992899,188,USDG,USDC,False,ticker/price-unit candidate; settlement rules need review,False
0,1790654847928,AAPL,stocks,rh_lighter,10,rh_lighter,2049,perp,spot,1000,2.9621,1000.064202,999.2348139999999,-8.29334755050204,0.0,-8.293347550501643,-15.290444878858969,-13.293347550501643,-18.293347550501643,0.0001,0.0001,True,True,True,0,-8.293347550501643,663,USDG,USDG,True,ticker/price-unit candidate; settlement rules need review,False
0,1790654847928,AAPL,stocks,rh_lighter,10,rh_lighter,2049,perp,spot,10000,29.6217,10000.878354,9990.287786,-10.589637854923062,0.0,-10.589637854922778,-17.585931481673555,-15.589637854922778,-20.589637854922778,0.0001,0.0001,True,True,True,0,-10.589637854922778,663,USDG,USDG,True,ticker/price-unit candidate; settlement rules need review,False
0,1790654847928,AAPL,stocks,rh_lighter,10,rh_lighter,2049,perp,spot,100000,296.2173,100030.245458,91324.080839,-870.3532195825192,0.0,-870.3532195825197,-877.048595955666,-875.3532195825197,-880.3532195825197,0.0001,0.0001,True,True,True,0,-870.3532195825197,663,USDG,USDG,True,ticker/price-unit candidate; settlement rules need review,False
0,1790654848118,AAPL,stocks,hyperliquid,xyz:AAPL,rh_lighter,2049,perp,spot,1000,2.964,999.8757599999999,999.8757599999999,0.0,0.8999999999999999,-0.8999999999999999,-4.3999999999999995,-5.9,-10.9,0.001,0.0001,True,True,True,0,-0.8999999999999999,190,USDC,USDG,True,ticker/price-unit candidate; settlement rules need review,False
0,1790654848118,AAPL,stocks,hyperliquid,xyz:AAPL,rh_lighter,2049,perp,spot,10000,29.644,10000.64317,9997.79352,-2.8494667308487376,0.8999999999999999,-3.7494667308483827,-7.248469417492585,-8.749466730848383,-13.749466730848383,0.001,0.0001,True,True,True,0,-3.7494667308483827,190,USDC,USDG,True,ticker/price-unit candidate; settlement rules need review,False
0,1790654848118,AAPL,stocks,hyperliquid,xyz:AAPL,rh_lighter,2049,perp,spot,100000,296.445,100028.04652,91324.08767000001,-870.1518376908112,0.9,-871.0518376908112,-874.2472845476194,-876.0518376908112,-881.0518376908112,0.001,0.0001,True,True,True,0,-871.0518376908112,190,USDC,USDG,True,ticker/price-unit candidate; settlement rules need review,False
0,1790654847928,AAPL,stocks,rh_lighter,2049,rh_lighter,10,spot,perp,1000,2.9619,1000.766772,999.7523249999999,-10.13669746421253,0.0,-10.136697464212155,-17.13314962009968,-15.136697464212155,-20.136697464212155,0.0001,0.0001,True,True,True,0,-10.136697464212155,663,USDG,USDG,False,ticker/price-unit candidate; settlement rules need review,False
0,1790654847928,AAPL,stocks,rh_lighter,2049,rh_lighter,10,spot,perp,10000,29.6199,10011.414498,9997.331878999998,-14.066562724793785,0.0,-14.06656272479362,-21.061639427839943,-19.06656272479362,-24.06656272479362,0.0001,0.0001,True,True,True,0,-14.06656272479362,663,USDG,USDG,False,ticker/price-unit candidate; settlement rules need review,False
0,1790654848118,AAPL,stocks,rh_lighter,2049,hyperliquid,xyz:AAPL,spot,perp,1000,2.961,1000.46268,998.8045199999999,-16.573931573340417,0.8985083461583995,-17.472439919498708,-20.97243991949871,-22.472439919498708,-27.472439919498708,0.0001,0.001,True,True,True,0,-17.472439919498708,190,USDG,USDC,False,ticker/price-unit candidate; settlement rules need review,False
0,1790654848118,AAPL,stocks,rh_lighter,2049,hyperliquid,xyz:AAPL,spot,perp,10000,29.619,10011.10938,9990.733230000002,-20.353538480665236,0.89816818153674,-21.251706662202338,-24.75170666220234,-26.251706662202338,-31.251706662202338,0.0001,0.001,True,True,True,0,-21.251706662202338,190,USDG,USDC,False,ticker/price-unit candidate; settlement rules need review,False
0,1790654847972,TSLA,stocks,rh_lighter,16,rh_lighter,2055,perp,spot,1000,2.8004,1000.0788479999999,998.7626599999999,-13.160842293906683,0.0,-13.16084229390692,-20.156235999104055,-18.16084229390692,-23.16084229390692,0.0001,0.0001,True,True,True,0,-13.16084229390692,674,USDG,USDG,True,ticker/price-unit candidate; settlement rules need review,False
0,1790654847972,TSLA,stocks,rh_lighter,16,rh_lighter,2055,perp,spot,10000,28.0049,10001.413529999998,9986.735012000001,-14.676443440687637,0.0,-14.676443440687315,-21.671306685483078,-19.676443440687315,-24.676443440687315,0.0001,0.0001,True,True,True,0,-14.676443440687315,674,USDG,USDG,True,ticker/price-unit candidate; settlement rules need review,False
0,1790654847972,TSLA,stocks,rh_lighter,16,rh_lighter,2055,perp,spot,100000,280.0492,100038.016403,99756.43554399996,-28.14738527658345,0.0,-28.14738527658308,-35.13753369173627,-33.14738527658308,-38.14738527658308,0.0001,0.0001,True,True,True,0,-28.14738527658308,674,USDG,USDG,True,ticker/price-unit candidate; settlement rules need review,False
0,1790654848168,TSLA,stocks,hyperliquid,xyz:TSLA,rh_lighter,2055,perp,spot,1000,2.802,999.94974,999.3333,-6.164709838316629,0.9,-7.064709838316587,-10.562552189873177,-12.064709838316588,-17.06470983831659,0.001,0.0001,True,True,True,0,-7.064709838316587,196,USDC,USDG,True,ticker/price-unit candidate; settlement rules need review,False
0,1790654848168,TSLA,stocks,hyperliquid,xyz:TSLA,rh_lighter,2055,perp,spot,10000,28.022,10000.559289999997,9992.832188,-7.7266698550793045,0.8999999999999999,-8.626669855078779,-12.123965520629502,-13.626669855078779,-18.62666985507878,0.001,0.0001,True,True,True,0,-8.626669855078779,196,USDC,USDG,True,ticker/price-unit candidate; settlement rules need review,False
0,1790654848168,TSLA,stocks,hyperliquid,xyz:TSLA,rh_lighter,2055,perp,spot,100000,280.225,100019.10484,99819.02385999999,-20.004276215037642,0.9,-20.904276215037296,-24.397274718362034,-25.904276215037296,-30.904276215037296,0.001,0.0001,True,True,True,0,-20.904276215037296,196,USDC,USDG,True,ticker/price-unit candidate; settlement rules need review,False
0,1790654847972,TSLA,stocks,rh_lighter,2055,rh_lighter,16,spot,perp,1000,2.8034,1000.1409839999999,1000.925936,7.848413499271789,0.0,7.848413499272113,0.8456665545473677,2.8484134992721133,-2.1515865007278867,0.0001,0.0001,True,True,True,0,7.848413499272113,674,USDG,USDG,False,ticker/price-unit candidate; settlement rules need review,False
0,1790654847972,TSLA,stocks,rh_lighter,2055,rh_lighter,16,spot,perp,10000,28.0343,10001.516868,10009.045957999999,7.527948109637972,0.0,7.52794810963886,0.5253133278004862,2.52794810963886,-2.47205189036114,0.0001,0.0001,True,True,True,0,7.52794810963886,674,USDG,USDG,False,ticker/price-unit candidate; settlement rules need review,False
0,1790654847972,TSLA,stocks,rh_lighter,2055,rh_lighter,16,spot,perp,100000,280.3437,100176.64451200001,100063.83119299999,-11.261439185707989,0.0,-11.261439185708488,-18.257497681993488,-16.26143918570849,-21.26143918570849,0.0001,0.0001,True,True,True,0,-11.261439185708488,674,USDG,USDG,False,ticker/price-unit candidate; settlement rules need review,False
0,1790654848168,TSLA,stocks,rh_lighter,2055,hyperliquid,xyz:TSLA,spot,perp,1000,2.803,999.9982799999999,1000.2225199999999,2.2424038569357485,0.9002018163471242,1.3422020405875987,-2.157797959412401,-3.6577979594124015,-8.6577979594124,0.0001,0.001,True,True,True,0,1.3422020405875987,196,USDG,USDC,False,ticker/price-unit candidate; settlement rules need review,False
0,1790654848168,TSLA,stocks,rh_lighter,2055,hyperliquid,xyz:TSLA,spot,perp,10000,28.034,10001.40984,10003.3126,1.902491779097737,0.9001712242601189,1.002320554837931,-2.4976794451620687,-3.9976794451620687,-8.997679445162069,0.0001,0.001,True,True,True,0,1.002320554837931,196,USDG,USDC,False,ticker/price-unit candidate; settlement rules need review,False
0,1790654848168,TSLA,stocks,rh_lighter,2055,hyperliquid,xyz:TSLA,spot,perp,100000,280.343,100176.39414300001,100017.15002999999,-15.896371032551038,0.8985693266070705,-16.794940359158346,-20.294940359158346,-21.794940359158346,-26.794940359158346,0.0001,0.001,True,True,True,0,-16.794940359158346,196,USDG,USDC,False,ticker/price-unit candidate; settlement rules need review,False
0,1790654848041,META,stocks,rh_lighter,13,rh_lighter,2052,perp,spot,1000,1.3977,1000.0795109999999,999.453339,-6.26122216396352,0.0,-6.261222163963353,-13.259030736205967,-11.261222163963353,-16.261222163963353,0.0001,0.0001,True,True,True,0,-6.261222163963353,764,USDG,USDG,True,ticker/price-unit candidate; settlement rules need review,False
0,1790654848041,META,stocks,rh_lighter,13,rh_lighter,2052,perp,spot,10000,13.9778,10001.823262999998,9993.694730000001,-8.127051224817716,0.0,-8.127051224817603,-15.124206756888915,-13.127051224817603,-18.127051224817603,0.0001,0.0001,True,True,True,0,-8.127051224817603,764,USDG,USDG,True,ticker/price-unit candidate; settlement rules need review,False
0,1790654848041,META,stocks,rh_lighter,13,rh_lighter,2052,perp,spot,100000,139.778,100035.35928599998,99676.56487999999,-35.8667583703276,0.0,-35.866758370327545,-42.854205004897935,-40.866758370327545,-45.866758370327545,0.0001,0.0001,True,True,True,0,-35.866758370327545,764,USDG,USDG,True,ticker/price-unit candidate; settlement rules need review,False
0,1790654848319,META,stocks,hyperliquid,xyz:META,rh_lighter,2052,perp,spot,1000,1.399,999.80934,1000.3829300000001,5.736993815241842,0.9,4.836993815241625,1.33498586740629,-0.16300618475837503,-5.163006184758375,0.001,0.0001,True,True,True,0,4.836993815241625,278,USDC,USDG,True,ticker/price-unit candidate; settlement rules need review,False
0,1790654848319,META,stocks,hyperliquid,xyz:META,rh_lighter,2052,perp,spot,10000,13.993,10000.61864,10004.559842,3.94095819656215,0.9,3.040958196562103,-0.4604211388066934,-1.9590418034378971,-6.959041803437897,0.001,0.0001,True,True,True,0,3.040958196562103,278,USDC,USDG,True,ticker/price-unit candidate; settlement rules need review,False
0,1790654848319,META,stocks,hyperliquid,xyz:META,rh_lighter,2052,perp,spot,100000,139.931,100020.67627,99785.57126000001,-23.50564091021856,0.8999999999999999,-24.40564091021865,-27.897413935900076,-29.40564091021865,-34.40564091021865,0.001,0.0001,True,True,True,0,-24.40564091021865,278,USDC,USDG,True,ticker/price-unit candidate; settlement rules need review,False
0,1790654848041,META,stocks,rh_lighter,2052,rh_lighter,13,spot,perp,1000,1.3983,999.9942450000001,1000.2459390000001,2.5169544850744963,0.0,2.5169544850734926,-4.483926448996282,-2.4830455149265074,-7.483045514926507,0.0001,0.0001,True,True,True,0,2.5169544850734926,764,USDG,USDG,False,ticker/price-unit candidate; settlement rules need review,False
0,1790654848041,META,stocks,rh_lighter,2052,rh_lighter,13,spot,perp,10000,13.9838,10001.149842,10002.931706000001,1.7816591373498447,0.0,1.781659137349915,-5.218964443348158,-3.218340862650085,-8.218340862650084,0.0001,0.0001,True,True,True,0,1.781659137349915,764,USDG,USDG,False,ticker/price-unit candidate; settlement rules need review,False
0,1790654848041,META,stocks,rh_lighter,2052,rh_lighter,13,spot,perp,100000,139.8386,100297.87005800003,100010.588527,-28.642834671753768,0.0,-28.642834671753363,-35.63280967961825,-33.64283467175336,-38.64283467175336,0.0001,0.0001,True,True,True,0,-28.642834671753363,764,USDG,USDG,False,ticker/price-unit candidate; settlement rules need review,False
0,1790654848319,META,stocks,rh_lighter,2052,hyperliquid,xyz:META,spot,perp,1000,1.398,999.7796999999999,999.02478,-7.550863455219048,0.8993204222890304,-8.450183877507916,-11.950183877507914,-13.450183877507916,-18.450183877507918,0.0001,0.001,True,True,True,0,-8.450183877507916,278,USDG,USDC,False,ticker/price-unit candidate; settlement rules need review,False
0,1790654848319,META,stocks,rh_lighter,2052,hyperliquid,xyz:META,spot,perp,10000,13.983,10000.57737,9991.993849999999,-8.583024441919385,0.8992275278002272,-9.482251969719977,-12.982251969719979,-14.482251969719977,-19.482251969719975,0.0001,0.001,True,True,True,0,-9.482251969719977,278,USDG,USDC,False,ticker/price-unit candidate; settlement rules need review,False
0,1790654848319,META,stocks,rh_lighter,2052,hyperliquid,xyz:META,spot,perp,100000,139.838,100297.43932400002,99909.70583999997,-38.658363225757554,0.8965207473096819,-39.55488397306701,-43.054883973067,-44.55488397306701,-49.55488397306701,0.0001,0.001,True,True,True,0,-39.55488397306701,278,USDG,USDC,False,ticker/price-unit candidate; settlement rules need review,False
0,1790654848111,GOOGL,stocks,rh_lighter,12,rh_lighter,2051,perp,spot,1000,2.9212,1000.105644,998.3785239999999,-17.269375594085588,0.0,-17.26937559408601,-24.26333131262808,-22.26937559408601,-27.26937559408601,0.0001,0.0001,True,True,True,0,-17.26937559408601,819,USDG,USDG,True,ticker/price-unit candidate; settlement rules need review,False
0,1790654848111,GOOGL,stocks,rh_lighter,12,rh_lighter,2051,perp,spot,10000,29.212,10001.577436,9983.580898,-17.993699609045734,0.0,-17.99369960904577,-24.987401814182604,-22.99369960904577,-27.99369960904577,0.0001,0.0001,True,True,True,0,-17.99369960904577,819,USDG,USDG,True,ticker/price-unit candidate; settlement rules need review,False
0,1790654848111,GOOGL,stocks,rh_lighter,12,rh_lighter,2051,perp,spot,100000,292.12,100037.57513699998,99633.64541599996,-40.37780008630199,0.0,-40.377800086302216,-47.36366785627201,-45.377800086302216,-50.377800086302216,0.0001,0.0001,True,True,True,0,-40.377800086302216,819,USDG,USDG,True,ticker/price-unit candidate; settlement rules need review,False
0,1790654848361,GOOGL,stocks,hyperliquid,xyz:GOOGL,rh_lighter,2051,perp,spot,1000,2.924,999.92028,999.33548,-5.848466239729566,0.8999999999999999,-6.748466239729495,-10.246419276545593,-11.748466239729495,-16.748466239729495,0.001,0.0001,True,True,True,0,-6.748466239729495,250,USDC,USDG,True,ticker/price-unit candidate; settlement rules need review,False
0,1790654848361,GOOGL,stocks,hyperliquid,xyz:GOOGL,rh_lighter,2051,perp,spot,10000,29.243,10000.52752,9994.175458,-6.351726933701007,0.9,-7.251726933700727,-10.74950382927393,-12.251726933700727,-17.251726933700727,0.001,0.0001,True,True,True,0,-7.251726933700727,250,USDC,USDG,True,ticker/price-unit candidate; settlement rules need review,False
0,1790654848361,GOOGL,stocks,hyperliquid,xyz:GOOGL,rh_lighter,2051,perp,spot,100000,292.431,100024.54248999999,99739.65909599999,-28.48134936767943,0.8999999999999999,-29.38134936767998,-32.871380895401295,-34.38134936767998,-39.38134936767998,0.001,0.0001,True,True,True,0,-29.38134936767998,250,USDC,USDG,True,ticker/price-unit candidate; settlement rules need review,False
0,1790654848111,GOOGL,stocks,rh_lighter,2051,rh_lighter,12,spot,perp,1000,2.9249,1000.345049,1001.164021,8.186895120025905,0.0,8.186895120026037,1.1840297067340273,3.186895120026037,-1.813104879973963,0.0001,0.0001,True,True,True,0,8.186895120026037,819,USDG,USDG,False,ticker/price-unit candidate; settlement rules need review,False
0,1790654848111,GOOGL,stocks,rh_lighter,2051,rh_lighter,12,spot,perp,10000,29.2491,10005.647834999998,10011.55724,5.9060693494839,0.0,5.906069349483709,-1.0959977747886103,0.9060693494837091,-4.093930650516291,0.0001,0.0001,True,True,True,0,5.906069349483709,819,USDG,USDG,False,ticker/price-unit candidate; settlement rules need review,False
0,1790654848111,GOOGL,stocks,rh_lighter,2051,rh_lighter,12,spot,perp,100000,292.4917,100333.72194999998,100091.94168399999,-24.097607594032453,0.0,-24.097607594032556,-31.08917343137464,-29.097607594032556,-34.09760759403255,0.0001,0.0001,True,True,True,0,-24.097607594032556,819,USDG,USDG,False,ticker/price-unit candidate; settlement rules need review,False
0,1790654848361,GOOGL,stocks,rh_lighter,2051,hyperliquid,xyz:GOOGL,spot,perp,1000,2.924,1000.03724,999.83755,-1.9968256382130178,0.8998202856925609,-2.8966459239061173,-6.396645923906116,-7.896645923906117,-12.896645923906117,0.0001,0.001,True,True,True,0,-2.8966459239061173,250,USDG,USDC,False,ticker/price-unit candidate; settlement rules need review,False
0,1790654848361,GOOGL,stocks,rh_lighter,2051,hyperliquid,xyz:GOOGL,spot,perp,10000,29.249,10005.613613999998,10001.10767,-4.503415956113033,0.8995946925639499,-5.4030106486766805,-8.903010648676679,-10.40301064867668,-15.40301064867668,0.0001,0.001,True,True,True,0,-5.4030106486766805,250,USDG,USDC,False,ticker/price-unit candidate; settlement rules need review,False
0,1790654848361,GOOGL,stocks,rh_lighter,2051,hyperliquid,xyz:GOOGL,spot,perp,100000,292.491,100333.48163999997,99983.98784,-34.83321761463043,0.8968650104146831,-35.7300826250454,-39.23008262504539,-40.7300826250454,-45.7300826250454,0.0001,0.001,True,True,True,0,-35.7300826250454,250,USDG,USDC,False,ticker/price-unit candidate; settlement rules need review,False
0,1790654848109,AMZN,stocks,rh_lighter,11,rh_lighter,2050,perp,spot,1000,4.0619,1000.0803989999998,998.4962579999999,-15.840136468867616,0.0,-15.840136468867357,-22.834592421103256,-20.840136468867357,-25.840136468867357,0.0001,0.0001,True,True,True,0,-15.840136468867357,819,USDG,USDG,True,ticker/price-unit candidate; settlement rules need review,False
0,1790654848109,AMZN,stocks,rh_lighter,11,rh_lighter,2050,perp,spot,10000,40.6198,10001.596415999998,9983.455919,-18.13760148427712,0.0,-18.137601484277393,-25.1312533237579,-23.137601484277393,-28.137601484277393,0.0001,0.0001,True,True,True,0,-18.137601484277393,819,USDG,USDG,True,ticker/price-unit candidate; settlement rules need review,False
0,1790654848109,AMZN,stocks,rh_lighter,11,rh_lighter,2050,perp,spot,100000,406.1985,100047.17309600001,99614.19486,-43.27740830663451,0.0,-43.277408306634186,-50.26226121372686,-48.277408306634186,-53.277408306634186,0.0001,0.0001,True,True,True,0,-43.277408306634186,819,USDG,USDG,True,ticker/price-unit candidate; settlement rules need review,False
0,1790654848359,AMZN,stocks,hyperliquid,xyz:AMZN,rh_lighter,2050,perp,spot,1000,4.065,999.86805,999.2583000000001,-6.098304671301458,0.8999999999999999,-6.998304671301006,-10.496170264666048,-11.998304671301007,-16.998304671301007,0.001,0.0001,True,True,True,0,-6.998304671301006,250,USDC,USDG,True,ticker/price-unit candidate; settlement rules need review,False
0,1790654848359,AMZN,stocks,hyperliquid,xyz:AMZN,rh_lighter,2050,perp,spot,10000,40.656,10001.41621,9992.352069,-9.062857509055666,0.9,-9.962857509055638,-13.459685508927468,-14.962857509055638,-19.962857509055638,0.001,0.0001,True,True,True,0,-9.962857509055638,250,USDC,USDG,True,ticker/price-unit candidate; settlement rules need review,False
0,1790654848359,AMZN,stocks,hyperliquid,xyz:AMZN,rh_lighter,2050,perp,spot,100000,406.561,100041.47543,99703.02548499999,-33.83096296263987,0.9,-34.73096296263959,-38.21912212560266,-39.73096296263959,-44.73096296263959,0.001,0.0001,True,True,True,0,-34.73096296263959,250,USDC,USDG,True,ticker/price-unit candidate; settlement rules need review,False
0,1790654848109,AMZN,stocks,rh_lighter,2050,rh_lighter,11,spot,perp,1000,4.0663,1000.3911260000001,1000.960408,5.69059426062779,0.0,5.690594260628518,-1.3113974473627021,0.6905942606285178,-4.309405739371482,0.0001,0.0001,True,True,True,0,5.690594260628518,819,USDG,USDG,False,ticker/price-unit candidate; settlement rules need review,False
0,1790654848109,AMZN,stocks,rh_lighter,2050,rh_lighter,11,spot,perp,10000,40.6636,10005.357556,10009.751776000001,4.391867032642605,0.0,4.391867032642938,-2.6096701208184863,-0.6081329673570623,-5.608132967357062,0.0001,0.0001,True,True,True,0,4.391867032642938,819,USDG,USDG,False,ticker/price-unit candidate; settlement rules need review,False
0,1790654848109,AMZN,stocks,rh_lighter,2050,rh_lighter,11,spot,perp,100000,406.6363,100281.761446,100071.713405,-20.94578694782023,0.0,-20.945786947819926,-27.93845592238819,-25.945786947819926,-30.945786947819926,0.0001,0.0001,True,True,True,0,-20.945786947819926,819,USDG,USDG,False,ticker/price-unit candidate; settlement rules need review,False
0,1790654848359,AMZN,stocks,rh_lighter,2050,hyperliquid,xyz:AMZN,spot,perp,1000,4.066,1000.31732,1000.07336,-2.4388261116981003,0.899780505649947,-3.338606617348338,-6.838606617348338,-8.338606617348338,-13.338606617348338,0.0001,0.001,True,True,True,0,-3.338606617348338,250,USDG,USDC,False,ticker/price-unit candidate; settlement rules need review,False
0,1790654848359,AMZN,stocks,rh_lighter,2050,hyperliquid,xyz:AMZN,spot,perp,10000,40.663,10005.209895999998,10001.47148,-3.736469338332382,0.89966371775955,-4.636133056091884,-8.136133056091884,-9.636133056091884,-14.636133056091884,0.0001,0.001,True,True,True,0,-4.636133056091884,250,USDG,USDC,False,ticker/price-unit candidate; settlement rules need review,False
0,1790654848359,AMZN,stocks,rh_lighter,2050,hyperliquid,xyz:AMZN,spot,perp,100000,406.636,100281.6874,99973.96774000002,-30.68552873193631,0.8972383024141258,-31.58276703435022,-35.082767034350226,-36.58276703435022,-41.58276703435022,0.0001,0.001,True,True,True,0,-31.58276703435022,250,USDG,USDC,False,ticker/price-unit candidate; settlement rules need review,False
1,1790654907989,NVDA,stocks,rh_lighter,15,rh_lighter,2054,perp,spot,1000,4.3773,1000.081731,998.856087,-12.255438350767811,0.0,-12.255438350768037,-19.251148947345268,-17.25543835076804,-22.25543835076804,0.0001,0.0001,True,True,True,0,-12.255438350768037,1124,USDG,USDG,True,ticker/price-unit candidate; settlement rules need review,False
1,1790654907989,NVDA,stocks,rh_lighter,15,rh_lighter,2054,perp,spot,10000,43.7732,10000.863004,9987.194482,-13.66734250287549,0.0,-13.667342502875002,-20.662558932998998,-18.667342502875,-23.667342502875,0.0001,0.0001,True,True,True,0,-13.667342502875002,1124,USDG,USDG,True,ticker/price-unit candidate; settlement rules need review,False
1,1790654907989,NVDA,stocks,rh_lighter,15,rh_lighter,2054,perp,spot,100000,437.7325,100025.40922499998,99777.72606200003,-24.762024461485453,0.0,-24.76202446148509,-31.753357752923574,-29.76202446148509,-34.76202446148509,0.0001,0.0001,True,True,True,0,-24.76202446148509,1124,USDG,USDG,True,ticker/price-unit candidate; settlement rules need review,False
1,1790654908184,NVDA,stocks,hyperliquid,xyz:NVDA,rh_lighter,2054,perp,spot,1000,4.383,999.9376199999999,1000.1567699999999,2.1916367142993387,0.9,1.291636714298371,-2.2091303585516333,-3.708363285701629,-8.70836328570163,0.001,0.0001,True,True,True,0,1.291636714298371,195,USDC,USDG,True,ticker/price-unit candidate; settlement rules need review,False
1,1790654908184,NVDA,stocks,hyperliquid,xyz:NVDA,rh_lighter,2054,perp,spot,10000,43.833,10000.52549,10000.837254,0.3117476179737011,0.8999999999999999,-0.5882523820255376,-4.088361493691829,-5.588252382025537,-10.588252382025537,0.001,0.0001,True,True,True,0,-0.5882523820255376,195,USDC,USDG,True,ticker/price-unit candidate; settlement rules need review,False
1,1790654908184,NVDA,stocks,hyperliquid,xyz:NVDA,rh_lighter,2054,perp,spot,100000,438.336,100026.16954,99915.23957200003,-11.09009457326171,0.8999999999999999,-11.990094573261375,-15.486213040160735,-16.990094573261374,-21.990094573261374,0.001,0.0001,True,True,True,0,-11.990094573261375,195,USDC,USDG,True,ticker/price-unit candidate; settlement rules need review,False
1,1790654907989,NVDA,stocks,rh_lighter,2054,rh_lighter,15,spot,perp,1000,4.381,1000.2699200000001,1000.75183,4.8177995795373185,0.0,4.817799579537199,-2.1838866503156398,-0.18220042046280138,-5.182200420462801,0.0001,0.0001,True,True,True,0,4.817799579537199,1124,USDG,USDG,False,ticker/price-unit candidate; settlement rules need review,False
1,1790654907989,NVDA,stocks,rh_lighter,2054,rh_lighter,15,spot,perp,10000,43.8106,10002.836192,10007.655358,4.8177995795373185,0.0,4.817799579536804,-2.183886650316033,-0.18220042046319573,-5.182200420463196,0.0001,0.0001,True,True,True,0,4.817799579536804,1124,USDG,USDG,False,ticker/price-unit candidate; settlement rules need review,False
1,1790654907989,NVDA,stocks,rh_lighter,2054,rh_lighter,15,spot,perp,100000,438.1065,100205.94184800002,100061.571756,-14.407338460926677,0.0,-14.407338460927143,-21.402295892465816,-19.407338460927143,-24.407338460927143,0.0001,0.0001,True,True,True,0,-14.407338460927143,1124,USDG,USDG,False,ticker/price-unit candidate; settlement rules need review,False
1,1790654908184,NVDA,stocks,rh_lighter,2054,hyperliquid,xyz:NVDA,spot,perp,1000,4.381,1000.2699200000001,999.43753,-8.321653819201025,0.8992510511562718,-9.220904870357714,-12.720904870357716,-14.220904870357714,-19.220904870357714,0.0001,0.001,True,True,True,0,-9.220904870357714,195,USDG,USDC,False,ticker/price-unit candidate; settlement rules need review,False
1,1790654908184,NVDA,stocks,rh_lighter,2054,hyperliquid,xyz:NVDA,spot,perp,10000,43.81,10002.699200000001,9994.3753,-8.321653819202135,0.8992510511562718,-9.220904870358623,-12.720904870358622,-14.220904870358623,-19.220904870358623,0.0001,0.001,True,True,True,0,-9.220904870358623,195,USDG,USDC,False,ticker/price-unit candidate; settlement rules need review,False
1,1790654908184,NVDA,stocks,rh_lighter,2054,hyperliquid,xyz:NVDA,spot,perp,100000,438.106,100205.82738300003,99940.22697,-26.505485752327253,0.8976145062822907,-27.403100258609026,-30.903100258609026,-32.40310025860903,-37.40310025860903,0.0001,0.001,True,True,True,0,-27.403100258609026,195,USDG,USDC,False,ticker/price-unit candidate; settlement rules need review,False
1,1790654907993,AAPL,stocks,rh_lighter,10,rh_lighter,2049,perp,spot,1000,2.9624,1000.046992,999.336016,-7.109425913858214,0.0,-7.109425913858189,-14.10693761478834,-12.109425913858189,-17.10942591385819,0.0001,0.0001,True,True,True,0,-7.109425913858189,715,USDG,USDG,True,ticker/price-unit candidate; settlement rules need review,False
1,1790654907993,AAPL,stocks,rh_lighter,10,rh_lighter,2049,perp,spot,10000,29.6243,10001.25139,9991.162894000001,-10.087233693660824,0.0,-10.087233693661295,-17.083703161868513,-15.087233693661295,-20.087233693661297,0.0001,0.0001,True,True,True,0,-10.087233693661295,715,USDG,USDG,True,ticker/price-unit candidate; settlement rules need review,False
1,1790654907993,AAPL,stocks,rh_lighter,10,rh_lighter,2049,perp,spot,100000,296.2436,100033.67553900002,91324.081628,-870.6661895677736,0.0,-870.6661895677739,-877.3614564014252,-875.6661895677739,-880.6661895677739,0.0001,0.0001,True,True,True,0,-870.6661895677739,715,USDG,USDG,True,ticker/price-unit candidate; settlement rules need review,False
1,1790654908181,AAPL,stocks,hyperliquid,xyz:AAPL,rh_lighter,2049,perp,spot,1000,2.964,999.87658,999.8757599999999,-0.008201012169362087,0.9,-0.9082010121698195,-4.40819814181556,-5.90820101216982,-10.908201012169819,0.001,0.0001,True,True,True,0,-0.9082010121698195,188,USDC,USDG,True,ticker/price-unit candidate; settlement rules need review,False
1,1790654908181,AAPL,stocks,hyperliquid,xyz:AAPL,rh_lighter,2049,perp,spot,10000,29.644,10000.645629999999,9997.79352,-2.8519258711101614,0.9,-3.751925871109795,-7.250927697054906,-8.751925871109794,-13.751925871109794,0.001,0.0001,True,True,True,0,-3.751925871109795,188,USDC,USDG,True,ticker/price-unit candidate; settlement rules need review,False
1,1790654908181,AAPL,stocks,hyperliquid,xyz:AAPL,rh_lighter,2049,perp,spot,100000,296.445,100029.3474,91324.08767000001,-870.2705712143821,0.8999999999999999,-871.1705712143826,-874.3659765144573,-876.1705712143826,-881.1705712143826,0.001,0.0001,True,True,True,0,-871.1705712143826,188,USDC,USDG,True,ticker/price-unit candidate; settlement rules need review,False
1,1790654907993,AAPL,stocks,rh_lighter,2049,rh_lighter,10,spot,perp,1000,2.9619,1000.766772,999.759726,-10.062744169526683,0.0,-10.062744169527102,-17.059222209067766,-15.062744169527102,-20.0627441695271,0.0001,0.0001,True,True,True,0,-10.062744169527102,715,USDG,USDG,False,ticker/price-unit candidate; settlement rules need review,False
1,1790654907993,AAPL,stocks,rh_lighter,2049,rh_lighter,10,spot,perp,10000,29.6199,10011.414498,9997.530045,-13.86862266343547,0.0,-13.868622663435124,-20.86376864550292,-18.868622663435126,-23.868622663435126,0.0001,0.0001,True,True,True,0,-13.868622663435124,715,USDG,USDG,False,ticker/price-unit candidate; settlement rules need review,False
1,1790654908181,AAPL,stocks,rh_lighter,2049,hyperliquid,xyz:AAPL,spot,perp,1000,2.961,1000.46268,998.8045199999999,-16.573931573340417,0.8985083461583995,-17.472439919498708,-20.97243991949871,-22.472439919498708,-27.472439919498708,0.0001,0.001,True,True,True,0,-17.472439919498708,188,USDG,USDC,False,ticker/price-unit candidate; settlement rules need review,False
1,1790654908181,AAPL,stocks,rh_lighter,2049,hyperliquid,xyz:AAPL,spot,perp,10000,29.619,10011.10938,9990.733040000001,-20.353728269821847,0.8981681644557161,-21.251896434277985,-24.751896434277988,-26.251896434277985,-31.251896434277985,0.0001,0.001,True,True,True,0,-21.251896434277985,188,USDG,USDC,False,ticker/price-unit candidate; settlement rules need review,False
1,1790654908026,TSLA,stocks,rh_lighter,16,rh_lighter,2055,perp,spot,1000,2.801,1000.0690400000001,998.80859,-12.603629845396869,0.0,-12.603629845396526,-19.599218574950637,-17.603629845396526,-22.603629845396526,0.0001,0.0001,True,True,True,0,-12.603629845396526,742,USDG,USDG,True,ticker/price-unit candidate; settlement rules need review,False
1,1790654908026,TSLA,stocks,rh_lighter,16,rh_lighter,2055,perp,spot,10000,28.0108,10001.782009,9987.033808,-14.745573325563033,0.0,-14.745573325562702,-21.740412374898757,-19.745573325562702,-24.745573325562702,0.0001,0.0001,True,True,True,0,-14.745573325562702,742,USDG,USDG,True,ticker/price-unit candidate; settlement rules need review,False
1,1790654908026,TSLA,stocks,rh_lighter,16,rh_lighter,2055,perp,spot,100000,280.1081,100042.78004599999,99768.47661699996,-27.418613204660545,0.0,-27.41861320466063,-34.409016690039,-32.41861320466063,-37.41861320466063,0.0001,0.0001,True,True,True,0,-27.41861320466063,742,USDG,USDG,True,ticker/price-unit candidate; settlement rules need review,False
1,1790654908215,TSLA,stocks,hyperliquid,xyz:TSLA,rh_lighter,2055,perp,spot,1000,2.802,999.69756,999.16518,-5.325410617187387,0.8999999999999999,-6.225410617186955,-9.723546723470939,-11.225410617186956,-16.225410617186956,0.001,0.0001,True,True,True,0,-6.225410617186955,189,USDC,USDG,True,ticker/price-unit candidate; settlement rules need review,False
1,1790654908215,TSLA,stocks,hyperliquid,xyz:TSLA,rh_lighter,2055,perp,spot,10000,28.029,10001.34665,9993.521744,-7.823852400916653,0.8999999999999999,-8.723852400916257,-12.221114052575937,-13.723852400916257,-18.723852400916257,0.001,0.0001,True,True,True,0,-8.723852400916257,189,USDC,USDG,True,ticker/price-unit candidate; settlement rules need review,False
1,1790654908215,TSLA,stocks,hyperliquid,xyz:TSLA,rh_lighter,2055,perp,spot,100000,280.292,100029.25778999999,99833.94869499996,-19.52519685890941,0.8999999999999999,-20.42519685890926,-23.918363040008643,-25.42519685890926,-30.42519685890926,0.001,0.0001,True,True,True,0,-20.42519685890926,189,USDC,USDG,True,ticker/price-unit candidate; settlement rules need review,False
1,1790654908026,TSLA,stocks,rh_lighter,2055,rh_lighter,16,spot,perp,1000,2.8034,1000.281154,1000.729698,4.4841792550665005,0.0,4.4841792550654205,-2.5173902076738526,-0.5158207449345795,-5.5158207449345795,0.0001,0.0001,True,True,True,0,4.4841792550654205,742,USDG,USDG,False,ticker/price-unit candidate; settlement rules need review,False
1,1790654908026,TSLA,stocks,rh_lighter,2055,rh_lighter,16,spot,perp,10000,28.0347,10003.061307,10007.131935000001,4.069382237168462,0.0,4.069382237168475,-2.932042046614535,-0.9306177628315249,-5.930617762831525,0.0001,0.0001,True,True,True,0,4.069382237168475,742,USDG,USDG,False,ticker/price-unit candidate; settlement rules need review,False
1,1790654908026,TSLA,stocks,rh_lighter,2055,rh_lighter,16,spot,perp,100000,280.3476,100180.554425,100050.60410799998,-12.971610882558382,0.0,-12.971610882558743,-19.967070818749846,-17.971610882558743,-22.971610882558743,0.0001,0.0001,True,True,True,0,-12.971610882558743,742,USDG,USDG,False,ticker/price-unit candidate; settlement rules need review,False
1,1790654908215,TSLA,stocks,rh_lighter,2055,hyperliquid,xyz:TSLA,spot,perp,1000,2.803,1000.13843,999.9982799999999,-1.401306017209114,0.8998738824584513,-2.3011798996671127,-5.801179899667114,-7.301179899667113,-12.301179899667112,0.0001,0.001,True,True,True,0,-2.3011798996671127,189,USDG,USDC,False,ticker/price-unit candidate; settlement rules need review,False
1,1790654908215,TSLA,stocks,rh_lighter,2055,hyperliquid,xyz:TSLA,spot,perp,10000,28.034,10002.811539999999,10001.17009,-1.640988629482143,0.8998523110233467,-2.540840940505381,-6.0408409405053805,-7.540840940505381,-12.540840940505381,0.0001,0.001,True,True,True,0,-2.540840940505381,189,USDG,USDC,False,ticker/price-unit candidate; settlement rules need review,False
1,1790654908215,TSLA,stocks,rh_lighter,2055,hyperliquid,xyz:TSLA,spot,perp,100000,280.347,100180.33982299999,100001.14372999997,-17.88735128235963,0.8983901383845876,-18.785741420744642,-22.285741420744642,-23.785741420744642,-28.785741420744642,0.0001,0.001,True,True,True,0,-18.785741420744642,189,USDG,USDC,False,ticker/price-unit candidate; settlement rules need review,False
1,1790654908110,META,stocks,rh_lighter,13,rh_lighter,2052,perp,spot,1000,1.3977,1000.0851029999999,999.453339,-6.317102395633212,0.0,-6.317102395633444,-13.314891409794972,-11.317102395633444,-16.317102395633444,0.0001,0.0001,True,True,True,0,-6.317102395633444,824,USDG,USDG,True,ticker/price-unit candidate; settlement rules need review,False
1,1790654908110,META,stocks,rh_lighter,13,rh_lighter,2052,perp,spot,10000,13.9778,10001.781496999998,9993.694730000001,-8.085326601489085,0.0,-8.085326601488598,-15.082496737178076,-13.085326601488598,-18.085326601488596,0.0001,0.0001,True,True,True,0,-8.085326601488598,824,USDG,USDG,True,ticker/price-unit candidate; settlement rules need review,False
1,1790654908110,META,stocks,rh_lighter,13,rh_lighter,2052,perp,spot,100000,139.778,100035.81647299997,99676.56487999999,-35.912296781916986,0.0,-35.91229678191734,-42.899727478043665,-40.91229678191734,-45.91229678191734,0.0001,0.0001,True,True,True,0,-35.91229678191734,824,USDG,USDG,True,ticker/price-unit candidate; settlement rules need review,False
1,1790654908294,META,stocks,hyperliquid,xyz:META,rh_lighter,2052,perp,spot,1000,1.399,999.7393900000001,1000.3829300000001,6.437077566785465,0.9,5.537077566784979,2.034824589636604,0.537077566784979,-4.462922433215021,0.001,0.0001,True,True,True,0,5.537077566784979,184,USDC,USDG,True,ticker/price-unit candidate; settlement rules need review,False
1,1790654908294,META,stocks,hyperliquid,xyz:META,rh_lighter,2052,perp,spot,10000,13.994,10000.679879999998,10005.274652,4.594459631881431,0.9,3.694459631880743,0.19285157100958472,-1.305540368119257,-6.3055403681192566,0.001,0.0001,True,True,True,0,3.694459631880743,184,USDC,USDG,True,ticker/price-unit candidate; settlement rules need review,False
1,1790654908294,META,stocks,hyperliquid,xyz:META,rh_lighter,2052,perp,spot,100000,139.94,100024.57405,99791.9834,-23.253350709969702,0.9,-24.153350709969686,-27.645212037221192,-29.153350709969686,-34.153350709969686,0.001,0.0001,True,True,True,0,-24.153350709969686,184,USDC,USDG,True,ticker/price-unit candidate; settlement rules need review,False
1,1790654908110,META,stocks,rh_lighter,2052,rh_lighter,13,spot,perp,1000,1.3983,999.9942450000001,1000.2459390000001,2.5169544850744963,0.0,2.5169544850734926,-4.483926448996282,-2.4830455149265074,-7.483045514926507,0.0001,0.0001,True,True,True,0,2.5169544850734926,824,USDG,USDG,False,ticker/price-unit candidate; settlement rules need review,False
1,1790654908110,META,stocks,rh_lighter,2052,rh_lighter,13,spot,perp,10000,13.9838,10001.149842,10002.867436,1.717396526534909,0.0,1.717396526534049,-5.283204562250237,-3.282603473465951,-8.28260347346595,0.0001,0.0001,True,True,True,0,1.717396526534049,824,USDG,USDG,False,ticker/price-unit candidate; settlement rules need review,False
1,1790654908110,META,stocks,rh_lighter,2052,rh_lighter,13,spot,perp,100000,139.8386,100297.87005800003,100015.622084,-28.14097386482972,0.0,-28.140973864829775,-35.131124523977086,-33.140973864829775,-38.140973864829775,0.0001,0.0001,True,True,True,0,-28.140973864829775,824,USDG,USDG,False,ticker/price-unit candidate; settlement rules need review,False
1,1790654908294,META,stocks,rh_lighter,2052,hyperliquid,xyz:META,spot,perp,1000,1.398,999.7796999999999,998.96886,-8.110186674123998,0.8992700831993289,-9.009456757323486,-12.509456757323484,-14.009456757323486,-19.009456757323484,0.0001,0.001,True,True,True,0,-9.009456757323486,184,USDG,USDC,False,ticker/price-unit candidate; settlement rules need review,False
1,1790654908294,META,stocks,rh_lighter,2052,hyperliquid,xyz:META,spot,perp,10000,13.983,10000.57737,9991.390959999999,-9.185879634869831,0.8991732708328618,-10.085052905702454,-13.585052905702454,-15.085052905702454,-20.085052905702454,0.0001,0.001,True,True,True,0,-10.085052905702454,184,USDG,USDC,False,ticker/price-unit candidate; settlement rules need review,False
1,1790654908294,META,stocks,rh_lighter,2052,hyperliquid,xyz:META,spot,perp,100000,139.838,100297.43932400002,99909.30993999999,-38.69783581874064,0.8965171947763133,-39.594353013517306,-43.094353013517306,-44.594353013517306,-49.594353013517306,0.0001,0.001,True,True,True,0,-39.594353013517306,184,USDG,USDC,False,ticker/price-unit candidate; settlement rules need review,False
1,1790654908149,GOOGL,stocks,rh_lighter,12,rh_lighter,2051,perp,spot,1000,2.9211,1000.0750180000001,998.344347,-17.305411782619906,0.0,-17.30541178262032,-24.299354888496403,-22.30541178262032,-27.30541178262032,0.0001,0.0001,True,True,True,0,-17.30541178262032,869,USDG,USDG,True,ticker/price-unit candidate; settlement rules need review,False
1,1790654908149,GOOGL,stocks,rh_lighter,12,rh_lighter,2051,perp,spot,10000,29.2115,10001.820588,9983.410018,-18.407218803833114,0.0,-18.407218803833242,-25.4007762772519,-23.407218803833242,-28.407218803833242,0.0001,0.0001,True,True,True,0,-18.407218803833242,869,USDG,USDG,True,ticker/price-unit candidate; settlement rules need review,False
1,1790654908149,GOOGL,stocks,rh_lighter,12,rh_lighter,2051,perp,spot,100000,292.1157,100035.59818799999,99632.17963199998,-40.3274997408265,0.0,-40.32749974082699,-47.31338511591769,-45.32749974082699,-50.32749974082699,0.0001,0.0001,True,True,True,0,-40.32749974082699,869,USDG,USDG,True,ticker/price-unit candidate; settlement rules need review,False
1,1790654908342,GOOGL,stocks,hyperliquid,xyz:GOOGL,rh_lighter,2051,perp,spot,1000,2.924,999.94952,999.33548,-6.140709983040171,0.8999999999999999,-7.040709983040398,-10.538560734546333,-12.040709983040397,-17.040709983040397,0.001,0.0001,True,True,True,0,-7.040709983040398,193,USDC,USDG,True,ticker/price-unit candidate; settlement rules need review,False
1,1790654908342,GOOGL,stocks,hyperliquid,xyz:GOOGL,rh_lighter,2051,perp,spot,10000,29.242,10000.359110000001,9993.833698,-6.5251776743457945,0.9,-7.425177674345406,-10.922893862159386,-12.425177674345406,-17.425177674345406,0.001,0.0001,True,True,True,0,-7.425177674345406,193,USDC,USDG,True,ticker/price-unit candidate; settlement rules need review,False
1,1790654908342,GOOGL,stocks,hyperliquid,xyz:GOOGL,rh_lighter,2051,perp,spot,100000,292.427,100024.32979,99738.29557599997,-28.596463940379067,0.8999999999999999,-29.496463940378725,-32.986455177999595,-34.496463940378725,-39.496463940378725,0.001,0.0001,True,True,True,0,-29.496463940378725,193,USDC,USDG,True,ticker/price-unit candidate; settlement rules need review,False
1,1790654908149,GOOGL,stocks,rh_lighter,2051,rh_lighter,12,spot,perp,1000,2.9249,1000.345049,1001.1757060000001,8.303704814958124,0.0,8.303704814958179,1.3007985182729427,3.303704814958179,-1.696295185041821,0.0001,0.0001,True,True,True,0,8.303704814958179,869,USDG,USDG,False,ticker/price-unit candidate; settlement rules need review,False
1,1790654908149,GOOGL,stocks,rh_lighter,2051,rh_lighter,12,spot,perp,10000,29.2491,10005.647834999998,10011.510155,5.859010927304897,0.0,5.859010927303941,-1.143039726520616,0.8590109273039408,-4.140989072696059,0.0001,0.0001,True,True,True,0,5.859010927303941,869,USDG,USDG,False,ticker/price-unit candidate; settlement rules need review,False
1,1790654908149,GOOGL,stocks,rh_lighter,2051,rh_lighter,12,spot,perp,100000,292.4917,100333.72194999998,100089.48690799999,-24.34226870619782,0.0,-24.342268706198013,-31.333748912150842,-29.342268706198013,-34.34226870619801,0.0001,0.0001,True,True,True,0,-24.342268706198013,869,USDG,USDG,False,ticker/price-unit candidate; settlement rules need review,False
1,1790654908342,GOOGL,stocks,rh_lighter,2051,hyperliquid,xyz:GOOGL,spot,perp,1000,2.924,1000.03724,999.8617999999999,-1.7543346685777728,0.899842109879828,-2.654176778457712,-6.154176778457712,-7.654176778457712,-12.654176778457712,0.0001,0.001,True,True,True,0,-2.654176778457712,193,USDG,USDC,False,ticker/price-unit candidate; settlement rules need review,False
1,1790654908342,GOOGL,stocks,rh_lighter,2051,hyperliquid,xyz:GOOGL,spot,perp,10000,29.249,10005.613613999998,10001.2603,-4.35087158863201,0.8996084215570233,-5.250480010188945,-8.750480010188944,-10.250480010188944,-15.250480010188944,0.0001,0.001,True,True,True,0,-5.250480010188945,193,USDG,USDC,False,ticker/price-unit candidate; settlement rules need review,False
1,1790654908342,GOOGL,stocks,rh_lighter,2051,hyperliquid,xyz:GOOGL,spot,perp,100000,292.491,100333.48163999997,99985.90287999998,-34.64235012267558,0.8968821884889594,-35.53923231116427,-39.03923231116428,-40.53923231116427,-45.53923231116427,0.0001,0.001,True,True,True,0,-35.53923231116427,193,USDG,USDC,False,ticker/price-unit candidate; settlement rules need review,False
1,1790654908147,AMZN,stocks,rh_lighter,11,rh_lighter,2050,perp,spot,1000,4.0621,1000.138203,998.545422,-15.925609033053956,0.0,-15.92560903305426,-22.920035069892688,-20.925609033054258,-25.925609033054258,0.0001,0.0001,True,True,True,0,-15.92560903305426,854,USDG,USDG,True,ticker/price-unit candidate; settlement rules need review,False
1,1790654908147,AMZN,stocks,rh_lighter,11,rh_lighter,2050,perp,spot,10000,40.6215,10003.098489999997,9983.873693999998,-19.218841061314773,0.0,-19.218841061314603,-26.212114466943145,-24.218841061314603,-29.218841061314603,0.0001,0.0001,True,True,True,0,-19.218841061314603,854,USDG,USDG,True,ticker/price-unit candidate; settlement rules need review,False
1,1790654908147,AMZN,stocks,rh_lighter,11,rh_lighter,2050,perp,spot,100000,406.215,100081.53111199997,99618.238185,-46.29155068396229,0.0,-46.29155068396265,-53.27534864122326,-51.29155068396265,-56.29155068396265,0.0001,0.0001,True,True,True,0,-46.29155068396265,854,USDG,USDG,True,ticker/price-unit candidate; settlement rules need review,False
1,1790654908352,AMZN,stocks,hyperliquid,xyz:AMZN,rh_lighter,2050,perp,spot,1000,4.065,999.9493500000001,999.2583000000001,-6.910850034554938,0.9,-7.810850034554433,-11.30843123704234,-12.810850034554434,-17.810850034554434,0.001,0.0001,True,True,True,0,-7.810850034554433,205,USDC,USDG,True,ticker/price-unit candidate; settlement rules need review,False
1,1790654908352,AMZN,stocks,hyperliquid,xyz:AMZN,rh_lighter,2050,perp,spot,10000,40.654,10001.719850000001,9991.860569,-9.85758564313377,0.9000000000000002,-10.757585643134083,-14.254135488158987,-15.757585643134083,-20.757585643134085,0.001,0.0001,True,True,True,0,-10.757585643134083,205,USDC,USDG,True,ticker/price-unit candidate; settlement rules need review,False
1,1790654908352,AMZN,stocks,hyperliquid,xyz:AMZN,rh_lighter,2050,perp,spot,100000,406.545,100041.73306000001,99699.104685,-34.248544534362104,0.9000000000000002,-35.148544534361825,-38.63655754377479,-40.148544534361825,-45.148544534361825,0.001,0.0001,True,True,True,0,-35.148544534361825,205,USDC,USDG,True,ticker/price-unit candidate; settlement rules need review,False
1,1790654908147,AMZN,stocks,rh_lighter,2050,rh_lighter,11,spot,perp,1000,4.0663,1000.3911260000001,1000.960408,5.69059426062779,0.0,5.690594260628518,-1.3113974473627021,0.6905942606285178,-4.309405739371482,0.0001,0.0001,True,True,True,0,5.690594260628518,854,USDG,USDG,False,ticker/price-unit candidate; settlement rules need review,False
1,1790654908147,AMZN,stocks,rh_lighter,2050,rh_lighter,11,spot,perp,10000,40.6636,10005.357556,10009.751776000001,4.391867032642605,0.0,4.391867032642938,-2.6096701208184863,-0.6081329673570623,-5.608132967357062,0.0001,0.0001,True,True,True,0,4.391867032642938,854,USDG,USDG,False,ticker/price-unit candidate; settlement rules need review,False
1,1790654908147,AMZN,stocks,rh_lighter,2050,rh_lighter,11,spot,perp,100000,406.6363,100282.412914,100070.49163800002,-21.132446841074515,0.0,-21.132446841074533,-28.125050484680155,-26.132446841074533,-31.132446841074533,0.0001,0.0001,True,True,True,0,-21.132446841074533,854,USDG,USDG,False,ticker/price-unit candidate; settlement rules need review,False
1,1790654908352,AMZN,stocks,rh_lighter,2050,hyperliquid,xyz:AMZN,spot,perp,1000,4.066,1000.31732,1000.07336,-2.4388261116981003,0.899780505649947,-3.338606617348338,-6.838606617348338,-8.338606617348338,-13.338606617348338,0.0001,0.001,True,True,True,0,-3.338606617348338,205,USDG,USDC,False,ticker/price-unit candidate; settlement rules need review,False
1,1790654908352,AMZN,stocks,rh_lighter,2050,hyperliquid,xyz:AMZN,spot,perp,10000,40.663,10005.209895999998,10001.47148,-3.736469338332382,0.89966371775955,-4.636133056091884,-8.136133056091884,-9.636133056091884,-14.636133056091884,0.0001,0.001,True,True,True,0,-4.636133056091884,205,USDG,USDC,False,ticker/price-unit candidate; settlement rules need review,False
1,1790654908352,AMZN,stocks,rh_lighter,2050,hyperliquid,xyz:AMZN,spot,perp,100000,406.636,100282.33886799999,99978.36105,-30.31219868137591,0.8972719021186762,-31.20947058349426,-34.70947058349425,-36.20947058349426,-41.20947058349426,0.0001,0.001,True,True,True,0,-31.20947058349426,205,USDG,USDC,False,ticker/price-unit candidate; settlement rules need review,False
2,1790654967974,NVDA,stocks,rh_lighter,15,rh_lighter,2054,perp,spot,1000,4.3764,1000.0949280000001,998.825772,-12.690355329949554,0.0,-12.6903553299499,-19.68591370558442,-17.690355329949902,-22.690355329949902,0.0001,0.0001,True,True,True,0,-12.6903553299499,1117,USDG,USDG,True,ticker/price-unit candidate; settlement rules need review,False
2,1790654967974,NVDA,stocks,rh_lighter,15,rh_lighter,2054,perp,spot,10000,43.7646,10001.773484000001,9986.804294,-14.966535708840212,0.0,-14.96653570884011,-21.961297421342014,-19.966535708840112,-24.966535708840112,0.0001,0.0001,True,True,True,0,-14.96653570884011,1117,USDG,USDG,True,ticker/price-unit candidate; settlement rules need review,False
2,1790654967974,NVDA,stocks,rh_lighter,15,rh_lighter,2054,perp,spot,100000,437.6463,100032.83700100004,99765.23297300003,-26.751618370808306,0.0,-26.75161837080821,-33.742255304378425,-31.75161837080821,-36.75161837080821,0.0001,0.0001,True,True,True,0,-26.75161837080821,1117,USDG,USDG,True,ticker/price-unit candidate; settlement rules need review,False
2,1790654968173,NVDA,stocks,hyperliquid,xyz:NVDA,rh_lighter,2054,perp,spot,1000,4.382,999.9285799999999,1000.1038599999998,1.7529251939163437,0.9,0.8529251939166468,-2.6476883299012237,-4.147074806083353,-9.147074806083353,0.001,0.0001,True,True,True,0,0.8529251939166468,199,USDC,USDG,True,ticker/price-unit candidate; settlement rules need review,False
2,1790654968173,NVDA,stocks,hyperliquid,xyz:NVDA,rh_lighter,2054,perp,spot,10000,43.824,10000.53539,10000.357591999998,-0.1777884813836117,0.8999999999999999,-1.077788481383116,-4.577726255414633,-6.0777884813831164,-11.077788481383116,0.001,0.0001,True,True,True,0,-1.077788481383116,199,USDC,USDG,True,ticker/price-unit candidate; settlement rules need review,False
2,1790654968173,NVDA,stocks,hyperliquid,xyz:NVDA,rh_lighter,2054,perp,spot,100000,438.24,100015.6483,99900.51345500004,-11.511683117286786,0.8999999999999999,-12.411683117287168,-15.907654028196122,-17.41168311728717,-22.41168311728717,0.001,0.0001,True,True,True,0,-12.411683117287168,199,USDC,USDG,True,ticker/price-unit candidate; settlement rules need review,False
2,1790654967974,NVDA,stocks,rh_lighter,2054,rh_lighter,15,spot,perp,1000,4.3806,1000.178592,1000.835682,6.569726699370282,0.0,6.569726699369698,-0.43257270497508,1.5697266993696983,-3.4302733006303017,0.0001,0.0001,True,True,True,0,6.569726699369698,1117,USDG,USDG,False,ticker/price-unit candidate; settlement rules need review,False
2,1790654967974,NVDA,stocks,rh_lighter,2054,rh_lighter,15,spot,perp,10000,43.8068,10001.968576000001,10008.539596,6.569726699368061,0.0,6.569726699368713,-0.4325727049760661,1.5697266993687133,-3.4302733006312867,0.0001,0.0001,True,True,True,0,6.569726699368713,1117,USDG,USDG,False,ticker/price-unit candidate; settlement rules need review,False
2,1790654967974,NVDA,stocks,rh_lighter,2054,rh_lighter,15,spot,perp,100000,438.0681,100204.78783700004,100068.92152799999,-13.558863995706272,0.0,-13.558863995706236,-20.554118393307743,-18.558863995706236,-23.558863995706236,0.0001,0.0001,True,True,True,0,-13.558863995706236,1117,USDG,USDG,False,ticker/price-unit candidate; settlement rules need review,False
2,1790654968173,NVDA,stocks,rh_lighter,2054,hyperliquid,xyz:NVDA,spot,perp,1000,4.38,1000.0415999999999,999.4284,-6.131744919409821,0.8994481429572532,-7.031193062367531,-10.531193062367532,-12.031193062367532,-17.03119306236753,0.0001,0.001,True,True,True,0,-7.031193062367531,199,USDG,USDC,False,ticker/price-unit candidate; settlement rules need review,False
2,1790654968173,NVDA,stocks,rh_lighter,2054,hyperliquid,xyz:NVDA,spot,perp,10000,43.806,10001.785919999998,9995.258849999998,-6.525904525659376,0.8994126685926909,-7.42531719425174,-10.92531719425174,-12.42531719425174,-17.42531719425174,0.0001,0.001,True,True,True,0,-7.42531719425174,199,USDG,USDC,False,ticker/price-unit candidate; settlement rules need review,False
2,1790654968173,NVDA,stocks,rh_lighter,2054,hyperliquid,xyz:NVDA,spot,perp,100000,438.068,100204.76494400002,99950.12357999998,-25.412101324956417,0.897712910880754,-26.309814235837397,-29.809814235837393,-31.309814235837397,-36.30981423583739,0.0001,0.001,True,True,True,0,-26.309814235837397,199,USDG,USDC,False,ticker/price-unit candidate; settlement rules need review,False
2,1790654967979,AAPL,stocks,rh_lighter,10,rh_lighter,2049,perp,spot,1000,2.9618,1000.0813880000001,999.133612,-9.4769886868451,0.0,-9.476988686845653,-16.473671740805255,-14.476988686845653,-19.47698868684565,0.0001,0.0001,True,True,True,0,-9.476988686845653,687,USDG,USDG,True,ticker/price-unit candidate; settlement rules need review,False
2,1790654967979,AAPL,stocks,rh_lighter,10,rh_lighter,2049,perp,spot,10000,29.6186,10001.096248000003,9989.244388000001,-11.85056088463532,0.0,-11.850560884635618,-18.846413188326,-16.85056088463562,-21.85056088463562,0.0001,0.0001,True,True,True,0,-11.850560884635618,687,USDG,USDG,True,ticker/price-unit candidate; settlement rules need review,False
2,1790654967979,AAPL,stocks,rh_lighter,10,rh_lighter,2049,perp,spot,100000,296.1865,100028.90557100001,91324.07991500001,-870.2310203545471,0.0,-870.2310203545475,-876.9264394974233,-875.2310203545475,-880.2310203545475,0.0001,0.0001,True,True,True,0,-870.2310203545475,687,USDG,USDG,True,ticker/price-unit candidate; settlement rules need review,False
2,1790654968176,AAPL,stocks,hyperliquid,xyz:AAPL,rh_lighter,2049,perp,spot,1000,2.964,1000.02396,999.8757599999999,-1.48196449213156,0.9,-2.381964492131649,-5.881445804559403,-7.381964492131649,-12.38196449213165,0.001,0.0001,True,True,True,0,-2.381964492131649,197,USDC,USDG,True,ticker/price-unit candidate; settlement rules need review,False
2,1790654968176,AAPL,stocks,hyperliquid,xyz:AAPL,rh_lighter,2049,perp,spot,10000,29.64,10000.719400000002,9996.4472,-4.271892680042244,0.9,-5.171892680041846,-8.670397517603831,-10.171892680041847,-15.171892680041847,0.001,0.0001,True,True,True,0,-5.171892680041846,197,USDC,USDG,True,ticker/price-unit candidate; settlement rules need review,False
2,1790654968176,AAPL,stocks,hyperliquid,xyz:AAPL,rh_lighter,2049,perp,spot,100000,296.401,100024.53958999997,91324.08635,-869.8318708252073,0.9,-870.7318708252078,-873.9274296704189,-875.7318708252078,-880.7318708252078,0.001,0.0001,True,True,True,0,-870.7318708252078,197,USDC,USDG,True,ticker/price-unit candidate; settlement rules need review,False
2,1790654967979,AAPL,stocks,rh_lighter,2049,rh_lighter,10,spot,perp,1000,2.9619,1000.766772,999.8785519999999,-8.875394595935227,0.0,-8.875394595935353,-15.872288207826776,-13.875394595935353,-18.875394595935354,0.0001,0.0001,True,True,True,0,-8.875394595935353,687,USDG,USDG,False,ticker/price-unit candidate; settlement rules need review,False
2,1790654967979,AAPL,stocks,rh_lighter,2049,rh_lighter,10,spot,perp,10000,29.6199,10011.414498,9998.572103,-12.827752764172917,0.0,-12.827752764172555,-19.823263050705098,-17.827752764172555,-22.827752764172555,0.0001,0.0001,True,True,True,0,-12.827752764172555,687,USDG,USDG,False,ticker/price-unit candidate; settlement rules need review,False
2,1790654968176,AAPL,stocks,rh_lighter,2049,hyperliquid,xyz:AAPL,spot,perp,1000,2.961,1000.46268,998.9525699999999,-15.09411625429169,0.8986415295371136,-15.99275778382912,-19.49275778382912,-20.99275778382912,-25.99275778382912,0.0001,0.001,True,True,True,0,-15.99275778382912,197,USDG,USDC,False,ticker/price-unit candidate; settlement rules need review,False
2,1790654968176,AAPL,stocks,rh_lighter,2049,hyperliquid,xyz:AAPL,spot,perp,10000,29.619,10011.10938,9992.23849,-18.849948875496736,0.8983035046012053,-19.748252380097504,-23.248252380097504,-24.748252380097504,-29.748252380097504,0.0001,0.001,True,True,True,0,-19.748252380097504,197,USDG,USDC,False,ticker/price-unit candidate; settlement rules need review,False
2,1790654967989,TSLA,stocks,rh_lighter,16,rh_lighter,2055,perp,spot,1000,2.8009,1000.117363,998.7729309999999,-13.442742319433876,0.0,-13.442742319434135,-20.43803735962234,-18.442742319434135,-23.442742319434135,0.0001,0.0001,True,True,True,0,-13.442742319434135,699,USDG,USDG,True,ticker/price-unit candidate; settlement rules need review,False
2,1790654967989,TSLA,stocks,rh_lighter,16,rh_lighter,2055,perp,spot,10000,28.0092,10001.469119,9986.46344,-15.003474811008388,0.0,-15.003474811008788,-21.998223594824935,-20.003474811008786,-25.003474811008786,0.0001,0.0001,True,True,True,0,-15.003474811008788,699,USDG,USDG,True,ticker/price-unit candidate; settlement rules need review,False
2,1790654967989,TSLA,stocks,rh_lighter,16,rh_lighter,2055,perp,spot,100000,280.0924,100034.66446999999,99762.88710299996,-27.168318946232397,0.0,-27.168318946232535,-34.15881003460135,-32.16831894623253,-37.16831894623253,0.0001,0.0001,True,True,True,0,-27.168318946232535,699,USDG,USDG,True,ticker/price-unit candidate; settlement rules need review,False
2,1790654968186,TSLA,stocks,hyperliquid,xyz:TSLA,rh_lighter,2055,perp,spot,1000,2.802,999.7536,999.16518,-5.8856502242154995,0.8999999999999999,-6.785650224215666,-10.28359024663719,-11.785650224215665,-16.785650224215665,0.001,0.0001,True,True,True,0,-6.785650224215666,197,USDC,USDG,True,ticker/price-unit candidate; settlement rules need review,False
2,1790654968186,TSLA,stocks,hyperliquid,xyz:TSLA,rh_lighter,2055,perp,spot,10000,28.027,10000.6062,9992.808784,-7.79694334929415,0.9,-8.696943349293596,-12.194214419121343,-13.696943349293596,-18.696943349293598,0.001,0.0001,True,True,True,0,-8.696943349293596,197,USDC,USDG,True,ticker/price-unit candidate; settlement rules need review,False
2,1790654968186,TSLA,stocks,hyperliquid,xyz:TSLA,rh_lighter,2055,perp,spot,100000,280.276,100021.90110000002,99828.25237499998,-19.360632308561556,0.9,-20.260632308561014,-23.753856087253016,-25.260632308561014,-30.260632308561014,0.001,0.0001,True,True,True,0,-20.260632308561014,197,USDC,USDG,True,ticker/price-unit candidate; settlement rules need review,False
2,1790654967989,TSLA,stocks,rh_lighter,2055,rh_lighter,16,spot,perp,1000,2.8034,1000.281154,1000.757732,4.764440458506769,0.0,4.764440458507505,-2.237227095652972,-0.2355595414924947,-5.235559541492495,0.0001,0.0001,True,True,True,0,4.764440458507505,699,USDG,USDG,False,ticker/price-unit candidate; settlement rules need review,False
2,1790654967989,TSLA,stocks,rh_lighter,2055,rh_lighter,16,spot,perp,10000,28.0347,10003.061307,10007.186959,4.124389397788253,0.0,4.12438939778721,-2.8770541385020154,-0.8756106022127899,-5.87561060221279,0.0001,0.0001,True,True,True,0,4.12438939778721,699,USDG,USDG,False,ticker/price-unit candidate; settlement rules need review,False
2,1790654967989,TSLA,stocks,rh_lighter,2055,rh_lighter,16,spot,perp,100000,280.3476,100180.554425,100052.189812,-12.81332627242504,0.0,-12.81332627242524,-19.808841608229894,-17.81332627242524,-22.81332627242524,0.0001,0.0001,True,True,True,0,-12.81332627242524,699,USDG,USDG,False,ticker/price-unit candidate; settlement rules need review,False
2,1790654968186,TSLA,stocks,rh_lighter,2055,hyperliquid,xyz:TSLA,spot,perp,1000,2.803,1000.13843,1000.0543399999999,-0.8407836103252464,0.8999243294750708,-1.740707939800495,-5.240707939800496,-6.740707939800495,-11.740707939800496,0.0001,0.001,True,True,True,0,-1.740707939800495,197,USDG,USDC,False,ticker/price-unit candidate; settlement rules need review,False
2,1790654968186,TSLA,stocks,rh_lighter,2055,hyperliquid,xyz:TSLA,spot,perp,10000,28.034,10002.811539999999,10001.49756,-1.31361067310376,0.8998817750394208,-2.213492448143227,-5.713492448143228,-7.213492448143227,-12.213492448143228,0.0001,0.001,True,True,True,0,-2.213492448143227,197,USDG,USDC,False,ticker/price-unit candidate; settlement rules need review,False
2,1790654968186,TSLA,stocks,rh_lighter,2055,hyperliquid,xyz:TSLA,spot,perp,100000,280.347,100180.33982299999,100001.47641,-17.8541431698076,0.8983931271147173,-18.75253629692258,-22.252536296922578,-23.75253629692258,-28.75253629692258,0.0001,0.001,True,True,True,0,-18.75253629692258,197,USDG,USDC,False,ticker/price-unit candidate; settlement rules need review,False
2,1790654968017,META,stocks,rh_lighter,13,rh_lighter,2052,perp,spot,1000,1.3977,1000.059942,999.453339,-6.065666411823045,0.0,-6.065666411823443,-13.063543428579306,-11.065666411823443,-16.065666411823443,0.0001,0.0001,True,True,True,0,-6.065666411823443,719,USDG,USDG,True,ticker/price-unit candidate; settlement rules need review,False
2,1790654968017,META,stocks,rh_lighter,13,rh_lighter,2052,perp,spot,10000,13.9776,10001.495958999998,9993.551768000001,-7.943002759350781,0.0,-7.943002759350377,-14.940222708384605,-12.943002759350378,-17.943002759350378,0.0001,0.0001,True,True,True,0,-7.943002759350377,719,USDG,USDG,True,ticker/price-unit candidate; settlement rules need review,False
2,1790654968017,META,stocks,rh_lighter,13,rh_lighter,2052,perp,spot,100000,139.776,100034.85680499999,99675.13996000001,-35.95915028910102,0.0,-35.95915028910143,-42.946564586500244,-40.95915028910143,-45.95915028910143,0.0001,0.0001,True,True,True,0,-35.95915028910143,719,USDG,USDG,True,ticker/price-unit candidate; settlement rules need review,False
2,1790654968208,META,stocks,hyperliquid,xyz:META,rh_lighter,2052,perp,spot,1000,1.399,999.6414599999999,1000.3829300000001,7.417359420047731,0.8999999999999999,6.517359420048095,3.0147633442510786,1.5173594200480949,-3.482640579951905,0.001,0.0001,True,True,True,0,6.517359420048095,191,USDC,USDG,True,ticker/price-unit candidate; settlement rules need review,False
2,1790654968208,META,stocks,hyperliquid,xyz:META,rh_lighter,2052,perp,spot,10000,13.995,10000.38496,10005.989462,5.60428625739684,0.9,4.704286257396374,1.2023247572062854,-0.2957137426036258,-5.295713742603626,0.001,0.0001,True,True,True,0,4.704286257396374,191,USDC,USDG,True,ticker/price-unit candidate; settlement rules need review,False
2,1790654968208,META,stocks,hyperliquid,xyz:META,rh_lighter,2052,perp,spot,100000,139.951,100011.04264999997,99799.82046,-21.1198868048168,0.9,-22.019886804816885,-25.5124948444352,-27.019886804816885,-32.019886804816885,0.001,0.0001,True,True,True,0,-22.019886804816885,191,USDC,USDG,True,ticker/price-unit candidate; settlement rules need review,False
2,1790654968017,META,stocks,rh_lighter,2052,rh_lighter,13,spot,perp,1000,1.3983,999.9942450000001,1000.2878880000001,2.9364468992509885,0.0,2.93644689925165,-4.0645808571630875,-2.06355310074835,-7.06355310074835,0.0001,0.0001,True,True,True,0,2.93644689925165,719,USDG,USDG,False,ticker/price-unit candidate; settlement rules need review,False
2,1790654968017,META,stocks,rh_lighter,2052,rh_lighter,13,spot,perp,10000,13.9838,10001.149842,10003.251272000001,2.101188396532727,0.0,2.101188396533794,-4.899547019404992,-2.898811603466206,-7.898811603466206,0.0001,0.0001,True,True,True,0,2.101188396533794,719,USDG,USDG,False,ticker/price-unit candidate; settlement rules need review,False
2,1790654968017,META,stocks,rh_lighter,2052,rh_lighter,13,spot,perp,100000,139.8386,100297.87005800003,100018.638789,-27.84019928225301,0.0,-27.840199282253163,-34.830455212504376,-32.84019928225317,-37.84019928225317,0.0001,0.0001,True,True,True,0,-27.840199282253163,719,USDG,USDG,False,ticker/price-unit candidate; settlement rules need review,False
2,1790654968208,META,stocks,rh_lighter,2052,hyperliquid,xyz:META,spot,perp,1000,1.398,999.7796999999999,998.9112799999998,-8.686113550816499,0.8992182497804265,-9.585331800596954,-13.085331800596956,-14.585331800596954,-19.585331800596954,0.0001,0.001,True,True,True,0,-9.585331800596954,191,USDG,USDC,False,ticker/price-unit candidate; settlement rules need review,False
2,1790654968208,META,stocks,rh_lighter,2052,hyperliquid,xyz:META,spot,perp,10000,13.983,10000.57737,9991.145480000001,-9.431345462407315,0.8991511789083834,-10.330496641315259,-13.830496641315259,-15.330496641315259,-20.330496641315257,0.0001,0.001,True,True,True,0,-10.330496641315259,191,USDG,USDC,False,ticker/price-unit candidate; settlement rules need review,False
2,1790654968208,META,stocks,rh_lighter,2052,hyperliquid,xyz:META,spot,perp,100000,139.838,100297.43932400002,99904.80670999998,-39.14682335325548,0.896476785898207,-40.04330013915336,-43.54330013915336,-45.04330013915336,-50.04330013915336,0.0001,0.001,True,True,True,0,-40.04330013915336,191,USDG,USDC,False,ticker/price-unit candidate; settlement rules need review,False
2,1790654968170,GOOGL,stocks,rh_lighter,12,rh_lighter,2051,perp,spot,1000,2.9211,1000.074016,998.344347,-17.29540986294409,0.0,-17.295409862944165,-24.28935646949213,-22.295409862944165,-27.295409862944165,0.0001,0.0001,True,True,True,0,-17.295409862944165,869,USDG,USDG,True,ticker/price-unit candidate; settlement rules need review,False
2,1790654968170,GOOGL,stocks,rh_lighter,12,rh_lighter,2051,perp,spot,10000,29.2115,10001.364574999998,9983.410018,-17.95210730031527,0.0,-17.952107300315365,-24.945824062760252,-22.952107300315365,-27.952107300315365,0.0001,0.0001,True,True,True,0,-17.952107300315365,869,USDG,USDG,True,ticker/price-unit candidate; settlement rules need review,False
2,1790654968170,GOOGL,stocks,rh_lighter,12,rh_lighter,2051,perp,spot,100000,292.1157,100038.33714499997,99632.17963199998,-40.60018634768792,0.0,-40.600186347688,-47.585976282466305,-45.600186347688,-50.600186347688,0.0001,0.0001,True,True,True,0,-40.600186347688,869,USDG,USDG,True,ticker/price-unit candidate; settlement rules need review,False
2,1790654968381,GOOGL,stocks,hyperliquid,xyz:GOOGL,rh_lighter,2051,perp,spot,1000,2.924,999.8917599999999,999.33548,-5.563402182651167,0.9,-6.463402182651266,-9.961454991887338,-11.463402182651265,-16.463402182651265,0.001,0.0001,True,True,True,0,-6.463402182651266,211,USDC,USDG,True,ticker/price-unit candidate; settlement rules need review,False
2,1790654968381,GOOGL,stocks,hyperliquid,xyz:GOOGL,rh_lighter,2051,perp,spot,10000,29.244,10000.79055,9994.517217999999,-6.272836100942314,0.9,-7.172836100942704,-10.670640608307375,-12.172836100942703,-17.172836100942703,0.001,0.0001,True,True,True,0,-7.172836100942704,211,USDC,USDG,True,ticker/price-unit candidate; settlement rules need review,False
2,1790654968381,GOOGL,stocks,hyperliquid,xyz:GOOGL,rh_lighter,2051,perp,spot,100000,292.444,100029.00872000003,99744.09053599997,-28.483555685090423,0.9,-29.38355568509055,-32.87358644060076,-34.38355568509055,-39.38355568509055,0.001,0.0001,True,True,True,0,-29.38355568509055,211,USDC,USDG,True,ticker/price-unit candidate; settlement rules need review,False
2,1790654968170,GOOGL,stocks,rh_lighter,2051,rh_lighter,12,spot,perp,1000,2.9249,1000.345049,1001.1757060000001,8.303704814958124,0.0,8.303704814958179,1.3007985182729427,3.303704814958179,-1.696295185041821,0.0001,0.0001,True,True,True,0,8.303704814958179,869,USDG,USDG,False,ticker/price-unit candidate; settlement rules need review,False
2,1790654968170,GOOGL,stocks,rh_lighter,2051,rh_lighter,12,spot,perp,10000,29.2491,10005.647834999998,10011.510155,5.859010927304897,0.0,5.859010927303941,-1.143039726520616,0.8590109273039408,-4.140989072696059,0.0001,0.0001,True,True,True,0,5.859010927303941,869,USDG,USDG,False,ticker/price-unit candidate; settlement rules need review,False
2,1790654968170,GOOGL,stocks,rh_lighter,2051,rh_lighter,12,spot,perp,100000,292.4917,100333.72194999998,100091.03567599998,-24.187907044944666,0.0,-24.187907044944666,-31.17944127747894,-29.187907044944666,-34.187907044944666,0.0001,0.0001,True,True,True,0,-24.187907044944666,869,USDG,USDG,False,ticker/price-unit candidate; settlement rules need review,False
2,1790654968381,GOOGL,stocks,rh_lighter,2051,hyperliquid,xyz:GOOGL,spot,perp,1000,2.924,1000.03724,999.80332,-2.33911289143629,0.8997894798397709,-3.2389023712758127,-6.738902371275812,-8.238902371275813,-13.238902371275813,0.0001,0.001,True,True,True,0,-3.2389023712758127,211,USDG,USDC,False,ticker/price-unit candidate; settlement rules need review,False
2,1790654968381,GOOGL,stocks,rh_lighter,2051,hyperliquid,xyz:GOOGL,spot,perp,10000,29.249,10005.613613999998,10000.371769999998,-5.23890308203101,0.8995284987226171,-6.138431580754153,-9.638431580754153,-11.138431580754153,-16.13843158075415,0.0001,0.001,True,True,True,0,-6.138431580754153,211,USDG,USDC,False,ticker/price-unit candidate; settlement rules need review,False
2,1790654968381,GOOGL,stocks,rh_lighter,2051,hyperliquid,xyz:GOOGL,spot,perp,100000,292.491,100333.48163999997,99981.54666999998,-35.07652323505916,0.8968431129088447,-35.97336634796835,-39.47336634796835,-40.97336634796835,-45.97336634796835,0.0001,0.001,True,True,True,0,-35.97336634796835,211,USDG,USDC,False,ticker/price-unit candidate; settlement rules need review,False
2,1790654968308,AMZN,stocks,rh_lighter,11,rh_lighter,2050,perp,spot,1000,4.0628,1000.1613360000001,998.63624,-15.248499868025789,0.0,-15.248499868026048,-22.243162893072242,-20.248499868026048,-25.248499868026048,0.0001,0.0001,True,True,True,0,-15.248499868026048,994,USDG,USDG,True,ticker/price-unit candidate; settlement rules need review,False
2,1790654968308,AMZN,stocks,rh_lighter,11,rh_lighter,2050,perp,spot,10000,40.6281,10002.471819,9985.16991,-17.29763333812584,0.0,-17.297633338125774,-24.29157916645743,-22.297633338125774,-27.297633338125774,0.0001,0.0001,True,True,True,0,-17.297633338125774,994,USDG,USDG,True,ticker/price-unit candidate; settlement rules need review,False
2,1790654968308,AMZN,stocks,rh_lighter,11,rh_lighter,2050,perp,spot,100000,406.2811,100061.527615,99634.110256,-42.715454099855336,0.0,-42.715454099855855,-49.700503690920904,-47.715454099855855,-52.715454099855855,0.0001,0.0001,True,True,True,0,-42.715454099855855,994,USDG,USDG,True,ticker/price-unit candidate; settlement rules need review,False
2,1790654968500,AMZN,stocks,hyperliquid,xyz:AMZN,rh_lighter,2050,perp,spot,1000,4.065,999.8274000000001,999.1770000000001,-6.505122784192796,0.9,-7.405122784192456,-10.90284599121799,-12.405122784192457,-17.405122784192457,0.001,0.0001,True,True,True,0,-7.405122784192456,192,USDC,USDG,True,ticker/price-unit candidate; settlement rules need review,False
2,1790654968500,AMZN,stocks,hyperliquid,xyz:AMZN,rh_lighter,2050,perp,spot,10000,40.659,10001.429559999999,9992.763585,-8.66473632395226,0.9,-9.564736323952145,-13.06170366623876,-14.564736323952145,-19.564736323952147,0.001,0.0001,True,True,True,0,-9.564736323952145,192,USDC,USDG,True,ticker/price-unit candidate; settlement rules need review,False
2,1790654968500,AMZN,stocks,hyperliquid,xyz:AMZN,rh_lighter,2050,perp,spot,100000,406.594,100041.36114000001,99710.786401,-33.043806604888815,0.9000000000000002,-33.943806604889154,-37.43224127257744,-38.943806604889154,-43.943806604889154,0.001,0.0001,True,True,True,0,-33.943806604889154,192,USDC,USDG,True,ticker/price-unit candidate; settlement rules need review,False
2,1790654968308,AMZN,stocks,rh_lighter,2050,rh_lighter,11,spot,perp,1000,4.0668,1000.3514639999999,1000.920816,5.691519635744324,0.0,5.6915196357436875,-1.3104723961288227,0.6915196357436875,-4.3084803642563125,0.0001,0.0001,True,True,True,0,5.6915196357436875,994,USDG,USDG,False,ticker/price-unit candidate; settlement rules need review,False
2,1790654968308,AMZN,stocks,rh_lighter,2050,rh_lighter,11,spot,perp,10000,40.6685,10004.936706,10009.33122,4.392345628096983,0.0,4.392345628097987,-2.609191692871848,-0.6076543719020133,-5.607654371902013,0.0001,0.0001,True,True,True,0,4.392345628097987,994,USDG,USDG,False,ticker/price-unit candidate; settlement rules need review,False
2,1790654968308,AMZN,stocks,rh_lighter,2050,rh_lighter,11,spot,perp,100000,406.6859,100290.746378,100072.08991100003,-21.80225742620778,0.0,-21.8022574262075,-28.794626636108326,-26.8022574262075,-31.8022574262075,0.0001,0.0001,True,True,True,0,-21.8022574262075,994,USDG,USDG,False,ticker/price-unit candidate; settlement rules need review,False
2,1790654968500,AMZN,stocks,rh_lighter,2050,hyperliquid,xyz:AMZN,spot,perp,1000,4.066,1000.1546799999999,999.95138,-2.0326855841923397,0.8998170582974226,-2.932502642490252,-6.432502642490252,-7.9325026424902525,-12.932502642490252,0.0001,0.001,True,True,True,0,-2.932502642490252,192,USDG,USDC,False,ticker/price-unit candidate; settlement rules need review,False
2,1790654968500,AMZN,stocks,rh_lighter,2050,hyperliquid,xyz:AMZN,spot,perp,10000,40.668,10004.813676,10000.8771,-3.934681971582421,0.8996458786225576,-4.8343278502051925,-8.334327850205192,-9.834327850205192,-14.834327850205192,0.0001,0.001,True,True,True,0,-4.8343278502051925,192,USDG,USDC,False,ticker/price-unit candidate; settlement rules need review,False
2,1790654968500,AMZN,stocks,rh_lighter,2050,hyperliquid,xyz:AMZN,spot,perp,100000,406.685,100290.52424,99977.25384000002,-31.23629100295733,0.8971887338097339,-32.13347973676715,-35.63347973676714,-37.13347973676715,-42.13347973676715,0.0001,0.001,True,True,True,0,-32.13347973676715,192,USDG,USDC,False,ticker/price-unit candidate; settlement rules need review,False
3,1790655027981,NVDA,stocks,rh_lighter,15,rh_lighter,2054,perp,spot,1000,4.3753,1000.1060740000001,998.924743,-11.812057047861924,0.0,-11.812057047861842,-18.80792282789509,-16.812057047861842,-21.812057047861842,0.0001,0.0001,True,True,True,0,-11.812057047861842,1119,USDG,USDG,True,ticker/price-unit candidate; settlement rules need review,False
3,1790655027981,NVDA,stocks,rh_lighter,15,rh_lighter,2054,perp,spot,10000,43.7531,10001.472508000003,9987.323281,-14.147143821756636,0.0,-14.147143821756229,-21.142192321418612,-19.14714382175623,-24.14714382175623,0.0001,0.0001,True,True,True,0,-14.147143821756229,1119,USDG,USDG,True,ticker/price-unit candidate; settlement rules need review,False
3,1790655027981,NVDA,stocks,rh_lighter,15,rh_lighter,2054,perp,spot,100000,437.5314,100031.87633300001,99753.73706200003,-27.80506386524939,0.0,-27.805063865249267,-34.79533209289643,-32.80506386524927,-37.80506386524927,0.0001,0.0001,True,True,True,0,-27.805063865249267,1119,USDG,USDG,True,ticker/price-unit candidate; settlement rules need review,False
3,1790655028179,NVDA,stocks,hyperliquid,xyz:NVDA,rh_lighter,2054,perp,spot,1000,4.381,999.96325,1000.2261100000001,2.6286966046007443,0.9,1.7286966046006795,-1.7722234392109306,-3.2713033953993205,-8.27130339539932,0.001,0.0001,True,True,True,0,1.7286966046006795,198,USDC,USDG,True,ticker/price-unit candidate; settlement rules need review,False
3,1790655028179,NVDA,stocks,hyperliquid,xyz:NVDA,rh_lighter,2054,perp,spot,10000,43.812,10000.201099999998,10000.766028,0.5649166395271799,0.9,-0.3350833604720202,-3.8352810812958547,-5.33508336047202,-10.33508336047202,0.001,0.0001,True,True,True,0,-0.3350833604720202,198,USDC,USDG,True,ticker/price-unit candidate; settlement rules need review,False
3,1790655028179,NVDA,stocks,hyperliquid,xyz:NVDA,rh_lighter,2054,perp,spot,100000,438.125,100010.59769000001,99888.99475800003,-12.159004626380865,0.8999999999999999,-13.059004626380588,-16.554748974761353,-18.059004626380588,-23.059004626380588,0.001,0.0001,True,True,True,0,-13.059004626380588,198,USDC,USDG,True,ticker/price-unit candidate; settlement rules need review,False
3,1790655027981,NVDA,stocks,rh_lighter,2054,rh_lighter,15,spot,perp,1000,4.3793,1000.1445339999999,1000.801429,6.568000700588605,0.0,6.56800070058751,-0.4342980996576949,1.5680007005875103,-3.4319992994124897,0.0001,0.0001,True,True,True,0,6.56800070058751,1119,USDG,USDG,False,ticker/price-unit candidate; settlement rules need review,False
3,1790655027981,NVDA,stocks,rh_lighter,2054,rh_lighter,15,spot,perp,10000,43.7933,10001.513854,10008.082849,6.568000700586385,0.0,6.568000700586373,-0.4342980996588326,1.5680007005863734,-3.4319992994136266,0.0001,0.0001,True,True,True,0,6.568000700586373,1119,USDG,USDG,False,ticker/price-unit candidate; settlement rules need review,False
3,1790655027981,NVDA,stocks,rh_lighter,2054,rh_lighter,15,spot,perp,100000,437.9338,100186.65671700003,100070.959284,-11.548187831723622,0.0,-11.548187831724062,-18.54414596598296,-16.548187831724064,-21.548187831724064,0.0001,0.0001,True,True,True,0,-11.548187831724062,1119,USDG,USDG,False,ticker/price-unit candidate; settlement rules need review,False
3,1790655028179,NVDA,stocks,rh_lighter,2054,hyperliquid,xyz:NVDA,spot,perp,1000,4.379,1000.0760199999999,999.46296,-6.130133987213293,0.8994482879411508,-7.0295822751544925,-10.529582275154493,-12.029582275154493,-17.029582275154493,0.0001,0.001,True,True,True,0,-7.0295822751544925,198,USDG,USDC,False,ticker/price-unit candidate; settlement rules need review,False
3,1790655028179,NVDA,stocks,rh_lighter,2054,hyperliquid,xyz:NVDA,spot,perp,10000,43.793,10001.44534,9994.920199999999,-6.52419703170759,0.8994128222671464,-7.423609853974922,-10.923609853974922,-12.423609853974922,-17.423609853974924,0.0001,0.001,True,True,True,0,-7.423609853974922,198,USDG,USDC,False,ticker/price-unit candidate; settlement rules need review,False
3,1790655028179,NVDA,stocks,rh_lighter,2054,hyperliquid,xyz:NVDA,spot,perp,100000,437.933,100186.47357300002,99937.79471999999,-24.821599576397844,0.8977660560381242,-25.719365632435657,-29.219365632435657,-30.719365632435657,-35.719365632435654,0.0001,0.001,True,True,True,0,-25.719365632435657,198,USDG,USDC,False,ticker/price-unit candidate; settlement rules need review,False
3,1790655027973,AAPL,stocks,rh_lighter,10,rh_lighter,2049,perp,spot,1000,2.9616,1000.0300850000001,999.0661439999999,-9.639120007076674,0.0,-9.639120007076631,-16.635746315074154,-14.639120007076631,-19.63912000707663,0.0001,0.0001,True,True,True,0,-9.639120007076631,685,USDG,USDG,True,ticker/price-unit candidate; settlement rules need review,False
3,1790655027973,AAPL,stocks,rh_lighter,10,rh_lighter,2049,perp,spot,10000,29.6164,10000.812206999999,9988.503912,-12.30729539285158,0.0,-12.307295392851994,-19.302987839464496,-17.307295392851994,-22.307295392851994,0.0001,0.0001,True,True,True,0,-12.307295392851994,685,USDG,USDG,True,ticker/price-unit candidate; settlement rules need review,False
3,1790655027973,AAPL,stocks,rh_lighter,10,rh_lighter,2049,perp,spot,100000,296.1646,100023.60055999999,91324.079258,-869.7468650692608,0.0,-869.7468650692607,-876.4424536664865,-874.7468650692607,-879.7468650692607,0.0001,0.0001,True,True,True,0,-869.7468650692607,685,USDG,USDG,True,ticker/price-unit candidate; settlement rules need review,False
3,1790655028176,AAPL,stocks,hyperliquid,xyz:AAPL,rh_lighter,2049,perp,spot,1000,2.964,1000.02396,999.8757599999999,-1.48196449213156,0.9,-2.381964492131649,-5.881445804559403,-7.381964492131649,-12.38196449213165,0.001,0.0001,True,True,True,0,-2.381964492131649,203,USDC,USDG,True,ticker/price-unit candidate; settlement rules need review,False
3,1790655028176,AAPL,stocks,hyperliquid,xyz:AAPL,rh_lighter,2049,perp,spot,10000,29.64,10000.9689,9996.4472,-4.521261934929965,0.9,-5.4212619349304525,-8.919679493253227,-10.421261934930452,-15.421261934930452,0.001,0.0001,True,True,True,0,-5.4212619349304525,203,USDC,USDG,True,ticker/price-unit candidate; settlement rules need review,False
3,1790655028176,AAPL,stocks,hyperliquid,xyz:AAPL,rh_lighter,2049,perp,spot,100000,296.401,100025.89424,91324.08635,-869.9555206295951,0.9,-870.8555206295947,-874.0510361973744,-875.8555206295947,-880.8555206295947,0.001,0.0001,True,True,True,0,-870.8555206295947,203,USDC,USDG,True,ticker/price-unit candidate; settlement rules need review,False
3,1790655027973,AAPL,stocks,rh_lighter,2049,rh_lighter,10,spot,perp,1000,2.9619,1000.766772,1000.0559159999999,-7.103113531431449,0.0,-7.10311353143163,-14.100627441695629,-12.10311353143163,-17.10311353143163,0.0001,0.0001,True,True,True,0,-7.10311353143163,685,USDG,USDG,False,ticker/price-unit candidate; settlement rules need review,False
3,1790655027973,AAPL,stocks,rh_lighter,2049,rh_lighter,10,spot,perp,10000,29.6199,10011.414498,10000.093211,-11.308379052992201,0.0,-11.308379052992303,-18.304421120323756,-16.3083790529923,-21.3083790529923,0.0001,0.0001,True,True,True,0,-11.308379052992303,685,USDG,USDG,False,ticker/price-unit candidate; settlement rules need review,False
3,1790655028176,AAPL,stocks,rh_lighter,2049,hyperliquid,xyz:AAPL,spot,perp,1000,2.961,1000.46268,998.9525699999999,-15.09411625429169,0.8986415295371136,-15.99275778382912,-19.49275778382912,-20.99275778382912,-25.99275778382912,0.0001,0.001,True,True,True,0,-15.99275778382912,203,USDG,USDC,False,ticker/price-unit candidate; settlement rules need review,False
3,1790655028176,AAPL,stocks,rh_lighter,2049,hyperliquid,xyz:AAPL,spot,perp,10000,29.619,10011.10938,9992.214770000002,-18.873642553286494,0.8983013721702043,-19.7719439254569,-23.2719439254569,-24.7719439254569,-29.7719439254569,0.0001,0.001,True,True,True,0,-19.7719439254569,203,USDG,USDC,False,ticker/price-unit candidate; settlement rules need review,False
3,1790655027976,TSLA,stocks,rh_lighter,16,rh_lighter,2055,perp,spot,1000,2.8011,1000.1047440000001,998.8442489999999,-12.603629845397979,0.0,-12.603629845397663,-19.599218574951777,-17.603629845397663,-22.603629845397663,0.0001,0.0001,True,True,True,0,-12.603629845397663,700,USDG,USDG,True,ticker/price-unit candidate; settlement rules need review,False
3,1790655027976,TSLA,stocks,rh_lighter,16,rh_lighter,2055,perp,spot,10000,28.0119,10001.368776,9987.177372,-14.189461780524937,0.0,-14.189461780525429,-21.18449546890224,-19.189461780525427,-24.189461780525427,0.0001,0.0001,True,True,True,0,-14.189461780525429,700,USDG,USDG,True,ticker/price-unit candidate; settlement rules need review,False
3,1790655027976,TSLA,stocks,rh_lighter,16,rh_lighter,2055,perp,spot,100000,280.1198,100040.635862,99770.63005099996,-26.989613637852237,0.0,-26.9896136378517,-33.98016727307845,-31.9896136378517,-36.989613637851704,0.0001,0.0001,True,True,True,0,-26.9896136378517,700,USDG,USDG,True,ticker/price-unit candidate; settlement rules need review,False
3,1790655028172,TSLA,stocks,hyperliquid,xyz:TSLA,rh_lighter,2055,perp,spot,1000,2.803,999.9982799999999,999.52177,-4.7651081959854125,0.9,-5.665108195985718,-9.163440408117122,-10.665108195985718,-15.665108195985718,0.001,0.0001,True,True,True,0,-5.665108195985718,196,USDC,USDG,True,ticker/price-unit candidate; settlement rules need review,False
3,1790655028172,TSLA,stocks,hyperliquid,xyz:TSLA,rh_lighter,2055,perp,spot,10000,28.031,10000.993149999998,9993.985376,-7.007078092037267,0.9,-7.907078092037171,-11.404625614704958,-12.907078092037171,-17.90707809203717,0.001,0.0001,True,True,True,0,-7.907078092037171,196,USDC,USDG,True,ticker/price-unit candidate; settlement rules need review,False
3,1790655028172,TSLA,stocks,hyperliquid,xyz:TSLA,rh_lighter,2055,perp,spot,100000,280.312,100030.73915000004,99839.05709499997,-19.162315167203793,0.9,-20.062315167204297,-23.555608356895775,-25.062315167204297,-30.062315167204297,0.001,0.0001,True,True,True,0,-20.062315167204297,196,USDC,USDG,True,ticker/price-unit candidate; settlement rules need review,False
3,1790655027976,TSLA,stocks,rh_lighter,2055,rh_lighter,16,spot,perp,1000,2.8036,1000.2403719999999,1000.7169839999999,4.76497463351766,0.0,4.7649746335178484,-2.236693107603883,-0.23502536648215155,-5.2350253664821516,0.0001,0.0001,True,True,True,0,4.7649746335178484,700,USDG,USDG,False,ticker/price-unit candidate; settlement rules need review,False
3,1790655027976,TSLA,stocks,rh_lighter,2055,rh_lighter,16,spot,perp,10000,28.0363,10002.510751,10006.970892000001,4.459021450744505,0.0,4.459021450744737,-2.5425392067630233,-0.5409785492552626,-5.540978549255263,0.0001,0.0001,True,True,True,0,4.459021450744737,700,USDG,USDG,False,ticker/price-unit candidate; settlement rules need review,False
3,1790655027976,TSLA,stocks,rh_lighter,2055,rh_lighter,16,spot,perp,100000,280.3633,100184.157844,100049.580529,-13.432993588622377,0.0,-13.432993588622761,-20.42829204086674,-18.43299358862276,-23.43299358862276,0.0001,0.0001,True,True,True,0,-13.432993588622761,700,USDG,USDG,False,ticker/price-unit candidate; settlement rules need review,False
3,1790655028172,TSLA,stocks,rh_lighter,2055,hyperliquid,xyz:TSLA,spot,perp,1000,2.803,1000.02631,999.9141900000001,-1.1211705020031104,0.8998990946548198,-2.02106959665782,-5.521069596657821,-7.02106959665782,-12.02106959665782,0.0001,0.001,True,True,True,0,-2.02106959665782,196,USDG,USDC,False,ticker/price-unit candidate; settlement rules need review,False
3,1790655028172,TSLA,stocks,rh_lighter,2055,hyperliquid,xyz:TSLA,spot,perp,10000,28.036,10002.40372,10001.00774,-1.3956445261353867,0.8998743919926478,-2.2955189181277573,-5.795518918127757,-7.295518918127757,-12.295518918127758,0.0001,0.001,True,True,True,0,-2.2955189181277573,196,USDG,USDC,False,ticker/price-unit candidate; settlement rules need review,False
3,1790655028172,TSLA,stocks,rh_lighter,2055,hyperliquid,xyz:TSLA,spot,perp,100000,280.363,100184.050543,99996.50326000003,-18.720273534905687,0.8983151753818586,-19.618588710287586,-23.118588710287582,-24.618588710287586,-29.618588710287586,0.0001,0.001,True,True,True,0,-19.618588710287586,196,USDG,USDC,False,ticker/price-unit candidate; settlement rules need review,False
3,1790655028157,META,stocks,rh_lighter,13,rh_lighter,2052,perp,spot,1000,1.3985,1000.06735,999.3541150000001,-7.131869668577373,0.0,-7.1318696685772265,-14.129373514193224,-12.131869668577227,-17.131869668577227,0.0001,0.0001,True,True,True,0,-7.1318696685772265,862,USDG,USDG,True,ticker/price-unit candidate; settlement rules need review,False
3,1790655028157,META,stocks,rh_lighter,13,rh_lighter,2052,perp,spot,10000,13.9855,10001.515445,9991.386919,-10.126991310165367,0.0,-10.126991310165817,-17.123446863207256,-15.126991310165817,-20.126991310165817,0.0001,0.0001,True,True,True,0,-10.126991310165817,862,USDG,USDG,True,ticker/price-unit candidate; settlement rules need review,False
3,1790655028157,META,stocks,rh_lighter,13,rh_lighter,2052,perp,spot,100000,139.8552,100037.95574100003,99712.016432,-32.58156432583314,0.0,-32.581564325833035,-39.57016077831899,-37.581564325833035,-42.581564325833035,0.0001,0.0001,True,True,True,0,-32.581564325833035,862,USDG,USDG,True,ticker/price-unit candidate; settlement rules need review,False
3,1790655028357,META,stocks,hyperliquid,xyz:META,rh_lighter,2052,perp,spot,1000,1.4,999.7959999999999,1000.4259999999999,6.301285462233519,0.8999999999999999,5.4012854622342505,1.899080012322469,0.40128546223425055,-4.5987145377657495,0.001,0.0001,True,True,True,0,5.4012854622342505,200,USDC,USDG,True,ticker/price-unit candidate; settlement rules need review,False
3,1790655028357,META,stocks,hyperliquid,xyz:META,rh_lighter,2052,perp,spot,10000,14.003,10000.437450000001,10003.884893999999,3.4472931981577304,0.9000000000000002,2.5472931981566775,-0.9539133544626771,-2.4527068018433225,-7.4527068018433225,0.001,0.0001,True,True,True,0,2.5472931981566775,200,USDC,USDG,True,ticker/price-unit candidate; settlement rules need review,False
3,1790655028357,META,stocks,hyperliquid,xyz:META,rh_lighter,2052,perp,spot,100000,140.033,100027.61285999998,99838.69182,-18.886888789838572,0.9,-19.786888789838763,-23.28027837876232,-24.786888789838763,-29.786888789838763,0.001,0.0001,True,True,True,0,-19.786888789838763,200,USDC,USDG,True,ticker/price-unit candidate; settlement rules need review,False
3,1790655028157,META,stocks,rh_lighter,2052,rh_lighter,13,spot,perp,1000,1.3992,1000.1341679999999,1000.3580400000001,2.238419675710812,0.0,2.238419675710371,-4.762363771176127,-2.761580324289629,-7.761580324289628,0.0001,0.0001,True,True,True,0,2.238419675710371,862,USDG,USDG,False,ticker/price-unit candidate; settlement rules need review,False
3,1790655028157,META,stocks,rh_lighter,2052,rh_lighter,13,spot,perp,10000,13.992,10001.849880000002,10003.256785,1.40664478759156,0.0,1.4066447875920378,-5.593847538083619,-3.593355212407962,-8.593355212407962,0.0001,0.0001,True,True,True,0,1.4066447875920378,862,USDG,USDG,False,ticker/price-unit candidate; settlement rules need review,False
3,1790655028157,META,stocks,rh_lighter,2052,rh_lighter,13,spot,perp,100000,139.9208,100341.46558400003,100014.47381000001,-32.58790093376596,0.0,-32.58790093376554,-39.57649516843872,-37.58790093376554,-42.58790093376554,0.0001,0.0001,True,True,True,0,-32.58790093376554,862,USDG,USDG,False,ticker/price-unit candidate; settlement rules need review,False
3,1790655028357,META,stocks,rh_lighter,2052,hyperliquid,xyz:META,spot,perp,1000,1.399,999.9912099999999,999.01056,-9.806586199890832,0.8991174072420097,-10.705703607133259,-14.205703607133259,-15.705703607133259,-20.70570360713326,0.0001,0.001,True,True,True,0,-10.705703607133259,200,USDG,USDC,False,ticker/price-unit candidate; settlement rules need review,False
3,1790655028357,META,stocks,rh_lighter,2052,hyperliquid,xyz:META,spot,perp,10000,13.992,10001.849880000002,9991.306720000002,-10.54121000264363,0.8990512910997622,-11.440261293743054,-14.940261293743053,-16.440261293743056,-21.440261293743056,0.0001,0.001,True,True,True,0,-11.440261293743054,200,USDG,USDC,False,ticker/price-unit candidate; settlement rules need review,False
3,1790655028357,META,stocks,rh_lighter,2052,hyperliquid,xyz:META,spot,perp,100000,139.92,100340.89127200001,99904.54996999995,-43.48589059441799,0.8960862698465024,-44.38197686426455,-47.88197686426455,-49.38197686426455,-54.38197686426455,0.0001,0.001,True,True,True,0,-44.38197686426455,200,USDG,USDC,False,ticker/price-unit candidate; settlement rules need review,False
3,1790655028151,GOOGL,stocks,rh_lighter,12,rh_lighter,2051,perp,spot,1000,2.9211,1000.084602,998.344347,-17.4010778340139,0.0,-17.40107783401356,-24.394987456771656,-22.40107783401356,-27.40107783401356,0.0001,0.0001,True,True,True,0,-17.40107783401356,835,USDG,USDG,True,ticker/price-unit candidate; settlement rules need review,False
3,1790655028151,GOOGL,stocks,rh_lighter,12,rh_lighter,2051,perp,spot,10000,29.2115,10002.038835,9983.410018,-18.625019665802213,0.0,-18.625019665801858,-25.61850090891883,-23.625019665801858,-28.625019665801858,0.0001,0.0001,True,True,True,0,-18.625019665801858,835,USDG,USDG,True,ticker/price-unit candidate; settlement rules need review,False
3,1790655028151,GOOGL,stocks,rh_lighter,12,rh_lighter,2051,perp,spot,100000,292.1157,100040.13104899997,99632.17963199998,-40.77877674911967,0.0,-40.77877674912015,-47.764504177257955,-45.77877674912015,-50.77877674912015,0.0001,0.0001,True,True,True,0,-40.77877674912015,835,USDG,USDG,True,ticker/price-unit candidate; settlement rules need review,False
3,1790655028351,GOOGL,stocks,hyperliquid,xyz:GOOGL,rh_lighter,2051,perp,spot,1000,2.924,999.8910399999999,999.33548,-5.5562054041402575,0.9,-6.4562054041398405,-9.95426073224839,-11.45620540413984,-16.45620540413984,0.001,0.0001,True,True,True,0,-6.4562054041398405,200,USDC,USDG,True,ticker/price-unit candidate; settlement rules need review,False
3,1790655028351,GOOGL,stocks,hyperliquid,xyz:GOOGL,rh_lighter,2051,perp,spot,10000,29.244,10000.787049999999,9994.517217999999,-6.269338571707195,0.9,-7.169338571707666,-10.667144303207568,-12.169338571707666,-17.169338571707666,0.001,0.0001,True,True,True,0,-7.169338571707666,200,USDC,USDG,True,ticker/price-unit candidate; settlement rules need review,False
3,1790655028351,GOOGL,stocks,hyperliquid,xyz:GOOGL,rh_lighter,2051,perp,spot,100000,292.44,100027.61867000001,99742.72701599999,-28.48129924395204,0.9,-29.381299243952196,-32.871330789216806,-34.3812992439522,-39.3812992439522,0.001,0.0001,True,True,True,0,-29.381299243952196,200,USDC,USDG,True,ticker/price-unit candidate; settlement rules need review,False
3,1790655028151,GOOGL,stocks,rh_lighter,2051,rh_lighter,12,spot,perp,1000,2.9249,1000.345049,1001.1757060000001,8.303704814958124,0.0,8.303704814958179,1.3007985182729427,3.303704814958179,-1.696295185041821,0.0001,0.0001,True,True,True,0,8.303704814958179,835,USDG,USDG,False,ticker/price-unit candidate; settlement rules need review,False
3,1790655028151,GOOGL,stocks,rh_lighter,2051,rh_lighter,12,spot,perp,10000,29.2491,10005.647834999998,10011.510155,5.859010927304897,0.0,5.859010927303941,-1.143039726520616,0.8590109273039408,-4.140989072696059,0.0001,0.0001,True,True,True,0,5.859010927303941,835,USDG,USDG,False,ticker/price-unit candidate; settlement rules need review,False
3,1790655028151,GOOGL,stocks,rh_lighter,2051,rh_lighter,12,spot,perp,100000,292.4917,100333.72194999998,100091.07226199997,-24.184260613886455,0.0,-24.184260613886757,-31.175796122671898,-29.184260613886757,-34.18426061388676,0.0001,0.0001,True,True,True,0,-24.184260613886757,835,USDG,USDG,False,ticker/price-unit candidate; settlement rules need review,False
3,1790655028351,GOOGL,stocks,rh_lighter,2051,hyperliquid,xyz:GOOGL,spot,perp,1000,2.924,1000.03724,999.83256,-2.0467237800070315,0.8998157948597995,-2.946539574866762,-6.4465395748667635,-7.946539574866762,-12.946539574866762,0.0001,0.001,True,True,True,0,-2.946539574866762,200,USDG,USDC,False,ticker/price-unit candidate; settlement rules need review,False
3,1790655028351,GOOGL,stocks,rh_lighter,2051,hyperliquid,xyz:GOOGL,spot,perp,10000,29.249,10005.613613999998,10000.99863,-4.612394779607287,0.8995848844698354,-5.511979664077006,-9.011979664077007,-10.511979664077007,-15.511979664077007,0.0001,0.001,True,True,True,0,-5.511979664077006,200,USDG,USDC,False,ticker/price-unit candidate; settlement rules need review,False
3,1790655028351,GOOGL,stocks,rh_lighter,2051,hyperliquid,xyz:GOOGL,spot,perp,100000,292.491,100333.48163999997,99983.66381000003,-34.86551291572826,0.8968621038375845,-35.762375019565994,-39.26237501956599,-40.762375019565994,-45.762375019565994,0.0001,0.001,True,True,True,0,-35.762375019565994,200,USDG,USDC,False,ticker/price-unit candidate; settlement rules need review,False
3,1790655028153,AMZN,stocks,rh_lighter,11,rh_lighter,2050,perp,spot,1000,4.0615,1000.10376,998.6416199999999,-14.619883040936088,0.0,-14.619883040936577,-21.614766081872254,-19.61988304093658,-24.61988304093658,0.0001,0.0001,True,True,True,0,-14.619883040936577,841,USDG,USDG,True,ticker/price-unit candidate; settlement rules need review,False
3,1790655028153,AMZN,stocks,rh_lighter,11,rh_lighter,2050,perp,spot,10000,40.6157,10001.372429,9985.293463999998,-16.076758579031125,0.0,-16.07675857903062,-23.07113171352796,-21.07675857903062,-26.07675857903062,0.0001,0.0001,True,True,True,0,-16.07675857903062,841,USDG,USDG,True,ticker/price-unit candidate; settlement rules need review,False
3,1790655028153,AMZN,stocks,rh_lighter,11,rh_lighter,2050,perp,spot,100000,406.1573,100045.62739000001,99614.19655400001,-43.12340751467247,0.0,-43.123407514671946,-50.10831432204181,-48.123407514671946,-53.123407514671946,0.0001,0.0001,True,True,True,0,-43.123407514671946,841,USDG,USDG,True,ticker/price-unit candidate; settlement rules need review,False
3,1790655028378,AMZN,stocks,hyperliquid,xyz:AMZN,rh_lighter,2050,perp,spot,1000,4.064,999.82528,999.25632,-5.690594260630011,0.9,-6.5905942606298265,-10.088602552638607,-11.590594260629826,-16.59059426062983,0.001,0.0001,True,True,True,0,-6.5905942606298265,225,USDC,USDG,True,ticker/price-unit candidate; settlement rules need review,False
3,1790655028378,AMZN,stocks,hyperliquid,xyz:AMZN,rh_lighter,2050,perp,spot,10000,40.649,10001.0826,9993.478604,-7.603172880503717,0.9,-8.503172880503781,-12.000511769995606,-13.503172880503781,-18.503172880503783,0.001,0.0001,True,True,True,0,-8.503172880503781,225,USDC,USDG,True,ticker/price-unit candidate; settlement rules need review,False
3,1790655028378,AMZN,stocks,hyperliquid,xyz:AMZN,rh_lighter,2050,perp,spot,100000,406.495,100029.50362,99696.949939,-33.24555945647178,0.8999999999999999,-34.145559456471574,-37.63392351066181,-39.145559456471574,-44.145559456471574,0.001,0.0001,True,True,True,0,-34.145559456471574,225,USDC,USDG,True,ticker/price-unit candidate; settlement rules need review,False
3,1790655028153,AMZN,stocks,rh_lighter,2050,rh_lighter,11,spot,perp,1000,4.0658,1000.2681160000001,1000.9186440000001,6.503536297861601,0.0,6.503536297862047,-0.4987399398422058,1.5035362978620466,-3.4964637021379534,0.0001,0.0001,True,True,True,0,6.503536297862047,841,USDG,USDG,False,ticker/price-unit candidate; settlement rules need review,False
3,1790655028153,AMZN,stocks,rh_lighter,2050,rh_lighter,11,spot,perp,10000,40.6586,10004.127056,10009.334148,5.204943890508851,0.0,5.204943890509258,-1.7968778398524197,0.20494389050925843,-4.795056109490742,0.0001,0.0001,True,True,True,0,5.204943890509258,841,USDG,USDG,False,ticker/price-unit candidate; settlement rules need review,False
3,1790655028153,AMZN,stocks,rh_lighter,2050,rh_lighter,11,spot,perp,100000,406.5867,100270.170642,100069.95710199999,-19.96740792581719,0.0,-19.96740792581722,-26.96041933304318,-24.96740792581722,-29.96740792581722,0.0001,0.0001,True,True,True,0,-19.96740792581722,841,USDG,USDG,False,ticker/price-unit candidate; settlement rules need review,False
3,1790655028378,AMZN,stocks,rh_lighter,2050,hyperliquid,xyz:AMZN,spot,perp,1000,4.065,1000.0713000000002,999.9493500000001,-1.2194130558496052,0.8998902528249735,-2.119303308674926,-5.619303308674926,-7.119303308674926,-12.119303308674926,0.0001,0.001,True,True,True,0,-2.119303308674926,225,USDG,USDC,False,ticker/price-unit candidate; settlement rules need review,False
3,1790655028378,AMZN,stocks,rh_lighter,2050,hyperliquid,xyz:AMZN,spot,perp,10000,40.658,10003.979396,10000.362589999999,-3.615367302183259,0.8996746169428034,-4.515041919126534,-8.015041919126537,-9.515041919126535,-14.515041919126535,0.0001,0.001,True,True,True,0,-4.515041919126534,225,USDG,USDC,False,ticker/price-unit candidate; settlement rules need review,False
3,1790655028378,AMZN,stocks,rh_lighter,2050,hyperliquid,xyz:AMZN,spot,perp,100000,406.586,100269.99786799999,99969.00743999999,-30.01799485387813,0.897298380463151,-30.915293234341792,-34.41529323434179,-35.91529323434179,-40.91529323434179,0.0001,0.001,True,True,True,0,-30.915293234341792,225,USDG,USDC,False,ticker/price-unit candidate; settlement rules need review,False
4,1790655087952,NVDA,stocks,rh_lighter,15,rh_lighter,2054,perp,spot,1000,4.374,1000.1151,998.8028999999999,-13.120489831620619,0.0,-13.120489831621136,-20.115897660180067,-18.120489831621136,-23.120489831621136,0.0001,0.0001,True,True,True,0,-13.120489831621136,1103,USDG,USDG,True,ticker/price-unit candidate; settlement rules need review,False
4,1790655087952,NVDA,stocks,rh_lighter,15,rh_lighter,2054,perp,spot,10000,43.7407,10001.311055,9986.242857,-15.066222735335977,0.0,-15.06622273533602,-22.060949557378652,-20.06622273533602,-25.06622273533602,0.0001,0.0001,True,True,True,0,-15.06622273533602,1103,USDG,USDG,True,ticker/price-unit candidate; settlement rules need review,False
4,1790655087952,NVDA,stocks,rh_lighter,15,rh_lighter,2054,perp,spot,100000,437.407,100030.846245,99732.93780400003,-29.78165757693496,0.0,-29.78165757693508,-36.77123399678315,-34.781657576935075,-39.781657576935075,0.0001,0.0001,True,True,True,0,-29.78165757693508,1103,USDG,USDG,True,ticker/price-unit candidate; settlement rules need review,False
4,1790655088147,NVDA,stocks,hyperliquid,xyz:NVDA,rh_lighter,2054,perp,spot,1000,4.38,1000.0415999999999,1000.173,1.3139453398758327,0.9,0.41394533987484894,-3.0865145409941075,-4.586054660125151,-9.586054660125152,0.001,0.0001,True,True,True,0,0.41394533987484894,195,USDC,USDG,True,ticker/price-unit candidate; settlement rules need review,False
4,1790655088147,NVDA,stocks,hyperliquid,xyz:NVDA,rh_lighter,2054,perp,spot,10000,43.8,10000.48143,9999.779267999998,-0.7021281974439741,0.9,-1.6021281974435986,-5.101882452574494,-6.602128197443599,-11.602128197443598,0.001,0.0001,True,True,True,0,-1.6021281974435986,195,USDC,USDG,True,ticker/price-unit candidate; settlement rules need review,False
4,1790655088147,NVDA,stocks,hyperliquid,xyz:NVDA,rh_lighter,2054,perp,spot,100000,438.0,100012.80368999999,99868.05878400002,-14.472637568346824,0.8999999999999999,-15.372637568347278,-18.86757214519836,-20.37263756834728,-25.37263756834728,0.001,0.0001,True,True,True,0,-15.372637568347278,195,USDC,USDG,True,ticker/price-unit candidate; settlement rules need review,False
4,1790655087952,NVDA,stocks,rh_lighter,2054,rh_lighter,15,spot,perp,1000,4.3784,1000.157912,1000.858456,7.0043339316194775,0.0,7.004333931620552,0.0018824147444856984,2.004333931620552,-2.995666068379448,0.0001,0.0001,True,True,True,0,7.004333931620552,1103,USDG,USDG,False,ticker/price-unit candidate; settlement rules need review,False
4,1790655087952,NVDA,stocks,rh_lighter,2054,rh_lighter,15,spot,perp,10000,43.7847,10001.739021000001,10008.744573,7.0043339316194775,0.0,7.004333931618905,0.0018824147428382336,2.0043339316189046,-2.9956660683810954,0.0001,0.0001,True,True,True,0,7.004333931618905,1103,USDG,USDG,False,ticker/price-unit candidate; settlement rules need review,False
4,1790655087952,NVDA,stocks,rh_lighter,2054,rh_lighter,15,spot,perp,100000,437.8475,100176.91569100003,100076.78106300002,-9.995778699045665,0.0,-9.995778699045184,-16.99228017650052,-14.995778699045184,-19.995778699045182,0.0001,0.0001,True,True,True,0,-9.995778699045184,1103,USDG,USDG,False,ticker/price-unit candidate; settlement rules need review,False
4,1790655088147,NVDA,stocks,rh_lighter,2054,hyperliquid,xyz:NVDA,spot,perp,1000,4.378,1000.06654,999.4544799999999,-6.12019276237552,0.8994491826513863,-7.019641945026537,-10.519641945026537,-12.019641945026537,-17.019641945026535,0.0001,0.001,True,True,True,0,-7.019641945026537,195,USDG,USDC,False,ticker/price-unit candidate; settlement rules need review,False
4,1790655088147,NVDA,stocks,rh_lighter,2054,hyperliquid,xyz:NVDA,spot,perp,10000,43.784,10001.57912,9995.450219999999,-6.127932325952212,0.8994484860906642,-7.027380812042731,-10.52738081204273,-12.02738081204273,-17.02738081204273,0.0001,0.001,True,True,True,0,-7.027380812042731,195,USDG,USDC,False,ticker/price-unit candidate; settlement rules need review,False
4,1790655088147,NVDA,stocks,rh_lighter,2054,hyperliquid,xyz:NVDA,spot,perp,100000,437.847,100176.80122600001,99944.00810999998,-23.23822613130244,0.897908559648183,-24.136134690950367,-27.63613469095037,-29.136134690950367,-34.13613469095037,0.0001,0.001,True,True,True,0,-24.136134690950367,195,USDG,USDC,False,ticker/price-unit candidate; settlement rules need review,False
4,1790655087953,AAPL,stocks,rh_lighter,10,rh_lighter,2049,perp,spot,1000,2.9616,1000.06713,999.0661439999999,-10.00918808320539,0.0,-10.00918808320523,-17.005684867376107,-15.00918808320523,-20.00918808320523,0.0001,0.0001,True,True,True,0,-10.00918808320523,825,USDG,USDG,True,ticker/price-unit candidate; settlement rules need review,False
4,1790655087953,AAPL,stocks,rh_lighter,10,rh_lighter,2049,perp,spot,10000,29.616,10001.05661,9988.36928,-12.685989585653479,0.0,-12.68598958565323,-19.681549489298252,-17.685989585653232,-22.685989585653232,0.0001,0.0001,True,True,True,0,-12.68598958565323,825,USDG,USDG,True,ticker/price-unit candidate; settlement rules need review,False
4,1790655087953,AAPL,stocks,rh_lighter,10,rh_lighter,2049,perp,spot,100000,296.1602,100026.57137499998,91324.079126,-870.0180491415944,0.0,-870.0180491415939,-876.7135428243943,-875.0180491415939,-880.0180491415939,0.0001,0.0001,True,True,True,0,-870.0180491415939,825,USDG,USDG,True,ticker/price-unit candidate; settlement rules need review,False
4,1790655088142,AAPL,stocks,hyperliquid,xyz:AAPL,rh_lighter,2049,perp,spot,1000,2.964,1000.02396,999.8757599999999,-1.48196449213156,0.9,-2.381964492131649,-5.881445804559403,-7.381964492131649,-12.38196449213165,0.001,0.0001,True,True,True,0,-2.381964492131649,189,USDC,USDG,True,ticker/price-unit candidate; settlement rules need review,False
4,1790655088142,AAPL,stocks,hyperliquid,xyz:AAPL,rh_lighter,2049,perp,spot,10000,29.64,10000.92981,9996.4472,-4.4821932411898135,0.9,-5.382193241189354,-8.880624473554938,-10.382193241189354,-15.382193241189354,0.001,0.0001,True,True,True,0,-5.382193241189354,189,USDC,USDG,True,ticker/price-unit candidate; settlement rules need review,False
4,1790655088142,AAPL,stocks,hyperliquid,xyz:AAPL,rh_lighter,2049,perp,spot,100000,296.401,100030.15936999998,91324.08635,-870.3448114880264,0.9,-871.2448114880259,-874.440190804005,-876.2448114880259,-881.2448114880259,0.001,0.0001,True,True,True,0,-871.2448114880259,189,USDC,USDG,True,ticker/price-unit candidate; settlement rules need review,False
4,1790655087953,AAPL,stocks,rh_lighter,2049,rh_lighter,10,spot,perp,1000,2.9619,1000.766772,1000.0559159999999,-7.103113531431449,0.0,-7.10311353143163,-14.100627441695629,-12.10311353143163,-17.10311353143163,0.0001,0.0001,True,True,True,0,-7.10311353143163,825,USDG,USDG,False,ticker/price-unit candidate; settlement rules need review,False
4,1790655087953,AAPL,stocks,rh_lighter,2049,rh_lighter,10,spot,perp,10000,29.6199,10011.414498,9999.741547,-11.65964210385284,0.0,-11.659642103852951,-18.655561229116607,-16.659642103852953,-21.659642103852953,0.0001,0.0001,True,True,True,0,-11.659642103852951,825,USDG,USDG,False,ticker/price-unit candidate; settlement rules need review,False
4,1790655088142,AAPL,stocks,rh_lighter,2049,hyperliquid,xyz:AAPL,spot,perp,1000,2.961,1000.46268,998.9525699999999,-15.09411625429169,0.8986415295371136,-15.99275778382912,-19.49275778382912,-20.99275778382912,-25.99275778382912,0.0001,0.001,True,True,True,0,-15.99275778382912,189,USDG,USDC,False,ticker/price-unit candidate; settlement rules need review,False
4,1790655088142,AAPL,stocks,rh_lighter,2049,hyperliquid,xyz:AAPL,spot,perp,10000,29.619,10011.10938,9992.214770000002,-18.873642553286494,0.8983013721702043,-19.7719439254569,-23.2719439254569,-24.7719439254569,-29.7719439254569,0.0001,0.001,True,True,True,0,-19.7719439254569,189,USDG,USDC,False,ticker/price-unit candidate; settlement rules need review,False
4,1790655087955,TSLA,stocks,rh_lighter,16,rh_lighter,2055,perp,spot,1000,2.801,1000.164859,998.8366000000001,-13.28040060643576,0.0,-13.280400606435315,-20.27575246622306,-18.280400606435315,-23.280400606435315,0.0001,0.0001,True,True,True,0,-13.280400606435315,644,USDG,USDG,True,ticker/price-unit candidate; settlement rules need review,False
4,1790655087955,TSLA,stocks,rh_lighter,16,rh_lighter,2055,perp,spot,10000,28.0104,10002.089273,9987.310835,-14.775351025803074,0.0,-14.775351025802996,-21.770179652943966,-19.775351025802998,-24.775351025802998,0.0001,0.0001,True,True,True,0,-14.775351025802996,644,USDG,USDG,True,ticker/price-unit candidate; settlement rules need review,False
4,1790655087955,TSLA,stocks,rh_lighter,16,rh_lighter,2055,perp,spot,100000,280.1041,100040.18703100001,99769.67652599998,-27.040183852935495,0.0,-27.04018385293531,-34.03071978858678,-32.040183852935314,-37.040183852935314,0.0001,0.0001,True,True,True,0,-27.04018385293531,644,USDG,USDG,True,ticker/price-unit candidate; settlement rules need review,False
4,1790655088150,TSLA,stocks,hyperliquid,xyz:TSLA,rh_lighter,2055,perp,spot,1000,2.802,999.72558,999.1932,-5.3252613582222,0.9,-6.225261358221815,-9.723397516746438,-11.225261358221815,-16.225261358221815,0.001,0.0001,True,True,True,0,-6.225261358221815,195,USDC,USDG,True,ticker/price-unit candidate; settlement rules need review,False
4,1790655088150,TSLA,stocks,hyperliquid,xyz:TSLA,rh_lighter,2055,perp,spot,10000,28.028,10000.804209999998,9993.585763,-7.217866531954442,0.9,-8.117866531954922,-11.615340278668738,-13.117866531954922,-18.117866531954924,0.001,0.0001,True,True,True,0,-8.117866531954922,195,USDC,USDG,True,ticker/price-unit candidate; settlement rules need review,False
4,1790655088150,TSLA,stocks,hyperliquid,xyz:TSLA,rh_lighter,2055,perp,spot,100000,280.284,100021.39283,99833.72452399998,-18.762816702522223,0.9,-19.66281670252176,-23.156249716675877,-24.66281670252176,-29.66281670252176,0.001,0.0001,True,True,True,0,-19.66281670252176,195,USDC,USDG,True,ticker/price-unit candidate; settlement rules need review,False
4,1790655087955,TSLA,stocks,rh_lighter,2055,rh_lighter,16,spot,perp,1000,2.8035,1000.204695,1000.709325,5.045267259018438,0.0,5.045267259018616,-1.9564985845220402,0.04526725901861628,-4.954732740981384,0.0001,0.0001,True,True,True,0,5.045267259018616,644,USDG,USDG,False,ticker/price-unit candidate; settlement rules need review,False
4,1790655087955,TSLA,stocks,rh_lighter,2055,rh_lighter,16,spot,perp,10000,28.0359,10002.368043,10007.335793,4.966573893945281,0.0,4.9665738939454425,-2.035164406917439,-0.033426106054557536,-5.0334261060545575,0.0001,0.0001,True,True,True,0,4.9665738939454425,644,USDG,USDG,False,ticker/price-unit candidate; settlement rules need review,False
4,1790655087955,TSLA,stocks,rh_lighter,2055,rh_lighter,16,spot,perp,100000,280.3594,100178.621349,100052.96303700002,-12.543425963330579,0.0,-12.54342596333053,-19.539035764243366,-17.543425963330527,-22.543425963330527,0.0001,0.0001,True,True,True,0,-12.54342596333053,644,USDG,USDG,False,ticker/price-unit candidate; settlement rules need review,False
4,1790655088150,TSLA,stocks,rh_lighter,2055,hyperliquid,xyz:TSLA,spot,perp,1000,2.803,1000.02631,1000.02631,0.0,0.9,-0.9,-4.4,-5.9,-10.9,0.0001,0.001,True,True,True,0,-0.9,195,USDG,USDC,False,ticker/price-unit candidate; settlement rules need review,False
4,1790655088150,TSLA,stocks,rh_lighter,2055,hyperliquid,xyz:TSLA,spot,perp,10000,28.035,10002.04695,10001.73569,-0.31119629967379936,0.8999719923330293,-1.2111682920068696,-4.711168292006869,-6.211168292006869,-11.21116829200687,0.0001,0.001,True,True,True,0,-1.2111682920068696,195,USDG,USDC,False,ticker/price-unit candidate; settlement rules need review,False
4,1790655088150,TSLA,stocks,rh_lighter,2055,hyperliquid,xyz:TSLA,spot,perp,100000,280.359,100178.47828099999,100003.02488000003,-17.514081268814596,0.8984237326858068,-18.41250500150053,-21.912505001500534,-23.41250500150053,-28.41250500150053,0.0001,0.001,True,True,True,0,-18.41250500150053,195,USDG,USDC,False,ticker/price-unit candidate; settlement rules need review,False
4,1790655087978,META,stocks,rh_lighter,13,rh_lighter,2052,perp,spot,1000,1.401,1000.0747320000002,999.40335,-6.713318300297644,0.0,-6.71331830029786,-13.710968638892755,-11.71331830029786,-16.71331830029786,0.0001,0.0001,True,True,True,0,-6.71331830029786,710,USDG,USDG,True,ticker/price-unit candidate; settlement rules need review,False
4,1790655087978,META,stocks,rh_lighter,13,rh_lighter,2052,perp,spot,10000,14.0109,10001.894207999998,9993.382773,-8.509823062505806,0.0,-8.509823062506172,-15.506844624434294,-13.509823062506172,-18.50982306250617,0.0001,0.0001,True,True,True,0,-8.509823062506172,710,USDG,USDG,True,ticker/price-unit candidate; settlement rules need review,False
4,1790655087978,META,stocks,rh_lighter,13,rh_lighter,2052,perp,spot,100000,140.1099,100035.614948,99663.754398,-37.17281592093946,0.0,-37.17281592093938,-44.159805435367055,-42.17281592093938,-47.17281592093938,0.0001,0.0001,True,True,True,0,-37.17281592093938,710,USDG,USDG,True,ticker/price-unit candidate; settlement rules need review,False
4,1790655088174,META,stocks,hyperliquid,xyz:META,rh_lighter,2052,perp,spot,1000,1.402,999.5278599999999,1000.1166999999999,5.891181462416295,0.9,4.991181462415713,1.489119548903867,-0.008818537584287078,-5.008818537584287,0.001,0.0001,True,True,True,0,4.991181462415713,196,USDC,USDG,True,ticker/price-unit candidate; settlement rules need review,False
4,1790655088174,META,stocks,hyperliquid,xyz:META,rh_lighter,2052,perp,spot,10000,14.026,9999.55618,10004.151036,4.5950599379507295,0.9,3.695059937949875,0.19345166697159208,-1.3049400620501248,-6.304940062050125,0.001,0.0001,True,True,True,0,3.695059937949875,196,USDC,USDG,True,ticker/price-unit candidate; settlement rules need review,False
4,1790655088174,META,stocks,hyperliquid,xyz:META,rh_lighter,2052,perp,spot,100000,140.267,100017.47998999999,99775.39908399999,-24.203859767732983,0.8999999999999999,-25.103859767733276,-28.595388416814572,-30.103859767733276,-35.103859767733276,0.001,0.0001,True,True,True,0,-25.103859767733276,196,USDC,USDG,True,ticker/price-unit candidate; settlement rules need review,False
4,1790655087978,META,stocks,rh_lighter,2052,rh_lighter,13,spot,perp,1000,1.4014,1000.1791800000001,1000.0810819999999,-0.9808042594938726,0.0,-0.9808042594944204,-7.980460978003598,-5.980804259494421,-10.98080425949442,0.0001,0.0001,True,True,True,0,-0.9808042594944204,710,USDG,USDG,False,ticker/price-unit candidate; settlement rules need review,False
4,1790655087978,META,stocks,rh_lighter,2052,rh_lighter,13,spot,perp,10000,14.0149,10002.640616000002,10001.236712999998,-1.403532380997996,0.0,-1.4035323809978144,-8.403041144664465,-6.403532380997815,-11.403532380997815,0.0001,0.0001,True,True,True,0,-1.4035323809978144,710,USDG,USDG,False,ticker/price-unit candidate; settlement rules need review,False
4,1790655087978,META,stocks,rh_lighter,2052,rh_lighter,13,spot,perp,100000,140.1492,100234.64147600003,99995.928,-23.81546663756895,0.0,-23.81546663756867,-30.807131224245516,-28.81546663756867,-33.81546663756867,0.0001,0.0001,True,True,True,0,-23.81546663756867,710,USDG,USDG,False,ticker/price-unit candidate; settlement rules need review,False
4,1790655088174,META,stocks,rh_lighter,2052,hyperliquid,xyz:META,spot,perp,1000,1.401,999.8937000000001,998.8009199999999,-10.928961748635224,0.8990163934426229,-11.827978142078255,-15.327978142078255,-16.827978142078255,-21.827978142078255,0.0001,0.001,True,True,True,0,-11.827978142078255,196,USDG,USDC,False,ticker/price-unit candidate; settlement rules need review,False
4,1790655088174,META,stocks,rh_lighter,2052,hyperliquid,xyz:META,spot,perp,10000,14.014,10001.998160000001,9990.256109999998,-11.739704219264624,0.8989434266202663,-12.638647645884552,-16.138647645884554,-17.638647645884554,-22.638647645884554,0.0001,0.001,True,True,True,0,-12.638647645884552,196,USDG,USDC,False,ticker/price-unit candidate; settlement rules need review,False
4,1790655088151,GOOGL,stocks,rh_lighter,12,rh_lighter,2051,perp,spot,1000,2.9212,1000.0562859999999,998.3785239999999,-16.776675708031206,0.0,-16.776675708031398,-23.770803871533587,-21.776675708031398,-26.776675708031398,0.0001,0.0001,True,True,True,0,-16.776675708031398,844,USDG,USDG,True,ticker/price-unit candidate; settlement rules need review,False
4,1790655088151,GOOGL,stocks,rh_lighter,12,rh_lighter,2051,perp,spot,10000,29.2124,10001.729480999998,9983.717601999999,-18.008764418410152,0.0,-18.008764418410173,-25.00246135086373,-23.008764418410173,-28.008764418410173,0.0001,0.0001,True,True,True,0,-18.008764418410173,844,USDG,USDG,True,ticker/price-unit candidate; settlement rules need review,False
4,1790655088151,GOOGL,stocks,rh_lighter,12,rh_lighter,2051,perp,spot,100000,292.1243,100041.386095,99635.11119999998,-40.61068232443454,0.0,-40.61068232443402,-47.59646858562047,-45.61068232443402,-50.61068232443402,0.0001,0.0001,True,True,True,0,-40.61068232443402,844,USDG,USDG,True,ticker/price-unit candidate; settlement rules need review,False
4,1790655088356,GOOGL,stocks,hyperliquid,xyz:GOOGL,rh_lighter,2051,perp,spot,1000,2.924,999.83256,999.33548,-4.971632450136987,0.9,-5.871632450137278,-9.36989237877973,-10.871632450137277,-15.871632450137277,0.001,0.0001,True,True,True,0,-5.871632450137278,205,USDC,USDG,True,ticker/price-unit candidate; settlement rules need review,False
4,1790655088356,GOOGL,stocks,hyperliquid,xyz:GOOGL,rh_lighter,2051,perp,spot,10000,29.245,10000.5869,9994.858978,-5.727585847986605,0.9,-6.627585847986617,-10.125581192939821,-11.627585847986616,-16.627585847986616,0.001,0.0001,True,True,True,0,-6.627585847986617,205,USDC,USDG,True,ticker/price-unit candidate; settlement rules need review,False
4,1790655088356,GOOGL,stocks,hyperliquid,xyz:GOOGL,rh_lighter,2051,perp,spot,100000,292.457,100031.79038000002,99748.52197599996,-28.31783805168131,0.8999999999999999,-29.217838051681618,-32.70792680836353,-34.21783805168162,-39.21783805168162,0.001,0.0001,True,True,True,0,-29.217838051681618,205,USDC,USDG,True,ticker/price-unit candidate; settlement rules need review,False
4,1790655088151,GOOGL,stocks,rh_lighter,2051,rh_lighter,12,spot,perp,1000,2.9249,1000.345049,1001.1727840000001,8.274494893811823,0.0,8.274494893812136,1.2715988205993025,3.274494893812136,-1.725505106187864,0.0001,0.0001,True,True,True,0,8.274494893812136,844,USDG,USDG,False,ticker/price-unit candidate; settlement rules need review,False
4,1790655088151,GOOGL,stocks,rh_lighter,2051,rh_lighter,12,spot,perp,10000,29.2491,10005.647834999998,10011.501389,5.850249875400948,0.0,5.850249875400666,-1.1517977120557246,0.8502498754006664,-4.149750124599334,0.0001,0.0001,True,True,True,0,5.850249875400666,844,USDG,USDG,False,ticker/price-unit candidate; settlement rules need review,False
4,1790655088151,GOOGL,stocks,rh_lighter,2051,rh_lighter,12,spot,perp,100000,292.4917,100333.72194999998,100089.73644399997,-24.317398104856114,0.0,-24.317398104856395,-31.308887015519698,-29.317398104856395,-34.317398104856395,0.0001,0.0001,True,True,True,0,-24.317398104856395,844,USDG,USDG,False,ticker/price-unit candidate; settlement rules need review,False
4,1790655088356,GOOGL,stocks,rh_lighter,2051,hyperliquid,xyz:GOOGL,spot,perp,1000,2.924,1000.03724,999.77408,-2.631502002865549,0.8997631648197422,-3.5312651676848628,-7.031265167684863,-8.531265167684863,-13.531265167684863,0.0001,0.001,True,True,True,0,-3.5312651676848628,205,USDG,USDC,False,ticker/price-unit candidate; settlement rules need review,False
4,1790655088356,GOOGL,stocks,rh_lighter,2051,hyperliquid,xyz:GOOGL,spot,perp,10000,29.249,10005.613613999998,10000.539690000001,-5.0710772929474235,0.8995436030436347,-5.970620895991582,-9.470620895991582,-10.970620895991582,-15.970620895991582,0.0001,0.001,True,True,True,0,-5.970620895991582,205,USDG,USDC,False,ticker/price-unit candidate; settlement rules need review,False
4,1790655088356,GOOGL,stocks,rh_lighter,2051,hyperliquid,xyz:GOOGL,spot,perp,100000,292.491,100333.48163999997,99981.73174999999,-35.05807675069694,0.8968447730924372,-35.954921523789494,-39.4549215237895,-40.954921523789494,-45.954921523789494,0.0001,0.001,True,True,True,0,-35.954921523789494,205,USDG,USDC,False,ticker/price-unit candidate; settlement rules need review,False
4,1790655088163,AMZN,stocks,rh_lighter,11,rh_lighter,2050,perp,spot,1000,4.0628,1000.0988480000001,998.63624,-14.624634384140522,0.0,-14.624634384140853,-21.619515762106406,-19.624634384140855,-24.624634384140855,0.0001,0.0001,True,True,True,0,-14.624634384140853,881,USDG,USDG,True,ticker/price-unit candidate; settlement rules need review,False
4,1790655088163,AMZN,stocks,rh_lighter,11,rh_lighter,2050,perp,spot,10000,40.6281,10002.153751,9985.16991,-16.980183891195377,0.0,-16.98018389119572,-23.9742408268338,-21.98018389119572,-26.98018389119572,0.0001,0.0001,True,True,True,0,-16.98018389119572,881,USDG,USDG,True,ticker/price-unit candidate; settlement rules need review,False
4,1790655088163,AMZN,stocks,rh_lighter,11,rh_lighter,2050,perp,spot,100000,406.2811,100060.7648,99634.110256,-42.63954456602437,0.0,-42.63954456602399,-49.62462072542589,-47.63954456602399,-52.63954456602399,0.0001,0.0001,True,True,True,0,-42.63954456602399,881,USDG,USDG,True,ticker/price-unit candidate; settlement rules need review,False
4,1790655088353,AMZN,stocks,hyperliquid,xyz:AMZN,rh_lighter,2050,perp,spot,1000,4.065,999.87642,999.1770000000001,-6.995064450063815,0.9,-7.89506445006392,-11.3926161775064,-12.89506445006392,-17.89506445006392,0.001,0.0001,True,True,True,0,-7.89506445006392,190,USDC,USDG,True,ticker/price-unit candidate; settlement rules need review,False
4,1790655088353,AMZN,stocks,hyperliquid,xyz:AMZN,rh_lighter,2050,perp,spot,10000,40.657,10001.547389999998,9992.272084999999,-9.273869970634063,0.9,-10.173869970633822,-13.6706241161441,-15.173869970633822,-20.173869970633824,0.001,0.0001,True,True,True,0,-10.173869970633822,190,USDC,USDG,True,ticker/price-unit candidate; settlement rules need review,False
4,1790655088353,AMZN,stocks,hyperliquid,xyz:AMZN,rh_lighter,2050,perp,spot,100000,406.578,100041.29078999996,99706.865601,-33.42871591910601,0.9,-34.32871591910594,-37.81701586853425,-39.32871591910594,-44.32871591910594,0.001,0.0001,True,True,True,0,-34.32871591910594,190,USDC,USDG,True,ticker/price-unit candidate; settlement rules need review,False
4,1790655088163,AMZN,stocks,rh_lighter,2050,rh_lighter,11,spot,perp,1000,4.0668,1000.3514639999999,1000.880148,5.284982518904968,0.0,5.284982518905097,-1.7168672249765207,0.28498251890509696,-4.715017481094903,0.0001,0.0001,True,True,True,0,5.284982518905097,881,USDG,USDG,False,ticker/price-unit candidate; settlement rules need review,False
4,1790655088163,AMZN,stocks,rh_lighter,2050,rh_lighter,11,spot,perp,10000,40.6685,10004.936706,10008.785911,3.8473056982879505,0.0,3.8473056982879807,-3.1540408587064195,-1.1526943017120193,-6.152694301712019,0.0001,0.0001,True,True,True,0,3.8473056982879807,881,USDG,USDG,False,ticker/price-unit candidate; settlement rules need review,False
4,1790655088163,AMZN,stocks,rh_lighter,2050,rh_lighter,11,spot,perp,100000,406.6859,100290.746378,100070.24606899997,-21.98610708997517,0.0,-21.986107089975153,-28.978411952493662,-26.986107089975153,-31.986107089975153,0.0001,0.0001,True,True,True,0,-21.986107089975153,881,USDG,USDG,False,ticker/price-unit candidate; settlement rules need review,False
4,1790655088353,AMZN,stocks,rh_lighter,2050,hyperliquid,xyz:AMZN,spot,perp,1000,4.066,1000.1546799999999,999.99204,-1.6261484673540938,0.8998536466379382,-2.526002113991974,-6.026002113991974,-7.526002113991974,-12.526002113991975,0.0001,0.001,True,True,True,0,-2.526002113991974,190,USDG,USDC,False,ticker/price-unit candidate; settlement rules need review,False
4,1790655088353,AMZN,stocks,rh_lighter,2050,hyperliquid,xyz:AMZN,spot,perp,10000,40.668,10004.813676,10001.2349,-3.5770541220425667,0.8996780651290162,-4.476732187171508,-7.976732187171508,-9.476732187171507,-14.476732187171507,0.0001,0.001,True,True,True,0,-4.476732187171508,190,USDG,USDC,False,ticker/price-unit candidate; settlement rules need review,False
4,1790655088353,AMZN,stocks,rh_lighter,2050,hyperliquid,xyz:AMZN,spot,perp,100000,406.685,100290.52424,99985.47038,-30.41701719197265,0.8972624684527224,-31.314279660425072,-34.81427966042507,-36.31427966042507,-41.31427966042507,0.0001,0.001,True,True,True,0,-31.314279660425072,190,USDG,USDC,False,ticker/price-unit candidate; settlement rules need review,False
5,1790655147880,NVDA,stocks,rh_lighter,15,rh_lighter,2054,perp,spot,1000,4.3756,1000.130892,998.8182120000001,-13.125082031761881,0.0,-13.125082031761565,-20.12048825305045,-18.125082031761565,-23.125082031761565,0.0001,0.0001,True,True,True,0,-13.125082031761565,998,USDG,USDG,True,ticker/price-unit candidate; settlement rules need review,False
5,1790655147880,NVDA,stocks,rh_lighter,15,rh_lighter,2054,perp,spot,10000,43.756,10001.697858,9986.949636,-14.74571838640748,0.0,-14.74571838640736,-21.740557384972117,-19.74571838640736,-24.74571838640736,0.0001,0.0001,True,True,True,0,-14.74571838640736,998,USDG,USDG,True,ticker/price-unit candidate; settlement rules need review,False
5,1790655147880,NVDA,stocks,rh_lighter,15,rh_lighter,2054,perp,spot,100000,437.5601,100029.78828699997,99752.51030400002,-27.71954112352981,0.0,-27.71954112352995,-34.70983928413671,-32.71954112352995,-37.71954112352995,0.0001,0.0001,True,True,True,0,-27.71954112352995,998,USDG,USDG,True,ticker/price-unit candidate; settlement rules need review,False
5,1790655148071,NVDA,stocks,hyperliquid,xyz:NVDA,rh_lighter,2054,perp,spot,1000,4.381,999.96325,1000.0508700000001,0.8762322015343216,0.9,-0.023767798465303237,-3.5240744797358405,-5.023767798465303,-10.023767798465304,0.001,0.0001,True,True,True,0,-0.023767798465303237,191,USDC,USDG,True,ticker/price-unit candidate; settlement rules need review,False
5,1790655148071,NVDA,stocks,hyperliquid,xyz:NVDA,rh_lighter,2054,perp,spot,10000,43.812,10000.247169999999,9999.730516,-0.5166412301782497,0.8999999999999999,-1.4166412301778208,-4.91646040574726,-6.416641230177821,-11.41664123017782,0.001,0.0001,True,True,True,0,-1.4166412301778208,191,USDC,USDG,True,ticker/price-unit candidate; settlement rules need review,False
5,1790655148071,NVDA,stocks,hyperliquid,xyz:NVDA,rh_lighter,2054,perp,spot,100000,438.125,100016.521,99881.22841800001,-13.527023400462523,0.9000000000000002,-14.427023400462014,-17.92228894227185,-19.427023400462012,-24.427023400462012,0.001,0.0001,True,True,True,0,-14.427023400462014,191,USDC,USDG,True,ticker/price-unit candidate; settlement rules need review,False
5,1790655147880,NVDA,stocks,rh_lighter,2054,rh_lighter,15,spot,perp,1000,4.3797,1000.2358859999999,1000.8052469999999,5.692267273842422,0.0,5.6922672738414235,-1.309725019704421,0.6922672738414235,-4.3077327261585765,0.0001,0.0001,True,True,True,0,5.6922672738414235,998,USDG,USDG,False,ticker/price-unit candidate; settlement rules need review,False
5,1790655147880,NVDA,stocks,rh_lighter,2054,rh_lighter,15,spot,perp,10000,43.7972,10002.404535999998,10008.098171999998,5.692267273842422,0.0,5.692267273841813,-1.3097250197040307,0.6922672738418134,-4.307732726158187,0.0001,0.0001,True,True,True,0,5.692267273841813,998,USDG,USDG,False,ticker/price-unit candidate; settlement rules need review,False
5,1790655147880,NVDA,stocks,rh_lighter,2054,rh_lighter,15,spot,perp,100000,437.9721,100189.08222500002,100069.99221800001,-11.88652539331203,0.0,-11.886525393311748,-18.88236510942409,-16.88652539331175,-21.88652539331175,0.0001,0.0001,True,True,True,0,-11.886525393311748,998,USDG,USDG,False,ticker/price-unit candidate; settlement rules need review,False
5,1790655148071,NVDA,stocks,rh_lighter,2054,hyperliquid,xyz:NVDA,spot,perp,1000,4.379,1000.0760199999999,999.46296,-6.130133987213293,0.8994482879411508,-7.0295822751544925,-10.529582275154493,-12.029582275154493,-17.029582275154493,0.0001,0.001,True,True,True,0,-7.0295822751544925,191,USDG,USDC,False,ticker/price-unit candidate; settlement rules need review,False
5,1790655148071,NVDA,stocks,rh_lighter,2054,hyperliquid,xyz:NVDA,spot,perp,10000,43.797,10002.358859999998,9996.098899999999,-6.2584837113111025,0.8994367364659821,-7.157920447776666,-10.657920447776666,-12.157920447776666,-17.157920447776668,0.0001,0.001,True,True,True,0,-7.157920447776666,191,USDG,USDC,False,ticker/price-unit candidate; settlement rules need review,False
5,1790655148071,NVDA,stocks,rh_lighter,2054,hyperliquid,xyz:NVDA,spot,perp,100000,437.972,100189.05933200002,99948.91207,-23.969409793960228,0.8978427531185434,-24.867252547079048,-28.367252547079055,-29.867252547079048,-34.86725254707905,0.0001,0.001,True,True,True,0,-24.867252547079048,191,USDG,USDC,False,ticker/price-unit candidate; settlement rules need review,False
5,1790655148024,AAPL,stocks,rh_lighter,10,rh_lighter,2049,perp,spot,1000,2.9608,1000.0398079999999,998.7962719999999,-12.434864992894035,0.0,-12.434864992893855,-19.430512790146345,-17.434864992893857,-22.434864992893857,0.0001,0.0001,True,True,True,0,-12.434864992893855,733,USDG,USDG,True,ticker/price-unit candidate; settlement rules need review,False
5,1790655148024,AAPL,stocks,rh_lighter,10,rh_lighter,2049,perp,spot,10000,29.6085,10001.265171,9985.84493,-15.418290322620765,0.0,-15.41829032262123,-22.412893921008315,-20.418290322621232,-25.418290322621232,0.0001,0.0001,True,True,True,0,-15.41829032262123,733,USDG,USDG,True,ticker/price-unit candidate; settlement rules need review,False
5,1790655148024,AAPL,stocks,rh_lighter,10,rh_lighter,2049,perp,spot,100000,296.0857,100027.542492,91324.076891,-870.1069109736526,0.0,-870.1069109736526,-876.8023735548118,-875.1069109736526,-880.1069109736526,0.0001,0.0001,True,True,True,0,-870.1069109736526,733,USDG,USDG,True,ticker/price-unit candidate; settlement rules need review,False
5,1790655148232,AAPL,stocks,hyperliquid,xyz:AAPL,rh_lighter,2049,perp,spot,1000,2.963,999.98287,999.53842,-4.444576135590461,0.8999999999999999,-5.344576135589946,-8.84302053394249,-10.344576135589946,-15.344576135589946,0.001,0.0001,True,True,True,0,-5.344576135589946,208,USDC,USDG,True,ticker/price-unit candidate; settlement rules need review,False
5,1790655148232,AAPL,stocks,hyperliquid,xyz:AAPL,rh_lighter,2049,perp,spot,10000,29.631,10000.51194,9993.41798,-7.0935968504026725,0.9,-7.993596850402993,-11.49111409150535,-12.993596850402993,-17.993596850402994,0.001,0.0001,True,True,True,0,-7.993596850402993,208,USDC,USDG,True,ticker/price-unit candidate; settlement rules need review,False
5,1790655148232,AAPL,stocks,hyperliquid,xyz:AAPL,rh_lighter,2049,perp,spot,100000,296.318,100024.02709999996,91324.08386,-869.7853398066158,0.9,-870.685339806616,-873.8809149376838,-875.685339806616,-880.685339806616,0.001,0.0001,True,True,True,0,-870.685339806616,208,USDC,USDG,True,ticker/price-unit candidate; settlement rules need review,False
5,1790655148024,AAPL,stocks,rh_lighter,2049,rh_lighter,10,spot,perp,1000,2.9619,1000.766772,1000.2928680000001,-4.735409020952819,0.0,-4.735409020952527,-11.733751627795192,-9.735409020952527,-14.735409020952527,0.0001,0.0001,True,True,True,0,-4.735409020952527,733,USDG,USDG,False,ticker/price-unit candidate; settlement rules need review,False
5,1790655148024,AAPL,stocks,rh_lighter,2049,rh_lighter,10,spot,perp,10000,29.6199,10011.414498,10002.490260999999,-8.914062045661808,0.0,-8.914062045661876,-15.910942123945894,-13.914062045661876,-18.914062045661876,0.0001,0.0001,True,True,True,0,-8.914062045661876,733,USDG,USDG,False,ticker/price-unit candidate; settlement rules need review,False
5,1790655148232,AAPL,stocks,rh_lighter,2049,hyperliquid,xyz:AAPL,spot,perp,1000,2.961,1000.46268,999.2190599999999,-12.430448680005313,0.8988812596187995,-13.329329939624317,-16.829329939624316,-18.329329939624316,-23.329329939624316,0.0001,0.001,True,True,True,0,-13.329329939624317,208,USDG,USDC,False,ticker/price-unit candidate; settlement rules need review,False
5,1790655148232,AAPL,stocks,rh_lighter,2049,hyperliquid,xyz:AAPL,spot,perp,10000,29.619,10011.10938,9995.021939999999,-16.06958768439859,0.8985537371084042,-16.96814142150663,-20.468141421506623,-21.96814142150663,-26.96814142150663,0.0001,0.001,True,True,True,0,-16.96814142150663,208,USDG,USDC,False,ticker/price-unit candidate; settlement rules need review,False
5,1790655148027,TSLA,stocks,rh_lighter,16,rh_lighter,2055,perp,spot,1000,2.8022,1000.0645569999999,998.760124,-13.043487951547306,0.0,-13.043487951547348,-20.038922730764305,-18.04348795154735,-23.04348795154735,0.0001,0.0001,True,True,True,0,-13.043487951547348,723,USDG,USDG,True,ticker/price-unit candidate; settlement rules need review,False
5,1790655148027,TSLA,stocks,rh_lighter,16,rh_lighter,2055,perp,spot,10000,28.0221,10001.289547,9987.465649999998,-13.82211457336413,0.0,-13.822114573363859,-20.81727683326318,-18.82211457336386,-23.82211457336386,0.0001,0.0001,True,True,True,0,-13.822114573363859,723,USDG,USDG,True,ticker/price-unit candidate; settlement rules need review,False
5,1790655148027,TSLA,stocks,rh_lighter,16,rh_lighter,2055,perp,spot,100000,280.2219,100034.31817800002,99794.46280399998,-23.977308824481014,0.0,-23.977308824481522,-30.96891676639295,-28.977308824481522,-33.977308824481526,0.0001,0.0001,True,True,True,0,-23.977308824481522,723,USDG,USDG,True,ticker/price-unit candidate; settlement rules need review,False
5,1790655148235,TSLA,stocks,hyperliquid,xyz:TSLA,rh_lighter,2055,perp,spot,1000,2.803,999.77404,999.04526,-7.289447123471904,0.9,-8.18944712347231,-11.686895816979094,-13.18944712347231,-18.18944712347231,0.001,0.0001,True,True,True,0,-8.18944712347231,208,USDC,USDG,True,ticker/price-unit candidate; settlement rules need review,False
5,1790655148235,TSLA,stocks,hyperliquid,xyz:TSLA,rh_lighter,2055,perp,spot,10000,28.036,9999.99855,9992.419749,-7.578802098926474,0.8999999999999999,-8.478802098925962,-11.976149518191338,-13.478802098925962,-18.47880209892596,0.001,0.0001,True,True,True,0,-8.478802098925962,208,USDC,USDG,True,ticker/price-unit candidate; settlement rules need review,False
5,1790655148235,TSLA,stocks,hyperliquid,xyz:TSLA,rh_lighter,2055,perp,spot,100000,280.367,100014.28287000001,99846.12130599999,-16.813754913246328,0.8999999999999999,-17.713754913245985,-21.20787009902635,-22.713754913245985,-27.713754913245985,0.001,0.0001,True,True,True,0,-17.713754913245985,208,USDC,USDG,True,ticker/price-unit candidate; settlement rules need review,False
5,1790655148027,TSLA,stocks,rh_lighter,2055,rh_lighter,16,spot,perp,1000,2.8048,1000.3038720000001,1000.864832,5.607895917449923,0.0,5.607895917450863,-1.394066846120244,0.6078959174508629,-4.392104082549137,0.0001,0.0001,True,True,True,0,5.607895917450863,723,USDG,USDG,False,ticker/price-unit candidate; settlement rules need review,False
5,1790655148027,TSLA,stocks,rh_lighter,2055,rh_lighter,16,spot,perp,10000,28.0481,10003.074384,10007.818718999999,4.74287685752639,0.0,4.742876857526935,-2.2587831493731994,-0.25712314247306534,-5.257123142473065,0.0001,0.0001,True,True,True,0,4.742876857526935,723,USDG,USDG,False,ticker/price-unit candidate; settlement rules need review,False
5,1790655148027,TSLA,stocks,rh_lighter,2055,rh_lighter,16,spot,perp,100000,280.4813,100208.489048,100050.53636899998,-15.762405011851,0.0,-15.762405011851252,-22.7568881700971,-20.76240501185125,-25.76240501185125,0.0001,0.0001,True,True,True,0,-15.762405011851252,723,USDG,USDG,False,ticker/price-unit candidate; settlement rules need review,False
5,1790655148235,TSLA,stocks,rh_lighter,2055,hyperliquid,xyz:TSLA,spot,perp,1000,2.804,1000.0185599999999,1000.10268,0.8411843876188208,0.9000757065948857,-0.05889131897613858,-3.5588913189761384,-5.058891318976139,-10.058891318976139,0.0001,0.001,True,True,True,0,-0.05889131897613858,208,USDG,USDC,False,ticker/price-unit candidate; settlement rules need review,False
5,1790655148235,TSLA,stocks,rh_lighter,2055,hyperliquid,xyz:TSLA,spot,perp,10000,28.048,10003.038719999999,10003.013789999999,-0.02492242677232248,0.8999977569815906,-0.9249201837535082,-4.424920183753508,-5.924920183753509,-10.924920183753509,0.0001,0.001,True,True,True,0,-0.9249201837535082,208,USDG,USDC,False,ticker/price-unit candidate; settlement rules need review,False
5,1790655148235,TSLA,stocks,rh_lighter,2055,hyperliquid,xyz:TSLA,spot,perp,100000,280.481,100208.381747,100019.08148000002,-18.890662008484995,0.8982998404192363,-19.788961848904503,-23.288961848904503,-24.788961848904503,-29.788961848904503,0.0001,0.001,True,True,True,0,-19.788961848904503,208,USDG,USDC,False,ticker/price-unit candidate; settlement rules need review,False
5,1790655148043,META,stocks,rh_lighter,13,rh_lighter,2052,perp,spot,1000,1.4009,1000.1055749999999,999.486114,-6.193956073086149,0.0,-6.193956073086459,-13.191788188460878,-11.193956073086458,-16.193956073086458,0.0001,0.0001,True,True,True,0,-6.193956073086459,731,USDG,USDG,True,ticker/price-unit candidate; settlement rules need review,False
5,1790655148043,META,stocks,rh_lighter,13,rh_lighter,2052,perp,spot,10000,14.0093,10001.897919,9993.782788,-8.113591106126972,0.0,-8.113591106126801,-15.110751349239656,-13.113591106126801,-18.1135911061268,0.0001,0.0001,True,True,True,0,-8.113591106126801,731,USDG,USDG,True,ticker/price-unit candidate; settlement rules need review,False
5,1790655148043,META,stocks,rh_lighter,13,rh_lighter,2052,perp,spot,100000,140.0933,100032.74155500002,99661.769458,-37.08506747223894,0.0,-37.08506747223877,-44.072087698623484,-42.08506747223877,-47.08506747223877,0.0001,0.0001,True,True,True,0,-37.08506747223877,731,USDG,USDG,True,ticker/price-unit candidate; settlement rules need review,False
5,1790655148239,META,stocks,hyperliquid,xyz:META,rh_lighter,2052,perp,spot,1000,1.402,999.6960999999999,1000.2709199999999,5.749947409017242,0.8999999999999999,4.8499474090180525,1.3479349274248966,-0.15005259098194745,-5.1500525909819475,0.001,0.0001,True,True,True,0,4.8499474090180525,196,USDC,USDG,True,ticker/price-unit candidate; settlement rules need review,False
5,1790655148239,META,stocks,hyperliquid,xyz:META,rh_lighter,2052,perp,spot,10000,14.024,9999.813199999999,10004.267415999999,4.45429920630902,0.9,3.554299206309262,0.052740201587053594,-1.445700793690738,-6.4457007936907385,0.001,0.0001,True,True,True,0,3.554299206309262,196,USDC,USDG,True,ticker/price-unit candidate; settlement rules need review,False
5,1790655148239,META,stocks,hyperliquid,xyz:META,rh_lighter,2052,perp,spot,100000,140.246,100014.94855,99770.28724,-24.462474214810292,0.9,-25.362474214810348,-28.853912348835166,-30.362474214810348,-35.36247421481035,0.001,0.0001,True,True,True,0,-25.362474214810348,196,USDC,USDG,True,ticker/price-unit candidate; settlement rules need review,False
5,1790655148043,META,stocks,rh_lighter,2052,rh_lighter,13,spot,perp,1000,1.4013,1000.1078100000001,1000.158255,0.5043956211081557,0.0,0.5043956211077671,-6.495780917359621,-4.495604378892233,-9.495604378892233,0.0001,0.0001,True,True,True,0,0.5043956211077671,731,USDG,USDG,False,ticker/price-unit candidate; settlement rules need review,False
5,1790655148043,META,stocks,rh_lighter,2052,rh_lighter,13,spot,perp,10000,14.0138,10002.179628000002,10001.479397000001,-0.7000784089505885,0.0,-0.7000784089504783,-7.6998333815073465,-5.700078408950478,-10.700078408950478,0.0001,0.0001,True,True,True,0,-0.7000784089504783,731,USDG,USDG,False,ticker/price-unit candidate; settlement rules need review,False
5,1790655148043,META,stocks,rh_lighter,2052,rh_lighter,13,spot,perp,100000,140.1384,100232.44282400001,100000.17161299997,-23.173256528117303,0.0,-23.173256528117573,-30.16514588833273,-28.173256528117573,-33.17325652811758,0.0001,0.0001,True,True,True,0,-23.173256528117573,731,USDG,USDG,False,ticker/price-unit candidate; settlement rules need review,False
5,1790655148239,META,stocks,rh_lighter,2052,hyperliquid,xyz:META,spot,perp,1000,1.401,999.8937000000001,998.91568,-9.781239745786374,0.8991196884228791,-10.680359434209143,-14.18035943420914,-15.680359434209143,-20.680359434209144,0.0001,0.001,True,True,True,0,-10.680359434209143,196,USDG,USDC,False,ticker/price-unit candidate; settlement rules need review,False
5,1790655148239,META,stocks,rh_lighter,2052,hyperliquid,xyz:META,spot,perp,10000,14.013,10001.608380000001,9990.8959,-10.710757303218355,0.8990360318427104,-11.609793335061534,-15.109793335061534,-16.609793335061532,-21.609793335061532,0.0001,0.001,True,True,True,0,-11.609793335061534,196,USDG,USDC,False,ticker/price-unit candidate; settlement rules need review,False
5,1790655148125,GOOGL,stocks,rh_lighter,12,rh_lighter,2051,perp,spot,1000,2.9214,1000.0606700000001,998.4176640000001,-16.429063248732945,0.0,-16.429063248732838,-23.423313076595782,-21.429063248732838,-26.429063248732838,0.0001,0.0001,True,True,True,0,-16.429063248732838,816,USDG,USDG,True,ticker/price-unit candidate; settlement rules need review,False
5,1790655148125,GOOGL,stocks,rh_lighter,12,rh_lighter,2051,perp,spot,10000,29.2149,10001.723757,9984.278781,-17.441969428309,0.0,-17.441969428309278,-24.435864739009368,-22.441969428309278,-27.441969428309278,0.0001,0.0001,True,True,True,0,-17.441969428309278,816,USDG,USDG,True,ticker/price-unit candidate; settlement rules need review,False
5,1790655148125,GOOGL,stocks,rh_lighter,12,rh_lighter,2051,perp,spot,100000,292.1499,100039.45706300001,99640.15105199997,-39.91485187175403,0.0,-39.9148518717543,-46.90088167359919,-44.9148518717543,-49.9148518717543,0.0001,0.0001,True,True,True,0,-39.9148518717543,816,USDG,USDG,True,ticker/price-unit candidate; settlement rules need review,False
5,1790655148324,GOOGL,stocks,hyperliquid,xyz:GOOGL,rh_lighter,2051,perp,spot,1000,2.924,999.77408,999.30624,-4.679457182966695,0.9,-5.579457182967013,-9.077819372952975,-10.579457182967012,-15.579457182967012,0.001,0.0001,True,True,True,0,-5.579457182967013,199,USDC,USDG,True,ticker/price-unit candidate; settlement rules need review,False
5,1790655148324,GOOGL,stocks,hyperliquid,xyz:GOOGL,rh_lighter,2051,perp,spot,10000,29.247,10000.59817,9995.24703,-5.350819930003414,0.9,-6.250819930003097,-9.748947143027596,-11.250819930003097,-16.250819930003097,0.001,0.0001,True,True,True,0,-6.250819930003097,199,USDC,USDG,True,ticker/price-unit candidate; settlement rules need review,False
5,1790655148324,GOOGL,stocks,hyperliquid,xyz:GOOGL,rh_lighter,2051,perp,spot,100000,292.478,100031.37033000003,99751.99377999996,-27.928893613915484,0.9,-28.828893613915316,-32.31911850115045,-33.82889361391531,-38.82889361391531,0.001,0.0001,True,True,True,0,-28.828893613915316,199,USDC,USDG,True,ticker/price-unit candidate; settlement rules need review,False
5,1790655148125,GOOGL,stocks,rh_lighter,2051,rh_lighter,12,spot,perp,1000,2.9252,1000.2721399999999,1001.1613869999999,8.890050661611859,0.0,8.890050661612497,1.8869391438809329,3.890050661612497,-1.1099493383875032,0.0001,0.0001,True,True,True,0,8.890050661612497,816,USDG,USDG,False,ticker/price-unit candidate; settlement rules need review,False
5,1790655148125,GOOGL,stocks,rh_lighter,2051,rh_lighter,12,spot,perp,10000,29.2521,10004.860964999998,10011.437354,6.573193793504295,0.0,6.573193793504811,-0.42910682432291525,1.573193793504811,-3.426806206495189,0.0001,0.0001,True,True,True,0,6.573193793504811,816,USDG,USDG,False,ticker/price-unit candidate; settlement rules need review,False
5,1790655148125,GOOGL,stocks,rh_lighter,2051,rh_lighter,12,spot,perp,100000,292.5216,100340.47549999997,100088.94742899998,-25.067458545180443,0.0,-25.067458545180347,-32.05868493468953,-30.067458545180347,-35.067458545180344,0.0001,0.0001,True,True,True,0,-25.067458545180347,816,USDG,USDG,False,ticker/price-unit candidate; settlement rules need review,False
5,1790655148324,GOOGL,stocks,rh_lighter,2051,hyperliquid,xyz:GOOGL,spot,perp,1000,2.925,1000.2037499999999,1000.0282499999998,-1.7546424915926284,0.8998420821757567,-2.654484573768659,-6.154484573768658,-7.654484573768659,-12.65448457376866,0.0001,0.001,True,True,True,0,-2.654484573768659,199,USDG,USDC,False,ticker/price-unit candidate; settlement rules need review,False
5,1790655148324,GOOGL,stocks,rh_lighter,2051,hyperliquid,xyz:GOOGL,spot,perp,10000,29.252,10004.826751999999,10000.761449999998,-4.063340726203624,0.8996342993346418,-4.962975025537838,-8.462975025537839,-9.962975025537837,-14.962975025537837,0.0001,0.001,True,True,True,0,-4.962975025537838,199,USDG,USDC,False,ticker/price-unit candidate; settlement rules need review,False
5,1790655148324,GOOGL,stocks,rh_lighter,2051,hyperliquid,xyz:GOOGL,spot,perp,100000,292.521,100340.26951999999,99987.93754,-35.11371672464625,0.896839765494782,-36.01055649014048,-39.51055649014049,-41.01055649014048,-46.01055649014048,0.0001,0.001,True,True,True,0,-36.01055649014048,199,USDG,USDC,False,ticker/price-unit candidate; settlement rules need review,False
5,1790655148138,AMZN,stocks,rh_lighter,11,rh_lighter,2050,perp,spot,1000,4.0628,1000.0988480000001,998.63624,-14.624634384140522,0.0,-14.624634384140853,-21.619515762106406,-19.624634384140855,-24.624634384140855,0.0001,0.0001,True,True,True,0,-14.624634384140853,778,USDG,USDG,True,ticker/price-unit candidate; settlement rules need review,False
5,1790655148138,AMZN,stocks,rh_lighter,11,rh_lighter,2050,perp,spot,10000,40.6289,10001.903667,9985.36651,-16.534009475178692,0.0,-16.5340094751791,-23.528222571862788,-21.5340094751791,-26.5340094751791,0.0001,0.0001,True,True,True,0,-16.5340094751791,778,USDG,USDG,True,ticker/price-unit candidate; settlement rules need review,False
5,1790655148138,AMZN,stocks,rh_lighter,11,rh_lighter,2050,perp,spot,100000,406.2893,100061.045022,99636.11966600001,-42.466611847454814,0.0,-42.46661184745431,-49.4517485333077,-47.46661184745431,-52.46661184745431,0.0001,0.0001,True,True,True,0,-42.46661184745431,778,USDG,USDG,True,ticker/price-unit candidate; settlement rules need review,False
5,1790655148333,AMZN,stocks,hyperliquid,xyz:AMZN,rh_lighter,2050,perp,spot,1000,4.065,999.9395200000001,999.1770000000001,-7.625661199989198,0.9,-8.525661199989324,-12.022992218569328,-13.525661199989324,-18.525661199989322,0.001,0.0001,True,True,True,0,-8.525661199989324,195,USDC,USDG,True,ticker/price-unit candidate; settlement rules need review,False
5,1790655148333,AMZN,stocks,hyperliquid,xyz:AMZN,rh_lighter,2050,perp,spot,10000,40.655,10001.556950000002,9991.780585,-9.774843105804232,0.9,-10.674843105804174,-14.171421910717141,-15.674843105804174,-20.67484310580417,0.001,0.0001,True,True,True,0,-10.674843105804174,195,USDC,USDG,True,ticker/price-unit candidate; settlement rules need review,False
5,1790655148333,AMZN,stocks,hyperliquid,xyz:AMZN,rh_lighter,2050,perp,spot,100000,406.553,100038.79346999999,99700.739351,-33.792302693191886,0.8999999999999999,-34.69230269319172,-38.180475387249096,-39.69230269319172,-44.69230269319172,0.001,0.0001,True,True,True,0,-34.69230269319172,195,USDC,USDG,True,ticker/price-unit candidate; settlement rules need review,False
5,1790655148138,AMZN,stocks,rh_lighter,2050,rh_lighter,11,spot,perp,1000,4.0668,1000.3514639999999,1000.8394799999999,4.878445402065612,0.0,4.87844540206537,-2.123262053825355,-0.12155459793463042,-5.12155459793463,0.0001,0.0001,True,True,True,0,4.87844540206537,778,USDG,USDG,False,ticker/price-unit candidate; settlement rules need review,False
5,1790655148138,AMZN,stocks,rh_lighter,2050,rh_lighter,11,spot,perp,10000,40.6685,10004.936706,10008.51785,3.5793769668246433,0.0,3.5793769668249285,-3.421875815113459,-1.4206230331750715,-6.4206230331750715,0.0001,0.0001,True,True,True,0,3.5793769668249285,778,USDG,USDG,False,ticker/price-unit candidate; settlement rules need review,False
5,1790655148138,AMZN,stocks,rh_lighter,2050,rh_lighter,11,spot,perp,100000,406.6859,100290.746378,100069.816147,-22.02897465408138,0.0,-22.02897465408184,-29.02126451295291,-27.02897465408184,-32.028974654081836,0.0001,0.0001,True,True,True,0,-22.02897465408184,778,USDG,USDG,False,ticker/price-unit candidate; settlement rules need review,False
5,1790655148333,AMZN,stocks,rh_lighter,2050,hyperliquid,xyz:AMZN,spot,perp,1000,4.066,1000.1546799999999,1000.07336,-0.8130742336764918,0.899926823318969,-1.7130010569954188,-5.213001056995419,-6.713001056995418,-11.713001056995418,0.0001,0.001,True,True,True,0,-1.7130010569954188,195,USDG,USDC,False,ticker/price-unit candidate; settlement rules need review,False
5,1790655148333,AMZN,stocks,rh_lighter,2050,hyperliquid,xyz:AMZN,spot,perp,10000,40.668,10004.813676,10001.67538,-3.136786052825302,0.8997176892552456,-4.036503742080456,-7.536503742080456,-9.036503742080455,-14.036503742080455,0.0001,0.001,True,True,True,0,-4.036503742080456,195,USDG,USDC,False,ticker/price-unit candidate; settlement rules need review,False
5,1790655148333,AMZN,stocks,rh_lighter,2050,hyperliquid,xyz:AMZN,spot,perp,100000,406.685,100290.52424,99987.11123999997,-30.253406520635018,0.8972771934131428,-31.15068371404792,-34.650683714047915,-36.150683714047915,-41.150683714047915,0.0001,0.001,True,True,True,0,-31.15068371404792,195,USDG,USDC,False,ticker/price-unit candidate; settlement rules need review,False
6,1790655208077,NVDA,stocks,rh_lighter,15,rh_lighter,2054,perp,spot,1000,4.3761,1000.113894,998.932347,-11.814124442109941,0.0,-11.814124442109886,-18.809989498555147,-16.814124442109886,-21.814124442109886,0.0001,0.0001,True,True,True,0,-11.814124442109886,1164,USDG,USDG,True,ticker/price-unit candidate; settlement rules need review,False
6,1790655208077,NVDA,stocks,rh_lighter,15,rh_lighter,2054,perp,spot,10000,43.7617,10001.298917999999,9988.071807999999,-13.225392130010727,0.0,-13.225392130010341,-20.22076324276484,-18.22539213001034,-23.22539213001034,0.0001,0.0001,True,True,True,0,-13.225392130010341,1164,USDG,USDG,True,ticker/price-unit candidate; settlement rules need review,False
6,1790655208077,NVDA,stocks,rh_lighter,15,rh_lighter,2054,perp,spot,100000,437.6176,100033.743956,99766.76743900002,-26.688645895071026,0.0,-26.688645895070994,-33.67930486900772,-31.688645895070994,-36.68864589507099,0.0001,0.0001,True,True,True,0,-26.688645895070994,1164,USDG,USDG,True,ticker/price-unit candidate; settlement rules need review,False
6,1790655208264,NVDA,stocks,hyperliquid,xyz:NVDA,rh_lighter,2054,perp,spot,1000,4.382,1000.01622,1000.27914,2.629157355067413,0.9,1.7291573550677832,-1.7717628500064904,-3.270842644932217,-8.270842644932216,0.001,0.0001,True,True,True,0,1.7291573550677832,187,USDC,USDG,True,ticker/price-unit candidate; settlement rules need review,False
6,1790655208264,NVDA,stocks,hyperliquid,xyz:NVDA,rh_lighter,2054,perp,spot,10000,43.82,10000.55658,10001.377034000001,0.8204083377139071,0.9,-0.07959166228665145,-3.5798788052048507,-5.079591662286651,-10.079591662286651,0.001,0.0001,True,True,True,0,-0.07959166228665145,187,USDC,USDG,True,ticker/price-unit candidate; settlement rules need review,False
6,1790655208264,NVDA,stocks,hyperliquid,xyz:NVDA,rh_lighter,2054,perp,spot,100000,438.202,100018.70354000002,99899.92882300002,-11.875250607751298,0.8999999999999999,-12.775250607751772,-16.271094270039058,-17.775250607751772,-22.775250607751772,0.001,0.0001,True,True,True,0,-12.775250607751772,187,USDC,USDG,True,ticker/price-unit candidate; settlement rules need review,False
6,1790655208077,NVDA,stocks,rh_lighter,2054,rh_lighter,15,spot,perp,1000,4.3797,1000.2358859999999,1000.6738559999999,4.378667133724257,0.0,4.378667133723997,-2.6228653997728064,-0.6213328662760027,-5.621332866276003,0.0001,0.0001,True,True,True,0,4.378667133723997,1164,USDG,USDG,False,ticker/price-unit candidate; settlement rules need review,False
6,1790655208077,NVDA,stocks,rh_lighter,2054,rh_lighter,15,spot,perp,10000,43.7972,10002.404535999998,10006.784255999999,4.378667133724257,0.0,4.378667133725311,-2.6228653997714932,-0.6213328662746891,-5.621332866274689,0.0001,0.0001,True,True,True,0,4.378667133725311,1164,USDG,USDG,False,ticker/price-unit candidate; settlement rules need review,False
6,1790655208077,NVDA,stocks,rh_lighter,2054,rh_lighter,15,spot,perp,100000,437.9721,100189.08222500002,100061.82365199999,-12.701840377601359,0.0,-12.701840377600908,-19.697394733468744,-17.70184037760091,-22.70184037760091,0.0001,0.0001,True,True,True,0,-12.701840377600908,1164,USDG,USDG,False,ticker/price-unit candidate; settlement rules need review,False
6,1790655208264,NVDA,stocks,rh_lighter,2054,hyperliquid,xyz:NVDA,spot,perp,1000,4.379,1000.0760199999999,999.2877999999998,-7.88160084070455,0.8992906559243367,-8.780891496628668,-12.280891496628666,-13.780891496628668,-18.78089149662867,0.0001,0.001,True,True,True,0,-8.780891496628668,187,USDG,USDC,False,ticker/price-unit candidate; settlement rules need review,False
6,1790655208264,NVDA,stocks,rh_lighter,2054,hyperliquid,xyz:NVDA,spot,perp,10000,43.797,10002.358859999998,9994.081250000001,-8.275657888160426,0.8992551907900657,-9.174913078950826,-12.674913078950826,-14.174913078950826,-19.174913078950826,0.0001,0.001,True,True,True,0,-9.174913078950826,187,USDG,USDC,False,ticker/price-unit candidate; settlement rules need review,False
6,1790655208264,NVDA,stocks,rh_lighter,2054,hyperliquid,xyz:NVDA,spot,perp,100000,437.972,100189.05933200002,99933.88616999997,-25.469164367984966,0.8977077752068814,-26.36687214319179,-29.86687214319179,-31.36687214319179,-36.36687214319179,0.0001,0.001,True,True,True,0,-26.36687214319179,187,USDG,USDC,False,ticker/price-unit candidate; settlement rules need review,False
6,1790655208134,AAPL,stocks,rh_lighter,10,rh_lighter,2049,perp,spot,1000,2.9606,1000.09068,998.7288039999999,-13.61752516282011,0.0,-13.617525162819893,-20.612759029012906,-18.617525162819895,-23.617525162819895,0.0001,0.0001,True,True,True,0,-13.617525162819893,833,USDG,USDG,True,ticker/price-unit candidate; settlement rules need review,False
6,1790655208134,AAPL,stocks,rh_lighter,10,rh_lighter,2049,perp,spot,10000,29.6068,10001.17704,9985.272744,-15.902424221060363,0.0,-15.902424221060096,-22.896858372582727,-20.902424221060095,-25.902424221060095,0.0001,0.0001,True,True,True,0,-15.902424221060096,833,USDG,USDG,True,ticker/price-unit candidate; settlement rules need review,False
6,1790655208134,AAPL,stocks,rh_lighter,10,rh_lighter,2049,perp,spot,100000,296.0682,100024.20964799999,91324.07636600001,-869.8027520154405,0.0,-869.802752015441,-876.4983210522355,-874.802752015441,-879.802752015441,0.0001,0.0001,True,True,True,0,-869.802752015441,833,USDG,USDG,True,ticker/price-unit candidate; settlement rules need review,False
6,1790655208319,AAPL,stocks,hyperliquid,xyz:AAPL,rh_lighter,2049,perp,spot,1000,2.963,999.95324,999.53842,-4.14839397890332,0.9,-5.048393978903223,-8.546942041010608,-10.048393978903224,-15.048393978903224,0.001,0.0001,True,True,True,0,-5.048393978903223,185,USDC,USDG,True,ticker/price-unit candidate; settlement rules need review,False
6,1790655208319,AAPL,stocks,hyperliquid,xyz:AAPL,rh_lighter,2049,perp,spot,10000,29.631,9999.996930000001,9993.41798,-6.578952019739015,0.9,-7.478952019739256,-10.976649386532348,-12.478952019739257,-17.478952019739257,0.001,0.0001,True,True,True,0,-7.478952019739256,185,USDC,USDG,True,ticker/price-unit candidate; settlement rules need review,False
6,1790655208319,AAPL,stocks,hyperliquid,xyz:AAPL,rh_lighter,2049,perp,spot,100000,296.318,100021.66258999998,91324.08386,-869.5695017240746,0.9,-870.4695017240746,-873.665152398471,-875.4695017240746,-880.4695017240746,0.001,0.0001,True,True,True,0,-870.4695017240746,185,USDC,USDG,True,ticker/price-unit candidate; settlement rules need review,False
6,1790655208134,AAPL,stocks,rh_lighter,2049,rh_lighter,10,spot,perp,1000,2.9619,1000.766772,1000.2928680000001,-4.735409020952819,0.0,-4.735409020952527,-11.733751627795192,-9.735409020952527,-14.735409020952527,0.0001,0.0001,True,True,True,0,-4.735409020952527,833,USDG,USDG,False,ticker/price-unit candidate; settlement rules need review,False
6,1790655208134,AAPL,stocks,rh_lighter,2049,rh_lighter,10,spot,perp,10000,29.6199,10011.414498,10002.542982,-8.861401155422222,0.0,-8.86140115542267,-15.85829966501827,-13.86140115542267,-18.86140115542267,0.0001,0.0001,True,True,True,0,-8.86140115542267,833,USDG,USDG,False,ticker/price-unit candidate; settlement rules need review,False
6,1790655208319,AAPL,stocks,rh_lighter,2049,hyperliquid,xyz:AAPL,spot,perp,1000,2.961,1000.46268,999.15862,-13.03456916553758,0.8988268887751016,-13.933396054312949,-17.433396054312947,-18.93339605431295,-23.93339605431295,0.0001,0.001,True,True,True,0,-13.933396054312949,185,USDG,USDC,False,ticker/price-unit candidate; settlement rules need review,False
6,1790655208319,AAPL,stocks,rh_lighter,2049,hyperliquid,xyz:AAPL,spot,perp,10000,29.619,10011.10938,9994.286970000001,-16.80374208437474,0.8984876632124064,-17.70222974758753,-21.20222974758753,-22.70222974758753,-27.70222974758753,0.0001,0.001,True,True,True,0,-17.70222974758753,185,USDG,USDC,False,ticker/price-unit candidate; settlement rules need review,False
6,1790655208132,TSLA,stocks,rh_lighter,16,rh_lighter,2055,perp,spot,1000,2.8019,1000.117561,998.821312,-12.960966295840759,0.0,-12.960966295841184,-19.95642995763764,-17.96096629584118,-22.96096629584118,0.0001,0.0001,True,True,True,0,-12.960966295841184,826,USDG,USDG,True,ticker/price-unit candidate; settlement rules need review,False
6,1790655208132,TSLA,stocks,rh_lighter,16,rh_lighter,2055,perp,spot,10000,28.0198,10001.899145,9987.40883,-14.48756360160175,0.0,-14.487563601601485,-21.482492954340923,-19.487563601601487,-24.487563601601487,0.0001,0.0001,True,True,True,0,-14.487563601601485,826,USDG,USDG,True,ticker/price-unit candidate; settlement rules need review,False
6,1790655208132,TSLA,stocks,rh_lighter,16,rh_lighter,2055,perp,spot,100000,280.1983,100038.78957000002,99791.07422599998,-24.7619293540835,0.0,-24.76192935408386,-31.753262678809936,-29.76192935408386,-34.76192935408386,0.0001,0.0001,True,True,True,0,-24.76192935408386,826,USDG,USDG,True,ticker/price-unit candidate; settlement rules need review,False
6,1790655208326,TSLA,stocks,hyperliquid,xyz:TSLA,rh_lighter,2055,perp,spot,1000,2.803,999.77404,999.21344,-5.60726701805514,0.9,-6.507267018055622,-10.005304474599303,-11.507267018055622,-16.50726701805562,0.001,0.0001,True,True,True,0,-6.507267018055622,194,USDC,USDG,True,ticker/price-unit candidate; settlement rules need review,False
6,1790655208326,TSLA,stocks,hyperliquid,xyz:TSLA,rh_lighter,2055,perp,spot,10000,28.037,10000.92741,9993.539082000001,-7.387642862611843,0.8999999999999999,-8.28764286261237,-11.785057187610455,-13.28764286261237,-18.287642862612373,0.001,0.0001,True,True,True,0,-8.28764286261237,194,USDC,USDG,True,ticker/price-unit candidate; settlement rules need review,False
6,1790655208326,TSLA,stocks,hyperliquid,xyz:TSLA,rh_lighter,2055,perp,spot,100000,280.371,100022.34469000003,99852.55887999997,-16.974788036241417,0.9,-17.874788036241082,-21.368846860428395,-22.874788036241082,-27.874788036241082,0.001,0.0001,True,True,True,0,-17.874788036241082,194,USDC,USDG,True,ticker/price-unit candidate; settlement rules need review,False
6,1790655208132,TSLA,stocks,rh_lighter,2055,rh_lighter,16,spot,perp,1000,2.8047,1000.15602,1000.857195,7.010656197421472,0.0,7.010656197420426,0.008202467751329684,2.010656197420426,-2.989343802579574,0.0001,0.0001,True,True,True,0,7.010656197420426,826,USDG,USDG,False,ticker/price-unit candidate; settlement rules need review,False
6,1790655208132,TSLA,stocks,rh_lighter,2055,rh_lighter,16,spot,perp,10000,28.0473,10001.66718,10008.600222000001,6.93188632977515,0.0,6.931886329775441,-0.07053983043997944,1.9318863297754412,-3.068113670224559,0.0001,0.0001,True,True,True,0,6.931886329775441,826,USDG,USDG,False,ticker/price-unit candidate; settlement rules need review,False
6,1790655208132,TSLA,stocks,rh_lighter,2055,rh_lighter,16,spot,perp,100000,280.4734,100203.65145500001,100061.75267500001,-14.161038838362838,0.0,-14.161038838362876,-21.15608247476945,-19.161038838362877,-24.161038838362877,0.0001,0.0001,True,True,True,0,-14.161038838362876,826,USDG,USDG,False,ticker/price-unit candidate; settlement rules need review,False
6,1790655208326,TSLA,stocks,rh_lighter,2055,hyperliquid,xyz:TSLA,spot,perp,1000,2.804,999.9064,1000.07464,1.682557487381331,0.9001514301738643,0.78240605720778,-2.71759394279222,-4.21759394279222,-9.21759394279222,0.0001,0.001,True,True,True,0,0.78240605720778,194,USDG,USDC,False,ticker/price-unit candidate; settlement rules need review,False
6,1790655208326,TSLA,stocks,rh_lighter,2055,hyperliquid,xyz:TSLA,spot,perp,10000,28.047,10001.560200000002,10003.07183,1.5113941922773044,0.9001360254773051,0.6112581667998744,-2.8887418332001253,-4.388741833200125,-9.388741833200125,0.0001,0.001,True,True,True,0,0.6112581667998744,194,USDG,USDC,False,ticker/price-unit candidate; settlement rules need review,False
6,1790655208326,TSLA,stocks,rh_lighter,2055,hyperliquid,xyz:TSLA,spot,perp,100000,280.473,100203.50838700001,100017.83146,-18.52998263123684,0.8983323015631887,-19.428314932799747,-22.92831493279975,-24.428314932799747,-29.428314932799747,0.0001,0.001,True,True,True,0,-19.428314932799747,194,USDG,USDC,False,ticker/price-unit candidate; settlement rules need review,False
6,1790655208159,META,stocks,rh_lighter,13,rh_lighter,2052,perp,spot,1000,1.4013,1000.158727,999.463212,-6.954046205107645,0.0,-6.954046205108005,-13.951612288936218,-11.954046205108005,-16.954046205108007,0.0001,0.0001,True,True,True,0,-6.954046205108005,866,USDG,USDG,True,ticker/price-unit candidate; settlement rules need review,False
6,1790655208159,META,stocks,rh_lighter,13,rh_lighter,2052,perp,spot,10000,14.0132,10002.105956,9993.48152,-8.62262011414372,0.0,-8.622620114143551,-15.6196021971036,-13.622620114143551,-18.62262011414355,0.0001,0.0001,True,True,True,0,-8.622620114143551,866,USDG,USDG,True,ticker/price-unit candidate; settlement rules need review,False
6,1790655208159,META,stocks,rh_lighter,13,rh_lighter,2052,perp,spot,100000,140.1325,100033.91617199997,99683.66180999999,-35.01356094044561,0.0,-35.013560940445906,-42.00130619411676,-40.013560940445906,-45.013560940445906,0.0001,0.0001,True,True,True,0,-35.013560940445906,866,USDG,USDG,True,ticker/price-unit candidate; settlement rules need review,False
6,1790655208427,META,stocks,hyperliquid,xyz:META,rh_lighter,2052,perp,spot,1000,1.402,999.4885199999999,999.9624799999999,4.742025451178744,0.9,3.842025451178106,0.3403657422701937,-1.157974548821894,-6.157974548821894,0.001,0.0001,True,True,True,0,3.842025451178106,268,USDC,USDG,True,ticker/price-unit candidate; settlement rules need review,False
6,1790655208427,META,stocks,hyperliquid,xyz:META,rh_lighter,2052,perp,spot,10000,14.027,10000.108259999999,10003.321195999999,3.2129012171311366,0.9,2.3129012171313232,-1.188223298294672,-2.6870987828686768,-7.687098782868677,0.001,0.0001,True,True,True,0,2.3129012171313232,268,USDC,USDG,True,ticker/price-unit candidate; settlement rules need review,False
6,1790655208427,META,stocks,hyperliquid,xyz:META,rh_lighter,2052,perp,spot,100000,140.273,100013.4443,99783.50954,-22.99038510365614,0.9,-23.890385103655884,-27.382338468869605,-28.890385103655884,-33.89038510365589,0.001,0.0001,True,True,True,0,-23.890385103655884,268,USDC,USDG,True,ticker/price-unit candidate; settlement rules need review,False
6,1790655208159,META,stocks,rh_lighter,2052,rh_lighter,13,spot,perp,1000,1.4016,1000.307904,1000.055616,-2.522103434264844,0.0,-2.52210343426439,-9.521220698062399,-7.52210343426439,-12.522103434264391,0.0001,0.0001,True,True,True,0,-2.52210343426439,866,USDG,USDG,False,ticker/price-unit candidate; settlement rules need review,False
6,1790655208159,META,stocks,rh_lighter,2052,rh_lighter,13,spot,perp,10000,14.0161,10003.236338,10000.627511,-2.607982968561018,0.0,-2.607982968561568,-9.607070174522573,-7.6079829685615685,-12.607982968561569,0.0001,0.0001,True,True,True,0,-2.607982968561568,866,USDG,USDG,False,ticker/price-unit candidate; settlement rules need review,False
6,1790655208159,META,stocks,rh_lighter,2052,rh_lighter,13,spot,perp,100000,140.161,100237.01357800001,99994.415084,-24.202486221444055,0.0,-24.20248622144358,-31.194015351266074,-29.20248622144358,-34.20248622144358,0.0001,0.0001,True,True,True,0,-24.20248622144358,866,USDG,USDG,False,ticker/price-unit candidate; settlement rules need review,False
6,1790655208427,META,stocks,rh_lighter,2052,hyperliquid,xyz:META,spot,perp,1000,1.401,999.8796900000001,998.75889,-11.209348596731283,0.8989911586262943,-12.108339755357413,-15.608339755357413,-17.108339755357413,-22.108339755357413,0.0001,0.001,True,True,True,0,-12.108339755357413,268,USDG,USDC,False,ticker/price-unit candidate; settlement rules need review,False
6,1790655208427,META,stocks,rh_lighter,2052,hyperliquid,xyz:META,spot,perp,10000,14.016,10003.164968000001,9991.331329999999,-11.829893876446063,0.8989353095511199,-12.72882918599677,-16.22882918599677,-17.72882918599677,-22.72882918599677,0.0001,0.001,True,True,True,0,-12.72882918599677,268,USDG,USDC,False,ticker/price-unit candidate; settlement rules need review,False
6,1790655208195,GOOGL,stocks,rh_lighter,12,rh_lighter,2051,perp,spot,1000,2.9214,1000.0800340000001,998.4176640000001,-16.622369645268307,0.0,-16.62236964526791,-23.616551815892066,-21.62236964526791,-26.62236964526791,0.0001,0.0001,True,True,True,0,-16.62236964526791,824,USDG,USDG,True,ticker/price-unit candidate; settlement rules need review,False
6,1790655208195,GOOGL,stocks,rh_lighter,12,rh_lighter,2051,perp,spot,10000,29.2149,10001.764957,9984.278781,-17.483090309735605,0.0,-17.48309030973614,-24.476971228127738,-22.48309030973614,-27.48309030973614,0.0001,0.0001,True,True,True,0,-17.48309030973614,824,USDG,USDG,True,ticker/price-unit candidate; settlement rules need review,False
6,1790655208195,GOOGL,stocks,rh_lighter,12,rh_lighter,2051,perp,spot,100000,292.1499,100039.52355999997,99640.15105199997,-39.921472412898225,0.0,-39.921472412898055,-46.90749989755354,-44.921472412898055,-49.921472412898055,0.0001,0.0001,True,True,True,0,-39.921472412898055,824,USDG,USDG,True,ticker/price-unit candidate; settlement rules need review,False
6,1790655208388,GOOGL,stocks,hyperliquid,xyz:GOOGL,rh_lighter,2051,perp,spot,1000,2.924,999.77408,999.30624,-4.679457182966695,0.9,-5.579457182967013,-9.077819372952975,-10.579457182967012,-15.579457182967012,0.001,0.0001,True,True,True,0,-5.579457182967013,193,USDC,USDG,True,ticker/price-unit candidate; settlement rules need review,False
6,1790655208388,GOOGL,stocks,hyperliquid,xyz:GOOGL,rh_lighter,2051,perp,spot,10000,29.247,10000.60225,9995.24703,-5.354897501297362,0.9,-6.254897501297447,-9.753023287171994,-11.254897501297446,-16.254897501297446,0.001,0.0001,True,True,True,0,-6.254897501297447,193,USDC,USDG,True,ticker/price-unit candidate; settlement rules need review,False
6,1790655208388,GOOGL,stocks,hyperliquid,xyz:GOOGL,rh_lighter,2051,perp,spot,100000,292.47,100027.76040999999,99749.26673999999,-27.841638047126914,0.9,-28.741638047127026,-32.23189347381053,-33.741638047127026,-38.741638047127026,0.001,0.0001,True,True,True,0,-28.741638047127026,193,USDC,USDG,True,ticker/price-unit candidate; settlement rules need review,False
6,1790655208195,GOOGL,stocks,rh_lighter,2051,rh_lighter,12,spot,perp,1000,2.9252,1000.2721399999999,1001.1556109999999,8.832306376143073,0.0,8.832306376142657,1.829215068911007,3.8323063761426575,-1.1676936238573425,0.0001,0.0001,True,True,True,0,8.832306376142657,824,USDG,USDG,False,ticker/price-unit candidate; settlement rules need review,False
6,1790655208195,GOOGL,stocks,rh_lighter,2051,rh_lighter,12,spot,perp,10000,29.2521,10004.860964999998,10011.460863999999,6.596692370928192,0.0,6.596692370927649,-0.40561647140217627,1.5966923709276486,-3.4033076290723514,0.0001,0.0001,True,True,True,0,6.596692370927649,824,USDG,USDG,False,ticker/price-unit candidate; settlement rules need review,False
6,1790655208195,GOOGL,stocks,rh_lighter,2051,rh_lighter,12,spot,perp,100000,292.5216,100340.47549999997,100090.152823,-24.947328159709016,0.0,-24.947328159709063,-31.938596594853166,-29.947328159709063,-34.94732815970906,0.0001,0.0001,True,True,True,0,-24.947328159709063,824,USDG,USDG,False,ticker/price-unit candidate; settlement rules need review,False
6,1790655208388,GOOGL,stocks,rh_lighter,2051,hyperliquid,xyz:GOOGL,spot,perp,1000,2.925,1000.2037499999999,1000.0607699999999,-1.4295087375948423,0.8998713442136165,-2.3293800818079906,-5.829380081807991,-7.32938008180799,-12.32938008180799,0.0001,0.001,True,True,True,0,-2.3293800818079906,193,USDG,USDC,False,ticker/price-unit candidate; settlement rules need review,False
6,1790655208388,GOOGL,stocks,rh_lighter,2051,hyperliquid,xyz:GOOGL,spot,perp,10000,29.252,10004.826751999999,10000.81023,-4.01458425973944,0.8996386874166236,-4.914222947156032,-8.414222947156034,-9.914222947156032,-14.914222947156032,0.0001,0.001,True,True,True,0,-4.914222947156032,193,USDG,USDC,False,ticker/price-unit candidate; settlement rules need review,False
6,1790655208388,GOOGL,stocks,rh_lighter,2051,hyperliquid,xyz:GOOGL,spot,perp,100000,292.521,100340.26951999999,99987.98960000002,-35.10852837900313,0.8968402324458897,-36.00536861144877,-39.505368611448766,-41.00536861144877,-46.00536861144877,0.0001,0.001,True,True,True,0,-36.00536861144877,193,USDG,USDC,False,ticker/price-unit candidate; settlement rules need review,False
6,1790655208193,AMZN,stocks,rh_lighter,11,rh_lighter,2050,perp,spot,1000,4.0627,1000.074232,998.6116600000001,-14.624634384139412,0.0,-14.624634384139489,-21.61951576210504,-19.62463438413949,-24.62463438413949,0.0001,0.0001,True,True,True,0,-14.624634384139489,815,USDG,USDG,True,ticker/price-unit candidate; settlement rules need review,False
6,1790655208193,AMZN,stocks,rh_lighter,11,rh_lighter,2050,perp,spot,10000,40.6272,10002.070344,9984.948735,-17.11806497168955,0.0,-17.118064971689233,-24.112073648949146,-22.118064971689233,-27.118064971689233,0.0001,0.0001,True,True,True,0,-17.118064971689233,815,USDG,USDG,True,ticker/price-unit candidate; settlement rules need review,False
6,1790655208193,AMZN,stocks,rh_lighter,11,rh_lighter,2050,perp,spot,100000,406.2728,100059.74656300001,99632.076341,-42.741485631360156,0.0,-42.74148563136019,-49.726526111389205,-47.74148563136019,-52.74148563136019,0.0001,0.0001,True,True,True,0,-42.74148563136019,815,USDG,USDG,True,ticker/price-unit candidate; settlement rules need review,False
6,1790655208454,AMZN,stocks,hyperliquid,xyz:AMZN,rh_lighter,2050,perp,spot,1000,4.065,999.9465500000001,999.1770000000001,-7.695911346461415,0.9,-8.595911346461277,-12.093217777490016,-13.595911346461277,-18.59591134646128,0.001,0.0001,True,True,True,0,-8.595911346461277,261,USDC,USDG,True,ticker/price-unit candidate; settlement rules need review,False
6,1790655208454,AMZN,stocks,hyperliquid,xyz:AMZN,rh_lighter,2050,perp,spot,10000,40.655,10001.80407,9991.780585,-10.021677019314001,0.9,-10.921677019313686,-14.418169432356928,-15.921677019313686,-20.921677019313684,0.001,0.0001,True,True,True,0,-10.921677019313686,261,USDC,USDG,True,ticker/price-unit candidate; settlement rules need review,False
6,1790655208454,AMZN,stocks,hyperliquid,xyz:AMZN,rh_lighter,2050,perp,spot,100000,406.553,100040.63434000002,99700.739351,-33.97569310135018,0.9,-34.87569310135006,-38.36380160876458,-39.87569310135006,-44.87569310135006,0.001,0.0001,True,True,True,0,-34.87569310135006,261,USDC,USDG,True,ticker/price-unit candidate; settlement rules need review,False
6,1790655208193,AMZN,stocks,rh_lighter,2050,rh_lighter,11,spot,perp,1000,4.0668,1000.3514639999999,1000.920816,5.691519635744324,0.0,5.6915196357436875,-1.3104723961288227,0.6915196357436875,-4.3084803642563125,0.0001,0.0001,True,True,True,0,5.6915196357436875,815,USDG,USDG,False,ticker/price-unit candidate; settlement rules need review,False
6,1790655208193,AMZN,stocks,rh_lighter,2050,rh_lighter,11,spot,perp,10000,40.6685,10004.936706,10009.33122,4.392345628096983,0.0,4.392345628097987,-2.609191692871848,-0.6076543719020133,-5.607654371902013,0.0001,0.0001,True,True,True,0,4.392345628097987,815,USDG,USDG,False,ticker/price-unit candidate; settlement rules need review,False
6,1790655208193,AMZN,stocks,rh_lighter,2050,rh_lighter,11,spot,perp,100000,406.6859,100290.746378,100075.52506499998,-21.459737889359953,0.0,-21.45973788936003,-28.45222698109875,-26.45973788936003,-31.45973788936003,0.0001,0.0001,True,True,True,0,-21.45973788936003,815,USDG,USDG,False,ticker/price-unit candidate; settlement rules need review,False
6,1790655208454,AMZN,stocks,rh_lighter,2050,hyperliquid,xyz:AMZN,spot,perp,1000,4.066,1000.1546799999999,1000.07336,-0.8130742336764918,0.899926823318969,-1.7130010569954188,-5.213001056995419,-6.713001056995418,-11.713001056995418,0.0001,0.001,True,True,True,0,-1.7130010569954188,261,USDG,USDC,False,ticker/price-unit candidate; settlement rules need review,False
6,1790655208454,AMZN,stocks,rh_lighter,2050,hyperliquid,xyz:AMZN,spot,perp,10000,40.668,10004.813676,10001.93124,-2.8810491562825113,0.8997407055759348,-3.780789861857964,-7.280789861857964,-8.780789861857965,-13.780789861857965,0.0001,0.001,True,True,True,0,-3.780789861857964,261,USDG,USDC,False,ticker/price-unit candidate; settlement rules need review,False
6,1790655208454,AMZN,stocks,rh_lighter,2050,hyperliquid,xyz:AMZN,spot,perp,100000,406.685,100290.52424,99987.49565999999,-30.215075880434263,0.897280643170761,-31.112356523604994,-34.612356523605,-36.112356523604994,-41.112356523604994,0.0001,0.001,True,True,True,0,-31.112356523604994,261,USDG,USDC,False,ticker/price-unit candidate; settlement rules need review,False
7,1790655267963,NVDA,stocks,rh_lighter,15,rh_lighter,2054,perp,spot,1000,4.3753,1000.1060740000001,998.924743,-11.812057047861924,0.0,-11.812057047861842,-18.80792282789509,-16.812057047861842,-21.812057047861842,0.0001,0.0001,True,True,True,0,-11.812057047861842,1093,USDG,USDG,True,ticker/price-unit candidate; settlement rules need review,False
7,1790655267963,NVDA,stocks,rh_lighter,15,rh_lighter,2054,perp,spot,10000,43.7531,10001.083598000001,9987.274067000002,-13.808034764113408,0.0,-13.808034764113536,-20.803201951946093,-18.808034764113536,-23.808034764113536,0.0001,0.0001,True,True,True,0,-13.808034764113536,1093,USDG,USDG,True,ticker/price-unit candidate; settlement rules need review,False
7,1790655267963,NVDA,stocks,rh_lighter,15,rh_lighter,2054,perp,spot,100000,437.5314,100027.251369,99752.95066200003,-27.422597666717508,0.0,-27.42259766671776,-34.412999757534415,-32.42259766671776,-37.42259766671776,0.0001,0.0001,True,True,True,0,-27.42259766671776,1093,USDG,USDG,True,ticker/price-unit candidate; settlement rules need review,False
7,1790655268153,NVDA,stocks,hyperliquid,xyz:NVDA,rh_lighter,2054,perp,spot,1000,4.381,999.96325,1000.2261100000001,2.6286966046007443,0.9,1.7286966046006795,-1.7722234392109306,-3.2713033953993205,-8.27130339539932,0.001,0.0001,True,True,True,0,1.7286966046006795,190,USDC,USDG,True,ticker/price-unit candidate; settlement rules need review,False
7,1790655268153,NVDA,stocks,hyperliquid,xyz:NVDA,rh_lighter,2054,perp,spot,10000,43.812,10000.45553,10000.716225,0.26068312510174607,0.8999999999999999,-0.6393168748975466,-4.139408113991332,-5.639316874897546,-10.639316874897547,0.001,0.0001,True,True,True,0,-0.6393168748975466,190,USDC,USDG,True,ticker/price-unit candidate; settlement rules need review,False
7,1790655268153,NVDA,stocks,hyperliquid,xyz:NVDA,rh_lighter,2054,perp,spot,100000,438.125,100015.55825,99888.20835800003,-12.733008166754267,0.8999999999999999,-13.633008166753823,-17.128551613895453,-18.633008166753825,-23.633008166753825,0.001,0.0001,True,True,True,0,-13.633008166753823,190,USDC,USDG,True,ticker/price-unit candidate; settlement rules need review,False
7,1790655267963,NVDA,stocks,rh_lighter,2054,rh_lighter,15,spot,perp,1000,4.3793,1000.1445339999999,1000.801429,6.568000700588605,0.0,6.56800070058751,-0.4342980996576949,1.5680007005875103,-3.4319992994124897,0.0001,0.0001,True,True,True,0,6.56800070058751,1093,USDG,USDG,False,ticker/price-unit candidate; settlement rules need review,False
7,1790655267963,NVDA,stocks,rh_lighter,2054,rh_lighter,15,spot,perp,10000,43.7933,10001.513854,10008.082849,6.568000700586385,0.0,6.568000700586373,-0.4342980996588326,1.5680007005863734,-3.4319992994136266,0.0001,0.0001,True,True,True,0,6.568000700586373,1093,USDG,USDG,False,ticker/price-unit candidate; settlement rules need review,False
7,1790655267963,NVDA,stocks,rh_lighter,2054,rh_lighter,15,spot,perp,100000,437.9338,100186.91559500003,100068.635455,-11.805946844214432,0.0,-11.805946844213919,-18.801814762818445,-16.80594684421392,-21.80594684421392,0.0001,0.0001,True,True,True,0,-11.805946844213919,1093,USDG,USDG,False,ticker/price-unit candidate; settlement rules need review,False
7,1790655268153,NVDA,stocks,rh_lighter,2054,hyperliquid,xyz:NVDA,spot,perp,1000,4.379,1000.0760199999999,999.46296,-6.130133987213293,0.8994482879411508,-7.0295822751544925,-10.529582275154493,-12.029582275154493,-17.029582275154493,0.0001,0.001,True,True,True,0,-7.0295822751544925,190,USDG,USDC,False,ticker/price-unit candidate; settlement rules need review,False
7,1790655268153,NVDA,stocks,rh_lighter,2054,hyperliquid,xyz:NVDA,spot,perp,10000,43.793,10001.44534,9994.884109999999,-6.560281816229141,0.8994095746365393,-7.459691390865673,-10.959691390865672,-12.459691390865672,-17.45969139086567,0.0001,0.001,True,True,True,0,-7.459691390865673,190,USDG,USDC,False,ticker/price-unit candidate; settlement rules need review,False
7,1790655268153,NVDA,stocks,rh_lighter,2054,hyperliquid,xyz:NVDA,spot,perp,100000,437.933,100186.73245100003,99939.11009999999,-24.71608215400711,0.8977755526061394,-25.61385770661296,-29.113857706612958,-30.61385770661296,-35.61385770661296,0.0001,0.001,True,True,True,0,-25.61385770661296,190,USDG,USDC,False,ticker/price-unit candidate; settlement rules need review,False
7,1790655267964,AAPL,stocks,rh_lighter,10,rh_lighter,2049,perp,spot,1000,2.9607,1000.065246,998.762538,-13.026230090592561,0.0,-13.026230090592033,-20.021670910060326,-18.026230090592033,-23.026230090592033,0.0001,0.0001,True,True,True,0,-13.026230090592033,672,USDG,USDG,True,ticker/price-unit candidate; settlement rules need review,False
7,1790655267964,AAPL,stocks,rh_lighter,10,rh_lighter,2049,perp,spot,10000,29.6072,10000.720016,9985.407376,-15.311537544798748,0.0,-15.311537544798416,-22.306178506657737,-20.311537544798416,-25.311537544798416,0.0001,0.0001,True,True,True,0,-15.311537544798416,672,USDG,USDG,True,ticker/price-unit candidate; settlement rules need review,False
7,1790655267964,AAPL,stocks,rh_lighter,10,rh_lighter,2049,perp,spot,100000,296.0725,100022.802318,91324.076495,-869.6742764059295,0.0,-869.6742764059298,-876.3698904091876,-874.6742764059298,-879.6742764059298,0.0001,0.0001,True,True,True,0,-869.6742764059298,672,USDG,USDG,True,ticker/price-unit candidate; settlement rules need review,False
7,1790655268156,AAPL,stocks,hyperliquid,xyz:AAPL,rh_lighter,2049,perp,spot,1000,2.963,999.8347200000001,999.53842,-2.963489805596353,0.9,-3.8634898055959437,-7.362452584163985,-8.863489805595943,-13.863489805595943,0.001,0.0001,True,True,True,0,-3.8634898055959437,192,USDC,USDG,True,ticker/price-unit candidate; settlement rules need review,False
7,1790655268156,AAPL,stocks,hyperliquid,xyz:AAPL,rh_lighter,2049,perp,spot,10000,29.636,10000.79391,9995.10088,-5.692578060535469,0.9,-6.592578060535559,-10.090585658214373,-11.592578060535558,-16.59257806053556,0.001,0.0001,True,True,True,0,-6.592578060535559,192,USDC,USDG,True,ticker/price-unit candidate; settlement rules need review,False
7,1790655268156,AAPL,stocks,hyperliquid,xyz:AAPL,rh_lighter,2049,perp,spot,100000,296.362,100031.68091000001,91324.08518000001,-870.4837958120837,0.9,-871.3837958120843,-874.5791264835499,-876.3837958120843,-881.3837958120843,0.001,0.0001,True,True,True,0,-871.3837958120843,192,USDC,USDG,True,ticker/price-unit candidate; settlement rules need review,False
7,1790655267964,AAPL,stocks,rh_lighter,2049,rh_lighter,10,spot,perp,1000,2.9619,1000.766772,1000.293218,-4.731911702599012,0.0,-4.731911702599193,-11.730255533503282,-9.731911702599193,-14.731911702599193,0.0001,0.0001,True,True,True,0,-4.731911702599193,672,USDG,USDG,False,ticker/price-unit candidate; settlement rules need review,False
7,1790655267964,AAPL,stocks,rh_lighter,2049,rh_lighter,10,spot,perp,10000,29.6199,10011.414498,10002.705638,-8.698930607398125,0.0,-8.698930607398612,-15.695885981686024,-13.698930607398612,-18.698930607398612,0.0001,0.0001,True,True,True,0,-8.698930607398612,672,USDG,USDG,False,ticker/price-unit candidate; settlement rules need review,False
7,1790655268156,AAPL,stocks,rh_lighter,2049,hyperliquid,xyz:AAPL,spot,perp,1000,2.961,1000.46268,999.07101,-13.91026399905293,0.8987480762400852,-14.809012075292769,-18.309012075292767,-19.80901207529277,-24.80901207529277,0.0001,0.001,True,True,True,0,-14.809012075292769,192,USDG,USDC,False,ticker/price-unit candidate; settlement rules need review,False
7,1790655268156,AAPL,stocks,rh_lighter,2049,hyperliquid,xyz:AAPL,spot,perp,10000,29.619,10011.10938,9993.438890000001,-17.650880965600635,0.898411420713096,-18.549292386313542,-22.049292386313542,-23.549292386313542,-28.549292386313542,0.0001,0.001,True,True,True,0,-18.549292386313542,192,USDG,USDC,False,ticker/price-unit candidate; settlement rules need review,False
7,1790655268039,TSLA,stocks,rh_lighter,16,rh_lighter,2055,perp,spot,1000,2.8013,1000.1201259999999,998.7755020000001,-13.444624950981199,0.0,-13.444624950981536,-20.439919332248696,-18.444624950981535,-23.444624950981535,0.0001,0.0001,True,True,True,0,-13.444624950981536,744,USDG,USDG,True,ticker/price-unit candidate; settlement rules need review,False
7,1790655268039,TSLA,stocks,rh_lighter,16,rh_lighter,2055,perp,spot,10000,28.0131,10001.461066,9986.390904000002,-15.067960471524255,0.0,-15.067960471524735,-22.0626866853597,-20.067960471524735,-25.067960471524735,0.0001,0.0001,True,True,True,0,-15.067960471524735,744,USDG,USDG,True,ticker/price-unit candidate; settlement rules need review,False
7,1790655268039,TSLA,stocks,rh_lighter,16,rh_lighter,2055,perp,spot,100000,280.1316,100032.67969299998,99772.23219699998,-26.03624103636126,0.0,-26.036241036361375,-33.02712835199865,-31.036241036361375,-36.036241036361375,0.0001,0.0001,True,True,True,0,-26.036241036361375,744,USDG,USDG,True,ticker/price-unit candidate; settlement rules need review,False
7,1790655268278,TSLA,stocks,hyperliquid,xyz:TSLA,rh_lighter,2055,perp,spot,1000,2.803,999.97025,999.38162,-5.886475122635071,0.8999999999999999,-6.786475122634564,-10.284414856341641,-11.786475122634563,-16.786475122634563,0.001,0.0001,True,True,True,0,-6.786475122634564,239,USDC,USDG,True,ticker/price-unit candidate; settlement rules need review,False
7,1790655268278,TSLA,stocks,hyperliquid,xyz:TSLA,rh_lighter,2055,perp,spot,10000,28.031,10000.545479999999,9992.770822,-7.774233931086005,0.9,-8.67423393108598,-12.1715129492101,-13.67423393108598,-18.67423393108598,0.001,0.0001,True,True,True,0,-8.67423393108598,239,USDC,USDG,True,ticker/price-unit candidate; settlement rules need review,False
7,1790655268278,TSLA,stocks,hyperliquid,xyz:TSLA,rh_lighter,2055,perp,spot,100000,280.316,100019.32736999998,99837.88228499997,-18.141002321361288,0.8999999999999999,-19.041002321361038,-22.53465297054856,-24.041002321361038,-29.041002321361038,0.001,0.0001,True,True,True,0,-19.041002321361038,239,USDC,USDG,True,ticker/price-unit candidate; settlement rules need review,False
7,1790655268039,TSLA,stocks,rh_lighter,2055,rh_lighter,16,spot,perp,1000,2.8037,1000.3321230000001,1000.724641,3.923876790268288,0.0,3.9238767902676033,-3.0774965666089904,-1.0761232097323967,-6.076123209732397,0.0001,0.0001,True,True,True,0,3.9238767902676033,744,USDG,USDG,False,ticker/price-unit candidate; settlement rules need review,False
7,1790655268039,TSLA,stocks,rh_lighter,2055,rh_lighter,16,spot,perp,10000,28.0375,10003.499625000002,10007.103631,3.602745174289268,0.0,3.6027451742896948,-3.3985157865213056,-1.3972548257103052,-6.397254825710306,0.0001,0.0001,True,True,True,0,3.6027451742896948,744,USDG,USDG,False,ticker/price-unit candidate; settlement rules need review,False
7,1790655268039,TSLA,stocks,rh_lighter,2055,rh_lighter,16,spot,perp,100000,280.3751,100182.19107599999,100046.154422,-13.578925808958031,0.0,-13.578925808957557,-20.57417318492442,-18.578925808957557,-23.578925808957557,0.0001,0.0001,True,True,True,0,-13.578925808957557,744,USDG,USDG,False,ticker/price-unit candidate; settlement rules need review,False
7,1790655268278,TSLA,stocks,rh_lighter,2055,hyperliquid,xyz:TSLA,spot,perp,1000,2.803,1000.0823700000001,999.9141900000001,-1.6816614815440278,0.8998486504666612,-2.581510132010493,-6.081510132010493,-7.581510132010493,-12.581510132010493,0.0001,0.001,True,True,True,0,-2.581510132010493,239,USDG,USDC,False,ticker/price-unit candidate; settlement rules need review,False
7,1790655268278,TSLA,stocks,rh_lighter,2055,hyperliquid,xyz:TSLA,spot,perp,10000,28.037,10003.321230000001,10001.219829999998,-2.1007023084507193,0.8998109367922396,-3.000513245242645,-6.5005132452426455,-8.000513245242646,-13.000513245242646,0.0001,0.001,True,True,True,0,-3.000513245242645,239,USDG,USDC,False,ticker/price-unit candidate; settlement rules need review,False
7,1790655268278,TSLA,stocks,rh_lighter,2055,hyperliquid,xyz:TSLA,spot,perp,100000,280.375,100182.155309,99993.77660000001,-18.803619109506453,0.8983076742801445,-19.701926783786277,-23.201926783786277,-24.701926783786277,-29.701926783786277,0.0001,0.001,True,True,True,0,-19.701926783786277,239,USDG,USDC,False,ticker/price-unit candidate; settlement rules need review,False
7,1790655268059,META,stocks,rh_lighter,13,rh_lighter,2052,perp,spot,1000,1.4007,1000.095597,999.385443,-7.100861178973572,0.0,-7.1008611789737595,-14.09837587756112,-12.100861178973759,-17.10086117897376,0.0001,0.0001,True,True,True,0,-7.1008611789737595,754,USDG,USDG,True,ticker/price-unit candidate; settlement rules need review,False
7,1790655268059,META,stocks,rh_lighter,13,rh_lighter,2052,perp,spot,10000,14.0072,10001.440485,9992.610376,-8.828837219240215,0.0,-8.828837219240453,-15.825747126213718,-13.828837219240453,-18.828837219240455,0.0001,0.0001,True,True,True,0,-8.828837219240453,754,USDG,USDG,True,ticker/price-unit candidate; settlement rules need review,False
7,1790655268059,META,stocks,rh_lighter,13,rh_lighter,2052,perp,spot,100000,140.0726,100033.36450099999,99647.384188,-38.58515755472136,0.0,-38.585157554721086,-45.571652749576934,-43.585157554721086,-48.585157554721086,0.0001,0.0001,True,True,True,0,-38.585157554721086,754,USDG,USDG,True,ticker/price-unit candidate; settlement rules need review,False
7,1790655268313,META,stocks,hyperliquid,xyz:META,rh_lighter,2052,perp,spot,1000,1.402,999.8643399999999,1000.3129799999999,4.487008707600992,0.9,3.5870087076019592,0.0854382545542985,-1.4129912923980408,-6.412991292398041,0.001,0.0001,True,True,True,0,3.5870087076019592,254,USDC,USDG,True,ticker/price-unit candidate; settlement rules need review,False
7,1790655268313,META,stocks,hyperliquid,xyz:META,rh_lighter,2052,perp,spot,10000,14.022,10000.069739999999,10003.166328000001,3.096566404547918,0.8999999999999999,2.1965664045480517,-1.3045173936935397,-2.8034335954519483,-7.803433595451948,0.001,0.0001,True,True,True,0,2.1965664045480517,254,USDC,USDG,True,ticker/price-unit candidate; settlement rules need review,False
7,1790655268313,META,stocks,hyperliquid,xyz:META,rh_lighter,2052,perp,spot,100000,140.221,100014.12032,99752.846132,-26.123730045720663,0.9,-27.023730045721184,-30.514586740205186,-32.02373004572118,-37.02373004572118,0.001,0.0001,True,True,True,0,-27.023730045721184,254,USDC,USDG,True,ticker/price-unit candidate; settlement rules need review,False
7,1790655268059,META,stocks,rh_lighter,2052,rh_lighter,13,spot,perp,1000,1.4013,1000.1078100000001,1000.303992,1.9616085189855248,0.0,1.9616085189846475,-5.039078043996997,-3.0383914810153527,-8.038391481015353,0.0001,0.0001,True,True,True,0,1.9616085189846475,754,USDG,USDG,False,ticker/price-unit candidate; settlement rules need review,False
7,1790655268059,META,stocks,rh_lighter,2052,rh_lighter,13,spot,perp,10000,14.0135,10001.803325,10003.140620000002,1.337053885730466,0.0,1.337053885731328,-5.663414083128677,-3.6629461142686717,-8.662946114268673,0.0001,0.0001,True,True,True,0,1.337053885731328,754,USDG,USDG,False,ticker/price-unit candidate; settlement rules need review,False
7,1790655268059,META,stocks,rh_lighter,2052,rh_lighter,13,spot,perp,100000,140.1355,100229.11975500002,100016.50479499997,-21.212893071371752,0.0,-21.21289307137145,-28.205468558796465,-26.21289307137145,-31.21289307137145,0.0001,0.0001,True,True,True,0,-21.21289307137145,754,USDG,USDG,False,ticker/price-unit candidate; settlement rules need review,False
7,1790655268313,META,stocks,rh_lighter,2052,hyperliquid,xyz:META,spot,perp,1000,1.401,999.8937000000001,999.10914,-7.846434075943209,0.8992938209331651,-8.745727896875996,-12.245727896875996,-13.745727896875996,-18.745727896875998,0.0001,0.001,True,True,True,0,-8.745727896875996,254,USDG,USDC,False,ticker/price-unit candidate; settlement rules need review,False
7,1790655268313,META,stocks,rh_lighter,2052,hyperliquid,xyz:META,spot,perp,10000,14.013,10001.446350000002,9992.52103,-8.9240292730286,0.8991968373654275,-9.823226110393621,-13.323226110393623,-14.823226110393621,-19.82322611039362,0.0001,0.001,True,True,True,0,-9.823226110393621,254,USDG,USDC,False,ticker/price-unit candidate; settlement rules need review,False
7,1790655268313,META,stocks,rh_lighter,2052,hyperliquid,xyz:META,spot,perp,100000,140.135,100228.76187000002,99911.79324000003,-31.624518160875414,0.8971537933655214,-32.52167195424106,-36.02167195424106,-37.52167195424106,-42.52167195424106,0.0001,0.001,True,True,True,0,-32.52167195424106,254,USDG,USDC,False,ticker/price-unit candidate; settlement rules need review,False
7,1790655268114,GOOGL,stocks,rh_lighter,12,rh_lighter,2051,perp,spot,1000,2.9214,1000.082862,998.446878,-16.358484503257166,0.0,-16.35848450325717,-23.35275903368103,-21.35848450325717,-26.35848450325717,0.0001,0.0001,True,True,True,0,-16.35848450325717,789,USDG,USDG,True,ticker/price-unit candidate; settlement rules need review,False
7,1790655268114,GOOGL,stocks,rh_lighter,12,rh_lighter,2051,perp,spot,10000,29.2141,10001.958384000001,9984.298594,-17.65633221215146,0.0,-17.656332212151224,-24.65015249587697,-22.656332212151224,-27.656332212151224,0.0001,0.0001,True,True,True,0,-17.656332212151224,789,USDG,USDG,True,ticker/price-unit candidate; settlement rules need review,False
7,1790655268114,GOOGL,stocks,rh_lighter,12,rh_lighter,2051,perp,spot,100000,292.1413,100042.18463399998,99640.90615999995,-40.110926752358054,0.0,-40.110926752357585,-47.09688792799426,-45.110926752357585,-50.110926752357585,0.0001,0.0001,True,True,True,0,-40.110926752357585,789,USDG,USDG,True,ticker/price-unit candidate; settlement rules need review,False
7,1790655268303,GOOGL,stocks,hyperliquid,xyz:GOOGL,rh_lighter,2051,perp,spot,1000,2.924,999.86217,999.33548,-5.267626036896678,0.9,-6.16762603689697,-9.665782367784058,-11.16762603689697,-16.16762603689697,0.001,0.0001,True,True,True,0,-6.16762603689697,189,USDC,USDG,True,ticker/price-unit candidate; settlement rules need review,False
7,1790655268303,GOOGL,stocks,hyperliquid,xyz:GOOGL,rh_lighter,2051,perp,spot,10000,29.244,10000.51696,9994.517217999999,-5.999431853372927,0.8999999999999999,-6.899431853372696,-10.397332052224016,-11.899431853372697,-16.899431853372697,0.001,0.0001,True,True,True,0,-6.899431853372696,189,USDC,USDG,True,ticker/price-unit candidate; settlement rules need review,False
7,1790655268303,GOOGL,stocks,hyperliquid,xyz:GOOGL,rh_lighter,2051,perp,spot,100000,292.444,100024.47741,99744.09053599997,-28.031825935038725,0.9,-28.931825935038642,-32.42201479596138,-33.931825935038646,-38.931825935038646,0.001,0.0001,True,True,True,0,-28.931825935038642,189,USDC,USDG,True,ticker/price-unit candidate; settlement rules need review,False
7,1790655268114,GOOGL,stocks,rh_lighter,2051,rh_lighter,12,spot,perp,1000,2.9249,1000.345049,1001.105523,7.602116897165168,0.0,7.60211689716606,0.5994561562520521,2.60211689716606,-2.39788310283394,0.0001,0.0001,True,True,True,0,7.60211689716606,789,USDG,USDG,False,ticker/price-unit candidate; settlement rules need review,False
7,1790655268114,GOOGL,stocks,rh_lighter,2051,rh_lighter,12,spot,perp,10000,29.2491,10005.647834999998,10011.018987999998,5.368121173734419,0.0,5.3681211737351235,-1.6337576686756827,0.36812117373512354,-4.6318788262648765,0.0001,0.0001,True,True,True,0,5.3681211737351235,789,USDG,USDG,False,ticker/price-unit candidate; settlement rules need review,False
7,1790655268114,GOOGL,stocks,rh_lighter,2051,rh_lighter,12,spot,perp,100000,292.4917,100333.72194999998,100088.63911999999,-24.426765521777803,0.0,-24.426765521777284,-31.418216153844668,-29.426765521777284,-34.426765521777284,0.0001,0.0001,True,True,True,0,-24.426765521777284,789,USDG,USDG,False,ticker/price-unit candidate; settlement rules need review,False
7,1790655268303,GOOGL,stocks,rh_lighter,2051,hyperliquid,xyz:GOOGL,spot,perp,1000,2.924,1000.03724,999.83256,-2.0467237800070315,0.8998157948597995,-2.946539574866762,-6.4465395748667635,-7.946539574866762,-12.946539574866762,0.0001,0.001,True,True,True,0,-2.946539574866762,189,USDG,USDC,False,ticker/price-unit candidate; settlement rules need review,False
7,1790655268303,GOOGL,stocks,rh_lighter,2051,hyperliquid,xyz:GOOGL,spot,perp,10000,29.249,10005.613613999998,10000.79721,-4.813701773630497,0.8995667668403733,-5.713268540470967,-9.213268540470965,-10.713268540470967,-15.713268540470967,0.0001,0.001,True,True,True,0,-5.713268540470967,189,USDG,USDC,False,ticker/price-unit candidate; settlement rules need review,False
7,1790655268303,GOOGL,stocks,rh_lighter,2051,hyperliquid,xyz:GOOGL,spot,perp,100000,292.491,100333.48163999997,99982.81882000001,-34.94973106366817,0.8968545242042699,-35.84658558787298,-39.34658558787297,-40.84658558787298,-45.84658558787298,0.0001,0.001,True,True,True,0,-35.84658558787298,189,USDG,USDC,False,ticker/price-unit candidate; settlement rules need review,False
7,1790655268112,AMZN,stocks,rh_lighter,11,rh_lighter,2050,perp,spot,1000,4.0625,1000.025,998.5625,-14.624634384140522,0.0,-14.624634384140169,-21.61951576210572,-19.62463438414017,-24.62463438414017,0.0001,0.0001,True,True,True,0,-14.624634384140169,790,USDG,USDG,True,ticker/price-unit candidate; settlement rules need review,False
7,1790655268112,AMZN,stocks,rh_lighter,11,rh_lighter,2050,perp,spot,10000,40.6256,10001.676408,9984.555535,-17.11800332422797,0.0,-17.118003324228173,-24.112012023064693,-22.118003324228173,-27.118003324228173,0.0001,0.0001,True,True,True,0,-17.118003324228173,790,USDG,USDG,True,ticker/price-unit candidate; settlement rules need review,False
7,1790655268112,AMZN,stocks,rh_lighter,11,rh_lighter,2050,perp,spot,100000,406.2563,100055.70924100002,99628.033016,-42.74381024773844,0.0,-42.743810247738246,-49.72884991415153,-47.743810247738246,-52.743810247738246,0.0001,0.0001,True,True,True,0,-42.743810247738246,790,USDG,USDG,True,ticker/price-unit candidate; settlement rules need review,False
7,1790655268306,AMZN,stocks,hyperliquid,xyz:AMZN,rh_lighter,2050,perp,spot,1000,4.065,999.9900000000001,999.1770000000001,-8.130081300813385,0.9,-9.030081300812888,-12.527235772357606,-14.030081300812888,-19.03008130081289,0.001,0.0001,True,True,True,0,-9.030081300812888,194,USDC,USDG,True,ticker/price-unit candidate; settlement rules need review,False
7,1790655268306,AMZN,stocks,hyperliquid,xyz:AMZN,rh_lighter,2050,perp,spot,10000,40.652,10001.52481,9991.043335,-10.479877017872674,0.9,-11.37987701787294,-14.876209060916683,-16.37987701787294,-21.37987701787294,0.001,0.0001,True,True,True,0,-11.37987701787294,194,USDC,USDG,True,ticker/price-unit candidate; settlement rules need review,False
7,1790655268306,AMZN,stocks,hyperliquid,xyz:AMZN,rh_lighter,2050,perp,spot,100000,406.528,100035.65559000001,99694.61310100001,-34.092093163039515,0.9,-34.99209316303931,-38.48016093043225,-39.99209316303931,-44.99209316303931,0.001,0.0001,True,True,True,0,-34.99209316303931,194,USDC,USDG,True,ticker/price-unit candidate; settlement rules need review,False
7,1790655268112,AMZN,stocks,rh_lighter,2050,rh_lighter,11,spot,perp,1000,4.0668,1000.3514639999999,1001.0021519999999,6.504593869420816,0.0,6.504593869420871,-0.49768273843342675,1.5045938694208711,-3.495406130579129,0.0001,0.0001,True,True,True,0,6.504593869420871,790,USDG,USDG,False,ticker/price-unit candidate; settlement rules need review,False
7,1790655268112,AMZN,stocks,rh_lighter,2050,rh_lighter,11,spot,perp,10000,40.6685,10004.936706,10010.14459,5.205314289371543,0.0,5.205314289371044,-1.7965075706302351,0.205314289371044,-4.794685710628956,0.0001,0.0001,True,True,True,0,5.205314289371044,790,USDG,USDG,False,ticker/price-unit candidate; settlement rules need review,False
7,1790655268112,AMZN,stocks,rh_lighter,2050,rh_lighter,11,spot,perp,100000,406.6859,100290.746378,100077.578198,-21.2550197997885,0.0,-21.255019799788265,-28.247580542858337,-26.255019799788265,-31.255019799788265,0.0001,0.0001,True,True,True,0,-21.255019799788265,790,USDG,USDG,False,ticker/price-unit candidate; settlement rules need review,False
7,1790655268306,AMZN,stocks,rh_lighter,2050,hyperliquid,xyz:AMZN,spot,perp,1000,4.066,1000.1546799999999,1000.11402,-0.40653711683713567,0.8999634116594846,-1.3065005284971412,-4.806500528497141,-6.306500528497141,-11.306500528497141,0.0001,0.001,True,True,True,0,-1.3065005284971412,194,USDG,USDC,False,ticker/price-unit candidate; settlement rules need review,False
7,1790655268306,AMZN,stocks,rh_lighter,2050,hyperliquid,xyz:AMZN,spot,perp,10000,40.668,10004.813676,10002.300479999998,-2.5119868109391152,0.8997739211870156,-3.4117607321263006,-6.9117607321263,-8.4117607321263,-13.4117607321263,0.0001,0.001,True,True,True,0,-3.4117607321263006,194,USDG,USDC,False,ticker/price-unit candidate; settlement rules need review,False
7,1790655268306,AMZN,stocks,rh_lighter,2050,hyperliquid,xyz:AMZN,spot,perp,100000,406.685,100290.52424,99989.22350999998,-30.042791408587675,0.8972961487732272,-30.940087557360364,-34.44008755736037,-35.940087557360364,-40.940087557360364,0.0001,0.001,True,True,True,0,-30.940087557360364,194,USDG,USDC,False,ticker/price-unit candidate; settlement rules need review,False
8,1790655327986,NVDA,stocks,rh_lighter,15,rh_lighter,2054,perp,spot,1000,4.3755,1000.1517899999999,998.795385,-13.561991425320441,0.0,-13.561991425320366,-20.557244728321503,-18.561991425320365,-23.561991425320365,0.0001,0.0001,True,True,True,0,-13.561991425320366,1111,USDG,USDG,True,ticker/price-unit candidate; settlement rules need review,False
8,1790655327986,NVDA,stocks,rh_lighter,15,rh_lighter,2054,perp,spot,10000,43.755,10001.5179,9987.337628000001,-14.178119903179853,0.0,-14.1781199031795,-21.173157561213387,-19.1781199031795,-24.1781199031795,0.0001,0.0001,True,True,True,0,-14.1781199031795,1111,USDG,USDG,True,ticker/price-unit candidate; settlement rules need review,False
8,1790655327986,NVDA,stocks,rh_lighter,15,rh_lighter,2054,perp,spot,100000,437.5505,100028.72798400001,99753.83723300003,-27.4811803109154,0.0,-27.48118031091571,-34.471561897806886,-32.48118031091571,-37.48118031091571,0.0001,0.0001,True,True,True,0,-27.48118031091571,1111,USDG,USDG,True,ticker/price-unit candidate; settlement rules need review,False
8,1790655328176,NVDA,stocks,hyperliquid,xyz:NVDA,rh_lighter,2054,perp,spot,1000,4.381,999.9194400000001,1000.0508700000001,1.3144058885394827,0.9,0.41440588853861077,-3.0860541535223778,-4.585594111461389,-9.58559411146139,0.001,0.0001,True,True,True,0,0.41440588853861077,190,USDC,USDG,True,ticker/price-unit candidate; settlement rules need review,False
8,1790655328176,NVDA,stocks,hyperliquid,xyz:NVDA,rh_lighter,2054,perp,spot,10000,43.814,10000.74091,10000.804378,0.06346329794126859,0.9,-0.8365367020589233,-4.336558914213202,-5.836536702058924,-10.836536702058924,0.001,0.0001,True,True,True,0,-0.8365367020589233,190,USDC,USDG,True,ticker/price-unit candidate; settlement rules need review,False
8,1790655328176,NVDA,stocks,hyperliquid,xyz:NVDA,rh_lighter,2054,perp,spot,100000,438.144,100016.62746999999,99889.07214300003,-12.753412130220854,0.9,-13.65341213022062,-17.14894843597504,-18.65341213022062,-23.65341213022062,0.001,0.0001,True,True,True,0,-13.65341213022062,190,USDC,USDG,True,ticker/price-unit candidate; settlement rules need review,False
8,1790655327986,NVDA,stocks,rh_lighter,2054,rh_lighter,15,spot,perp,1000,4.3797,1000.2358859999999,1000.8052469999999,5.692267273842422,0.0,5.6922672738414235,-1.309725019704421,0.6922672738414235,-4.3077327261585765,0.0001,0.0001,True,True,True,0,5.6922672738414235,1111,USDG,USDG,False,ticker/price-unit candidate; settlement rules need review,False
8,1790655327986,NVDA,stocks,rh_lighter,2054,rh_lighter,15,spot,perp,10000,43.7972,10002.404535999998,10007.971775999998,5.5659016589082455,0.0,5.565901658909181,-1.436046406671437,0.5659016589091808,-4.434098341090819,0.0001,0.0001,True,True,True,0,5.565901658909181,1111,USDG,USDG,False,ticker/price-unit candidate; settlement rules need review,False
8,1790655327986,NVDA,stocks,rh_lighter,2054,rh_lighter,15,spot,perp,100000,437.9721,100195.68361400004,100068.51078,-12.69244636225686,0.0,-12.692446362257408,-19.688004006030617,-17.692446362257407,-22.692446362257407,0.0001,0.0001,True,True,True,0,-12.692446362257408,1111,USDG,USDG,False,ticker/price-unit candidate; settlement rules need review,False
8,1790655328176,NVDA,stocks,rh_lighter,2054,hyperliquid,xyz:NVDA,spot,perp,1000,4.379,1000.0760199999999,999.3762499999999,-6.9971680752822785,0.8993702548732244,-7.896538330155583,-11.396538330155582,-12.896538330155582,-17.896538330155582,0.0001,0.001,True,True,True,0,-7.896538330155583,190,USDG,USDC,False,ticker/price-unit candidate; settlement rules need review,False
8,1790655328176,NVDA,stocks,rh_lighter,2054,hyperliquid,xyz:NVDA,spot,perp,10000,43.797,10002.358859999998,9995.183099999998,-7.174067737857337,0.8993543339035929,-8.073422071761264,-11.573422071761263,-13.073422071761264,-18.073422071761264,0.0001,0.001,True,True,True,0,-8.073422071761264,190,USDG,USDC,False,ticker/price-unit candidate; settlement rules need review,False
8,1790655328176,NVDA,stocks,rh_lighter,2054,hyperliquid,xyz:NVDA,spot,perp,100000,437.972,100195.66072100002,99942.0115,-25.315389825746326,0.897721614915683,-26.213111440661542,-29.713111440661542,-31.213111440661542,-36.21311144066154,0.0001,0.001,True,True,True,0,-26.213111440661542,190,USDG,USDC,False,ticker/price-unit candidate; settlement rules need review,False
8,1790655327975,AAPL,stocks,rh_lighter,10,rh_lighter,2049,perp,spot,1000,2.9611,1000.0819140000001,998.897474,-11.843429857287813,0.0,-11.843429857287756,-18.839284656837705,-16.843429857287756,-21.843429857287756,0.0001,0.0001,True,True,True,0,-11.843429857287756,707,USDG,USDG,True,ticker/price-unit candidate; settlement rules need review,False
8,1790655327975,AAPL,stocks,rh_lighter,10,rh_lighter,2049,perp,spot,10000,29.6116,10001.021784,9986.888328,-14.132012013624573,0.0,-14.132012013625054,-21.127065809420287,-19.132012013625054,-24.132012013625054,0.0001,0.0001,True,True,True,0,-14.132012013625054,707,USDG,USDG,True,ticker/price-unit candidate; settlement rules need review,False
8,1790655327975,AAPL,stocks,rh_lighter,10,rh_lighter,2049,perp,spot,100000,296.1164,100029.971413,91324.077812,-870.3285103477076,0.0,-870.3285103477073,-877.0238953690855,-875.3285103477073,-880.3285103477073,0.0001,0.0001,True,True,True,0,-870.3285103477073,707,USDG,USDG,True,ticker/price-unit candidate; settlement rules need review,False
8,1790655328168,AAPL,stocks,hyperliquid,xyz:AAPL,rh_lighter,2049,perp,spot,1000,2.963,999.8050900000001,999.53842,-2.6672198678256986,0.9,-3.567219867825339,-7.066286340871599,-8.567219867825338,-13.567219867825338,0.001,0.0001,True,True,True,0,-3.567219867825339,193,USDC,USDG,True,ticker/price-unit candidate; settlement rules need review,False
8,1790655328168,AAPL,stocks,hyperliquid,xyz:AAPL,rh_lighter,2049,perp,spot,10000,29.636,10000.15038,9995.10088,-5.049424066759789,0.9,-5.949424066760056,-9.447656768336689,-10.949424066760056,-15.949424066760056,0.001,0.0001,True,True,True,0,-5.949424066760056,193,USDC,USDG,True,ticker/price-unit candidate; settlement rules need review,False
8,1790655328168,AAPL,stocks,hyperliquid,xyz:AAPL,rh_lighter,2049,perp,spot,100000,296.362,100021.96568000001,91324.08518000001,-869.5970370975415,0.9,-870.4970370975417,-873.6926781345575,-875.4970370975417,-880.4970370975417,0.001,0.0001,True,True,True,0,-870.4970370975417,193,USDC,USDG,True,ticker/price-unit candidate; settlement rules need review,False
8,1790655327975,AAPL,stocks,rh_lighter,2049,rh_lighter,10,spot,perp,1000,2.9619,1000.766772,1000.144773,-6.215224340001546,0.0,-6.215224340001965,-13.213049011482966,-11.215224340001965,-16.215224340001967,0.0001,0.0001,True,True,True,0,-6.215224340001965,707,USDG,USDG,False,ticker/price-unit candidate; settlement rules need review,False
8,1790655327975,AAPL,stocks,rh_lighter,2049,rh_lighter,10,spot,perp,10000,29.6199,10011.414498,10001.595013999999,-9.808288331247805,0.0,-9.808288331247422,-16.804855430331486,-14.808288331247422,-19.80828833124742,0.0001,0.0001,True,True,True,0,-9.808288331247422,707,USDG,USDG,False,ticker/price-unit candidate; settlement rules need review,False
8,1790655328168,AAPL,stocks,rh_lighter,2049,hyperliquid,xyz:AAPL,spot,perp,1000,2.961,1000.46268,998.99858,-14.634229034909962,0.8986829193868581,-15.53291195429729,-19.03291195429729,-20.53291195429729,-25.53291195429729,0.0001,0.001,True,True,True,0,-15.53291195429729,193,USDG,USDC,False,ticker/price-unit candidate; settlement rules need review,False
8,1790655328168,AAPL,stocks,rh_lighter,2049,hyperliquid,xyz:AAPL,spot,perp,10000,29.619,10011.10938,9992.874619999999,-18.21452479225716,0.8983606927686968,-19.112885485026222,-22.612885485026226,-24.112885485026222,-29.112885485026222,0.0001,0.001,True,True,True,0,-19.112885485026222,193,USDG,USDC,False,ticker/price-unit candidate; settlement rules need review,False
8,1790655327982,TSLA,stocks,rh_lighter,16,rh_lighter,2055,perp,spot,1000,2.801,1000.0970500000001,998.8646100000001,-12.323204033048984,0.0,-12.32320403304856,-19.31889091163699,-17.32320403304856,-22.32320403304856,0.0001,0.0001,True,True,True,0,-12.32320403304856,716,USDG,USDG,True,ticker/price-unit candidate; settlement rules need review,False
8,1790655327982,TSLA,stocks,rh_lighter,16,rh_lighter,2055,perp,spot,10000,28.0108,10001.368175000001,9987.360775000001,-14.005483804719887,0.0,-14.005483804719963,-21.00058188538831,-19.005483804719965,-24.005483804719965,0.0001,0.0001,True,True,True,0,-14.005483804719963,716,USDG,USDG,True,ticker/price-unit candidate; settlement rules need review,False
8,1790655327982,TSLA,stocks,rh_lighter,16,rh_lighter,2055,perp,spot,100000,280.1081,100036.325535,99768.33427599998,-26.78939450912243,0.0,-26.789394509122975,-33.78001822104478,-31.789394509122975,-36.78939450912297,0.0001,0.0001,True,True,True,0,-26.789394509122975,716,USDG,USDG,True,ticker/price-unit candidate; settlement rules need review,False
8,1790655328172,TSLA,stocks,hyperliquid,xyz:TSLA,rh_lighter,2055,perp,spot,1000,2.802,999.69756,999.22122,-4.7648410785350315,0.8999999999999999,-5.664841078535157,-9.16317338415767,-10.664841078535158,-15.664841078535158,0.001,0.0001,True,True,True,0,-5.664841078535157,190,USDC,USDG,True,ticker/price-unit candidate; settlement rules need review,False
8,1790655328172,TSLA,stocks,hyperliquid,xyz:TSLA,rh_lighter,2055,perp,spot,10000,28.028,10000.488849999998,9993.492231,-6.996276986996897,0.8999999999999999,-7.896276986997228,-11.393828290051779,-12.89627698699723,-17.89627698699723,0.001,0.0001,True,True,True,0,-7.896276986997228,190,USDC,USDG,True,ticker/price-unit candidate; settlement rules need review,False
8,1790655328172,TSLA,stocks,hyperliquid,xyz:TSLA,rh_lighter,2055,perp,spot,100000,280.288,100025.14236000001,99832.38227399997,-19.271163374732225,0.9,-20.171163374731975,-23.66441846755082,-25.171163374731975,-30.171163374731975,0.001,0.0001,True,True,True,0,-20.171163374731975,190,USDC,USDG,True,ticker/price-unit candidate; settlement rules need review,False
8,1790655327982,TSLA,stocks,rh_lighter,2055,rh_lighter,16,spot,perp,1000,2.8038,1000.087422,1000.8444479999999,7.569598250580789,0.0,7.569598250581699,0.5669488911939969,2.5695982505816994,-2.4304017494183006,0.0001,0.0001,True,True,True,0,7.569598250581699,716,USDG,USDG,False,ticker/price-unit candidate; settlement rules need review,False
8,1790655327982,TSLA,stocks,rh_lighter,2055,rh_lighter,16,spot,perp,10000,28.0386,10001.088233999999,10008.211899,7.122889862907211,0.0,7.122889862908277,0.12039685145625874,2.122889862908277,-2.877110137091723,0.0001,0.0001,True,True,True,0,7.122889862908277,716,USDG,USDG,False,ticker/price-unit candidate; settlement rules need review,False
8,1790655327982,TSLA,stocks,rh_lighter,2055,rh_lighter,16,spot,perp,100000,280.3869,100186.068109,100058.77164400001,-12.706004677366378,0.0,-12.706004677366588,-19.701557575729513,-17.706004677366586,-22.706004677366586,0.0001,0.0001,True,True,True,0,-12.706004677366588,716,USDG,USDG,False,ticker/price-unit candidate; settlement rules need review,False
8,1790655328172,TSLA,stocks,rh_lighter,2055,hyperliquid,xyz:TSLA,spot,perp,1000,2.803,999.80207,1000.02631,2.2428439260990807,0.900201855953349,1.3426420701450326,-2.1573579298549674,-3.6573579298549674,-8.657357929854967,0.0001,0.001,True,True,True,0,1.3426420701450326,190,USDG,USDC,False,ticker/price-unit candidate; settlement rules need review,False
8,1790655328172,TSLA,stocks,rh_lighter,2055,hyperliquid,xyz:TSLA,spot,perp,10000,28.038,10000.87422,10002.17542,1.3010862564377668,0.9001170977630794,0.4009691586740911,-3.0990308413259084,-4.599030841325909,-9.59903084132591,0.0001,0.001,True,True,True,0,0.4009691586740911,190,USDG,USDC,False,ticker/price-unit candidate; settlement rules need review,False
8,1790655328172,TSLA,stocks,rh_lighter,2055,hyperliquid,xyz:TSLA,spot,perp,100000,280.386,100185.74620600001,100005.26739,-18.01442049739532,0.8983787021552346,-18.912799199550147,-22.412799199550147,-23.912799199550147,-28.912799199550147,0.0001,0.001,True,True,True,0,-18.912799199550147,190,USDG,USDC,False,ticker/price-unit candidate; settlement rules need review,False
8,1790655328081,META,stocks,rh_lighter,13,rh_lighter,2052,perp,spot,1000,1.4006,1000.084424,998.9639440000001,-11.20385412581859,0.0,-11.203854125818578,-18.19993277687454,-16.20385412581858,-21.20385412581858,0.0001,0.0001,True,True,True,0,-11.203854125818578,773,USDG,USDG,True,ticker/price-unit candidate; settlement rules need review,False
8,1790655328081,META,stocks,rh_lighter,13,rh_lighter,2052,perp,spot,10000,14.0061,10001.215435,9988.071511,-13.142326635622315,0.0,-13.142326635622533,-20.137726821300067,-18.14232663562253,-23.14232663562253,0.0001,0.0001,True,True,True,0,-13.142326635622533,773,USDG,USDG,True,ticker/price-unit candidate; settlement rules need review,False
8,1790655328081,META,stocks,rh_lighter,13,rh_lighter,2052,perp,spot,100000,140.0619,100030.03666700001,99609.08481399999,-42.08254510606358,0.0,-42.08254510606341,-49.067816215276295,-47.08254510606341,-52.08254510606341,0.0001,0.0001,True,True,True,0,-42.08254510606341,773,USDG,USDG,True,ticker/price-unit candidate; settlement rules need review,False
8,1790655328266,META,stocks,hyperliquid,xyz:META,rh_lighter,2052,perp,spot,1000,1.402,999.89238,999.9624799999999,0.7010754497382976,0.9,-0.19892455026098682,-3.699169926668395,-5.198924550260987,-10.198924550260987,0.001,0.0001,True,True,True,0,-0.19892455026098682,185,USDC,USDG,True,ticker/price-unit candidate; settlement rules need review,False
8,1790655328266,META,stocks,hyperliquid,xyz:META,rh_lighter,2052,perp,spot,10000,14.021,9999.63699,9998.693870000001,-0.9431542374416235,0.9,-1.8431542374418814,-5.342824133458777,-6.8431542374418814,-11.843154237441881,0.001,0.0001,True,True,True,0,-1.8431542374418814,185,USDC,USDG,True,ticker/price-unit candidate; settlement rules need review,False
8,1790655328266,META,stocks,hyperliquid,xyz:META,rh_lighter,2052,perp,spot,100000,140.218,100017.72089000001,99720.01883999998,-29.764930389430955,0.8999999999999999,-30.664930389430737,-34.154512663794435,-35.66493038943074,-40.66493038943074,0.001,0.0001,True,True,True,0,-30.664930389430737,185,USDC,USDG,True,ticker/price-unit candidate; settlement rules need review,False
8,1790655328081,META,stocks,rh_lighter,2052,rh_lighter,13,spot,perp,1000,1.4016,1000.32192,1000.5924279999999,2.704209460890894,0.0,2.704209460889848,-4.296737012421462,-2.295790539110152,-7.295790539110152,0.0001,0.0001,True,True,True,0,2.704209460889848,773,USDG,USDG,False,ticker/price-unit candidate; settlement rules need review,False
8,1790655328081,META,stocks,rh_lighter,2052,rh_lighter,13,spot,perp,10000,14.016,10003.91292,10005.614491,1.7009054493044573,0.0,1.700905449304534,-5.299689867602723,-3.2990945506954663,-8.299094550695466,0.0001,0.0001,True,True,True,0,1.700905449304534,773,USDG,USDG,False,ticker/price-unit candidate; settlement rules need review,False
8,1790655328081,META,stocks,rh_lighter,2052,rh_lighter,13,spot,perp,100000,140.16,100256.52634400001,100039.70486999997,-21.626669295929936,0.0,-21.626669295930206,-28.619099961676636,-26.626669295930206,-31.626669295930206,0.0001,0.0001,True,True,True,0,-21.626669295930206,773,USDG,USDG,False,ticker/price-unit candidate; settlement rules need review,False
8,1790655328266,META,stocks,rh_lighter,2052,hyperliquid,xyz:META,spot,perp,1000,1.401,999.8937000000001,999.13716,-7.5662042875168645,0.8993190416141235,-8.46552332913075,-11.965523329130747,-13.46552332913075,-18.46552332913075,0.0001,0.001,True,True,True,0,-8.46552332913075,185,USDG,USDC,False,ticker/price-unit candidate; settlement rules need review,False
8,1790655328266,META,stocks,rh_lighter,2052,hyperliquid,xyz:META,spot,perp,10000,14.016,10003.91292,9995.337710000002,-8.571855901359227,0.8992285329688776,-9.471084434328583,-12.971084434328583,-14.471084434328583,-19.47108443432858,0.0001,0.001,True,True,True,0,-9.471084434328583,185,USDG,USDC,False,ticker/price-unit candidate; settlement rules need review,False
8,1790655328266,META,stocks,rh_lighter,2052,hyperliquid,xyz:META,spot,perp,100000,140.16,100256.52634400001,99938.11877000002,-31.759286463554083,0.8971416642182801,-32.65642812777254,-36.15642812777254,-37.65642812777254,-42.65642812777254,0.0001,0.001,True,True,True,0,-32.65642812777254,185,USDG,USDC,False,ticker/price-unit candidate; settlement rules need review,False
8,1790655328082,GOOGL,stocks,rh_lighter,12,rh_lighter,2051,perp,spot,1000,2.9212,1000.0143959999999,998.3785239999999,-16.358484503258275,0.0,-16.35848450325772,-23.352759033681583,-21.35848450325772,-26.35848450325772,0.0001,0.0001,True,True,True,0,-16.35848450325772,771,USDG,USDG,True,ticker/price-unit candidate; settlement rules need review,False
8,1790655328082,GOOGL,stocks,rh_lighter,12,rh_lighter,2051,perp,spot,10000,29.2128,10001.281928000002,9983.854306000001,-17.42538819069828,0.0,-17.42538819069781,-24.419289304831068,-22.42538819069781,-27.42538819069781,0.0001,0.0001,True,True,True,0,-17.42538819069781,771,USDG,USDG,True,ticker/price-unit candidate; settlement rules need review,False
8,1790655328082,GOOGL,stocks,rh_lighter,12,rh_lighter,2051,perp,spot,100000,292.1285,100040.52983999997,99636.54289599997,-40.382327507273445,0.0,-40.38232750727342,-47.368193692645875,-45.38232750727342,-50.38232750727342,0.0001,0.0001,True,True,True,0,-40.38232750727342,771,USDG,USDG,True,ticker/price-unit candidate; settlement rules need review,False
8,1790655328271,GOOGL,stocks,hyperliquid,xyz:GOOGL,rh_lighter,2051,perp,spot,1000,2.924,999.8910399999999,999.33548,-5.5562054041402575,0.9,-6.4562054041398405,-9.95426073224839,-11.45620540413984,-16.45620540413984,0.001,0.0001,True,True,True,0,-6.4562054041398405,189,USDC,USDG,True,ticker/price-unit candidate; settlement rules need review,False
8,1790655328271,GOOGL,stocks,hyperliquid,xyz:GOOGL,rh_lighter,2051,perp,spot,10000,29.244,10000.632990000002,9994.517217999999,-6.115384902254384,0.9,-7.015384902253905,-10.513244517538116,-12.015384902253906,-17.015384902253906,0.001,0.0001,True,True,True,0,-7.015384902253905,189,USDC,USDG,True,ticker/price-unit candidate; settlement rules need review,False
8,1790655328271,GOOGL,stocks,hyperliquid,xyz:GOOGL,rh_lighter,2051,perp,spot,100000,292.44,100023.20386,99742.72701599999,-28.04117776436965,0.9000000000000002,-28.94117776436964,-32.43136335215211,-33.94117776436964,-38.94117776436964,0.001,0.0001,True,True,True,0,-28.94117776436964,189,USDC,USDG,True,ticker/price-unit candidate; settlement rules need review,False
8,1790655328082,GOOGL,stocks,rh_lighter,2051,rh_lighter,12,spot,perp,1000,2.9249,1000.345049,1001.1932700000001,8.479284231455164,0.0,8.479284231456026,1.4763164819750152,3.4792842314560257,-1.5207157685439743,0.0001,0.0001,True,True,True,0,8.479284231456026,771,USDG,USDG,False,ticker/price-unit candidate; settlement rules need review,False
8,1790655328082,GOOGL,stocks,rh_lighter,2051,rh_lighter,12,spot,perp,10000,29.2491,10005.647834999998,10011.539412999999,5.888252412193928,0.0,5.888252412194421,-1.113808476149847,0.8882524121944213,-4.111747587805579,0.0001,0.0001,True,True,True,0,5.888252412194421,771,USDG,USDG,False,ticker/price-unit candidate; settlement rules need review,False
8,1790655328082,GOOGL,stocks,rh_lighter,2051,rh_lighter,12,spot,perp,100000,292.4917,100333.72194999998,100089.91978199997,-24.299125285266456,0.0,-24.299125285265998,-31.290620591416154,-29.299125285265998,-34.299125285266,0.0001,0.0001,True,True,True,0,-24.299125285265998,771,USDG,USDG,False,ticker/price-unit candidate; settlement rules need review,False
8,1790655328271,GOOGL,stocks,rh_lighter,2051,hyperliquid,xyz:GOOGL,spot,perp,1000,2.924,1000.03724,999.82564,-2.1159212030941177,0.8998095670917214,-3.015730770185876,-6.515730770185877,-8.015730770185876,-13.015730770185876,0.0001,0.001,True,True,True,0,-3.015730770185876,189,USDG,USDC,False,ticker/price-unit candidate; settlement rules need review,False
8,1790655328271,GOOGL,stocks,rh_lighter,2051,hyperliquid,xyz:GOOGL,spot,perp,10000,29.249,10005.613613999998,10000.368709999999,-5.241961365228809,0.8995282234771294,-6.141489588705624,-9.641489588705623,-11.141489588705625,-16.141489588705625,0.0001,0.001,True,True,True,0,-6.141489588705624,189,USDG,USDC,False,ticker/price-unit candidate; settlement rules need review,False
8,1790655328271,GOOGL,stocks,rh_lighter,2051,hyperliquid,xyz:GOOGL,spot,perp,100000,292.491,100333.48163999997,99985.09533,-34.722836714666805,0.8968749446956799,-35.61971165936236,-39.11971165936235,-40.61971165936236,-45.61971165936236,0.0001,0.001,True,True,True,0,-35.61971165936236,189,USDG,USDC,False,ticker/price-unit candidate; settlement rules need review,False
8,1790655328192,AMZN,stocks,rh_lighter,11,rh_lighter,2050,perp,spot,1000,4.0625,1000.025,998.5625,-14.624634384140522,0.0,-14.624634384140169,-21.61951576210572,-19.62463438414017,-24.62463438414017,0.0001,0.0001,True,True,True,0,-14.624634384140169,719,USDG,USDG,True,ticker/price-unit candidate; settlement rules need review,False
8,1790655328192,AMZN,stocks,rh_lighter,11,rh_lighter,2050,perp,spot,10000,40.6256,10001.676410999999,9984.555535,-17.118006318590506,0.0,-17.11800631858999,-24.112015016378486,-22.11800631858999,-27.11800631858999,0.0001,0.0001,True,True,True,0,-17.11800631858999,719,USDG,USDG,True,ticker/price-unit candidate; settlement rules need review,False
8,1790655328192,AMZN,stocks,rh_lighter,11,rh_lighter,2050,perp,spot,100000,406.2563,100063.63094,99628.033016,-43.532092520327524,0.0,-43.532092520327794,-50.516856287945686,-48.532092520327794,-53.532092520327794,0.0001,0.0001,True,True,True,0,-43.532092520327794,719,USDG,USDG,True,ticker/price-unit candidate; settlement rules need review,False
8,1790655328418,AMZN,stocks,hyperliquid,xyz:AMZN,rh_lighter,2050,perp,spot,1000,4.065,999.9900000000001,999.1770000000001,-8.130081300813385,0.9,-9.030081300812888,-12.527235772357606,-14.030081300812888,-19.03008130081289,0.001,0.0001,True,True,True,0,-9.030081300812888,226,USDC,USDG,True,ticker/price-unit candidate; settlement rules need review,False
8,1790655328418,AMZN,stocks,hyperliquid,xyz:AMZN,rh_lighter,2050,perp,spot,10000,40.652,10001.51799,9991.043335,-10.47306519917579,0.9,-11.373065199175814,-14.869399626356103,-16.373065199175812,-21.373065199175812,0.001,0.0001,True,True,True,0,-11.373065199175814,226,USDC,USDG,True,ticker/price-unit candidate; settlement rules need review,False
8,1790655328418,AMZN,stocks,hyperliquid,xyz:AMZN,rh_lighter,2050,perp,spot,100000,406.528,100035.12255000001,99694.61310100001,-34.0389895388804,0.9000000000000002,-34.93898953888018,-38.42707589254157,-39.93898953888018,-44.93898953888018,0.001,0.0001,True,True,True,0,-34.93898953888018,226,USDC,USDG,True,ticker/price-unit candidate; settlement rules need review,False
8,1790655328192,AMZN,stocks,rh_lighter,2050,rh_lighter,11,spot,perp,1000,4.0668,1000.3514639999999,1001.0021519999999,6.504593869420816,0.0,6.504593869420871,-0.49768273843342675,1.5045938694208711,-3.495406130579129,0.0001,0.0001,True,True,True,0,6.504593869420871,719,USDG,USDG,False,ticker/price-unit candidate; settlement rules need review,False
8,1790655328192,AMZN,stocks,rh_lighter,2050,rh_lighter,11,spot,perp,10000,40.6685,10004.936706,10010.14459,5.205314289371543,0.0,5.205314289371044,-1.7965075706302351,0.205314289371044,-4.794685710628956,0.0001,0.0001,True,True,True,0,5.205314289371044,719,USDG,USDG,False,ticker/price-unit candidate; settlement rules need review,False
8,1790655328192,AMZN,stocks,rh_lighter,2050,rh_lighter,11,spot,perp,100000,406.6859,100290.746378,100074.93822700004,-21.518251562967492,0.0,-21.51825156296785,-28.510720174920813,-26.51825156296785,-31.51825156296785,0.0001,0.0001,True,True,True,0,-21.51825156296785,719,USDG,USDG,False,ticker/price-unit candidate; settlement rules need review,False
8,1790655328418,AMZN,stocks,rh_lighter,2050,hyperliquid,xyz:AMZN,spot,perp,1000,4.066,1000.1546799999999,1000.11402,-0.40653711683713567,0.8999634116594846,-1.3065005284971412,-4.806500528497141,-6.306500528497141,-11.306500528497141,0.0001,0.001,True,True,True,0,-1.3065005284971412,226,USDG,USDC,False,ticker/price-unit candidate; settlement rules need review,False
8,1790655328418,AMZN,stocks,rh_lighter,2050,hyperliquid,xyz:AMZN,spot,perp,10000,40.668,10004.813676,10002.26904,-2.543411684022834,0.8997710929484382,-3.443182776970825,-6.943182776970826,-8.443182776970826,-13.443182776970826,0.0001,0.001,True,True,True,0,-3.443182776970825,226,USDG,USDC,False,ticker/price-unit candidate; settlement rules need review,False
8,1790655328418,AMZN,stocks,rh_lighter,2050,hyperliquid,xyz:AMZN,spot,perp,100000,406.685,100290.52424,99986.44623999998,-30.31971388167687,0.897271225750649,-31.216985107428048,-34.71698510742805,-36.216985107428044,-41.216985107428044,0.0001,0.001,True,True,True,0,-31.216985107428048,226,USDG,USDC,False,ticker/price-unit candidate; settlement rules need review,False
9,1790655387973,NVDA,stocks,rh_lighter,15,rh_lighter,2054,perp,spot,1000,4.3761,1000.1575620000001,998.932347,-12.250219830863829,0.0,-12.250219830863493,-19.24593225392269,-17.250219830863493,-22.250219830863493,0.0001,0.0001,True,True,True,0,-12.250219830863493,1114,USDG,USDG,True,ticker/price-unit candidate; settlement rules need review,False
9,1790655387973,NVDA,stocks,rh_lighter,15,rh_lighter,2054,perp,spot,10000,43.7617,10001.736442,9988.558724999999,-13.175429163143626,0.0,-13.175429163143795,-20.17081776293669,-18.175429163143797,-23.175429163143797,0.0001,0.0001,True,True,True,0,-13.175429163143795,1114,USDG,USDG,True,ticker/price-unit candidate; settlement rules need review,False
9,1790655387973,NVDA,stocks,rh_lighter,15,rh_lighter,2054,perp,spot,100000,437.6176,100037.77179,99768.34023900003,-26.932982030584142,0.0,-26.93298203058391,-33.923555486873205,-31.93298203058391,-36.932982030583915,0.0001,0.0001,True,True,True,0,-26.93298203058391,1114,USDG,USDG,True,ticker/price-unit candidate; settlement rules need review,False
9,1790655388168,NVDA,stocks,hyperliquid,xyz:NVDA,rh_lighter,2054,perp,spot,1000,4.381,999.83182,1000.0508700000001,2.1908684602589545,0.9,1.290868460259167,-2.2098983437019233,-3.709131539740833,-8.709131539740833,0.001,0.0001,True,True,True,0,1.290868460259167,195,USDC,USDG,True,ticker/price-unit candidate; settlement rules need review,False
9,1790655388168,NVDA,stocks,hyperliquid,xyz:NVDA,rh_lighter,2054,perp,spot,10000,43.818,10000.14396,10001.408637,1.2646587939735277,0.8999999999999999,0.3646587939730313,-3.135783836604859,-4.635341206026968,-9.635341206026968,0.001,0.0001,True,True,True,0,0.3646587939730313,195,USDC,USDG,True,ticker/price-unit candidate; settlement rules need review,False
9,1790655388168,NVDA,stocks,hyperliquid,xyz:NVDA,rh_lighter,2054,perp,spot,100000,438.183,100017.92082000001,99897.17228300002,-12.072690174923517,0.8999999999999999,-12.972690174923814,-16.46846473336259,-17.972690174923812,-22.972690174923812,0.001,0.0001,True,True,True,0,-12.972690174923814,195,USDC,USDG,True,ticker/price-unit candidate; settlement rules need review,False
9,1790655387973,NVDA,stocks,rh_lighter,2054,rh_lighter,15,spot,perp,1000,4.3797,1000.2358859999999,1000.76145,5.25440056047044,0.0,5.254400560469705,-1.7474384797264584,0.25440056046970483,-4.745599439530295,0.0001,0.0001,True,True,True,0,5.254400560469705,1114,USDG,USDG,False,ticker/price-unit candidate; settlement rules need review,False
9,1790655387973,NVDA,stocks,rh_lighter,2054,rh_lighter,15,spot,perp,10000,43.7972,10002.404535999998,10007.652485999999,5.246688414883849,0.0,5.24668841488342,-1.7551479260617888,0.24668841488341986,-4.75331158511658,0.0001,0.0001,True,True,True,0,5.24668841488342,1114,USDG,USDG,False,ticker/price-unit candidate; settlement rules need review,False
9,1790655387973,NVDA,stocks,rh_lighter,2054,rh_lighter,15,spot,perp,100000,437.9721,100189.34110300004,100068.16030500003,-12.095178655325833,0.0,-12.095178655325759,-19.090945342796395,-17.09517865532576,-22.09517865532576,0.0001,0.0001,True,True,True,0,-12.095178655325759,1114,USDG,USDG,False,ticker/price-unit candidate; settlement rules need review,False
9,1790655388168,NVDA,stocks,rh_lighter,2054,hyperliquid,xyz:NVDA,spot,perp,1000,4.379,1000.0760199999999,999.3315899999999,-7.443734127331458,0.8993300639285403,-8.34306419125984,-11.843064191259838,-13.34306419125984,-18.343064191259842,0.0001,0.001,True,True,True,0,-8.34306419125984,195,USDG,USDC,False,ticker/price-unit candidate; settlement rules need review,False
9,1790655388168,NVDA,stocks,rh_lighter,2054,hyperliquid,xyz:NVDA,spot,perp,10000,43.797,10002.358859999998,9994.91337,-7.443734127330348,0.8993300639285404,-8.343064191258426,-11.843064191258428,-13.343064191258426,-18.343064191258428,0.0001,0.001,True,True,True,0,-8.343064191258426,195,USDG,USDC,False,ticker/price-unit candidate; settlement rules need review,False
9,1790655388168,NVDA,stocks,rh_lighter,2054,hyperliquid,xyz:NVDA,spot,perp,100000,437.972,100189.31821000003,99943.09046,-24.576247687794208,0.8977881377080986,-25.474035825502394,-28.974035825502398,-30.474035825502394,-35.4740358255024,0.0001,0.001,True,True,True,0,-25.474035825502394,195,USDG,USDC,False,ticker/price-unit candidate; settlement rules need review,False
9,1790655387971,AAPL,stocks,rh_lighter,10,rh_lighter,2049,perp,spot,1000,2.9613,1000.0902360000001,998.964942,-11.251924671327185,0.0,-11.251924671327028,-18.247986497692068,-16.25192467132703,-21.25192467132703,0.0001,0.0001,True,True,True,0,-11.251924671327028,699,USDG,USDG,True,ticker/price-unit candidate; settlement rules need review,False
9,1790655387971,AAPL,stocks,rh_lighter,10,rh_lighter,2049,perp,spot,10000,29.6133,10001.003676,9987.460514,-13.541802841748884,0.0,-13.541802841749039,-20.537063210754425,-18.54180284174904,-23.54180284174904,0.0001,0.0001,True,True,True,0,-13.541802841749039,699,USDG,USDG,True,ticker/price-unit candidate; settlement rules need review,False
9,1790655387971,AAPL,stocks,rh_lighter,10,rh_lighter,2049,perp,spot,100000,296.1339,100026.49119400003,91324.078337,-870.0108094486513,0.0,-870.010809448651,-876.7063056653441,-875.010809448651,-880.010809448651,0.0001,0.0001,True,True,True,0,-870.010809448651,699,USDG,USDG,True,ticker/price-unit candidate; settlement rules need review,False
9,1790655388161,AAPL,stocks,hyperliquid,xyz:AAPL,rh_lighter,2049,perp,spot,1000,2.963,999.68657,999.53842,-1.4819644921304498,0.8999999999999999,-2.3819644921306375,-5.881445804558392,-7.3819644921306375,-12.381964492130638,0.001,0.0001,True,True,True,0,-2.3819644921306375,190,USDC,USDG,True,ticker/price-unit candidate; settlement rules need review,False
9,1790655388161,AAPL,stocks,hyperliquid,xyz:AAPL,rh_lighter,2049,perp,spot,10000,29.639,10000.28468,9996.11062,-4.173941176244256,0.9,-5.073941176243785,-8.5724802968321,-10.073941176243785,-15.073941176243785,0.001,0.0001,True,True,True,0,-5.073941176243785,190,USDC,USDG,True,ticker/price-unit candidate; settlement rules need review,False
9,1790655388161,AAPL,stocks,hyperliquid,xyz:AAPL,rh_lighter,2049,perp,spot,100000,296.397,100028.24459999999,91324.08623,-870.1700609469654,0.9,-871.0700609469648,-874.2655014256336,-876.0700609469648,-881.0700609469648,0.001,0.0001,True,True,True,0,-871.0700609469648,190,USDC,USDG,True,ticker/price-unit candidate; settlement rules need review,False
9,1790655387971,AAPL,stocks,rh_lighter,2049,rh_lighter,10,spot,perp,1000,2.9619,1000.766772,1000.0855349999999,-6.807150467621481,0.0,-6.807150467621742,-13.804767964958074,-11.807150467621742,-16.807150467621742,0.0001,0.0001,True,True,True,0,-6.807150467621742,699,USDG,USDG,False,ticker/price-unit candidate; settlement rules need review,False
9,1790655387971,AAPL,stocks,rh_lighter,2049,rh_lighter,10,spot,perp,10000,29.6199,10011.414498,10000.957732,-10.44484373520671,0.0,-10.444843735206751,-17.441188039899426,-15.444843735206751,-20.444843735206753,0.0001,0.0001,True,True,True,0,-10.444843735206751,699,USDG,USDG,False,ticker/price-unit candidate; settlement rules need review,False
9,1790655388161,AAPL,stocks,rh_lighter,2049,hyperliquid,xyz:AAPL,spot,perp,1000,2.961,1000.46268,998.98218,-14.798153190481722,0.8986681662128567,-15.696821356694748,-19.196821356694752,-20.69682135669475,-25.69682135669475,0.0001,0.001,True,True,True,0,-15.696821356694748,190,USDG,USDC,False,ticker/price-unit candidate; settlement rules need review,False
9,1790655388161,AAPL,stocks,rh_lighter,2049,hyperliquid,xyz:AAPL,spot,perp,10000,29.619,10011.10938,9992.765730000001,-18.323293956457043,0.8983509035439189,-19.22164486000141,-22.72164486000141,-24.22164486000141,-29.22164486000141,0.0001,0.001,True,True,True,0,-19.22164486000141,190,USDG,USDC,False,ticker/price-unit candidate; settlement rules need review,False
9,1790655387990,TSLA,stocks,rh_lighter,16,rh_lighter,2055,perp,spot,1000,2.801,1000.0970500000001,998.8646100000001,-12.323204033048984,0.0,-12.32320403304856,-19.31889091163699,-17.32320403304856,-22.32320403304856,0.0001,0.0001,True,True,True,0,-12.32320403304856,700,USDG,USDG,True,ticker/price-unit candidate; settlement rules need review,False
9,1790655387990,TSLA,stocks,rh_lighter,16,rh_lighter,2055,perp,spot,10000,28.0108,10001.424218,9987.360775000001,-14.06144034435508,0.0,-14.061440344354661,-21.056518840234137,-19.06144034435466,-24.06144034435466,0.0001,0.0001,True,True,True,0,-14.061440344354661,700,USDG,USDG,True,ticker/price-unit candidate; settlement rules need review,False
9,1790655387990,TSLA,stocks,rh_lighter,16,rh_lighter,2055,perp,spot,100000,280.1081,100036.443373,99769.34027599997,-26.700579108365208,0.0,-26.70057910836521,-33.69123390567729,-31.70057910836521,-36.70057910836521,0.0001,0.0001,True,True,True,0,-26.70057910836521,700,USDG,USDG,True,ticker/price-unit candidate; settlement rules need review,False
9,1790655388173,TSLA,stocks,hyperliquid,xyz:TSLA,rh_lighter,2055,perp,spot,1000,2.802,999.7536,999.22122,-5.325112107623653,0.8999999999999999,-6.22511210762321,-9.72324831838554,-11.225112107623211,-16.22511210762321,0.001,0.0001,True,True,True,0,-6.22511210762321,183,USDC,USDG,True,ticker/price-unit candidate; settlement rules need review,False
9,1790655388173,TSLA,stocks,hyperliquid,xyz:TSLA,rh_lighter,2055,perp,spot,10000,28.028,10000.8648,9993.492231,-7.371931475365079,0.8999999999999999,-8.271931475365212,-11.769351299348836,-13.271931475365212,-18.271931475365214,0.001,0.0001,True,True,True,0,-8.271931475365212,183,USDC,USDG,True,ticker/price-unit candidate; settlement rules need review,False
9,1790655388173,TSLA,stocks,hyperliquid,xyz:TSLA,rh_lighter,2055,perp,spot,100000,280.28,100022.77891999998,99830.54011399997,-19.219502604878038,0.9,-20.11950260487809,-23.612775778966384,-25.11950260487809,-30.11950260487809,0.001,0.0001,True,True,True,0,-20.11950260487809,183,USDC,USDG,True,ticker/price-unit candidate; settlement rules need review,False
9,1790655387990,TSLA,stocks,rh_lighter,2055,rh_lighter,16,spot,perp,1000,2.804,1000.0465999999999,1000.9158399999999,8.691994953036186,0.0,8.691994953035097,1.6889527548015344,3.6919949530350973,-1.3080050469649027,0.0001,0.0001,True,True,True,0,8.691994953035097,700,USDG,USDG,False,ticker/price-unit candidate; settlement rules need review,False
9,1790655387990,TSLA,stocks,rh_lighter,2055,rh_lighter,16,spot,perp,10000,28.0402,10000.53733,10008.923802,8.386021393913534,0.0,8.386021393912582,1.3830862864247124,3.386021393912582,-1.613978606087418,0.0001,0.0001,True,True,True,0,8.386021393912582,700,USDG,USDG,False,ticker/price-unit candidate; settlement rules need review,False
9,1790655387990,TSLA,stocks,rh_lighter,2055,rh_lighter,16,spot,perp,100000,280.4026,100189.671528,100065.665981,-12.377078905319028,0.0,-12.377078905319307,-19.372746927702448,-17.37707890531931,-22.37707890531931,0.0001,0.0001,True,True,True,0,-12.377078905319307,700,USDG,USDG,False,ticker/price-unit candidate; settlement rules need review,False
9,1790655388173,TSLA,stocks,rh_lighter,2055,hyperliquid,xyz:TSLA,spot,perp,1000,2.804,1000.0465999999999,1000.3830799999998,3.3646432076261945,0.9003028178886864,2.464340389737216,-1.0356596102627849,-2.535659610262784,-7.535659610262784,0.0001,0.001,True,True,True,0,2.464340389737216,183,USDG,USDC,False,ticker/price-unit candidate; settlement rules need review,False
9,1790655388173,TSLA,stocks,rh_lighter,2055,hyperliquid,xyz:TSLA,spot,perp,10000,28.04,10000.465999999999,10003.517469999999,3.0513278081234496,0.9002746195027315,2.1510531886217463,-1.3489468113782535,-2.8489468113782537,-7.848946811378253,0.0001,0.001,True,True,True,0,2.1510531886217463,183,USDG,USDC,False,ticker/price-unit candidate; settlement rules need review,False
9,1790655388173,TSLA,stocks,rh_lighter,2055,hyperliquid,xyz:TSLA,spot,perp,100000,280.402,100189.456926,100014.4475,-17.467848551097063,0.8984278936304013,-18.366276444727575,-21.86627644472757,-23.366276444727575,-28.366276444727575,0.0001,0.001,True,True,True,0,-18.366276444727575,183,USDG,USDC,False,ticker/price-unit candidate; settlement rules need review,False
9,1790655387992,META,stocks,rh_lighter,13,rh_lighter,2052,perp,spot,1000,1.4011,1000.0351250000001,999.320564,-7.145359019266051,0.0,-7.145359019265618,-14.142858143608874,-12.145359019265618,-17.14535901926562,0.0001,0.0001,True,True,True,0,-7.145359019265618,716,USDG,USDG,True,ticker/price-unit candidate; settlement rules need review,False
9,1790655387992,META,stocks,rh_lighter,13,rh_lighter,2052,perp,spot,10000,14.0119,10001.535574,9992.206389,-9.327752654553212,0.0,-9.327752654553212,-16.32448794112412,-14.327752654553212,-19.327752654553212,0.0001,0.0001,True,True,True,0,-9.327752654553212,716,USDG,USDG,True,ticker/price-unit candidate; settlement rules need review,False
9,1790655387992,META,stocks,rh_lighter,13,rh_lighter,2052,perp,spot,100000,140.1198,100034.605745,99671.05711599998,-36.34228638104919,0.0,-36.34228638104898,-43.329566580815616,-41.34228638104898,-46.34228638104898,0.0001,0.0001,True,True,True,0,-36.34228638104898,716,USDG,USDG,True,ticker/price-unit candidate; settlement rules need review,False
9,1790655388176,META,stocks,hyperliquid,xyz:META,rh_lighter,2052,perp,spot,1000,1.402,999.47178,999.9624799999999,4.909593345396868,0.9,4.009593345396376,0.5078749877254878,-0.9904066546036239,-5.990406654603624,0.001,0.0001,True,True,True,0,4.009593345396376,184,USDC,USDG,True,ticker/price-unit candidate; settlement rules need review,False
9,1790655388176,META,stocks,hyperliquid,xyz:META,rh_lighter,2052,perp,spot,10000,14.027,9999.97334,10002.97133,2.9979979926619826,0.9,2.0979979926624934,-1.4030513066349386,-2.9020020073375066,-7.902002007337506,0.001,0.0001,True,True,True,0,2.0979979926624934,184,USDC,USDG,True,ticker/price-unit candidate; settlement rules need review,False
9,1790655388176,META,stocks,hyperliquid,xyz:META,rh_lighter,2052,perp,spot,100000,140.277,100020.22223999997,99782.77286799999,-23.740136412636616,0.8999999999999999,-24.640136412637137,-28.13182736489271,-29.640136412637137,-34.64013641263713,0.001,0.0001,True,True,True,0,-24.640136412637137,184,USDC,USDG,True,ticker/price-unit candidate; settlement rules need review,False
9,1790655387992,META,stocks,rh_lighter,2052,rh_lighter,13,spot,perp,1000,1.4016,1000.2938879999999,1000.171948,-1.2190417382607066,0.0,-1.21904173826044,-8.21861507365205,-6.21904173826044,-11.21904173826044,0.0001,0.0001,True,True,True,0,-1.21904173826044,716,USDG,USDG,False,ticker/price-unit candidate; settlement rules need review,False
9,1790655387992,META,stocks,rh_lighter,2052,rh_lighter,13,spot,perp,10000,14.0162,10003.253476,10001.584082000001,-1.6688510433171544,0.0,-1.6688510433169461,-8.668266945451785,-6.668851043316947,-11.668851043316947,0.0001,0.0001,True,True,True,0,-1.6688510433169461,716,USDG,USDG,False,ticker/price-unit candidate; settlement rules need review,False
9,1790655387992,META,stocks,rh_lighter,2052,rh_lighter,13,spot,perp,100000,140.162,100238.21743600004,100000.54003100001,-23.71125615355019,0.0,-23.711256153550014,-30.702957213896276,-28.711256153550014,-33.71125615355001,0.0001,0.0001,True,True,True,0,-23.711256153550014,716,USDG,USDG,False,ticker/price-unit candidate; settlement rules need review,False
9,1790655388176,META,stocks,rh_lighter,2052,hyperliquid,xyz:META,spot,perp,1000,1.401,999.86568,998.7137,-11.521347547401861,0.8989630787207339,-12.420310626123106,-15.920310626123104,-17.420310626123104,-22.420310626123104,0.0001,0.001,True,True,True,0,-12.420310626123106,184,USDG,USDC,False,ticker/price-unit candidate; settlement rules need review,False
9,1790655388176,META,stocks,rh_lighter,2052,hyperliquid,xyz:META,spot,perp,10000,14.016,10003.110736,9991.10719,-11.999813174916607,0.8989200168142575,-12.898733191730523,-16.39873319173052,-17.89873319173052,-22.89873319173052,0.0001,0.001,True,True,True,0,-12.898733191730523,184,USDG,USDC,False,ticker/price-unit candidate; settlement rules need review,False
9,1790655388176,META,stocks,rh_lighter,2052,hyperliquid,xyz:META,spot,perp,100000,140.162,100238.21743600004,99901.71728000003,-33.57004589739976,0.8969786958692341,-34.46702459326933,-37.96702459326933,-39.46702459326933,-44.46702459326933,0.0001,0.001,True,True,True,0,-34.46702459326933,184,USDG,USDC,False,ticker/price-unit candidate; settlement rules need review,False
9,1790655388188,GOOGL,stocks,rh_lighter,12,rh_lighter,2051,perp,spot,1000,2.9213,1000.048629,998.412701,-16.358484503257166,0.0,-16.358484503257444,-23.352759033681302,-21.358484503257444,-26.358484503257444,0.0001,0.0001,True,True,True,0,-16.358484503257444,895,USDG,USDG,True,ticker/price-unit candidate; settlement rules need review,False
9,1790655388188,GOOGL,stocks,rh_lighter,12,rh_lighter,2051,perp,spot,10000,29.2137,10001.923786,9984.16189,-17.758479648547485,0.0,-17.758479648547063,-24.752264180670075,-22.758479648547063,-27.758479648547063,0.0001,0.0001,True,True,True,0,-17.758479648547063,895,USDG,USDG,True,ticker/price-unit candidate; settlement rules need review,False
9,1790655388188,GOOGL,stocks,rh_lighter,12,rh_lighter,2051,perp,spot,100000,292.1371,100042.77721299995,99639.47446399997,-40.31303010924137,0.0,-40.31303010924148,-47.29892054870324,-45.31303010924148,-50.31303010924148,0.0001,0.0001,True,True,True,0,-40.31303010924148,895,USDG,USDG,True,ticker/price-unit candidate; settlement rules need review,False
9,1790655388379,GOOGL,stocks,hyperliquid,xyz:GOOGL,rh_lighter,2051,perp,spot,1000,2.924,999.86217,999.33548,-5.267626036896678,0.9,-6.16762603689697,-9.665782367784058,-11.16762603689697,-16.16762603689697,0.001,0.0001,True,True,True,0,-6.16762603689697,191,USDC,USDG,True,ticker/price-unit candidate; settlement rules need review,False
9,1790655388379,GOOGL,stocks,hyperliquid,xyz:GOOGL,rh_lighter,2051,perp,spot,10000,29.244,10000.38032,9994.517217999999,-5.862879022986434,0.8999999999999999,-6.76287902298616,-10.260827015328115,-11.76287902298616,-16.762879022986162,0.001,0.0001,True,True,True,0,-6.76287902298616,191,USDC,USDG,True,ticker/price-unit candidate; settlement rules need review,False
9,1790655388379,GOOGL,stocks,hyperliquid,xyz:GOOGL,rh_lighter,2051,perp,spot,100000,292.448,100026.87130999999,99745.45405599996,-28.134165381207275,0.9,-29.034165381207412,-32.52431842332399,-34.034165381207416,-39.034165381207416,0.001,0.0001,True,True,True,0,-29.034165381207412,191,USDC,USDG,True,ticker/price-unit candidate; settlement rules need review,False
9,1790655388188,GOOGL,stocks,rh_lighter,2051,rh_lighter,12,spot,perp,1000,2.9249,1000.345049,1001.117209,7.718936588649861,0.0,7.7189365886488766,0.7162349608428493,2.7189365886488766,-2.2810634113511234,0.0001,0.0001,True,True,True,0,7.7189365886488766,895,USDG,USDG,False,ticker/price-unit candidate; settlement rules need review,False
9,1790655388188,GOOGL,stocks,rh_lighter,2051,rh_lighter,12,spot,perp,10000,29.2491,10005.647834999998,10010.883892,5.23310143065947,0.0,5.233101430660031,-1.7687301548407008,0.23310143066003075,-4.766898569339969,0.0001,0.0001,True,True,True,0,5.233101430660031,895,USDG,USDG,False,ticker/price-unit candidate; settlement rules need review,False
9,1790655388188,GOOGL,stocks,rh_lighter,2051,rh_lighter,12,spot,perp,100000,292.4917,100333.72194999998,100086.14521599996,-24.675326419505428,0.0,-24.675326419505623,-31.666690055258798,-29.675326419505623,-34.67532641950562,0.0001,0.0001,True,True,True,0,-24.675326419505623,895,USDG,USDG,False,ticker/price-unit candidate; settlement rules need review,False
9,1790655388379,GOOGL,stocks,rh_lighter,2051,hyperliquid,xyz:GOOGL,spot,perp,1000,2.924,1000.03724,999.80332,-2.33911289143629,0.8997894798397709,-3.2389023712758127,-6.738902371275812,-8.238902371275813,-13.238902371275813,0.0001,0.001,True,True,True,0,-3.2389023712758127,191,USDG,USDC,False,ticker/price-unit candidate; settlement rules need review,False
9,1790655388379,GOOGL,stocks,rh_lighter,2051,hyperliquid,xyz:GOOGL,spot,perp,10000,29.249,10005.613613999998,10000.716219999998,-4.894646334481223,0.8995594818298969,-5.794205816310692,-9.29420581631069,-10.794205816310692,-15.794205816310692,0.0001,0.001,True,True,True,0,-5.794205816310692,191,USDG,USDC,False,ticker/price-unit candidate; settlement rules need review,False
9,1790655388379,GOOGL,stocks,rh_lighter,2051,hyperliquid,xyz:GOOGL,spot,perp,100000,292.491,100333.48163999997,99985.79083,-34.65351788025206,0.8968811833907773,-35.55039906364313,-39.05039906364313,-40.55039906364313,-45.55039906364313,0.0001,0.001,True,True,True,0,-35.55039906364313,191,USDG,USDC,False,ticker/price-unit candidate; settlement rules need review,False
9,1790655388205,AMZN,stocks,rh_lighter,11,rh_lighter,2050,perp,spot,1000,4.0625,1000.025,998.5625,-14.624634384140522,0.0,-14.624634384140169,-21.61951576210572,-19.62463438414017,-24.62463438414017,0.0001,0.0001,True,True,True,0,-14.624634384140169,927,USDG,USDG,True,ticker/price-unit candidate; settlement rules need review,False
9,1790655388205,AMZN,stocks,rh_lighter,11,rh_lighter,2050,perp,spot,10000,40.6256,10001.111951999997,9984.555535,-16.554576210585648,0.0,-16.554576210585317,-23.548782108911613,-21.554576210585317,-26.554576210585317,0.0001,0.0001,True,True,True,0,-16.554576210585317,927,USDG,USDG,True,ticker/price-unit candidate; settlement rules need review,False
9,1790655388205,AMZN,stocks,rh_lighter,11,rh_lighter,2050,perp,spot,100000,406.2563,100051.48002100004,99628.033016,-42.32291265568122,0.0,-42.32291265568085,-49.308099636251356,-47.32291265568085,-52.32291265568085,0.0001,0.0001,True,True,True,0,-42.32291265568085,927,USDG,USDG,True,ticker/price-unit candidate; settlement rules need review,False
9,1790655388396,AMZN,stocks,hyperliquid,xyz:AMZN,rh_lighter,2050,perp,spot,1000,4.065,999.9520100000002,999.1770000000001,-7.750471945149329,0.9,-8.650471945149302,-12.1477592799685,-13.650471945149302,-18.650471945149302,0.001,0.0001,True,True,True,0,-8.650471945149302,191,USDC,USDG,True,ticker/price-unit candidate; settlement rules need review,False
9,1790655388396,AMZN,stocks,hyperliquid,xyz:AMZN,rh_lighter,2050,perp,spot,10000,40.654,10001.333760000001,9991.534835,-9.79761823287184,0.9,-10.697618232871536,-14.194189066490031,-15.697618232871536,-20.697618232871534,0.001,0.0001,True,True,True,0,-10.697618232871536,191,USDC,USDG,True,ticker/price-unit candidate; settlement rules need review,False
9,1790655388396,AMZN,stocks,hyperliquid,xyz:AMZN,rh_lighter,2050,perp,spot,100000,406.545,100037.41328000004,99698.778951,-33.85076821730837,0.8999999999999999,-34.75076821730838,-38.23892044843231,-39.75076821730838,-44.75076821730838,0.001,0.0001,True,True,True,0,-34.75076821730838,191,USDC,USDG,True,ticker/price-unit candidate; settlement rules need review,False
9,1790655388205,AMZN,stocks,rh_lighter,2050,rh_lighter,11,spot,perp,1000,4.0668,1000.3514639999999,1001.0021519999999,6.504593869420816,0.0,6.504593869420871,-0.49768273843342675,1.5045938694208711,-3.495406130579129,0.0001,0.0001,True,True,True,0,6.504593869420871,927,USDG,USDG,False,ticker/price-unit candidate; settlement rules need review,False
9,1790655388205,AMZN,stocks,rh_lighter,2050,rh_lighter,11,spot,perp,10000,40.6685,10004.936706,10010.14459,5.205314289371543,0.0,5.205314289371044,-1.7965075706302351,0.205314289371044,-4.794685710628956,0.0001,0.0001,True,True,True,0,5.205314289371044,927,USDG,USDG,False,ticker/price-unit candidate; settlement rules need review,False
9,1790655388205,AMZN,stocks,rh_lighter,2050,rh_lighter,11,spot,perp,100000,406.6859,100290.746378,100073.74978700002,-21.636751030060797,0.0,-21.636751030060594,-28.62917816720007,-26.636751030060594,-31.636751030060594,0.0001,0.0001,True,True,True,0,-21.636751030060594,927,USDG,USDG,False,ticker/price-unit candidate; settlement rules need review,False
9,1790655388396,AMZN,stocks,rh_lighter,2050,hyperliquid,xyz:AMZN,spot,perp,1000,4.066,1000.1546799999999,1000.07336,-0.8130742336764918,0.899926823318969,-1.7130010569954188,-5.213001056995419,-6.713001056995418,-11.713001056995418,0.0001,0.001,True,True,True,0,-1.7130010569954188,191,USDG,USDC,False,ticker/price-unit candidate; settlement rules need review,False
9,1790655388396,AMZN,stocks,rh_lighter,2050,hyperliquid,xyz:AMZN,spot,perp,10000,40.668,10004.813676,10001.908850000002,-2.9034283836448793,0.8997386914454719,-3.803167075090803,-7.303167075090802,-8.803167075090803,-13.803167075090803,0.0001,0.001,True,True,True,0,-3.803167075090803,191,USDG,USDC,False,ticker/price-unit candidate; settlement rules need review,False
9,1790655388396,AMZN,stocks,rh_lighter,2050,hyperliquid,xyz:AMZN,spot,perp,100000,406.685,100290.52424,99988.65299,-30.099678138844066,0.897291028967504,-30.996969167811834,-34.49696916781183,-35.996969167811834,-40.996969167811834,0.0001,0.001,True,True,True,0,-30.996969167811834,191,USDG,USDC,False,ticker/price-unit candidate; settlement rules need review,False
10,1790655448143,NVDA,stocks,rh_lighter,15,rh_lighter,2054,perp,spot,1000,4.3742,1000.117088,998.84857,-12.683694891532094,0.0,-12.683694891532259,-19.67925559832022,-17.68369489153226,-22.68369489153226,0.0001,0.0001,True,True,True,0,-12.683694891532259,1248,USDG,USDG,True,ticker/price-unit candidate; settlement rules need review,False
10,1790655448143,NVDA,stocks,rh_lighter,15,rh_lighter,2054,perp,spot,10000,43.7426,10001.308064,9986.67657,-14.629580357261585,0.0,-14.629580357261066,-21.624460004136026,-19.629580357261066,-24.629580357261066,0.0001,0.0001,True,True,True,0,-14.629580357261066,1248,USDG,USDG,True,ticker/price-unit candidate; settlement rules need review,False
10,1790655448143,NVDA,stocks,rh_lighter,15,rh_lighter,2054,perp,spot,100000,437.4261,100033.62071,99737.28993000003,-29.62311849723509,0.0,-29.623118497234564,-36.612750405760536,-34.623118497234564,-39.623118497234564,0.0001,0.0001,True,True,True,0,-29.623118497234564,1248,USDG,USDG,True,ticker/price-unit candidate; settlement rules need review,False
10,1790655448337,NVDA,stocks,hyperliquid,xyz:NVDA,rh_lighter,2054,perp,spot,1000,4.38,1000.0415999999999,1000.173,1.3139453398758327,0.9,0.41394533987484894,-3.0865145409941075,-4.586054660125151,-9.586054660125152,0.001,0.0001,True,True,True,0,0.41394533987484894,194,USDC,USDG,True,ticker/price-unit candidate; settlement rules need review,False
10,1790655448337,NVDA,stocks,hyperliquid,xyz:NVDA,rh_lighter,2054,perp,spot,10000,43.8,10000.47847,9999.779267999998,-0.6991685468837883,0.8999999999999999,-1.5991685468841428,-5.098923837892733,-6.599168546884143,-11.599168546884142,0.001,0.0001,True,True,True,0,-1.5991685468841428,194,USDC,USDG,True,ticker/price-unit candidate; settlement rules need review,False
10,1790655448337,NVDA,stocks,hyperliquid,xyz:NVDA,rh_lighter,2054,perp,spot,100000,438.0,100013.07915,99868.05878400002,-14.500140104923842,0.9,-15.400140104923715,-18.895065055886988,-20.400140104923715,-25.400140104923715,0.001,0.0001,True,True,True,0,-15.400140104923715,194,USDC,USDG,True,ticker/price-unit candidate; settlement rules need review,False
10,1790655448143,NVDA,stocks,rh_lighter,2054,rh_lighter,15,spot,perp,1000,4.3784,1000.157912,1000.8146720000001,6.566563060894648,0.0,6.566563060894694,-0.43573523617661875,1.566563060894694,-3.433436939105306,0.0001,0.0001,True,True,True,0,6.566563060894694,1248,USDG,USDG,False,ticker/price-unit candidate; settlement rules need review,False
10,1790655448143,NVDA,stocks,rh_lighter,2054,rh_lighter,15,spot,perp,10000,43.7847,10001.739021000001,10008.306726,6.5665630608924275,0.0,6.566563060893405,-0.435735236177908,1.5665630608934054,-3.4334369391065946,0.0001,0.0001,True,True,True,0,6.566563060893405,1248,USDG,USDG,False,ticker/price-unit candidate; settlement rules need review,False
10,1790655448143,NVDA,stocks,rh_lighter,2054,rh_lighter,15,spot,perp,100000,437.8475,100171.09093600004,100074.94809,-9.597863525461214,0.0,-9.597863525461438,-16.59450427322753,-14.597863525461438,-19.597863525461438,0.0001,0.0001,True,True,True,0,-9.597863525461438,1248,USDG,USDG,False,ticker/price-unit candidate; settlement rules need review,False
10,1790655448337,NVDA,stocks,rh_lighter,2054,hyperliquid,xyz:NVDA,spot,perp,1000,4.378,1000.06654,999.4974000000001,-5.691021319440548,0.8994878080812503,-6.59050912752213,-10.09050912752213,-11.590509127522129,-16.59050912752213,0.0001,0.001,True,True,True,0,-6.59050912752213,194,USDG,USDC,False,ticker/price-unit candidate; settlement rules need review,False
10,1790655448337,NVDA,stocks,rh_lighter,2054,hyperliquid,xyz:NVDA,spot,perp,10000,43.784,10001.57912,9995.67981,-5.898378575243113,0.8994691459282281,-6.797847721171351,-10.297847721171351,-11.797847721171351,-16.79784772117135,0.0001,0.001,True,True,True,0,-6.797847721171351,194,USDG,USDC,False,ticker/price-unit candidate; settlement rules need review,False
10,1790655448337,NVDA,stocks,rh_lighter,2054,hyperliquid,xyz:NVDA,spot,perp,100000,437.847,100170.97647100003,99944.29272,-22.6296836654738,0.8979633284701075,-23.527646993943733,-27.027646993943733,-28.527646993943733,-33.52764699394373,0.0001,0.001,True,True,True,0,-23.527646993943733,194,USDG,USDC,False,ticker/price-unit candidate; settlement rules need review,False
10,1790655448133,AAPL,stocks,rh_lighter,10,rh_lighter,2049,perp,spot,1000,2.9614,1000.0943939999999,998.9986759999998,-10.956145805572914,0.0,-10.956145805573167,-17.952311154541214,-15.956145805573167,-20.956145805573165,0.0001,0.0001,True,True,True,0,-10.956145805573167,851,USDG,USDG,True,ticker/price-unit candidate; settlement rules need review,False
10,1790655448133,AAPL,stocks,rh_lighter,10,rh_lighter,2049,perp,spot,10000,29.6147,10001.891507999999,9987.931725999999,-13.957141995425415,0.0,-13.957141995425758,-20.95225699572736,-18.957141995425758,-23.957141995425758,0.0001,0.0001,True,True,True,0,-13.957141995425758,851,USDG,USDG,True,ticker/price-unit candidate; settlement rules need review,False
10,1790655448133,AAPL,stocks,rh_lighter,10,rh_lighter,2049,perp,spot,100000,296.1471,100030.10195600001,91324.078733,-870.3403328359605,0.0,-870.3403328359605,-877.0357137194677,-875.3403328359605,-880.3403328359605,0.0001,0.0001,True,True,True,0,-870.3403328359605,851,USDG,USDG,True,ticker/price-unit candidate; settlement rules need review,False
10,1790655448334,AAPL,stocks,hyperliquid,xyz:AAPL,rh_lighter,2049,perp,spot,1000,2.963,999.8050900000001,999.53842,-2.6672198678256986,0.9,-3.567219867825339,-7.066286340871599,-8.567219867825338,-13.567219867825338,0.001,0.0001,True,True,True,0,-3.567219867825339,201,USDC,USDG,True,ticker/price-unit candidate; settlement rules need review,False
10,1790655448334,AAPL,stocks,hyperliquid,xyz:AAPL,rh_lighter,2049,perp,spot,10000,29.636,10000.340129999999,9995.10088,-5.239071803448958,0.9,-6.13907180344947,-9.637238128318263,-11.13907180344947,-16.13907180344947,0.001,0.0001,True,True,True,0,-6.13907180344947,201,USDC,USDG,True,ticker/price-unit candidate; settlement rules need review,False
10,1790655448334,AAPL,stocks,hyperliquid,xyz:AAPL,rh_lighter,2049,perp,spot,100000,296.366,100024.15989999998,91324.0853,-869.797317837806,0.9,-870.6973178378057,-873.8928887765624,-875.6973178378057,-880.6973178378057,0.001,0.0001,True,True,True,0,-870.6973178378057,201,USDC,USDG,True,ticker/price-unit candidate; settlement rules need review,False
10,1790655448133,AAPL,stocks,rh_lighter,2049,rh_lighter,10,spot,perp,1000,2.9619,1000.766772,1000.026297,-7.399076595240306,0.0,-7.399076595240381,-14.396486918432046,-12.39907659524038,-17.39907659524038,0.0001,0.0001,True,True,True,0,-7.399076595240381,851,USDG,USDG,False,ticker/price-unit candidate; settlement rules need review,False
10,1790655448133,AAPL,stocks,rh_lighter,2049,rh_lighter,10,spot,perp,10000,29.6199,10011.414498,10000.448324,-10.953670934501503,0.0,-10.953670934501776,-17.949837149674696,-15.953670934501776,-20.953670934501776,0.0001,0.0001,True,True,True,0,-10.953670934501776,851,USDG,USDG,False,ticker/price-unit candidate; settlement rules need review,False
10,1790655448334,AAPL,stocks,rh_lighter,2049,hyperliquid,xyz:AAPL,spot,perp,1000,2.961,1000.46268,999.07101,-13.91026399905293,0.8987480762400852,-14.809012075292769,-18.309012075292767,-19.80901207529277,-24.80901207529277,0.0001,0.001,True,True,True,0,-14.809012075292769,201,USDG,USDC,False,ticker/price-unit candidate; settlement rules need review,False
10,1790655448334,AAPL,stocks,rh_lighter,2049,hyperliquid,xyz:AAPL,spot,perp,10000,29.619,10011.10938,9993.22114,-17.86838932729795,0.8983918449605431,-18.766781172258277,-22.266781172258277,-23.766781172258277,-28.766781172258277,0.0001,0.001,True,True,True,0,-18.766781172258277,201,USDG,USDC,False,ticker/price-unit candidate; settlement rules need review,False
10,1790655448148,TSLA,stocks,rh_lighter,16,rh_lighter,2055,perp,spot,1000,2.8009,1000.124718,998.828949,-12.956074144345742,0.0,-12.956074144345504,-19.95153951839498,-17.956074144345504,-22.956074144345504,0.0001,0.0001,True,True,True,0,-12.956074144345504,860,USDG,USDG,True,ticker/price-unit candidate; settlement rules need review,False
10,1790655448148,TSLA,stocks,rh_lighter,16,rh_lighter,2055,perp,spot,10000,28.0092,10001.756565,9986.790407,-14.963529558769118,0.0,-14.963529558769327,-21.95829232342376,-19.963529558769327,-24.963529558769327,0.0001,0.0001,True,True,True,0,-14.963529558769327,860,USDG,USDG,True,ticker/price-unit candidate; settlement rules need review,False
10,1790655448148,TSLA,stocks,rh_lighter,16,rh_lighter,2055,perp,spot,100000,280.0924,100039.11377499999,99763.75076199998,-27.525535024164327,0.0,-27.52553502416403,-34.51590108690557,-32.52553502416403,-37.52553502416403,0.0001,0.0001,True,True,True,0,-27.52553502416403,860,USDG,USDG,True,ticker/price-unit candidate; settlement rules need review,False
10,1790655448328,TSLA,stocks,hyperliquid,xyz:TSLA,rh_lighter,2055,perp,spot,1000,2.802,999.80162,999.22122,-5.805151625979388,0.9,-6.705151625978967,-10.203119822909873,-11.705151625978967,-16.705151625978967,0.001,0.0001,True,True,True,0,-6.705151625978967,180,USDC,USDG,True,ticker/price-unit candidate; settlement rules need review,False
10,1790655448328,TSLA,stocks,hyperliquid,xyz:TSLA,rh_lighter,2055,perp,spot,10000,28.026,10000.69473,9992.779271,-7.914909127517689,0.9,-8.814909127518012,-12.312138909323382,-13.814909127518012,-18.814909127518014,0.001,0.0001,True,True,True,0,-8.814909127518012,180,USDC,USDG,True,ticker/price-unit candidate; settlement rules need review,False
10,1790655448328,TSLA,stocks,hyperliquid,xyz:TSLA,rh_lighter,2055,perp,spot,100000,280.269,100021.77753000002,99826.62389399999,-19.511114561175937,0.9,-20.411114561176284,-23.904285671079872,-25.411114561176284,-30.411114561176284,0.001,0.0001,True,True,True,0,-20.411114561176284,180,USDC,USDG,True,ticker/price-unit candidate; settlement rules need review,False
10,1790655448148,TSLA,stocks,rh_lighter,2055,rh_lighter,16,spot,perp,1000,2.8034,1000.25312,1000.785766,5.325112107623653,0.0,5.325112107623315,-1.676751681614352,0.32511210762331544,-4.674887892376685,0.0001,0.0001,True,True,True,0,5.325112107623315,860,USDG,USDG,False,ticker/price-unit candidate; settlement rules need review,False
10,1790655448148,TSLA,stocks,rh_lighter,2055,rh_lighter,16,spot,perp,10000,28.0343,10002.63824,10007.699691000002,5.0601160199525985,0.0,5.06011601995255,-1.941655020654433,0.06011601995254967,-4.93988398004745,0.0001,0.0001,True,True,True,0,5.06011601995255,860,USDG,USDG,False,ticker/price-unit candidate; settlement rules need review,False
10,1790655448148,TSLA,stocks,rh_lighter,2055,rh_lighter,16,spot,perp,100000,280.3437,100176.149765,100048.61825800002,-12.730725556846512,0.0,-12.730725556846608,-19.726269802901708,-17.730725556846608,-22.730725556846608,0.0001,0.0001,True,True,True,0,-12.730725556846608,860,USDG,USDG,False,ticker/price-unit candidate; settlement rules need review,False
10,1790655448328,TSLA,stocks,rh_lighter,2055,hyperliquid,xyz:TSLA,spot,perp,1000,2.803,1000.1104,1000.0823700000001,-0.2802690582959233,0.8999747757847534,-1.1802438340801602,-4.68024383408016,-6.18024383408016,-11.18024383408016,0.0001,0.001,True,True,True,0,-1.1802438340801602,180,USDG,USDC,False,ticker/price-unit candidate; settlement rules need review,False
10,1790655448328,TSLA,stocks,rh_lighter,2055,hyperliquid,xyz:TSLA,spot,perp,10000,28.034,10002.5312,10001.83034,-0.700682643208772,0.8999369385621114,-1.6006195817704736,-5.100619581770474,-6.600619581770474,-11.600619581770474,0.0001,0.001,True,True,True,0,-1.6006195817704736,180,USDG,USDC,False,ticker/price-unit candidate; settlement rules need review,False
10,1790655448328,TSLA,stocks,rh_lighter,2055,hyperliquid,xyz:TSLA,spot,perp,100000,280.343,100175.899396,99997.25093999998,-17.833476622336477,0.8983949871039898,-18.73187160944049,-22.23187160944049,-23.73187160944049,-28.73187160944049,0.0001,0.001,True,True,True,0,-18.73187160944049,180,USDG,USDC,False,ticker/price-unit candidate; settlement rules need review,False
10,1790655448181,META,stocks,rh_lighter,13,rh_lighter,2052,perp,spot,1000,1.4011,1000.124149,999.320564,-8.034852481099142,0.0,-8.034852481099307,-15.032040282730922,-13.034852481099307,-18.034852481099307,0.0001,0.0001,True,True,True,0,-8.034852481099307,867,USDG,USDG,True,ticker/price-unit candidate; settlement rules need review,False
10,1790655448181,META,stocks,rh_lighter,13,rh_lighter,2052,perp,spot,10000,14.0112,10001.675944999999,9991.707352000001,-9.966922598588779,0.0,-9.966922598588335,-16.963434175678827,-14.966922598588335,-19.966922598588333,0.0001,0.0001,True,True,True,0,-9.966922598588335,867,USDG,USDG,True,ticker/price-unit candidate; settlement rules need review,False
10,1790655448181,META,stocks,rh_lighter,13,rh_lighter,2052,perp,spot,100000,140.1129,100037.373948,99666.15356199999,-37.10816981191134,0.0,-37.108169811910834,-44.095181952476665,-42.108169811910834,-47.108169811910834,0.0001,0.0001,True,True,True,0,-37.108169811910834,867,USDG,USDG,True,ticker/price-unit candidate; settlement rules need review,False
10,1790655448368,META,stocks,hyperliquid,xyz:META,rh_lighter,2052,perp,spot,1000,1.402,999.5559,999.9624799999999,4.067606424011938,0.9,3.1676064240125306,-0.33381723823587367,-1.8323935759874694,-6.832393575987469,0.001,0.0001,True,True,True,0,3.1676064240125306,187,USDC,USDG,True,ticker/price-unit candidate; settlement rules need review,False
10,1790655448368,META,stocks,hyperliquid,xyz:META,rh_lighter,2052,perp,spot,10000,14.026,10000.4519,10002.25842,1.8064383670512996,0.9,0.9064383670502842,-2.594193886378183,-4.093561632949716,-9.093561632949715,0.001,0.0001,True,True,True,0,0.9064383670502842,187,USDC,USDG,True,ticker/price-unit candidate; settlement rules need review,False
10,1790655448368,META,stocks,hyperliquid,xyz:META,rh_lighter,2052,perp,spot,100000,140.267,100024.01772,99775.66626799999,-24.82918179663951,0.9,-25.72918179663951,-29.22049158301068,-30.72918179663951,-35.72918179663951,0.001,0.0001,True,True,True,0,-25.72918179663951,187,USDC,USDG,True,ticker/price-unit candidate; settlement rules need review,False
10,1790655448181,META,stocks,rh_lighter,2052,rh_lighter,13,spot,perp,1000,1.4016,1000.32192,1000.209792,-1.1209191537053798,0.0,-1.1209191537058816,-8.120526832002083,-6.120919153705882,-11.12091915370588,0.0001,0.0001,True,True,True,0,-1.1209191537058816,867,USDG,USDG,False,ticker/price-unit candidate; settlement rules need review,False
10,1790655448181,META,stocks,rh_lighter,2052,rh_lighter,13,spot,perp,10000,14.016,10003.499640000002,10001.981436000002,-1.5176728691324026,0.0,-1.5176728691319956,-8.5171416836278,-6.517672869131996,-11.517672869131996,0.0001,0.0001,True,True,True,0,-1.5176728691319956,867,USDG,USDG,False,ticker/price-unit candidate; settlement rules need review,False
10,1790655448181,META,stocks,rh_lighter,2052,rh_lighter,13,spot,perp,100000,140.16,100241.82947200001,100004.63706899999,-23.662018565441258,0.0,-23.662018565440924,-30.653736858943017,-28.662018565440924,-33.662018565440924,0.0001,0.0001,True,True,True,0,-23.662018565440924,867,USDG,USDG,False,ticker/price-unit candidate; settlement rules need review,False
10,1790655448368,META,stocks,rh_lighter,2052,hyperliquid,xyz:META,spot,perp,1000,1.401,999.8937000000001,998.77262,-11.211991834733093,0.8989909207348741,-12.110982755468106,-15.610982755468106,-17.110982755468108,-22.110982755468108,0.0001,0.001,True,True,True,0,-12.110982755468106,187,USDG,USDC,False,ticker/price-unit candidate; settlement rules need review,False
10,1790655448368,META,stocks,rh_lighter,2052,hyperliquid,xyz:META,spot,perp,10000,14.016,10003.499640000002,9991.451430000001,-12.043995035322386,0.898916040446821,-12.942911075769112,-16.442911075769114,-17.94291107576911,-22.94291107576911,0.0001,0.001,True,True,True,0,-12.942911075769112,187,USDG,USDC,False,ticker/price-unit candidate; settlement rules need review,False
10,1790655448368,META,stocks,rh_lighter,2052,hyperliquid,xyz:META,spot,perp,100000,140.16,100241.82947200001,99901.95326000002,-33.90562740027803,0.896948493533975,-34.80257589381242,-38.30257589381242,-39.80257589381242,-44.80257589381242,0.0001,0.001,True,True,True,0,-34.80257589381242,187,USDG,USDC,False,ticker/price-unit candidate; settlement rules need review,False
10,1790655448173,GOOGL,stocks,rh_lighter,12,rh_lighter,2051,perp,spot,1000,2.9211,1000.067796,998.344347,-17.233321649726683,0.0,-17.233321649726168,-24.22728998714876,-22.233321649726168,-27.233321649726168,0.0001,0.0001,True,True,True,0,-17.233321649726168,835,USDG,USDG,True,ticker/price-unit candidate; settlement rules need review,False
10,1790655448173,GOOGL,stocks,rh_lighter,12,rh_lighter,2051,perp,spot,10000,29.2115,10001.200486000002,9983.410018,-17.788332535584317,0.0,-17.788332535583823,-24.782106619196366,-22.788332535583823,-27.788332535583823,0.0001,0.0001,True,True,True,0,-17.788332535583823,835,USDG,USDG,True,ticker/price-unit candidate; settlement rules need review,False
10,1790655448173,GOOGL,stocks,rh_lighter,12,rh_lighter,2051,perp,spot,100000,292.1157,100037.24448299999,99632.17963199998,-40.4914042858151,0.0,-40.491404285814596,-47.47723229431456,-45.491404285814596,-50.491404285814596,0.0001,0.0001,True,True,True,0,-40.491404285814596,835,USDG,USDG,True,ticker/price-unit candidate; settlement rules need review,False
10,1790655448373,GOOGL,stocks,hyperliquid,xyz:GOOGL,rh_lighter,2051,perp,spot,1000,2.924,999.83292,999.33548,-4.975231261639124,0.9,-5.875231261639027,-9.373489930697454,-10.875231261639026,-15.875231261639026,0.001,0.0001,True,True,True,0,-5.875231261639027,200,USDC,USDG,True,ticker/price-unit candidate; settlement rules need review,False
10,1790655448373,GOOGL,stocks,hyperliquid,xyz:GOOGL,rh_lighter,2051,perp,spot,10000,29.246,10001.07389,9995.200738,-5.872521355804183,0.9,-6.77252135580424,-10.270465973329708,-11.77252135580424,-16.77252135580424,0.001,0.0001,True,True,True,0,-6.77252135580424,200,USDC,USDG,True,ticker/price-unit candidate; settlement rules need review,False
10,1790655448373,GOOGL,stocks,hyperliquid,xyz:GOOGL,rh_lighter,2051,perp,spot,100000,292.461,100038.97611000003,99749.88549599997,-28.89779816240612,0.8999999999999999,-29.79779816240652,-33.28768393304967,-34.79779816240652,-39.79779816240652,0.001,0.0001,True,True,True,0,-29.79779816240652,200,USDC,USDG,True,ticker/price-unit candidate; settlement rules need review,False
10,1790655448173,GOOGL,stocks,rh_lighter,2051,rh_lighter,12,spot,perp,1000,2.9249,1000.345049,1001.1932700000001,8.479284231455164,0.0,8.479284231456026,1.4763164819750152,3.4792842314560257,-1.5207157685439743,0.0001,0.0001,True,True,True,0,8.479284231456026,835,USDG,USDG,False,ticker/price-unit candidate; settlement rules need review,False
10,1790655448173,GOOGL,stocks,rh_lighter,2051,rh_lighter,12,spot,perp,10000,29.2491,10005.647834999998,10011.674127999999,6.022891370331962,0.0,6.022891370332551,-0.9792166416470661,1.0228913703325508,-3.977108629667449,0.0001,0.0001,True,True,True,0,6.022891370332551,835,USDG,USDG,False,ticker/price-unit candidate; settlement rules need review,False
10,1790655448173,GOOGL,stocks,rh_lighter,2051,rh_lighter,12,spot,perp,100000,292.4917,100333.72194999998,100094.747689,-23.817940404828875,0.0,-23.81794040482929,-30.809604125687603,-28.81794040482929,-33.81794040482929,0.0001,0.0001,True,True,True,0,-23.81794040482929,835,USDG,USDG,False,ticker/price-unit candidate; settlement rules need review,False
10,1790655448373,GOOGL,stocks,rh_lighter,2051,hyperliquid,xyz:GOOGL,spot,perp,1000,2.924,1000.03724,999.7448400000001,-2.9238911142936974,0.8997368497997135,-3.8236279640939137,-7.323627964093913,-8.823627964093914,-13.823627964093914,0.0001,0.001,True,True,True,0,-3.8236279640939137,200,USDG,USDC,False,ticker/price-unit candidate; settlement rules need review,False
10,1790655448373,GOOGL,stocks,rh_lighter,2051,hyperliquid,xyz:GOOGL,spot,perp,10000,29.249,10005.613613999998,10000.005369999999,-5.605097514611579,0.899495541223685,-6.504593055834851,-10.004593055834851,-11.504593055834851,-16.504593055834853,0.0001,0.001,True,True,True,0,-6.504593055834851,200,USDG,USDC,False,ticker/price-unit candidate; settlement rules need review,False
10,1790655448373,GOOGL,stocks,rh_lighter,2051,hyperliquid,xyz:GOOGL,spot,perp,100000,292.491,100333.48163999997,99986.85830000002,-34.54712567870888,0.8968907586889161,-35.444016437397444,-38.944016437397444,-40.444016437397444,-45.444016437397444,0.0001,0.001,True,True,True,0,-35.444016437397444,200,USDG,USDC,False,ticker/price-unit candidate; settlement rules need review,False
10,1790655448207,AMZN,stocks,rh_lighter,11,rh_lighter,2050,perp,spot,1000,4.063,1000.0636499999998,998.6854,-13.781622799707849,0.0,-13.781622799707465,-20.77679923172757,-18.781622799707463,-23.781622799707463,0.0001,0.0001,True,True,True,0,-13.781622799707465,781,USDG,USDG,True,ticker/price-unit candidate; settlement rules need review,False
10,1790655448207,AMZN,stocks,rh_lighter,11,rh_lighter,2050,perp,spot,10000,40.6305,10002.461025,9985.75971,-16.697205775916267,0.0,-16.69720577591578,-23.691361753894213,-21.69720577591578,-26.69720577591578,0.0001,0.0001,True,True,True,0,-16.69720577591578,781,USDG,USDG,True,ticker/price-unit candidate; settlement rules need review,False
10,1790655448207,AMZN,stocks,rh_lighter,11,rh_lighter,2050,perp,spot,100000,406.3058,100065.409476,99640.162991,-42.49685153209559,0.0,-42.49685153209596,-49.481977634059724,-47.49685153209596,-52.49685153209596,0.0001,0.0001,True,True,True,0,-42.49685153209596,781,USDG,USDG,True,ticker/price-unit candidate; settlement rules need review,False
10,1790655448399,AMZN,stocks,hyperliquid,xyz:AMZN,rh_lighter,2050,perp,spot,1000,4.065,999.9900000000001,999.1770000000001,-8.130081300813385,0.9,-9.030081300812888,-12.527235772357606,-14.030081300812888,-19.03008130081289,0.001,0.0001,True,True,True,0,-9.030081300812888,192,USDC,USDG,True,ticker/price-unit candidate; settlement rules need review,False
10,1790655448399,AMZN,stocks,hyperliquid,xyz:AMZN,rh_lighter,2050,perp,spot,10000,40.653,10001.258679999999,9991.289085,-9.968340304941092,0.9,-10.86834030494116,-14.364851385834433,-15.86834030494116,-20.86834030494116,0.001,0.0001,True,True,True,0,-10.86834030494116,192,USDC,USDG,True,ticker/price-unit candidate; settlement rules need review,False
10,1790655448399,AMZN,stocks,hyperliquid,xyz:AMZN,rh_lighter,2050,perp,spot,100000,406.537,100036.13911,99696.818551,-33.91979758703867,0.8999999999999999,-34.819797587038224,-38.307925657882755,-39.819797587038224,-44.819797587038224,0.001,0.0001,True,True,True,0,-34.819797587038224,192,USDC,USDG,True,ticker/price-unit candidate; settlement rules need review,False
10,1790655448207,AMZN,stocks,rh_lighter,2050,rh_lighter,11,spot,perp,1000,4.0668,1000.3514639999999,1000.880148,5.284982518904968,0.0,5.284982518905097,-1.7168672249765207,0.28498251890509696,-4.715017481094903,0.0001,0.0001,True,True,True,0,5.284982518905097,781,USDG,USDG,False,ticker/price-unit candidate; settlement rules need review,False
10,1790655448207,AMZN,stocks,rh_lighter,2050,rh_lighter,11,spot,perp,10000,40.6685,10004.936706,10008.924535,3.9858612974619234,0.0,3.9858612974614576,-3.0155337539926537,-1.0141387025385424,-6.014138702538542,0.0001,0.0001,True,True,True,0,3.9858612974614576,781,USDG,USDG,False,ticker/price-unit candidate; settlement rules need review,False
10,1790655448207,AMZN,stocks,rh_lighter,2050,rh_lighter,11,spot,perp,100000,406.6859,100290.746378,100068.96394700001,-22.113947598323414,0.0,-22.113947598323566,-29.10620771666415,-27.113947598323566,-32.11394759832356,0.0001,0.0001,True,True,True,0,-22.113947598323566,781,USDG,USDG,False,ticker/price-unit candidate; settlement rules need review,False
10,1790655448399,AMZN,stocks,rh_lighter,2050,hyperliquid,xyz:AMZN,spot,perp,1000,4.066,1000.1546799999999,1000.07336,-0.8130742336764918,0.899926823318969,-1.7130010569954188,-5.213001056995419,-6.713001056995418,-11.713001056995418,0.0001,0.001,True,True,True,0,-1.7130010569954188,192,USDG,USDC,False,ticker/price-unit candidate; settlement rules need review,False
10,1790655448399,AMZN,stocks,rh_lighter,2050,hyperliquid,xyz:AMZN,spot,perp,10000,40.668,10004.813676,10001.80181,-3.0104168828493094,0.8997290624805435,-3.910145945329565,-7.410145945329564,-8.910145945329564,-13.910145945329564,0.0001,0.001,True,True,True,0,-3.910145945329565,192,USDG,USDC,False,ticker/price-unit candidate; settlement rules need review,False
10,1790655448399,AMZN,stocks,rh_lighter,2050,hyperliquid,xyz:AMZN,spot,perp,100000,406.685,100290.52424,99982.98237,-30.665097458663084,0.8972401412287203,-31.56233759989177,-35.06233759989178,-36.56233759989177,-41.56233759989177,0.0001,0.001,True,True,True,0,-31.56233759989177,192,USDG,USDC,False,ticker/price-unit candidate; settlement rules need review,False
11,1790655508264,NVDA,stocks,rh_lighter,15,rh_lighter,2054,perp,spot,1000,4.3742,1000.095219,998.84857,-12.465303066307998,0.0,-12.465303066307804,-19.4609402102346,-17.465303066307804,-22.465303066307804,0.0001,0.0001,True,True,True,0,-12.465303066307804,1411,USDG,USDG,True,ticker/price-unit candidate; settlement rules need review,False
11,1790655508264,NVDA,stocks,rh_lighter,15,rh_lighter,2054,perp,spot,10000,43.7426,10001.286195,9987.212214000001,-14.072171044395843,0.0,-14.072171044395903,-21.067245784530364,-19.0721710443959,-24.0721710443959,0.0001,0.0001,True,True,True,0,-14.072171044395903,1411,USDG,USDG,True,ticker/price-unit candidate; settlement rules need review,False
11,1790655508264,NVDA,stocks,rh_lighter,15,rh_lighter,2054,perp,spot,100000,437.4261,100035.822587,99736.80147200002,-29.891403625929016,0.0,-29.891403625928714,-36.880941634659635,-34.89140362592872,-39.89140362592872,0.0001,0.0001,True,True,True,0,-29.891403625928714,1411,USDG,USDG,True,ticker/price-unit candidate; settlement rules need review,False
11,1790655508468,NVDA,stocks,hyperliquid,xyz:NVDA,rh_lighter,2054,perp,spot,1000,4.38,999.9978,1000.173,1.752003854409434,0.9,0.8520038544086598,-2.648609346940384,-4.14799614559134,-9.14799614559134,0.001,0.0001,True,True,True,0,0.8520038544086598,204,USDC,USDG,True,ticker/price-unit candidate; settlement rules need review,False
11,1790655508468,NVDA,stocks,hyperliquid,xyz:NVDA,rh_lighter,2054,perp,spot,10000,43.801,10000.38308,10000.544934000001,0.16184779993544396,0.9,-0.7381522000637527,-4.23820884679373,-5.738152200063753,-10.738152200063753,0.001,0.0001,True,True,True,0,-0.7381522000637527,204,USDC,USDG,True,ticker/price-unit candidate; settlement rules need review,False
11,1790655508468,NVDA,stocks,hyperliquid,xyz:NVDA,rh_lighter,2054,perp,spot,100000,438.01,100013.91965,99869.84892600004,-14.405067265050864,0.8999999999999999,-15.305067265050544,-18.80002549150778,-20.305067265050546,-25.305067265050546,0.001,0.0001,True,True,True,0,-15.305067265050544,204,USDC,USDG,True,ticker/price-unit candidate; settlement rules need review,False
11,1790655508264,NVDA,stocks,rh_lighter,2054,rh_lighter,15,spot,perp,1000,4.3784,1000.157912,1000.8207280000001,6.62711349925349,0.0,6.627113499254449,-0.3752059904702896,1.627113499254449,-3.372886500745551,0.0001,0.0001,True,True,True,0,6.627113499254449,1411,USDG,USDG,False,ticker/price-unit candidate; settlement rules need review,False
11,1790655508264,NVDA,stocks,rh_lighter,2054,rh_lighter,15,spot,perp,10000,43.7847,10001.739021000001,10008.312782,6.5726180079250796,0.0,6.5726180079255725,-0.42968240837720145,1.5726180079255725,-3.4273819920744275,0.0001,0.0001,True,True,True,0,6.5726180079255725,1411,USDG,USDG,False,ticker/price-unit candidate; settlement rules need review,False
11,1790655508264,NVDA,stocks,rh_lighter,2054,rh_lighter,15,spot,perp,100000,437.8475,100175.36242300003,100078.52782800002,-9.666508077217362,0.0,-9.666508077217053,-16.66312479939003,-14.666508077217053,-19.666508077217053,0.0001,0.0001,True,True,True,0,-9.666508077217053,1411,USDG,USDG,False,ticker/price-unit candidate; settlement rules need review,False
11,1790655508468,NVDA,stocks,rh_lighter,2054,hyperliquid,xyz:NVDA,spot,perp,1000,4.378,1000.06654,999.4974000000001,-5.691021319440548,0.8994878080812503,-6.59050912752213,-10.09050912752213,-11.590509127522129,-16.59050912752213,0.0001,0.001,True,True,True,0,-6.59050912752213,204,USDG,USDC,False,ticker/price-unit candidate; settlement rules need review,False
11,1790655508468,NVDA,stocks,rh_lighter,2054,hyperliquid,xyz:NVDA,spot,perp,10000,43.784,10001.57912,9995.887200000001,-5.691021319440548,0.8994878080812504,-6.590509127521955,-10.090509127521953,-11.590509127521955,-16.590509127521955,0.0001,0.001,True,True,True,0,-6.590509127521955,204,USDG,USDC,False,ticker/price-unit candidate; settlement rules need review,False
11,1790655508468,NVDA,stocks,rh_lighter,2054,hyperliquid,xyz:NVDA,spot,perp,100000,437.847,100175.24795800002,99949.10938,-22.57429680581735,0.8979683132874764,-23.47226511910515,-26.97226511910515,-28.47226511910515,-33.472265119105145,0.0001,0.001,True,True,True,0,-23.47226511910515,204,USDG,USDC,False,ticker/price-unit candidate; settlement rules need review,False
11,1790655508289,AAPL,stocks,rh_lighter,10,rh_lighter,2049,perp,spot,1000,2.9614,1000.0943939999999,998.9986759999998,-10.956145805572914,0.0,-10.956145805573167,-17.952311154541214,-15.956145805573167,-20.956145805573165,0.0001,0.0001,True,True,True,0,-10.956145805573167,984,USDG,USDG,True,ticker/price-unit candidate; settlement rules need review,False
11,1790655508289,AAPL,stocks,rh_lighter,10,rh_lighter,2049,perp,spot,10000,29.6147,10001.536136,9987.931725999999,-13.602320498581344,0.0,-13.602320498581593,-20.59755968640709,-18.60232049858159,-23.60232049858159,0.0001,0.0001,True,True,True,0,-13.602320498581593,984,USDG,USDG,True,ticker/price-unit candidate; settlement rules need review,False
11,1790655508289,AAPL,stocks,rh_lighter,10,rh_lighter,2049,perp,spot,100000,296.1471,100031.772922,91324.078733,-870.4928378896016,0.0,-870.4928378896019,-877.1881653963405,-875.4928378896019,-880.4928378896019,0.0001,0.0001,True,True,True,0,-870.4928378896019,984,USDG,USDG,True,ticker/price-unit candidate; settlement rules need review,False
11,1790655508486,AAPL,stocks,hyperliquid,xyz:AAPL,rh_lighter,2049,perp,spot,1000,2.963,999.8050900000001,999.53842,-2.6672198678256986,0.9,-3.567219867825339,-7.066286340871599,-8.567219867825338,-13.567219867825338,0.001,0.0001,True,True,True,0,-3.567219867825339,197,USDC,USDG,True,ticker/price-unit candidate; settlement rules need review,False
11,1790655508486,AAPL,stocks,hyperliquid,xyz:AAPL,rh_lighter,2049,perp,spot,10000,29.636,10000.19298,9995.10088,-5.092001734550156,0.9,-5.992001734550373,-9.49021953394328,-10.992001734550373,-15.992001734550373,0.001,0.0001,True,True,True,0,-5.992001734550373,197,USDC,USDG,True,ticker/price-unit candidate; settlement rules need review,False
11,1790655508486,AAPL,stocks,hyperliquid,xyz:AAPL,rh_lighter,2049,perp,spot,100000,296.366,100023.16652999999,91324.0853,-869.7066421498323,0.8999999999999999,-870.6066421498326,-873.8022448250802,-875.6066421498326,-880.6066421498326,0.001,0.0001,True,True,True,0,-870.6066421498326,197,USDC,USDG,True,ticker/price-unit candidate; settlement rules need review,False
11,1790655508289,AAPL,stocks,rh_lighter,2049,rh_lighter,10,spot,perp,1000,2.9619,1000.766772,1000.026297,-7.399076595240306,0.0,-7.399076595240381,-14.396486918432046,-12.39907659524038,-17.39907659524038,0.0001,0.0001,True,True,True,0,-7.399076595240381,984,USDG,USDG,False,ticker/price-unit candidate; settlement rules need review,False
11,1790655508289,AAPL,stocks,rh_lighter,2049,rh_lighter,10,spot,perp,10000,29.6199,10011.414498,10000.414475000001,-10.987481341618865,0.0,-10.987481341618796,-17.98363572314923,-15.987481341618796,-20.987481341618796,0.0001,0.0001,True,True,True,0,-10.987481341618796,984,USDG,USDG,False,ticker/price-unit candidate; settlement rules need review,False
11,1790655508486,AAPL,stocks,rh_lighter,2049,hyperliquid,xyz:AAPL,spot,perp,1000,2.961,1000.46268,999.07101,-13.91026399905293,0.8987480762400852,-14.809012075292769,-18.309012075292767,-19.80901207529277,-24.80901207529277,0.0001,0.001,True,True,True,0,-14.809012075292769,197,USDG,USDC,False,ticker/price-unit candidate; settlement rules need review,False
11,1790655508486,AAPL,stocks,rh_lighter,2049,hyperliquid,xyz:AAPL,spot,perp,10000,29.619,10011.10938,9993.246039999998,-17.84351695895858,0.8983940834736938,-18.741911042432044,-22.24191104243204,-23.741911042432044,-28.741911042432044,0.0001,0.001,True,True,True,0,-18.741911042432044,197,USDG,USDC,False,ticker/price-unit candidate; settlement rules need review,False
11,1790655508336,TSLA,stocks,rh_lighter,16,rh_lighter,2055,perp,spot,1000,2.8006,1000.0942600000002,998.8900020000001,-12.04144497339743,0.0,-12.041444973397757,-19.037230467657068,-17.04144497339776,-22.04144497339776,0.0001,0.0001,True,True,True,0,-12.041444973397757,1017,USDG,USDG,True,ticker/price-unit candidate; settlement rules need review,False
11,1790655508336,TSLA,stocks,rh_lighter,16,rh_lighter,2055,perp,spot,10000,28.0068,10001.340277,9987.724252,-13.614200320043457,0.0,-13.614200320043121,-20.609435349931104,-18.61420032004312,-23.61420032004312,0.0001,0.0001,True,True,True,0,-13.614200320043121,1017,USDG,USDG,True,ticker/price-unit candidate; settlement rules need review,False
11,1790655508336,TSLA,stocks,rh_lighter,16,rh_lighter,2055,perp,spot,100000,280.0688,100038.12402800002,99761.78729399998,-27.623142345482023,0.0,-27.62314234548177,-34.61347424566085,-32.62314234548177,-37.62314234548177,0.0001,0.0001,True,True,True,0,-27.62314234548177,1017,USDG,USDG,True,ticker/price-unit candidate; settlement rules need review,False
11,1790655508527,TSLA,stocks,hyperliquid,xyz:TSLA,rh_lighter,2055,perp,spot,1000,2.802,999.83766,999.3893400000001,-4.48392792085861,0.9,-5.3839279208583415,-8.88235854608604,-10.38392792085834,-15.38392792085834,0.001,0.0001,True,True,True,0,-5.3839279208583415,191,USDC,USDG,True,ticker/price-unit candidate; settlement rules need review,False
11,1790655508527,TSLA,stocks,hyperliquid,xyz:TSLA,rh_lighter,2055,perp,spot,10000,28.025,10000.88119,9994.21328,-6.667322482210025,0.9,-7.567322482210311,-11.064988919341538,-12.567322482210312,-17.56732248221031,0.001,0.0001,True,True,True,0,-7.567322482210311,191,USDC,USDG,True,ticker/price-unit candidate; settlement rules need review,False
11,1790655508527,TSLA,stocks,hyperliquid,xyz:TSLA,rh_lighter,2055,perp,spot,100000,280.257,100027.47025000001,99828.790258,-19.86254290980871,0.8999999999999999,-20.762542909808257,-24.255591019789826,-25.762542909808257,-30.762542909808257,0.001,0.0001,True,True,True,0,-20.762542909808257,191,USDC,USDG,True,ticker/price-unit candidate; settlement rules need review,False
11,1790655508336,TSLA,stocks,rh_lighter,2055,rh_lighter,16,spot,perp,1000,2.8032,1000.18176,1000.7704319999999,5.885650224213279,0.0,5.88565022421385,-1.1164097533646242,0.8856502242138502,-4.11434977578615,0.0001,0.0001,True,True,True,0,5.88565022421385,1017,USDG,USDG,False,ticker/price-unit candidate; settlement rules need review,False
11,1790655508336,TSLA,stocks,rh_lighter,2055,rh_lighter,16,spot,perp,10000,28.032,10001.8176,10007.051900999999,5.233349786342156,0.0,5.23334978634143,-1.76848188608379,0.23334978634142978,-4.76665021365857,0.0001,0.0001,True,True,True,0,5.23334978634143,1017,USDG,USDG,False,ticker/price-unit candidate; settlement rules need review,False
11,1790655508336,TSLA,stocks,rh_lighter,2055,rh_lighter,16,spot,perp,100000,280.3201,100172.94022500001,100049.40234200002,-12.332460515036558,0.0,-12.332460515036981,-19.328144153856716,-17.33246051503698,-22.33246051503698,0.0001,0.0001,True,True,True,0,-12.332460515036981,1017,USDG,USDG,False,ticker/price-unit candidate; settlement rules need review,False
11,1790655508527,TSLA,stocks,rh_lighter,2055,hyperliquid,xyz:TSLA,spot,perp,1000,2.803,1000.1104,1000.1104,0.0,0.8999999999999999,-0.8999999999999999,-4.4,-5.9,-10.9,0.0001,0.001,True,True,True,0,-0.8999999999999999,191,USDG,USDC,False,ticker/price-unit candidate; settlement rules need review,False
11,1790655508527,TSLA,stocks,rh_lighter,2055,hyperliquid,xyz:TSLA,spot,perp,10000,28.032,10001.8176,10001.50842,-0.30912381365544306,0.899972178856771,-1.209095992512598,-4.709095992512598,-6.209095992512598,-11.209095992512598,0.0001,0.001,True,True,True,0,-1.209095992512598,191,USDG,USDC,False,ticker/price-unit candidate; settlement rules need review,False
11,1790655508527,TSLA,stocks,rh_lighter,2055,hyperliquid,xyz:TSLA,spot,perp,100000,280.32,100172.904458,100000.42874,-17.217801453717207,0.8984503978691655,-18.116251851586252,-21.61625185158625,-23.116251851586252,-28.116251851586252,0.0001,0.001,True,True,True,0,-18.116251851586252,191,USDG,USDC,False,ticker/price-unit candidate; settlement rules need review,False
11,1790655508429,META,stocks,rh_lighter,13,rh_lighter,2052,perp,spot,1000,1.4011,1000.086965,999.474685,-6.122267577000073,0.0,-6.122267576999582,-13.120124783347633,-11.122267576999583,-16.122267576999583,0.0001,0.0001,True,True,True,0,-6.122267576999582,1126,USDG,USDG,True,ticker/price-unit candidate; settlement rules need review,False
11,1790655508429,META,stocks,rh_lighter,13,rh_lighter,2052,perp,spot,10000,14.0114,10001.439480999998,9993.739338,-7.69903473857525,0.0,-7.699034738575756,-14.696340076417254,-12.699034738575756,-17.699034738575754,0.0001,0.0001,True,True,True,0,-7.699034738575756,1126,USDG,USDG,True,ticker/price-unit candidate; settlement rules need review,False
11,1790655508429,META,stocks,rh_lighter,13,rh_lighter,2052,perp,spot,100000,140.1148,100037.73140700003,99672.276232,-36.531733562927826,0.0,-36.53173356292766,-43.51894745618064,-41.53173356292766,-46.53173356292766,0.0001,0.0001,True,True,True,0,-36.53173356292766,1126,USDG,USDG,True,ticker/price-unit candidate; settlement rules need review,False
11,1790655508675,META,stocks,hyperliquid,xyz:META,rh_lighter,2052,perp,spot,1000,1.402,999.5278599999999,1000.1166999999999,5.891181462416295,0.9,4.991181462415713,1.489119548903867,-0.008818537584287078,-5.008818537584287,0.001,0.0001,True,True,True,0,4.991181462415713,246,USDC,USDG,True,ticker/price-unit candidate; settlement rules need review,False
11,1790655508675,META,stocks,hyperliquid,xyz:META,rh_lighter,2052,perp,spot,10000,14.026,9999.845469999998,10004.151036,4.305632534939985,0.8999999999999999,3.4056325349404717,-0.09587443644675774,-1.5943674650595283,-6.594367465059529,0.001,0.0001,True,True,True,0,3.4056325349404717,246,USDC,USDG,True,ticker/price-unit candidate; settlement rules need review,False
11,1790655508675,META,stocks,hyperliquid,xyz:META,rh_lighter,2052,perp,spot,100000,140.267,100021.10568,99780.43868400001,-24.061621231218354,0.9,-24.961621231218665,-28.453199663787743,-29.961621231218665,-34.961621231218665,0.001,0.0001,True,True,True,0,-24.961621231218665,246,USDC,USDG,True,ticker/price-unit candidate; settlement rules need review,False
11,1790655508429,META,stocks,rh_lighter,2052,rh_lighter,13,spot,perp,1000,1.4014,1000.1791800000001,1000.067068,-1.1209191537076002,0.0,-1.120919153707422,-8.120526832003625,-6.120919153707422,-11.120919153707423,0.0001,0.0001,True,True,True,0,-1.120919153707422,1126,USDG,USDG,False,ticker/price-unit candidate; settlement rules need review,False
11,1790655508429,META,stocks,rh_lighter,2052,rh_lighter,13,spot,perp,10000,14.0149,10002.714361000002,10001.196476000001,-1.5174731030198618,0.0,-1.5174731030201762,-8.51694198743412,-6.517473103020176,-11.517473103020176,0.0001,0.0001,True,True,True,0,-1.5174731030201762,1126,USDG,USDG,False,ticker/price-unit candidate; settlement rules need review,False
11,1790655508429,META,stocks,rh_lighter,2052,rh_lighter,13,spot,perp,100000,140.1492,100234.09915600004,99998.059958,-23.54879227603801,0.0,-23.548792276037815,-30.5405501987412,-28.548792276037815,-33.548792276037815,0.0001,0.0001,True,True,True,0,-23.548792276037815,1126,USDG,USDG,False,ticker/price-unit candidate; settlement rules need review,False
11,1790655508675,META,stocks,rh_lighter,2052,hyperliquid,xyz:META,spot,perp,1000,1.401,999.8937000000001,998.7874499999999,-11.06367606876768,0.899004269153811,-11.962680337921512,-15.462680337921512,-16.962680337921512,-21.962680337921512,0.0001,0.001,True,True,True,0,-11.962680337921512,246,USDG,USDC,False,ticker/price-unit candidate; settlement rules need review,False
11,1790655508675,META,stocks,rh_lighter,2052,hyperliquid,xyz:META,spot,perp,10000,14.014,10002.07186,9990.016059999998,-12.053302724424064,0.8989152027548017,-12.952217927178447,-16.45221792717845,-17.952217927178445,-22.952217927178445,0.0001,0.001,True,True,True,0,-12.952217927178447,246,USDG,USDC,False,ticker/price-unit candidate; settlement rules need review,False
11,1790655508675,META,stocks,rh_lighter,2052,hyperliquid,xyz:META,spot,perp,100000,140.149,100233.95600200002,99893.3663,-33.979473183043396,0.8969418474135261,-34.87641503045647,-38.37641503045647,-39.87641503045647,-44.87641503045647,0.0001,0.001,True,True,True,0,-34.87641503045647,246,USDG,USDC,False,ticker/price-unit candidate; settlement rules need review,False
11,1790655508446,GOOGL,stocks,rh_lighter,12,rh_lighter,2051,perp,spot,1000,2.9217,1000.0979100000001,998.520192,-15.775635407538902,0.0,-15.775635407538427,-22.770113935145794,-20.775635407538427,-25.775635407538427,0.0001,0.0001,True,True,True,0,-15.775635407538427,1125,USDG,USDG,True,ticker/price-unit candidate; settlement rules need review,False
11,1790655508446,GOOGL,stocks,rh_lighter,12,rh_lighter,2051,perp,spot,10000,29.2179,10001.838529,9985.303851,-16.531638610299826,0.0,-16.53163861029973,-23.52585253678612,-21.53163861029973,-26.53163861029973,0.0001,0.0001,True,True,True,0,-16.53163861029973,1125,USDG,USDG,True,ticker/price-unit candidate; settlement rules need review,False
11,1790655508446,GOOGL,stocks,rh_lighter,12,rh_lighter,2051,perp,spot,100000,292.1798,100047.01876099998,99650.34336399997,-39.64889727975041,0.0,-39.648897279750265,-46.63502016570236,-44.648897279750265,-49.648897279750265,0.0001,0.0001,True,True,True,0,-39.648897279750265,1125,USDG,USDG,True,ticker/price-unit candidate; settlement rules need review,False
11,1790655508659,GOOGL,stocks,hyperliquid,xyz:GOOGL,rh_lighter,2051,perp,spot,1000,2.924,999.6863599999999,999.30624,-3.8023925824082205,0.9,-4.702392582408746,-8.201061745004903,-9.702392582408745,-14.702392582408745,0.001,0.0001,True,True,True,0,-4.702392582408746,213,USDC,USDG,True,ticker/price-unit candidate; settlement rules need review,False
11,1790655508659,GOOGL,stocks,hyperliquid,xyz:GOOGL,rh_lighter,2051,perp,spot,10000,29.249,10000.65663,9995.93041,-4.725909682591345,0.9,-5.62590968259116,-9.124255614202253,-10.62590968259116,-15.62590968259116,0.001,0.0001,True,True,True,0,-5.62590968259116,213,USDC,USDG,True,ticker/price-unit candidate; settlement rules need review,False
11,1790655508659,GOOGL,stocks,hyperliquid,xyz:GOOGL,rh_lighter,2051,perp,spot,100000,292.496,100036.62875999999,99758.12961999998,-27.839716657002135,0.9,-28.739716657002475,-32.22997275617253,-33.739716657002475,-38.739716657002475,0.001,0.0001,True,True,True,0,-28.739716657002475,213,USDC,USDG,True,ticker/price-unit candidate; settlement rules need review,False
11,1790655508446,GOOGL,stocks,rh_lighter,2051,rh_lighter,12,spot,perp,1000,2.9252,1000.2721399999999,1001.0326919999999,7.60345079690028,0.0,7.603450796899748,0.6007895891208328,2.6034507968997476,-2.3965492031002524,0.0001,0.0001,True,True,True,0,7.603450796899748,1125,USDG,USDG,False,ticker/price-unit candidate; settlement rules need review,False
11,1790655508446,GOOGL,stocks,rh_lighter,2051,rh_lighter,12,spot,perp,10000,29.2521,10004.860964999998,10010.214324,5.350758015258972,0.0,5.350758015258893,-1.6511147500464485,0.3507580152588927,-4.649241984741107,0.0001,0.0001,True,True,True,0,5.350758015258893,1125,USDG,USDG,False,ticker/price-unit candidate; settlement rules need review,False
11,1790655508446,GOOGL,stocks,rh_lighter,2051,rh_lighter,12,spot,perp,100000,292.5216,100340.47549999997,100083.767465,-25.5836972787693,0.0,-25.58369727876905,-32.57474298472148,-30.58369727876905,-35.58369727876905,0.0001,0.0001,True,True,True,0,-25.58369727876905,1125,USDG,USDG,False,ticker/price-unit candidate; settlement rules need review,False
11,1790655508659,GOOGL,stocks,rh_lighter,2051,hyperliquid,xyz:GOOGL,spot,perp,1000,2.925,1000.2037499999999,999.9989999999999,-2.0470829068575114,0.8998157625383827,-2.9468986693960106,-6.446898669396011,-7.946898669396011,-12.94689866939601,0.0001,0.001,True,True,True,0,-2.9468986693960106,213,USDG,USDC,False,ticker/price-unit candidate; settlement rules need review,False
11,1790655508659,GOOGL,stocks,rh_lighter,2051,hyperliquid,xyz:GOOGL,spot,perp,10000,29.252,10004.826751999999,10000.60123,-4.223483429289798,0.8996198864913639,-5.123103315781254,-8.623103315781254,-10.123103315781254,-15.123103315781254,0.0001,0.001,True,True,True,0,-5.123103315781254,213,USDG,USDC,False,ticker/price-unit candidate; settlement rules need review,False
11,1790655508659,GOOGL,stocks,rh_lighter,2051,hyperliquid,xyz:GOOGL,spot,perp,100000,292.521,100340.26951999999,99987.18771000003,-35.188445445583085,0.8968330399098976,-36.08527848549272,-39.58527848549272,-41.08527848549272,-46.08527848549272,0.0001,0.001,True,True,True,0,-36.08527848549272,213,USDG,USDC,False,ticker/price-unit candidate; settlement rules need review,False
11,1790655508448,AMZN,stocks,rh_lighter,11,rh_lighter,2050,perp,spot,1000,4.063,1000.0636499999998,998.6854,-13.781622799707849,0.0,-13.781622799707465,-20.77679923172757,-18.781622799707463,-23.781622799707463,0.0001,0.0001,True,True,True,0,-13.781622799707465,1123,USDG,USDG,True,ticker/price-unit candidate; settlement rules need review,False
11,1790655508448,AMZN,stocks,rh_lighter,11,rh_lighter,2050,perp,spot,10000,40.6305,10001.829171000001,9985.75971,-16.06652215836113,0.0,-16.066522158360662,-23.060898875605236,-21.066522158360662,-26.066522158360662,0.0001,0.0001,True,True,True,0,-16.066522158360662,1123,USDG,USDG,True,ticker/price-unit candidate; settlement rules need review,False
11,1790655508448,AMZN,stocks,rh_lighter,11,rh_lighter,2050,perp,spot,100000,406.3058,100064.00695699999,99640.162991,-42.35728499080827,0.0,-42.357284990808154,-49.342459941061364,-47.357284990808154,-52.357284990808154,0.0001,0.0001,True,True,True,0,-42.357284990808154,1123,USDG,USDG,True,ticker/price-unit candidate; settlement rules need review,False
11,1790655508665,AMZN,stocks,hyperliquid,xyz:AMZN,rh_lighter,2050,perp,spot,1000,4.065,1000.0223700000001,999.1770000000001,-8.45351089496127,0.9,-9.353510894961305,-12.850552166148068,-14.353510894961305,-19.353510894961303,0.001,0.0001,True,True,True,0,-9.353510894961305,217,USDC,USDG,True,ticker/price-unit candidate; settlement rules need review,False
11,1790655508665,AMZN,stocks,hyperliquid,xyz:AMZN,rh_lighter,2050,perp,spot,10000,40.652,10001.12198,9991.043335,-10.077514323048042,0.9000000000000002,-10.97751432304758,-14.473987193034514,-15.97751432304758,-20.97751432304758,0.001,0.0001,True,True,True,0,-10.97751432304758,217,USDC,USDG,True,ticker/price-unit candidate; settlement rules need review,False
11,1790655508665,AMZN,stocks,hyperliquid,xyz:AMZN,rh_lighter,2050,perp,spot,100000,406.528,100037.54486000002,99694.61310100001,-34.280305407328186,0.8999999999999999,-35.18030540732861,-38.66830730043605,-40.18030540732861,-45.18030540732861,0.001,0.0001,True,True,True,0,-35.18030540732861,217,USDC,USDG,True,ticker/price-unit candidate; settlement rules need review,False
11,1790655508448,AMZN,stocks,rh_lighter,2050,rh_lighter,11,spot,perp,1000,4.0668,1000.3514639999999,1000.880148,5.284982518904968,0.0,5.284982518905097,-1.7168672249765207,0.28498251890509696,-4.715017481094903,0.0001,0.0001,True,True,True,0,5.284982518905097,1123,USDG,USDG,False,ticker/price-unit candidate; settlement rules need review,False
11,1790655508448,AMZN,stocks,rh_lighter,2050,rh_lighter,11,spot,perp,10000,40.6685,10004.936706,10008.924535,3.9858612974619234,0.0,3.9858612974614576,-3.0155337539926537,-1.0141387025385424,-6.014138702538542,0.0001,0.0001,True,True,True,0,3.9858612974614576,1123,USDG,USDG,False,ticker/price-unit candidate; settlement rules need review,False
11,1790655508448,AMZN,stocks,rh_lighter,2050,rh_lighter,11,spot,perp,100000,406.6859,100290.746378,100068.541518,-22.156068034682175,0.0,-22.15606803468175,-29.14831341086961,-27.15606803468175,-32.15606803468175,0.0001,0.0001,True,True,True,0,-22.15606803468175,1123,USDG,USDG,False,ticker/price-unit candidate; settlement rules need review,False
11,1790655508665,AMZN,stocks,rh_lighter,2050,hyperliquid,xyz:AMZN,spot,perp,1000,4.066,1000.1546799999999,1000.11402,-0.40653711683713567,0.8999634116594846,-1.3065005284971412,-4.806500528497141,-6.306500528497141,-11.306500528497141,0.0001,0.001,True,True,True,0,-1.3065005284971412,217,USDG,USDC,False,ticker/price-unit candidate; settlement rules need review,False
11,1790655508665,AMZN,stocks,rh_lighter,2050,hyperliquid,xyz:AMZN,spot,perp,10000,40.668,10004.813676,10002.36445,-2.4480475892074693,0.8997796757169712,-3.347827264924904,-6.847827264924904,-8.347827264924904,-13.347827264924904,0.0001,0.001,True,True,True,0,-3.347827264924904,217,USDG,USDC,False,ticker/price-unit candidate; settlement rules need review,False
11,1790655508665,AMZN,stocks,rh_lighter,2050,hyperliquid,xyz:AMZN,spot,perp,100000,406.685,100290.52424,99985.88585000002,-30.375590546417584,0.8972661968508224,-31.272856743268157,-34.77285674326816,-36.27285674326816,-41.27285674326816,0.0001,0.001,True,True,True,0,-31.272856743268157,217,USDG,USDC,False,ticker/price-unit candidate; settlement rules need review,False
12,1790655567969,NVDA,stocks,rh_lighter,15,rh_lighter,2054,perp,spot,1000,4.3734,1000.1091120000001,998.840826,-12.681476298759264,0.0,-12.681476298759117,-19.67703778205455,-17.681476298759115,-22.681476298759115,0.0001,0.0001,True,True,True,0,-12.681476298759117,1105,USDG,USDG,True,ticker/price-unit candidate; settlement rules need review,False
12,1790655567969,NVDA,stocks,rh_lighter,15,rh_lighter,2054,perp,spot,10000,43.734,10001.091120000001,9986.819732,-14.269830990202292,0.0,-14.26983099020202,-21.264836549355447,-19.26983099020202,-24.26983099020202,0.0001,0.0001,True,True,True,0,-14.26983099020202,1105,USDG,USDG,True,ticker/price-unit candidate; settlement rules need review,False
12,1790655567969,NVDA,stocks,rh_lighter,15,rh_lighter,2054,perp,spot,100000,437.34,100025.306152,99726.40219300003,-29.88283370467859,0.0,-29.88283370467817,-36.87237471288153,-34.88283370467817,-39.88283370467817,0.0001,0.0001,True,True,True,0,-29.88283370467817,1105,USDG,USDG,True,ticker/price-unit candidate; settlement rules need review,False
12,1790655568168,NVDA,stocks,hyperliquid,xyz:NVDA,rh_lighter,2054,perp,spot,1000,4.379,999.98844,1000.1198099999998,1.313715186546105,0.9,0.41371518654589107,-3.0867446137693997,-4.5862848134541085,-9.586284813454109,0.001,0.0001,True,True,True,0,0.41371518654589107,199,USDC,USDG,True,ticker/price-unit candidate; settlement rules need review,False
12,1790655568168,NVDA,stocks,hyperliquid,xyz:NVDA,rh_lighter,2054,perp,spot,10000,43.792,10000.341120000001,10000.062872,-0.2782385087285455,0.9,-1.178238508728521,-4.678141125250466,-6.178238508728521,-11.178238508728521,0.001,0.0001,True,True,True,0,-1.178238508728521,199,USDC,USDG,True,ticker/price-unit candidate; settlement rules need review,False
12,1790655568168,NVDA,stocks,hyperliquid,xyz:NVDA,rh_lighter,2054,perp,spot,100000,437.924,100013.03487999999,99859.47243300003,-15.354243292807768,0.9,-16.2542432928079,-19.74886930765542,-21.2542432928079,-26.2542432928079,0.001,0.0001,True,True,True,0,-16.2542432928079,199,USDC,USDG,True,ticker/price-unit candidate; settlement rules need review,False
12,1790655567969,NVDA,stocks,rh_lighter,2054,rh_lighter,15,spot,perp,1000,4.3777,1000.1731189999999,1000.8735509999999,7.003107629011129,0.0,7.003107629010153,0.0006565413399997204,2.0031076290101533,-2.9968923709898467,0.0001,0.0001,True,True,True,0,7.003107629010153,1105,USDG,USDG,False,ticker/price-unit candidate; settlement rules need review,False
12,1790655567969,NVDA,stocks,rh_lighter,2054,rh_lighter,15,spot,perp,10000,43.777,10001.73119,10008.350227,6.617891317273195,0.0,6.617891317273434,-0.38442494468761146,1.6178913172734344,-3.3821086827265656,0.0001,0.0001,True,True,True,0,6.617891317273434,1105,USDG,USDG,False,ticker/price-unit candidate; settlement rules need review,False
12,1790655567969,NVDA,stocks,rh_lighter,2054,rh_lighter,15,spot,perp,100000,437.7708,100160.94909200002,100072.59136600004,-8.82157435617259,0.0,-8.821574356172379,-15.81848680514772,-13.821574356172379,-18.821574356172377,0.0001,0.0001,True,True,True,0,-8.821574356172379,1105,USDG,USDG,False,ticker/price-unit candidate; settlement rules need review,False
12,1790655568168,NVDA,stocks,rh_lighter,2054,hyperliquid,xyz:NVDA,spot,perp,1000,4.377,1000.0131899999999,999.44418,-5.690024948570294,0.8994878977546287,-6.589512846324905,-10.089512846324904,-11.589512846324904,-16.589512846324904,0.0001,0.001,True,True,True,0,-6.589512846324905,199,USDG,USDC,False,ticker/price-unit candidate; settlement rules need review,False
12,1790655568168,NVDA,stocks,rh_lighter,2054,hyperliquid,xyz:NVDA,spot,perp,10000,43.777,10001.73119,9995.65277,-6.077367892147745,0.8994530368897068,-6.97682092903741,-10.47682092903741,-11.976820929037409,-16.97682092903741,0.0001,0.001,True,True,True,0,-6.97682092903741,199,USDG,USDC,False,ticker/price-unit candidate; settlement rules need review,False
12,1790655568168,NVDA,stocks,rh_lighter,2054,hyperliquid,xyz:NVDA,spot,perp,100000,437.77,100160.76594800001,99944.24470999997,-21.61737042950085,0.8980544366613451,-22.515424866162167,-26.015424866162167,-27.515424866162167,-32.515424866162164,0.0001,0.001,True,True,True,0,-22.515424866162167,199,USDG,USDC,False,ticker/price-unit candidate; settlement rules need review,False
12,1790655567976,AAPL,stocks,rh_lighter,10,rh_lighter,2049,perp,spot,1000,2.9615,1000.128165,999.0324099999999,-10.956145805572914,0.0,-10.956145805573367,-17.952311154541416,-15.956145805573367,-20.956145805573367,0.0001,0.0001,True,True,True,0,-10.956145805573367,688,USDG,USDG,True,ticker/price-unit candidate; settlement rules need review,False
12,1790655567976,AAPL,stocks,rh_lighter,10,rh_lighter,2049,perp,spot,10000,29.6151,10001.789698,9988.066358,-13.720884376068332,0.0,-13.720884376067852,-20.71608206653623,-18.72088437606785,-23.72088437606785,0.0001,0.0001,True,True,True,0,-13.720884376067852,688,USDG,USDG,True,ticker/price-unit candidate; settlement rules need review,False
12,1790655567976,AAPL,stocks,rh_lighter,10,rh_lighter,2049,perp,spot,100000,296.1515,100032.21281,91324.078865,-870.5329713679455,0.0,-870.5329713679454,-877.2282848279667,-875.5329713679454,-880.5329713679454,0.0001,0.0001,True,True,True,0,-870.5329713679454,688,USDG,USDG,True,ticker/price-unit candidate; settlement rules need review,False
12,1790655568183,AAPL,stocks,hyperliquid,xyz:AAPL,rh_lighter,2049,perp,spot,1000,2.963,999.8347200000001,999.53842,-2.963489805596353,0.9,-3.8634898055959437,-7.362452584163985,-8.863489805595943,-13.863489805595943,0.001,0.0001,True,True,True,0,-3.8634898055959437,207,USDC,USDG,True,ticker/price-unit candidate; settlement rules need review,False
12,1790655568183,AAPL,stocks,hyperliquid,xyz:AAPL,rh_lighter,2049,perp,spot,10000,29.636,10000.50218,9995.10088,-5.4010287711370175,0.8999999999999999,-6.301028771136709,-9.79913841106681,-11.301028771136709,-16.301028771136707,0.001,0.0001,True,True,True,0,-6.301028771136709,207,USDC,USDG,True,ticker/price-unit candidate; settlement rules need review,False
12,1790655568183,AAPL,stocks,hyperliquid,xyz:AAPL,rh_lighter,2049,perp,spot,100000,296.362,100023.88510000001,91324.08518000001,-869.7722460292645,0.8999999999999999,-870.672246029264,-873.8678257431538,-875.672246029264,-880.672246029264,0.001,0.0001,True,True,True,0,-870.672246029264,207,USDC,USDG,True,ticker/price-unit candidate; settlement rules need review,False
12,1790655567976,AAPL,stocks,rh_lighter,2049,rh_lighter,10,spot,perp,1000,2.9615,1000.957385,999.86163,-10.947069439924961,0.0,-10.947069439924794,-17.94323796562082,-15.947069439924794,-20.947069439924796,0.0001,0.0001,True,True,True,0,-10.947069439924794,688,USDG,USDG,False,ticker/price-unit candidate; settlement rules need review,False
12,1790655567976,AAPL,stocks,rh_lighter,2049,rh_lighter,10,spot,perp,10000,29.6151,10012.713202,9998.531597000001,-14.163598531082844,0.0,-14.163598531082506,-21.158641271596625,-19.163598531082506,-24.163598531082506,0.0001,0.0001,True,True,True,0,-14.163598531082506,688,USDG,USDG,False,ticker/price-unit candidate; settlement rules need review,False
12,1790655568183,AAPL,stocks,rh_lighter,2049,hyperliquid,xyz:AAPL,spot,perp,1000,2.961,1000.7883899999999,999.07101,-17.160271013935137,0.8984555756087459,-18.05872658954342,-21.55872658954342,-23.05872658954342,-28.05872658954342,0.0001,0.001,True,True,True,0,-18.05872658954342,207,USDG,USDC,False,ticker/price-unit candidate; settlement rules need review,False
12,1790655568183,AAPL,stocks,rh_lighter,2049,hyperliquid,xyz:AAPL,spot,perp,10000,29.615,10012.6793,9991.900459999999,-20.752527248126817,0.8981322725476686,-21.650659520674807,-25.150659520674807,-26.650659520674807,-31.650659520674807,0.0001,0.001,True,True,True,0,-21.650659520674807,207,USDG,USDC,False,ticker/price-unit candidate; settlement rules need review,False
12,1790655567971,TSLA,stocks,rh_lighter,16,rh_lighter,2055,perp,spot,1000,2.8,1000.1599999999999,998.8439999999999,-13.157894736841591,0.0,-13.157894736841278,-20.15328947368338,-18.15789473684128,-23.15789473684128,0.0001,0.0001,True,True,True,0,-13.157894736841278,676,USDG,USDG,True,ticker/price-unit candidate; settlement rules need review,False
12,1790655567971,TSLA,stocks,rh_lighter,16,rh_lighter,2055,perp,spot,10000,28.0006,10002.208256999998,9987.255768,-14.94918783512933,0.0,-14.949187835129392,-21.943955619387097,-19.949187835129393,-24.949187835129393,0.0001,0.0001,True,True,True,0,-14.949187835129392,676,USDG,USDG,True,ticker/price-unit candidate; settlement rules need review,False
12,1790655567971,TSLA,stocks,rh_lighter,16,rh_lighter,2055,perp,spot,100000,280.0061,100043.193771,99745.35849899997,-29.770668125788102,0.0,-29.7706681257886,-36.76024839194458,-34.7706681257886,-39.7706681257886,0.0001,0.0001,True,True,True,0,-29.7706681257886,676,USDG,USDG,True,ticker/price-unit candidate; settlement rules need review,False
12,1790655568171,TSLA,stocks,hyperliquid,xyz:TSLA,rh_lighter,2055,perp,spot,1000,2.801,999.82532,999.2007300000001,-6.246991224425624,0.8999999999999999,-7.146991224426066,-10.644804777497518,-12.146991224426067,-17.146991224426067,0.001,0.0001,True,True,True,0,-7.146991224426066,200,USDC,USDG,True,ticker/price-unit candidate; settlement rules need review,False
12,1790655568171,TSLA,stocks,hyperliquid,xyz:TSLA,rh_lighter,2055,perp,spot,10000,28.016,10000.928940000002,9992.747562,-8.180618069666412,0.9,-9.080618069666167,-12.577754853341785,-14.080618069666167,-19.080618069666166,0.001,0.0001,True,True,True,0,-9.080618069666167,200,USDC,USDG,True,ticker/price-unit candidate; settlement rules need review,False
12,1790655568171,TSLA,stocks,hyperliquid,xyz:TSLA,rh_lighter,2055,perp,spot,100000,280.163,100021.64515,99801.21803699998,-22.03794115458124,0.9,-22.937941154581427,-26.430227875177327,-27.937941154581427,-32.937941154581424,0.001,0.0001,True,True,True,0,-22.937941154581427,200,USDC,USDG,True,ticker/price-unit candidate; settlement rules need review,False
12,1790655567971,TSLA,stocks,rh_lighter,2055,rh_lighter,16,spot,perp,1000,2.8029,1000.0747200000001,1000.831503,7.567264573991039,0.0,7.567264573990307,0.5646160313894112,2.5672645739903066,-2.4327354260096934,0.0001,0.0001,True,True,True,0,7.567264573990307,676,USDG,USDG,False,ticker/price-unit candidate; settlement rules need review,False
12,1790655567971,TSLA,stocks,rh_lighter,2055,rh_lighter,16,spot,perp,10000,28.0296,10000.96128,10008.529272,7.567264573991039,0.0,7.567264573991262,0.5646160313903655,2.5672645739912623,-2.4327354260087377,0.0001,0.0001,True,True,True,0,7.567264573991262,676,USDG,USDG,False,ticker/price-unit candidate; settlement rules need review,False
12,1790655567971,TSLA,stocks,rh_lighter,2055,rh_lighter,16,spot,perp,100000,280.2965,100170.27562999999,100070.39224300001,-9.971359904101806,0.0,-9.971359904101709,-16.967869928135276,-14.971359904101709,-19.97135990410171,0.0001,0.0001,True,True,True,0,-9.971359904101709,676,USDG,USDG,False,ticker/price-unit candidate; settlement rules need review,False
12,1790655568171,TSLA,stocks,rh_lighter,2055,hyperliquid,xyz:TSLA,spot,perp,1000,2.802,999.7536,1000.0898400000001,3.3632286995533,0.9003026905829598,2.4629260089694993,-1.0370739910305011,-2.5370739910305007,-7.537073991030501,0.0001,0.001,True,True,True,0,2.4629260089694993,200,USDG,USDC,False,ticker/price-unit candidate; settlement rules need review,False
12,1790655568171,TSLA,stocks,rh_lighter,2055,hyperliquid,xyz:TSLA,spot,perp,10000,28.029,10000.7472,10003.47555,2.7281461529193862,0.9002455331537627,1.8279006197651002,-1.6720993802348991,-3.1720993802349,-8.1720993802349,0.0001,0.001,True,True,True,0,1.8279006197651002,200,USDG,USDC,False,ticker/price-unit candidate; settlement rules need review,False
12,1790655568171,TSLA,stocks,rh_lighter,2055,hyperliquid,xyz:TSLA,spot,perp,100000,280.296,100170.09679499999,100020.56834,-14.92745437852605,0.8986565291059327,-15.826110907632215,-19.326110907632213,-20.826110907632213,-25.826110907632213,0.0001,0.001,True,True,True,0,-15.826110907632215,200,USDG,USDC,False,ticker/price-unit candidate; settlement rules need review,False
12,1790655567972,META,stocks,rh_lighter,13,rh_lighter,2052,perp,spot,1000,1.4009,1000.0856980000001,999.486114,-5.995326212534513,0.0,-5.995326212534736,-12.99322784836035,-10.995326212534735,-15.995326212534735,0.0001,0.0001,True,True,True,0,-5.995326212534736,672,USDG,USDG,True,ticker/price-unit candidate; settlement rules need review,False
12,1790655567972,META,stocks,rh_lighter,13,rh_lighter,2052,perp,spot,10000,14.0095,10001.770649,9993.925436,-7.843824134065036,0.0,-7.843824134064597,-14.841078795617673,-12.843824134064597,-17.843824134064597,0.0001,0.0001,True,True,True,0,-7.843824134064597,672,USDG,USDG,True,ticker/price-unit candidate; settlement rules need review,False
12,1790655567972,META,stocks,rh_lighter,13,rh_lighter,2052,perp,spot,100000,140.0952,100035.60392600003,99662.52316000001,-37.294798187652574,0.0,-37.29479818765278,-44.2817450082871,-42.29479818765278,-47.29479818765278,0.0001,0.0001,True,True,True,0,-37.29479818765278,672,USDG,USDG,True,ticker/price-unit candidate; settlement rules need review,False
12,1790655568175,META,stocks,hyperliquid,xyz:META,rh_lighter,2052,perp,spot,1000,1.402,999.6960999999999,1000.2709199999999,5.749947409017242,0.8999999999999999,4.8499474090180525,1.3479349274248966,-0.15005259098194745,-5.1500525909819475,0.001,0.0001,True,True,True,0,4.8499474090180525,203,USDC,USDG,True,ticker/price-unit candidate; settlement rules need review,False
12,1790655568175,META,stocks,hyperliquid,xyz:META,rh_lighter,2052,perp,spot,10000,14.024,9999.813199999999,10004.267415999999,4.45429920630902,0.9,3.554299206309262,0.052740201587053594,-1.445700793690738,-6.4457007936907385,0.001,0.0001,True,True,True,0,3.554299206309262,203,USDC,USDG,True,ticker/price-unit candidate; settlement rules need review,False
12,1790655568175,META,stocks,hyperliquid,xyz:META,rh_lighter,2052,perp,spot,100000,140.243,100015.54308000003,99767.558708,-24.794583358076494,0.9,-25.694583358076517,-29.18590525390119,-30.694583358076517,-35.694583358076514,0.001,0.0001,True,True,True,0,-25.694583358076517,203,USDC,USDG,True,ticker/price-unit candidate; settlement rules need review,False
12,1790655567972,META,stocks,rh_lighter,2052,rh_lighter,13,spot,perp,1000,1.4013,1000.1078100000001,1000.163862,0.5604595768526899,0.0,0.5604595768521069,-6.4397365839997915,-4.439540423147893,-9.439540423147893,0.0001,0.0001,True,True,True,0,0.5604595768521069,672,USDG,USDG,False,ticker/price-unit candidate; settlement rules need review,False
12,1790655567972,META,stocks,rh_lighter,2052,rh_lighter,13,spot,perp,10000,14.0138,10001.929082,10002.009116,0.08001856376171901,0.0,0.0800185637616027,-6.920009442735713,-4.919981436238397,-9.919981436238396,0.0001,0.0001,True,True,True,0,0.0800185637616027,672,USDG,USDG,False,ticker/price-unit candidate; settlement rules need review,False
12,1790655567972,META,stocks,rh_lighter,2052,rh_lighter,13,spot,perp,100000,140.1384,100226.36884000001,100005.13867300001,-22.073050192327194,0.0,-22.073050192327162,-29.06532462475985,-27.073050192327162,-32.07305019232716,0.0001,0.0001,True,True,True,0,-22.073050192327162,672,USDG,USDG,False,ticker/price-unit candidate; settlement rules need review,False
12,1790655568175,META,stocks,rh_lighter,2052,hyperliquid,xyz:META,spot,perp,1000,1.401,999.8937000000001,998.96904,-9.247583018076044,0.8991677175283731,-10.146750735604503,-13.6467507356045,-15.146750735604503,-20.146750735604503,0.0001,0.001,True,True,True,0,-10.146750735604503,203,USDG,USDC,False,ticker/price-unit candidate; settlement rules need review,False
12,1790655568175,META,stocks,rh_lighter,2052,hyperliquid,xyz:META,spot,perp,10000,14.013,10001.357970000001,9991.63672,-9.719930062658255,0.8991252062943608,-10.619055268952149,-14.11905526895215,-15.619055268952149,-20.61905526895215,0.0001,0.001,True,True,True,0,-10.619055268952149,203,USDG,USDC,False,ticker/price-unit candidate; settlement rules need review,False
12,1790655568175,META,stocks,rh_lighter,2052,hyperliquid,xyz:META,spot,perp,100000,140.138,100226.08253200003,99899.55817000002,-32.578781266419114,0.8970679096860225,-33.47584917610526,-36.97584917610525,-38.47584917610526,-43.47584917610526,0.0001,0.001,True,True,True,0,-33.47584917610526,203,USDG,USDC,False,ticker/price-unit candidate; settlement rules need review,False
12,1790655568253,GOOGL,stocks,rh_lighter,12,rh_lighter,2051,perp,spot,1000,2.9215,1000.0878799999999,998.481055,-16.066838046272515,0.0,-16.066838046272075,-23.06121465295588,-21.066838046272075,-26.066838046272075,0.0001,0.0001,True,True,True,0,-16.066838046272075,946,USDG,USDG,True,ticker/price-unit candidate; settlement rules need review,False
12,1790655568253,GOOGL,stocks,rh_lighter,12,rh_lighter,2051,perp,spot,10000,29.2154,10002.156462,9984.742881999999,-17.409825637261235,0.0,-17.409825637260845,-24.403732198287802,-22.409825637260845,-27.409825637260845,0.0001,0.0001,True,True,True,0,-17.409825637260845,946,USDG,USDG,True,ticker/price-unit candidate; settlement rules need review,False
12,1790655568253,GOOGL,stocks,rh_lighter,12,rh_lighter,2051,perp,spot,100000,292.1541,100043.16828700001,99645.269424,-39.77271709933561,0.0,-39.7727170993358,-46.75879664835104,-44.7727170993358,-49.7727170993358,0.0001,0.0001,True,True,True,0,-39.7727170993358,946,USDG,USDG,True,ticker/price-unit candidate; settlement rules need review,False
12,1790655568449,GOOGL,stocks,hyperliquid,xyz:GOOGL,rh_lighter,2051,perp,spot,1000,2.924,999.83256,999.33548,-4.971632450136987,0.9,-5.871632450137278,-9.36989237877973,-10.871632450137277,-15.871632450137277,0.001,0.0001,True,True,True,0,-5.871632450137278,196,USDC,USDG,True,ticker/price-unit candidate; settlement rules need review,False
12,1790655568449,GOOGL,stocks,hyperliquid,xyz:GOOGL,rh_lighter,2051,perp,spot,10000,29.245,10000.60094,9994.858978,-5.74161696327069,0.9,-6.641616963270267,-10.13960739733312,-11.641616963270266,-16.641616963270266,0.001,0.0001,True,True,True,0,-6.641616963270267,196,USDC,USDG,True,ticker/price-unit candidate; settlement rules need review,False
12,1790655568449,GOOGL,stocks,hyperliquid,xyz:GOOGL,rh_lighter,2051,perp,spot,100000,292.457,100028.66336000005,99748.52197599996,-28.006110907617952,0.8999999999999999,-28.906110907617496,-32.39630876879983,-33.906110907617496,-38.906110907617496,0.001,0.0001,True,True,True,0,-28.906110907617496,196,USDC,USDG,True,ticker/price-unit candidate; settlement rules need review,False
12,1790655568253,GOOGL,stocks,rh_lighter,2051,rh_lighter,12,spot,perp,1000,2.9249,1000.345049,1001.047025,7.01733867430665,0.0,7.0173386743072195,0.01488260577121203,2.0173386743072195,-2.9826613256927805,0.0001,0.0001,True,True,True,0,7.0173386743072195,946,USDG,USDG,False,ticker/price-unit candidate; settlement rules need review,False
12,1790655568253,GOOGL,stocks,rh_lighter,2051,rh_lighter,12,spot,perp,10000,29.2491,10005.647834999998,10010.387272,4.736761755119723,0.0,4.736761755119278,-2.2648961114950144,-0.2632382448807222,-5.263238244880722,0.0001,0.0001,True,True,True,0,4.736761755119278,946,USDG,USDG,False,ticker/price-unit candidate; settlement rules need review,False
12,1790655568253,GOOGL,stocks,rh_lighter,2051,rh_lighter,12,spot,perp,100000,292.4917,100333.72194999998,100082.161992,-25.072323951597085,0.0,-25.072323951596765,-32.0635486382137,-30.072323951596765,-35.072323951596765,0.0001,0.0001,True,True,True,0,-25.072323951596765,946,USDG,USDG,False,ticker/price-unit candidate; settlement rules need review,False
12,1790655568449,GOOGL,stocks,rh_lighter,2051,hyperliquid,xyz:GOOGL,spot,perp,1000,2.924,1000.03724,999.77408,-2.631502002865549,0.8997631648197422,-3.5312651676848628,-7.031265167684863,-8.531265167684863,-13.531265167684863,0.0001,0.001,True,True,True,0,-3.5312651676848628,196,USDG,USDC,False,ticker/price-unit candidate; settlement rules need review,False
12,1790655568449,GOOGL,stocks,rh_lighter,2051,hyperliquid,xyz:GOOGL,spot,perp,10000,29.249,10005.613613999998,10000.74556,-4.865322795583049,0.8995621209483976,-5.764884916531083,-9.264884916531084,-10.764884916531084,-15.764884916531084,0.0001,0.001,True,True,True,0,-5.764884916531083,196,USDG,USDC,False,ticker/price-unit candidate; settlement rules need review,False
12,1790655568449,GOOGL,stocks,rh_lighter,2051,hyperliquid,xyz:GOOGL,spot,perp,100000,292.491,100333.48163999997,99984.15413999998,-34.81664288830122,0.8968665021400527,-35.7135093904417,-39.2135093904417,-40.7135093904417,-45.7135093904417,0.0001,0.001,True,True,True,0,-35.7135093904417,196,USDG,USDC,False,ticker/price-unit candidate; settlement rules need review,False
12,1790655568374,AMZN,stocks,rh_lighter,11,rh_lighter,2050,perp,spot,1000,4.0627,1000.114859,998.6116600000001,-15.03026363894766,0.0,-15.030263638947506,-22.025003046673877,-20.030263638947506,-25.030263638947506,0.0001,0.0001,True,True,True,0,-15.030263638947506,1060,USDG,USDG,True,ticker/price-unit candidate; settlement rules need review,False
12,1790655568374,AMZN,stocks,rh_lighter,11,rh_lighter,2050,perp,spot,10000,40.6272,10001.474702,9984.948735,-16.52353027168596,0.0,-16.52353027168571,-23.517747036090626,-21.52353027168571,-26.52353027168571,0.0001,0.0001,True,True,True,0,-16.52353027168571,1060,USDG,USDG,True,ticker/price-unit candidate; settlement rules need review,False
12,1790655568374,AMZN,stocks,rh_lighter,11,rh_lighter,2050,perp,spot,100000,406.2728,100056.40727600001,99632.076341,-42.40917164150315,0.0,-42.409171641503406,-49.39432843142887,-47.409171641503406,-52.409171641503406,0.0001,0.0001,True,True,True,0,-42.409171641503406,1060,USDG,USDG,True,ticker/price-unit candidate; settlement rules need review,False
12,1790655568559,AMZN,stocks,hyperliquid,xyz:AMZN,rh_lighter,2050,perp,spot,1000,4.065,1000.0277000000001,999.1770000000001,-8.506764362626873,0.9,-9.406764362626763,-12.903786995099843,-14.406764362626763,-19.406764362626763,0.001,0.0001,True,True,True,0,-9.406764362626763,185,USDC,USDG,True,ticker/price-unit candidate; settlement rules need review,False
12,1790655568559,AMZN,stocks,hyperliquid,xyz:AMZN,rh_lighter,2050,perp,spot,10000,40.652,10001.43111,9991.043335,-10.386288607849847,0.9,-11.28628860785028,-14.782653406837532,-16.28628860785028,-21.28628860785028,0.001,0.0001,True,True,True,0,-11.28628860785028,185,USDC,USDG,True,ticker/price-unit candidate; settlement rules need review,False
12,1790655568559,AMZN,stocks,hyperliquid,xyz:AMZN,rh_lighter,2050,perp,spot,100000,406.528,100037.72994,99694.61310100001,-34.29874300484248,0.8999999999999999,-35.198743004842996,-38.6867384447913,-40.198743004842996,-45.198743004842996,0.001,0.0001,True,True,True,0,-35.198743004842996,185,USDC,USDG,True,ticker/price-unit candidate; settlement rules need review,False
12,1790655568374,AMZN,stocks,rh_lighter,2050,rh_lighter,11,spot,perp,1000,4.0668,1000.3514639999999,1000.880148,5.284982518904968,0.0,5.284982518905097,-1.7168672249765207,0.28498251890509696,-4.715017481094903,0.0001,0.0001,True,True,True,0,5.284982518905097,1060,USDG,USDG,False,ticker/price-unit candidate; settlement rules need review,False
12,1790655568374,AMZN,stocks,rh_lighter,2050,rh_lighter,11,spot,perp,10000,40.6685,10004.936706,10008.924535,3.9858612974619234,0.0,3.9858612974614576,-3.0155337539926537,-1.0141387025385424,-6.014138702538542,0.0001,0.0001,True,True,True,0,3.9858612974614576,1060,USDG,USDG,False,ticker/price-unit candidate; settlement rules need review,False
12,1790655568374,AMZN,stocks,rh_lighter,2050,rh_lighter,11,spot,perp,100000,406.6859,100290.746378,100069.84162200002,-22.0264345393717,0.0,-22.02643453937168,-29.018725287282898,-27.02643453937168,-32.02643453937168,0.0001,0.0001,True,True,True,0,-22.02643453937168,1060,USDG,USDG,False,ticker/price-unit candidate; settlement rules need review,False
12,1790655568559,AMZN,stocks,rh_lighter,2050,hyperliquid,xyz:AMZN,spot,perp,1000,4.066,1000.1546799999999,1000.11402,-0.40653711683713567,0.8999634116594846,-1.3065005284971412,-4.806500528497141,-6.306500528497141,-11.306500528497141,0.0001,0.001,True,True,True,0,-1.3065005284971412,185,USDG,USDC,False,ticker/price-unit candidate; settlement rules need review,False
12,1790655568559,AMZN,stocks,rh_lighter,2050,hyperliquid,xyz:AMZN,spot,perp,10000,40.668,10004.813676,10002.39711,-2.415403303108743,0.8997826137027201,-3.315185916811546,-6.815185916811545,-8.315185916811545,-13.315185916811545,0.0001,0.001,True,True,True,0,-3.315185916811546,185,USDG,USDC,False,ticker/price-unit candidate; settlement rules need review,False
12,1790655568559,AMZN,stocks,rh_lighter,2050,hyperliquid,xyz:AMZN,spot,perp,100000,406.685,100290.52424,99984.03981000002,-30.55965978067343,0.8972496306197394,-31.456909411293573,-34.95690941129358,-36.45690941129357,-41.45690941129357,0.0001,0.001,True,True,True,0,-31.456909411293573,185,USDG,USDC,False,ticker/price-unit candidate; settlement rules need review,False
13,1790655627996,NVDA,stocks,rh_lighter,15,rh_lighter,2054,perp,spot,1000,4.373,1000.1488300000001,998.74947,-13.991517642429896,0.0,-13.991517642430427,-20.98662061125558,-18.991517642430427,-23.991517642430427,0.0001,0.0001,True,True,True,0,-13.991517642430427,1064,USDG,USDG,True,ticker/price-unit candidate; settlement rules need review,False
13,1790655627996,NVDA,stocks,rh_lighter,15,rh_lighter,2054,perp,spot,10000,43.7301,10001.511171,9985.929245,-15.57957166031243,0.0,-15.579571660312201,-22.57411881023109,-20.5795716603122,-25.5795716603122,0.0001,0.0001,True,True,True,0,-15.579571660312201,1064,USDG,USDG,True,ticker/price-unit candidate; settlement rules need review,False
13,1790655627996,NVDA,stocks,rh_lighter,15,rh_lighter,2054,perp,spot,100000,437.3018,100028.795589,99717.69794100003,-31.100809138820964,0.0,-31.10080913882134,-38.08992385562275,-36.10080913882134,-41.10080913882134,0.0001,0.0001,True,True,True,0,-31.10080913882134,1064,USDG,USDG,True,ticker/price-unit candidate; settlement rules need review,False
13,1790655628251,NVDA,stocks,hyperliquid,xyz:NVDA,rh_lighter,2054,perp,spot,1000,4.378,999.8038600000001,999.8914199999999,0.8757717738738791,0.9,-0.024228226126014676,-3.52453474624687,-5.024228226126015,-10.024228226126015,0.001,0.0001,True,True,True,0,-0.024228226126014676,255,USDC,USDG,True,ticker/price-unit candidate; settlement rules need review,False
13,1790655628251,NVDA,stocks,hyperliquid,xyz:NVDA,rh_lighter,2054,perp,spot,10000,43.789,10000.488030000002,9999.377882,-1.1100938240926617,0.9,-2.0100938240926753,-5.509705291254242,-7.010093824092675,-12.010093824092674,0.001,0.0001,True,True,True,0,-2.0100938240926753,255,USDC,USDG,True,ticker/price-unit candidate; settlement rules need review,False
13,1790655628251,NVDA,stocks,hyperliquid,xyz:NVDA,rh_lighter,2054,perp,spot,100000,437.895,100012.75435999999,99852.86449300003,-15.986947667138152,0.8999999999999999,-16.886947667137694,-20.38135223545419,-21.886947667137694,-26.886947667137694,0.001,0.0001,True,True,True,0,-16.886947667137694,255,USDC,USDG,True,ticker/price-unit candidate; settlement rules need review,False
13,1790655627996,NVDA,stocks,rh_lighter,2054,rh_lighter,15,spot,perp,1000,4.3777,1000.1731189999999,1000.9173279999999,7.440801855822521,0.0,7.440801855823075,0.43819757517353675,2.440801855823075,-2.559198144176925,0.0001,0.0001,True,True,True,0,7.440801855823075,1064,USDG,USDG,False,ticker/price-unit candidate; settlement rules need review,False
13,1790655627996,NVDA,stocks,rh_lighter,2054,rh_lighter,15,spot,perp,10000,43.777,10001.73119,10009.173279999999,7.440801855822521,0.0,7.440801855822166,0.4381975751726276,2.4408018558221656,-2.5591981441778344,0.0001,0.0001,True,True,True,0,7.440801855822166,1064,USDG,USDG,False,ticker/price-unit candidate; settlement rules need review,False
13,1790655627996,NVDA,stocks,rh_lighter,2054,rh_lighter,15,spot,perp,100000,437.7708,100166.25609100002,100083.985064,-8.213447343512481,0.0,-8.213447343512764,-15.210572636942533,-13.213447343512764,-18.21344734351276,0.0001,0.0001,True,True,True,0,-8.213447343512764,1064,USDG,USDG,False,ticker/price-unit candidate; settlement rules need review,False
13,1790655628251,NVDA,stocks,rh_lighter,2054,hyperliquid,xyz:NVDA,spot,perp,1000,4.377,1000.0131899999999,999.5317200000001,-4.81463649494307,0.8995666827154551,-5.714203177658398,-9.214203177658398,-10.714203177658398,-15.714203177658398,0.0001,0.001,True,True,True,0,-5.714203177658398,255,USDG,USDC,False,ticker/price-unit candidate; settlement rules need review,False
13,1790655628251,NVDA,stocks,rh_lighter,2054,hyperliquid,xyz:NVDA,spot,perp,10000,43.777,10001.73119,9996.91572,-4.81463649494418,0.8995666827154551,-5.714203177659638,-9.214203177659636,-10.714203177659638,-15.714203177659638,0.0001,0.001,True,True,True,0,-5.714203177659638,255,USDG,USDC,False,ticker/price-unit candidate; settlement rules need review,False
13,1790655628251,NVDA,stocks,rh_lighter,2054,hyperliquid,xyz:NVDA,spot,perp,100000,437.77,100166.07294700001,99956.57646999999,-20.914913686480574,0.8981176577682167,-21.813031344248813,-25.313031344248813,-26.813031344248813,-31.813031344248813,0.0001,0.001,True,True,True,0,-21.813031344248813,255,USDG,USDC,False,ticker/price-unit candidate; settlement rules need review,False
13,1790655628071,AAPL,stocks,rh_lighter,10,rh_lighter,2049,perp,spot,1000,2.9612,1000.1156880000001,999.4938359999999,-6.2178006750779335,0.0,-6.217800675077673,-13.215624444841398,-11.217800675077672,-16.217800675077672,0.0001,0.0001,True,True,True,0,-6.217800675077673,901,USDG,USDG,True,ticker/price-unit candidate; settlement rules need review,False
13,1790655628071,AAPL,stocks,rh_lighter,10,rh_lighter,2049,perp,spot,10000,29.612,10001.375923,9992.076959999999,-9.297683710314253,0.0,-9.29768371031472,-16.294429521016113,-14.29768371031472,-19.297683710314722,0.0001,0.0001,True,True,True,0,-9.29768371031472,901,USDG,USDG,True,ticker/price-unit candidate; settlement rules need review,False
13,1790655628071,AAPL,stocks,rh_lighter,10,rh_lighter,2049,perp,spot,100000,296.1208,100030.73822199996,91329.131944,-869.8932380853108,0.0,-869.8932380853109,-876.5887754519812,-874.8932380853109,-879.8932380853109,0.0001,0.0001,True,True,True,0,-869.8932380853109,901,USDG,USDG,True,ticker/price-unit candidate; settlement rules need review,False
13,1790655628261,AAPL,stocks,hyperliquid,xyz:AAPL,rh_lighter,2049,perp,spot,1000,2.963,999.97163,1000.1013899999999,1.2976368139550054,0.8999999999999999,0.3976368139556047,-3.10281735892928,-4.602363186044395,-9.602363186044395,0.001,0.0001,True,True,True,0,0.3976368139556047,190,USDC,USDG,True,ticker/price-unit candidate; settlement rules need review,False
13,1790655628261,AAPL,stocks,hyperliquid,xyz:AAPL,rh_lighter,2049,perp,spot,10000,29.631,10000.49382,9998.471979999998,-2.0217401624289533,0.9,-2.9217401624285473,-6.421032553371697,-7.921740162428547,-12.921740162428547,0.001,0.0001,True,True,True,0,-2.9217401624285473,190,USDC,USDG,True,ticker/price-unit candidate; settlement rules need review,False
13,1790655628261,AAPL,stocks,hyperliquid,xyz:AAPL,rh_lighter,2049,perp,spot,100000,296.318,100017.71663000001,91329.13785999999,-868.7039719314993,0.9,-869.6039719314996,-872.7999255413237,-874.6039719314996,-879.6039719314996,0.001,0.0001,True,True,True,0,-869.6039719314996,190,USDC,USDG,True,ticker/price-unit candidate; settlement rules need review,False
13,1790655628071,AAPL,stocks,rh_lighter,2049,rh_lighter,10,spot,perp,1000,2.9606,1000.653194,999.676196,-9.763602473445987,0.0,-9.763602473445765,-16.76018521258006,-14.763602473445765,-19.763602473445765,0.0001,0.0001,True,True,True,0,-9.763602473445765,901,USDG,USDG,False,ticker/price-unit candidate; settlement rules need review,False
13,1790655628071,AAPL,stocks,rh_lighter,2049,rh_lighter,10,spot,perp,10000,29.6068,10009.899336,9996.771340999998,-13.11501200895071,0.0,-13.115012008950492,-20.110421754747357,-18.115012008950494,-23.115012008950494,0.0001,0.0001,True,True,True,0,-13.115012008950492,901,USDG,USDG,False,ticker/price-unit candidate; settlement rules need review,False
13,1790655628261,AAPL,stocks,rh_lighter,2049,hyperliquid,xyz:AAPL,spot,perp,1000,2.96,1000.4504000000001,998.9112000000001,-15.385070564217784,0.8986153436492204,-16.283685907866467,-19.78368590786647,-21.283685907866467,-26.283685907866467,0.0001,0.001,True,True,True,0,-16.283685907866467,190,USDG,USDC,False,ticker/price-unit candidate; settlement rules need review,False
13,1790655628261,AAPL,stocks,rh_lighter,2049,hyperliquid,xyz:AAPL,spot,perp,10000,29.606,10009.628120000001,9990.87039,-18.73968720428443,0.8983134281516143,-19.638000632436256,-23.138000632436256,-24.638000632436256,-29.638000632436256,0.0001,0.001,True,True,True,0,-19.638000632436256,190,USDG,USDC,False,ticker/price-unit candidate; settlement rules need review,False
13,1790655628061,TSLA,stocks,rh_lighter,16,rh_lighter,2055,perp,spot,1000,2.7994,1000.1136439999999,998.82592,-12.875776745226997,0.0,-12.875776745226686,-19.87127022336586,-17.875776745226688,-22.875776745226688,0.0001,0.0001,True,True,True,0,-12.875776745226686,736,USDG,USDG,True,ticker/price-unit candidate; settlement rules need review,False
13,1790655628061,TSLA,stocks,rh_lighter,16,rh_lighter,2055,perp,spot,10000,27.9947,10001.428106,9986.940440000002,-14.485597303155462,0.0,-14.485597303155041,-21.480527344098938,-19.48559730315504,-24.48559730315504,0.0001,0.0001,True,True,True,0,-14.485597303155041,736,USDG,USDG,True,ticker/price-unit candidate; settlement rules need review,False
13,1790655628061,TSLA,stocks,rh_lighter,16,rh_lighter,2055,perp,spot,100000,279.9473,100037.66999599998,99732.43917099998,-30.511588785725465,0.0,-30.511588785725486,-37.50090972965048,-35.511588785725486,-40.511588785725486,0.0001,0.0001,True,True,True,0,-30.511588785725486,736,USDG,USDG,True,ticker/price-unit candidate; settlement rules need review,False
13,1790655628254,TSLA,stocks,hyperliquid,xyz:TSLA,rh_lighter,2055,perp,spot,1000,2.801,999.9009800000001,999.3968000000001,-5.042299288475771,0.9,-5.942299288475738,-9.440534483724772,-10.942299288475738,-15.942299288475738,0.001,0.0001,True,True,True,0,-5.942299288475738,193,USDC,USDG,True,ticker/price-unit candidate; settlement rules need review,False
13,1790655628254,TSLA,stocks,hyperliquid,xyz:TSLA,rh_lighter,2055,perp,spot,10000,28.013,10000.39883,9993.467501000001,-6.93105256882931,0.9,-7.831052568829493,-11.3286267004304,-12.831052568829493,-17.83105256882949,0.001,0.0001,True,True,True,0,-7.831052568829493,193,USDC,USDG,True,ticker/price-unit candidate; settlement rules need review,False
13,1790655628254,TSLA,stocks,hyperliquid,xyz:TSLA,rh_lighter,2055,perp,spot,100000,280.139,100024.81117999998,99800.68820499998,-22.406738123871285,0.8999999999999999,-23.306738123871074,-26.79889576552772,-28.306738123871074,-33.30673812387107,0.001,0.0001,True,True,True,0,-23.306738123871074,193,USDC,USDG,True,ticker/price-unit candidate; settlement rules need review,False
13,1790655628061,TSLA,stocks,rh_lighter,2055,rh_lighter,16,spot,perp,1000,2.8023,1000.0848239999999,1000.869468,7.845774490025104,0.0,7.84577449002537,0.8430284689538615,2.84577449002537,-2.15422550997463,0.0001,0.0001,True,True,True,0,7.84577449002537,736,USDG,USDG,False,ticker/price-unit candidate; settlement rules need review,False
13,1790655628061,TSLA,stocks,rh_lighter,2055,rh_lighter,16,spot,perp,10000,28.0237,10001.098056,10008.361931,7.263077473418367,0.0,7.263077473418918,0.26053539630322103,2.2630774734189183,-2.7369225265810817,0.0001,0.0001,True,True,True,0,7.263077473418918,736,USDG,USDG,False,ticker/price-unit candidate; settlement rules need review,False
13,1790655628061,TSLA,stocks,rh_lighter,2055,rh_lighter,16,spot,perp,100000,280.2376,100159.22726200001,100062.86870300001,-9.620537381737071,0.0,-9.620537381737396,-16.617170193653788,-14.620537381737396,-19.620537381737396,0.0001,0.0001,True,True,True,0,-9.620537381737396,736,USDG,USDG,False,ticker/price-unit candidate; settlement rules need review,False
13,1790655628254,TSLA,stocks,rh_lighter,2055,hyperliquid,xyz:TSLA,spot,perp,1000,2.802,999.97776,1000.1739,1.961443622506831,0.9001765299260257,1.0612670925802787,-2.438732907419722,-3.9387329074197215,-8.938732907419721,0.0001,0.001,True,True,True,0,1.0612670925802787,193,USDG,USDC,False,ticker/price-unit candidate; settlement rules need review,False
13,1790655628254,TSLA,stocks,rh_lighter,2055,hyperliquid,xyz:TSLA,spot,perp,10000,28.023,10000.84824,10002.35504,1.5066721980394604,0.9001356004978236,0.6065365975406717,-2.8934634024593286,-4.393463402459329,-9.393463402459329,0.0001,0.001,True,True,True,0,0.6065365975406717,193,USDG,USDC,False,ticker/price-unit candidate; settlement rules need review,False
13,1790655628254,TSLA,stocks,rh_lighter,2055,hyperliquid,xyz:TSLA,spot,perp,100000,280.237,100159.01266000002,100007.42706000003,-15.134494238133733,0.898637895518568,-16.033132133652085,-19.533132133652085,-21.033132133652085,-26.033132133652085,0.0001,0.001,True,True,True,0,-16.033132133652085,193,USDG,USDC,False,ticker/price-unit candidate; settlement rules need review,False
13,1790655628092,META,stocks,rh_lighter,13,rh_lighter,2052,perp,spot,1000,1.4009,1000.1305279999999,999.3320150000001,-7.984087852979105,0.0,-7.984087852979163,-14.98129342223062,-12.984087852979162,-17.98408785297916,0.0001,0.0001,True,True,True,0,-7.984087852979163,778,USDG,USDG,True,ticker/price-unit candidate; settlement rules need review,False
13,1790655628092,META,stocks,rh_lighter,13,rh_lighter,2052,perp,spot,10000,14.0094,10002.591329000003,9992.313078,-10.275588257019352,0.0,-10.275588257019116,-17.27199180112916,-15.275588257019116,-20.275588257019116,0.0001,0.0001,True,True,True,0,-10.275588257019116,778,USDG,USDG,True,ticker/price-unit candidate; settlement rules need review,False
13,1790655628092,META,stocks,rh_lighter,13,rh_lighter,2052,perp,spot,100000,140.0942,100045.499215,99657.63663600001,-38.76861848292279,0.0,-38.76861848292325,-45.75504946645423,-43.76861848292325,-48.76861848292325,0.0001,0.0001,True,True,True,0,-38.76861848292325,778,USDG,USDG,True,ticker/price-unit candidate; settlement rules need review,False
13,1790655628292,META,stocks,hyperliquid,xyz:META,rh_lighter,2052,perp,spot,1000,1.402,999.56992,1000.1166999999999,5.4701526032308045,0.8999999999999999,4.570152603230586,1.0682380498194546,-0.4298473967694143,-5.429847396769414,0.001,0.0001,True,True,True,0,4.570152603230586,200,USDC,USDG,True,ticker/price-unit candidate; settlement rules need review,False
13,1790655628292,META,stocks,hyperliquid,xyz:META,rh_lighter,2052,perp,spot,10000,14.026,9999.97696,10004.151036,4.174085617092427,0.8999999999999999,3.274085617092593,-0.2273753128733894,-1.725914382907407,-6.725914382907407,0.001,0.0001,True,True,True,0,3.274085617092593,200,USDC,USDG,True,ticker/price-unit candidate; settlement rules need review,False
13,1790655628292,META,stocks,hyperliquid,xyz:META,rh_lighter,2052,perp,spot,100000,140.261,100016.32973999999,99776.17472400001,-24.01158057132036,0.9,-24.911580571320332,-28.403176518120368,-29.911580571320332,-34.91158057132033,0.001,0.0001,True,True,True,0,-24.911580571320332,200,USDC,USDG,True,ticker/price-unit candidate; settlement rules need review,False
13,1790655628092,META,stocks,rh_lighter,2052,rh_lighter,13,spot,perp,1000,1.4014,1000.1791800000001,1000.1651660000001,-0.14011489421261736,0.0,-0.1401148942130015,-7.140065854000028,-5.140114894213001,-10.140114894213001,0.0001,0.0001,True,True,True,0,-0.1401148942130015,778,USDG,USDG,False,ticker/price-unit candidate; settlement rules need review,False
13,1790655628092,META,stocks,rh_lighter,2052,rh_lighter,13,spot,perp,10000,14.0149,10002.714361000002,10001.336023,-1.3779639708355607,0.0,-1.3779639708360742,-8.377481683446282,-6.377963970836074,-11.377963970836074,0.0001,0.0001,True,True,True,0,-1.3779639708360742,778,USDG,USDG,False,ticker/price-unit candidate; settlement rules need review,False
13,1790655628092,META,stocks,rh_lighter,2052,rh_lighter,13,spot,perp,100000,140.1492,100234.09915600004,99989.03631600001,-24.449048982684296,0.0,-24.44904898268428,-31.440491815540344,-29.44904898268428,-34.449048982684275,0.0001,0.0001,True,True,True,0,-24.44904898268428,778,USDG,USDG,False,ticker/price-unit candidate; settlement rules need review,False
13,1790655628292,META,stocks,rh_lighter,2052,hyperliquid,xyz:META,spot,perp,1000,1.401,999.8937000000001,998.8429500000001,-10.508617065994041,0.8990542244640606,-11.407671290458111,-14.907671290458111,-16.40767129045811,-21.40767129045811,0.0001,0.001,True,True,True,0,-11.407671290458111,200,USDG,USDC,False,ticker/price-unit candidate; settlement rules need review,False
13,1790655628292,META,stocks,rh_lighter,2052,hyperliquid,xyz:META,spot,perp,10000,14.014,10002.07186,9990.817689999996,-11.251838776534795,0.898987334510112,-12.150826111045154,-15.650826111045152,-17.150826111045156,-22.150826111045156,0.0001,0.001,True,True,True,0,-12.150826111045154,200,USDG,USDC,False,ticker/price-unit candidate; settlement rules need review,False
13,1790655628292,META,stocks,rh_lighter,2052,hyperliquid,xyz:META,spot,perp,100000,140.149,100233.95600200002,99898.22373000001,-33.49486395541557,0.8969854622440127,-34.391849417659415,-37.891849417659415,-39.391849417659415,-44.391849417659415,0.0001,0.001,True,True,True,0,-34.391849417659415,200,USDG,USDC,False,ticker/price-unit candidate; settlement rules need review,False
13,1790655628130,GOOGL,stocks,rh_lighter,12,rh_lighter,2051,perp,spot,1000,2.9215,1000.0878799999999,998.481055,-16.066838046272515,0.0,-16.066838046272075,-23.06121465295588,-21.066838046272075,-26.066838046272075,0.0001,0.0001,True,True,True,0,-16.066838046272075,758,USDG,USDG,True,ticker/price-unit candidate; settlement rules need review,False
13,1790655628130,GOOGL,stocks,rh_lighter,12,rh_lighter,2051,perp,spot,10000,29.2154,10001.844234999999,9984.742881999999,-17.098199690169793,0.0,-17.09819969016946,-24.092215320277898,-22.09819969016946,-27.09819969016946,0.0001,0.0001,True,True,True,0,-17.09819969016946,758,USDG,USDG,True,ticker/price-unit candidate; settlement rules need review,False
13,1790655628130,GOOGL,stocks,rh_lighter,12,rh_lighter,2051,perp,spot,100000,292.1541,100044.29,99645.269424,-39.884392802427286,0.0,-39.88439280242734,-46.87043326494649,-44.88439280242734,-49.88439280242734,0.0001,0.0001,True,True,True,0,-39.88439280242734,758,USDG,USDG,True,ticker/price-unit candidate; settlement rules need review,False
13,1790655628324,GOOGL,stocks,hyperliquid,xyz:GOOGL,rh_lighter,2051,perp,spot,1000,2.924,999.86217,999.33548,-5.267626036896678,0.9,-6.16762603689697,-9.665782367784058,-11.16762603689697,-16.16762603689697,0.001,0.0001,True,True,True,0,-6.16762603689697,194,USDC,USDG,True,ticker/price-unit candidate; settlement rules need review,False
13,1790655628324,GOOGL,stocks,hyperliquid,xyz:GOOGL,rh_lighter,2051,perp,spot,10000,29.245,10000.77929,9994.858978,-5.919850671957105,0.9,-6.819850671957179,-10.317778724221997,-11.81985067195718,-16.81985067195718,0.001,0.0001,True,True,True,0,-6.819850671957179,194,USDC,USDG,True,ticker/price-unit candidate; settlement rules need review,False
13,1790655628324,GOOGL,stocks,hyperliquid,xyz:GOOGL,rh_lighter,2051,perp,spot,100000,292.453,100027.47605,99747.15845599995,-28.024059495406206,0.9,-28.924059495406116,-32.41425107458273,-33.92405949540611,-38.92405949540611,0.001,0.0001,True,True,True,0,-28.924059495406116,194,USDC,USDG,True,ticker/price-unit candidate; settlement rules need review,False
13,1790655628130,GOOGL,stocks,rh_lighter,2051,rh_lighter,12,spot,perp,1000,2.9249,1000.345049,1001.047025,7.01733867430665,0.0,7.0173386743072195,0.01488260577121203,2.0173386743072195,-2.9826613256927805,0.0001,0.0001,True,True,True,0,7.0173386743072195,758,USDG,USDG,False,ticker/price-unit candidate; settlement rules need review,False
13,1790655628130,GOOGL,stocks,rh_lighter,2051,rh_lighter,12,spot,perp,10000,29.2491,10005.647834999998,10010.422333,4.771802964422811,0.0,4.771802964422939,-2.229867166614609,-0.22819703557706106,-5.228197035577061,0.0001,0.0001,True,True,True,0,4.771802964422939,758,USDG,USDG,False,ticker/price-unit candidate; settlement rules need review,False
13,1790655628130,GOOGL,stocks,rh_lighter,2051,rh_lighter,12,spot,perp,100000,292.4917,100333.72194999998,100085.21948100001,-24.76759200897627,0.0,-24.767592008976607,-31.758923351773465,-29.767592008976607,-34.76759200897661,0.0001,0.0001,True,True,True,0,-24.767592008976607,758,USDG,USDG,False,ticker/price-unit candidate; settlement rules need review,False
13,1790655628324,GOOGL,stocks,rh_lighter,2051,hyperliquid,xyz:GOOGL,spot,perp,1000,2.924,1000.03724,999.77408,-2.631502002865549,0.8997631648197422,-3.5312651676848628,-7.031265167684863,-8.531265167684863,-13.531265167684863,0.0001,0.001,True,True,True,0,-3.5312651676848628,194,USDG,USDC,False,ticker/price-unit candidate; settlement rules need review,False
13,1790655628324,GOOGL,stocks,rh_lighter,2051,hyperliquid,xyz:GOOGL,spot,perp,10000,29.249,10005.613613999998,10000.784,-4.826904362208451,0.8995655786074013,-5.726469940815367,-9.226469940815367,-10.726469940815367,-15.726469940815367,0.0001,0.001,True,True,True,0,-5.726469940815367,194,USDG,USDC,False,ticker/price-unit candidate; settlement rules need review,False
13,1790655628324,GOOGL,stocks,rh_lighter,2051,hyperliquid,xyz:GOOGL,spot,perp,100000,292.491,100333.48163999997,99984.58209999997,-34.77398913075302,0.8968703409782323,-35.67085947173144,-39.17085947173145,-40.67085947173144,-45.67085947173144,0.0001,0.001,True,True,True,0,-35.67085947173144,194,USDG,USDC,False,ticker/price-unit candidate; settlement rules need review,False
13,1790655628144,AMZN,stocks,rh_lighter,11,rh_lighter,2050,perp,spot,1000,4.0629,1000.042206,998.6608200000001,-13.813276996830215,0.0,-13.813276996830139,-20.80844234988125,-18.81327699683014,-23.81327699683014,0.0001,0.0001,True,True,True,0,-13.813276996830139,727,USDG,USDG,True,ticker/price-unit candidate; settlement rules need review,False
13,1790655628144,AMZN,stocks,rh_lighter,11,rh_lighter,2050,perp,spot,10000,40.6297,10001.951430000001,9985.563110000001,-16.385122558029153,0.0,-16.385122558028677,-23.37938776513337,-21.385122558028677,-26.385122558028677,0.0001,0.0001,True,True,True,0,-16.385122558028677,727,USDG,USDG,True,ticker/price-unit candidate; settlement rules need review,False
13,1790655628144,AMZN,stocks,rh_lighter,11,rh_lighter,2050,perp,spot,100000,406.2976,100062.23831799999,99638.153581,-42.38209579644159,0.0,-42.38209579644143,-49.36726206291269,-47.38209579644143,-52.38209579644143,0.0001,0.0001,True,True,True,0,-42.38209579644143,727,USDG,USDG,True,ticker/price-unit candidate; settlement rules need review,False
13,1790655628333,AMZN,stocks,hyperliquid,xyz:AMZN,rh_lighter,2050,perp,spot,1000,4.065,1000.03065,999.1770000000001,-8.536238364292847,0.8999999999999999,-9.436238364293157,-12.933250680865653,-14.436238364293157,-19.436238364293157,0.001,0.0001,True,True,True,0,-9.436238364293157,189,USDC,USDG,True,ticker/price-unit candidate; settlement rules need review,False
13,1790655628333,AMZN,stocks,hyperliquid,xyz:AMZN,rh_lighter,2050,perp,spot,10000,40.651,10000.552510000001,9990.797585,-9.754386060416564,0.9,-10.65438606041687,-14.150972025295722,-15.65438606041687,-20.65438606041687,0.001,0.0001,True,True,True,0,-10.65438606041687,189,USDC,USDG,True,ticker/price-unit candidate; settlement rules need review,False
13,1790655628333,AMZN,stocks,hyperliquid,xyz:AMZN,rh_lighter,2050,perp,spot,100000,406.512,100033.75196,99690.692301,-34.29439087091035,0.9,-35.19439087091015,-38.68238783410533,-40.19439087091015,-45.19439087091015,0.001,0.0001,True,True,True,0,-35.19439087091015,189,USDC,USDG,True,ticker/price-unit candidate; settlement rules need review,False
13,1790655628144,AMZN,stocks,rh_lighter,2050,rh_lighter,11,spot,perp,1000,4.0668,1000.3514639999999,1000.880148,5.284982518904968,0.0,5.284982518905097,-1.7168672249765207,0.28498251890509696,-4.715017481094903,0.0001,0.0001,True,True,True,0,5.284982518905097,727,USDG,USDG,False,ticker/price-unit candidate; settlement rules need review,False
13,1790655628144,AMZN,stocks,rh_lighter,2050,rh_lighter,11,spot,perp,10000,40.6685,10004.936706,10008.924535,3.9858612974619234,0.0,3.9858612974614576,-3.0155337539926537,-1.0141387025385424,-6.014138702538542,0.0001,0.0001,True,True,True,0,3.9858612974614576,727,USDG,USDG,False,ticker/price-unit candidate; settlement rules need review,False
13,1790655628144,AMZN,stocks,rh_lighter,2050,rh_lighter,11,spot,perp,100000,406.6859,100290.746378,100070.592559,-21.951558538634288,0.0,-21.95155853863429,-28.943875493145768,-26.95155853863429,-31.95155853863429,0.0001,0.0001,True,True,True,0,-21.95155853863429,727,USDG,USDG,False,ticker/price-unit candidate; settlement rules need review,False
13,1790655628333,AMZN,stocks,rh_lighter,2050,hyperliquid,xyz:AMZN,spot,perp,1000,4.066,1000.1546799999999,1000.12222,-0.32454979863594247,0.8999707905181228,-1.2245205891542787,-4.724520589154278,-6.224520589154279,-11.22452058915428,0.0001,0.001,True,True,True,0,-1.2245205891542787,189,USDG,USDC,False,ticker/price-unit candidate; settlement rules need review,False
13,1790655628333,AMZN,stocks,rh_lighter,2050,hyperliquid,xyz:AMZN,spot,perp,10000,40.668,10004.813676,10002.259399999997,-2.5530470458734467,0.8997702257658713,-3.4528172716392858,-6.952817271639287,-8.452817271639287,-13.452817271639287,0.0001,0.001,True,True,True,0,-3.4528172716392858,189,USDG,USDC,False,ticker/price-unit candidate; settlement rules need review,False
13,1790655628333,AMZN,stocks,rh_lighter,2050,hyperliquid,xyz:AMZN,spot,perp,100000,406.685,100290.52424,99981.52692999999,-30.8102198429594,0.8972270802141336,-31.707446923173656,-35.207446923173656,-36.707446923173656,-41.707446923173656,0.0001,0.001,True,True,True,0,-31.707446923173656,189,USDG,USDC,False,ticker/price-unit candidate; settlement rules need review,False
14,1790655687841,NVDA,stocks,rh_lighter,15,rh_lighter,2054,perp,spot,1000,4.3738,1000.156846,998.75723,-13.993965102548911,0.0,-13.993965102548762,-20.98906721476287,-18.993965102548763,-23.993965102548763,0.0001,0.0001,True,True,True,0,-13.993965102548762,914,USDG,USDG,True,ticker/price-unit candidate; settlement rules need review,False
14,1790655687841,NVDA,stocks,rh_lighter,15,rh_lighter,2054,perp,spot,10000,43.7387,10001.728529,9986.321844,-15.404022370061332,0.0,-15.404022370061595,-22.398630962232073,-20.404022370061597,-25.404022370061597,0.0001,0.0001,True,True,True,0,-15.404022370061595,914,USDG,USDG,True,ticker/price-unit candidate; settlement rules need review,False
14,1790655687841,NVDA,stocks,rh_lighter,15,rh_lighter,2054,perp,spot,100000,437.3879,100029.675395,99728.09722000003,-30.148870703528008,0.0,-30.148870703528015,-37.13831859878178,-35.14887070352802,-40.14887070352802,0.0001,0.0001,True,True,True,0,-30.148870703528015,914,USDG,USDG,True,ticker/price-unit candidate; settlement rules need review,False
14,1790655688036,NVDA,stocks,hyperliquid,xyz:NVDA,rh_lighter,2054,perp,spot,1000,4.379,999.8132799999998,999.9446499999999,1.3139453398736123,0.9,0.41394533987446974,-3.0865145409944863,-4.58605466012553,-9.58605466012553,0.001,0.0001,True,True,True,0,0.41394533987446974,195,USDC,USDG,True,ticker/price-unit candidate; settlement rules need review,False
14,1790655688036,NVDA,stocks,hyperliquid,xyz:NVDA,rh_lighter,2054,perp,spot,10000,43.799,10000.36375,10000.088334,-0.27540598210751277,0.9,-1.1754059821078058,-4.675309590014068,-6.175405982107806,-11.175405982107806,0.001,0.0001,True,True,True,0,-1.1754059821078058,195,USDC,USDG,True,ticker/price-unit candidate; settlement rules need review,False
14,1790655688036,NVDA,stocks,hyperliquid,xyz:NVDA,rh_lighter,2054,perp,spot,100000,437.991,100018.09539,99865.51958600002,-15.254819980828893,0.9,-16.154819980828496,-19.649480793835203,-21.154819980828496,-26.154819980828496,0.001,0.0001,True,True,True,0,-16.154819980828496,195,USDC,USDG,True,ticker/price-unit candidate; settlement rules need review,False
14,1790655687841,NVDA,stocks,rh_lighter,2054,rh_lighter,15,spot,perp,1000,4.3782,1000.1997899999999,1000.812738,6.128255635806656,0.0,6.128255635807262,-0.8738892536652706,1.1282556358072622,-3.871744364192738,0.0001,0.0001,True,True,True,0,6.128255635807262,914,USDG,USDG,False,ticker/price-unit candidate; settlement rules need review,False
14,1790655687841,NVDA,stocks,rh_lighter,2054,rh_lighter,15,spot,perp,10000,43.7828,10002.18066,10008.310252000001,6.128255635806656,0.0,6.128255635807662,-0.8738892536648719,1.1282556358076619,-3.871744364192338,0.0001,0.0001,True,True,True,0,6.128255635807662,914,USDG,USDG,False,ticker/price-unit candidate; settlement rules need review,False
14,1790655687841,NVDA,stocks,rh_lighter,2054,rh_lighter,15,spot,perp,100000,437.8283,100172.28088900003,100077.28676799998,-9.483074574823114,0.0,-9.483074574823387,-16.4797554987222,-14.483074574823387,-19.483074574823387,0.0001,0.0001,True,True,True,0,-9.483074574823387,914,USDG,USDG,False,ticker/price-unit candidate; settlement rules need review,False
14,1790655688036,NVDA,stocks,rh_lighter,2054,hyperliquid,xyz:NVDA,spot,perp,1000,4.378,1000.1541,999.54118,-6.128255635805546,0.8994484569927774,-7.027704092798474,-10.527704092798475,-12.027704092798473,-17.027704092798473,0.0001,0.001,True,True,True,0,-7.027704092798474,195,USDG,USDC,False,ticker/price-unit candidate; settlement rules need review,False
14,1790655688036,NVDA,stocks,rh_lighter,2054,hyperliquid,xyz:NVDA,spot,perp,10000,43.782,10001.997899999998,9995.4744,-6.522196930274227,0.8994130022762753,-7.421609932550908,-10.921609932550906,-12.421609932550908,-17.421609932550908,0.0001,0.001,True,True,True,0,-7.421609932550908,195,USDG,USDC,False,ticker/price-unit candidate; settlement rules need review,False
14,1790655688036,NVDA,stocks,rh_lighter,2054,hyperliquid,xyz:NVDA,spot,perp,100000,437.828,100172.21221000003,99948.06012000001,-22.376673635808864,0.8979860993727773,-23.274659735181835,-26.77465973518183,-28.274659735181835,-33.274659735181835,0.0001,0.001,True,True,True,0,-23.274659735181835,195,USDG,USDC,False,ticker/price-unit candidate; settlement rules need review,False
14,1790655688000,AAPL,stocks,rh_lighter,10,rh_lighter,2049,perp,spot,1000,2.9606,1000.1938419999999,999.2913179999999,-9.023490868482753,0.0,-9.023490868482785,-16.020332646678813,-14.023490868482785,-19.023490868482785,0.0001,0.0001,True,True,True,0,-9.023490868482785,707,USDG,USDG,True,ticker/price-unit candidate; settlement rules need review,False
14,1790655688000,AAPL,stocks,rh_lighter,10,rh_lighter,2049,perp,spot,10000,29.6063,10003.695346,9990.158453999999,-13.531891497889914,0.0,-13.531891497889982,-20.52715533586572,-18.53189149788998,-23.53189149788998,0.0001,0.0001,True,True,True,0,-13.531891497889982,707,USDG,USDG,True,ticker/price-unit candidate; settlement rules need review,False
14,1790655688000,AAPL,stocks,rh_lighter,10,rh_lighter,2049,perp,spot,100000,296.0638,100059.13917600006,91329.130234,-872.4849138112534,0.0,-872.4849138112531,-879.1795440914192,-877.4849138112531,-882.4849138112531,0.0001,0.0001,True,True,True,0,-872.4849138112531,707,USDG,USDG,True,ticker/price-unit candidate; settlement rules need review,False
14,1790655688194,AAPL,stocks,hyperliquid,xyz:AAPL,rh_lighter,2049,perp,spot,1000,2.962,1000.0304400000001,999.76386,-2.665718855519028,0.8999999999999999,-3.5657188555189374,-7.064785853919506,-8.565718855518938,-13.565718855518938,0.001,0.0001,True,True,True,0,-3.5657188555189374,194,USDC,USDG,True,ticker/price-unit candidate; settlement rules need review,False
14,1790655688194,AAPL,stocks,hyperliquid,xyz:AAPL,rh_lighter,2049,perp,spot,10000,29.62,10000.3044,9994.7696,-5.534631525817568,0.8999999999999999,-6.434631525817623,-9.932694404783588,-11.434631525817622,-16.434631525817622,0.001,0.0001,True,True,True,0,-6.434631525817623,194,USDC,USDG,True,ticker/price-unit candidate; settlement rules need review,False
14,1790655688194,AAPL,stocks,hyperliquid,xyz:AAPL,rh_lighter,2049,perp,spot,100000,296.208,100021.1163,91329.13455999999,-869.0146702551849,0.8999999999999999,-869.9146702551852,-873.1105151205959,-874.9146702551852,-879.9146702551852,0.001,0.0001,True,True,True,0,-869.9146702551852,194,USDC,USDG,True,ticker/price-unit candidate; settlement rules need review,False
14,1790655688000,AAPL,stocks,rh_lighter,2049,rh_lighter,10,spot,perp,1000,2.9602,1000.8436200000001,999.837152,-10.056196391601269,0.0,-10.056196391601661,-17.0526767228646,-15.056196391601661,-20.05619639160166,0.0001,0.0001,True,True,True,0,-10.056196391601661,707,USDG,USDG,False,ticker/price-unit candidate; settlement rules need review,False
14,1790655688000,AAPL,stocks,rh_lighter,2049,rh_lighter,10,spot,perp,10000,29.602,10011.198040000001,9997.118692000002,-14.063599524997139,0.0,-14.063599524996809,-21.058677265163062,-19.06359952499681,-24.06359952499681,0.0001,0.0001,True,True,True,0,-14.063599524996809,707,USDG,USDG,False,ticker/price-unit candidate; settlement rules need review,False
14,1790655688194,AAPL,stocks,rh_lighter,2049,hyperliquid,xyz:AAPL,spot,perp,1000,2.96,1000.7760000000001,999.2367999999999,-15.380065069507953,0.8986157941437443,-16.278680863651452,-19.77868086365145,-21.278680863651452,-26.278680863651452,0.0001,0.001,True,True,True,0,-16.278680863651452,194,USDG,USDC,False,ticker/price-unit candidate; settlement rules need review,False
14,1790655688194,AAPL,stocks,rh_lighter,2049,hyperliquid,xyz:AAPL,spot,perp,10000,29.602,10011.198040000001,9992.269460000001,-18.907407409552988,0.8982983333331401,-19.805705742886076,-23.305705742886076,-24.805705742886076,-29.805705742886076,0.0001,0.001,True,True,True,0,-19.805705742886076,194,USDG,USDC,False,ticker/price-unit candidate; settlement rules need review,False
14,1790655688042,TSLA,stocks,rh_lighter,16,rh_lighter,2055,perp,spot,1000,2.7999,1000.12428,998.864325,-12.597984322508804,0.0,-12.597984322508307,-19.59357502799543,-17.597984322508307,-22.597984322508307,0.0001,0.0001,True,True,True,0,-12.597984322508307,692,USDG,USDG,True,ticker/price-unit candidate; settlement rules need review,False
14,1790655688042,TSLA,stocks,rh_lighter,16,rh_lighter,2055,perp,spot,10000,27.9998,10001.629227,9987.250478,-14.376406756994031,0.0,-14.376406756994369,-21.37137501462942,-19.37640675699437,-24.37640675699437,0.0001,0.0001,True,True,True,0,-14.376406756994369,692,USDG,USDG,True,ticker/price-unit candidate; settlement rules need review,False
14,1790655688042,TSLA,stocks,rh_lighter,16,rh_lighter,2055,perp,spot,100000,279.9983,100041.50574300002,99746.78157599996,-29.460189029658636,0.0,-29.460189029659155,-36.44987796349877,-34.460189029659155,-39.460189029659155,0.0001,0.0001,True,True,True,0,-29.460189029659155,692,USDG,USDG,True,ticker/price-unit candidate; settlement rules need review,False
14,1790655688235,TSLA,stocks,hyperliquid,xyz:TSLA,rh_lighter,2055,perp,spot,1000,2.801,999.78894,999.25675,-5.323023477334932,0.9,-6.223023477335268,-9.7211604191182,-11.223023477335268,-16.223023477335268,0.001,0.0001,True,True,True,0,-6.223023477335268,193,USDC,USDG,True,ticker/price-unit candidate; settlement rules need review,False
14,1790655688235,TSLA,stocks,hyperliquid,xyz:TSLA,rh_lighter,2055,perp,spot,10000,28.017,10000.67946,9993.384342,-7.294622359589331,0.9,-8.194622359589157,-11.692069241763303,-13.194622359589157,-18.194622359589157,0.001,0.0001,True,True,True,0,-8.194622359589157,193,USDC,USDG,True,ticker/price-unit candidate; settlement rules need review,False
14,1790655688235,TSLA,stocks,hyperliquid,xyz:TSLA,rh_lighter,2055,perp,spot,100000,280.17,100021.53404,99807.91020999997,-21.35778380629505,0.9,-22.257783806294633,-25.750308581962432,-27.257783806294633,-32.25778380629463,0.001,0.0001,True,True,True,0,-22.257783806294633,193,USDC,USDG,True,ticker/price-unit candidate; settlement rules need review,False
14,1790655688042,TSLA,stocks,rh_lighter,2055,rh_lighter,16,spot,perp,1000,2.8025,1000.1562,1000.744725,5.884330867518273,0.0,5.884330867518535,-1.1177286482850954,0.8843308675185346,-4.115669132481465,0.0001,0.0001,True,True,True,0,5.884330867518535,692,USDG,USDG,False,ticker/price-unit candidate; settlement rules need review,False
14,1790655688042,TSLA,stocks,rh_lighter,2055,rh_lighter,16,spot,perp,10000,28.0257,10001.811816,10007.450911,5.638073484826034,0.0,5.638073484825554,-1.3638998408941359,0.6380734848255543,-4.361926515174446,0.0001,0.0001,True,True,True,0,5.638073484825554,692,USDG,USDG,False,ticker/price-unit candidate; settlement rules need review,False
14,1790655688042,TSLA,stocks,rh_lighter,2055,rh_lighter,16,spot,perp,100000,280.2572,100160.78814399999,100057.68259499998,-10.29400336305053,0.0,-10.294003363050697,-17.29040046187363,-15.294003363050697,-20.2940033630507,0.0001,0.0001,True,True,True,0,-10.294003363050697,692,USDG,USDG,False,ticker/price-unit candidate; settlement rules need review,False
14,1790655688235,TSLA,stocks,rh_lighter,2055,hyperliquid,xyz:TSLA,spot,perp,1000,2.802,999.97776,1000.0618200000001,0.8406186953613393,0.9000756556825826,-0.059456960321438615,-3.559456960321439,-5.059456960321438,-10.05945696032144,0.0001,0.001,True,True,True,0,-0.059456960321438615,193,USDG,USDC,False,ticker/price-unit candidate; settlement rules need review,False
14,1790655688235,TSLA,stocks,rh_lighter,2055,hyperliquid,xyz:TSLA,spot,perp,10000,28.025,10001.562,10001.70738,0.14535729519149498,0.9000130821565673,-0.7546557869661441,-4.254655786966143,-5.754655786966144,-10.754655786966143,0.0001,0.001,True,True,True,0,-0.7546557869661441,193,USDG,USDC,False,ticker/price-unit candidate; settlement rules need review,False
14,1790655688235,TSLA,stocks,rh_lighter,2055,hyperliquid,xyz:TSLA,spot,perp,100000,280.257,100160.71660999999,100008.37476999998,-15.20973942241155,0.898631123451983,-16.108370545863274,-19.608370545863277,-21.108370545863274,-26.108370545863274,0.0001,0.001,True,True,True,0,-16.108370545863274,193,USDG,USDC,False,ticker/price-unit candidate; settlement rules need review,False
14,1790655687956,META,stocks,rh_lighter,13,rh_lighter,2052,perp,spot,1000,1.4009,1000.0555059999999,999.3320150000001,-7.2345084413727445,0.0,-7.23450844137299,-14.231976363418509,-12.23450844137299,-17.234508441372988,0.0001,0.0001,True,True,True,0,-7.23450844137299,673,USDG,USDG,True,ticker/price-unit candidate; settlement rules need review,False
14,1790655687956,META,stocks,rh_lighter,13,rh_lighter,2052,perp,spot,10000,14.0096,10001.514149000002,9992.455704,-9.057073624105794,0.0,-9.057073624105305,-16.053903648336867,-14.057073624105305,-19.057073624105307,0.0001,0.0001,True,True,True,0,-9.057073624105305,673,USDG,USDG,True,ticker/price-unit candidate; settlement rules need review,False
14,1790655687956,META,stocks,rh_lighter,13,rh_lighter,2052,perp,spot,100000,140.0962,100036.61678899998,99659.05795600002,-37.742063368287894,0.0,-37.74206336828811,-44.72885364610921,-42.74206336828811,-47.74206336828811,0.0001,0.0001,True,True,True,0,-37.74206336828811,673,USDG,USDG,True,ticker/price-unit candidate; settlement rules need review,False
14,1790655688161,META,stocks,hyperliquid,xyz:META,rh_lighter,2052,perp,spot,1000,1.402,999.6119799999999,1000.1166999999999,5.049159174743689,0.9,4.149159174743187,0.6473919690320267,-0.8508408252568129,-5.850840825256813,0.001,0.0001,True,True,True,0,4.149159174743187,205,USDC,USDG,True,ticker/price-unit candidate; settlement rules need review,False
14,1790655688161,META,stocks,hyperliquid,xyz:META,rh_lighter,2052,perp,spot,10000,14.025,9999.68475,10003.437906,3.753274321971478,0.9,2.853274321971853,-0.6480393240408368,-2.146725678028147,-7.146725678028147,0.001,0.0001,True,True,True,0,2.853274321971853,205,USDC,USDG,True,ticker/price-unit candidate; settlement rules need review,False
14,1790655688161,META,stocks,hyperliquid,xyz:META,rh_lighter,2052,perp,spot,100000,140.255,100022.38764,99771.910764,-25.042081268996654,0.9000000000000002,-25.942081268997054,-29.433316540552905,-30.942081268997054,-35.94208126899706,0.001,0.0001,True,True,True,0,-25.942081268997054,205,USDC,USDG,True,ticker/price-unit candidate; settlement rules need review,False
14,1790655687956,META,stocks,rh_lighter,2052,rh_lighter,13,spot,perp,1000,1.4014,1000.1791800000001,1000.221222,0.4203446826389623,0.0,0.42034468263900443,-6.57980243799992,-4.579655317360996,-9.579655317360995,0.0001,0.0001,True,True,True,0,0.42034468263900443,673,USDG,USDG,False,ticker/price-unit candidate; settlement rules need review,False
14,1790655687956,META,stocks,rh_lighter,2052,rh_lighter,13,spot,perp,10000,14.0149,10002.876600000001,10002.438025,-0.4384488757980254,0.0,-0.43844887579833486,-7.438295418691806,-5.4384488757983345,-10.438448875798334,0.0001,0.0001,True,True,True,0,-0.43844887579833486,673,USDG,USDG,False,ticker/price-unit candidate; settlement rules need review,False
14,1790655687956,META,stocks,rh_lighter,2052,rh_lighter,13,spot,perp,100000,140.1492,100239.19696400003,100007.74741600001,-23.089724879095108,0.0,-23.08972487909511,-30.081643475387427,-28.08972487909511,-33.089724879095115,0.0001,0.0001,True,True,True,0,-23.08972487909511,673,USDG,USDG,False,ticker/price-unit candidate; settlement rules need review,False
14,1790655688161,META,stocks,rh_lighter,2052,hyperliquid,xyz:META,spot,perp,1000,1.401,999.8937000000001,998.88106,-10.12747655075752,0.8990885271104319,-11.026565077868106,-14.526565077868108,-16.026565077868106,-21.026565077868106,0.0001,0.001,True,True,True,0,-11.026565077868106,205,USDG,USDC,False,ticker/price-unit candidate; settlement rules need review,False
14,1790655688161,META,stocks,rh_lighter,2052,hyperliquid,xyz:META,spot,perp,10000,14.014,10002.234,9991.21634,-11.015199204497117,0.8990086320715952,-11.914207836568835,-15.414207836568835,-16.914207836568835,-21.914207836568835,0.0001,0.001,True,True,True,0,-11.914207836568835,205,USDG,USDC,False,ticker/price-unit candidate; settlement rules need review,False
14,1790655688161,META,stocks,rh_lighter,2052,hyperliquid,xyz:META,spot,perp,100000,140.149,100239.05381000003,99903.79646000001,-33.4457815848388,0.8969898796573647,-34.34277146449596,-37.84277146449596,-39.34277146449596,-44.34277146449596,0.0001,0.001,True,True,True,0,-34.34277146449596,205,USDG,USDC,False,ticker/price-unit candidate; settlement rules need review,False
14,1790655687987,GOOGL,stocks,rh_lighter,12,rh_lighter,2051,perp,spot,1000,2.9217,1000.068693,998.520192,-15.48394636127326,0.0,-15.483946361273615,-22.478526980047167,-20.483946361273617,-25.483946361273617,0.0001,0.0001,True,True,True,0,-15.483946361273615,687,USDG,USDG,True,ticker/price-unit candidate; settlement rules need review,False
14,1790655687987,GOOGL,stocks,rh_lighter,12,rh_lighter,2051,perp,spot,10000,29.2171,10001.653977,9985.030499,-16.62072896965516,0.0,-16.62072896965562,-23.61491171451624,-21.62072896965562,-26.62072896965562,0.0001,0.0001,True,True,True,0,-16.62072896965562,687,USDG,USDG,True,ticker/price-unit candidate; settlement rules need review,False
14,1790655687987,GOOGL,stocks,rh_lighter,12,rh_lighter,2051,perp,spot,100000,292.1712,100045.95548599998,99647.41179599997,-39.836062144038564,0.0,-39.83606214403904,-46.82211952228863,-44.83606214403904,-49.83606214403904,0.0001,0.0001,True,True,True,0,-39.83606214403904,687,USDG,USDG,True,ticker/price-unit candidate; settlement rules need review,False
14,1790655688268,GOOGL,stocks,hyperliquid,xyz:GOOGL,rh_lighter,2051,perp,spot,1000,2.924,999.80332,999.30624,-4.9717778492675,0.9,-5.871777849267221,-9.370037727019977,-10.871777849267222,-15.871777849267222,0.001,0.0001,True,True,True,0,-5.871777849267221,281,USDC,USDG,True,ticker/price-unit candidate; settlement rules need review,False
14,1790655688268,GOOGL,stocks,hyperliquid,xyz:GOOGL,rh_lighter,2051,perp,spot,10000,29.246,10000.347989999998,9994.90534,-5.442460607811839,0.9,-6.342460607812359,-9.840555746599621,-11.34246060781236,-16.34246060781236,0.001,0.0001,True,True,True,0,-6.342460607812359,281,USDC,USDG,True,ticker/price-unit candidate; settlement rules need review,False
14,1790655688268,GOOGL,stocks,hyperliquid,xyz:GOOGL,rh_lighter,2051,perp,spot,100000,292.466,100022.74053999998,99747.90321999998,-27.477483471880504,0.9,-28.377483471880687,-31.86786635266553,-33.37748347188069,-38.37748347188069,0.001,0.0001,True,True,True,0,-28.377483471880687,281,USDC,USDG,True,ticker/price-unit candidate; settlement rules need review,False
14,1790655687987,GOOGL,stocks,rh_lighter,2051,rh_lighter,12,spot,perp,1000,2.9252,1000.2721399999999,1001.120448,8.48077204269826,0.0,8.480772042697184,1.4778037724822397,3.4807720426971844,-1.5192279573028156,0.0001,0.0001,True,True,True,0,8.480772042697184,687,USDG,USDG,False,ticker/price-unit candidate; settlement rules need review,False
14,1790655687987,GOOGL,stocks,rh_lighter,2051,rh_lighter,12,spot,perp,10000,29.2521,10004.860964999998,10010.945842000001,6.081920599685375,0.0,6.081920599686177,-0.9202080725237122,1.0819205996861774,-3.9180794003138226,0.0001,0.0001,True,True,True,0,6.081920599686177,687,USDG,USDG,False,ticker/price-unit candidate; settlement rules need review,False
14,1790655687987,GOOGL,stocks,rh_lighter,2051,rh_lighter,12,spot,perp,100000,292.5216,100340.47549999997,100085.326768,-25.428296081770885,0.0,-25.428296081771354,-32.419396178142726,-30.428296081771354,-35.42829608177135,0.0001,0.0001,True,True,True,0,-25.428296081771354,687,USDG,USDG,False,ticker/price-unit candidate; settlement rules need review,False
14,1790655688268,GOOGL,stocks,rh_lighter,2051,hyperliquid,xyz:GOOGL,spot,perp,1000,2.925,1000.2037499999999,1000.08675,-1.1697616610595318,0.8998947214505045,-2.0696563825105447,-5.569656382510544,-7.069656382510544,-12.069656382510544,0.0001,0.001,True,True,True,0,-2.0696563825105447,281,USDG,USDC,False,ticker/price-unit candidate; settlement rules need review,False
14,1790655688268,GOOGL,stocks,rh_lighter,2051,hyperliquid,xyz:GOOGL,spot,perp,10000,29.252,10004.826751999999,10000.91001,-3.914852397834956,0.899647663284195,-4.8145000611195305,-8.314500061119531,-9.814500061119531,-14.814500061119531,0.0001,0.001,True,True,True,0,-4.8145000611195305,281,USDG,USDC,False,ticker/price-unit candidate; settlement rules need review,False
14,1790655688268,GOOGL,stocks,rh_lighter,2051,hyperliquid,xyz:GOOGL,spot,perp,100000,292.521,100340.26951999999,99989.13559,-34.99431800210506,0.8968505113798106,-35.891168513484956,-39.391168513484956,-40.891168513484956,-45.891168513484956,0.0001,0.001,True,True,True,0,-35.891168513484956,281,USDG,USDC,False,ticker/price-unit candidate; settlement rules need review,False
14,1790655688199,AMZN,stocks,rh_lighter,11,rh_lighter,2050,perp,spot,1000,4.0629,1000.042206,998.6608200000001,-13.813276996830215,0.0,-13.813276996830139,-20.80844234988125,-18.81327699683014,-23.81327699683014,0.0001,0.0001,True,True,True,0,-13.813276996830139,892,USDG,USDG,True,ticker/price-unit candidate; settlement rules need review,False
14,1790655688199,AMZN,stocks,rh_lighter,11,rh_lighter,2050,perp,spot,10000,40.6297,10001.99206,9985.563110000001,-16.425677906406477,0.0,-16.42567790640651,-23.419928919139267,-21.42567790640651,-26.42567790640651,0.0001,0.0001,True,True,True,0,-16.42567790640651,892,USDG,USDG,True,ticker/price-unit candidate; settlement rules need review,False
14,1790655688199,AMZN,stocks,rh_lighter,11,rh_lighter,2050,perp,spot,100000,406.2976,100062.58971599999,99638.153581,-42.41706477961738,0.0,-42.41706477961708,-49.40221880694422,-47.41706477961708,-52.41706477961708,0.0001,0.0001,True,True,True,0,-42.41706477961708,892,USDG,USDG,True,ticker/price-unit candidate; settlement rules need review,False
14,1790655688393,AMZN,stocks,hyperliquid,xyz:AMZN,rh_lighter,2050,perp,spot,1000,4.065,999.9953300000001,999.1770000000001,-8.183338216188885,0.8999999999999999,-9.083338216188931,-12.580474047813265,-14.083338216188931,-19.08333821618893,0.001,0.0001,True,True,True,0,-9.083338216188931,194,USDC,USDG,True,ticker/price-unit candidate; settlement rules need review,False
14,1790655688393,AMZN,stocks,hyperliquid,xyz:AMZN,rh_lighter,2050,perp,spot,10000,40.651,10001.13084,9990.797585,-10.332086606317237,0.8999999999999999,-11.232086606317765,-14.728470376005555,-16.232086606317765,-21.232086606317765,0.001,0.0001,True,True,True,0,-11.232086606317765,194,USDC,USDG,True,ticker/price-unit candidate; settlement rules need review,False
14,1790655688393,AMZN,stocks,hyperliquid,xyz:AMZN,rh_lighter,2050,perp,spot,100000,406.512,100035.93827000001,99690.692301,-34.512193814605354,0.8999999999999999,-35.41219381460503,-38.90011454676992,-40.41219381460503,-45.41219381460503,0.001,0.0001,True,True,True,0,-35.41219381460503,194,USDC,USDG,True,ticker/price-unit candidate; settlement rules need review,False
14,1790655688199,AMZN,stocks,rh_lighter,2050,rh_lighter,11,spot,perp,1000,4.0668,1000.3514639999999,1000.880148,5.284982518904968,0.0,5.284982518905097,-1.7168672249765207,0.28498251890509696,-4.715017481094903,0.0001,0.0001,True,True,True,0,5.284982518905097,892,USDG,USDG,False,ticker/price-unit candidate; settlement rules need review,False
14,1790655688199,AMZN,stocks,rh_lighter,2050,rh_lighter,11,spot,perp,10000,40.6685,10004.936706,10008.924535,3.9858612974619234,0.0,3.9858612974614576,-3.0155337539926537,-1.0141387025385424,-6.014138702538542,0.0001,0.0001,True,True,True,0,3.9858612974614576,892,USDG,USDG,False,ticker/price-unit candidate; settlement rules need review,False
14,1790655688199,AMZN,stocks,rh_lighter,2050,rh_lighter,11,spot,perp,100000,406.6859,100290.746378,100070.19630200001,-21.99106936234374,0.0,-21.991069362344017,-28.9833724880672,-26.991069362344017,-31.991069362344017,0.0001,0.0001,True,True,True,0,-21.991069362344017,892,USDG,USDG,False,ticker/price-unit candidate; settlement rules need review,False
14,1790655688393,AMZN,stocks,rh_lighter,2050,hyperliquid,xyz:AMZN,spot,perp,1000,4.066,1000.1546799999999,1000.18731,0.3262495357225781,0.9000293624582151,-0.5737798267348625,-4.073779826734863,-5.573779826734863,-10.573779826734862,0.0001,0.001,True,True,True,0,-0.5737798267348625,194,USDG,USDC,False,ticker/price-unit candidate; settlement rules need review,False
14,1790655688393,AMZN,stocks,rh_lighter,2050,hyperliquid,xyz:AMZN,spot,perp,10000,40.668,10004.813676,10002.815,-1.9977143650296014,0.8998202057071475,-2.8975345707370175,-6.397534570737018,-7.897534570737017,-12.897534570737017,0.0001,0.001,True,True,True,0,-2.8975345707370175,194,USDG,USDC,False,ticker/price-unit candidate; settlement rules need review,False
14,1790655688393,AMZN,stocks,rh_lighter,2050,hyperliquid,xyz:AMZN,spot,perp,100000,406.685,100290.52424,99984.99729999999,-30.464188148909834,0.8972582230665982,-31.361446371975877,-34.86144637197587,-36.36144637197587,-41.36144637197587,0.0001,0.001,True,True,True,0,-31.361446371975877,194,USDG,USDC,False,ticker/price-unit candidate; settlement rules need review,False
15,1790655748005,NVDA,stocks,rh_lighter,15,rh_lighter,2054,perp,spot,1000,4.3723,1000.1199019999999,998.5895969999999,-15.3012153536769,0.0,-15.301215353676648,-22.295859928302864,-20.301215353676646,-25.301215353676646,0.0001,0.0001,True,True,True,0,-15.301215353676648,1128,USDG,USDG,True,ticker/price-unit candidate; settlement rules need review,False
15,1790655748005,NVDA,stocks,rh_lighter,15,rh_lighter,2054,perp,spot,10000,43.7234,10001.290516,9984.57779,-16.710569474271963,0.0,-16.710569474272184,-23.70472077495619,-21.710569474272184,-26.710569474272184,0.0001,0.0001,True,True,True,0,-16.710569474272184,1128,USDG,USDG,True,ticker/price-unit candidate; settlement rules need review,False
15,1790655748005,NVDA,stocks,rh_lighter,15,rh_lighter,2054,perp,spot,100000,437.2349,100028.28570799997,99699.48677600003,-32.87059551932647,0.0,-32.87059551932679,-39.85909081089503,-37.87059551932679,-42.87059551932679,0.0001,0.0001,True,True,True,0,-32.87059551932679,1128,USDG,USDG,True,ticker/price-unit candidate; settlement rules need review,False
15,1790655748197,NVDA,stocks,hyperliquid,xyz:NVDA,rh_lighter,2054,perp,spot,1000,4.378,999.8914199999999,999.8914199999999,0.0,0.8999999999999999,-0.8999999999999999,-4.4,-5.9,-10.9,0.001,0.0001,True,True,True,0,-0.8999999999999999,192,USDC,USDG,True,ticker/price-unit candidate; settlement rules need review,False
15,1790655748197,NVDA,stocks,hyperliquid,xyz:NVDA,rh_lighter,2054,perp,spot,10000,43.785,10000.50081,9998.643533999999,-1.8571829904190373,0.9,-2.7571829904192957,-6.2565329763726485,-7.757182990419295,-12.757182990419295,0.001,0.0001,True,True,True,0,-2.7571829904192957,192,USDC,USDG,True,ticker/price-unit candidate; settlement rules need review,False
15,1790655748197,NVDA,stocks,hyperliquid,xyz:NVDA,rh_lighter,2054,perp,spot,100000,437.857,100014.27417000002,99841.23848200004,-17.30109921168399,0.9,-18.201099211684102,-21.695043826960006,-23.201099211684102,-28.201099211684102,0.001,0.0001,True,True,True,0,-18.201099211684102,192,USDC,USDG,True,ticker/price-unit candidate; settlement rules need review,False
15,1790655748005,NVDA,stocks,rh_lighter,2054,rh_lighter,15,spot,perp,1000,4.3775,1000.2149750000001,1001.0467000000001,8.315462383474692,0.0,8.31546238347417,1.312551971639954,3.31546238347417,-1.6845376165258301,0.0001,0.0001,True,True,True,0,8.31546238347417,1128,USDG,USDG,False,ticker/price-unit candidate; settlement rules need review,False
15,1790655748005,NVDA,stocks,rh_lighter,2054,rh_lighter,15,spot,perp,10000,43.7751,10002.172599000001,10010.489868,8.315462383472472,0.0,8.315462383473326,1.3125519716391105,3.315462383473326,-1.6845376165266739,0.0001,0.0001,True,True,True,0,8.315462383473326,1128,USDG,USDG,False,ticker/price-unit candidate; settlement rules need review,False
15,1790655748005,NVDA,stocks,rh_lighter,2054,rh_lighter,15,spot,perp,100000,437.7517,100167.59837600002,100092.720971,-7.475212165809486,0.0,-7.475212165809657,-14.472595841551623,-12.475212165809657,-17.47521216580966,0.0001,0.0001,True,True,True,0,-7.475212165809657,1128,USDG,USDG,False,ticker/price-unit candidate; settlement rules need review,False
15,1790655748197,NVDA,stocks,rh_lighter,2054,hyperliquid,xyz:NVDA,spot,perp,1000,4.377,1000.10073,999.6192599999999,-4.814215064117278,0.8995667206442294,-5.713781784761405,-9.213781784761405,-10.713781784761405,-15.713781784761405,0.0001,0.001,True,True,True,0,-5.713781784761405,192,USDG,USDC,False,ticker/price-unit candidate; settlement rules need review,False
15,1790655748197,NVDA,stocks,rh_lighter,2054,hyperliquid,xyz:NVDA,spot,perp,10000,43.775,10002.14975,9997.334499999999,-4.814215064118388,0.8995667206442294,-5.71378178476229,-9.21378178476229,-10.71378178476229,-15.71378178476229,0.0001,0.001,True,True,True,0,-5.71378178476229,192,USDG,USDC,False,ticker/price-unit candidate; settlement rules need review,False
15,1790655748197,NVDA,stocks,rh_lighter,2054,hyperliquid,xyz:NVDA,spot,perp,100000,437.751,100167.43812500002,99961.47059000001,-20.562324329685964,0.8981493908103282,-21.460473720496623,-24.960473720496623,-26.460473720496623,-31.460473720496623,0.0001,0.001,True,True,True,0,-21.460473720496623,192,USDG,USDC,False,ticker/price-unit candidate; settlement rules need review,False
15,1790655748004,AAPL,stocks,rh_lighter,10,rh_lighter,2049,perp,spot,1000,2.9601,1000.128987,999.1225529999999,-10.063041998402689,0.0,-10.063041998403019,-17.059519933703577,-15.063041998403019,-20.06304199840302,0.0001,0.0001,True,True,True,0,-10.063041998403019,715,USDG,USDG,True,ticker/price-unit candidate; settlement rules need review,False
15,1790655748004,AAPL,stocks,rh_lighter,10,rh_lighter,2049,perp,spot,10000,29.6011,10001.424231,9988.408237999998,-13.014139485912901,0.0,-13.014139485913292,-20.009584537093225,-18.01413948591329,-23.01413948591329,0.0001,0.0001,True,True,True,0,-13.014139485913292,715,USDG,USDG,True,ticker/price-unit candidate; settlement rules need review,False
15,1790655748004,AAPL,stocks,rh_lighter,10,rh_lighter,2049,perp,spot,100000,296.0112,100031.127581,91329.12865599999,-869.9291046133195,0.0,-869.9291046133196,-876.624629426705,-874.9291046133196,-879.9291046133196,0.0001,0.0001,True,True,True,0,-869.9291046133196,715,USDG,USDG,True,ticker/price-unit candidate; settlement rules need review,False
15,1790655748200,AAPL,stocks,hyperliquid,xyz:AAPL,rh_lighter,2049,perp,spot,1000,2.962,1000.0304400000001,999.76386,-2.665718855519028,0.8999999999999999,-3.5657188555189374,-7.064785853919506,-8.565718855518938,-13.565718855518938,0.001,0.0001,True,True,True,0,-3.5657188555189374,196,USDC,USDG,True,ticker/price-unit candidate; settlement rules need review,False
15,1790655748200,AAPL,stocks,hyperliquid,xyz:AAPL,rh_lighter,2049,perp,spot,10000,29.62,10000.3044,9994.7696,-5.534631525817568,0.8999999999999999,-6.434631525817623,-9.932694404783588,-11.434631525817622,-16.434631525817622,0.001,0.0001,True,True,True,0,-6.434631525817623,196,USDC,USDG,True,ticker/price-unit candidate; settlement rules need review,False
15,1790655748200,AAPL,stocks,hyperliquid,xyz:AAPL,rh_lighter,2049,perp,spot,100000,296.204,100019.26316999999,91329.13444,-868.8455058131772,0.9,-869.7455058131776,-872.941409886143,-874.7455058131776,-879.7455058131776,0.001,0.0001,True,True,True,0,-869.7455058131776,196,USDC,USDG,True,ticker/price-unit candidate; settlement rules need review,False
15,1790655748004,AAPL,stocks,rh_lighter,2049,rh_lighter,10,spot,perp,1000,2.9602,1000.8436200000001,999.8963559999999,-9.464655427390278,0.0,-9.4646554273908,-16.461342797991215,-14.4646554273908,-19.464655427390802,0.0001,0.0001,True,True,True,0,-9.4646554273908,715,USDG,USDG,False,ticker/price-unit candidate; settlement rules need review,False
15,1790655748004,AAPL,stocks,rh_lighter,2049,rh_lighter,10,spot,perp,10000,29.602,10011.198040000001,9998.619799999999,-12.564170591516932,0.0,-12.564170591517488,-19.559773131810456,-17.564170591517488,-22.564170591517488,0.0001,0.0001,True,True,True,0,-12.564170591517488,715,USDG,USDG,False,ticker/price-unit candidate; settlement rules need review,False
15,1790655748200,AAPL,stocks,rh_lighter,2049,hyperliquid,xyz:AAPL,spot,perp,1000,2.96,1000.7760000000001,999.2663999999999,-15.084294587401903,0.8986424134871337,-15.982937000889358,-19.482937000889358,-20.982937000889358,-25.982937000889358,0.0001,0.001,True,True,True,0,-15.982937000889358,196,USDG,USDC,False,ticker/price-unit candidate; settlement rules need review,False
15,1790655748200,AAPL,stocks,rh_lighter,2049,hyperliquid,xyz:AAPL,spot,perp,10000,29.602,10011.198040000001,9993.026699999999,-18.151014421449176,0.8983664087020697,-19.049380830151474,-22.549380830151474,-24.049380830151474,-29.049380830151474,0.0001,0.001,True,True,True,0,-19.049380830151474,196,USDG,USDC,False,ticker/price-unit candidate; settlement rules need review,False
15,1790655748007,TSLA,stocks,rh_lighter,16,rh_lighter,2055,perp,spot,1000,2.7998,1000.144556,998.772654,-13.7170371199824,0.0,-13.717037119981859,-20.712236156989864,-18.71703711998186,-23.71703711998186,0.0001,0.0001,True,True,True,0,-13.717037119981859,704,USDG,USDG,True,ticker/price-unit candidate; settlement rules need review,False
15,1790655748007,TSLA,stocks,rh_lighter,16,rh_lighter,2055,perp,spot,10000,27.9986,10001.717822,9986.79058,-14.92467820594312,0.0,-14.924678205943241,-21.91945456857116,-19.92467820594324,-24.92467820594324,0.0001,0.0001,True,True,True,0,-14.924678205943241,704,USDG,USDG,True,ticker/price-unit candidate; settlement rules need review,False
15,1790655748007,TSLA,stocks,rh_lighter,16,rh_lighter,2055,perp,spot,100000,279.9865,100041.92143799999,99743.87156199996,-29.792498156360203,0.0,-29.792498156360104,-36.78207078200538,-34.792498156360104,-39.792498156360104,0.0001,0.0001,True,True,True,0,-29.792498156360104,704,USDG,USDG,True,ticker/price-unit candidate; settlement rules need review,False
15,1790655748205,TSLA,stocks,hyperliquid,xyz:TSLA,rh_lighter,2055,perp,spot,1000,2.801,999.78894,999.2007300000001,-5.883341738106562,0.9,-6.783341738106145,-10.281282568497808,-11.783341738106145,-16.783341738106145,0.001,0.0001,True,True,True,0,-6.783341738106145,198,USDC,USDG,True,ticker/price-unit candidate; settlement rules need review,False
15,1790655748205,TSLA,stocks,hyperliquid,xyz:TSLA,rh_lighter,2055,perp,spot,10000,28.016,10000.78219,9992.996290000001,-7.785291042319287,0.9,-8.685291042318907,-12.182566190454096,-13.685291042318907,-18.68529104231891,0.001,0.0001,True,True,True,0,-8.685291042318907,198,USDC,USDG,True,ticker/price-unit candidate; settlement rules need review,False
15,1790655748205,TSLA,stocks,hyperliquid,xyz:TSLA,rh_lighter,2055,perp,spot,100000,280.166,100026.3473,99807.77715199997,-21.851257583613837,0.9,-22.75125758361347,-26.24360964345921,-27.75125758361347,-32.751257583613466,0.001,0.0001,True,True,True,0,-22.75125758361347,198,USDC,USDG,True,ticker/price-unit candidate; settlement rules need review,False
15,1790655748007,TSLA,stocks,rh_lighter,2055,rh_lighter,16,spot,perp,1000,2.8025,1000.21225,1000.7727500000001,5.603810591201519,0.0,5.603810591202491,-1.3981507425044302,0.6038105912024907,-4.396189408797509,0.0001,0.0001,True,True,True,0,5.603810591202491,704,USDG,USDG,False,ticker/price-unit candidate; settlement rules need review,False
15,1790655748007,TSLA,stocks,rh_lighter,2055,rh_lighter,16,spot,perp,10000,28.0257,10002.37233,10007.652130999999,5.2785487540418785,0.0,5.278548754042202,-1.7232987380217126,0.2785487540422018,-4.721451245957798,0.0001,0.0001,True,True,True,0,5.278548754042202,704,USDG,USDG,False,ticker/price-unit candidate; settlement rules need review,False
15,1790655748007,TSLA,stocks,rh_lighter,2055,rh_lighter,16,spot,perp,100000,280.2572,100161.79414399998,100057.93349300002,-10.369288198915916,0.0,-10.369288198916305,-17.365658948046683,-15.369288198916305,-20.369288198916305,0.0001,0.0001,True,True,True,0,-10.369288198916305,704,USDG,USDG,False,ticker/price-unit candidate; settlement rules need review,False
15,1790655748205,TSLA,stocks,rh_lighter,2055,hyperliquid,xyz:TSLA,spot,perp,1000,2.802,1000.0337999999999,1000.0898400000001,0.5603810591225944,0.900050434295321,-0.3396693751734552,-3.839669375173455,-5.339669375173456,-10.339669375173456,0.0001,0.001,True,True,True,0,-0.3396693751734552,198,USDG,USDC,False,ticker/price-unit candidate; settlement rules need review,False
15,1790655748205,TSLA,stocks,rh_lighter,2055,hyperliquid,xyz:TSLA,spot,perp,10000,28.025,10002.1225,10002.569389999999,0.446795167725611,0.9000402115650953,-0.45324504384018766,-3.953245043840188,-5.453245043840187,-10.453245043840187,0.0001,0.001,True,True,True,0,-0.45324504384018766,198,USDG,USDC,False,ticker/price-unit candidate; settlement rules need review,False
15,1790655748205,TSLA,stocks,rh_lighter,2055,hyperliquid,xyz:TSLA,spot,perp,100000,280.257,100161.72260999998,100014.71199,-14.677325446208478,0.8986790407098412,-15.576004486918677,-19.076004486918677,-20.576004486918677,-25.576004486918677,0.0001,0.001,True,True,True,0,-15.576004486918677,198,USDG,USDC,False,ticker/price-unit candidate; settlement rules need review,False
15,1790655748057,META,stocks,rh_lighter,13,rh_lighter,2052,perp,spot,1000,1.4007,1000.0387950000002,999.3434220000001,-6.95346024050969,0.0,-6.953460240510147,-13.951026529425967,-11.953460240510147,-16.953460240510147,0.0001,0.0001,True,True,True,0,-6.953460240510147,759,USDG,USDG,True,ticker/price-unit candidate; settlement rules need review,False
15,1790655748057,META,stocks,rh_lighter,13,rh_lighter,2052,perp,spot,10000,14.0077,10001.672561000001,9992.641604,-9.029446769949212,0.0,-9.029446769948953,-16.02628646357947,-14.029446769948953,-19.029446769948954,0.0001,0.0001,True,True,True,0,-9.029446769948953,759,USDG,USDG,True,ticker/price-unit candidate; settlement rules need review,False
15,1790655748057,META,stocks,rh_lighter,13,rh_lighter,2052,perp,spot,100000,140.0776,100035.96212499996,99650.015544,-38.58078363036199,0.0,-38.58078363036162,-45.567280356091004,-43.58078363036162,-48.58078363036162,0.0001,0.0001,True,True,True,0,-38.58078363036162,759,USDG,USDG,True,ticker/price-unit candidate; settlement rules need review,False
15,1790655748248,META,stocks,hyperliquid,xyz:META,rh_lighter,2052,perp,spot,1000,1.402,999.6960999999999,1000.2709199999999,5.749947409017242,0.8999999999999999,4.8499474090180525,1.3479349274248966,-0.15005259098194745,-5.1500525909819475,0.001,0.0001,True,True,True,0,4.8499474090180525,191,USDC,USDG,True,ticker/price-unit candidate; settlement rules need review,False
15,1790655748248,META,stocks,hyperliquid,xyz:META,rh_lighter,2052,perp,spot,10000,14.024,9999.813199999999,10004.267415999999,4.45429920630902,0.9,3.554299206309262,0.052740201587053594,-1.445700793690738,-6.4457007936907385,0.001,0.0001,True,True,True,0,3.554299206309262,191,USDC,USDG,True,ticker/price-unit candidate; settlement rules need review,False
15,1790655748248,META,stocks,hyperliquid,xyz:META,rh_lighter,2052,perp,spot,100000,140.243,100017.3525,99767.558708,-24.97504540524553,0.9,-25.87504540524573,-29.366304139353893,-30.87504540524573,-35.87504540524573,0.001,0.0001,True,True,True,0,-25.87504540524573,191,USDC,USDG,True,ticker/price-unit candidate; settlement rules need review,False
15,1790655748057,META,stocks,rh_lighter,2052,rh_lighter,13,spot,perp,1000,1.4013,1000.1078100000001,1000.289979,1.8214936247717972,0.0,1.8214936247716207,-5.17914389799705,-3.1785063752283795,-8.178506375228379,0.0001,0.0001,True,True,True,0,1.8214936247716207,759,USDG,USDG,False,ticker/price-unit candidate; settlement rules need review,False
15,1790655748057,META,stocks,rh_lighter,2052,rh_lighter,13,spot,perp,10000,14.0138,10002.0912,10002.897380999999,0.8060124466746643,0.0,0.8060124466752563,-6.1942696576810805,-4.193987553324744,-9.193987553324744,0.0001,0.0001,True,True,True,0,0.8060124466752563,759,USDG,USDG,False,ticker/price-unit candidate; settlement rules need review,False
15,1790655748057,META,stocks,rh_lighter,2052,rh_lighter,13,spot,perp,100000,140.1384,100231.46664800002,100014.39398599998,-21.657137150588035,0.0,-21.657137150588273,-28.649557152585565,-26.657137150588273,-31.657137150588273,0.0001,0.0001,True,True,True,0,-21.657137150588273,759,USDG,USDG,False,ticker/price-unit candidate; settlement rules need review,False
15,1790655748248,META,stocks,rh_lighter,2052,hyperliquid,xyz:META,spot,perp,1000,1.401,999.8937000000001,998.96904,-9.247583018076044,0.8991677175283731,-10.146750735604503,-13.6467507356045,-15.146750735604503,-20.146750735604503,0.0001,0.001,True,True,True,0,-10.146750735604503,191,USDG,USDC,False,ticker/price-unit candidate; settlement rules need review,False
15,1790655748248,META,stocks,rh_lighter,2052,hyperliquid,xyz:META,spot,perp,10000,14.013,10001.52,9991.55731,-9.961175901262997,0.8991034941688864,-10.860279395432187,-14.360279395432187,-15.860279395432187,-20.860279395432187,0.0001,0.001,True,True,True,0,-10.860279395432187,191,USDG,USDC,False,ticker/price-unit candidate; settlement rules need review,False
15,1790655748248,META,stocks,rh_lighter,2052,hyperliquid,xyz:META,spot,perp,100000,140.138,100231.18034000002,99901.51957000003,-32.890041689793705,0.8970398962479186,-33.78708158604207,-37.28708158604207,-38.78708158604207,-43.78708158604207,0.0001,0.001,True,True,True,0,-33.78708158604207,191,USDG,USDC,False,ticker/price-unit candidate; settlement rules need review,False
15,1790655748133,GOOGL,stocks,rh_lighter,12,rh_lighter,2051,perp,spot,1000,2.9215,1000.1186589999999,998.481055,-16.374097066015338,0.0,-16.374097066015214,-23.368366132042105,-21.374097066015214,-26.374097066015214,0.0001,0.0001,True,True,True,0,-16.374097066015214,843,USDG,USDG,True,ticker/price-unit candidate; settlement rules need review,False
15,1790655748133,GOOGL,stocks,rh_lighter,12,rh_lighter,2051,perp,spot,10000,29.2154,10001.920590999998,9984.742881999999,-17.174410498176364,0.0,-17.17441049817629,-24.168399454501927,-22.17441049817629,-27.17441049817629,0.0001,0.0001,True,True,True,0,-17.17441049817629,843,USDG,USDG,True,ticker/price-unit candidate; settlement rules need review,False
15,1790655748133,GOOGL,stocks,rh_lighter,12,rh_lighter,2051,perp,spot,100000,292.1541,100040.86910900002,99645.269424,-39.54380729829454,0.0,-39.54380729829479,-46.529966965740385,-44.54380729829479,-49.54380729829479,0.0001,0.0001,True,True,True,0,-39.54380729829479,843,USDG,USDG,True,ticker/price-unit candidate; settlement rules need review,False
15,1790655748322,GOOGL,stocks,hyperliquid,xyz:GOOGL,rh_lighter,2051,perp,spot,1000,2.924,999.86253,999.33548,-5.271224635250427,0.8999999999999999,-6.171224635250919,-9.66937970662858,-11.171224635250919,-16.17122463525092,0.001,0.0001,True,True,True,0,-6.171224635250919,189,USDC,USDG,True,ticker/price-unit candidate; settlement rules need review,False
15,1790655748322,GOOGL,stocks,hyperliquid,xyz:GOOGL,rh_lighter,2051,perp,spot,10000,29.244,10000.420440000002,9994.517217999999,-5.902973815371526,0.9,-6.802973815371548,-10.300907774536167,-11.802973815371548,-16.802973815371548,0.001,0.0001,True,True,True,0,-6.802973815371548,189,USDC,USDG,True,ticker/price-unit candidate; settlement rules need review,False
15,1790655748322,GOOGL,stocks,hyperliquid,xyz:GOOGL,rh_lighter,2051,perp,spot,100000,292.448,100024.36203999998,99745.45405599996,-27.884005287480697,0.8999999999999999,-28.784005287480216,-32.274245885629604,-33.78400528748021,-38.78400528748021,0.001,0.0001,True,True,True,0,-28.784005287480216,189,USDC,USDG,True,ticker/price-unit candidate; settlement rules need review,False
15,1790655748133,GOOGL,stocks,rh_lighter,2051,rh_lighter,12,spot,perp,1000,2.9249,1000.345049,1001.017776,6.724949562877391,0.0,6.724949562878368,-0.27740416946863916,1.7249495628783684,-3.2750504371216316,0.0001,0.0001,True,True,True,0,6.724949562878368,843,USDG,USDG,False,ticker/price-unit candidate; settlement rules need review,False
15,1790655748133,GOOGL,stocks,rh_lighter,2051,rh_lighter,12,spot,perp,10000,29.2491,10005.647834999998,10010.211984,4.5615726990067,0.0,4.561572699007185,-2.4400238514374673,-0.4384273009928146,-5.438427300992815,0.0001,0.0001,True,True,True,0,4.561572699007185,843,USDG,USDG,False,ticker/price-unit candidate; settlement rules need review,False
15,1790655748133,GOOGL,stocks,rh_lighter,2051,rh_lighter,12,spot,perp,100000,292.4917,100333.72194999998,100084.25705600002,-24.863514394918298,0.0,-24.863514394918816,-31.85481216488059,-29.863514394918816,-34.863514394918816,0.0001,0.0001,True,True,True,0,-24.863514394918816,843,USDG,USDG,False,ticker/price-unit candidate; settlement rules need review,False
15,1790655748322,GOOGL,stocks,rh_lighter,2051,hyperliquid,xyz:GOOGL,spot,perp,1000,2.924,1000.03724,999.80332,-2.33911289143629,0.8997894798397709,-3.2389023712758127,-6.738902371275812,-8.238902371275813,-13.238902371275813,0.0001,0.001,True,True,True,0,-3.2389023712758127,189,USDG,USDC,False,ticker/price-unit candidate; settlement rules need review,False
15,1790655748322,GOOGL,stocks,rh_lighter,2051,hyperliquid,xyz:GOOGL,spot,perp,10000,29.249,10005.613613999998,10000.174109999998,-5.436452185589857,0.899510719303297,-6.335962904893305,-9.835962904893305,-11.335962904893304,-16.335962904893304,0.0001,0.001,True,True,True,0,-6.335962904893305,189,USDG,USDC,False,ticker/price-unit candidate; settlement rules need review,False
15,1790655748322,GOOGL,stocks,rh_lighter,2051,hyperliquid,xyz:GOOGL,spot,perp,100000,292.491,100333.48163999997,99980.41328999997,-35.1894845298828,0.8968329463923105,-36.08631747627466,-39.58631747627466,-41.08631747627466,-46.08631747627466,0.0001,0.001,True,True,True,0,-36.08631747627466,189,USDG,USDC,False,ticker/price-unit candidate; settlement rules need review,False
15,1790655748134,AMZN,stocks,rh_lighter,11,rh_lighter,2050,perp,spot,1000,4.0623,1000.0976369999998,998.51334,-15.841423290953172,0.0,-15.841423290952928,-22.835878792801097,-20.84142329095293,-25.84142329095293,0.0001,0.0001,True,True,True,0,-15.841423290952928,813,USDG,USDG,True,ticker/price-unit candidate; settlement rules need review,False
15,1790655748134,AMZN,stocks,rh_lighter,11,rh_lighter,2050,perp,spot,10000,40.6239,10001.744048999999,9984.13776,-17.60321891236538,0.0,-17.60321891236529,-24.597057785745964,-22.60321891236529,-27.60321891236529,0.0001,0.0001,True,True,True,0,-17.60321891236529,813,USDG,USDG,True,ticker/price-unit candidate; settlement rules need review,False
15,1790655748134,AMZN,stocks,rh_lighter,11,rh_lighter,2050,perp,spot,100000,406.2398,100052.81147900003,99623.98969100001,-42.85954404090076,0.0,-42.8595440409009,-49.84454320048659,-47.8595440409009,-52.8595440409009,0.0001,0.0001,True,True,True,0,-42.8595440409009,813,USDG,USDG,True,ticker/price-unit candidate; settlement rules need review,False
15,1790655748319,AMZN,stocks,hyperliquid,xyz:AMZN,rh_lighter,2050,perp,spot,1000,4.064,999.82528,998.9312000000001,-8.942362409559701,0.9,-9.84236240955937,-13.339232582716024,-14.84236240955937,-19.84236240955937,0.001,0.0001,True,True,True,0,-9.84236240955937,185,USDC,USDG,True,ticker/price-unit candidate; settlement rules need review,False
15,1790655748319,AMZN,stocks,hyperliquid,xyz:AMZN,rh_lighter,2050,perp,spot,10000,40.648,10000.583990000001,9990.060335,-10.523040464960332,0.9,-11.423040464960758,-14.919357400798022,-16.423040464960756,-21.423040464960756,0.001,0.0001,True,True,True,0,-11.423040464960758,185,USDC,USDG,True,ticker/price-unit candidate; settlement rules need review,False
15,1790655748319,AMZN,stocks,hyperliquid,xyz:AMZN,rh_lighter,2050,perp,spot,100000,406.487,100026.39692999999,99684.56605100002,-34.17406699545378,0.9,-35.07406699545425,-38.56210607200584,-40.07406699545425,-45.07406699545425,0.001,0.0001,True,True,True,0,-35.07406699545425,185,USDC,USDG,True,ticker/price-unit candidate; settlement rules need review,False
15,1790655748134,AMZN,stocks,rh_lighter,2050,rh_lighter,11,spot,perp,1000,4.0668,1000.3514639999999,1000.9614839999999,6.09805675258146,0.0,6.09805675258228,-0.9040775672811246,1.0980567525822797,-3.9019432474177203,0.0001,0.0001,True,True,True,0,6.09805675258228,813,USDG,USDG,False,ticker/price-unit candidate; settlement rules need review,False
15,1790655748134,AMZN,stocks,rh_lighter,2050,rh_lighter,11,spot,perp,10000,40.6685,10004.936706,10009.737905,4.798829958734263,0.0,4.798829958734515,-2.2028496317510413,-0.20117004126548466,-5.201170041265485,0.0001,0.0001,True,True,True,0,4.798829958734515,813,USDG,USDG,False,ticker/price-unit candidate; settlement rules need review,False
15,1790655748134,AMZN,stocks,rh_lighter,2050,rh_lighter,11,spot,perp,100000,406.6859,100290.746378,100078.70645499999,-21.14252118543547,0.0,-21.142521185435857,-28.13512130302095,-26.142521185435857,-31.142521185435857,0.0001,0.0001,True,True,True,0,-21.142521185435857,813,USDG,USDG,False,ticker/price-unit candidate; settlement rules need review,False
15,1790655748319,AMZN,stocks,rh_lighter,2050,hyperliquid,xyz:AMZN,spot,perp,1000,4.066,1000.1546799999999,1000.20358,0.48892437317871185,0.9000440031935861,-0.41111963001445984,-3.91111963001446,-5.4111196300144595,-10.41111963001446,0.0001,0.001,True,True,True,0,-0.41111963001445984,185,USDG,USDC,False,ticker/price-unit candidate; settlement rules need review,False
15,1790655748319,AMZN,stocks,rh_lighter,2050,hyperliquid,xyz:AMZN,spot,perp,10000,40.668,10004.813676,10003.21312,-1.5997859148930704,0.8998560192676596,-2.4996419341607083,-5.999641934160708,-7.499641934160708,-12.499641934160708,0.0001,0.001,True,True,True,0,-2.4996419341607083,185,USDG,USDC,False,ticker/price-unit candidate; settlement rules need review,False
15,1790655748319,AMZN,stocks,rh_lighter,2050,hyperliquid,xyz:AMZN,spot,perp,100000,406.685,100290.52424,99990.66484000003,-29.89907593686447,0.8973090831656824,-30.79638502003029,-34.29638502003029,-35.796385020030286,-40.796385020030286,0.0001,0.001,True,True,True,0,-30.79638502003029,185,USDG,USDC,False,ticker/price-unit candidate; settlement rules need review,False
16,1790655808005,NVDA,stocks,rh_lighter,15,rh_lighter,2054,perp,spot,1000,4.3725,1000.1219249999999,998.6352749999999,-14.864687622961892,0.0,-14.864687622962114,-21.859484982294074,-19.864687622962116,-24.864687622962116,0.0001,0.0001,True,True,True,0,-14.864687622962114,1165,USDG,USDG,True,ticker/price-unit candidate; settlement rules need review,False
16,1790655808005,NVDA,stocks,rh_lighter,15,rh_lighter,2054,perp,spot,10000,43.7254,10001.310742,9984.450405,-16.858127334445918,0.0,-16.858127334446213,-23.85222698987916,-21.858127334446213,-26.858127334446213,0.0001,0.0001,True,True,True,0,-16.858127334446213,1165,USDG,USDG,True,ticker/price-unit candidate; settlement rules need review,False
16,1790655808005,NVDA,stocks,rh_lighter,15,rh_lighter,2054,perp,spot,100000,437.254,100025.94538500001,99700.69330200003,-32.51677169839206,0.0,-32.516771698391764,-39.50539082829733,-37.516771698391764,-42.516771698391764,0.0001,0.0001,True,True,True,0,-32.516771698391764,1165,USDG,USDG,True,ticker/price-unit candidate; settlement rules need review,False
16,1790655808246,NVDA,stocks,hyperliquid,xyz:NVDA,rh_lighter,2054,perp,spot,1000,4.378,999.8914199999999,999.8914199999999,0.0,0.8999999999999999,-0.8999999999999999,-4.4,-5.9,-10.9,0.001,0.0001,True,True,True,0,-0.8999999999999999,241,USDC,USDG,True,ticker/price-unit candidate; settlement rules need review,False
16,1790655808246,NVDA,stocks,hyperliquid,xyz:NVDA,rh_lighter,2054,perp,spot,10000,43.786,10000.28454,9998.285385000001,-1.9990981176620792,0.9,-2.899098117661679,-6.398398433320497,-7.899098117661679,-12.89909811766168,0.001,0.0001,True,True,True,0,-2.899098117661679,241,USDC,USDG,True,ticker/price-unit candidate; settlement rules need review,False
16,1790655808246,NVDA,stocks,hyperliquid,xyz:NVDA,rh_lighter,2054,perp,spot,100000,437.866,100011.51825999998,99840.14362200003,-17.135490089694727,0.8999999999999999,-18.03549008969422,-21.529492668162824,-23.03549008969422,-28.03549008969422,0.001,0.0001,True,True,True,0,-18.03549008969422,241,USDC,USDG,True,ticker/price-unit candidate; settlement rules need review,False
16,1790655808005,NVDA,stocks,rh_lighter,2054,rh_lighter,15,spot,perp,1000,4.3775,1000.2149750000001,1001.002925,7.877806468552517,0.0,7.87780646855352,0.8750492362895258,2.87780646855352,-2.12219353144648,0.0001,0.0001,True,True,True,0,7.87780646855352,1165,USDG,USDG,False,ticker/price-unit candidate; settlement rules need review,False
16,1790655808005,NVDA,stocks,rh_lighter,2054,rh_lighter,15,spot,perp,10000,43.7751,10002.172599000001,10010.052117,7.877806468552517,0.0,7.877806468552337,0.8750492362883443,2.877806468552337,-2.122193531447663,0.0001,0.0001,True,True,True,0,7.877806468552337,1165,USDG,USDG,False,ticker/price-unit candidate; settlement rules need review,False
16,1790655808005,NVDA,stocks,rh_lighter,2054,rh_lighter,15,spot,perp,100000,437.7517,100167.59837600002,100087.73969300001,-7.972506508566735,0.0,-7.972506508566458,-14.969716131288457,-12.972506508566457,-17.972506508566457,0.0001,0.0001,True,True,True,0,-7.972506508566458,1165,USDG,USDG,False,ticker/price-unit candidate; settlement rules need review,False
16,1790655808246,NVDA,stocks,rh_lighter,2054,hyperliquid,xyz:NVDA,spot,perp,1000,4.377,1000.10073,999.57549,-5.251870979037232,0.8995273316118867,-6.151398310648703,-9.651398310648704,-11.151398310648702,-16.151398310648702,0.0001,0.001,True,True,True,0,-6.151398310648703,241,USDG,USDC,False,ticker/price-unit candidate; settlement rules need review,False
16,1790655808246,NVDA,stocks,rh_lighter,2054,hyperliquid,xyz:NVDA,spot,perp,10000,43.775,10002.14975,9996.63692,-5.511645134086418,0.8995039519379321,-6.411149086024898,-9.9111490860249,-11.4111490860249,-16.4111490860249,0.0001,0.001,True,True,True,0,-6.411149086024898,241,USDG,USDC,False,ticker/price-unit candidate; settlement rules need review,False
16,1790655808246,NVDA,stocks,rh_lighter,2054,hyperliquid,xyz:NVDA,spot,perp,100000,437.751,100167.43812500002,99956.14640999999,-21.093852349138853,0.8981015532885775,-21.991953902427756,-25.491953902427756,-26.991953902427756,-31.991953902427756,0.0001,0.001,True,True,True,0,-21.991953902427756,241,USDG,USDC,False,ticker/price-unit candidate; settlement rules need review,False
16,1790655808003,AAPL,stocks,rh_lighter,10,rh_lighter,2049,perp,spot,1000,2.9599,1000.0910120000001,999.055047,-10.35870723333887,0.0,-10.358707233338745,-17.355081685807075,-15.358707233338745,-20.358707233338745,0.0001,0.0001,True,True,True,0,-10.358707233338745,749,USDG,USDG,True,ticker/price-unit candidate; settlement rules need review,False
16,1790655808003,AAPL,stocks,rh_lighter,10,rh_lighter,2049,perp,spot,10000,29.5998,10001.29854,9987.970683999998,-13.326125549294465,0.0,-13.326125549294623,-20.32146140535237,-18.326125549294623,-23.326125549294623,0.0001,0.0001,True,True,True,0,-13.326125549294623,749,USDG,USDG,True,ticker/price-unit candidate; settlement rules need review,False
16,1790655808003,AAPL,stocks,rh_lighter,10,rh_lighter,2049,perp,spot,100000,295.9981,100028.55311800001,91329.12826299999,-869.6941607000585,0.0,-869.694160700058,-876.3897677438131,-874.694160700058,-879.694160700058,0.0001,0.0001,True,True,True,0,-869.694160700058,749,USDG,USDG,True,ticker/price-unit candidate; settlement rules need review,False
16,1790655808244,AAPL,stocks,hyperliquid,xyz:AAPL,rh_lighter,2049,perp,spot,1000,2.962,999.9712000000002,999.76386,-2.0734597156413237,0.8999999999999999,-2.9734597156413938,-6.472734004740919,-7.973459715641393,-12.973459715641393,0.001,0.0001,True,True,True,0,-2.9734597156413938,241,USDC,USDG,True,ticker/price-unit candidate; settlement rules need review,False
16,1790655808244,AAPL,stocks,hyperliquid,xyz:AAPL,rh_lighter,2049,perp,spot,10000,29.622,10000.6033,9995.442759999998,-5.160228683406265,0.9,-6.060228683406114,-9.558422603366921,-11.060228683406114,-16.060228683406116,0.001,0.0001,True,True,True,0,-6.060228683406114,241,USDC,USDG,True,ticker/price-unit candidate; settlement rules need review,False
16,1790655808244,AAPL,stocks,hyperliquid,xyz:AAPL,rh_lighter,2049,perp,spot,100000,296.221,100023.40469000002,91329.13494999999,-869.2235349262467,0.9,-870.1235349262465,-873.3193066890223,-875.1235349262465,-880.1235349262465,0.001,0.0001,True,True,True,0,-870.1235349262465,241,USDC,USDG,True,ticker/price-unit candidate; settlement rules need review,False
16,1790655808003,AAPL,stocks,rh_lighter,2049,rh_lighter,10,spot,perp,1000,2.9602,1000.8436200000001,999.95556,-8.873114463178178,0.0,-8.873114463177668,-15.870008873115557,-13.873114463177668,-18.873114463177668,0.0001,0.0001,True,True,True,0,-8.873114463177668,749,USDG,USDG,False,ticker/price-unit candidate; settlement rules need review,False
16,1790655808003,AAPL,stocks,rh_lighter,2049,rh_lighter,10,spot,perp,10000,29.602,10011.198040000001,9999.126195,-12.05834202037237,0.0,-12.05834202037261,-19.05412160066548,-17.05834202037261,-22.05834202037261,0.0001,0.0001,True,True,True,0,-12.05834202037261,749,USDG,USDG,False,ticker/price-unit candidate; settlement rules need review,False
16,1790655808244,AAPL,stocks,rh_lighter,2049,hyperliquid,xyz:AAPL,spot,perp,1000,2.96,1000.7760000000001,999.2072,-15.675835551612893,0.8985891748003548,-16.57442472641354,-20.07442472641354,-21.57442472641354,-26.57442472641354,0.0001,0.001,True,True,True,0,-16.57442472641354,241,USDG,USDC,False,ticker/price-unit candidate; settlement rules need review,False
16,1790655808244,AAPL,stocks,rh_lighter,2049,hyperliquid,xyz:AAPL,spot,perp,10000,29.602,10011.198040000001,9992.4883,-18.68881219335039,0.8983180069025983,-19.587130200253473,-23.087130200253473,-24.587130200253473,-29.587130200253473,0.0001,0.001,True,True,True,0,-19.587130200253473,241,USDG,USDC,False,ticker/price-unit candidate; settlement rules need review,False
16,1790655808009,TSLA,stocks,rh_lighter,16,rh_lighter,2055,perp,spot,1000,2.7999,1000.1522789999999,998.8083270000001,-13.437473754932538,0.0,-13.437473754932384,-20.43277063911816,-18.437473754932384,-23.437473754932384,0.0001,0.0001,True,True,True,0,-13.437473754932384,741,USDG,USDG,True,ticker/price-unit candidate; settlement rules need review,False
16,1790655808009,TSLA,stocks,rh_lighter,16,rh_lighter,2055,perp,spot,10000,27.999,10001.606796,9986.933239999998,-14.671198637672411,0.0,-14.671198637672932,-21.666063718149747,-19.67119863767293,-24.67119863767293,0.0001,0.0001,True,True,True,0,-14.671198637672932,741,USDG,USDG,True,ticker/price-unit candidate; settlement rules need review,False
16,1790655808009,TSLA,stocks,rh_lighter,16,rh_lighter,2055,perp,spot,100000,279.9904,100041.57143200003,99745.26003999996,-29.618826229800277,0.0,-29.61882622980082,-36.60845964062039,-34.61882622980082,-39.61882622980082,0.0001,0.0001,True,True,True,0,-29.61882622980082,741,USDG,USDG,True,ticker/price-unit candidate; settlement rules need review,False
16,1790655808249,TSLA,stocks,hyperliquid,xyz:TSLA,rh_lighter,2055,perp,spot,1000,2.801,999.9009800000001,999.2007300000001,-7.003193456215362,0.9,-7.903193456215861,-11.400742338506184,-12.90319345621586,-17.90319345621586,0.001,0.0001,True,True,True,0,-7.903193456215861,240,USDC,USDG,True,ticker/price-unit candidate; settlement rules need review,False
16,1790655808249,TSLA,stocks,hyperliquid,xyz:TSLA,rh_lighter,2055,perp,spot,10000,28.013,10000.46846,9991.92634,-8.541719854592289,0.9,-9.44171985459176,-12.938730252642651,-14.44171985459176,-19.44171985459176,0.001,0.0001,True,True,True,0,-9.44171985459176,240,USDC,USDG,True,ticker/price-unit candidate; settlement rules need review,False
16,1790655808249,TSLA,stocks,hyperliquid,xyz:TSLA,rh_lighter,2055,perp,spot,100000,280.139,100017.58179000001,99798.16461199996,-21.93786073140025,0.9000000000000002,-22.837860731400408,-26.330182480144423,-27.837860731400408,-32.83786073140041,0.001,0.0001,True,True,True,0,-22.837860731400408,240,USDC,USDG,True,ticker/price-unit candidate; settlement rules need review,False
16,1790655808009,TSLA,stocks,rh_lighter,2055,rh_lighter,16,spot,perp,1000,2.8025,1000.21225,1000.7727500000001,5.603810591201519,0.0,5.603810591202491,-1.3981507425044302,0.6038105912024907,-4.396189408797509,0.0001,0.0001,True,True,True,0,5.603810591202491,741,USDG,USDG,False,ticker/price-unit candidate; settlement rules need review,False
16,1790655808009,TSLA,stocks,rh_lighter,2055,rh_lighter,16,spot,perp,10000,28.0257,10002.37233,10007.652130999999,5.2785487540418785,0.0,5.278548754042202,-1.7232987380217126,0.2785487540422018,-4.721451245957798,0.0001,0.0001,True,True,True,0,5.278548754042202,741,USDG,USDG,False,ticker/price-unit candidate; settlement rules need review,False
16,1790655808009,TSLA,stocks,rh_lighter,2055,rh_lighter,16,spot,perp,100000,280.2572,100161.79414399998,100058.344937,-10.328210260616144,0.0,-10.328210260616645,-17.32459538702543,-15.328210260616645,-20.328210260616643,0.0001,0.0001,True,True,True,0,-10.328210260616645,741,USDG,USDG,False,ticker/price-unit candidate; settlement rules need review,False
16,1790655808249,TSLA,stocks,rh_lighter,2055,hyperliquid,xyz:TSLA,spot,perp,1000,2.802,1000.0337999999999,1000.13786,1.0405648289091296,0.9000936508346019,0.14047117807535822,-3.3595288219246413,-4.859528821924642,-9.859528821924641,0.0001,0.001,True,True,True,0,0.14047117807535822,240,USDG,USDC,False,ticker/price-unit candidate; settlement rules need review,False
16,1790655808249,TSLA,stocks,rh_lighter,2055,hyperliquid,xyz:TSLA,spot,perp,10000,28.025,10002.1225,10002.983250000001,0.86056734458273,0.9000774510610126,-0.03951010647825581,-3.539510106478256,-5.0395101064782555,-10.039510106478255,0.0001,0.001,True,True,True,0,-0.03951010647825581,240,USDG,USDC,False,ticker/price-unit candidate; settlement rules need review,False
16,1790655808249,TSLA,stocks,rh_lighter,2055,hyperliquid,xyz:TSLA,spot,perp,100000,280.257,100161.72260999998,100017.87229000001,-14.361805712954645,0.8987074374858341,-15.260513150440582,-18.760513150440584,-20.26051315044058,-25.26051315044058,0.0001,0.001,True,True,True,0,-15.260513150440582,240,USDG,USDC,False,ticker/price-unit candidate; settlement rules need review,False
16,1790655808059,META,stocks,rh_lighter,13,rh_lighter,2052,perp,spot,1000,1.4007,1000.1196910000001,999.4974990000001,-6.221175381297961,0.0,-6.221175381297846,-13.218997969914392,-11.221175381297847,-16.221175381297847,0.0001,0.0001,True,True,True,0,-6.221175381297846,781,USDG,USDG,True,ticker/price-unit candidate; settlement rules need review,False
16,1790655808059,META,stocks,rh_lighter,13,rh_lighter,2052,perp,spot,10000,14.0071,10001.916844,9993.754441000001,-8.16083869452977,0.0,-8.160838694529792,-15.157982400986706,-13.160838694529792,-18.160838694529794,0.0001,0.0001,True,True,True,0,-8.160838694529792,781,USDG,USDG,True,ticker/price-unit candidate; settlement rules need review,False
16,1790655808059,META,stocks,rh_lighter,13,rh_lighter,2052,perp,spot,100000,140.0717,100034.41874600002,99649.40196199997,-38.48843116464273,0.0,-38.48843116464308,-45.47496021373546,-43.48843116464308,-48.48843116464308,0.0001,0.0001,True,True,True,0,-38.48843116464308,781,USDG,USDG,True,ticker/price-unit candidate; settlement rules need review,False
16,1790655808320,META,stocks,hyperliquid,xyz:META,rh_lighter,2052,perp,spot,1000,1.402,999.78022,1000.42514,6.4506177167622525,0.8999999999999999,5.550617716762491,2.0483600005616243,0.550617716762491,-4.449382283237509,0.001,0.0001,True,True,True,0,5.550617716762491,261,USDC,USDG,True,ticker/price-unit candidate; settlement rules need review,False
16,1790655808320,META,stocks,hyperliquid,xyz:META,rh_lighter,2052,perp,spot,10000,14.023,9999.94153,10005.096706,5.155206142490876,0.9,4.255206142490525,0.7534018203406535,-0.7447938575094746,-5.744793857509475,0.001,0.0001,True,True,True,0,4.255206142490525,261,USDC,USDG,True,ticker/price-unit candidate; settlement rules need review,False
16,1790655808320,META,stocks,hyperliquid,xyz:META,rh_lighter,2052,perp,spot,100000,140.231,100015.59539999999,99762.61009999999,-25.294585208258667,0.8999999999999999,-26.19458520825846,-29.68573210343557,-31.19458520825846,-36.19458520825846,0.001,0.0001,True,True,True,0,-26.19458520825846,261,USDC,USDG,True,ticker/price-unit candidate; settlement rules need review,False
16,1790655808059,META,stocks,rh_lighter,2052,rh_lighter,13,spot,perp,1000,1.4012,1000.0364400000001,1000.24662,2.101723413197032,0.0,2.101723413198053,-4.899012189996568,-2.898276586801947,-7.898276586801947,0.0001,0.0001,True,True,True,0,2.101723413198053,781,USDG,USDG,False,ticker/price-unit candidate; settlement rules need review,False
16,1790655808059,META,stocks,rh_lighter,2052,rh_lighter,13,spot,perp,10000,14.0127,10001.305800000002,10002.765421000002,1.4594304275750147,0.0,1.4594304275747372,-5.541080373074914,-3.540569572425263,-8.540569572425262,0.0001,0.0001,True,True,True,0,1.4594304275747372,781,USDG,USDG,False,ticker/price-unit candidate; settlement rules need review,False
16,1790655808059,META,stocks,rh_lighter,2052,rh_lighter,13,spot,perp,100000,140.1276,100223.73633200003,100012.61671999999,-21.064831518622373,0.0,-21.06483151862211,-28.05745882759059,-26.06483151862211,-31.06483151862211,0.0001,0.0001,True,True,True,0,-21.06483151862211,781,USDG,USDG,False,ticker/price-unit candidate; settlement rules need review,False
16,1790655808320,META,stocks,rh_lighter,2052,hyperliquid,xyz:META,spot,perp,1000,1.401,999.8937000000001,999.0531000000001,-8.406893652794789,0.8992433795712486,-9.30613703236649,-12.80613703236649,-14.30613703236649,-19.30613703236649,0.0001,0.001,True,True,True,0,-9.30613703236649,261,USDG,USDC,False,ticker/price-unit candidate; settlement rules need review,False
16,1790655808320,META,stocks,rh_lighter,2052,hyperliquid,xyz:META,spot,perp,10000,14.012,10000.806000000002,9991.66286,-9.142403122309739,0.8991771837189921,-10.041580306029282,-13.541580306029282,-15.041580306029282,-20.04158030602928,0.0001,0.001,True,True,True,0,-10.041580306029282,261,USDG,USDC,False,ticker/price-unit candidate; settlement rules need review,False
16,1790655808320,META,stocks,rh_lighter,2052,hyperliquid,xyz:META,spot,perp,100000,140.127,100223.30687000003,99902.84331000003,-31.97495373163828,0.8971222541641526,-32.87207598580245,-36.37207598580245,-37.87207598580245,-42.87207598580245,0.0001,0.001,True,True,True,0,-32.87207598580245,261,USDG,USDC,False,ticker/price-unit candidate; settlement rules need review,False
16,1790655808200,GOOGL,stocks,rh_lighter,12,rh_lighter,2051,perp,spot,1000,2.9215,1000.1186589999999,998.481055,-16.374097066015338,0.0,-16.374097066015214,-23.368366132042105,-21.374097066015214,-26.374097066015214,0.0001,0.0001,True,True,True,0,-16.374097066015214,926,USDG,USDG,True,ticker/price-unit candidate; settlement rules need review,False
16,1790655808200,GOOGL,stocks,rh_lighter,12,rh_lighter,2051,perp,spot,10000,29.2154,10001.920379,9984.742881999999,-17.1741989029095,0.0,-17.17419890290909,-24.16818793329307,-22.17419890290909,-27.17419890290909,0.0001,0.0001,True,True,True,0,-17.17419890290909,926,USDG,USDG,True,ticker/price-unit candidate; settlement rules need review,False
16,1790655808200,GOOGL,stocks,rh_lighter,12,rh_lighter,2051,perp,spot,100000,292.1541,100040.86801900002,99645.269424,-39.54369877367414,0.0,-39.543698773673626,-46.52985847910285,-44.543698773673626,-49.543698773673626,0.0001,0.0001,True,True,True,0,-39.543698773673626,926,USDG,USDG,True,ticker/price-unit candidate; settlement rules need review,False
16,1790655808428,GOOGL,stocks,hyperliquid,xyz:GOOGL,rh_lighter,2051,perp,spot,1000,2.924,999.8636,999.33548,-5.28192045395004,0.9,-6.181920453950499,-9.680071781791618,-11.1819204539505,-16.1819204539505,0.001,0.0001,True,True,True,0,-6.181920453950499,228,USDC,USDG,True,ticker/price-unit candidate; settlement rules need review,False
16,1790655808428,GOOGL,stocks,hyperliquid,xyz:GOOGL,rh_lighter,2051,perp,spot,10000,29.244,10000.55313,9994.517217999999,-6.035578154066634,0.9000000000000002,-6.935578154066754,-10.433465701712832,-11.935578154066754,-16.935578154066754,0.001,0.0001,True,True,True,0,-6.935578154066754,228,USDC,USDG,True,ticker/price-unit candidate; settlement rules need review,False
16,1790655808428,GOOGL,stocks,hyperliquid,xyz:GOOGL,rh_lighter,2051,perp,spot,100000,292.448,100027.32137999995,99745.45405599996,-28.179033499176054,0.9,-29.07903349917654,-32.56917083745183,-34.07903349917654,-39.07903349917654,0.001,0.0001,True,True,True,0,-29.07903349917654,228,USDC,USDG,True,ticker/price-unit candidate; settlement rules need review,False
16,1790655808200,GOOGL,stocks,rh_lighter,2051,rh_lighter,12,spot,perp,1000,2.9249,1000.345049,1001.017776,6.724949562877391,0.0,6.724949562878368,-0.27740416946863916,1.7249495628783684,-3.2750504371216316,0.0001,0.0001,True,True,True,0,6.724949562878368,926,USDG,USDG,False,ticker/price-unit candidate; settlement rules need review,False
16,1790655808200,GOOGL,stocks,rh_lighter,2051,rh_lighter,12,spot,perp,10000,29.2491,10005.647834999998,10010.211984,4.5615726990067,0.0,4.561572699007185,-2.4400238514374673,-0.4384273009928146,-5.438427300992815,0.0001,0.0001,True,True,True,0,4.561572699007185,926,USDG,USDG,False,ticker/price-unit candidate; settlement rules need review,False
16,1790655808200,GOOGL,stocks,rh_lighter,2051,rh_lighter,12,spot,perp,100000,292.4917,100333.72194999998,100084.10443700003,-24.878725532013757,0.0,-24.87872553201407,-31.870017978077865,-29.87872553201407,-34.87872553201407,0.0001,0.0001,True,True,True,0,-24.87872553201407,926,USDG,USDG,False,ticker/price-unit candidate; settlement rules need review,False
16,1790655808428,GOOGL,stocks,rh_lighter,2051,hyperliquid,xyz:GOOGL,spot,perp,1000,2.924,1000.03724,999.80332,-2.33911289143629,0.8997894798397709,-3.2389023712758127,-6.738902371275812,-8.238902371275813,-13.238902371275813,0.0001,0.001,True,True,True,0,-3.2389023712758127,228,USDG,USDC,False,ticker/price-unit candidate; settlement rules need review,False
16,1790655808428,GOOGL,stocks,rh_lighter,2051,hyperliquid,xyz:GOOGL,spot,perp,10000,29.249,10005.613613999998,10000.132229999997,-5.478308688965372,0.8995069522179931,-6.377815641183341,-9.877815641183341,-11.377815641183341,-16.37781564118334,0.0001,0.001,True,True,True,0,-6.377815641183341,228,USDG,USDC,False,ticker/price-unit candidate; settlement rules need review,False
16,1790655808428,GOOGL,stocks,rh_lighter,2051,hyperliquid,xyz:GOOGL,spot,perp,100000,292.491,100333.48163999997,99981.55479,-35.07571393392861,0.8968431857459465,-35.97255711967482,-39.47255711967482,-40.97255711967482,-45.97255711967482,0.0001,0.001,True,True,True,0,-35.97255711967482,228,USDG,USDC,False,ticker/price-unit candidate; settlement rules need review,False
16,1790655808331,AMZN,stocks,rh_lighter,11,rh_lighter,2050,perp,spot,1000,4.0623,1000.0976369999998,998.51334,-15.841423290953172,0.0,-15.841423290952928,-22.835878792801097,-20.84142329095293,-25.84142329095293,0.0001,0.0001,True,True,True,0,-15.841423290952928,1019,USDG,USDG,True,ticker/price-unit candidate; settlement rules need review,False
16,1790655808331,AMZN,stocks,rh_lighter,11,rh_lighter,2050,perp,spot,10000,40.6239,10001.70336,9984.13776,-17.56260845552582,0.0,-17.562608455526025,-24.55646154256659,-22.562608455526025,-27.562608455526025,0.0001,0.0001,True,True,True,0,-17.562608455526025,1019,USDG,USDG,True,ticker/price-unit candidate; settlement rules need review,False
16,1790655808331,AMZN,stocks,rh_lighter,11,rh_lighter,2050,perp,spot,100000,406.2398,100077.220046,99623.98969100001,-45.28806403611752,0.0,-45.288064036118044,-52.2722132137054,-50.288064036118044,-55.288064036118044,0.0001,0.0001,True,True,True,0,-45.288064036118044,1019,USDG,USDG,True,ticker/price-unit candidate; settlement rules need review,False
16,1790655808570,AMZN,stocks,hyperliquid,xyz:AMZN,rh_lighter,2050,perp,spot,1000,4.064,999.82528,998.9312000000001,-8.942362409559701,0.9,-9.84236240955937,-13.339232582716024,-14.84236240955937,-19.84236240955937,0.001,0.0001,True,True,True,0,-9.84236240955937,239,USDC,USDG,True,ticker/price-unit candidate; settlement rules need review,False
16,1790655808570,AMZN,stocks,hyperliquid,xyz:AMZN,rh_lighter,2050,perp,spot,10000,40.648,10000.584,9990.060335,-10.523050453854488,0.9,-11.423050453854115,-14.919367386195264,-16.423050453854117,-21.423050453854117,0.001,0.0001,True,True,True,0,-11.423050453854115,239,USDC,USDG,True,ticker/price-unit candidate; settlement rules need review,False
16,1790655808570,AMZN,stocks,hyperliquid,xyz:AMZN,rh_lighter,2050,perp,spot,100000,406.487,100027.81993,99684.56605100002,-34.31584125698106,0.9,-35.21584125698156,-38.703830712541624,-40.21584125698156,-45.21584125698156,0.001,0.0001,True,True,True,0,-35.21584125698156,239,USDC,USDG,True,ticker/price-unit candidate; settlement rules need review,False
16,1790655808331,AMZN,stocks,rh_lighter,2050,rh_lighter,11,spot,perp,1000,4.0668,1000.3514639999999,1000.9614839999999,6.09805675258146,0.0,6.09805675258228,-0.9040775672811246,1.0980567525822797,-3.9019432474177203,0.0001,0.0001,True,True,True,0,6.09805675258228,1019,USDG,USDG,False,ticker/price-unit candidate; settlement rules need review,False
16,1790655808331,AMZN,stocks,rh_lighter,2050,rh_lighter,11,spot,perp,10000,40.6685,10004.936706,10009.737905,4.798829958734263,0.0,4.798829958734515,-2.2028496317510413,-0.20117004126548466,-5.201170041265485,0.0001,0.0001,True,True,True,0,4.798829958734515,1019,USDG,USDG,False,ticker/price-unit candidate; settlement rules need review,False
16,1790655808331,AMZN,stocks,rh_lighter,2050,rh_lighter,11,spot,perp,100000,406.6859,100290.746378,100078.647347,-21.148414849818664,0.0,-21.148414849818803,-28.14101290462137,-26.148414849818803,-31.148414849818803,0.0001,0.0001,True,True,True,0,-21.148414849818803,1019,USDG,USDG,False,ticker/price-unit candidate; settlement rules need review,False
16,1790655808570,AMZN,stocks,rh_lighter,2050,hyperliquid,xyz:AMZN,spot,perp,1000,4.066,1000.1546799999999,1000.236,0.8130742336787122,0.900073176681031,-0.08699894300230791,-3.586998943002308,-5.086998943002308,-10.086998943002309,0.0001,0.001,True,True,True,0,-0.08699894300230791,239,USDG,USDC,False,ticker/price-unit candidate; settlement rules need review,False
16,1790655808570,AMZN,stocks,rh_lighter,2050,hyperliquid,xyz:AMZN,spot,perp,10000,40.668,10004.813676,10003.44808,-1.3649389626069208,0.8998771554933654,-2.26481611810043,-5.76481611810043,-7.2648161181004305,-12.26481611810043,0.0001,0.001,True,True,True,0,-2.26481611810043,239,USDG,USDC,False,ticker/price-unit candidate; settlement rules need review,False
16,1790655808570,AMZN,stocks,rh_lighter,2050,hyperliquid,xyz:AMZN,spot,perp,100000,406.685,100290.52424,99996.81880000004,-29.285462632253623,0.8973643083630972,-30.182826940616412,-33.68282694061641,-35.18282694061641,-40.18282694061641,0.0001,0.001,True,True,True,0,-30.182826940616412,239,USDG,USDC,False,ticker/price-unit candidate; settlement rules need review,False
17,1790655868059,NVDA,stocks,rh_lighter,15,rh_lighter,2054,perp,spot,1000,4.3715,1000.1117700000001,998.756605,-13.550135501355642,0.0,-13.550135501355575,-20.5453929539301,-18.550135501355577,-23.550135501355577,0.0001,0.0001,True,True,True,0,-13.550135501355575,1191,USDG,USDG,True,ticker/price-unit candidate; settlement rules need review,False
17,1790655868059,NVDA,stocks,rh_lighter,15,rh_lighter,2054,perp,spot,10000,43.7158,10001.300724,9986.339670000001,-14.959108232889262,0.0,-14.959108232889708,-21.9538725450082,-19.959108232889708,-24.959108232889708,0.0001,0.0001,True,True,True,0,-14.959108232889708,1191,USDG,USDG,True,ticker/price-unit candidate; settlement rules need review,False
17,1790655868059,NVDA,stocks,rh_lighter,15,rh_lighter,2054,perp,spot,100000,437.1584,100031.064854,99699.34900100002,-33.1612837956019,0.0,-33.16128379560161,-40.14967734627315,-38.16128379560161,-43.16128379560161,0.0001,0.0001,True,True,True,0,-33.16128379560161,1191,USDG,USDG,True,ticker/price-unit candidate; settlement rules need review,False
17,1790655868358,NVDA,stocks,hyperliquid,xyz:NVDA,rh_lighter,2054,perp,spot,1000,4.377,999.9614899999999,1000.0131899999999,0.5170199104376216,0.9,-0.3829800895634237,-3.8831610465320767,-5.382980089563424,-10.382980089563423,0.001,0.0001,True,True,True,0,-0.3829800895634237,299,USDC,USDG,True,ticker/price-unit candidate; settlement rules need review,False
17,1790655868358,NVDA,stocks,hyperliquid,xyz:NVDA,rh_lighter,2054,perp,spot,10000,43.774,10000.600110000001,9999.633714,-0.9663380090918494,0.9,-1.8663380090913595,-5.365999790788177,-6.8663380090913595,-11.86633800909136,0.001,0.0001,True,True,True,0,-1.8663380090913595,299,USDC,USDG,True,ticker/price-unit candidate; settlement rules need review,False
17,1790655868358,NVDA,stocks,hyperliquid,xyz:NVDA,rh_lighter,2054,perp,spot,100000,437.742,100013.71749,99832.32809700002,-18.136451434085377,0.9,-19.03645143408576,-22.530103676083826,-24.03645143408576,-29.03645143408576,0.001,0.0001,True,True,True,0,-19.03645143408576,299,USDC,USDG,True,ticker/price-unit candidate; settlement rules need review,False
17,1790655868059,NVDA,stocks,rh_lighter,2054,rh_lighter,15,spot,perp,1000,4.3758,1000.220364,1000.832976,6.1247703211120275,0.0,6.124770321113087,-0.8773733484993037,1.124770321113087,-3.875229678886913,0.0001,0.0001,True,True,True,0,6.124770321113087,1191,USDG,USDG,False,ticker/price-unit candidate; settlement rules need review,False
17,1790655868059,NVDA,stocks,rh_lighter,2054,rh_lighter,15,spot,perp,10000,43.7588,10002.386504,10008.512736,6.124770321114248,0.0,6.124770321113486,-0.8773733484989044,1.1247703211134858,-3.875229678886514,0.0001,0.0001,True,True,True,0,6.124770321113486,1191,USDG,USDG,False,ticker/price-unit candidate; settlement rules need review,False
17,1790655868059,NVDA,stocks,rh_lighter,2054,rh_lighter,15,spot,perp,100000,437.5888,100137.38327900002,100076.73053,-6.056953658457598,0.0,-6.05695365845803,-13.054833724677568,-11.056953658458031,-16.05695365845803,0.0001,0.0001,True,True,True,0,-6.05695365845803,1191,USDG,USDG,False,ticker/price-unit candidate; settlement rules need review,False
17,1790655868358,NVDA,stocks,rh_lighter,2054,hyperliquid,xyz:NVDA,spot,perp,1000,4.375,1000.0375,999.425,-6.124770321113138,0.8994487706710997,-7.02421909178474,-10.52421909178474,-12.02421909178474,-17.02421909178474,0.0001,0.001,True,True,True,0,-7.02421909178474,299,USDG,USDC,False,ticker/price-unit candidate; settlement rules need review,False
17,1790655868358,NVDA,stocks,rh_lighter,2054,hyperliquid,xyz:NVDA,spot,perp,10000,43.758,10002.203640000002,9995.68336,-6.518843481575498,0.8994133040866582,-7.418256785662323,-10.918256785662324,-12.418256785662322,-17.418256785662322,0.0001,0.001,True,True,True,0,-7.418256785662323,299,USDG,USDC,False,ticker/price-unit candidate; settlement rules need review,False
17,1790655868358,NVDA,stocks,rh_lighter,2054,hyperliquid,xyz:NVDA,spot,perp,100000,437.588,100137.20013500002,99946.23078,-19.07077037729854,0.8982836306660431,-19.969054007965134,-23.469054007965134,-24.969054007965134,-29.969054007965134,0.0001,0.001,True,True,True,0,-19.969054007965134,299,USDG,USDC,False,ticker/price-unit candidate; settlement rules need review,False
17,1790655868035,AAPL,stocks,rh_lighter,10,rh_lighter,2049,perp,spot,1000,2.96,1000.1247999999999,999.444,-6.807150467621481,0.0,-6.8071504676214065,-13.804767964957739,-11.807150467621407,-16.807150467621405,0.0001,0.0001,True,True,True,0,-6.8071504676214065,704,USDG,USDG,True,ticker/price-unit candidate; settlement rules need review,False
17,1790655868035,AAPL,stocks,rh_lighter,10,rh_lighter,2049,perp,spot,10000,29.6006,10001.450728,9991.431948,-10.017326758359202,0.0,-10.017326758358983,-17.01382069399356,-15.017326758358983,-20.017326758358983,0.0001,0.0001,True,True,True,0,-10.017326758358983,704,USDG,USDG,True,ticker/price-unit candidate; settlement rules need review,False
17,1790655868035,AAPL,stocks,rh_lighter,10,rh_lighter,2049,perp,spot,100000,296.0068,100028.77163,91332.320524,-869.3949714955629,0.0,-869.3949714955635,-876.0906832555402,-874.3949714955635,-879.3949714955635,0.0001,0.0001,True,True,True,0,-869.3949714955635,704,USDG,USDG,True,ticker/price-unit candidate; settlement rules need review,False
17,1790655868362,AAPL,stocks,hyperliquid,xyz:AAPL,rh_lighter,2049,perp,spot,1000,2.962,999.88234,1000.1193,2.369878839942885,0.9,1.4698788399438445,-2.0309506176501353,-3.5301211600561553,-8.530121160056156,0.001,0.0001,True,True,True,0,1.4698788399438445,327,USDC,USDG,True,ticker/price-unit candidate; settlement rules need review,False
17,1790655868362,AAPL,stocks,hyperliquid,xyz:AAPL,rh_lighter,2049,perp,spot,10000,29.624,10000.26241,9999.30792,-0.9544649538850702,0.9,-1.8544649538852234,-5.354130891151364,-6.854464953885223,-11.854464953885223,0.001,0.0001,True,True,True,0,-1.8544649538852234,327,USDC,USDG,True,ticker/price-unit candidate; settlement rules need review,False
17,1790655868362,AAPL,stocks,hyperliquid,xyz:AAPL,rh_lighter,2049,perp,spot,100000,296.248,100020.87659,91332.32776,-868.6735335879547,0.9,-869.5735335879542,-872.7694978511985,-874.5735335879542,-879.5735335879542,0.001,0.0001,True,True,True,0,-869.5735335879542,327,USDC,USDG,True,ticker/price-unit candidate; settlement rules need review,False
17,1790655868035,AAPL,stocks,rh_lighter,2049,rh_lighter,10,spot,perp,1000,2.9596,1000.6407600000001,999.693688,-9.464655427390278,0.0,-9.464655427389966,-16.461342797990376,-14.464655427389966,-19.464655427389964,0.0001,0.0001,True,True,True,0,-9.464655427389966,704,USDG,USDG,False,ticker/price-unit candidate; settlement rules need review,False
17,1790655868035,AAPL,stocks,rh_lighter,2049,rh_lighter,10,spot,perp,10000,29.5967,10009.401234,9997.007323999998,-12.382269139039614,0.0,-12.382269139039797,-19.377935344841134,-17.3822691390398,-22.3822691390398,0.0001,0.0001,True,True,True,0,-12.382269139039797,704,USDG,USDG,False,ticker/price-unit candidate; settlement rules need review,False
17,1790655868362,AAPL,stocks,rh_lighter,2049,hyperliquid,xyz:AAPL,spot,perp,1000,2.959,1000.4379000000001,998.7808600000001,-16.563146997929934,0.8985093167701863,-17.46165631470031,-20.96165631470031,-22.46165631470031,-27.46165631470031,0.0001,0.001,True,True,True,0,-17.46165631470031,327,USDG,USDC,False,ticker/price-unit candidate; settlement rules need review,False
17,1790655868362,AAPL,stocks,rh_lighter,2049,hyperliquid,xyz:AAPL,spot,perp,10000,29.596,10009.16392,9988.943299999999,-20.202106950808485,0.8981818103744272,-21.10028876118343,-24.60028876118343,-26.10028876118343,-31.10028876118343,0.0001,0.001,True,True,True,0,-21.10028876118343,327,USDG,USDC,False,ticker/price-unit candidate; settlement rules need review,False
17,1790655868227,TSLA,stocks,rh_lighter,16,rh_lighter,2055,perp,spot,1000,2.7997,1000.160383,998.7369810000001,-14.231737471248618,0.0,-14.231737471248113,-21.226756363133177,-19.231737471248113,-24.231737471248113,0.0001,0.0001,True,True,True,0,-14.231737471248113,887,USDG,USDG,True,ticker/price-unit candidate; settlement rules need review,False
17,1790655868227,TSLA,stocks,rh_lighter,16,rh_lighter,2055,perp,spot,10000,27.997,10001.895808,9986.21994,-15.672896719699514,0.0,-15.672896719700008,-22.66741120584811,-20.672896719700006,-25.672896719700006,0.0001,0.0001,True,True,True,0,-15.672896719700008,887,USDG,USDG,True,ticker/price-unit candidate; settlement rules need review,False
17,1790655868227,TSLA,stocks,rh_lighter,16,rh_lighter,2055,perp,spot,100000,279.9708,100038.54665300003,99738.28204799996,-30.01489076421504,0.0,-30.014890764214996,-37.00438555244752,-35.014890764215,-40.014890764215,0.0001,0.0001,True,True,True,0,-30.014890764214996,887,USDG,USDG,True,ticker/price-unit candidate; settlement rules need review,False
17,1790655868421,TSLA,stocks,hyperliquid,xyz:TSLA,rh_lighter,2055,perp,spot,1000,2.801,999.9009800000001,999.2007300000001,-7.003193456215362,0.9,-7.903193456215861,-11.400742338506184,-12.90319345621586,-17.90319345621586,0.001,0.0001,True,True,True,0,-7.903193456215861,194,USDC,USDG,True,ticker/price-unit candidate; settlement rules need review,False
17,1790655868421,TSLA,stocks,hyperliquid,xyz:TSLA,rh_lighter,2055,perp,spot,10000,28.013,10000.75898,9991.92634,-8.83196967116695,0.9,-9.731969671166434,-13.228878481781527,-14.731969671166434,-19.731969671166432,0.001,0.0001,True,True,True,0,-9.731969671166434,194,USDC,USDG,True,ticker/price-unit candidate; settlement rules need review,False
17,1790655868421,TSLA,stocks,hyperliquid,xyz:TSLA,rh_lighter,2055,perp,spot,100000,280.135,100017.91113000001,99796.74053199997,-22.11309909407877,0.9,-23.013099094078292,-26.505359509395362,-28.013099094078292,-33.01309909407829,0.001,0.0001,True,True,True,0,-23.013099094078292,194,USDC,USDG,True,ticker/price-unit candidate; settlement rules need review,False
17,1790655868227,TSLA,stocks,rh_lighter,2055,rh_lighter,16,spot,perp,1000,2.8024,1000.288656,1000.821112,5.323023477334932,0.0,5.323023477335373,-1.6788395808816945,0.32302347733537307,-4.676976522664627,0.0001,0.0001,True,True,True,0,5.323023477335373,887,USDG,USDG,False,ticker/price-unit candidate; settlement rules need review,False
17,1790655868227,TSLA,stocks,rh_lighter,2055,rh_lighter,16,spot,perp,10000,28.0241,10002.922254000001,10007.847924,4.924231014620251,0.0,4.924231014620777,-2.0774924662343404,-0.07576898537922272,-5.075768985379223,0.0001,0.0001,True,True,True,0,4.924231014620777,887,USDG,USDG,False,ticker/price-unit candidate; settlement rules need review,False
17,1790655868227,TSLA,stocks,rh_lighter,2055,rh_lighter,16,spot,perp,100000,280.2415,100153.28621999998,100056.545124,-9.659303219214932,0.0,-9.659303219215266,-16.65592246308854,-14.659303219215266,-19.659303219215268,0.0001,0.0001,True,True,True,0,-9.659303219215266,887,USDG,USDG,False,ticker/price-unit candidate; settlement rules need review,False
17,1790655868421,TSLA,stocks,rh_lighter,2055,hyperliquid,xyz:TSLA,spot,perp,1000,2.802,1000.14588,1000.20192,0.5603182607716306,0.9000504286434695,-0.3397321678719606,-3.8397321678719605,-5.3397321678719605,-10.339732167871961,0.0001,0.001,True,True,True,0,-0.3397321678719606,194,USDG,USDC,False,ticker/price-unit candidate; settlement rules need review,False
17,1790655868421,TSLA,stocks,rh_lighter,2055,hyperliquid,xyz:TSLA,spot,perp,10000,28.024,10002.88656,10003.26698,0.38031022117301916,0.9000342279199056,-0.5197240067476049,-4.019724006747605,-5.519724006747605,-10.519724006747605,0.0001,0.001,True,True,True,0,-0.5197240067476049,194,USDG,USDC,False,ticker/price-unit candidate; settlement rules need review,False
17,1790655868421,TSLA,stocks,rh_lighter,2055,hyperliquid,xyz:TSLA,spot,perp,100000,280.241,100153.10738499998,100016.07116999997,-13.68267231821707,0.8987685594913605,-14.581440877708285,-18.081440877708285,-19.581440877708285,-24.581440877708285,0.0001,0.001,True,True,True,0,-14.581440877708285,194,USDG,USDC,False,ticker/price-unit candidate; settlement rules need review,False
17,1790655868279,META,stocks,rh_lighter,13,rh_lighter,2052,perp,spot,1000,1.4008,1000.1081790000001,999.4147680000001,-6.93335995605282,0.0,-6.933359956053005,-13.930933280068388,-11.933359956053005,-16.933359956053003,0.0001,0.0001,True,True,True,0,-6.933359956053005,928,USDG,USDG,True,ticker/price-unit candidate; settlement rules need review,False
17,1790655868279,META,stocks,rh_lighter,13,rh_lighter,2052,perp,spot,10000,14.0082,10002.074396,9992.998224,-9.07428963298762,0.0,-9.074289632987382,-16.071113631615837,-14.074289632987382,-19.07428963298738,0.0001,0.0001,True,True,True,0,-9.074289632987382,928,USDG,USDG,True,ticker/price-unit candidate; settlement rules need review,False
17,1790655868279,META,stocks,rh_lighter,13,rh_lighter,2052,perp,spot,100000,140.0825,100037.78091900001,99653.497778,-38.41380101295533,0.0,-38.41380101295518,-45.40035618260065,-43.41380101295518,-48.41380101295518,0.0001,0.0001,True,True,True,0,-38.41380101295518,928,USDG,USDG,True,ticker/price-unit candidate; settlement rules need review,False
17,1790655868490,META,stocks,hyperliquid,xyz:META,rh_lighter,2052,perp,spot,1000,1.402,999.75218,1000.2709199999999,5.188685860129105,0.9,4.288685860129656,0.7868698200786098,-0.7113141398703444,-5.711314139870344,0.001,0.0001,True,True,True,0,4.288685860129656,211,USDC,USDG,True,ticker/price-unit candidate; settlement rules need review,False
17,1790655868490,META,stocks,hyperliquid,xyz:META,rh_lighter,2052,perp,spot,10000,14.023,9999.85611,10003.554176,3.698119212236506,0.8999999999999999,2.7981192122363616,-0.7031751294879216,-2.2018807877636384,-7.201880787763638,0.001,0.0001,True,True,True,0,2.7981192122363616,211,USDC,USDG,True,ticker/price-unit candidate; settlement rules need review,False
17,1790655868490,META,stocks,hyperliquid,xyz:META,rh_lighter,2052,perp,spot,100000,140.238,100018.3693,99764.005408,-25.43171757150464,0.8999999999999999,-26.33171757150499,-29.822816470354958,-31.33171757150499,-36.33171757150499,0.001,0.0001,True,True,True,0,-26.33171757150499,211,USDC,USDG,True,ticker/price-unit candidate; settlement rules need review,False
17,1790655868279,META,stocks,rh_lighter,2052,rh_lighter,13,spot,perp,1000,1.4013,1000.1078100000001,1000.24794,1.4011489421306145,0.0,1.4011489421314038,-5.5993414599983415,-3.598851057868596,-8.598851057868597,0.0001,0.0001,True,True,True,0,1.4011489421314038,928,USDG,USDG,False,ticker/price-unit candidate; settlement rules need review,False
17,1790655868279,META,stocks,rh_lighter,2052,rh_lighter,13,spot,perp,10000,14.0138,10002.0912,10002.842185999998,0.7508289866398066,0.0,0.7508289866395971,-6.249433803505727,-4.249171013360403,-9.249171013360403,0.0001,0.0001,True,True,True,0,0.7508289866395971,928,USDG,USDG,False,ticker/price-unit candidate; settlement rules need review,False
17,1790655868279,META,stocks,rh_lighter,2052,rh_lighter,13,spot,perp,100000,140.1384,100231.46664800002,100014.09048299998,-21.687417361998527,0.0,-21.687417361998197,-28.679826765921497,-26.687417361998197,-31.687417361998197,0.0001,0.0001,True,True,True,0,-21.687417361998197,928,USDG,USDG,False,ticker/price-unit candidate; settlement rules need review,False
17,1790655868490,META,stocks,rh_lighter,2052,hyperliquid,xyz:META,spot,perp,1000,1.401,999.8937000000001,998.9830499999999,-9.107468123863427,0.8991803278688524,-10.00664845173188,-13.506648451731879,-15.00664845173188,-20.00664845173188,0.0001,0.001,True,True,True,0,-10.00664845173188,211,USDG,USDC,False,ticker/price-unit candidate; settlement rules need review,False
17,1790655868490,META,stocks,rh_lighter,2052,hyperliquid,xyz:META,spot,perp,10000,14.013,10001.52,9991.91037,-9.608169558228408,0.8991352647397594,-10.507304822967743,-14.007304822967741,-15.507304822967743,-20.507304822967743,0.0001,0.001,True,True,True,0,-10.507304822967743,211,USDG,USDC,False,ticker/price-unit candidate; settlement rules need review,False
17,1790655868490,META,stocks,rh_lighter,2052,hyperliquid,xyz:META,spot,perp,100000,140.138,100231.18034000002,99900.56565999998,-32.98521267319665,0.8970313308594123,-33.88224400405603,-37.38224400405603,-38.88224400405603,-43.88224400405603,0.0001,0.001,True,True,True,0,-33.88224400405603,211,USDG,USDC,False,ticker/price-unit candidate; settlement rules need review,False
17,1790655868288,GOOGL,stocks,rh_lighter,12,rh_lighter,2051,perp,spot,1000,2.9214,1000.1148069999999,998.446878,-16.677375320570675,0.0,-16.677375320571155,-23.671538239208953,-21.677375320571155,-26.677375320571155,0.0001,0.0001,True,True,True,0,-16.677375320571155,959,USDG,USDG,True,ticker/price-unit candidate; settlement rules need review,False
17,1790655868288,GOOGL,stocks,rh_lighter,12,rh_lighter,2051,perp,spot,10000,29.2145,10001.733911000001,9984.435298,-17.29561409444802,0.0,-17.295614094447828,-24.289560629514774,-22.295614094447828,-27.295614094447828,0.0001,0.0001,True,True,True,0,-17.295614094447828,959,USDG,USDG,True,ticker/price-unit candidate; settlement rules need review,False
17,1790655868288,GOOGL,stocks,rh_lighter,12,rh_lighter,2051,perp,spot,100000,292.1456,100037.749805,99642.37194399998,-39.5228662950442,0.0,-39.52286629504475,-46.50903329184148,-44.52286629504475,-49.52286629504475,0.0001,0.0001,True,True,True,0,-39.52286629504475,959,USDG,USDG,True,ticker/price-unit candidate; settlement rules need review,False
17,1790655868480,GOOGL,stocks,hyperliquid,xyz:GOOGL,rh_lighter,2051,perp,spot,1000,2.924,999.80332,999.33548,-4.679320328722092,0.9,-5.579320328722491,-9.07768256660744,-10.579320328722492,-15.579320328722492,0.001,0.0001,True,True,True,0,-5.579320328722491,192,USDC,USDG,True,ticker/price-unit candidate; settlement rules need review,False
17,1790655868480,GOOGL,stocks,hyperliquid,xyz:GOOGL,rh_lighter,2051,perp,spot,10000,29.246,10000.581259999999,9995.200738,-5.380209269955083,0.9,-6.280209269955448,-9.778326196710964,-11.28020926995545,-16.28020926995545,0.001,0.0001,True,True,True,0,-6.280209269955448,192,USDC,USDG,True,ticker/price-unit candidate; settlement rules need review,False
17,1790655868480,GOOGL,stocks,hyperliquid,xyz:GOOGL,rh_lighter,2051,perp,spot,100000,292.461,100031.70977999999,99749.88549599997,-28.173494646830388,0.9,-29.073494646830845,-32.56363392370446,-34.073494646830845,-39.073494646830845,0.001,0.0001,True,True,True,0,-29.073494646830845,192,USDC,USDG,True,ticker/price-unit candidate; settlement rules need review,False
17,1790655868288,GOOGL,stocks,rh_lighter,2051,rh_lighter,12,spot,perp,1000,2.9251,1000.237945,1001.1154750000001,8.773212457962032,0.0,8.773212457962615,1.770141833602328,3.7732124579626145,-1.2267875420373855,0.0001,0.0001,True,True,True,0,8.773212457962615,959,USDG,USDG,False,ticker/price-unit candidate; settlement rules need review,False
17,1790655868288,GOOGL,stocks,rh_lighter,2051,rh_lighter,12,spot,perp,10000,29.2517,10004.724112999998,10011.311013999999,6.583790742857865,0.0,6.58379074285682,-0.41851358390317855,1.58379074285682,-3.41620925714318,0.0001,0.0001,True,True,True,0,6.58379074285682,959,USDG,USDG,False,ticker/price-unit candidate; settlement rules need review,False
17,1790655868288,GOOGL,stocks,rh_lighter,2051,rh_lighter,12,spot,perp,100000,292.5174,100339.03364,100092.09384700004,-24.61054128604978,0.0,-24.61054128604961,-31.601927596599495,-29.61054128604961,-34.61054128604961,0.0001,0.0001,True,True,True,0,-24.61054128604961,959,USDG,USDG,False,ticker/price-unit candidate; settlement rules need review,False
17,1790655868480,GOOGL,stocks,rh_lighter,2051,hyperliquid,xyz:GOOGL,spot,perp,1000,2.925,1000.2037499999999,1000.116,-0.8773212457957591,0.8999210410878785,-1.777242286883193,-5.277242286883194,-6.777242286883193,-11.777242286883194,0.0001,0.001,True,True,True,0,-1.777242286883193,192,USDG,USDC,False,ticker/price-unit candidate; settlement rules need review,False
17,1790655868480,GOOGL,stocks,rh_lighter,2051,hyperliquid,xyz:GOOGL,spot,perp,10000,29.251,10004.484622,10000.89124,-3.5917712263733304,0.8996767405896264,-4.49144796696266,-7.99144796696266,-9.49144796696266,-14.49144796696266,0.0001,0.001,True,True,True,0,-4.49144796696266,192,USDG,USDC,False,ticker/price-unit candidate; settlement rules need review,False
17,1790655868480,GOOGL,stocks,rh_lighter,2051,hyperliquid,xyz:GOOGL,spot,perp,100000,292.517,100338.89631999999,99990.7613,-34.69591880796874,0.8968773673072827,-35.592796175275595,-39.092796175275595,-40.592796175275595,-45.592796175275595,0.0001,0.001,True,True,True,0,-35.592796175275595,192,USDG,USDC,False,ticker/price-unit candidate; settlement rules need review,False
17,1790655868285,AMZN,stocks,rh_lighter,11,rh_lighter,2050,perp,spot,1000,4.0629,1000.082835,998.579562,-15.031484866951939,0.0,-15.0314848669514,-22.026223847247966,-20.031484866951402,-25.031484866951402,0.0001,0.0001,True,True,True,0,-15.0314848669514,931,USDG,USDG,True,ticker/price-unit candidate; settlement rules need review,False
17,1790655868285,AMZN,stocks,rh_lighter,11,rh_lighter,2050,perp,spot,10000,40.6297,10002.336823,9985.237376000001,-17.095452095433615,0.0,-17.09545209543349,-24.08946868720009,-22.09545209543349,-27.09545209543349,0.0001,0.0001,True,True,True,0,-17.09545209543349,931,USDG,USDG,True,ticker/price-unit candidate; settlement rules need review,False
17,1790655868285,AMZN,stocks,rh_lighter,11,rh_lighter,2050,perp,spot,100000,406.2976,100054.458542,99637.82784700001,-41.64039274922371,0.0,-41.640392749224226,-48.625818611762,-46.640392749224226,-51.640392749224226,0.0001,0.0001,True,True,True,0,-41.640392749224226,931,USDG,USDG,True,ticker/price-unit candidate; settlement rules need review,False
17,1790655868487,AMZN,stocks,hyperliquid,xyz:AMZN,rh_lighter,2050,perp,spot,1000,4.065,999.9900000000001,999.0957000000001,-8.943089430895057,0.9,-9.843089430894747,-13.339959349593933,-14.843089430894747,-19.843089430894747,0.001,0.0001,True,True,True,0,-9.843089430894747,202,USDC,USDG,True,ticker/price-unit candidate; settlement rules need review,False
17,1790655868487,AMZN,stocks,hyperliquid,xyz:AMZN,rh_lighter,2050,perp,spot,10000,40.652,10001.20859,9990.717601,-10.4897212227828,0.8999999999999999,-11.389721222782635,-14.88604982035466,-16.389721222782633,-21.389721222782633,0.001,0.0001,True,True,True,0,-11.389721222782635,202,USDC,USDG,True,ticker/price-unit candidate; settlement rules need review,False
17,1790655868487,AMZN,stocks,hyperliquid,xyz:AMZN,rh_lighter,2050,perp,spot,100000,406.528,100032.75701000002,99694.28736700001,-33.83588067718324,0.8999999999999999,-34.73588067718338,-38.22403811894637,-39.73588067718338,-44.73588067718338,0.001,0.0001,True,True,True,0,-34.73588067718338,202,USDC,USDG,True,ticker/price-unit candidate; settlement rules need review,False
17,1790655868285,AMZN,stocks,rh_lighter,2050,rh_lighter,11,spot,perp,1000,4.0673,1000.311762,1000.96253,6.5056517849870765,0.0,6.505651784987918,-0.49662519313682885,1.5056517849879176,-3.4943482150120824,0.0001,0.0001,True,True,True,0,6.505651784987918,931,USDG,USDG,False,ticker/price-unit candidate; settlement rules need review,False
17,1790655868285,AMZN,stocks,rh_lighter,2050,rh_lighter,11,spot,perp,10000,40.6735,10004.540066,10009.74835,5.205920477744375,0.0,5.205920477744305,-1.7959015944229053,0.20592047774430533,-4.794079522255695,0.0001,0.0001,True,True,True,0,5.205920477744305,931,USDG,USDG,False,ticker/price-unit candidate; settlement rules need review,False
17,1790655868285,AMZN,stocks,rh_lighter,2050,rh_lighter,11,spot,perp,100000,406.7355,100299.73131,100076.969594,-22.20960246757886,0.0,-22.20960246757895,-29.201829106715298,-27.20960246757895,-32.20960246757895,0.0001,0.0001,True,True,True,0,-22.20960246757895,931,USDG,USDG,False,ticker/price-unit candidate; settlement rules need review,False
17,1790655868487,AMZN,stocks,rh_lighter,2050,hyperliquid,xyz:AMZN,spot,perp,1000,4.067,1000.23798,1000.35999,1.219809709684938,0.9001097828738718,0.3196999268118742,-3.1803000731881257,-4.680300073188126,-9.680300073188127,0.0001,0.001,True,True,True,0,0.3196999268118742,202,USDG,USDC,False,ticker/price-unit candidate; settlement rules need review,False
17,1790655868487,AMZN,stocks,rh_lighter,2050,hyperliquid,xyz:AMZN,spot,perp,10000,40.673,10004.417056,10003.67964,-0.7370904230319386,0.8999336618619271,-1.6370240848943065,-5.137024084894306,-6.637024084894307,-11.637024084894307,0.0001,0.001,True,True,True,0,-1.6370240848943065,202,USDG,USDC,False,ticker/price-unit candidate; settlement rules need review,False
17,1790655868487,AMZN,stocks,rh_lighter,2050,hyperliquid,xyz:AMZN,spot,perp,100000,406.735,100299.6079,99997.91663000002,-30.07900791603957,0.8972928892875565,-30.97630080532759,-34.47630080532759,-35.97630080532759,-40.97630080532759,0.0001,0.001,True,True,True,0,-30.97630080532759,202,USDG,USDC,False,ticker/price-unit candidate; settlement rules need review,False
18,1790655928022,NVDA,stocks,rh_lighter,15,rh_lighter,2054,perp,spot,1000,4.3713,1000.1097269999999,998.7109109999999,-13.986625289567067,0.0,-13.98662528956696,-20.981729970715612,-18.98662528956696,-23.98662528956696,0.0001,0.0001,True,True,True,0,-13.98662528956696,1165,USDG,USDG,True,ticker/price-unit candidate; settlement rules need review,False
18,1790655928022,NVDA,stocks,rh_lighter,15,rh_lighter,2054,perp,spot,10000,43.7139,10001.303181,9985.54915,-15.751978232123598,0.0,-15.751978232124126,-22.74646503974288,-20.751978232124124,-25.751978232124124,0.0001,0.0001,True,True,True,0,-15.751978232124126,1165,USDG,USDG,True,ticker/price-unit candidate; settlement rules need review,False
18,1790655928022,NVDA,stocks,rh_lighter,15,rh_lighter,2054,perp,spot,100000,437.1393,100029.558085,99693.42407500002,-33.603468458227596,0.0,-33.60346845822814,-40.591707244267766,-38.60346845822814,-43.60346845822814,0.0001,0.0001,True,True,True,0,-33.60346845822814,1165,USDG,USDG,True,ticker/price-unit candidate; settlement rules need review,False
18,1790655928221,NVDA,stocks,hyperliquid,xyz:NVDA,rh_lighter,2054,perp,spot,1000,4.377,999.9256499999999,1000.0131899999999,0.875465090830474,0.9,-0.024534909170597183,-3.5248413219523878,-5.0245349091705975,-10.024534909170598,0.001,0.0001,True,True,True,0,-0.024534909170597183,199,USDC,USDG,True,ticker/price-unit candidate; settlement rules need review,False
18,1790655928221,NVDA,stocks,hyperliquid,xyz:NVDA,rh_lighter,2054,perp,spot,10000,43.774,10000.226799999999,9999.27599,-0.9507884361170671,0.8999999999999999,-1.8507884361167242,-5.350455660164083,-6.850788436116725,-11.850788436116725,0.001,0.0001,True,True,True,0,-1.8507884361167242,199,USDC,USDG,True,ticker/price-unit candidate; settlement rules need review,False
18,1790655928221,NVDA,stocks,hyperliquid,xyz:NVDA,rh_lighter,2054,perp,spot,100000,437.742,100013.14551999999,99830.75529700003,-18.236625000809248,0.9,-19.136625000809772,-22.630242182059487,-24.136625000809772,-29.136625000809772,0.001,0.0001,True,True,True,0,-19.136625000809772,199,USDC,USDG,True,ticker/price-unit candidate; settlement rules need review,False
18,1790655928022,NVDA,stocks,rh_lighter,2054,rh_lighter,15,spot,perp,1000,4.3762,1000.1367479999999,1000.968226,8.313643125930081,0.0,8.313643125930426,1.3107333508363501,3.313643125930426,-1.686356874069574,0.0001,0.0001,True,True,True,0,8.313643125930426,1165,USDG,USDG,False,ticker/price-unit candidate; settlement rules need review,False
18,1790655928022,NVDA,stocks,rh_lighter,2054,rh_lighter,15,spot,perp,10000,43.7627,10001.527458,10009.842371,8.313643125930081,0.0,8.313643125929975,1.3107333508359003,3.313643125929975,-1.6863568740700252,0.0001,0.0001,True,True,True,0,8.313643125929975,1165,USDG,USDG,False,ticker/price-unit candidate; settlement rules need review,False
18,1790655928022,NVDA,stocks,rh_lighter,2054,rh_lighter,15,spot,perp,100000,437.6271,100147.27718500001,100089.23930399999,-5.795253014498902,0.0,-5.795253014499183,-12.79322467594411,-10.795253014499183,-15.795253014499183,0.0001,0.0001,True,True,True,0,-5.795253014499183,1165,USDG,USDG,False,ticker/price-unit candidate; settlement rules need review,False
18,1790655928221,NVDA,stocks,rh_lighter,2054,hyperliquid,xyz:NVDA,spot,perp,1000,4.376,1000.09104,999.65344,-4.375601645225657,0.8996061958519297,-5.275207841077897,-8.775207841077897,-10.275207841077897,-15.275207841077897,0.0001,0.001,True,True,True,0,-5.275207841077897,199,USDG,USDC,False,ticker/price-unit candidate; settlement rules need review,False
18,1790655928221,NVDA,stocks,rh_lighter,2054,hyperliquid,xyz:NVDA,spot,perp,10000,43.762,10001.367479999999,9996.99128,-4.375601645224547,0.8996061958519298,-5.275207841076938,-8.775207841076938,-10.275207841076938,-15.275207841076938,0.0001,0.001,True,True,True,0,-5.275207841076938,199,USDG,USDC,False,ticker/price-unit candidate; settlement rules need review,False
18,1790655928221,NVDA,stocks,rh_lighter,2054,hyperliquid,xyz:NVDA,spot,perp,100000,437.627,100147.25429200001,99956.9527,-19.002177677798215,0.8982898040089983,-19.90046748180677,-23.40046748180677,-24.90046748180677,-29.90046748180677,0.0001,0.001,True,True,True,0,-19.90046748180677,199,USDG,USDC,False,ticker/price-unit candidate; settlement rules need review,False
18,1790655928027,AAPL,stocks,rh_lighter,10,rh_lighter,2049,perp,spot,1000,2.96,1000.1247999999999,999.444,-6.807150467621481,0.0,-6.8071504676214065,-13.804767964957739,-11.807150467621407,-16.807150467621405,0.0001,0.0001,True,True,True,0,-6.8071504676214065,762,USDG,USDG,True,ticker/price-unit candidate; settlement rules need review,False
18,1790655928027,AAPL,stocks,rh_lighter,10,rh_lighter,2049,perp,spot,10000,29.6006,10001.450728,9991.431948,-10.017326758359202,0.0,-10.017326758358983,-17.01382069399356,-15.017326758358983,-20.017326758358983,0.0001,0.0001,True,True,True,0,-10.017326758358983,762,USDG,USDG,True,ticker/price-unit candidate; settlement rules need review,False
18,1790655928027,AAPL,stocks,rh_lighter,10,rh_lighter,2049,perp,spot,100000,296.0068,100028.858927,91332.320524,-869.402939940227,0.0,-869.4029399402267,-876.0986489112476,-874.4029399402267,-879.4029399402267,0.0001,0.0001,True,True,True,0,-869.4029399402267,762,USDG,USDG,True,ticker/price-unit candidate; settlement rules need review,False
18,1790655928224,AAPL,stocks,hyperliquid,xyz:AAPL,rh_lighter,2049,perp,spot,1000,2.962,999.8527200000001,1000.1193,2.666192676856749,0.8999999999999999,1.7661926768560732,-1.7347404905808264,-3.233807323143927,-8.233807323143926,0.001,0.0001,True,True,True,0,1.7661926768560732,197,USDC,USDG,True,ticker/price-unit candidate; settlement rules need review,False
18,1790655928224,AAPL,stocks,hyperliquid,xyz:AAPL,rh_lighter,2049,perp,spot,10000,29.624,10000.22301,9999.30792,-0.9150695930337793,0.9,-1.8150695930334244,-5.3147493186758625,-6.815069593033424,-11.815069593033424,0.001,0.0001,True,True,True,0,-1.8150695930334244,197,USDC,USDG,True,ticker/price-unit candidate; settlement rules need review,False
18,1790655928224,AAPL,stocks,hyperliquid,xyz:AAPL,rh_lighter,2049,perp,spot,100000,296.248,100025.75388999999,91332.32776,-869.1187811051437,0.9000000000000002,-870.0187811051441,-873.2145895317574,-875.0187811051441,-880.0187811051441,0.001,0.0001,True,True,True,0,-870.0187811051441,197,USDC,USDG,True,ticker/price-unit candidate; settlement rules need review,False
18,1790655928027,AAPL,stocks,rh_lighter,2049,rh_lighter,10,spot,perp,1000,2.9596,1000.6407600000001,999.693688,-9.464655427390278,0.0,-9.464655427389966,-16.461342797990376,-14.464655427389966,-19.464655427389964,0.0001,0.0001,True,True,True,0,-9.464655427389966,762,USDG,USDG,False,ticker/price-unit candidate; settlement rules need review,False
18,1790655928027,AAPL,stocks,rh_lighter,2049,rh_lighter,10,spot,perp,10000,29.5967,10009.401234,9997.066523999998,-12.323124742071867,0.0,-12.323124742071673,-19.31881164841195,-17.323124742071673,-22.323124742071673,0.0001,0.0001,True,True,True,0,-12.323124742071673,762,USDG,USDG,False,ticker/price-unit candidate; settlement rules need review,False
18,1790655928224,AAPL,stocks,rh_lighter,2049,hyperliquid,xyz:AAPL,spot,perp,1000,2.959,1000.4379000000001,998.8104500000001,-16.267376515823884,0.8985359361135757,-17.165912451937963,-20.665912451937963,-22.165912451937963,-27.165912451937963,0.0001,0.001,True,True,True,0,-17.165912451937963,197,USDG,USDC,False,ticker/price-unit candidate; settlement rules need review,False
18,1790655928224,AAPL,stocks,rh_lighter,2049,hyperliquid,xyz:AAPL,spot,perp,10000,29.596,10009.16392,9989.13149,-20.014089248726606,0.8981987319676147,-20.91228798069391,-24.412287980693907,-25.91228798069391,-30.91228798069391,0.0001,0.001,True,True,True,0,-20.91228798069391,197,USDG,USDC,False,ticker/price-unit candidate; settlement rules need review,False
18,1790655928030,TSLA,stocks,rh_lighter,16,rh_lighter,2055,perp,spot,1000,2.7995,1000.177365,998.8336050000001,-13.435217062723881,0.0,-13.43521706272428,-20.430514736752325,-18.43521706272428,-23.43521706272428,0.0001,0.0001,True,True,True,0,-13.43521706272428,734,USDG,USDG,True,ticker/price-unit candidate; settlement rules need review,False
18,1790655928030,TSLA,stocks,rh_lighter,16,rh_lighter,2055,perp,spot,10000,27.9951,10001.921343,9986.974119000002,-14.944352677257466,0.0,-14.944352677257134,-21.939122153820097,-19.944352677257136,-24.944352677257136,0.0001,0.0001,True,True,True,0,-14.944352677257134,734,USDG,USDG,True,ticker/price-unit candidate; settlement rules need review,False
18,1790655928030,TSLA,stocks,rh_lighter,16,rh_lighter,2055,perp,spot,100000,279.9512,100039.91144299999,99734.79170399997,-30.499800989314263,0.0,-30.499800989314654,-37.489126058968395,-35.49980098931465,-40.49980098931465,0.0001,0.0001,True,True,True,0,-30.499800989314654,734,USDG,USDG,True,ticker/price-unit candidate; settlement rules need review,False
18,1790655928217,TSLA,stocks,hyperliquid,xyz:TSLA,rh_lighter,2055,perp,spot,1000,2.801,999.9289900000001,999.3687900000001,-5.6023978262698115,0.9,-6.502397826269731,-10.000436987030536,-11.502397826269732,-16.502397826269732,0.001,0.0001,True,True,True,0,-6.502397826269731,187,USDC,USDG,True,ticker/price-unit candidate; settlement rules need review,False
18,1790655928217,TSLA,stocks,hyperliquid,xyz:TSLA,rh_lighter,2055,perp,spot,10000,28.012,10000.73711,9993.001842000001,-7.734697867683993,0.9,-8.634697867684016,-12.131990723430327,-13.634697867684016,-18.634697867684018,0.001,0.0001,True,True,True,0,-8.634697867684016,187,USDC,USDG,True,ticker/price-unit candidate; settlement rules need review,False
18,1790655928217,TSLA,stocks,hyperliquid,xyz:TSLA,rh_lighter,2055,perp,spot,100000,280.127,100031.29363,99797.38001999998,-23.38404328401711,0.9,-24.28404328401744,-27.77585886886803,-29.28404328401744,-34.28404328401744,0.001,0.0001,True,True,True,0,-24.28404328401744,187,USDC,USDG,True,ticker/price-unit candidate; settlement rules need review,False
18,1790655928030,TSLA,stocks,rh_lighter,2055,rh_lighter,16,spot,perp,1000,2.8021,1000.181574,1000.7419939999999,5.603182607720747,0.0,5.603182607720267,-1.3987785061924343,0.6031826077202673,-4.396817392279733,0.0001,0.0001,True,True,True,0,5.603182607720267,734,USDG,USDG,False,ticker/price-unit candidate; settlement rules need review,False
18,1790655928030,TSLA,stocks,rh_lighter,2055,rh_lighter,16,spot,perp,10000,28.0218,10002.101292,10007.542774,5.44033882595496,0.0,5.440338825954951,-1.5615652926341326,0.4403388259549512,-4.559661174045049,0.0001,0.0001,True,True,True,0,5.440338825954951,734,USDG,USDG,False,ticker/price-unit candidate; settlement rules need review,False
18,1790655928030,TSLA,stocks,rh_lighter,2055,rh_lighter,16,spot,perp,100000,280.218,100155.23493,100060.104843,-9.498264076410745,0.0,-9.498264076410996,-16.494939683984253,-14.498264076410996,-19.498264076410997,0.0001,0.0001,True,True,True,0,-9.498264076410996,734,USDG,USDG,False,ticker/price-unit candidate; settlement rules need review,False
18,1790655928217,TSLA,stocks,rh_lighter,2055,hyperliquid,xyz:TSLA,spot,perp,1000,2.802,1000.14588,1000.2299300000001,0.8403774057441638,0.900075633966517,-0.05969822822199223,-3.5596982282219924,-5.0596982282219924,-10.059698228221992,0.0001,0.001,True,True,True,0,-0.05969822822199223,187,USDG,USDC,False,ticker/price-unit candidate; settlement rules need review,False
18,1790655928217,TSLA,stocks,rh_lighter,2055,hyperliquid,xyz:TSLA,spot,perp,10000,28.021,10001.81574,10002.40417,0.5883231758074814,0.9000529490858227,-0.3117297732783576,-3.8117297732783575,-5.3117297732783575,-10.311729773278358,0.0001,0.001,True,True,True,0,-0.3117297732783576,187,USDG,USDC,False,ticker/price-unit candidate; settlement rules need review,False
18,1790655928217,TSLA,stocks,rh_lighter,2055,hyperliquid,xyz:TSLA,spot,perp,100000,280.218,100155.23493,100019.02617000001,-13.599764415229698,0.8987760212026293,-14.498540436431892,-17.998540436431888,-19.49854043643189,-24.49854043643189,0.0001,0.001,True,True,True,0,-14.498540436431892,187,USDG,USDC,False,ticker/price-unit candidate; settlement rules need review,False
18,1790655928031,META,stocks,rh_lighter,13,rh_lighter,2052,perp,spot,1000,1.4006,999.9954110000001,999.4261420000001,-5.692716123874009,0.0,-5.692716123873921,-12.690723673230565,-10.692716123873922,-15.692716123873922,0.0001,0.0001,True,True,True,0,-5.692716123873921,756,USDG,USDG,True,ticker/price-unit candidate; settlement rules need review,False
18,1790655928031,META,stocks,rh_lighter,13,rh_lighter,2052,perp,spot,10000,14.0067,10000.806135,9993.469101,-7.336442583686376,0.0,-7.33644258368591,-14.33387482878162,-12.33644258368591,-17.33644258368591,0.0001,0.0001,True,True,True,0,-7.33644258368591,756,USDG,USDG,True,ticker/price-unit candidate; settlement rules need review,False
18,1790655928031,META,stocks,rh_lighter,13,rh_lighter,2052,perp,spot,100000,140.0677,100033.911103,99646.55932199999,-38.722047026751305,0.0,-38.722047026750985,-45.70849431029163,-43.722047026750985,-48.722047026750985,0.0001,0.0001,True,True,True,0,-38.722047026750985,756,USDG,USDG,True,ticker/price-unit candidate; settlement rules need review,False
18,1790655928228,META,stocks,hyperliquid,xyz:META,rh_lighter,2052,perp,spot,1000,1.402,999.76639,1000.42514,6.589039265463281,0.8999999999999999,5.68903926546335,2.186733101720438,0.6890392654633501,-4.31096073453665,0.001,0.0001,True,True,True,0,5.68903926546335,197,USDC,USDG,True,ticker/price-unit candidate; settlement rules need review,False
18,1790655928228,META,stocks,hyperliquid,xyz:META,rh_lighter,2052,perp,spot,10000,14.023,10000.271100000002,10005.096706,4.8254751813670005,0.9000000000000002,3.9254751813663478,0.42378626505286904,-1.0745248186336522,-6.074524818633652,0.001,0.0001,True,True,True,0,3.9254751813663478,197,USDC,USDG,True,ticker/price-unit candidate; settlement rules need review,False
18,1790655928228,META,stocks,hyperliquid,xyz:META,rh_lighter,2052,perp,spot,100000,140.233,100021.32548000001,99764.03141999998,-25.723920250534384,0.9,-26.62392025053468,-30.11491687844699,-31.62392025053468,-36.62392025053468,0.001,0.0001,True,True,True,0,-26.62392025053468,197,USDC,USDG,True,ticker/price-unit candidate; settlement rules need review,False
18,1790655928031,META,stocks,rh_lighter,2052,rh_lighter,13,spot,perp,1000,1.4012,1000.0364400000001,1000.288447,2.5199781719953407,0.0,2.519978171994763,-4.480903820365436,-2.480021828005237,-7.480021828005237,0.0001,0.0001,True,True,True,0,2.519978171994763,756,USDG,USDG,False,ticker/price-unit candidate; settlement rules need review,False
18,1790655928031,META,stocks,rh_lighter,2052,rh_lighter,13,spot,perp,10000,14.0127,10001.556159000002,10002.497050999998,0.9407456050225527,0.0,0.9407456050228962,-6.059583655938862,-4.059254394977104,-9.059254394977104,0.0001,0.0001,True,True,True,0,0.9407456050228962,756,USDG,USDG,False,ticker/price-unit candidate; settlement rules need review,False
18,1790655928031,META,stocks,rh_lighter,2052,rh_lighter,13,spot,perp,100000,140.1276,100229.43069200002,100010.1877,-21.874113270556883,0.0,-21.874113270557352,-28.86645733091266,-26.874113270557352,-31.874113270557352,0.0001,0.0001,True,True,True,0,-21.874113270557352,756,USDG,USDG,False,ticker/price-unit candidate; settlement rules need review,False
18,1790655928228,META,stocks,rh_lighter,2052,hyperliquid,xyz:META,spot,perp,1000,1.401,999.8937000000001,999.0336900000001,-8.601014287819009,0.8992259087140964,-9.500240196532774,-13.000240196532776,-14.500240196532774,-19.500240196532772,0.0001,0.001,True,True,True,0,-9.500240196532774,197,USDG,USDC,False,ticker/price-unit candidate; settlement rules need review,False
18,1790655928228,META,stocks,rh_lighter,2052,hyperliquid,xyz:META,spot,perp,10000,14.012,10001.056240000002,9990.86698,-10.188183883266255,0.8990830634505061,-11.087266946717032,-14.587266946717032,-16.08726694671703,-21.08726694671703,0.0001,0.001,True,True,True,0,-11.087266946717032,197,USDG,USDC,False,ticker/price-unit candidate; settlement rules need review,False
18,1790655928228,META,stocks,rh_lighter,2052,hyperliquid,xyz:META,spot,perp,100000,140.127,100229.00123000002,99896.82235000002,-33.14199242969052,0.8970172206813278,-34.039009650371504,-37.5390096503715,-39.039009650371504,-44.039009650371504,0.0001,0.001,True,True,True,0,-34.039009650371504,197,USDG,USDC,False,ticker/price-unit candidate; settlement rules need review,False
18,1790655928233,GOOGL,stocks,rh_lighter,12,rh_lighter,2051,perp,spot,1000,2.9209,1000.0752669999999,998.275993,-17.99138584236193,0.0,-17.99138584236149,-24.985088857316665,-22.99138584236149,-27.99138584236149,0.0001,0.0001,True,True,True,0,-17.99138584236149,956,USDG,USDG,True,ticker/price-unit candidate; settlement rules need review,False
18,1790655928233,GOOGL,stocks,rh_lighter,12,rh_lighter,2051,perp,spot,10000,29.2098,10001.642943,9982.829026,-18.810826488431243,0.0,-18.810826488430973,-25.804242699160024,-23.810826488430973,-28.810826488430973,0.0001,0.0001,True,True,True,0,-18.810826488430973,956,USDG,USDG,True,ticker/price-unit candidate; settlement rules need review,False
18,1790655928233,GOOGL,stocks,rh_lighter,12,rh_lighter,2051,perp,spot,100000,292.0987,100038.82932899999,99626.38467199996,-41.228456966805325,0.0,-41.22845696680566,-48.21402700686727,-46.22845696680566,-51.22845696680566,0.0001,0.0001,True,True,True,0,-41.22845696680566,956,USDG,USDG,True,ticker/price-unit candidate; settlement rules need review,False
18,1790655928429,GOOGL,stocks,hyperliquid,xyz:GOOGL,rh_lighter,2051,perp,spot,1000,2.924,1000.0079999999999,999.33548,-6.725146198830467,0.9,-7.625146198830041,-11.122792397660453,-12.625146198830041,-17.62514619883004,0.001,0.0001,True,True,True,0,-7.625146198830041,196,USDC,USDG,True,ticker/price-unit candidate; settlement rules need review,False
18,1790655928429,GOOGL,stocks,hyperliquid,xyz:GOOGL,rh_lighter,2051,perp,spot,10000,29.241,10000.674079999999,9993.491938,-7.181657898803762,0.9,-8.081657898804016,-11.579144318539436,-13.081657898804016,-18.081657898804018,0.001,0.0001,True,True,True,0,-8.081657898804016,196,USDC,USDG,True,ticker/price-unit candidate; settlement rules need review,False
18,1790655928429,GOOGL,stocks,hyperliquid,xyz:GOOGL,rh_lighter,2051,perp,spot,100000,292.41,100025.66213000001,99732.500616,-29.308630181222874,0.9,-30.208630181222347,-33.69837216065892,-35.20863018122235,-40.20863018122235,0.001,0.0001,True,True,True,0,-30.208630181222347,196,USDC,USDG,True,ticker/price-unit candidate; settlement rules need review,False
18,1790655928233,GOOGL,stocks,rh_lighter,2051,rh_lighter,12,spot,perp,1000,2.9249,1000.345049,1001.234203,8.888473041264167,0.0,8.888473041265206,1.8853620757007634,3.8884730412652058,-1.1115269587347942,0.0001,0.0001,True,True,True,0,8.888473041265206,956,USDG,USDG,False,ticker/price-unit candidate; settlement rules need review,False
18,1790655928233,GOOGL,stocks,rh_lighter,2051,rh_lighter,12,spot,perp,10000,29.2491,10005.647834999998,10012.165609000001,6.514094946661331,0.0,6.51409494666025,-0.48818498657108134,1.5140949466602498,-3.48590505333975,0.0001,0.0001,True,True,True,0,6.51409494666025,956,USDG,USDG,False,ticker/price-unit candidate; settlement rules need review,False
18,1790655928233,GOOGL,stocks,rh_lighter,2051,rh_lighter,12,spot,perp,100000,292.4917,100333.72194999998,100098.998001,-23.394322909394695,0.0,-23.394322909395218,-30.38613489637693,-28.394322909395218,-33.394322909395214,0.0001,0.0001,True,True,True,0,-23.394322909395218,956,USDG,USDG,False,ticker/price-unit candidate; settlement rules need review,False
18,1790655928429,GOOGL,stocks,rh_lighter,2051,hyperliquid,xyz:GOOGL,spot,perp,1000,2.924,1000.03724,999.92028,-1.1695564457170349,0.8998947399198854,-2.069451185637338,-5.569451185637338,-7.069451185637337,-12.069451185637337,0.0001,0.001,True,True,True,0,-2.069451185637338,196,USDG,USDC,False,ticker/price-unit candidate; settlement rules need review,False
18,1790655928429,GOOGL,stocks,rh_lighter,2051,hyperliquid,xyz:GOOGL,spot,perp,10000,29.249,10005.613613999998,10001.57265,-4.03869683149094,0.8996365172851659,-4.938333348775649,-8.438333348775652,-9.93833334877565,-14.93833334877565,0.0001,0.001,True,True,True,0,-4.938333348775649,196,USDG,USDC,False,ticker/price-unit candidate; settlement rules need review,False
18,1790655928429,GOOGL,stocks,rh_lighter,2051,hyperliquid,xyz:GOOGL,spot,perp,100000,292.491,100333.48163999997,99992.68361000001,-33.96653085584678,0.8969430122229739,-34.863473868069974,-38.363473868069974,-39.863473868069974,-44.863473868069974,0.0001,0.001,True,True,True,0,-34.863473868069974,196,USDG,USDC,False,ticker/price-unit candidate; settlement rules need review,False
18,1790655928231,AMZN,stocks,rh_lighter,11,rh_lighter,2050,perp,spot,1000,4.0605,1000.1011500000001,998.55816,-15.428339423467774,0.0,-15.42833942346763,-22.422939504669415,-20.42833942346763,-25.42833942346763,0.0001,0.0001,True,True,True,0,-15.42833942346763,949,USDG,USDG,True,ticker/price-unit candidate; settlement rules need review,False
18,1790655928231,AMZN,stocks,rh_lighter,11,rh_lighter,2050,perp,spot,10000,40.6058,10001.802485,9984.323628,-17.475707030021326,0.0,-17.47570703002146,-24.46959053256095,-22.47570703002146,-27.47570703002146,0.0001,0.0001,True,True,True,0,-17.47570703002146,949,USDG,USDG,True,ticker/price-unit candidate; settlement rules need review,False
18,1790655928231,AMZN,stocks,rh_lighter,11,rh_lighter,2050,perp,spot,100000,406.0583,100049.30342099998,99593.519678,-45.55591367608747,0.0,-45.55591367608771,-52.53996910630107,-50.55591367608771,-55.55591367608771,0.0001,0.0001,True,True,True,0,-45.55591367608771,949,USDG,USDG,True,ticker/price-unit candidate; settlement rules need review,False
18,1790655928418,AMZN,stocks,hyperliquid,xyz:AMZN,rh_lighter,2050,perp,spot,1000,4.063,1000.0261899999999,999.1729599999999,-8.532076544915945,0.9,-9.432076544915821,-12.9290903181251,-14.432076544915821,-19.432076544915823,0.001,0.0001,True,True,True,0,-9.432076544915821,187,USDC,USDG,True,ticker/price-unit candidate; settlement rules need review,False
18,1790655928418,AMZN,stocks,hyperliquid,xyz:AMZN,rh_lighter,2050,perp,spot,10000,40.63,10000.36915,9990.272472,-10.096305294889918,0.9,-10.996305294889922,-14.49277158803671,-15.996305294889922,-20.996305294889922,0.001,0.0001,True,True,True,0,-10.996305294889922,187,USDC,USDG,True,ticker/price-unit candidate; settlement rules need review,False
18,1790655928418,AMZN,stocks,hyperliquid,xyz:AMZN,rh_lighter,2050,perp,spot,100000,406.305,100029.69483,99653.973513,-37.56097803142566,0.9,-38.4609780314261,-41.947831689115105,-43.4609780314261,-48.4609780314261,0.001,0.0001,True,True,True,0,-38.4609780314261,187,USDC,USDG,True,ticker/price-unit candidate; settlement rules need review,False
18,1790655928231,AMZN,stocks,rh_lighter,2050,rh_lighter,11,spot,perp,1000,4.0648,1000.34728,1000.9000619999999,5.525900965113184,0.0,5.525900965112628,-1.4760331002251614,0.5259009651126281,-4.474099034887372,0.0001,0.0001,True,True,True,0,5.525900965112628,949,USDG,USDG,False,ticker/price-unit candidate; settlement rules need review,False
18,1790655928231,AMZN,stocks,rh_lighter,2050,rh_lighter,11,spot,perp,10000,40.6487,10006.159301,10008.953758999998,2.7927378686842808,0.0,2.792737868683753,-4.208239589570286,-2.207262131316247,-7.207262131316247,0.0001,0.0001,True,True,True,0,2.792737868683753,949,USDG,USDG,False,ticker/price-unit candidate; settlement rules need review,False
18,1790655928231,AMZN,stocks,rh_lighter,2050,rh_lighter,11,spot,perp,100000,406.4875,100262.81418999999,100075.86941000001,-18.645475045784288,0.0,-18.645475045784387,-25.638949129518366,-23.645475045784387,-28.645475045784387,0.0001,0.0001,True,True,True,0,-18.645475045784387,949,USDG,USDG,False,ticker/price-unit candidate; settlement rules need review,False
18,1790655928418,AMZN,stocks,rh_lighter,2050,hyperliquid,xyz:AMZN,spot,perp,1000,4.064,1000.1504,1000.19104,0.40633888663155204,0.9000365704997969,-0.4936976838678155,-3.993697683867815,-5.493697683867816,-10.493697683867815,0.0001,0.001,True,True,True,0,-0.4936976838678155,187,USDG,USDC,False,ticker/price-unit candidate; settlement rules need review,False
18,1790655928418,AMZN,stocks,rh_lighter,2050,hyperliquid,xyz:AMZN,spot,perp,10000,40.648,10005.986926000001,10002.8298,-3.155236982969045,0.8997160286715328,-4.054953011640464,-7.554953011640463,-9.054953011640464,-14.054953011640464,0.0001,0.001,True,True,True,0,-4.054953011640464,187,USDG,USDC,False,ticker/price-unit candidate; settlement rules need review,False
19,1790655987961,NVDA,stocks,rh_lighter,15,rh_lighter,2054,perp,spot,1000,4.3722,1000.14075,998.7416460000001,-13.989071038250644,0.0,-13.989071038251025,-20.984174863387636,-18.989071038251026,-23.989071038251026,0.0001,0.0001,True,True,True,0,-13.989071038251025,1095,USDG,USDG,True,ticker/price-unit candidate; settlement rules need review,False
19,1790655987961,NVDA,stocks,rh_lighter,15,rh_lighter,2054,perp,spot,10000,43.7225,10001.521874999999,9985.586142999999,-15.933307149817999,0.0,-15.933307149818056,-22.927730492315618,-20.933307149818056,-25.933307149818056,0.0001,0.0001,True,True,True,0,-15.933307149818056,1095,USDG,USDG,True,ticker/price-unit candidate; settlement rules need review,False
19,1790655987961,NVDA,stocks,rh_lighter,15,rh_lighter,2054,perp,spot,100000,437.2253,100032.24798500001,99701.19225600002,-33.09490046146224,0.0,-33.09490046146194,-40.083317246300425,-38.09490046146194,-43.09490046146194,0.0001,0.0001,True,True,True,0,-33.09490046146194,1095,USDG,USDG,True,ticker/price-unit candidate; settlement rules need review,False
19,1790655988155,NVDA,stocks,hyperliquid,xyz:NVDA,rh_lighter,2054,perp,spot,1000,4.378,999.97898,1000.06654,0.8756184055003224,0.8999999999999999,-0.024381594500584854,-3.5246880609425095,-5.024381594500585,-10.024381594500586,0.001,0.0001,True,True,True,0,-0.024381594500584854,194,USDC,USDG,True,ticker/price-unit candidate; settlement rules need review,False
19,1790655988155,NVDA,stocks,hyperliquid,xyz:NVDA,rh_lighter,2054,perp,spot,10000,43.781,10000.486210000001,9998.944618,-1.541517049901131,0.9,-2.441517049900918,-5.940977518933453,-7.441517049900918,-12.441517049900918,0.001,0.0001,True,True,True,0,-2.441517049900918,194,USDC,USDG,True,ticker/price-unit candidate; settlement rules need review,False
19,1790655988155,NVDA,stocks,hyperliquid,xyz:NVDA,rh_lighter,2054,perp,spot,100000,437.818,100015.61323,99836.24487800003,-17.93403511784586,0.8999999999999999,-18.834035117846355,-22.32775820555511,-23.834035117846355,-28.834035117846355,0.001,0.0001,True,True,True,0,-18.834035117846355,194,USDC,USDG,True,ticker/price-unit candidate; settlement rules need review,False
19,1790655987961,NVDA,stocks,rh_lighter,2054,rh_lighter,15,spot,perp,1000,4.3767,1000.2072509999999,1000.863756,6.563689668752648,0.0,6.563689668752845,-0.4386076226312188,1.5636896687528452,-3.436310331247155,0.0001,0.0001,True,True,True,0,6.563689668752845,1095,USDG,USDG,False,ticker/price-unit candidate; settlement rules need review,False
19,1790655987961,NVDA,stocks,rh_lighter,2054,rh_lighter,15,spot,perp,10000,43.7675,10002.186775,10008.7519,6.563689668752648,0.0,6.563689668751632,-0.4386076226324307,1.563689668751632,-3.436310331248368,0.0001,0.0001,True,True,True,0,6.563689668751632,1095,USDG,USDG,False,ticker/price-unit candidate; settlement rules need review,False
19,1790655987961,NVDA,stocks,rh_lighter,2054,rh_lighter,15,spot,perp,100000,437.675,100153.57336200002,100079.803183,-7.365706137452133,0.0,-7.365706137452501,-14.363128140304392,-12.365706137452502,-17.365706137452502,0.0001,0.0001,True,True,True,0,-7.365706137452501,1095,USDG,USDG,False,ticker/price-unit candidate; settlement rules need review,False
19,1790655988155,NVDA,stocks,rh_lighter,2054,hyperliquid,xyz:NVDA,spot,perp,1000,4.376,1000.0472800000001,999.4784000000001,-5.688531046252887,0.8994880322058373,-6.588019078458325,-10.088019078458325,-11.588019078458325,-16.588019078458323,0.0001,0.001,True,True,True,0,-6.588019078458325,194,USDG,USDC,False,ticker/price-unit candidate; settlement rules need review,False
19,1790655988155,NVDA,stocks,rh_lighter,2054,hyperliquid,xyz:NVDA,spot,perp,10000,43.767,10002.07251,9996.382800000001,-5.688531046250667,0.8994880322058375,-6.588019078456711,-10.088019078456712,-11.58801907845671,-16.58801907845671,0.0001,0.001,True,True,True,0,-6.588019078456711,194,USDG,USDC,False,ticker/price-unit candidate; settlement rules need review,False
19,1790655988155,NVDA,stocks,rh_lighter,2054,hyperliquid,xyz:NVDA,spot,perp,100000,437.675,100153.57336200002,99951.32158,-20.194165341359536,0.8981825251192778,-21.09234786647883,-24.59234786647883,-26.09234786647883,-31.09234786647883,0.0001,0.001,True,True,True,0,-21.09234786647883,194,USDG,USDC,False,ticker/price-unit candidate; settlement rules need review,False
19,1790655987957,AAPL,stocks,rh_lighter,10,rh_lighter,2049,perp,spot,1000,2.9602,1000.1035700000001,999.5115299999999,-5.919786887674805,0.0,-5.919786887674289,-12.917714962263602,-10.919786887674288,-15.919786887674288,0.0001,0.0001,True,True,True,0,-5.919786887674289,673,USDG,USDG,True,ticker/price-unit candidate; settlement rules need review,False
19,1790655987957,AAPL,stocks,rh_lighter,10,rh_lighter,2049,perp,spot,10000,29.6028,10001.614075,9992.172423999999,-9.440127292654754,0.0,-9.440127292655013,-16.43682324810258,-14.440127292655013,-19.440127292655013,0.0001,0.0001,True,True,True,0,-9.440127292655013,673,USDG,USDG,True,ticker/price-unit candidate; settlement rules need review,False
19,1790655987957,AAPL,stocks,rh_lighter,10,rh_lighter,2049,perp,spot,100000,296.0287,100032.37779299999,91332.321181,-869.7240637429693,0.0,-869.7240637429687,-876.4196603206586,-874.7240637429687,-879.7240637429687,0.0001,0.0001,True,True,True,0,-869.7240637429687,673,USDG,USDG,True,ticker/price-unit candidate; settlement rules need review,False
19,1790655988190,AAPL,stocks,hyperliquid,xyz:AAPL,rh_lighter,2049,perp,spot,1000,2.962,999.76386,1000.1193,3.555239534263066,0.9,2.6552395342629254,-0.8460047995740662,-2.3447604657370746,-7.344760465737075,0.001,0.0001,True,True,True,0,2.6552395342629254,233,USDC,USDG,True,ticker/price-unit candidate; settlement rules need review,False
19,1790655988190,AAPL,stocks,hyperliquid,xyz:AAPL,rh_lighter,2049,perp,spot,10000,29.627,10000.298289999999,10000.317659999999,0.01936942223057514,0.9,-0.8806305777705149,-4.380637357068295,-5.880630577770515,-10.880630577770514,0.001,0.0001,True,True,True,0,-0.8806305777705149,233,USDC,USDG,True,ticker/price-unit candidate; settlement rules need review,False
19,1790655988190,AAPL,stocks,hyperliquid,xyz:AAPL,rh_lighter,2049,perp,spot,100000,296.278,100027.3407,91332.32866,-869.2635412629745,0.9,-870.163541262974,-873.359299023532,-875.163541262974,-880.163541262974,0.001,0.0001,True,True,True,0,-870.163541262974,233,USDC,USDG,True,ticker/price-unit candidate; settlement rules need review,False
19,1790655987957,AAPL,stocks,rh_lighter,2049,rh_lighter,10,spot,perp,1000,2.9596,1000.6407600000001,999.634496,-10.056196391601269,0.0,-10.056196391601128,-17.052676722864067,-15.056196391601128,-20.056196391601127,0.0001,0.0001,True,True,True,0,-10.056196391601128,673,USDG,USDG,False,ticker/price-unit candidate; settlement rules need review,False
19,1790655987957,AAPL,stocks,rh_lighter,2049,rh_lighter,10,spot,perp,10000,29.5967,10009.401234,9996.421804000001,-12.967239194998648,0.0,-12.967239194998795,-19.96270066128054,-17.967239194998797,-22.967239194998797,0.0001,0.0001,True,True,True,0,-12.967239194998795,673,USDG,USDG,False,ticker/price-unit candidate; settlement rules need review,False
19,1790655988190,AAPL,stocks,rh_lighter,2049,hyperliquid,xyz:AAPL,spot,perp,1000,2.959,1000.4379000000001,998.69209,-17.450458444248085,0.8984294587400176,-18.348887902988476,-21.848887902988476,-23.348887902988476,-28.348887902988476,0.0001,0.001,True,True,True,0,-18.348887902988476,233,USDG,USDC,False,ticker/price-unit candidate; settlement rules need review,False
19,1790655988190,AAPL,stocks,rh_lighter,2049,hyperliquid,xyz:AAPL,spot,perp,10000,29.596,10009.16392,9988.42273,-20.72220034138539,0.8981350019692754,-21.62033534335467,-25.12033534335467,-26.62033534335467,-31.62033534335467,0.0001,0.001,True,True,True,0,-21.62033534335467,233,USDG,USDC,False,ticker/price-unit candidate; settlement rules need review,False
19,1790655987965,TSLA,stocks,rh_lighter,16,rh_lighter,2055,perp,spot,1000,2.8006,1000.151568,998.8900020000001,-12.613748159417959,0.0,-12.613748159417998,-19.609333347562202,-17.613748159417998,-22.613748159417998,0.0001,0.0001,True,True,True,0,-12.613748159417998,665,USDG,USDG,True,ticker/price-unit candidate; settlement rules need review,False
19,1790655987965,TSLA,stocks,rh_lighter,16,rh_lighter,2055,perp,spot,10000,28.0064,10002.325694000001,9987.954152,-14.368200396255304,0.0,-14.368200396255533,-21.363171526116847,-19.36820039625553,-24.36820039625553,0.0001,0.0001,True,True,True,0,-14.368200396255533,665,USDG,USDG,True,ticker/price-unit candidate; settlement rules need review,False
19,1790655987965,TSLA,stocks,rh_lighter,16,rh_lighter,2055,perp,spot,100000,280.0649,100047.96704599999,99763.49211299999,-28.43385441997137,0.0,-28.433854419971297,-35.42390257092431,-33.4338544199713,-38.4338544199713,0.0001,0.0001,True,True,True,0,-28.433854419971297,665,USDG,USDG,True,ticker/price-unit candidate; settlement rules need review,False
19,1790655988160,TSLA,stocks,hyperliquid,xyz:TSLA,rh_lighter,2055,perp,spot,1000,2.802,999.94974,999.3893400000001,-5.6042816711965315,0.9,-6.504281671196381,-10.002320172611462,-11.504281671196381,-16.50428167119638,0.001,0.0001,True,True,True,0,-6.504281671196381,195,USDC,USDG,True,ticker/price-unit candidate; settlement rules need review,False
19,1790655988160,TSLA,stocks,hyperliquid,xyz:TSLA,rh_lighter,2055,perp,spot,10000,28.021,10000.67394,9993.160512000002,-7.512921674155404,0.9,-8.412921674155077,-11.910292151569122,-13.412921674155077,-18.41292167415508,0.001,0.0001,True,True,True,0,-8.412921674155077,195,USDC,USDG,True,ticker/price-unit candidate; settlement rules need review,False
19,1790655988160,TSLA,stocks,hyperliquid,xyz:TSLA,rh_lighter,2055,perp,spot,100000,280.218,100023.82521,99817.99877499999,-20.57774081003938,0.9,-21.477740810039748,-24.970538600756235,-26.477740810039748,-31.477740810039748,0.001,0.0001,True,True,True,0,-21.477740810039748,195,USDC,USDG,True,ticker/price-unit candidate; settlement rules need review,False
19,1790655987965,TSLA,stocks,rh_lighter,2055,rh_lighter,16,spot,perp,1000,2.8028,1000.2632639999999,1000.711712,4.483299708586408,0.0,4.483299708586505,-2.5182694463115007,-0.5167002914134953,-5.516700291413495,0.0001,0.0001,True,True,True,0,4.483299708586505,665,USDG,USDG,False,ticker/price-unit candidate; settlement rules need review,False
19,1790655987965,TSLA,stocks,rh_lighter,2055,rh_lighter,16,spot,perp,10000,28.0288,10002.918144,10007.283426,4.364008519472939,0.0,4.364008519472957,-2.637518883508859,-0.6359914805270428,-5.635991480527043,0.0001,0.0001,True,True,True,0,4.364008519472957,665,USDG,USDG,False,ticker/price-unit candidate; settlement rules need review,False
19,1790655987965,TSLA,stocks,rh_lighter,2055,rh_lighter,16,spot,perp,100000,280.2886,100166.133576,100049.15488299997,-11.678467444414808,0.0,-11.678467444415238,-18.674379980809693,-16.67846744441524,-21.67846744441524,0.0001,0.0001,True,True,True,0,-11.678467444415238,665,USDG,USDG,False,ticker/price-unit candidate; settlement rules need review,False
19,1790655988160,TSLA,stocks,rh_lighter,2055,hyperliquid,xyz:TSLA,spot,perp,1000,2.802,999.97776,999.92172,-0.5604124635727459,0.8999495628782784,-1.4603620264508588,-4.960362026450858,-6.460362026450859,-11.46036202645086,0.0001,0.001,True,True,True,0,-1.4603620264508588,195,USDG,USDC,False,ticker/price-unit candidate; settlement rules need review,False
19,1790655988160,TSLA,stocks,rh_lighter,2055,hyperliquid,xyz:TSLA,spot,perp,10000,28.028,10002.63264,10002.01549,-0.6169875693851079,0.8999444711187555,-1.516932040503327,-5.0169320405033275,-6.5169320405033275,-11.516932040503328,0.0001,0.001,True,True,True,0,-1.516932040503327,195,USDG,USDC,False,ticker/price-unit candidate; settlement rules need review,False
19,1790655988160,TSLA,stocks,rh_lighter,2055,hyperliquid,xyz:TSLA,spot,perp,100000,280.288,100165.91897400001,100014.18308000002,-15.148455238491731,0.898636639028536,-16.047091877519744,-19.547091877519744,-21.047091877519744,-26.047091877519744,0.0001,0.001,True,True,True,0,-16.047091877519744,195,USDG,USDC,False,ticker/price-unit candidate; settlement rules need review,False
19,1790655988078,META,stocks,rh_lighter,13,rh_lighter,2052,perp,spot,1000,1.4011,1000.0714159999999,999.320564,-7.507983809826868,0.0,-7.507983809827191,-14.505356015493751,-12.507983809827191,-17.50798380982719,0.0001,0.0001,True,True,True,0,-7.507983809827191,775,USDG,USDG,True,ticker/price-unit candidate; settlement rules need review,False
19,1790655988078,META,stocks,rh_lighter,13,rh_lighter,2052,perp,spot,10000,14.011,10001.173372000001,9991.564769999999,-9.607474685823236,0.0,-9.607474685823359,-16.60411206968332,-14.607474685823359,-19.60747468582336,0.0001,0.0001,True,True,True,0,-9.607474685823359,775,USDG,USDG,True,ticker/price-unit candidate; settlement rules need review,False
19,1790655988078,META,stocks,rh_lighter,13,rh_lighter,2052,perp,spot,100000,140.1109,100037.02864499995,99664.73224199998,-37.21585977139896,0.0,-37.215859771398684,-44.2028342204787,-42.215859771398684,-47.215859771398684,0.0001,0.0001,True,True,True,0,-37.215859771398684,775,USDG,USDG,True,ticker/price-unit candidate; settlement rules need review,False
19,1790655988277,META,stocks,hyperliquid,xyz:META,rh_lighter,2052,perp,spot,1000,1.402,999.54188,999.9624799999999,4.207927735853101,0.9,3.307927735853571,-0.19354503885397795,-1.6920722641464292,-6.692072264146429,0.001,0.0001,True,True,True,0,3.307927735853571,199,USDC,USDG,True,ticker/price-unit candidate; settlement rules need review,False
19,1790655988277,META,stocks,hyperliquid,xyz:META,rh_lighter,2052,perp,spot,10000,14.027,10000.947699999999,10002.97133,2.023438238760722,0.9,1.1234382387596162,-2.377269964623949,-3.8765617612403838,-8.876561761240383,0.001,0.0001,True,True,True,0,1.1234382387596162,199,USDC,USDG,True,ticker/price-unit candidate; settlement rules need review,False
19,1790655988277,META,stocks,hyperliquid,xyz:META,rh_lighter,2052,perp,spot,100000,140.27,100024.5012,99777.79824799999,-24.664252162249767,0.9,-25.564252162249918,-29.055619673993128,-30.564252162249918,-35.564252162249915,0.001,0.0001,True,True,True,0,-25.564252162249918,199,USDC,USDG,True,ticker/price-unit candidate; settlement rules need review,False
19,1790655988078,META,stocks,rh_lighter,2052,rh_lighter,13,spot,perp,1000,1.4016,1000.32192,1000.279872,-0.4203446826400725,0.0,-0.42034468263998964,-7.420197562001065,-5.42034468263999,-10.420344682639989,0.0001,0.0001,True,True,True,0,-0.42034468263998964,775,USDG,USDG,False,ticker/price-unit candidate; settlement rules need review,False
19,1790655988078,META,stocks,rh_lighter,2052,rh_lighter,13,spot,perp,10000,14.016,10003.425840000002,10002.307301,-1.1181559376671757,0.0,-1.1181559376672148,-8.11776458308903,-6.118155937667215,-11.118155937667215,0.0001,0.0001,True,True,True,0,-1.1181559376672148,775,USDG,USDG,False,ticker/price-unit candidate; settlement rules need review,False
19,1790655988078,META,stocks,rh_lighter,2052,rh_lighter,13,spot,perp,100000,140.16,100238.30439200002,100006.63228799998,-23.112133171571124,0.0,-23.11213317157137,-30.104043924961317,-28.11213317157137,-33.11213317157137,0.0001,0.0001,True,True,True,0,-23.11213317157137,775,USDG,USDG,False,ticker/price-unit candidate; settlement rules need review,False
19,1790655988277,META,stocks,rh_lighter,2052,hyperliquid,xyz:META,spot,perp,1000,1.401,999.8937000000001,998.74488,-11.489421325487914,0.8989659520807061,-12.388387277568746,-15.888387277568746,-17.388387277568746,-22.388387277568746,0.0001,0.001,True,True,True,0,-12.388387277568746,199,USDG,USDC,False,ticker/price-unit candidate; settlement rules need review,False
19,1790655988277,META,stocks,rh_lighter,2052,hyperliquid,xyz:META,spot,perp,10000,14.016,10003.425840000002,9991.4769,-11.944847886233845,0.898924963690239,-12.843772849924019,-16.343772849924022,-17.84377284992402,-22.84377284992402,0.0001,0.001,True,True,True,0,-12.843772849924019,199,USDG,USDC,False,ticker/price-unit candidate; settlement rules need review,False
19,1790655988277,META,stocks,rh_lighter,2052,hyperliquid,xyz:META,spot,perp,100000,140.16,100238.30439200002,99901.36816000001,-33.61352070385792,0.8969747831366529,-34.51049548699426,-38.01049548699426,-39.51049548699426,-44.51049548699426,0.0001,0.001,True,True,True,0,-34.51049548699426,199,USDG,USDC,False,ticker/price-unit candidate; settlement rules need review,False
19,1790655988131,GOOGL,stocks,rh_lighter,12,rh_lighter,2051,perp,spot,1000,2.9214,1000.082862,998.4176640000001,-16.650600297957176,0.0,-16.650600297957297,-23.64477258785301,-21.650600297957297,-26.650600297957297,0.0001,0.0001,True,True,True,0,-16.650600297957297,825,USDG,USDG,True,ticker/price-unit candidate; settlement rules need review,False
19,1790655988131,GOOGL,stocks,rh_lighter,12,rh_lighter,2051,perp,spot,10000,29.2145,10001.353838,9984.142105,-17.209403125608702,0.0,-17.209403125609217,-24.203379834515253,-22.209403125609217,-27.209403125609217,0.0001,0.0001,True,True,True,0,-17.209403125609217,825,USDG,USDG,True,ticker/price-unit candidate; settlement rules need review,False
19,1790655988131,GOOGL,stocks,rh_lighter,12,rh_lighter,2051,perp,spot,100000,292.1456,100037.97763999998,99638.68526799996,-39.91407877485642,0.0,-39.91407877485611,-46.900108847284905,-44.91407877485611,-49.91407877485611,0.0001,0.0001,True,True,True,0,-39.91407877485611,825,USDG,USDG,True,ticker/price-unit candidate; settlement rules need review,False
19,1790655988329,GOOGL,stocks,hyperliquid,xyz:GOOGL,rh_lighter,2051,perp,spot,1000,2.924,999.80332,999.30624,-4.9717778492675,0.9,-5.871777849267221,-9.370037727019977,-10.871777849267222,-15.871777849267222,0.001,0.0001,True,True,True,0,-5.871777849267221,198,USDC,USDG,True,ticker/price-unit candidate; settlement rules need review,False
19,1790655988329,GOOGL,stocks,hyperliquid,xyz:GOOGL,rh_lighter,2051,perp,spot,10000,29.247,10000.82842,9995.24703,-5.580927664790014,0.9,-6.480927664789767,-9.97897434010709,-11.480927664789768,-16.480927664789768,0.001,0.0001,True,True,True,0,-6.480927664789767,198,USDC,USDG,True,ticker/price-unit candidate; settlement rules need review,False
19,1790655988329,GOOGL,stocks,hyperliquid,xyz:GOOGL,rh_lighter,2051,perp,spot,100000,292.47,100033.58309,99749.26673999999,-28.42208998394158,0.9,-29.322089983941634,-32.81214225244725,-34.32208998394164,-39.32208998394164,0.001,0.0001,True,True,True,0,-29.322089983941634,198,USDC,USDG,True,ticker/price-unit candidate; settlement rules need review,False
19,1790655988131,GOOGL,stocks,rh_lighter,2051,rh_lighter,12,spot,perp,1000,2.9252,1000.2721399999999,1001.161386,8.890040664333299,0.0,8.890040664334318,1.8869291501018024,3.890040664334318,-1.1099593356656818,0.0001,0.0001,True,True,True,0,8.890040664334318,825,USDG,USDG,False,ticker/price-unit candidate; settlement rules need review,False
19,1790655988131,GOOGL,stocks,rh_lighter,2051,rh_lighter,12,spot,perp,10000,29.2521,10004.860964999998,10011.437352999998,6.5731927939882695,0.0,6.5731927939885155,-0.42910782348938054,1.5731927939885155,-3.4268072060114845,0.0001,0.0001,True,True,True,0,6.5731927939885155,825,USDG,USDG,False,ticker/price-unit candidate; settlement rules need review,False
19,1790655988131,GOOGL,stocks,rh_lighter,2051,rh_lighter,12,spot,perp,100000,292.5216,100340.47549999997,100089.550372,-25.007368835916477,0.0,-25.007368835916424,-31.99861625682386,-30.007368835916424,-35.007368835916424,0.0001,0.0001,True,True,True,0,-25.007368835916424,825,USDG,USDG,False,ticker/price-unit candidate; settlement rules need review,False
19,1790655988329,GOOGL,stocks,rh_lighter,2051,hyperliquid,xyz:GOOGL,spot,perp,1000,2.925,1000.2037499999999,1000.0574999999999,-1.4622020763266352,0.8998684018131307,-2.3620704781401702,-5.86207047814017,-7.36207047814017,-12.36207047814017,0.0001,0.001,True,True,True,0,-2.3620704781401702,198,USDG,USDC,False,ticker/price-unit candidate; settlement rules need review,False
19,1790655988329,GOOGL,stocks,rh_lighter,2051,hyperliquid,xyz:GOOGL,spot,perp,10000,29.252,10004.826751999999,10000.92152,-3.9033479507466495,0.8996486986844329,-4.802996649430797,-8.302996649430797,-9.802996649430797,-14.802996649430797,0.0001,0.001,True,True,True,0,-4.802996649430797,198,USDG,USDC,False,ticker/price-unit candidate; settlement rules need review,False
19,1790655988329,GOOGL,stocks,rh_lighter,2051,hyperliquid,xyz:GOOGL,spot,perp,100000,292.521,100340.26951999999,99989.29248999999,-34.97868120934555,0.896851918691159,-35.87553312803725,-39.37553312803725,-40.87553312803725,-45.87553312803725,0.0001,0.001,True,True,True,0,-35.87553312803725,198,USDG,USDC,False,ticker/price-unit candidate; settlement rules need review,False
19,1790655988129,AMZN,stocks,rh_lighter,11,rh_lighter,2050,perp,spot,1000,4.0605,1000.1011500000001,998.55816,-15.428339423467774,0.0,-15.42833942346763,-22.422939504669415,-20.42833942346763,-25.42833942346763,0.0001,0.0001,True,True,True,0,-15.42833942346763,812,USDG,USDG,True,ticker/price-unit candidate; settlement rules need review,False
19,1790655988129,AMZN,stocks,rh_lighter,11,rh_lighter,2050,perp,spot,10000,40.6058,10001.802495,9984.5646,-17.23478843800197,0.0,-17.23478843800165,-24.22875626204835,-22.23478843800165,-27.23478843800165,0.0001,0.0001,True,True,True,0,-17.23478843800165,812,USDG,USDG,True,ticker/price-unit candidate; settlement rules need review,False
19,1790655988129,AMZN,stocks,rh_lighter,11,rh_lighter,2050,perp,spot,100000,406.0583,100049.32820499997,99597.17367799999,-45.19315972552285,0.0,-45.19315972552233,-52.17734211961839,-50.19315972552233,-55.19315972552233,0.0001,0.0001,True,True,True,0,-45.19315972552233,812,USDG,USDG,True,ticker/price-unit candidate; settlement rules need review,False
19,1790655988372,AMZN,stocks,hyperliquid,xyz:AMZN,rh_lighter,2050,perp,spot,1000,4.062,999.82068,998.92704,-8.938002762655106,0.8999999999999999,-9.838002762655448,-13.334874461688518,-14.838002762655448,-19.83800276265545,0.001,0.0001,True,True,True,0,-9.838002762655448,243,USDC,USDG,True,ticker/price-unit candidate; settlement rules need review,False
19,1790655988372,AMZN,stocks,hyperliquid,xyz:AMZN,rh_lighter,2050,perp,spot,10000,40.629,10000.612549999998,9990.26832,-10.343596403000754,0.9,-11.243596403001126,-14.739976144260071,-16.243596403001128,-21.243596403001128,0.001,0.0001,True,True,True,0,-11.243596403001126,243,USDC,USDG,True,ticker/price-unit candidate; settlement rules need review,False
19,1790655988372,AMZN,stocks,hyperliquid,xyz:AMZN,rh_lighter,2050,perp,spot,100000,406.297,100027.41327000002,99655.667113,-37.164427715088436,0.9000000000000002,-38.064427715088094,-41.55142016538781,-43.064427715088094,-48.064427715088094,0.001,0.0001,True,True,True,0,-38.064427715088094,243,USDC,USDG,True,ticker/price-unit candidate; settlement rules need review,False
19,1790655988129,AMZN,stocks,rh_lighter,2050,rh_lighter,11,spot,perp,1000,4.0648,1000.34728,1000.9000619999999,5.525900965113184,0.0,5.525900965112628,-1.4760331002251614,0.5259009651126281,-4.474099034887372,0.0001,0.0001,True,True,True,0,5.525900965112628,812,USDG,USDG,False,ticker/price-unit candidate; settlement rules need review,False
19,1790655988129,AMZN,stocks,rh_lighter,2050,rh_lighter,11,spot,perp,10000,40.6487,10006.159301,10008.953758999998,2.7927378686842808,0.0,2.792737868683753,-4.208239589570286,-2.207262131316247,-7.207262131316247,0.0001,0.0001,True,True,True,0,2.792737868683753,812,USDG,USDG,False,ticker/price-unit candidate; settlement rules need review,False
19,1790655988129,AMZN,stocks,rh_lighter,2050,rh_lighter,11,spot,perp,100000,406.4875,100262.81418999999,100075.14172600003,-18.718052701405252,0.0,-18.71805270140496,-25.711501382959465,-23.71805270140496,-28.71805270140496,0.0001,0.0001,True,True,True,0,-18.71805270140496,812,USDG,USDG,False,ticker/price-unit candidate; settlement rules need review,False
19,1790655988372,AMZN,stocks,rh_lighter,2050,hyperliquid,xyz:AMZN,spot,perp,1000,4.064,1000.1504,1000.19104,0.40633888663155204,0.9000365704997969,-0.4936976838678155,-3.993697683867815,-5.493697683867816,-10.493697683867815,0.0001,0.001,True,True,True,0,-0.4936976838678155,243,USDG,USDC,False,ticker/price-unit candidate; settlement rules need review,False
19,1790655988372,AMZN,stocks,rh_lighter,2050,hyperliquid,xyz:AMZN,spot,perp,10000,40.648,10005.986926000001,10003.09664,-2.8885566425151943,0.8997400299021736,-3.7882966724172706,-7.28829667241727,-8.788296672417271,-13.788296672417271,0.0001,0.001,True,True,True,0,-3.7882966724172706,243,USDG,USDC,False,ticker/price-unit candidate; settlement rules need review,False
