id,timestamp,utc,route,asset,category,buy,sell,target_notional_usd,base_quantity,buy_cost_usd,sell_proceeds_usd,buy_vwap,sell_vwap,buy_fee_bps,sell_fee_bps,entry_fees_usd,net_entry_usd,net_entry_bps,estimated_exit_fee_reserve_usd,additional_cost_reserve_usd,budgeted_edge_usd,budgeted_edge_bps,buy_collateral,sell_collateral,receipt_skew_ms,hl_engine_age_ms,other_engine_age_ms,other_engine_freshness_known,metadata_utc,stablecoin_parity_assumed,episode_reason,prior_budgeted_edge_usd,seconds_since_prior_observation
25,1790658801.447238,2026-09-29T05:13:21.447238+00:00,NVDA|hyperliquid:xyz:NVDA|rh_lighter:15,NVDA,RWA/xyz,hyperliquid:xyz:NVDA,rh_lighter:15,1000,4.380,999.8664,1001.049,228.28,228.55,0.9,0,0.089987976,1.0926120239999795,10.9275801647098,0.089987976,0.4999332,0.5026908479999794,5.027580164709799,USDC,USDG,398.4236717224121,327.3000717163086,,False,2026-09-29T05:13:13.441345+00:00,True,first_seen,,
31,1790658802.737027,2026-09-29T05:13:22.737027+00:00,XAG|hyperliquid:xyz:SILVER|rh_lighter:41,XAG,RWA/xyz,hyperliquid:xyz:SILVER,rh_lighter:41,1000,16.49,999.93711,1000.8209739999999,60.639,60.6926,0.9,0,0.0899943399,0.7938696600999031,7.939195897028996,0.0899943399,0.49996855500000004,0.20390676519990303,2.0391958970289945,USDC,USDG,351.18603706359863,521.0928916931152,,False,2026-09-29T05:13:13.441345+00:00,True,first_seen,,
71,1790658810.677058,2026-09-29T05:13:30.677058+00:00,AAPL|hyperliquid:xyz:AAPL|rh_lighter:10,AAPL,RWA/xyz,hyperliquid:xyz:AAPL,rh_lighter:10,1000,2.965,999.9758999999999,1000.7467999999999,337.26,337.52,0.9,0,0.089997831,0.6809021689999832,6.809185791377406,0.089997831,0.4999879499999999,0.0909163879999833,0.9091857913774053,USDC,USDG,291.7623519897461,794.1198348999023,,False,2026-09-29T05:13:13.441345+00:00,True,first_seen,,
75,1790658811.6604764,2026-09-29T05:13:31.660476+00:00,SAMSUNGUSD|hyperliquid:xyz:SMSN|lighter:162,SAMSUNGUSD,RWA/xyz,hyperliquid:xyz:SMSN,lighter:162,1000,5.014,999.9420200000001,1000.885473,199.43,199.61816374152374,0.9,0,0.0899947818,0.8534582181999768,8.535077045766881,0.0899947818,0.49997101000000005,0.2634924263999768,2.6350770457668813,USDC,USDC,164.49785232543945,724.5383262634277,,False,2026-09-29T05:13:13.441345+00:00,True,first_seen,,
79,1790658812.326795,2026-09-29T05:13:32.326795+00:00,GOOGL|hyperliquid:xyz:GOOGL|rh_lighter:12,GOOGL,RWA/xyz,hyperliquid:xyz:GOOGL,rh_lighter:12,1000,2.923,999.7244599999999,1001.080719,342.02,342.48399555251456,0.9,0,0.0899752014,1.2662837986001365,12.666328066036682,0.0899752014,0.4998622299999999,0.6764463672001366,6.7663280660366825,USDC,USDG,609.2703342437744,849.8623371124268,,False,2026-09-29T05:13:13.441345+00:00,True,first_seen,,
111,1790658818.6630812,2026-09-29T05:13:38.663081+00:00,MSFT|hyperliquid:xyz:MSFT|rh_lighter:14,MSFT,RWA/xyz,hyperliquid:xyz:MSFT,rh_lighter:14,1000,1.972,999.9539,1000.887349,507.07601419878296,507.5493656186612,0.9,0,0.089995851,0.843453148999996,8.434920339827626,0.089995851,0.49997695000000003,0.253480347999996,2.5349203398276265,USDC,USDG,274.07217025756836,544.1417694091797,,False,2026-09-29T05:13:13.441345+00:00,True,first_seen,,
131,1790658822.671889,2026-09-29T05:13:42.671889+00:00,META|hyperliquid:xyz:META|rh_lighter:13,META,RWA/xyz,hyperliquid:xyz:META,rh_lighter:13,1000,1.402,999.4857999999999,1000.6774999999999,712.9,713.75,0.9,0,0.089953722,1.101746277999969,11.023130873895047,0.089953722,0.4997429,0.512049655999969,5.123130873895048,USDC,USDG,272.58920669555664,262.9520893096924,,False,2026-09-29T05:13:13.441345+00:00,True,first_seen,,
139,1790658824.3399909,2026-09-29T05:13:44.339991+00:00,AMZN|hyperliquid:xyz:AMZN|rh_lighter:11,AMZN,RWA/xyz,hyperliquid:xyz:AMZN,rh_lighter:11,1000,4.064,999.78464,1000.6380800000001,246.01,246.22,0.9,0,0.08998061759999999,0.7634593824000915,7.636238364295049,0.08998061759999999,0.49989232,0.1735864448000915,1.7362383642950494,USDC,USDG,613.471269607544,323.0547904968262,,False,2026-09-29T05:13:13.441345+00:00,True,first_seen,,
145,1790658825.4793758,2026-09-29T05:13:45.479376+00:00,CRCL|hyperliquid:xyz:CRCL|rh_lighter:24,CRCL,RWA/xyz,hyperliquid:xyz:CRCL,rh_lighter:24,1000,11.733,999.9683910000001,1000.695138,85.227,85.28894042444388,0.9,0,0.08999715519000001,0.636749844809932,6.367699724719919,0.08999715519000001,0.49998419550000006,0.04676849411993189,0.46769972471991755,USDC,USDG,417.2794818878174,380.44118881225586,,False,2026-09-29T05:13:13.441345+00:00,True,first_seen,,
183,1790658835.7396383,2026-09-29T05:13:55.739638+00:00,META|hyperliquid:xyz:META|lighter:117,META,RWA/xyz,hyperliquid:xyz:META,lighter:117,1000,1.402,999.4857999999999,1000.1868,712.9,713.4,0.9,0,0.089953722,0.6110462780000219,6.113606396409253,0.089953722,0.4997429,0.02134965600002192,0.21360639640925289,USDC,USDC,218.63937377929688,725.7020473480225,,False,2026-09-29T05:13:13.441345+00:00,True,first_seen,,
306,1790658874.492792,2026-09-29T05:14:34.492792+00:00,MRNA|lighter:228|hyperliquid:xyz:MRNA,MRNA,RWA/xyz,lighter:228,hyperliquid:xyz:MRNA,1000,5.11,998.4429,999.2295,195.39,195.54393346379646,0,0.9,0.089930655,0.6966693450000213,6.977558205882593,0.089930655,0.49922145,0.10751724000002133,1.0768491618300988,USDC,USDC,272.50027656555176,473.860502243042,,False,2026-09-29T05:13:13.441345+00:00,True,first_seen,,
363,1790658886.173118,2026-09-29T05:14:46.173118+00:00,INTC|hyperliquid:xyz:INTC|rh_lighter:30,INTC,RWA/xyz,hyperliquid:xyz:INTC,rh_lighter:30,1000,8.70,999.891,1000.761,114.93,115.03,0.9,0,0.08999019,0.7800098100000046,7.800948403376014,0.08999019,0.4999455,0.19007412000000462,1.9009484033760142,USDC,USDG,184.58127975463867,608.1905364990234,,False,2026-09-29T05:13:13.441345+00:00,True,crossed_back_above_zero,-0.07057091999996257,59.49768853187561
479,1790658936.6806798,2026-09-29T05:15:36.680680+00:00,CRCL|hyperliquid:xyz:CRCL|lighter:121,CRCL,RWA/xyz,hyperliquid:xyz:CRCL,lighter:121,1000,11.730,999.93558,1000.6159200000001,85.246,85.304,0.9,0,0.0899942022,0.5903457978001148,5.903838303264644,0.0899942022,0.49996778999999997,0.000383805600114806,0.003838303264644369,USDC,USDC,443.18294525146484,663.750410079956,,False,2026-09-29T05:13:13.441345+00:00,True,crossed_back_above_zero,-0.05808658552013635,86.31940531730652
505,1790658941.7026114,2026-09-29T05:15:41.702611+00:00,NBIS|hyperliquid:xyz:NBIS|lighter:189,NBIS,RWA/xyz,hyperliquid:xyz:NBIS,lighter:189,1000,4.34,998.248,998.9377999999999,230.01105990783412,230.17,0.9,0,0.08984232,0.5999576799998774,6.0101065065983335,0.08984232,0.49912399999999996,0.010991359999877381,0.11010650659833408,USDC,USDC,158.80370140075684,643.7382698059082,,False,2026-09-29T05:13:13.441345+00:00,True,crossed_back_above_zero,-0.05968868399981814,86.1563310623169
532,1790658947.0493698,2026-09-29T05:15:47.049370+00:00,XPL|lighter:71|hyperliquid:XPL,XPL,crypto,lighter:71,hyperliquid:XPL,1000,10381,999.996226,1001.683452,0.09632946980059724,0.096492,0,4.5,0.45075755339999996,1.2364684466000098,12.364731130495384,0.45075755339999996,0.499998113,0.28571278020000984,2.8571385848411177,USDC,USDC,151.18145942687988,572.4465847015381,,False,2026-09-29T05:13:13.441345+00:00,True,crossed_back_above_zero,-0.24090454370005437,85.59160900115967
572,1790658956.348292,2026-09-29T05:15:56.348292+00:00,HBAR|lighter:59|hyperliquid:HBAR,HBAR,crypto,lighter:59,hyperliquid:HBAR,1000,8466,999.9915920000001,1001.5278000000001,0.11811854382234822,0.1183,0,4.5,0.45068751,1.0855204899999877,10.855296171330085,0.45068751,0.49999579600000005,0.13483718399998762,1.3483831772056298,USDC,USDC,148.6835479736328,515.376091003418,,False,2026-09-29T05:13:13.441345+00:00,True,crossed_back_above_zero,-0.48331051200012337,85.87017750740051
887,1790659050.484524,2026-09-29T05:17:30.484524+00:00,AAPL|hyperliquid:xyz:AAPL|rh_lighter:10,AAPL,RWA/xyz,hyperliquid:xyz:AAPL,rh_lighter:10,1000,2.965,999.94625,1000.6282,337.25,337.48,0.9,0,0.0899951625,0.591954837500029,5.919866567828311,0.0899951625,0.49997312499999996,0.0019865500000290637,0.01986656782831141,USDC,USDG,468.52707862854004,653.5909175872803,,False,2026-09-29T05:13:13.441345+00:00,True,crossed_back_above_zero,-0.057313450000092137,60.03772521018982
927,1790659058.4590611,2026-09-29T05:17:38.459061+00:00,MSFT|hyperliquid:xyz:MSFT|rh_lighter:14,MSFT,RWA/xyz,hyperliquid:xyz:MSFT,rh_lighter:14,1000,1.972,999.92232,1000.6309920000001,507.06,507.4193671399595,0.9,0,0.08999300880000001,0.6186789912000923,6.187270539176406,0.08999300880000001,0.49996116,0.02872482240009222,0.28727053917640544,USDC,USDG,442.4276351928711,553.1351566314697,,False,2026-09-29T05:13:13.441345+00:00,True,crossed_back_above_zero,-0.009413539200002208,60.007261514663696
1059,1790659102.179038,2026-09-29T05:18:22.179038+00:00,NBIS|hyperliquid:xyz:NBIS|lighter:189,NBIS,RWA/xyz,hyperliquid:xyz:NBIS,lighter:189,1000,4.34,998.9377999999999,999.7189999999999,230.17,230.35,0.9,0,0.089904402,0.6912955980000126,6.920306729808529,0.089904402,0.49946889999999994,0.10192229600001274,1.02030672980853,USDC,USDC,149.23429489135742,793.1098937988281,,False,2026-09-29T05:13:13.441345+00:00,True,crossed_back_above_zero,-0.08450147199995628,80.3737576007843
1179,1790659126.1826549,2026-09-29T05:18:46.182655+00:00,INTC|hyperliquid:xyz:INTC|rh_lighter:30,INTC,RWA/xyz,hyperliquid:xyz:INTC,rh_lighter:30,1000,8.70,999.1949999999998,999.891,114.85,114.93,0.9,0,0.08992754999999998,0.6060724500001401,6.065607313889082,0.08992754999999998,0.49959749999999997,0.016547400000140156,0.16560731388908229,USDC,USDG,147.26829528808594,722.7997779846191,,False,2026-09-29T05:13:13.441345+00:00,True,crossed_back_above_zero,-0.06976361599991115,59.67527937889099
1275,1790659162.6085992,2026-09-29T05:19:22.608599+00:00,META|hyperliquid:xyz:META|lighter:117,META,RWA/xyz,hyperliquid:xyz:META,lighter:117,1000,1.402,999.4016799999999,1000.13072,712.84,713.36,0.9,0,0.08994615119999999,0.6390938488000546,6.394764603558147,0.08994615119999999,0.49970084,0.04944685760005468,0.49476460355814783,USDC,USDC,204.25128936767578,488.6667728424072,,False,2026-09-29T05:13:13.441345+00:00,True,crossed_back_above_zero,-0.048584767600002465,80.46205425262451
1404,1790659188.1964893,2026-09-29T05:19:48.196489+00:00,XPL|lighter:71|hyperliquid:XPL,XPL,crypto,lighter:71,hyperliquid:XPL,1000,10382,999.9807020000001,1001.44101,0.09631869601232904,0.09645935368907725,0,4.5,0.4506484545,1.0096595454999409,10.096790302858672,0.4506484545,0.499990351,0.05902073999994084,0.5902187900416186,USDC,USDC,414.44873809814453,671.5588569641113,,False,2026-09-29T05:13:13.441345+00:00,True,crossed_back_above_zero,-0.29992961040003346,80.3494565486908
1430,1790659197.2544,2026-09-29T05:19:57.254400+00:00,HBAR|lighter:59|hyperliquid:HBAR,HBAR,crypto,lighter:59,hyperliquid:HBAR,1000,8423,999.990875,1001.4525100000001,0.11872146206814674,0.1188949910958091,0,4.5,0.4506536295,1.0109813705001147,10.109905957893014,0.4506536295,0.4999954374999999,0.060332303500114814,0.6033285403740791,USDC,USDC,151.09014511108398,592.475175857544,,False,2026-09-29T05:13:13.441345+00:00,True,crossed_back_above_zero,-0.20534796650008547,80.13257193565369
1443,1790659206.6592596,2026-09-29T05:20:06.659260+00:00,ZEC|hyperliquid:ZEC|lighter:90,ZEC,crypto,hyperliquid:ZEC,lighter:90,1000,0.72,991.224,992.873259,1376.7,1378.9906375,4.5,0,0.44605079999999997,1.2032081999999154,12.138610445266815,0.44605079999999997,0.495612,0.2615453999999154,2.6386104452668153,USDC,USDC,147.48501777648926,832.3233127593994,,False,2026-09-29T05:13:13.441345+00:00,True,crossed_back_above_zero,-0.8977392000000066,80.0902795791626
1607,1790659246.191668,2026-09-29T05:20:46.191668+00:00,INTC|hyperliquid:xyz:INTC|rh_lighter:30,INTC,RWA/xyz,hyperliquid:xyz:INTC,rh_lighter:30,1000,8.71,999.7338000000001,1000.4306000000001,114.78,114.86,0.9,0,0.089976042,0.606823958000053,6.069855375501487,0.089976042,0.49986690000000006,0.016981016000052918,0.16985537550148766,USDC,USDG,149.91521835327148,403.7363529205322,,False,2026-09-29T05:13:13.441345+00:00,True,crossed_back_above_zero,-0.06731256000003277,59.97498846054077
1947,1790659359.1303551,2026-09-29T05:22:39.130355+00:00,NBIS|hyperliquid:xyz:NBIS|lighter:189,NBIS,RWA/xyz,hyperliquid:xyz:NBIS,lighter:189,1000,4.34,998.8075999999999,999.5454,230.14,230.31,0.9,0,0.08989268399999999,0.6479073160001066,6.486808029895915,0.08989268399999999,0.49940379999999995,0.05861083200010675,0.5868080298959155,USDC,USDC,279.39796447753906,761.4233493804932,,False,2026-09-29T05:13:13.441345+00:00,True,crossed_back_above_zero,-0.3325491960000968,176.5501880645752
1969,1790659363.4762197,2026-09-29T05:22:43.476220+00:00,AMZN|hyperliquid:xyz:AMZN|rh_lighter:11,AMZN,RWA/xyz,hyperliquid:xyz:AMZN,rh_lighter:11,1000,4.063,999.86367,1000.59501,246.09,246.27,0.9,0,0.0899877303,0.6413522697000457,6.414397171766884,0.0899877303,0.49993183499999994,0.05143270440004577,0.5143971717668847,USDC,USDG,151.9644260406494,780.2870273590088,,False,2026-09-29T05:13:13.441345+00:00,True,crossed_back_above_zero,-0.06024903880001631,50.98827409744263
2020,1790659377.8506346,2026-09-29T05:22:57.850635+00:00,MRNA|lighter:228|hyperliquid:xyz:MRNA,MRNA,RWA/xyz,lighter:228,hyperliquid:xyz:MRNA,1000,5.11,998.2896000000002,998.9789000000001,195.36,195.49489236790606,0,0.9,0.089908101,0.5993918989998892,6.004188554101827,0.089908101,0.4991448000000001,0.010338997999889077,0.10356712120299635,USDC,USDC,154.0536880493164,271.78215980529785,,False,2026-09-29T05:13:13.441345+00:00,True,crossed_back_above_zero,-0.20359625799987546,79.39139008522034
2159,1790659419.0514138,2026-09-29T05:23:39.051414+00:00,META|hyperliquid:xyz:META|lighter:117,META,RWA/xyz,hyperliquid:xyz:META,lighter:117,1000,1.403,999.6375,1000.38109,712.5,713.03,0.9,0,0.089967375,0.6536226249999265,6.538596491227334,0.089967375,0.49981875,0.06383649999992658,0.6385964912273356,USDC,USDC,160.4330539703369,576.4856338500977,,False,2026-09-29T05:13:13.441345+00:00,True,crossed_back_above_zero,-0.006313499999972161,79.93806433677673
2801,1790659599.3455405,2026-09-29T05:26:39.345541+00:00,NBIS|hyperliquid:xyz:NBIS|lighter:189,NBIS,RWA/xyz,hyperliquid:xyz:NBIS,lighter:189,1000,4.35,999.804,1000.5434999999999,229.84,230.01,0.9,0,0.08998236,0.6495176399999072,6.496449704141083,0.08998236,0.49990199999999996,0.059633279999907196,0.5964497041410837,USDC,USDC,150.88319778442383,627.6214122772217,,False,2026-09-29T05:13:13.441345+00:00,True,crossed_back_above_zero,-0.028012096000046338,80.18123722076416
3037,1790659663.7300518,2026-09-29T05:27:43.730052+00:00,AMZN|hyperliquid:xyz:AMZN|rh_lighter:11,AMZN,RWA/xyz,hyperliquid:xyz:AMZN,rh_lighter:11,1000,4.064,999.8659200000001,1000.5568,246.03,246.2,0.9,0,0.0899879328,0.6008920671998792,6.009726456122029,0.0899879328,0.49993296,0.010971174399879269,0.10972645612202953,USDC,USDG,403.8386344909668,305.1271438598633,,False,2026-09-29T05:13:13.441345+00:00,True,crossed_back_above_zero,-0.07033646079999967,60.04507899284363
3051,1790659666.4648714,2026-09-29T05:27:46.464871+00:00,INTC|hyperliquid:xyz:INTC|rh_lighter:30,INTC,RWA/xyz,hyperliquid:xyz:INTC,rh_lighter:30,1000,8.72,999.0504,1000.0968,114.57,114.69,0.9,0,0.089914536,0.9564854640000624,9.57394605917842,0.089914536,0.49952519999999995,0.36704572800006247,3.6739460591784203,USDC,USDG,470.37601470947266,629.9395561218262,,False,2026-09-29T05:13:13.441345+00:00,True,crossed_back_above_zero,-0.06889497600008687,59.97619843482971
3124,1790659698.1191556,2026-09-29T05:28:18.119156+00:00,MRNA|lighter:228|hyperliquid:xyz:MRNA,MRNA,RWA/xyz,lighter:228,hyperliquid:xyz:MRNA,1000,5.12,999.7824,1000.4933,195.27,195.40884765625,0,0.9,0.090044397,0.6208556029999241,6.209907305828989,0.090044397,0.49989120000000004,0.030920005999924116,0.3092673565760321,USDC,USDC,336.58766746520996,340.2407169342041,,False,2026-09-29T05:13:13.441345+00:00,True,crossed_back_above_zero,-0.26850653800010715,80.08458089828491
3370,1790659764.6547768,2026-09-29T05:29:24.654777+00:00,XPL|lighter:71|hyperliquid:XPL,XPL,crypto,lighter:71,hyperliquid:XPL,1000,10347,999.93408,1001.489221,0.09664,0.09679029873393255,0,4.5,0.45067014945,1.1044708505500487,11.045436620682521,0.45067014945,0.49996704,0.15383366110004865,1.5384380248350835,USDC,USDC,150.4838466644287,492.8107261657715,,False,2026-09-29T05:13:13.441345+00:00,True,crossed_back_above_zero,-0.13088235029998502,80.057448387146
3420,1790659774.4970124,2026-09-29T05:29:34.497012+00:00,HBAR|lighter:59|hyperliquid:HBAR,HBAR,crypto,lighter:59,hyperliquid:HBAR,1000,8473,999.9667500000002,1001.37298,0.1180180278531807,0.1181839938628585,0,4.5,0.45061784099999996,0.9556121589998232,9.556439341606339,0.45061784099999996,0.49998337500000006,0.005010942999823242,0.05011109619218081,USDC,USDC,497.0135688781738,421.0793972015381,,False,2026-09-29T05:13:13.441345+00:00,True,crossed_back_above_zero,-0.22414821549996666,80.40860891342163
3511,1790659795.6605532,2026-09-29T05:29:55.660553+00:00,SAMSUNGUSD|hyperliquid:xyz:SMSN|lighter:162,SAMSUNGUSD,RWA/xyz,hyperliquid:xyz:SMSN,lighter:162,1000,5.022,999.9520000000001,1000.650098,199.11429709279173,199.2533050577459,0.9,0,0.08999568000000002,0.6081023199998453,6.081315103123402,0.08999568000000002,0.49997600000000003,0.018130639999845266,0.18131510312340257,USDC,USDC,155.36856651306152,611.6249561309814,,False,2026-09-29T05:13:13.441345+00:00,True,crossed_back_above_zero,-0.04024894560007991,80.1894953250885
3538,1790659813.1761186,2026-09-29T05:30:13.176119+00:00,HOOD|lighter:108|hyperliquid:xyz:HOOD,HOOD,RWA/xyz,lighter:108,hyperliquid:xyz:HOOD,1000,8.649,999.9978659999999,1000.6892999999999,115.62005619146723,115.7,0,0.9,0.09006203699999998,0.6013719629999583,6.01373246330466,0.09006203699999998,0.4999989329999999,0.011310992999958358,0.11311017137668931,USDC,USDC,155.01928329467773,743.1819438934326,,False,2026-09-29T05:13:13.441345+00:00,True,crossed_back_above_zero,-0.1785727548000684,80.3739709854126
3607,1790659829.4595966,2026-09-29T05:30:29.459597+00:00,INTC|hyperliquid:xyz:INTC|lighter:137,INTC,RWA/xyz,hyperliquid:xyz:INTC,lighter:137,1000,8.71,999.7338000000001,1000.4218900000001,114.78,114.859,0.9,0,0.089976042,0.5981139579999883,5.98273218330708,0.089976042,0.49986690000000006,0.008271015999988307,0.0827321833070794,USDC,USDC,596.1740016937256,350.665807723999,,False,2026-09-29T05:13:13.441345+00:00,True,crossed_back_above_zero,-0.07803004800001245,80.7818775177002
3730,1790659858.3690555,2026-09-29T05:30:58.369056+00:00,MRNA|lighter:228|hyperliquid:xyz:MRNA,MRNA,RWA/xyz,lighter:228,hyperliquid:xyz:MRNA,1000,5.11,998.2385,998.962,195.35,195.49158512720155,0,0.9,0.08990658,0.6335934199999446,6.347114642442107,0.08990658,0.49911925,0.04456758999994459,0.44646234341737556,USDC,USDC,149.97410774230957,602.1342277526855,,False,2026-09-29T05:13:13.441345+00:00,True,crossed_back_above_zero,-0.11676861000001326,79.87382984161377
3891,1790659903.4918187,2026-09-29T05:31:43.491819+00:00,AMZN|hyperliquid:xyz:AMZN|rh_lighter:11,AMZN,RWA/xyz,hyperliquid:xyz:AMZN,rh_lighter:11,1000,4.066,999.7887399999998,1000.47996,245.89,246.06,0.9,0,0.08998098659999998,0.6012390134001576,6.013660579935695,0.08998098659999998,0.49989436999999987,0.011363656800157773,0.11366057993569496,USDC,USDG,150.2373218536377,550.8933067321777,,False,2026-09-29T05:13:13.441345+00:00,True,crossed_back_above_zero,-0.02953791600000949,60.007686614990234
4039,1790659950.144337,2026-09-29T05:32:30.144337+00:00,AAPL|hyperliquid:xyz:AAPL|rh_lighter:10,AAPL,RWA/xyz,hyperliquid:xyz:AAPL,rh_lighter:10,1000,2.967,999.90867,1000.65042,337.01,337.26,0.9,0,0.0899917803,0.6517582197000246,6.5181775021515165,0.0899917803,0.49995433499999997,0.0618121044000246,0.6181775021515176,USDC,USDG,156.03327751159668,503.41248512268066,,False,2026-09-29T05:13:13.441345+00:00,True,crossed_back_above_zero,-0.005395780800021122,60.00335669517517
4113,1790659965.1664517,2026-09-29T05:32:45.166452+00:00,CRCL|hyperliquid:xyz:CRCL|rh_lighter:24,CRCL,RWA/xyz,hyperliquid:xyz:CRCL,rh_lighter:24,1000,11.744,999.9663680000001,1000.7125679999999,85.147,85.21053882833787,0.9,0,0.08999697312,0.656203026879817,6.562250970422807,0.08999697312,0.4999831840000001,0.06622286975981695,0.6622509704228066,USDC,USDG,493.7894344329834,399.5234966278076,,False,2026-09-29T05:13:13.441345+00:00,True,crossed_back_above_zero,-0.20409998368004667,60.02237033843994
4230,1790660005.528608,2026-09-29T05:33:25.528608+00:00,XPL|lighter:71|hyperliquid:XPL,XPL,crypto,lighter:71,hyperliquid:XPL,1000,10435,999.920945,1001.6589399999999,0.09582376090081456,0.09599031528509822,0,4.5,0.45074652299999995,1.2872484769999555,12.873502484738488,0.45074652299999995,0.49996047250000003,0.3365414814999555,3.3656808889022276,USDC,USDC,166.17131233215332,413.6795997619629,,False,2026-09-29T05:13:13.441345+00:00,True,crossed_back_above_zero,-0.10959208179992536,80.25434041023254
4333,1790660026.1574109,2026-09-29T05:33:46.157411+00:00,INTC|hyperliquid:xyz:INTC|rh_lighter:30,INTC,RWA/xyz,hyperliquid:xyz:INTC,rh_lighter:30,1000,8.75,999.075,999.8625,114.18,114.27,0.9,0,0.08991675,0.6975832499999091,6.982291119284429,0.08991675,0.4995375,0.10812899999990905,1.0822911192844287,USDC,USDG,152.05001831054688,355.4849624633789,,False,2026-09-29T05:13:13.441345+00:00,True,crossed_back_above_zero,-0.14853251199999712,59.98429775238037
4467,1790660070.408974,2026-09-29T05:34:30.408974+00:00,AAPL|hyperliquid:xyz:AAPL|rh_lighter:10,AAPL,RWA/xyz,hyperliquid:xyz:AAPL,rh_lighter:10,1000,2.966,999.8682600000001,1000.55044,337.11,337.34,0.9,0,0.08998814340000001,0.5921918565999029,5.922698822341885,0.08998814340000001,0.49993413000000003,0.002269583199902836,0.022698822341883675,USDC,USDG,415.3323173522949,919.0723896026611,,False,2026-09-29T05:13:13.441345+00:00,True,crossed_back_above_zero,-0.027248193200129667,60.22138476371765
4517,1790660080.154625,2026-09-29T05:34:40.154625+00:00,NBIS|hyperliquid:xyz:NBIS|lighter:189,NBIS,RWA/xyz,hyperliquid:xyz:NBIS,lighter:189,1000,4.37,999.5064,1000.2493,228.72,228.89,0.9,0,0.089955576,0.6529444239999632,6.532668765302185,0.089955576,0.4997532,0.06323564799996317,0.6326687653021849,USDC,USDC,197.5400447845459,489.74061012268066,,False,2026-09-29T05:13:13.441345+00:00,True,crossed_back_above_zero,-0.1996060320001088,80.02637553215027
4641,1790660122.2964137,2026-09-29T05:35:22.296414+00:00,XAG|hyperliquid:xyz:SILVER|rh_lighter:41,XAG,RWA/xyz,hyperliquid:xyz:SILVER,rh_lighter:41,1000,16.56,999.9093599999999,1000.7391369999999,60.381,60.43110730676329,0.9,0,0.0899918424,0.7397851576000355,7.398522178050574,0.0899918424,0.49995467999999993,0.14983863520003554,1.498522178050574,USDC,USDG,308.5615634918213,739.4895553588867,,False,2026-09-29T05:13:13.441345+00:00,True,crossed_back_above_zero,-0.03316917239974998,59.9857702255249
4721,1790660138.3098779,2026-09-29T05:35:38.309878+00:00,MSFT|hyperliquid:xyz:MSFT|rh_lighter:14,MSFT,RWA/xyz,hyperliquid:xyz:MSFT,rh_lighter:14,1000,1.974,999.5546400000001,1000.34424,506.36,506.76,0.9,0,0.08995991760000001,0.6996400823999503,6.99951812939361,0.08995991760000001,0.4997773200000001,0.10990284479995027,1.0995181293936094,USDC,USDG,313.46774101257324,544.9426174163818,,False,2026-09-29T05:13:13.441345+00:00,True,crossed_back_above_zero,-0.019672519200018834,60.165740966796875
4747,1790660143.4905245,2026-09-29T05:35:43.490525+00:00,AMZN|hyperliquid:xyz:AMZN|rh_lighter:11,AMZN,RWA/xyz,hyperliquid:xyz:AMZN,rh_lighter:11,1000,4.070,999.999,1000.755985,245.7,245.88599140049138,0.9,0,0.08999991,0.6669850899999861,6.66985756985743,0.08999991,0.4999995,0.07698567999998612,0.769857569857431,USDC,USDG,150.85363388061523,824.5935440063477,,False,2026-09-29T05:13:13.441345+00:00,True,crossed_back_above_zero,-0.13457291880000744,60.002811908721924
4761,1790660146.3036702,2026-09-29T05:35:46.303670+00:00,INTC|hyperliquid:xyz:INTC|rh_lighter:30,INTC,RWA/xyz,hyperliquid:xyz:INTC,rh_lighter:30,1000,8.75,999.425,1000.125,114.22,114.3,0.9,0,0.08994825,0.6100517500000455,6.104027315706987,0.08994825,0.4997125,0.020391000000045567,0.2040273157069872,USDC,USDG,280.8716297149658,357.7389717102051,,False,2026-09-29T05:13:13.441345+00:00,True,crossed_back_above_zero,-0.06728750000004552,60.033095598220825
4824,1790660174.8610728,2026-09-29T05:36:14.861073+00:00,HBAR|lighter:59|hyperliquid:HBAR,HBAR,crypto,lighter:59,hyperliquid:HBAR,1000,8456,999.994983,1001.51346,0.11825863091296121,0.11843820482497634,0,4.5,0.45068105699999994,1.0677959429999617,10.678013001590847,0.45068105699999994,0.49999749150000006,0.11711739449996172,1.171179820808778,USDC,USDC,169.3861484527588,417.1481132507324,,False,2026-09-29T05:13:13.441345+00:00,True,crossed_back_above_zero,-0.13904695749973062,79.96768450737
4899,1790660191.128901,2026-09-29T05:36:31.128901+00:00,NEAR|hyperliquid:NEAR|lighter:10,NEAR,crypto,hyperliquid:NEAR,lighter:10,1000,215.4,999.8960900000002,1001.5798440000001,4.642043129062211,4.64986,4.5,0,0.4499532405000001,1.2338007594999079,12.33928977059914,0.4499532405000001,0.4999480450000001,0.28389947399990767,2.839289770599139,USDC,USDC,415.2390956878662,502.9771327972412,,False,2026-09-29T05:13:13.441345+00:00,True,crossed_back_above_zero,-0.01361785599986376,80.30785298347473
5013,1790660219.0392122,2026-09-29T05:36:59.039212+00:00,SKHYNIXUSD|hyperliquid:xyz:SKHX|lighter:161,SKHYNIXUSD,RWA/xyz,hyperliquid:xyz:SKHX,lighter:161,1000,0.780,999.414,1000.1901000000001,1281.3,1282.295,0.9,0,0.08994726,0.6861527400001559,6.865550612660578,0.08994726,0.49970699999999996,0.09649848000015598,0.965550612660579,USDC,USDC,148.15926551818848,818.2775974273682,,False,2026-09-29T05:13:13.441345+00:00,True,crossed_back_above_zero,-0.1947219559999568,79.6832664012909
5109,1790660250.3994274,2026-09-29T05:37:30.399427+00:00,AAPL|hyperliquid:xyz:AAPL|rh_lighter:10,AAPL,RWA/xyz,hyperliquid:xyz:AAPL,rh_lighter:10,1000,2.965,999.6794,1000.3614959999998,337.16,337.39004924114664,0.9,0,0.089971146,0.592124853999774,5.923147501086588,0.089971146,0.4998397,0.0023140079997739926,0.023147501086588286,USDC,USDG,394.56796646118164,815.5050277709961,,False,2026-09-29T05:13:13.441345+00:00,True,crossed_back_above_zero,-0.027309741599905013,59.935853481292725
5141,1790660256.828082,2026-09-29T05:37:36.828082+00:00,TSLA|hyperliquid:xyz:TSLA|rh_lighter:16,TSLA,RWA/xyz,hyperliquid:xyz:TSLA,rh_lighter:16,1000,2.811,999.8580699999999,1000.6316700000001,355.6947954464603,355.97,0.9,0,0.08998722629999999,0.683612773700215,6.837098126339222,0.08998722629999999,0.4999290349999999,0.09369651240021509,0.9370981263392224,USDC,USDG,152.60672569274902,270.15137672424316,,False,2026-09-29T05:13:13.441345+00:00,True,crossed_back_above_zero,-0.03044166560003625,59.64489436149597
5183,1790660265.1599572,2026-09-29T05:37:45.159957+00:00,CRCL|hyperliquid:xyz:CRCL|rh_lighter:24,CRCL,RWA/xyz,hyperliquid:xyz:CRCL,rh_lighter:24,1000,11.774,999.9893679999999,1000.7268089999998,84.932,84.9946330049261,0.9,0,0.08999904311999998,0.6474419568798762,6.47448840555949,0.08999904311999998,0.49999468399999997,0.057448229759876235,0.5744884055594903,USDC,USDG,488.2638454437256,769.0305709838867,,False,2026-09-29T05:13:13.441345+00:00,True,crossed_back_above_zero,-0.16377054848003203,60.00799798965454
5189,1790660266.3378255,2026-09-29T05:37:46.337826+00:00,INTC|hyperliquid:xyz:INTC|rh_lighter:30,INTC,RWA/xyz,hyperliquid:xyz:INTC,rh_lighter:30,1000,8.76,999.8664,1000.5672,114.14,114.22,0.9,0,0.089987976,0.6108120239999584,6.108936393901809,0.089987976,0.4999332,0.020890847999958384,0.20893639390180913,USDC,USDG,326.1134624481201,424.8971939086914,,False,2026-09-29T05:13:13.441345+00:00,True,crossed_back_above_zero,-0.24210900000000002,59.9472758769989
5223,1790660276.569203,2026-09-29T05:37:56.569203+00:00,SAMSUNGUSD|hyperliquid:xyz:SMSN|lighter:162,SAMSUNGUSD,RWA/xyz,hyperliquid:xyz:SMSN,lighter:162,1000,5.053,999.9381699999999,1001.25213,197.89,198.15003562240253,0.9,0,0.0899944353,1.2239655647000656,12.240412471703783,0.0899944353,0.4999690849999999,0.6340020444000657,6.340412471703782,USDC,USDC,223.73437881469727,390.270471572876,,False,2026-09-29T05:13:13.441345+00:00,True,crossed_back_above_zero,-0.775747819199867,80.20600318908691
5373,1790660320.5722408,2026-09-29T05:38:40.572241+00:00,NBIS|hyperliquid:xyz:NBIS|lighter:189,NBIS,RWA/xyz,hyperliquid:xyz:NBIS,lighter:189,1000,4.37,999.4705,1000.2493,228.71178489702518,228.89,0.9,0,0.089952345,0.6888476549999328,6.892125930679623,0.089952345,0.49973525,0.09916005999993277,0.9921259306796225,USDC,USDC,199.07259941101074,618.3080673217773,,False,2026-09-29T05:13:13.441345+00:00,True,crossed_back_above_zero,-0.012915908000023957,80.17486763000488
6127,1790660540.5640016,2026-09-29T05:42:20.564002+00:00,META|hyperliquid:xyz:META|lighter:117,META,RWA/xyz,hyperliquid:xyz:META,lighter:117,1000,1.405,999.33435,1000.03685,711.27,711.77,0.9,0,0.0899400915,0.6125599084999863,6.129679306029922,0.0899400915,0.49966717499999996,0.022952641999986312,0.22967930602992193,USDC,USDC,156.30674362182617,381.06703758239746,,False,2026-09-29T05:13:13.441345+00:00,True,crossed_back_above_zero,-0.014803517999899707,80.06209826469421
6249,1790660565.1473722,2026-09-29T05:42:45.147372+00:00,CRCL|hyperliquid:xyz:CRCL|rh_lighter:24,CRCL,RWA/xyz,hyperliquid:xyz:CRCL,rh_lighter:24,1000,11.736,999.9378660000001,1000.635664,85.20261298568508,85.26207089297887,0.9,0,0.08999440794,0.6078035920599206,6.078413596749626,0.08999440794,0.499968933,0.017840251119920603,0.17841359674962645,USDC,USDG,440.4282569885254,754.4455528259277,,False,2026-09-29T05:13:13.441345+00:00,True,crossed_back_above_zero,-0.13381285695996337,59.908955574035645
6256,1790660566.1504407,2026-09-29T05:42:46.150441+00:00,XPL|lighter:71|hyperliquid:XPL,XPL,crypto,lighter:71,hyperliquid:XPL,1000,10421,999.9234979999999,1001.456768,0.09595273946838115,0.09609987218117264,0,4.5,0.4506555456,1.0826144544001295,10.826972829076666,0.4506555456,0.49996174899999996,0.13199715980012955,1.3200725861942846,USDC,USDC,233.36482048034668,687.5078678131104,,False,2026-09-29T05:13:13.441345+00:00,True,crossed_back_above_zero,-0.2610992958999457,80.01347947120667
6677,1790660685.1643248,2026-09-29T05:44:45.164325+00:00,CRCL|hyperliquid:xyz:CRCL|rh_lighter:24,CRCL,RWA/xyz,hyperliquid:xyz:CRCL,rh_lighter:24,1000,11.724,999.9634080000001,1000.655124,85.292,85.351,0.9,0,0.08999670672000001,0.6017192932799285,6.017413121980244,0.08999670672000001,0.49998170399999997,0.011740882559928445,0.11741312198024394,USDC,USDG,491.15872383117676,380.39636611938477,,False,2026-09-29T05:13:13.441345+00:00,True,crossed_back_above_zero,-0.0865564830400839,59.85096573829651
6725,1790660701.3923156,2026-09-29T05:45:01.392316+00:00,META|hyperliquid:xyz:META|lighter:117,META,RWA/xyz,hyperliquid:xyz:META,lighter:117,1000,1.406,999.93314,1000.67832,711.19,711.72,0.9,0,0.08999398260000001,0.6551860174000048,6.552298260661757,0.08999398260000001,0.49996656999999994,0.06522546480000485,0.6522982606617563,USDC,USDC,150.93255043029785,846.383810043335,,False,2026-09-29T05:13:13.441345+00:00,True,crossed_back_above_zero,-0.007266988399986629,80.76392388343811
6773,1790660721.584547,2026-09-29T05:45:21.584547+00:00,NBIS|hyperliquid:xyz:NBIS|lighter:189,NBIS,RWA/xyz,hyperliquid:xyz:NBIS,lighter:189,1000,4.35,997.9769999999999,998.7164999999999,229.42,229.59,0.9,0,0.08981792999999999,0.649682070000021,6.509990410600857,0.08981792999999999,0.49898849999999995,0.0608756400000211,0.6099904106008567,USDC,USDC,163.91348838806152,420.6273555755615,,False,2026-09-29T05:13:13.441345+00:00,True,crossed_back_above_zero,-0.03183514000000365,80.94279026985168
6991,1790660782.2983794,2026-09-29T05:46:22.298379+00:00,XAG|hyperliquid:xyz:SILVER|rh_lighter:41,XAG,RWA/xyz,hyperliquid:xyz:SILVER,rh_lighter:41,1000,16.46,999.4182800000001,1000.119472,60.718,60.76059975698663,0.9,0,0.08994764520000001,0.6112443547998782,6.116001348303115,0.08994764520000001,0.49970914000000005,0.02158756959987812,0.2160013483031161,USDC,USDG,292.405366897583,657.4482917785645,,False,2026-09-29T05:13:13.441345+00:00,True,crossed_back_above_zero,-0.11038134079990525,60.055309534072876
7061,1790660796.3057969,2026-09-29T05:46:36.305797+00:00,CRCL|hyperliquid:xyz:CRCL|lighter:121,CRCL,RWA/xyz,hyperliquid:xyz:CRCL,lighter:121,1000,11.737,999.9924000000001,1000.6792459999999,85.2,85.25851972394989,0.9,0,0.08999931600000001,0.5968466839998322,5.9685122006910465,0.08999931600000001,0.49999620000000006,0.006851167999832153,0.06851220069104677,USDC,USDC,149.22428131103516,606.8642139434814,,False,2026-09-29T05:13:13.441345+00:00,True,crossed_back_above_zero,-0.2695038105598794,80.07882952690125
7116,1790660807.1512346,2026-09-29T05:46:47.151235+00:00,XPL|lighter:71|hyperliquid:XPL,XPL,crypto,lighter:71,hyperliquid:XPL,1000,10417,999.9074899999999,1001.3744659999999,0.09598804742248247,0.09612887261207641,0,4.5,0.45061850969999995,1.0163574902999315,10.16451522230253,0.45061850969999995,0.499953745,0.06578523559993155,0.6579132195512561,USDC,USDC,483.56175422668457,650.3121852874756,,False,2026-09-29T05:13:13.441345+00:00,True,crossed_back_above_zero,-0.29602634059975713,80.40558433532715
7146,1790660816.3212118,2026-09-29T05:46:56.321212+00:00,HBAR|lighter:59|hyperliquid:HBAR,HBAR,crypto,lighter:59,hyperliquid:HBAR,1000,8409,999.99828,1001.5701199999999,0.11892,0.11910692353430846,0,4.5,0.450706554,1.1211334459998383,11.211353743526821,0.450706554,0.49999914,0.1704277519998384,1.7042804513607603,USDC,USDC,155.28178215026855,835.2828025817871,,False,2026-09-29T05:13:13.441345+00:00,True,crossed_back_above_zero,-0.18753048500011454,80.16157627105713
7325,1790660866.364965,2026-09-29T05:47:46.364965+00:00,INTC|hyperliquid:xyz:INTC|rh_lighter:30,INTC,RWA/xyz,hyperliquid:xyz:INTC,rh_lighter:30,1000,8.74,999.8560000000001,1000.5552,114.4,114.48,0.9,0,0.08998704000000002,0.6092129599999052,6.093006993006044,0.08998704000000002,0.49992800000000004,0.019297919999905155,0.1930069930060444,USDC,USDG,352.9186248779297,806.0324192047119,,False,2026-09-29T05:13:13.441345+00:00,True,crossed_back_above_zero,-0.06816151199998344,60.05031156539917
7469,1790660912.4501693,2026-09-29T05:48:32.450169+00:00,NEAR|hyperliquid:NEAR|lighter:10,NEAR,crypto,hyperliquid:NEAR,lighter:10,1000,212.9,999.5442099999999,1001.181411,4.6949,4.70259,4.5,0,0.44979489449999993,1.1874061055001184,11.879475601185447,0.44979489449999993,0.4997721049999999,0.2378391060001186,2.3794756011854505,USDC,USDC,151.21841430664062,706.235408782959,,False,2026-09-29T05:13:13.441345+00:00,True,crossed_back_above_zero,-0.4968553199999553,80.10029149055481
8002,1790661056.5683181,2026-09-29T05:50:56.568318+00:00,HBAR|lighter:59|hyperliquid:HBAR,HBAR,crypto,lighter:59,hyperliquid:HBAR,1000,8421,999.90954,1001.55116,0.11874,0.11893494359339746,0,4.5,0.4506980219999999,1.1909219779999891,11.91029718548329,0.4506980219999999,0.49995477,0.24026918599998925,2.4029092271685824,USDC,USDC,157.5303077697754,590.3832912445068,,False,2026-09-29T05:13:13.441345+00:00,True,crossed_back_above_zero,-0.2953460199999454,80.0663628578186
8061,1790661082.470893,2026-09-29T05:51:22.470893+00:00,XAG|hyperliquid:xyz:SILVER|rh_lighter:41,XAG,RWA/xyz,hyperliquid:xyz:SILVER,rh_lighter:41,1000,16.46,999.54996,1000.362376,60.726,60.775356986634264,0.9,0,0.0899594964,0.7224565035999847,7.227817843141974,0.0899594964,0.49977498000000004,0.13272202719998466,1.327817843141974,USDC,USDG,466.9067859649658,499.96471405029297,,False,2026-09-29T05:13:13.441345+00:00,True,crossed_back_above_zero,-0.05896391760004199,59.99694085121155
8173,1790661104.9697897,2026-09-29T05:51:44.969790+00:00,CRCL|hyperliquid:xyz:CRCL|rh_lighter:24,CRCL,RWA/xyz,hyperliquid:xyz:CRCL,rh_lighter:24,1000,11.700,999.9521999999998,1000.8882,85.466,85.546,0.9,0,0.08999569799999999,0.8460043020001492,8.460447429388617,0.08999569799999999,0.4999761,0.25603250400014926,2.560447429388618,USDC,USDG,289.83616828918457,380.8584213256836,,False,2026-09-29T05:13:13.441345+00:00,True,crossed_back_above_zero,-0.05965716063998738,59.71545147895813
8223,1790661121.9840698,2026-09-29T05:52:01.984070+00:00,NBIS|hyperliquid:xyz:NBIS|lighter:189,NBIS,RWA/xyz,hyperliquid:xyz:NBIS,lighter:189,1000,4.35,998.9812999999999,999.804,229.6508735632184,229.84,0.9,0,0.089908317,0.7327916830000544,7.335389391173332,0.089908317,0.4994906499999999,0.14339271600005443,1.4353893911733326,USDC,USDC,153.62048149108887,708.134651184082,,False,2026-09-29T05:13:13.441345+00:00,True,crossed_back_above_zero,-0.2037249239998118,79.82564687728882
8437,1790661182.016897,2026-09-29T05:53:02.016897+00:00,META|hyperliquid:xyz:META|lighter:117,META,RWA/xyz,hyperliquid:xyz:META,lighter:117,1000,1.405,999.5450999999999,1000.2475999999999,711.42,711.92,0.9,0,0.089959059,0.6125409409999863,6.1281971268728785,0.089959059,0.49977255,0.02280933199998636,0.2281971268728781,USDC,USDC,160.19010543823242,507.965087890625,,False,2026-09-29T05:13:13.441345+00:00,True,crossed_back_above_zero,-0.08950468200010692,79.85980224609375
8858,1790661296.7717562,2026-09-29T05:54:56.771756+00:00,HBAR|lighter:59|hyperliquid:HBAR,HBAR,crypto,lighter:59,hyperliquid:HBAR,1000,8410,999.9490000000001,1001.5078000000001,0.1189,0.11908535077288943,0,4.5,0.45067851000000003,1.1081214900000194,11.081780070783802,0.45067851000000003,0.4999745000000001,0.15746848000001923,1.5747651130209561,USDC,USDC,152.68707275390625,397.8288173675537,,False,2026-09-29T05:13:13.441345+00:00,True,crossed_back_above_zero,-0.14783604200004513,80.068026304245
8957,1790661330.4990768,2026-09-29T05:55:30.499077+00:00,AAPL|hyperliquid:xyz:AAPL|rh_lighter:10,AAPL,RWA/xyz,hyperliquid:xyz:AAPL,rh_lighter:10,1000,2.963,999.68657,1000.39769,337.39,337.63,0.9,0,0.08997179129999999,0.6211482087000508,6.213429562228198,0.08997179129999999,0.499843285,0.03133313240005081,0.3134295622281973,USDC,USDG,473.2170104980469,641.1542892456055,,False,2026-09-29T05:13:13.441345+00:00,True,crossed_back_above_zero,-0.05820771400015712,60.01180386543274
9211,1790661398.5379856,2026-09-29T05:56:38.537986+00:00,SAMSUNGUSD|hyperliquid:xyz:SMSN|lighter:162,SAMSUNGUSD,RWA/xyz,hyperliquid:xyz:SMSN,lighter:162,1000,5.021,999.9238999999999,1000.891161,199.14835690101572,199.341,0.9,0,0.089993151,0.8772678490001213,8.773346141642593,0.089993151,0.49996195,0.2873127480001213,2.8733461416425925,USDC,USDC,149.22356605529785,538.0587577819824,,False,2026-09-29T05:13:13.441345+00:00,True,crossed_back_above_zero,-0.08723999520005982,80.39817643165588
9307,1790661431.7459936,2026-09-29T05:57:11.745994+00:00,INTC|hyperliquid:xyz:INTC|lighter:137,INTC,RWA/xyz,hyperliquid:xyz:INTC,lighter:137,1000,8.71,999.3854,1000.0822000000001,114.74,114.82,0.9,0,0.089944686,0.606855314000053,6.072285166463839,0.089944686,0.4996927,0.017217928000053062,0.1722851664638393,USDC,USDC,153.3968448638916,811.0671043395996,,False,2026-09-29T05:13:13.441345+00:00,True,crossed_back_above_zero,-0.1555559839998673,79.89019131660461
9374,1790661448.1680167,2026-09-29T05:57:28.168017+00:00,XPL|lighter:71|hyperliquid:XPL,XPL,crypto,lighter:71,hyperliquid:XPL,1000,10338,999.976619,1001.4977859999999,0.09672824714645,0.09687539040433352,0,4.5,0.45067400369999994,1.0704929962998777,10.705180260818455,0.45067400369999994,0.4999883095,0.11983068309987782,1.198334849265889,USDC,USDC,404.39867973327637,541.0926342010498,,False,2026-09-29T05:13:13.441345+00:00,True,crossed_back_above_zero,-0.1416658270000048,80.51310014724731
9420,1790661457.5021203,2026-09-29T05:57:37.502120+00:00,HBAR|lighter:59|hyperliquid:HBAR,HBAR,crypto,lighter:59,hyperliquid:HBAR,1000,8387,999.89814,1001.57371,0.11922,0.11941978180517468,0,4.5,0.4507081695,1.2248618304999934,12.249866076358472,0.4507081695,0.49994907000000005,0.27420459099999345,2.7423252432492116,USDC,USDC,561.6180896759033,415.19832611083984,,False,2026-09-29T05:13:13.441345+00:00,True,crossed_back_above_zero,-0.14158181700000994,79.95435452461243
9463,1790661466.1865985,2026-09-29T05:57:46.186599+00:00,INTC|hyperliquid:xyz:INTC|rh_lighter:30,INTC,RWA/xyz,hyperliquid:xyz:INTC,rh_lighter:30,1000,8.71,999.7338000000001,1000.5177000000001,114.78,114.87,0.9,0,0.089976042,0.6939239580000169,6.941087297438747,0.089976042,0.49986690000000006,0.1040810160000169,1.041087297438747,USDC,USDG,154.89935874938965,422.7285385131836,,False,2026-09-29T05:13:13.441345+00:00,True,crossed_back_above_zero,-0.07027511999996261,60.00328469276428
10542,1790661768.1937099,2026-09-29T06:02:48.193710+00:00,XPL|lighter:71|hyperliquid:XPL,XPL,crypto,lighter:71,hyperliquid:XPL,1000,10331,999.917301,1001.343856,0.09678804578453198,0.09692613067466847,0,4.5,0.45060473519999994,0.9759502648000076,9.760309815861538,0.45060473519999994,0.49995865049999993,0.025386879100007642,0.25388978743160723,USDC,USDC,294.5742607116699,781.782865524292,,False,2026-09-29T05:13:13.441345+00:00,True,crossed_back_above_zero,-0.06547371720009143,79.94608211517334
10568,1790661777.5464928,2026-09-29T06:02:57.546493+00:00,HBAR|lighter:59|hyperliquid:HBAR,HBAR,crypto,lighter:59,hyperliquid:HBAR,1000,8410,999.9661379999999,1001.7114999999999,0.11890203781212841,0.11910957193816883,0,4.5,0.45077017499999994,1.2945918250000001,12.946356639528531,0.45077017499999994,0.499983069,0.3438385810000002,3.4385022445630073,USDC,USDC,151.61824226379395,274.57547187805176,,False,2026-09-29T05:13:13.441345+00:00,True,crossed_back_above_zero,-0.12658541500020304,80.03349804878235
10839,1790661862.304954,2026-09-29T06:04:22.304954+00:00,XAG|hyperliquid:xyz:SILVER|rh_lighter:41,XAG,RWA/xyz,hyperliquid:xyz:SILVER,rh_lighter:41,1000,16.42,999.9780000000001,1000.7940740000001,60.9,60.9497,0.9,0,0.08999802000000001,0.7260759800000715,7.260919540230598,0.08999802000000001,0.499989,0.13608896000007142,1.3609195402305994,USDC,USDG,444.40174102783203,652.0297527313232,,False,2026-09-29T05:13:13.441345+00:00,True,crossed_back_above_zero,-0.09218219039996717,60.004838943481445
10923,1790661879.1792605,2026-09-29T06:04:39.179260+00:00,SAMSUNGUSD|hyperliquid:xyz:SMSN|lighter:162,SAMSUNGUSD,RWA/xyz,hyperliquid:xyz:SMSN,lighter:162,1000,4.998,999.9998400000001,1001.164374,200.08,200.313,0.9,0,0.0899999856,1.0745340143998896,10.745341863253593,0.0899999856,0.49999992000000004,0.48453410879988956,4.845341863253593,USDC,USDC,234.16733741760254,754.3275356292725,,False,2026-09-29T05:13:13.441345+00:00,True,crossed_back_above_zero,-0.3651818136001986,79.9797830581665
10959,1790661886.5903137,2026-09-29T06:04:46.590314+00:00,INTC|hyperliquid:xyz:INTC|rh_lighter:30,INTC,RWA/xyz,hyperliquid:xyz:INTC,rh_lighter:30,1000,8.68,999.936,1000.7172,115.2,115.29,0.9,0,0.08999424,0.6912057600000125,6.912500000000125,0.08999424,0.499968,0.10124352000001252,1.0125000000001252,USDC,USDG,548.1576919555664,514.3826007843018,,False,2026-09-29T05:13:13.441345+00:00,True,crossed_back_above_zero,-0.07244998800011782,60.28735709190369
11029,1790661917.7965813,2026-09-29T06:05:17.796581+00:00,CRCL|hyperliquid:xyz:CRCL|lighter:121,CRCL,RWA/xyz,hyperliquid:xyz:CRCL,lighter:121,1000,11.653,999.990542,1000.701375,85.814,85.875,0.9,0,0.08999914878000001,0.6208338512199796,6.208397231220808,0.08999914878000001,0.49999527099999996,0.03083943143997958,0.3083972312208087,USDC,USDC,151.39293670654297,485.6593608856201,,False,2026-09-29T05:13:13.441345+00:00,True,crossed_back_above_zero,-0.15592934479994847,80.17685651779175
11084,1790661928.4716327,2026-09-29T06:05:28.471633+00:00,XPL|lighter:71|hyperliquid:XPL,XPL,crypto,lighter:71,hyperliquid:XPL,1000,10325,999.978622,1001.744558,0.09685022973365617,0.09702126469733656,0,4.5,0.45078505109999994,1.3151509489000106,13.151790647980578,0.45078505109999994,0.499989311,0.3643765868000106,3.643843766092138,USDC,USDC,152.40740776062012,258.697509765625,,False,2026-09-29T05:13:13.441345+00:00,True,crossed_back_above_zero,-0.13111984280006855,80.33906030654907
11381,1790662005.203956,2026-09-29T06:06:45.203956+00:00,CRCL|hyperliquid:xyz:CRCL|rh_lighter:24,CRCL,RWA/xyz,hyperliquid:xyz:CRCL,rh_lighter:24,1000,11.649,999.9618089999999,1000.6491,85.841,85.9,0.9,0,0.08999656280999999,0.5972944371900729,5.973172493331422,0.08999656280999999,0.4999809045,0.00731696988007291,0.07317249333142192,USDC,USDG,492.2597408294678,600.0330448150635,,False,2026-09-29T05:13:13.441345+00:00,True,crossed_back_above_zero,-0.09740746920009646,60.23358130455017
11387,1790662006.5190523,2026-09-29T06:06:46.519052+00:00,INTC|hyperliquid:xyz:INTC|rh_lighter:30,INTC,RWA/xyz,hyperliquid:xyz:INTC,rh_lighter:30,1000,8.68,999.8492,1000.6304,115.19,115.28,0.9,0,0.08998642800000001,0.6912135720000125,6.913178227276799,0.08998642800000001,0.4999246,0.10130254400001254,1.0131782272767988,USDC,USDG,460.7717990875244,346.1270332336426,,False,2026-09-29T05:13:13.441345+00:00,True,crossed_back_above_zero,-0.056507407999957404,60.03407382965088
11695,1790662102.4968932,2026-09-29T06:08:22.496893+00:00,XAG|hyperliquid:xyz:SILVER|rh_lighter:41,XAG,RWA/xyz,hyperliquid:xyz:SILVER,rh_lighter:41,1000,16.41,999.50028,1000.2567809999999,60.908,60.9541,0.9,0,0.0899550252,0.6665459747999575,6.668792276876176,0.0899550252,0.49975014,0.07684080959995748,0.7687922768761755,USDC,USDG,469.0208435058594,334.9618911743164,,False,2026-09-29T05:13:13.441345+00:00,True,crossed_back_above_zero,-0.0387682591999613,59.99889945983887
12009,1790662182.557174,2026-09-29T06:09:42.557174+00:00,META|hyperliquid:xyz:META|rh_lighter:13,META,RWA/xyz,hyperliquid:xyz:META,rh_lighter:13,1000,1.400,999.404,1000.2270510000001,713.86,714.4478935714287,0.9,0,0.08994636,0.7331046400000777,7.335418309313128,0.08994636,0.49970200000000004,0.14345628000007765,1.435418309313127,USDC,USDG,520.1787948608398,807.2423934936523,,False,2026-09-29T05:13:13.441345+00:00,True,crossed_back_above_zero,-0.09154582320007182,59.876617670059204
12021,1790662185.194724,2026-09-29T06:09:45.194724+00:00,CRCL|hyperliquid:xyz:CRCL|rh_lighter:24,CRCL,RWA/xyz,hyperliquid:xyz:CRCL,rh_lighter:24,1000,11.621,999.9986710000001,1000.753964,86.051,86.11599380431976,0.9,0,0.08999988039000001,0.6652931196099379,6.652940037856689,0.08999988039000001,0.49999933550000003,0.07529390371993788,0.7529400378566891,USDC,USDG,474.8854637145996,730.8022975921631,,False,2026-09-29T05:13:13.441345+00:00,True,crossed_back_above_zero,-0.0483662473600574,59.68224096298218
12027,1790662186.186587,2026-09-29T06:09:46.186587+00:00,INTC|hyperliquid:xyz:INTC|rh_lighter:30,INTC,RWA/xyz,hyperliquid:xyz:INTC,rh_lighter:30,1000,8.66,999.5314000000001,1000.23,115.41933025404158,115.5,0.9,0,0.089957826,0.6086421739999421,6.0892751743461195,0.089957826,0.49976570000000003,0.018918647999942084,0.18927517434611943,USDC,USDG,151.57341957092285,656.6634178161621,,False,2026-09-29T05:13:13.441345+00:00,True,crossed_back_above_zero,-0.3017316360000708,59.64458203315735
12059,1790662194.5279908,2026-09-29T06:09:54.527991+00:00,NEAR|hyperliquid:NEAR|lighter:10,NEAR,crypto,hyperliquid:NEAR,lighter:10,1000,211.7,999.60778,1001.391808,4.721812848370336,4.73024,4.5,0,0.449823501,1.334204498999921,13.347280060184417,0.449823501,0.49980389000000003,0.38457710799992106,3.8472800601844157,USDC,USDC,151.92008018493652,413.0542278289795,,False,2026-09-29T05:13:13.441345+00:00,True,crossed_back_above_zero,-0.004097826000055538,80.35338711738586
12121,1790662222.174834,2026-09-29T06:10:22.174834+00:00,XAG|hyperliquid:xyz:SILVER|rh_lighter:41,XAG,RWA/xyz,hyperliquid:xyz:SILVER,rh_lighter:41,1000,16.40,999.4979999999999,1000.3147199999999,60.945,60.9948,0.9,0,0.08995481999999999,0.7267651799999184,7.271301993599971,0.08995481999999999,0.499749,0.13706135999991842,1.3713019935999713,USDC,USDG,149.53160285949707,648.9007472991943,,False,2026-09-29T05:13:13.441345+00:00,True,crossed_back_above_zero,-0.018671727999967136,59.67454504966736
12131,1790662224.1847212,2026-09-29T06:10:24.184721+00:00,META|hyperliquid:xyz:META|lighter:117,META,RWA/xyz,hyperliquid:xyz:META,lighter:117,1000,1.400,999.726,1000.412998,714.09,714.5807128571429,0.9,0,0.08997534,0.5970226600000169,5.971862890432148,0.08997534,0.499863,0.007184320000016953,0.07186289043214794,USDC,USDC,456.3460350036621,570.8160400390625,,False,2026-09-29T05:13:13.441345+00:00,True,crossed_back_above_zero,-0.07753273199993604,80.65534019470215
12280,1790662258.625899,2026-09-29T06:10:58.625899+00:00,HBAR|lighter:59|hyperliquid:HBAR,HBAR,crypto,lighter:59,hyperliquid:HBAR,1000,8385,999.9766,1001.6217300000001,0.11925779367918903,0.11945399284436495,0,4.5,0.45072977850000007,1.1944002215001084,11.944281711193128,0.45072977850000007,0.4999883,0.24368214300010832,2.4368784529568823,USDC,USDC,195.30415534973145,439.96667861938477,,False,2026-09-29T05:13:13.441345+00:00,True,crossed_back_above_zero,-0.037348997000055784,80.10613083839417
12629,1790662358.3120637,2026-09-29T06:12:38.312064+00:00,MSFT|hyperliquid:xyz:MSFT|rh_lighter:14,MSFT,RWA/xyz,hyperliquid:xyz:MSFT,rh_lighter:14,1000,1.971,999.6714900000001,1000.5042340000001,507.19,507.6124982242517,0.9,0,0.08997043410000001,0.7427735659000478,7.4301765462977025,0.08997043410000001,0.49983574500000005,0.15296738680004773,1.5301765462977015,USDC,USDG,261.13224029541016,405.12871742248535,,False,2026-09-29T05:13:13.441345+00:00,True,crossed_back_above_zero,-0.09692744720009111,60.11254906654358
12655,1790662363.5465438,2026-09-29T06:12:43.546544+00:00,AMZN|hyperliquid:xyz:AMZN|rh_lighter:11,AMZN,RWA/xyz,hyperliquid:xyz:AMZN,rh_lighter:11,1000,4.064,999.8659200000001,1000.565461,246.03,246.2021311515748,0.9,0,0.0899879328,0.6095530671999538,6.09634807034881,0.0899879328,0.49993296,0.019632174399953906,0.1963480703488114,USDC,USDG,149.48439598083496,328.6163806915283,,False,2026-09-29T05:13:13.441345+00:00,True,crossed_back_above_zero,-0.021112038800033872,60.017887592315674
12797,1790662410.208515,2026-09-29T06:13:30.208515+00:00,AAPL|hyperliquid:xyz:AAPL|rh_lighter:10,AAPL,RWA/xyz,hyperliquid:xyz:AAPL,rh_lighter:10,1000,2.964,999.9054000000001,1000.6173519999999,337.35,337.5901997300944,0.9,0,0.08999148600000001,0.6219605139997693,6.220193570309443,0.08999148600000001,0.4999527,0.03201632799976928,0.320193570309444,USDC,USDG,157.5753688812256,375.5788803100586,,False,2026-09-29T05:13:13.441345+00:00,True,crossed_back_above_zero,-0.027967164400057642,59.97112154960632
12803,1790662411.54589,2026-09-29T06:13:31.545890+00:00,GOOGL|hyperliquid:xyz:GOOGL|rh_lighter:12,GOOGL,RWA/xyz,hyperliquid:xyz:GOOGL,rh_lighter:12,1000,2.919,999.90345,1000.74996,342.55,342.84,0.9,0,0.0899913105,0.7565186894999666,7.5659173843231216,0.0899913105,0.499951725,0.1665756539999666,1.6659173843231223,USDC,USDG,157.81569480895996,651.9532203674316,,False,2026-09-29T05:13:13.441345+00:00,True,crossed_back_above_zero,-0.008014055599999959,60.01539587974548
13925,1790662726.4988477,2026-09-29T06:18:46.498848+00:00,INTC|hyperliquid:xyz:INTC|rh_lighter:30,INTC,RWA/xyz,hyperliquid:xyz:INTC,rh_lighter:30,1000,8.66,999.4506,1000.1433999999999,115.41,115.49,0.9,0,0.089950554,0.6028494459999202,6.031808335498725,0.089950554,0.4997253,0.013173591999920242,0.13180833549872542,USDC,USDG,433.89010429382324,552.9201030731201,,False,2026-09-29T06:13:15.714294+00:00,True,crossed_back_above_zero,-0.28150881999988964,60.11932897567749
14011,1790662761.7757287,2026-09-29T06:19:21.775729+00:00,SAMSUNGUSD|hyperliquid:xyz:SMSN|lighter:162,SAMSUNGUSD,RWA/xyz,hyperliquid:xyz:SMSN,lighter:162,1000,4.977,999.92907,1000.6756200000001,200.91,201.06,0.9,0,0.08999361630000001,0.6565563837000702,6.566029565477781,0.08999361630000001,0.499964535,0.06659823240007018,0.6660295654777811,USDC,USDC,151.97038650512695,701.8041610717773,,False,2026-09-29T06:13:15.714294+00:00,True,crossed_back_above_zero,-0.00735343199982208,80.2095320224762
14383,1790662864.5251682,2026-09-29T06:21:04.525168+00:00,META|hyperliquid:xyz:META|lighter:117,META,RWA/xyz,hyperliquid:xyz:META,lighter:117,1000,1.399,999.8653,1000.57879,714.7,715.21,0.9,0,0.08998787700000001,0.6235021229999789,6.235861200503496,0.08998787700000001,0.49993265000000003,0.03358159599997884,0.33586120050349627,USDC,USDC,149.70064163208008,417.2666072845459,,False,2026-09-29T06:13:15.714294+00:00,True,crossed_back_above_zero,-0.1761732719999815,80.06614351272583
14752,1790662965.270344,2026-09-29T06:22:45.270344+00:00,AMZN|hyperliquid:xyz:AMZN|rh_lighter:11,AMZN,RWA/xyz,hyperliquid:xyz:AMZN,rh_lighter:11,1000,4.064,999.8659200000001,1000.6061010000001,246.03,246.21213115157482,0.9,0,0.0899879328,0.6501930672000069,6.502802567768355,0.0899879328,0.49993296,0.060272174400006984,0.6028025677683562,USDC,USDG,539.8516654968262,312.4361038208008,,False,2026-09-29T06:13:15.714294+00:00,True,crossed_back_above_zero,-0.02964119039994656,60.03382110595703
14791,1790662979.2821603,2026-09-29T06:22:59.282160+00:00,HBAR|lighter:59|hyperliquid:HBAR,HBAR,crypto,lighter:59,hyperliquid:HBAR,1000,8461,999.972407,1001.7164700000001,0.1181860781231533,0.11839220777685854,0,4.5,0.4507724115,1.2932905885000965,12.933262752520095,0.4507724115,0.4999862035,0.34253197350009645,3.4254142524564326,USDC,USDC,152.45580673217773,562.2639656066895,,False,2026-09-29T06:13:15.714294+00:00,True,crossed_back_above_zero,-0.1611902849999835,80.06190156936646
14845,1790663002.5293672,2026-09-29T06:23:22.529367+00:00,XAG|hyperliquid:xyz:SILVER|rh_lighter:41,XAG,RWA/xyz,hyperliquid:xyz:SILVER,rh_lighter:41,1000,16.43,999.91337,1000.659292,60.859,60.9044,0.9,0,0.0899922033,0.6559297967000641,6.559866248213724,0.0899922033,0.499956685,0.0659809084000641,0.6598662482137237,USDC,USDG,474.96843338012695,284.43336486816406,,False,2026-09-29T06:13:15.714294+00:00,True,crossed_back_above_zero,-0.0032800591998637385,60.000662088394165
15151,1790663082.3798134,2026-09-29T06:24:42.379813+00:00,SAMSUNGUSD|hyperliquid:xyz:SMSN|lighter:162,SAMSUNGUSD,RWA/xyz,hyperliquid:xyz:SMSN,lighter:162,1000,4.980,999.8375700000001,1000.52682,200.77059638554218,200.909,0.9,0,0.08998538130000001,0.5992646186999018,5.993619730651867,0.08998538130000001,0.49991878500000003,0.009360452399901742,0.0936197306518672,USDC,USDC,487.54000663757324,841.907262802124,,False,2026-09-29T06:13:15.714294+00:00,True,crossed_back_above_zero,-0.17182656840000454,80.18803787231445
15261,1790663122.6060057,2026-09-29T06:25:22.606006+00:00,XAG|hyperliquid:xyz:SILVER|rh_lighter:41,XAG,RWA/xyz,hyperliquid:xyz:SILVER,rh_lighter:41,1000,16.43,999.9790899999999,1000.679008,60.863,60.9056,0.9,0,0.0899981181,0.6099198819000251,6.099326355914354,0.0899981181,0.499989545,0.019932218800025103,0.19932635591435321,USDC,USDG,528.8782119750977,426.0697364807129,,False,2026-09-29T06:13:15.714294+00:00,True,crossed_back_above_zero,-0.05773067800006543,60.079872846603394
15482,1790663185.561846,2026-09-29T06:26:25.561846+00:00,META|hyperliquid:xyz:META|lighter:117,META,RWA/xyz,hyperliquid:xyz:META,lighter:117,1000,1.398,999.69582,1000.39482,715.09,715.59,0.9,0,0.08997262380000001,0.6090273761999554,6.092126865149394,0.08997262380000001,0.49984791000000006,0.019206842399955293,0.1921268651493941,USDC,USDC,433.12573432922363,677.9143810272217,,False,2026-09-29T06:13:15.714294+00:00,True,crossed_back_above_zero,-0.008667599999938158,80.83666372299194
15512,1790663191.577814,2026-09-29T06:26:31.577814+00:00,GOOGL|hyperliquid:xyz:GOOGL|rh_lighter:12,GOOGL,RWA/xyz,hyperliquid:xyz:GOOGL,rh_lighter:12,1000,2.919,999.83413,1000.5607449999999,342.5262521411442,342.7751781431997,0.9,0,0.0899850717,0.6366299282999243,6.367355436245453,0.0899850717,0.499917065,0.04672779159992424,0.46735543624545245,USDC,USDG,181.07318878173828,764.8916244506836,,False,2026-09-29T06:13:15.714294+00:00,True,crossed_back_above_zero,-0.025875892399937928,60.02600979804993
15580,1790663205.2462897,2026-09-29T06:26:45.246290+00:00,AMZN|hyperliquid:xyz:AMZN|rh_lighter:11,AMZN,RWA/xyz,hyperliquid:xyz:AMZN,rh_lighter:11,1000,4.065,999.7867500000001,1000.5591000000001,245.95,246.14,0.9,0,0.08998080750000001,0.6823691924999603,6.825147387680025,0.08998080750000001,0.49989337500000003,0.09249500999996024,0.925147387680025,USDC,USDG,474.8818874359131,334.35750007629395,,False,2026-09-29T06:13:15.714294+00:00,True,crossed_back_above_zero,-0.021006825600101753,60.02675485610962
15708,1790663249.1994228,2026-09-29T06:27:29.199423+00:00,AAPL|hyperliquid:xyz:AAPL|rh_lighter:10,AAPL,RWA/xyz,hyperliquid:xyz:AAPL,rh_lighter:10,1000,2.964,999.9054000000001,1000.5872039999999,337.35,337.58002834008096,0.9,0,0.08999148600000001,0.5918125139998291,5.918685047603794,0.08999148600000001,0.4999527,0.0018683279998291669,0.018685047603794986,USDC,USDG,472.54228591918945,424.4871139526367,,False,2026-09-29T06:13:15.714294+00:00,True,crossed_back_above_zero,-0.05735458559990314,60.322492599487305
15983,1790663322.5592937,2026-09-29T06:28:42.559294+00:00,SAMSUNGUSD|hyperliquid:xyz:SMSN|lighter:162,SAMSUNGUSD,RWA/xyz,hyperliquid:xyz:SMSN,lighter:162,1000,4.979,999.81307,1000.5538610000001,200.80599919662583,200.95478228559952,0.9,0,0.08998317630000001,0.6508078237000584,6.509295019518583,0.08998317630000001,0.499906535,0.060918112400058455,0.6092950195185831,USDC,USDC,152.2350311279297,295.37177085876465,,False,2026-09-29T06:13:15.714294+00:00,True,crossed_back_above_zero,-0.6898874319998545,80.00957703590393
16126,1790663369.5370672,2026-09-29T06:29:29.537067+00:00,XPL|lighter:71|hyperliquid:XPL,XPL,crypto,lighter:71,hyperliquid:XPL,1000,10047,999.9558379999999,1001.396855,0.09952780312531102,0.09967123071563651,0,4.5,0.45062858474999995,0.9903884152501017,9.904321547149182,0.45062858474999995,0.49997791899999994,0.03978191150010174,0.39783668426466795,USDC,USDC,235.2898120880127,663.1355285644531,,False,2026-09-29T06:13:15.714294+00:00,True,crossed_back_above_zero,-0.42341179850010724,80.32122468948364
16149,1790663374.228421,2026-09-29T06:29:34.228421+00:00,MU|hyperliquid:xyz:MU|rh_lighter:31,MU,RWA/xyz,hyperliquid:xyz:MU,rh_lighter:31,1000,0.939,999.6593999999999,1000.40121,1064.6,1065.39,0.9,0,0.08996934599999999,0.6518406540001005,6.520627465715829,0.08996934599999999,0.49982969999999993,0.06204160800010061,0.620627465715829,USDC,USDG,153.33127975463867,518.4834003448486,,False,2026-09-29T06:13:15.714294+00:00,True,crossed_back_above_zero,-0.2798539599998886,59.97014760971069
16758,1790663551.5584831,2026-09-29T06:32:31.558483+00:00,GOOGL|hyperliquid:xyz:GOOGL|rh_lighter:12,GOOGL,RWA/xyz,hyperliquid:xyz:GOOGL,rh_lighter:12,1000,2.918,999.82352,1000.5355050000001,342.64,342.88399760109667,0.9,0,0.0899841168,0.622000883200027,6.221106732916494,0.0899841168,0.49991176000000004,0.032105006400027,0.32110673291649516,USDC,USDG,158.18047523498535,316.55120849609375,,False,2026-09-29T06:13:15.714294+00:00,True,crossed_back_above_zero,-0.058488450400008274,59.998756647109985
16816,1790663563.226859,2026-09-29T06:32:43.226859+00:00,SAMSUNGUSD|hyperliquid:xyz:SMSN|lighter:162,SAMSUNGUSD,RWA/xyz,hyperliquid:xyz:SMSN,lighter:162,1000,4.981,999.8701599999999,1000.862216,200.7368319614535,200.936,0.9,0,0.0899883144,0.9020676856000478,9.02184825277762,0.0899883144,0.49993508000000003,0.3121442912000478,3.1218482527776183,USDC,USDC,317.51227378845215,515.9316062927246,,False,2026-09-29T06:13:15.714294+00:00,True,crossed_back_above_zero,-0.08811743720004866,79.96034336090088
17011,1790663620.6098955,2026-09-29T06:33:40.609895+00:00,HBAR|lighter:59|hyperliquid:HBAR,HBAR,crypto,lighter:59,hyperliquid:HBAR,1000,8524,999.957727,1001.4990399999999,0.11731085488033786,0.11749167526982636,0,4.5,0.450674568,1.0906384319999456,10.90684538507442,0.450674568,0.4999788635,0.13998500049994567,1.399909183360365,USDC,USDC,151.7477035522461,455.9626579284668,,False,2026-09-29T06:13:15.714294+00:00,True,crossed_back_above_zero,-0.22185703799995055,80.16236901283264
17034,1790663625.2901542,2026-09-29T06:33:45.290154+00:00,AMZN|hyperliquid:xyz:AMZN|rh_lighter:11,AMZN,RWA/xyz,hyperliquid:xyz:AMZN,rh_lighter:11,1000,4.062,999.78006,1000.5924600000001,246.13,246.33,0.9,0,0.08998020540000001,0.722419794600025,7.225787185633859,0.08998020540000001,0.49989003000000004,0.13254955920002492,1.3257871856338574,USDC,USDG,536.6013050079346,817.2228336334229,,False,2026-09-29T06:13:15.714294+00:00,True,crossed_back_above_zero,-0.030013305599934537,60.05888795852661
17075,1790663640.615596,2026-09-29T06:34:00.615596+00:00,PUMP|lighter:45|hyperliquid:PUMP,PUMP,crypto,lighter:45,hyperliquid:PUMP,1000,205240,999.998694,1001.6516300000001,0.0048723382089261354,0.004880391882673943,0,4.5,0.45074323350000006,1.2021927665000678,12.021943365658712,0.45074323350000006,0.49999934700000004,0.25145018600006763,2.5145051439443944,USDC,USDC,152.10628509521484,436.66672706604004,,False,2026-09-29T06:13:15.714294+00:00,True,crossed_back_above_zero,-1.4923782310999472,80.21274328231812
17751,1790663842.5348217,2026-09-29T06:37:22.534822+00:00,XAG|hyperliquid:xyz:SILVER|rh_lighter:41,XAG,RWA/xyz,hyperliquid:xyz:SILVER,rh_lighter:41,1000,16.40,999.4651999999999,1000.1971399999999,60.943,60.98763048780488,0.9,0,0.08995186799999999,0.6419881320000087,6.423316509669459,0.08995186799999999,0.4997325999999999,0.0523036640000088,0.5233165096694593,USDC,USDG,466.91298484802246,424.8940944671631,,False,2026-09-29T06:13:15.714294+00:00,True,crossed_back_above_zero,-0.023192096000062723,59.99785757064819
18165,1790663962.2594435,2026-09-29T06:39:22.259444+00:00,XAG|hyperliquid:xyz:SILVER|rh_lighter:41,XAG,RWA/xyz,hyperliquid:xyz:SILVER,rh_lighter:41,1000,16.39,999.4482500000001,1000.15058,60.97914887126297,61.022,0.9,0,0.08995034250000002,0.6123796574998471,6.1271772450434225,0.08995034250000002,0.4997241250000001,0.022705189999847053,0.22717724504342318,USDC,USDG,154.93512153625488,615.5107021331787,,False,2026-09-29T06:13:15.714294+00:00,True,crossed_back_above_zero,-0.00759319999996122,60.03924107551575
18173,1790663963.9004242,2026-09-29T06:39:23.900424+00:00,SAMSUNGUSD|hyperliquid:xyz:SMSN|lighter:162,SAMSUNGUSD,RWA/xyz,hyperliquid:xyz:SMSN,lighter:162,1000,4.979,999.96985,1000.848934,200.83748744727856,201.01404579232778,0.9,0,0.0899972865,0.7890867135000343,7.891105051817656,0.0899972865,0.4999849249999999,0.19910450200003438,1.9911050518176563,USDC,USDC,413.7740135192871,639.4920349121094,,False,2026-09-29T06:13:15.714294+00:00,True,crossed_back_above_zero,-0.28649118079998015,80.36910033226013
18336,1790664010.3385363,2026-09-29T06:40:10.338536+00:00,XPL|lighter:71|hyperliquid:XPL,XPL,crypto,lighter:71,hyperliquid:XPL,1000,10081,999.93439,1002.390084,0.09919,0.09943359627021128,0,4.5,0.4510755378,2.004618462199994,20.047499938470903,0.4510755378,0.499967195,1.053575729399994,10.536448590391958,USDC,USDC,153.5954475402832,457.60512351989746,,False,2026-09-29T06:13:15.714294+00:00,True,crossed_back_above_zero,-0.8023109160001293,79.70617985725403
18487,1790664045.2206604,2026-09-29T06:40:45.220660+00:00,AMZN|hyperliquid:xyz:AMZN|rh_lighter:11,AMZN,RWA/xyz,hyperliquid:xyz:AMZN,rh_lighter:11,1000,4.060,999.8155999999999,1000.5057999999999,246.26,246.43,0.9,0,0.08998340399999999,0.6002165960000043,6.00327296353452,0.08998340399999999,0.49990779999999996,0.010325392000004319,0.10327296353451897,USDC,USDG,457.2591781616211,714.733362197876,,False,2026-09-29T06:13:15.714294+00:00,True,crossed_back_above_zero,-0.06343783520003643,59.705862522125244
18661,1790664098.2518795,2026-09-29T06:41:38.251879+00:00,MSFT|hyperliquid:xyz:MSFT|rh_lighter:14,MSFT,RWA/xyz,hyperliquid:xyz:MSFT,rh_lighter:14,1000,1.971,999.57294,1000.30951,507.14,507.5137037037037,0.9,0,0.0899615646,0.6466084354000288,6.468846939774388,0.0899615646,0.49978647,0.05686040080002874,0.5688469397743875,USDC,USDG,320.4054832458496,449.92566108703613,,False,2026-09-29T06:13:15.714294+00:00,True,crossed_back_above_zero,-0.03438959920003032,60.004841804504395
18789,1790664142.231416,2026-09-29T06:42:22.231416+00:00,XAG|hyperliquid:xyz:SILVER|rh_lighter:41,XAG,RWA/xyz,hyperliquid:xyz:SILVER,rh_lighter:41,1000,16.40,999.9079999999999,1000.606,60.97,61.01256097560976,0.9,0,0.08999172,0.6080082800000928,6.080642219085084,0.08999172,0.4999539999999999,0.018062560000092875,0.1806422190850846,USDC,USDG,158.2200527191162,515.4898166656494,,False,2026-09-29T06:13:15.714294+00:00,True,crossed_back_above_zero,-0.02878555200000854,59.71991467475891
18946,1790664181.319611,2026-09-29T06:43:01.319611+00:00,HBAR|lighter:59|hyperliquid:HBAR,HBAR,crypto,lighter:59,hyperliquid:HBAR,1000,8478,999.958997,1001.42136,0.11794751085161594,0.11812,0,4.5,0.450639612,1.0117233880000958,10.117648733951995,0.450639612,0.49997949849999995,0.06110427750009578,0.6110678306152165,USDC,USDC,149.25551414489746,355.6833267211914,,False,2026-09-29T06:13:15.714294+00:00,True,crossed_back_above_zero,-0.15547632250010318,79.7592442035675
19168,1790664250.5953443,2026-09-29T06:44:10.595344+00:00,XPL|lighter:71|hyperliquid:XPL,XPL,crypto,lighter:71,hyperliquid:XPL,1000,10105,999.949697,1001.6278100000001,0.09895593240969817,0.099122,0,4.5,0.45073251450000007,1.227380485500053,12.274422295265248,0.45073251450000007,0.4999748485,0.2766731225000529,2.766870406882606,USDC,USDC,156.88228607177734,294.4145202636719,,False,2026-09-29T06:13:15.714294+00:00,True,crossed_back_above_zero,-0.02473448589994215,79.93808436393738
19759,1790664410.875783,2026-09-29T06:46:50.875783+00:00,XPL|lighter:71|hyperliquid:XPL,XPL,crypto,lighter:71,hyperliquid:XPL,1000,9972,999.906915,1001.32926,0.10027145156438026,0.10041408543922985,0,4.5,0.450598167,0.9717468329999502,9.718372964746926,0.450598167,0.4999534575,0.02119520849995027,0.2119718163960319,USDC,USDC,151.52597427368164,644.8564529418945,,False,2026-09-29T06:13:15.714294+00:00,True,crossed_back_above_zero,-1.0330195409998737,80.09765553474426
19777,1790664421.5741735,2026-09-29T06:47:01.574173+00:00,HBAR|lighter:59|hyperliquid:HBAR,HBAR,crypto,lighter:59,hyperliquid:HBAR,1000,8463,999.98808,1001.90041,0.11816,0.11838596360628618,0,4.5,0.4508551845,1.4614748154999972,14.61492236487456,0.4508551845,0.49999404,0.5106255909999973,5.106316777295959,USDC,USDC,180.0394058227539,587.2464179992676,,False,2026-09-29T06:13:15.714294+00:00,True,crossed_back_above_zero,-0.1042928800000052,80.01540040969849
20555,1790664643.239563,2026-09-29T06:50:43.239563+00:00,CASHCAT|lighter:221|hyperliquid:CASHCAT,CASHCAT,crypto,lighter:221,hyperliquid:CASHCAT,1000,5697,999.8789770000002,1001.3998099999999,0.17550973793224509,0.175776691241004,0,4.5,0.4506299144999999,1.0702030854996978,10.703326203644119,0.4506299144999999,0.4999394885000001,0.1196336824996978,1.1964816267928973,USDC,USDC,151.4437198638916,346.6317653656006,,False,2026-09-29T06:13:15.714294+00:00,True,crossed_back_above_zero,-0.5476097540000582,79.9933249950409
20667,1790664684.6585958,2026-09-29T06:51:24.658596+00:00,SAMSUNGUSD|hyperliquid:xyz:SMSN|lighter:162,SAMSUNGUSD,RWA/xyz,hyperliquid:xyz:SMSN,lighter:162,1000,4.982,999.98704,1000.7094300000001,200.72,200.865,0.9,0,0.0899988336,0.6323911664001323,6.323993622958676,0.0899988336,0.49999351999999997,0.04239881280013236,0.4239936229586771,USDC,USDC,155.60555458068848,510.6673240661621,,False,2026-09-29T06:13:15.714294+00:00,True,crossed_back_above_zero,-0.05726411999994069,80.11347651481628
21028,1790664787.4786525,2026-09-29T06:53:07.478652+00:00,META|hyperliquid:xyz:META|lighter:117,META,RWA/xyz,hyperliquid:xyz:META,lighter:117,1000,1.397,999.79099,1000.5314000000001,715.67,716.2,0.9,0,0.0899811891,0.6504288109001108,6.505647854459169,0.0899811891,0.4998954949999999,0.06055212680011096,0.6056478544591701,USDC,USDC,154.03366088867188,857.8565120697021,,False,2026-09-29T06:13:15.714294+00:00,True,crossed_back_above_zero,-0.07910987480006448,80.13124799728394
21126,1790664813.486102,2026-09-29T06:53:33.486102+00:00,SPCX|hyperliquid:xyz:SPCX|rh_lighter:18,SPCX,RWA/xyz,hyperliquid:xyz:SPCX,rh_lighter:18,1000,6.82,998.6526000000001,999.3346,146.43,146.53,0.9,0,0.089878734,0.5921212659999027,5.929201666324231,0.089878734,0.49932630000000006,0.0029162319999025965,0.02920166632423123,USDC,USDG,732.105016708374,528.1698703765869,,False,2026-09-29T06:13:15.714294+00:00,True,crossed_back_above_zero,-0.0652866039999156,60.37261700630188
22003,1790665062.6642063,2026-09-29T06:57:42.664206+00:00,HBAR|lighter:59|hyperliquid:HBAR,HBAR,crypto,lighter:59,hyperliquid:HBAR,1000,8481,999.99471,1001.6677099999999,0.11791,0.11810726447352905,0,4.5,0.4507504695,1.2222495304998882,12.222559962341082,0.4507504695,0.4999973550000001,0.2715017059998881,2.7150314225151058,USDC,USDC,489.9289608001709,608.2885265350342,,False,2026-09-29T06:13:15.714294+00:00,True,crossed_back_above_zero,-0.36979316800007106,80.40861916542053
22061,1790665085.4265976,2026-09-29T06:58:05.426598+00:00,SAMSUNGUSD|hyperliquid:xyz:SMSN|lighter:162,SAMSUNGUSD,RWA/xyz,hyperliquid:xyz:SMSN,lighter:162,1000,4.982,999.8874,1000.614772,200.7,200.846,0.9,0,0.089989866,0.6373821340000594,6.37453911310473,0.089989866,0.4999437,0.047448568000059366,0.4745391131047293,USDC,USDC,153.75494956970215,532.660961151123,,False,2026-09-29T06:13:15.714294+00:00,True,crossed_back_above_zero,-0.012567528000095807,79.84606885910034
22314,1790665162.294585,2026-09-29T06:59:22.294585+00:00,XAG|hyperliquid:xyz:SILVER|rh_lighter:41,XAG,RWA/xyz,hyperliquid:xyz:SILVER,rh_lighter:41,1000,16.43,999.71621,1000.560712,60.847,60.8984,0.9,0,0.0899744589,0.7545275410999204,7.547417292552657,0.0899744589,0.49985810500000005,0.16469497719992032,1.6474172925526567,USDC,USDG,199.57828521728516,502.64763832092285,,False,2026-09-29T06:13:15.714294+00:00,True,crossed_back_above_zero,-0.1372054363999511,60.006518602371216
22600,1790665238.24936,2026-09-29T07:00:38.249360+00:00,MSFT|hyperliquid:xyz:MSFT|rh_lighter:14,MSFT,RWA/xyz,hyperliquid:xyz:MSFT,rh_lighter:14,1000,1.971,999.9080100000001,1000.6175700000001,507.31000000000006,507.67,0.9,0,0.0899917209,0.6195682791000104,6.196252784293732,0.0899917209,0.49995400500000003,0.02962255320001045,0.29625278429373164,USDC,USDG,299.10778999328613,462.42237091064453,,False,2026-09-29T06:13:15.714294+00:00,True,crossed_back_above_zero,-0.049150432800003474,59.933313846588135
22779,1790665292.411708,2026-09-29T07:01:32.411708+00:00,XPL|lighter:71|hyperliquid:XPL,XPL,crypto,lighter:71,hyperliquid:XPL,1000,9928,999.9214,1001.3380800000001,0.1007173045930701,0.10086,0,4.5,0.45060213600000004,0.9660778640001557,9.661538036891258,0.45060213600000004,0.4999607,0.01551502800015564,0.15516247577215211,USDC,USDC,162.60123252868652,677.7739524841309,,False,2026-09-29T06:13:15.714294+00:00,True,crossed_back_above_zero,-1.5410662770000492,80.21734070777893
22833,1790665303.2555485,2026-09-29T07:01:43.255548+00:00,HBAR|lighter:59|hyperliquid:HBAR,HBAR,crypto,lighter:59,hyperliquid:HBAR,1000,8539,999.9168999999999,1001.6558500000001,0.1171,0.11730364796814617,0,4.5,0.4507451325,1.288204867500159,12.883119262212281,0.4507451325,0.49995845,0.3375012850001589,3.375293336877884,USDC,USDC,327.8224468231201,807.6133728027344,,False,2026-09-29T06:13:15.714294+00:00,True,crossed_back_above_zero,-0.009822271000175464,80.37396144866943
23029,1790665361.2529917,2026-09-29T07:02:41.252992+00:00,META|hyperliquid:xyz:META|rh_lighter:13,META,RWA/xyz,hyperliquid:xyz:META,rh_lighter:13,1000,1.397,999.8329000000001,1000.57331,715.7,716.23,0.9,0,0.08998496100000002,0.6504250389998835,6.505337431883701,0.08998496100000002,0.49991645000000007,0.06052362799988342,0.6053374318837019,USDC,USDG,476.8345355987549,685.0781440734863,,False,2026-09-29T06:13:15.714294+00:00,True,crossed_back_above_zero,-0.009969343199940084,60.0027916431427
23142,1790665402.3368723,2026-09-29T07:03:22.336872+00:00,XAG|hyperliquid:xyz:SILVER|rh_lighter:41,XAG,RWA/xyz,hyperliquid:xyz:SILVER,rh_lighter:41,1000,16.44,999.8808000000001,1000.615668,60.82,60.8647,0.9,0,0.08998927200000002,0.6448787279998921,6.449556067082117,0.08998927200000002,0.49994040000000006,0.05494905599989197,0.5495560670821158,USDC,USDG,234.02714729309082,589.9374485015869,,False,2026-09-29T06:13:15.714294+00:00,True,crossed_back_above_zero,-0.06481700160008219,60.050692081451416
23222,1790665418.5191793,2026-09-29T07:03:38.519179+00:00,MSFT|hyperliquid:xyz:MSFT|rh_lighter:14,MSFT,RWA/xyz,hyperliquid:xyz:MSFT,rh_lighter:14,1000,1.971,999.5484600000001,1000.2430800000001,507.12757990867584,507.48,0.9,0,0.0899593614,0.6046606385999862,6.04933790403705,0.0899593614,0.4997742300000001,0.014927047199986054,0.1493379040370494,USDC,USDG,567.4099922180176,536.2474918365479,,False,2026-09-29T06:13:15.714294+00:00,True,crossed_back_above_zero,-0.028973632000059202,60.224947452545166
23256,1790665425.2478185,2026-09-29T07:03:45.247818+00:00,AMZN|hyperliquid:xyz:AMZN|rh_lighter:11,AMZN,RWA/xyz,hyperliquid:xyz:AMZN,rh_lighter:11,1000,4.059,999.8534700000001,1000.607918,246.33,246.5158704114314,0.9,0,0.08998681230000001,0.6644611876999111,6.645585654665089,0.08998681230000001,0.4999267350000001,0.07454764039991096,0.7455856546650876,USDC,USDG,435.53829193115234,752.8843879699707,,False,2026-09-29T06:13:15.714294+00:00,True,crossed_back_above_zero,-0.08781035960001549,59.99900770187378
23315,1790665452.558466,2026-09-29T07:04:12.558466+00:00,XPL|lighter:71|hyperliquid:XPL,XPL,crypto,lighter:71,hyperliquid:XPL,1000,9938,999.9171150000001,1001.37257,0.10061552777218757,0.10076198128396055,0,4.5,0.45061765649999996,1.0048373434999154,10.04920636346859,0.45061765649999996,0.4999585575,0.054261129499915406,0.5426562730643469,USDC,USDC,182.7094554901123,749.5341300964355,,False,2026-09-29T06:13:15.714294+00:00,True,crossed_back_above_zero,-0.01056871199998749,80.07204580307007
23353,1790665463.287855,2026-09-29T07:04:23.287855+00:00,HBAR|lighter:59|hyperliquid:HBAR,HBAR,crypto,lighter:59,hyperliquid:HBAR,1000,8550,999.928806,1001.8890700000001,0.11695073754385965,0.1171800081871345,0,4.5,0.45085008150000006,1.509413918500052,15.09521387365704,0.45085008150000006,0.49996440300000006,0.5585994340000517,5.586392057596665,USDC,USDC,396.42834663391113,624.9229907989502,,False,2026-09-29T06:13:15.714294+00:00,True,crossed_back_above_zero,-0.05179614749987471,80.2966046333313
23455,1790665483.5952919,2026-09-29T07:04:43.595292+00:00,CRCL|hyperliquid:xyz:CRCL|rh_lighter:24,CRCL,RWA/xyz,hyperliquid:xyz:CRCL,rh_lighter:24,1000,11.578,999.9687039999999,1000.714723,86.368,86.43243418552427,0.9,0,0.08999718336,0.6560218166401603,6.560423481414879,0.08999718336,0.49998435199999997,0.06604028128016043,0.6604234814148787,USDC,USDG,151.1528491973877,297.35636711120605,,False,2026-09-29T06:13:15.714294+00:00,True,crossed_back_above_zero,-0.2050483839999495,59.94194149971008
24386,1790665762.5795078,2026-09-29T07:09:22.579508+00:00,XAG|hyperliquid:xyz:SILVER|rh_lighter:41,XAG,RWA/xyz,hyperliquid:xyz:SILVER,rh_lighter:41,1000,16.41,999.64797,1000.406112,60.917,60.9632,0.9,0,0.0899683173,0.6681736827000208,6.684089827142057,0.0899683173,0.49982398499999997,0.0783813804000208,0.7840898271420568,USDC,USDG,468.6868190765381,627.5746822357178,,False,2026-09-29T06:13:15.714294+00:00,True,crossed_back_above_zero,-0.013751728000110763,60.015724658966064
24420,1790665769.4455206,2026-09-29T07:09:29.445521+00:00,AAPL|hyperliquid:xyz:AAPL|rh_lighter:10,AAPL,RWA/xyz,hyperliquid:xyz:AAPL,rh_lighter:10,1000,2.963,999.68955,1000.39769,337.3910057374283,337.63,0.9,0,0.0899720595,0.6181679404999576,6.183599103341208,0.0899720595,0.499844775,0.028351105999957604,0.2835991033412083,USDC,USDG,667.3851013183594,477.5819778442383,,False,2026-09-29T06:13:15.714294+00:00,True,crossed_back_above_zero,-0.027875827200158354,60.05290937423706
24745,1790665859.513568,2026-09-29T07:10:59.513568+00:00,DRAM|hyperliquid:xyz:DRAM|lighter:195,DRAM,RWA/xyz,hyperliquid:xyz:DRAM,lighter:195,1000,16.4,996.6443999999999,997.4316,60.771,60.819,0.9,0,0.08969799599999999,0.6975020040000981,6.998504220764178,0.08969799599999999,0.4983222,0.10948180800009816,1.098504220764178,USDC,USDC,157.06849098205566,690.643310546875,,False,2026-09-29T06:13:15.714294+00:00,True,crossed_back_above_zero,-0.1368639039999966,80.06507301330566
24800,1790665882.5930548,2026-09-29T07:11:22.593055+00:00,XAG|hyperliquid:xyz:SILVER|rh_lighter:41,XAG,RWA/xyz,hyperliquid:xyz:SILVER,rh_lighter:41,1000,16.42,999.7317,1000.518218,60.885,60.9329,0.9,0,0.08997585300000001,0.6965421470000009,6.967290794120071,0.08997585300000001,0.49986585000000006,0.1067004440000009,1.0672907941200713,USDC,USDG,485.5000972747803,526.125431060791,,False,2026-09-29T06:13:15.714294+00:00,True,crossed_back_above_zero,-0.00361282559996029,60.00083827972412
25583,1790666105.329979,2026-09-29T07:15:05.329979+00:00,HBAR|lighter:59|hyperliquid:HBAR,HBAR,crypto,lighter:59,hyperliquid:HBAR,1000,8484,999.973024,1001.75386,0.11786575011786893,0.11807565535124942,0,4.5,0.45078923700000006,1.3300467630000221,13.300826433094079,0.45078923700000006,0.49998651200000005,0.379271014000022,3.792812454909004,USDC,USDC,151.24130249023438,539.0360355377197,,False,2026-09-29T07:13:32.569982+00:00,True,crossed_back_above_zero,-0.00274686200003027,79.68993258476257
25843,1790666183.6003838,2026-09-29T07:16:23.600384+00:00,XAG|hyperliquid:xyz:SILVER|rh_lighter:41,XAG,RWA/xyz,hyperliquid:xyz:SILVER,rh_lighter:41,1000,16.42,999.5182400000001,1000.2604240000002,60.872,60.9172,0.9,0,0.08995664160000001,0.6522273584000656,6.525417269024181,0.08995664160000001,0.49975912000000006,0.06251159680006552,0.6254172690241802,USDC,USDG,153.40733528137207,548.4519004821777,,False,2026-09-29T07:13:32.569982+00:00,True,crossed_back_above_zero,-0.03616472160016959,59.82103490829468
25871,1790666189.3569736,2026-09-29T07:16:29.356974+00:00,AAPL|hyperliquid:xyz:AAPL|rh_lighter:10,AAPL,RWA/xyz,hyperliquid:xyz:AAPL,rh_lighter:10,1000,2.964,999.8757599999999,1000.6467500000001,337.34,337.60011808367074,0.9,0,0.08998881839999999,0.6810011816002108,6.8108579969996565,0.08998881839999999,0.49993787999999995,0.09107448320021094,0.9108579969996567,USDC,USDG,577.7332782745361,848.0372428894043,,False,2026-09-29T07:13:32.569982+00:00,True,crossed_back_above_zero,-0.027875827200158354,60.103052616119385
26353,1790666321.5924673,2026-09-29T07:18:41.592467+00:00,META|hyperliquid:xyz:META|lighter:117,META,RWA/xyz,hyperliquid:xyz:META,lighter:117,1000,1.396,999.99668,1000.69468,716.33,716.83,0.9,0,0.0899997012,0.6080002987999791,6.080023173676728,0.0899997012,0.49999834,0.018002257599979088,0.1800231736767275,USDC,USDC,250.57411193847656,457.5328826904297,,False,2026-09-29T07:13:32.569982+00:00,True,crossed_back_above_zero,-0.0936296100000758,83.96685099601746
26418,1790666342.680175,2026-09-29T07:19:02.680175+00:00,XPL|lighter:71|hyperliquid:XPL,XPL,crypto,lighter:71,hyperliquid:XPL,1000,9981,999.9394580000001,1001.3962200000001,0.10018429596232843,0.10033024947400061,0,4.5,0.45062829900000007,1.006133701000026,10.06194618034591,0.45062829900000007,0.49996972900000003,0.05553567300002582,0.5553903544430969,USDC,USDC,150.43330192565918,597.2385406494141,,False,2026-09-29T07:13:32.569982+00:00,True,crossed_back_above_zero,-0.08602405299999594,84.06733179092407
26444,1790666357.6320195,2026-09-29T07:19:17.632020+00:00,HBAR|lighter:59|hyperliquid:HBAR,HBAR,crypto,lighter:59,hyperliquid:HBAR,1000,8509,999.9587569999999,1001.4826599999999,0.11751777611940296,0.11769686919732048,0,4.5,0.45066719699999996,1.0732358030000184,10.73280068289875,0.45066719699999996,0.49997937849999996,0.12258922750001844,1.2259428365605929,USDC,USDC,259.0012550354004,544.0900325775146,,False,2026-09-29T07:13:32.569982+00:00,True,crossed_back_above_zero,-0.057672168500020604,84.33778643608093
26857,1790666476.3884501,2026-09-29T07:21:16.388450+00:00,BRENTOIL|lighter:159|hyperliquid:xyz:BRENTOIL,BRENTOIL,RWA/xyz,lighter:159,hyperliquid:xyz:BRENTOIL,1000,10.09,999.6566359999999,1000.4235,99.07399762140733,99.15,0,0.9,0.090038115,0.676825885000055,6.770583624676254,0.090038115,0.49982831799999994,0.08695945200005506,0.8698932100127135,USDC,USDC,160.17889976501465,711.5390300750732,,False,2026-09-29T07:13:32.569982+00:00,True,crossed_back_above_zero,-0.2562412003999211,84.26075959205627
27051,1790666525.749459,2026-09-29T07:22:05.749459+00:00,HBAR|lighter:59|hyperliquid:HBAR,HBAR,crypto,lighter:59,hyperliquid:HBAR,1000,8522,999.88626,1001.37158,0.11733,0.11750429241961981,0,4.5,0.45061721099999996,1.0347027890000016,10.348204894824752,0.45061721099999996,0.49994313,0.08414244800000159,0.841520194506939,USDC,USDC,150.4809856414795,393.53299140930176,,False,2026-09-29T07:13:32.569982+00:00,True,crossed_back_above_zero,-0.172372372500032,84.06183910369873
27181,1790666559.6117487,2026-09-29T07:22:39.611749+00:00,MSFT|hyperliquid:xyz:MSFT|rh_lighter:14,MSFT,RWA/xyz,hyperliquid:xyz:MSFT,rh_lighter:14,1000,1.971,999.51381,1000.20366,507.11,507.46,0.9,0,0.08995624290000001,0.5998937570999785,6.001855613180357,0.08995624290000001,0.49975690500000003,0.01018060919997843,0.10185561318035645,USDC,USDG,152.4639129638672,524.8153209686279,,False,2026-09-29T07:13:32.569982+00:00,True,crossed_back_above_zero,-0.025479554399932047,59.99312376976013
27339,1790666609.2679265,2026-09-29T07:23:29.267926+00:00,AAPL|hyperliquid:xyz:AAPL|rh_lighter:10,AAPL,RWA/xyz,hyperliquid:xyz:AAPL,rh_lighter:10,1000,2.963,999.7754600000001,1000.531016,337.42,337.674996962538,0.9,0,0.08997979140000001,0.6655762085999559,6.657256906465336,0.08997979140000001,0.49988773000000003,0.07570868719995588,0.7572569064653365,USDC,USDG,468.8425064086914,636.9953155517578,,False,2026-09-29T07:13:32.569982+00:00,True,crossed_back_above_zero,-0.02792686759994395,60.003231048583984
27490,1790666657.7457802,2026-09-29T07:24:17.745780+00:00,META|hyperliquid:xyz:META|lighter:117,META,RWA/xyz,hyperliquid:xyz:META,lighter:117,1000,1.395,999.7965,1000.4800500000001,716.7,717.19,0.9,0,0.089981685,0.593568315000082,5.936891307381872,0.089981685,0.49989825,0.003688380000081981,0.036891307381872025,USDC,USDC,160.72392463684082,817.8489208221436,,False,2026-09-29T07:13:32.569982+00:00,True,crossed_back_above_zero,-0.024211620000076817,83.95235705375671
27599,1790666679.2665055,2026-09-29T07:24:39.266505+00:00,XPL|lighter:71|hyperliquid:XPL,XPL,crypto,lighter:71,hyperliquid:XPL,1000,10015,999.99775,1002.5015,0.09985,0.1001,0,4.5,0.45112567499999995,2.052624324999968,20.526289434150907,0.45112567499999995,0.49999887500000006,1.1014997749999682,11.015022533800384,USDC,USDC,328.7496566772461,444.5676803588867,,False,2026-09-29T07:13:32.569982+00:00,True,crossed_back_above_zero,-0.18035677999994398,84.28176283836365
27702,1790666718.2576146,2026-09-29T07:25:18.257615+00:00,PUMP|lighter:45|hyperliquid:PUMP,PUMP,crypto,lighter:45,hyperliquid:PUMP,1000,199680,999.9974400000001,1001.5948799999999,0.005008,0.005016,0,4.5,0.450717696,1.1467223039997787,11.46725239616392,0.450717696,0.49999872000000006,0.19600588799977864,1.9600638977613645,USDC,USDC,459.48338508605957,826.6808986663818,,False,2026-09-29T07:13:32.569982+00:00,True,crossed_back_above_zero,-1.123450468999896,84.37502551078796
28042,1790666804.6598873,2026-09-29T07:26:44.659887+00:00,SAMSUNGUSD|hyperliquid:xyz:SMSN|lighter:162,SAMSUNGUSD,RWA/xyz,hyperliquid:xyz:SMSN,lighter:162,1000,4.958,999.8649799999998,1000.712804,201.66699878983457,201.838,0.9,0,0.08998784819999998,0.7578361518001734,7.579384886549117,0.08998784819999998,0.49993248999999995,0.1679158136001735,1.6793848865491172,USDC,USDC,287.55760192871094,600.944995880127,,False,2026-09-29T07:13:32.569982+00:00,True,crossed_back_above_zero,-0.09539109199986318,84.12038969993591
28228,1790666859.8254042,2026-09-29T07:27:39.825404+00:00,MSFT|hyperliquid:xyz:MSFT|rh_lighter:14,MSFT,RWA/xyz,hyperliquid:xyz:MSFT,rh_lighter:14,1000,1.970,999.5189,1000.3315230000001,507.37,507.7824989847716,0.9,0,0.08995670100000001,0.7226662990000305,7.230141411033154,0.08995670100000001,0.49975945,0.13295014800003058,1.3301414110331538,USDC,USDG,366.1470413208008,810.4712963104248,,False,2026-09-29T07:13:32.569982+00:00,True,crossed_back_above_zero,-0.029440432800085292,60.1071240901947
28239,1790666861.9115891,2026-09-29T07:27:41.911589+00:00,HBAR|lighter:59|hyperliquid:HBAR,HBAR,crypto,lighter:59,hyperliquid:HBAR,1000,8495,999.929457,1001.7972199999999,0.11770799964685108,0.11792786580341376,0,4.5,0.450808749,1.416954250999968,14.170542142554043,0.450808749,0.4999647285,0.46618077349996795,4.662136616102989,USDC,USDC,164.10112380981445,720.660924911499,,False,2026-09-29T07:13:32.569982+00:00,True,crossed_back_above_zero,-0.19453933850012578,84.07330894470215
28706,1790666994.0137093,2026-09-29T07:29:54.013709+00:00,META|hyperliquid:xyz:META|lighter:117,META,RWA/xyz,hyperliquid:xyz:META,lighter:117,1000,1.395,999.6492200000001,1000.42425,716.5944229390682,717.15,0.9,0,0.08996842980000001,0.6850615701999015,6.853019604215781,0.08996842980000001,0.49982461,0.09526853039990157,0.9530196042157825,USDC,USDC,151.22222900390625,634.7730159759521,,False,2026-09-29T07:13:32.569982+00:00,True,crossed_back_above_zero,-0.18979306879995278,83.59338331222534
29272,1790667159.6313455,2026-09-29T07:32:39.631346+00:00,MSFT|hyperliquid:xyz:MSFT|rh_lighter:14,MSFT,RWA/xyz,hyperliquid:xyz:MSFT,rh_lighter:14,1000,1.970,999.9410600000001,1000.710742,507.5842944162437,507.9749959390863,0.9,0,0.08999469540000002,0.6796873045998751,6.797273677309291,0.08999469540000002,0.4999705300000001,0.08972207919987502,0.8972736773092908,USDC,USDG,157.1347713470459,589.409589767456,,False,2026-09-29T07:13:32.569982+00:00,True,crossed_back_above_zero,-0.055704639200153006,59.69330310821533
29773,1790667309.506827,2026-09-29T07:35:09.506827+00:00,SAMSUNGUSD|hyperliquid:xyz:SMSN|lighter:162,SAMSUNGUSD,RWA/xyz,hyperliquid:xyz:SMSN,lighter:162,1000,4.959,999.9277999999997,1000.6418969999999,201.6389997983464,201.783,0.9,0,0.08999350199999998,0.6241034980001516,6.24148561526294,0.08999350199999998,0.49996389999999985,0.03414609600015178,0.34148561526293986,USDC,USDC,150.19655227661133,506.8941116333008,,False,2026-09-29T07:13:32.569982+00:00,True,crossed_back_above_zero,-0.07972902400004028,83.84682655334473
29965,1790667357.5589893,2026-09-29T07:35:57.558989+00:00,DRAM|hyperliquid:xyz:DRAM|lighter:195,DRAM,RWA/xyz,hyperliquid:xyz:DRAM,lighter:195,1000,16.3,994.3489000000001,995.0335000000001,61.003,61.045,0.9,0,0.08949140100000001,0.5951085990000459,5.9849072996414625,0.08949140100000001,0.49717445000000005,0.008442748000045852,0.08490729964146239,USDC,USDC,170.54033279418945,392.05431938171387,,False,2026-09-29T07:13:32.569982+00:00,True,crossed_back_above_zero,-0.0765620560000349,83.90750288963318
30626,1790667557.6990004,2026-09-29T07:39:17.699000+00:00,LIT|lighter:120|hyperliquid:LIT,LIT,crypto,lighter:120,hyperliquid:LIT,1000,227,999.644,1001.07,4.403718061674009,4.41,0,4.5,0.45048150000000003,0.9755185000000446,9.758659082633864,0.45048150000000003,0.49982200000000004,0.025215000000044563,0.25223979736830876,USDC,USDC,152.8604030609131,595.0665473937988,,False,2026-09-29T07:13:32.569982+00:00,True,crossed_back_above_zero,-0.32444582300014607,84.07179737091064
30735,1790667579.6686432,2026-09-29T07:39:39.668643+00:00,MSFT|hyperliquid:xyz:MSFT|rh_lighter:14,MSFT,RWA/xyz,hyperliquid:xyz:MSFT,rh_lighter:14,1000,1.968,999.58656,1000.270434,507.92,508.2674969512195,0.9,0,0.08996279039999999,0.5939112096000598,5.941568578113534,0.08996279039999999,0.49979327999999995,0.0041551392000598875,0.041568578113534135,USDC,USDG,199.89275932312012,578.7146091461182,,False,2026-09-29T07:13:32.569982+00:00,True,crossed_back_above_zero,-0.016904867200052187,59.745542764663696
31173,1790667703.5305686,2026-09-29T07:41:43.530569+00:00,HBAR|lighter:59|hyperliquid:HBAR,HBAR,crypto,lighter:59,hyperliquid:HBAR,1000,8525,999.9972179999999,1001.76461,0.11730172645161288,0.11750904516129032,0,4.5,0.4507940745,1.3165979255000861,13.16601588285705,0.4507940745,0.4999986089999999,0.36580524200008624,3.658062596731007,USDC,USDC,318.76325607299805,497.6365566253662,,False,2026-09-29T07:13:32.569982+00:00,True,crossed_back_above_zero,-0.03326455199995604,84.26501870155334
31397,1790667766.728062,2026-09-29T07:42:46.728062+00:00,INTC|hyperliquid:xyz:INTC|rh_lighter:30,INTC,RWA/xyz,hyperliquid:xyz:INTC,rh_lighter:30,1000,8.60,999.6639999999999,1000.3519999999999,116.24,116.32,0.9,0,0.08996975999999998,0.5980302399999882,5.982312456985429,0.08996975999999998,0.499832,0.008228479999988159,0.0823124569854287,USDC,USDG,578.3267021179199,678.1320571899414,,False,2026-09-29T07:13:32.569982+00:00,True,crossed_back_above_zero,-0.11243497199999286,60.242305755615234
31572,1790667819.7652535,2026-09-29T07:43:39.765254+00:00,MSFT|hyperliquid:xyz:MSFT|rh_lighter:14,MSFT,RWA/xyz,hyperliquid:xyz:MSFT,rh_lighter:14,1000,1.968,999.58656,1000.3147200000001,507.92,508.29,0.9,0,0.08996279039999999,0.6381972096001163,6.384611749883034,0.08996279039999999,0.49979327999999995,0.048441139200116334,0.484611749883035,USDC,USDG,285.8459949493408,389.32108879089355,,False,2026-09-29T07:13:32.569982+00:00,True,crossed_back_above_zero,-0.04994547840008079,60.08562612533569
32889,1790668193.6374505,2026-09-29T07:49:53.637450+00:00,XPL|lighter:71|hyperliquid:XPL,XPL,crypto,lighter:71,hyperliquid:XPL,1000,9904,999.9643580000001,1001.93488,0.10096570658319871,0.10116466882067851,0,4.5,0.45087069600000007,1.51965130399996,15.197054693422983,0.45087069600000007,0.49998217899999997,0.56879842899996,5.688187028361664,USDC,USDC,147.95613288879395,676.5189170837402,,False,2026-09-29T07:13:32.569982+00:00,True,crossed_back_above_zero,-0.6380863629999545,83.89871096611023
32996,1790668231.2891667,2026-09-29T07:50:31.289167+00:00,LIT|lighter:120|hyperliquid:LIT,LIT,crypto,lighter:120,hyperliquid:LIT,1000,225,998.647562,1000.0572999999999,4.4384336088888885,4.4446991111111105,0,4.5,0.450025785,0.9597122149999475,9.610119240444785,0.450025785,0.49932378099999997,0.010362648999947544,0.10376682820107404,USDC,USDC,433.135986328125,296.22960090637207,,False,2026-09-29T07:13:32.569982+00:00,True,crossed_back_above_zero,-0.27793448649987906,84.50378251075745
33521,1790668376.4702117,2026-09-29T07:52:56.470212+00:00,HBAR|lighter:59|hyperliquid:HBAR,HBAR,crypto,lighter:59,hyperliquid:HBAR,1000,8538,999.97056,1001.5104600000001,0.11712,0.11730035839775124,0,4.5,0.45067970700000004,1.0892202930001025,10.892523605895983,0.45067970700000004,0.49998528,0.13855530600010246,1.385593851884024,USDC,USDC,170.01700401306152,376.27291679382324,,False,2026-09-29T07:13:32.569982+00:00,True,crossed_back_above_zero,-0.12291542500001773,84.03005623817444
34111,1790668544.49783,2026-09-29T07:55:44.497830+00:00,HBAR|lighter:59|hyperliquid:HBAR,HBAR,crypto,lighter:59,hyperliquid:HBAR,1000,8552,999.98536,1001.4391999999999,0.11693,0.1171,0,4.5,0.45064763999999996,1.0031923599999002,10.032070469510675,0.45064763999999996,0.49999268,0.05255203999990027,0.5255280937302949,USDC,USDC,149.83510971069336,322.8955268859863,,False,2026-09-29T07:13:32.569982+00:00,True,crossed_back_above_zero,-0.2898791160001363,83.96948432922363
34781,1790668739.6987915,2026-09-29T07:58:59.698792+00:00,SAMSUNGUSD|hyperliquid:xyz:SMSN|lighter:162,SAMSUNGUSD,RWA/xyz,hyperliquid:xyz:SMSN,lighter:162,1000,4.963,999.94524,1000.659912,201.48,201.624,0.9,0,0.0899950716,0.6246769283999505,6.247111375818445,0.0899950716,0.49997262,0.03470923679995053,0.3471113758184451,USDC,USDC,361.96136474609375,513.862133026123,,False,2026-09-29T07:13:32.569982+00:00,True,crossed_back_above_zero,-0.20199089399999526,84.27364754676819
35210,1790668866.3574846,2026-09-29T08:01:06.357485+00:00,XPL|lighter:71|hyperliquid:XPL,XPL,crypto,lighter:71,hyperliquid:XPL,1000,9928,999.903161,1001.37774,0.10071546746575342,0.10086399476228848,0,4.5,0.45061998300000006,1.0239590170000623,10.240581857707141,0.45061998300000006,0.4999515805,0.07338745350006226,0.7339456095595067,USDC,USDC,150.11262893676758,591.559886932373,,False,2026-09-29T07:13:32.569982+00:00,True,crossed_back_above_zero,-0.30829052100001453,84.050528049469
35358,1790668903.657088,2026-09-29T08:01:43.657088+00:00,AMZN|hyperliquid:xyz:AMZN|rh_lighter:11,AMZN,RWA/xyz,hyperliquid:xyz:AMZN,rh_lighter:11,1000,4.057,999.8882200000002,1000.6590500000001,246.46,246.65,0.9,0,0.08998993980000002,0.6808400601999326,6.809161730097515,0.08998993980000002,0.4999441100000001,0.09090601039993246,0.9091617300975147,USDC,USDG,150.55036544799805,637.1536254882812,,False,2026-09-29T07:13:32.569982+00:00,True,crossed_back_above_zero,-0.030961881600011842,60.0119206905365
35380,1790668907.9940183,2026-09-29T08:01:47.994018+00:00,SAMSUNGUSD|hyperliquid:xyz:SMSN|lighter:162,SAMSUNGUSD,RWA/xyz,hyperliquid:xyz:SMSN,lighter:162,1000,4.948,999.9413200000001,1001.024932,202.09,202.309,0.9,0,0.08999471880000001,0.9936172811999028,9.936755900835287,0.08999471880000001,0.49997066000000007,0.40365190239990273,4.036755900835288,USDC,USDC,430.48787117004395,592.0901298522949,,False,2026-09-29T07:13:32.569982+00:00,True,crossed_back_above_zero,-0.36303702599987664,84.01796460151672
35724,1790669013.300542,2026-09-29T08:03:33.300542+00:00,META|hyperliquid:xyz:META|lighter:117,META,RWA/xyz,hyperliquid:xyz:META,lighter:117,1000,1.395,999.69885,1000.4103,716.63,717.14,0.9,0,0.0899728965,0.6214771035000135,6.216643177092917,0.0899728965,0.49984942499999996,0.03165478200001359,0.31664317709291745,USDC,USDC,479.48455810546875,416.6123867034912,,False,2026-09-29T07:13:32.569982+00:00,True,crossed_back_above_zero,-0.09478541400001383,84.2352409362793
36329,1790669188.9982612,2026-09-29T08:06:28.998261+00:00,AAPL|hyperliquid:xyz:AAPL|rh_lighter:10,AAPL,RWA/xyz,hyperliquid:xyz:AAPL,rh_lighter:10,1000,2.965,999.8573,1000.5392499999999,337.22,337.45,0.9,0,0.089987157,0.5919628429999152,5.9204732815364265,0.089987157,0.49992865000000003,0.0020470359999151255,0.020473281536426503,USDC,USDG,153.73754501342773,352.3366451263428,,False,2026-09-29T07:13:32.569982+00:00,True,crossed_back_above_zero,-0.027430754399905,59.69658327102661
36427,1790669208.3565934,2026-09-29T08:06:48.356593+00:00,DRAM|hyperliquid:xyz:DRAM|lighter:195,DRAM,RWA/xyz,hyperliquid:xyz:DRAM,lighter:195,1000,16.4,999.2483999999998,1000.0391999999999,60.92978048780488,60.978,0.9,0,0.08993235599999998,0.7008676440001039,7.013948123410596,0.08993235599999998,0.4996241999999999,0.11131108800010409,1.1139481234105966,USDC,USDC,150.4654884338379,714.6563529968262,,False,2026-09-29T07:13:32.569982+00:00,True,crossed_back_above_zero,-0.00672334399984742,83.73157262802124
36612,1790669263.728885,2026-09-29T08:07:43.728885+00:00,AMZN|hyperliquid:xyz:AMZN|rh_lighter:11,AMZN,RWA/xyz,hyperliquid:xyz:AMZN,rh_lighter:11,1000,4.058,999.76946,1000.4593199999999,246.37,246.54,0.9,0,0.0899792514,0.5998807485999533,6.000190769979644,0.0899792514,0.49988472999999994,0.010016767199953425,0.10019076997964535,USDC,USDG,157.179594039917,615.9424781799316,,False,2026-09-29T07:13:32.569982+00:00,True,crossed_back_above_zero,-0.1035558583999398,60.071343660354614
36620,1790669265.3754582,2026-09-29T08:07:45.375458+00:00,CRCL|hyperliquid:xyz:CRCL|rh_lighter:24,CRCL,RWA/xyz,hyperliquid:xyz:CRCL,rh_lighter:24,1000,11.555,999.9812549999999,1000.68611,86.541,86.602,0.9,0,0.08999831294999999,0.614856687050066,6.148682127547142,0.08999831294999999,0.49999062749999995,0.024867746600066132,0.2486821275471422,USDC,USDG,478.17206382751465,559.5228672027588,,False,2026-09-29T07:13:32.569982+00:00,True,crossed_back_above_zero,-0.27584258796002864,60.05141830444336
36970,1790669371.305055,2026-09-29T08:09:31.305055+00:00,XPL|lighter:71|hyperliquid:XPL,XPL,crypto,lighter:71,hyperliquid:XPL,1000,9982,999.9117580000001,1001.5103100000001,0.1001714844720497,0.1003316279302745,0,4.5,0.4506796395,1.1478723605000405,11.479736599917453,0.4506796395,0.499955879,0.1972368420000405,1.9725424810940215,USDC,USDC,442.9454803466797,822.1251964569092,,False,2026-09-29T07:13:32.569982+00:00,True,crossed_back_above_zero,-0.24046096999996758,84.34746789932251
36995,1790669376.50281,2026-09-29T08:09:36.502810+00:00,DRAM|hyperliquid:xyz:DRAM|lighter:195,DRAM,RWA/xyz,hyperliquid:xyz:DRAM,lighter:195,1000,16.4,997.9399999999999,998.6451999999999,60.85,60.893,0.9,0,0.0898146,0.6153853999999908,6.16655710764165,0.0898146,0.49896999999999997,0.02660079999999082,0.26655710764165,USDC,USDC,150.41184425354004,609.889030456543,,False,2026-09-29T07:13:32.569982+00:00,True,crossed_back_above_zero,-0.07988330399995358,84.04687881469727
37011,1790669379.663068,2026-09-29T08:09:39.663068+00:00,MSFT|hyperliquid:xyz:MSFT|rh_lighter:14,MSFT,RWA/xyz,hyperliquid:xyz:MSFT,rh_lighter:14,1000,1.967,999.6687400000001,1000.3752020000001,508.22,508.5791570920183,0.9,0,0.08997018660000002,0.6164918133999877,6.1669610015012335,0.08997018660000002,0.49983437000000003,0.02668725679998768,0.2669610015012341,USDC,USDG,153.55300903320312,465.137243270874,,False,2026-09-29T07:13:32.569982+00:00,True,crossed_back_above_zero,-0.027617892000006194,59.58613204956055
37463,1790669506.6076758,2026-09-29T08:11:46.607676+00:00,INTC|hyperliquid:xyz:INTC|rh_lighter:30,INTC,RWA/xyz,hyperliquid:xyz:INTC,rh_lighter:30,1000,8.61,999.8793,1000.6542,116.13,116.22,0.9,0,0.089989137,0.6849108630000024,6.849935417204881,0.089989137,0.49993964999999996,0.09498207600000241,0.9499354172048807,USDC,USDG,430.99522590637207,282.7451229095459,,False,2026-09-29T07:13:32.569982+00:00,True,crossed_back_above_zero,-0.16359608000003728,60.044593334198
37513,1790669529.9527292,2026-09-29T08:12:09.952729+00:00,INTC|hyperliquid:xyz:INTC|lighter:137,INTC,RWA/xyz,hyperliquid:xyz:INTC,lighter:137,1000,8.61,999.9653999999999,1000.8608399999999,116.14,116.244,0.9,0,0.089996886,0.8054431140000078,8.054709832960299,0.089996886,0.49998269999999995,0.21546352800000784,2.154709832960299,USDC,USDC,147.42445945739746,668.7917709350586,,False,2026-09-29T07:13:32.569982+00:00,True,crossed_back_above_zero,-0.03453759999990441,84.052241563797
37867,1790669623.6843183,2026-09-29T08:13:43.684318+00:00,AMZN|hyperliquid:xyz:AMZN|rh_lighter:11,AMZN,RWA/xyz,hyperliquid:xyz:AMZN,rh_lighter:11,1000,4.060,999.8155999999999,1000.7493999999999,246.26,246.49,0.9,0,0.08998340399999999,0.8438165960000192,8.43972224478213,0.08998340399999999,0.49990779999999996,0.25392539200001923,2.5397222447821304,USDC,USDG,160.78734397888184,835.3772163391113,,False,2026-09-29T07:13:32.569982+00:00,True,crossed_back_above_zero,-0.13987316319997312,60.006001710891724
37881,1790669626.6780317,2026-09-29T08:13:46.678032+00:00,INTC|hyperliquid:xyz:INTC|rh_lighter:30,INTC,RWA/xyz,hyperliquid:xyz:INTC,rh_lighter:30,1000,8.60,998.89,999.6639999999999,116.15,116.24,0.9,0,0.0899001,0.6840998999998872,6.848600947050097,0.0899001,0.499445,0.09475479999988717,0.9486009470500975,USDC,USDG,486.2213134765625,412.097692489624,,False,2026-09-29T07:13:32.569982+00:00,True,crossed_back_above_zero,-0.1627909920000742,60.06696653366089
38142,1790669715.4449432,2026-09-29T08:15:15.444943+00:00,DRAM|hyperliquid:xyz:DRAM|lighter:195,DRAM,RWA/xyz,hyperliquid:xyz:DRAM,lighter:195,1000,16.4,998.9075999999999,999.6784,60.909,60.956,0.9,0,0.089901684,0.6808983160001221,6.816429427507831,0.089901684,0.49945379999999995,0.09154283200012214,0.9164294275078311,USDC,USDC,163.63215446472168,535.0210666656494,,False,2026-09-29T08:13:47.307558+00:00,True,crossed_back_above_zero,-0.02314564799993718,86.45559096336365
38439,1790669794.7126887,2026-09-29T08:16:34.712689+00:00,NBIS|hyperliquid:xyz:NBIS|lighter:189,NBIS,RWA/xyz,hyperliquid:xyz:NBIS,lighter:189,1000,4.24,997.8983000000001,998.7320000000001,235.35337264150942,235.55,0.9,0,0.08981084700000001,0.7438891530000217,7.4545587761801135,0.08981084700000001,0.49894915,0.1551291560000217,1.5545587761801145,USDC,USDC,459.686279296875,534.7516536712646,,False,2026-09-29T08:13:47.307558+00:00,True,crossed_back_above_zero,-0.22244181199990587,84.77600383758545
38735,1790669879.7799487,2026-09-29T08:17:59.779949+00:00,CASHCAT|lighter:221|hyperliquid:CASHCAT,CASHCAT,crypto,lighter:221,hyperliquid:CASHCAT,1000,5743,999.859588,1001.58575,0.17410057252307157,0.17440114051889255,0,4.5,0.4507135875,1.275448412499931,12.756275259120994,0.4507135875,0.49992979400000004,0.32480503099993097,3.2485064392854626,USDC,USDC,151.70860290527344,379.02140617370605,,False,2026-09-29T08:13:47.307558+00:00,True,crossed_back_above_zero,-1.2103697459999738,84.2310643196106
38976,1790669958.6835518,2026-09-29T08:19:18.683552+00:00,XPL|lighter:71|hyperliquid:XPL,XPL,crypto,lighter:71,hyperliquid:XPL,1000,9896,999.9908,1001.49937,0.10105,0.1012024424009701,0,4.5,0.45067471649999996,1.0578952834999633,10.579050162261126,0.45067471649999996,0.4999954,0.10722516699996332,1.0722615348057534,USDC,USDC,261.3089084625244,511.6143226623535,,False,2026-09-29T08:13:47.307558+00:00,True,crossed_back_above_zero,-0.06482393599998659,84.21158170700073
39161,1790670010.7550795,2026-09-29T08:20:10.755080+00:00,BRENTOIL|lighter:159|hyperliquid:xyz:BRENTOIL,BRENTOIL,RWA/xyz,lighter:159,hyperliquid:xyz:BRENTOIL,1000,10.20,999.640775,1000.3853999999999,98.00399754901962,98.077,0,0.9,0.09003468599999999,0.6545903139999282,6.54825543705866,0.09003468599999999,0.4998203875,0.06473524049992818,0.6475850337330247,USDC,USDC,149.85990524291992,608.1423759460449,,False,2026-09-29T08:13:47.307558+00:00,True,crossed_back_above_zero,-0.3633395709997634,84.01149106025696
39406,1790670082.8113673,2026-09-29T08:21:22.811367+00:00,LIT|lighter:120|hyperliquid:LIT,LIT,crypto,lighter:120,hyperliquid:LIT,1000,224,996.756414,998.4576,4.449805419642857,4.4574,0,4.5,0.44930591999999997,1.251880080000007,12.559538744036686,0.44930591999999997,0.4983782069999999,0.304195953000007,3.051858495490023,USDC,USDC,154.2677879333496,823.4317302703857,,False,2026-09-29T08:13:47.307558+00:00,True,crossed_back_above_zero,-0.6072999180001567,84.06747841835022
39539,1790670109.7006648,2026-09-29T08:21:49.700665+00:00,META|hyperliquid:xyz:META|lighter:117,META,RWA/xyz,hyperliquid:xyz:META,lighter:117,1000,1.394,999.5676999999998,1000.2646999999998,717.05,717.55,0.9,0,0.08996109299999998,0.6070389070000027,6.073014434139907,0.08996109299999998,0.4997838499999999,0.017293964000002826,0.17301443413990697,USDC,USDC,357.77831077575684,717.7271842956543,,False,2026-09-29T08:13:47.307558+00:00,True,crossed_back_above_zero,-0.02396498400019048,84.05509543418884
39566,1790670126.8431559,2026-09-29T08:22:06.843156+00:00,XPL|lighter:71|hyperliquid:XPL,XPL,crypto,lighter:71,hyperliquid:XPL,1000,9858,999.9930059999999,1001.45042,0.1014397449786975,0.10158758571718401,0,4.5,0.450652689,1.0067613110000853,10.067683523379415,0.450652689,0.4999965029999999,0.056112119000085336,0.5611251145099042,USDC,USDC,152.3900032043457,355.21984100341797,,False,2026-09-29T08:13:47.307558+00:00,True,crossed_back_above_zero,-0.01770854399992311,84.072012424469
39579,1790670136.220297,2026-09-29T08:22:16.220297+00:00,DRAM|hyperliquid:xyz:DRAM|lighter:195,DRAM,RWA/xyz,hyperliquid:xyz:DRAM,lighter:195,1000,16.3,996.2397000000001,997.0384,61.119,61.168,0.9,0,0.08966157300000001,0.7090384269999398,7.117146877402494,0.08966157300000001,0.49811985000000003,0.12125700399993977,1.2171468774024943,USDC,USDC,152.96459197998047,598.3612537384033,,False,2026-09-29T08:13:47.307558+00:00,True,crossed_back_above_zero,-0.19839687199998474,84.26207876205444
39876,1790670214.984708,2026-09-29T08:23:34.984708+00:00,NBIS|hyperliquid:xyz:NBIS|lighter:189,NBIS,RWA/xyz,hyperliquid:xyz:NBIS,lighter:189,1000,4.22,997.6997999999999,998.4519999999999,236.42175355450235,236.6,0.9,0,0.089792982,0.6624070180000162,6.639341994455811,0.089792982,0.49884989999999996,0.0737641360000163,0.7393419944558104,USDC,USDC,155.29441833496094,551.7783164978027,,False,2026-09-29T08:13:47.307558+00:00,True,crossed_back_above_zero,-0.06686304400015919,84.04038906097412
39981,1790670250.8588178,2026-09-29T08:24:10.858818+00:00,LIT|lighter:120|hyperliquid:LIT,LIT,crypto,lighter:120,hyperliquid:LIT,1000,224,995.7773279999999,997.3599999999999,4.445434499999999,4.4525,0,4.5,0.448812,1.1338600000000023,11.386682224201056,0.448812,0.497888664,0.18715933600000234,1.8795299986986886,USDC,USDC,166.8529510498047,451.8876075744629,,False,2026-09-29T08:13:47.307558+00:00,True,crossed_back_above_zero,-0.2940550889998632,84.07963705062866
40094,1790670277.655104,2026-09-29T08:24:37.655104+00:00,META|hyperliquid:xyz:META|lighter:117,META,RWA/xyz,hyperliquid:xyz:META,lighter:117,1000,1.394,999.59558,1000.328718,717.07,717.5959239598278,0.9,0,0.0899636022,0.6431743977999399,6.434346156271919,0.0899636022,0.49979778999999996,0.053413005599939944,0.534346156271919,USDC,USDC,278.6862850189209,440.1712417602539,,False,2026-09-29T08:13:47.307558+00:00,True,crossed_back_above_zero,-0.05240603599989513,83.99087357521057
40582,1790670422.7351274,2026-09-29T08:27:02.735127+00:00,SAMSUNGUSD|hyperliquid:xyz:SMSN|lighter:162,SAMSUNGUSD,RWA/xyz,hyperliquid:xyz:SMSN,lighter:162,1000,4.930,999.8854099999999,1000.7111199999999,202.81651318458415,202.984,0.9,0,0.08998968689999999,0.7357203131000719,7.358046289525037,0.08998968689999999,0.49994270499999993,0.145787921200072,1.4580462895250368,USDC,USDC,340.0752544403076,420.1929569244385,,False,2026-09-29T08:13:47.307558+00:00,True,crossed_back_above_zero,-0.023213782400173577,85.07313418388367
40957,1790670526.350211,2026-09-29T08:28:46.350211+00:00,INTC|hyperliquid:xyz:INTC|rh_lighter:30,INTC,RWA/xyz,hyperliquid:xyz:INTC,rh_lighter:30,1000,8.56,999.2088000000001,999.8936000000001,116.73,116.81,0.9,0,0.08992879200000001,0.5948712079999956,5.95342242782485,0.08992879200000001,0.49960440000000006,0.005338015999995505,0.05342242782485006,USDC,USDG,157.32598304748535,790.276050567627,,False,2026-09-29T08:13:47.307558+00:00,True,crossed_back_above_zero,-0.029672040000078725,59.996196269989014
41979,1790670824.8925123,2026-09-29T08:33:44.892512+00:00,CRCL|hyperliquid:xyz:CRCL|rh_lighter:24,CRCL,RWA/xyz,hyperliquid:xyz:CRCL,rh_lighter:24,1000,11.553,999.923703,1000.6053300000001,86.551,86.61,0.9,0,0.08999313327000001,0.5916338667300486,5.916790100634794,0.08999313327000001,0.4999618515,0.0016788819600485616,0.016790100634793748,USDC,USDG,155.43270111083984,641.5693759918213,,False,2026-09-29T08:13:47.307558+00:00,True,crossed_back_above_zero,-0.16084737087995654,59.55082321166992
41987,1790670826.4670494,2026-09-29T08:33:46.467049+00:00,INTC|hyperliquid:xyz:INTC|rh_lighter:30,INTC,RWA/xyz,hyperliquid:xyz:INTC,rh_lighter:30,1000,8.57,999.0049,999.7762,116.57,116.66,0.9,0,0.08991044100000001,0.6813895589999965,6.820682851505499,0.08991044100000001,0.49950245000000004,0.09197666799999649,0.9206828515054979,USDC,USDG,235.26430130004883,602.1196842193604,,False,2026-09-29T08:13:47.307558+00:00,True,crossed_back_above_zero,-0.07977298799995214,60.12380766868591
42184,1790670884.4113698,2026-09-29T08:34:44.411370+00:00,XPL|lighter:71|hyperliquid:XPL,XPL,crypto,lighter:71,hyperliquid:XPL,1000,9873,999.9979890000001,1001.51712,0.10128613278638712,0.10144,0,4.5,0.450682704,1.068448295999902,10.684504446537462,0.450682704,0.4999989945,0.11776659749990198,1.177668343290058,USDC,USDC,155.24816513061523,785.4344844818115,,False,2026-09-29T08:13:47.307558+00:00,True,crossed_back_above_zero,-0.05172116000007693,83.87238121032715
42599,1790671005.3902016,2026-09-29T08:36:45.390202+00:00,CRCL|hyperliquid:xyz:CRCL|rh_lighter:24,CRCL,RWA/xyz,hyperliquid:xyz:CRCL,rh_lighter:24,1000,11.571,999.958617,1000.800976,86.4193774954628,86.49217664851784,0.9,0,0.08999627553,0.7523627244699876,7.523938607851285,0.08999627553,0.4999793085,0.16238714043998764,1.6239386078512852,USDC,USDG,525.371789932251,437.2715950012207,,False,2026-09-29T08:13:47.307558+00:00,True,crossed_back_above_zero,-0.18307523664003789,60.04102540016174
42742,1790671052.7353966,2026-09-29T08:37:32.735397+00:00,XPL|lighter:71|hyperliquid:XPL,XPL,crypto,lighter:71,hyperliquid:XPL,1000,9914,999.983628,1001.51228,0.10086580875529554,0.10102,0,4.5,0.450680526,1.0779714740000792,10.779891228379984,0.450680526,0.499991814,0.12729913400007925,1.2730121817562323,USDC,USDC,154.75845336914062,549.4663715362549,,False,2026-09-29T08:13:47.307558+00:00,True,crossed_back_above_zero,-0.10752389199991674,84.05176973342896
42761,1790671056.7373312,2026-09-29T08:37:36.737331+00:00,NBIS|hyperliquid:xyz:NBIS|lighter:189,NBIS,RWA/xyz,hyperliquid:xyz:NBIS,lighter:189,1000,4.24,999.368,1000.0915950000001,235.7,235.87065919811323,0.9,0,0.08994312000000002,0.6336518800000457,6.340526012440319,0.08994312000000002,0.499684,0.044024760000045626,0.4405260124403185,USDC,USDC,149.98245239257812,668.3995723724365,,False,2026-09-29T08:13:47.307558+00:00,True,crossed_back_above_zero,-0.17079907199993538,84.0258059501648
42977,1790671118.6403499,2026-09-29T08:38:38.640350+00:00,MSFT|hyperliquid:xyz:MSFT|rh_lighter:14,MSFT,RWA/xyz,hyperliquid:xyz:MSFT,rh_lighter:14,1000,1.968,999.58656,1000.462314,507.92,508.3649969512195,0.9,0,0.08996279039999999,0.785791209600029,7.861162214906422,0.08996279039999999,0.49979327999999995,0.19603513920002907,1.9611622149064218,USDC,USDG,443.5088634490967,512.413740158081,,False,2026-09-29T08:13:47.307558+00:00,True,crossed_back_above_zero,-0.010572095999979159,60.04430842399597
43011,1790671125.49302,2026-09-29T08:38:45.493020+00:00,CRCL|hyperliquid:xyz:CRCL|rh_lighter:24,CRCL,RWA/xyz,hyperliquid:xyz:CRCL,rh_lighter:24,1000,11.574,999.9936,1000.7227619999999,86.4,86.463,0.9,0,0.089999424,0.6391625759998603,6.3916666666652695,0.089999424,0.49999679999999996,0.04916635199986036,0.49166666666527026,USDC,USDG,622.0521926879883,395.0924873352051,,False,2026-09-29T08:13:47.307558+00:00,True,crossed_back_above_zero,-0.2636001784000366,60.07862710952759
43174,1790671176.8682218,2026-09-29T08:39:36.868222+00:00,LIT|lighter:120|hyperliquid:LIT,LIT,crypto,lighter:120,hyperliquid:LIT,1000,225,997.1428630000001,998.8078,4.4317460577777785,4.439145777777778,0,4.5,0.44946351000000007,1.2154734899998951,12.18956214902874,0.44946351000000007,0.4985714315000001,0.26743854849989496,2.682048464903819,USDC,USDC,180.35364151000977,393.26024055480957,,False,2026-09-29T08:13:47.307558+00:00,True,crossed_back_above_zero,-0.7315375560001609,83.98478364944458
43223,1790671186.6985526,2026-09-29T08:39:46.698553+00:00,INTC|hyperliquid:xyz:INTC|rh_lighter:30,INTC,RWA/xyz,hyperliquid:xyz:INTC,rh_lighter:30,1000,8.57,999.4334000000001,1000.119,116.62,116.7,0.9,0,0.08994900600000001,0.5956509939999085,5.959886811866688,0.08994900600000001,0.4997167,0.005985287999908495,0.059886811866688615,USDC,USDG,477.3859977722168,516.6234970092773,,False,2026-09-29T08:13:47.307558+00:00,True,crossed_back_above_zero,-0.1649659440000772,60.071000814437866
43319,1790671224.8901339,2026-09-29T08:40:24.890134+00:00,NBIS|hyperliquid:xyz:NBIS|lighter:189,NBIS,RWA/xyz,hyperliquid:xyz:NBIS,lighter:189,1000,4.23,998.3346000000001,999.0837000000001,236.01290780141844,236.19,0.9,0,0.08985011400000002,0.6592498859999986,6.603496322775936,0.08985011400000002,0.4991673000000001,0.07023247199999849,0.7034963227759359,USDC,USDC,149.5358943939209,371.1869716644287,,False,2026-09-29T08:13:47.307558+00:00,True,crossed_back_above_zero,-0.1556727719999706,84.02011156082153
43343,1790671229.5498595,2026-09-29T08:40:29.549860+00:00,AAPL|hyperliquid:xyz:AAPL|rh_lighter:10,AAPL,RWA/xyz,hyperliquid:xyz:AAPL,rh_lighter:10,1000,2.966,999.8979200000001,1000.60976,337.12,337.36,0.9,0,0.08999081280000001,0.6218491871999383,6.219126720455007,0.08999081280000001,0.49994896000000005,0.031909414399938274,0.31912672045500673,USDC,USDG,692.115306854248,714.9243354797363,,False,2026-09-29T08:13:47.307558+00:00,True,crossed_back_above_zero,-0.02719789559989194,60.209184646606445
43389,1790671238.6806638,2026-09-29T08:40:38.680664+00:00,MSFT|hyperliquid:xyz:MSFT|rh_lighter:14,MSFT,RWA/xyz,hyperliquid:xyz:MSFT,rh_lighter:14,1000,1.968,999.96048,1000.74768,508.11,508.51,0.9,0,0.0899964432,0.6972035567999844,6.972311113735059,0.0899964432,0.49998023999999996,0.1072268735999844,1.0723111137350587,USDC,USDG,478.3318042755127,770.7340717315674,,False,2026-09-29T08:13:47.307558+00:00,True,crossed_back_above_zero,-0.07004486999997411,59.990405321121216
43635,1790671306.6917565,2026-09-29T08:41:46.691756+00:00,INTC|hyperliquid:xyz:INTC|rh_lighter:30,INTC,RWA/xyz,hyperliquid:xyz:INTC,rh_lighter:30,1000,8.58,999.4842,1000.2564,116.49,116.58,0.9,0,0.089953578,0.682246421999998,6.8259850630955246,0.089953578,0.4997421,0.09255074399999791,0.9259850630955238,USDC,USDG,472.0339775085449,401.8208980560303,,False,2026-09-29T08:13:47.307558+00:00,True,crossed_back_above_zero,-0.07934097600001427,60.01083159446716
44589,1790671591.6881762,2026-09-29T08:46:31.688176+00:00,GOOGL|hyperliquid:xyz:GOOGL|rh_lighter:12,GOOGL,RWA/xyz,hyperliquid:xyz:GOOGL,rh_lighter:12,1000,2.919,999.84507,1000.5748199999999,342.53,342.78,0.9,0,0.08998605629999999,0.6397639436999673,6.398630776865932,0.08998605629999999,0.49992253499999995,0.0498553523999673,0.4986307768659329,USDC,USDG,151.12900733947754,749.241828918457,,False,2026-09-29T08:13:47.307558+00:00,True,crossed_back_above_zero,-0.008465099999975634,60.00229072570801
44783,1790671649.3434448,2026-09-29T08:47:29.343445+00:00,AAPL|hyperliquid:xyz:AAPL|rh_lighter:10,AAPL,RWA/xyz,hyperliquid:xyz:AAPL,rh_lighter:10,1000,2.965,999.88695,1000.5785109999998,337.23,337.46324148397974,0.9,0,0.0899898255,0.6015711744998651,6.016391898102731,0.0899898255,0.49994347499999997,0.0116378739998651,0.11639189810273153,USDC,USDG,470.40295600891113,723.5107421875,,False,2026-09-29T08:13:47.307558+00:00,True,crossed_back_above_zero,-0.0406111259999819,60.47754216194153
44849,1790671662.4519958,2026-09-29T08:47:42.451996+00:00,META|hyperliquid:xyz:META|rh_lighter:13,META,RWA/xyz,hyperliquid:xyz:META,rh_lighter:13,1000,1.392,999.9849599999999,1000.723334,718.38,718.9104410919541,0.9,0,0.08999864639999999,0.6483753536001353,6.483851053121193,0.08999864639999999,0.49999247999999996,0.058384227200135363,0.5838510531211927,USDC,USDG,236.328125,812.0603561401367,,False,2026-09-29T08:13:47.307558+00:00,True,crossed_back_above_zero,-0.025446873599927367,60.252084255218506
45261,1790671782.3937118,2026-09-29T08:49:42.393712+00:00,META|hyperliquid:xyz:META|rh_lighter:13,META,RWA/xyz,hyperliquid:xyz:META,rh_lighter:13,1000,1.391,999.80907,1000.5741200000001,718.77,719.32,0.9,0,0.0899828163,0.6750671837000874,6.751960988912488,0.0899828163,0.49990453500000004,0.08517983240008736,0.8519609889124866,USDC,USDG,152.50611305236816,618.7789440155029,,False,2026-09-29T08:13:47.307558+00:00,True,crossed_back_above_zero,-0.04004800280000126,59.82876491546631
45481,1790671845.393591,2026-09-29T08:50:45.393591+00:00,CRCL|hyperliquid:xyz:CRCL|rh_lighter:24,CRCL,RWA/xyz,hyperliquid:xyz:CRCL,rh_lighter:24,1000,11.573,999.918773,1000.647872,86.401,86.464,0.9,0,0.08999268957,0.6391063104300192,6.39158227335351,0.08999268957,0.4999593865,0.049154234360019144,0.4915822733535091,USDC,USDG,514.2266750335693,648.658037185669,,False,2026-09-29T08:13:47.307558+00:00,True,crossed_back_above_zero,-0.10162766199999973,60.29670238494873
45607,1790671889.4220285,2026-09-29T08:51:29.422029+00:00,AAPL|hyperliquid:xyz:AAPL|rh_lighter:10,AAPL,RWA/xyz,hyperliquid:xyz:AAPL,rh_lighter:10,1000,2.966,999.77928,1000.4614600000001,337.08,337.31,0.9,0,0.08998013519999999,0.5921998648001303,5.923306040110476,0.08998013519999999,0.49988963999999997,0.002330089600130314,0.023306040110476326,USDC,USDG,556.387186050415,315.0942325592041,,False,2026-09-29T08:13:47.307558+00:00,True,crossed_back_above_zero,-0.10811615400011393,60.08226776123047
46310,1790672086.549027,2026-09-29T08:54:46.549027+00:00,INTC|hyperliquid:xyz:INTC|rh_lighter:30,INTC,RWA/xyz,hyperliquid:xyz:INTC,rh_lighter:30,1000,8.60,999.578,1000.266,116.23,116.31,0.9,0,0.08996201999999999,0.5980379799999882,5.982904585735063,0.08996201999999999,0.49978899999999993,0.008286959999988297,0.08290458573506317,USDC,USDG,315.91796875,430.0990104675293,,False,2026-09-29T08:13:47.307558+00:00,True,crossed_back_above_zero,-0.16428203199988667,59.89149522781372
46462,1790672136.0512695,2026-09-29T08:55:36.051270+00:00,INTC|hyperliquid:xyz:INTC|lighter:137,INTC,RWA/xyz,hyperliquid:xyz:INTC,lighter:137,1000,8.62,999.92,1000.6613199999999,116.0,116.086,0.9,0,0.0899928,0.6513271999999733,6.51379310344801,0.0899928,0.49995999999999996,0.061374399999973406,0.6137931034480099,USDC,USDC,466.0830497741699,475.33440589904785,,False,2026-09-29T08:13:47.307558+00:00,True,crossed_back_above_zero,-0.3532036199999016,84.65198516845703
46476,1790672138.8015454,2026-09-29T08:55:38.801545+00:00,MSFT|hyperliquid:xyz:MSFT|rh_lighter:14,MSFT,RWA/xyz,hyperliquid:xyz:MSFT,rh_lighter:14,1000,1.966,999.84862,1000.5367200000001,508.57,508.92,0.9,0,0.08998637579999999,0.5981136242000767,5.98204180348898,0.08998637579999999,0.49992431,0.008202938400076742,0.08204180348897959,USDC,USDG,589.3154144287109,535.6144905090332,,False,2026-09-29T08:13:47.307558+00:00,True,crossed_back_above_zero,-0.005382617199882256,60.2555410861969
46508,1790672145.355462,2026-09-29T08:55:45.355462+00:00,CRCL|hyperliquid:xyz:CRCL|rh_lighter:24,CRCL,RWA/xyz,hyperliquid:xyz:CRCL,rh_lighter:24,1000,11.577,999.963375,1000.6641380000001,86.375,86.435530621059,0.9,0,0.08999670375,0.6107662962500517,6.107886663849581,0.08999670375,0.49998168750000005,0.020787905000051676,0.20788666384958027,USDC,USDG,469.81239318847656,575.5271911621094,,False,2026-09-29T08:13:47.307558+00:00,True,crossed_back_above_zero,-0.11953633792006157,59.98017621040344
46636,1790672189.704216,2026-09-29T08:56:29.704216+00:00,SAMSUNGUSD|hyperliquid:xyz:SMSN|lighter:162,SAMSUNGUSD,RWA/xyz,hyperliquid:xyz:SMSN,lighter:162,1000,4.942,999.8286099999999,1000.696943,202.31254755159853,202.48825232699312,0.9,0,0.08998457489999999,0.7783484251001206,7.784818491042387,0.08998457489999999,0.49991430499999995,0.18844954520012064,1.8848184910423864,USDC,USDC,753.6270618438721,797.271728515625,,False,2026-09-29T08:13:47.307558+00:00,True,crossed_back_above_zero,-0.011426719999982737,84.76765322685242
46826,1790672246.5822673,2026-09-29T08:57:26.582267+00:00,SNDK|hyperliquid:xyz:SNDK|rh_lighter:32,SNDK,RWA/xyz,hyperliquid:xyz:SNDK,rh_lighter:32,1000,0.578,999.2463999999999,999.9399999999999,1728.8,1730.0,0.9,0,0.08993217599999999,0.6036678240000604,6.041230911615598,0.08993217599999999,0.4996231999999999,0.014112448000060451,0.14123091161559803,USDC,USDG,345.28541564941406,671.3540554046631,,False,2026-09-29T08:13:47.307558+00:00,True,crossed_back_above_zero,-0.21173989600003884,59.23146390914917
46888,1790672258.756156,2026-09-29T08:57:38.756156+00:00,MSFT|hyperliquid:xyz:MSFT|rh_lighter:14,MSFT,RWA/xyz,hyperliquid:xyz:MSFT,rh_lighter:14,1000,1.967,999.78676,1000.51455,508.28,508.65,0.9,0,0.0899808084,0.6378091916000272,6.379452270402413,0.0899808084,0.49989338,0.04793500320002725,0.4794522704024131,USDC,USDG,544.6546077728271,583.2192897796631,,False,2026-09-29T08:13:47.307558+00:00,True,crossed_back_above_zero,-0.031130430399898268,60.065997838974
46906,1790672262.4562576,2026-09-29T08:57:42.456258+00:00,META|hyperliquid:xyz:META|rh_lighter:13,META,RWA/xyz,hyperliquid:xyz:META,rh_lighter:13,1000,1.392,999.81792,1000.62528,718.26,718.84,0.9,0,0.0899836128,0.717376387200017,7.175070308801997,0.0899836128,0.49990895999999996,0.127483814400017,1.2750703088019966,USDC,USDG,242.95616149902344,338.3216857910156,,False,2026-09-29T08:13:47.307558+00:00,True,crossed_back_above_zero,-0.09565962639981324,60.08515691757202
47126,1790672325.3684025,2026-09-29T08:58:45.368402+00:00,CRCL|hyperliquid:xyz:CRCL|rh_lighter:24,CRCL,RWA/xyz,hyperliquid:xyz:CRCL,rh_lighter:24,1000,11.577,999.9517979999999,1000.6525650000001,86.374,86.43453096657166,0.9,0,0.08999566182,0.6107713381801554,6.10800779999353,0.08999566182,0.49997589899999995,0.02079977736015548,0.2080077999935301,USDC,USDG,478.0848026275635,509.474515914917,,False,2026-09-29T08:13:47.307558+00:00,True,crossed_back_above_zero,-0.13573783804010037,60.33003377914429
47502,1790672438.4013066,2026-09-29T09:00:38.401307+00:00,MSFT|hyperliquid:xyz:MSFT|rh_lighter:14,MSFT,RWA/xyz,hyperliquid:xyz:MSFT,rh_lighter:14,1000,1.966,999.67168,1000.5367200000001,508.48,508.92,0.9,0,0.0899704512,0.7750695488000218,7.753241032095875,0.0899704512,0.49983584000000003,0.1852632576000217,1.8532410320958748,USDC,USDG,180.13787269592285,509.387731552124,,False,2026-09-29T08:13:47.307558+00:00,True,crossed_back_above_zero,-0.07024989839998719,60.0153534412384
47650,1790672486.7233503,2026-09-29T09:01:26.723350+00:00,NBIS|hyperliquid:xyz:NBIS|lighter:189,NBIS,RWA/xyz,hyperliquid:xyz:NBIS,lighter:189,1000,4.25,999.4725,1000.1525,235.17,235.33,0.9,0,0.089952525,0.5900474750000637,5.90358889314177,0.089952525,0.49973625,0.0003587000000637719,0.003588893141770003,USDC,USDC,150.93183517456055,832.411527633667,,False,2026-09-29T08:13:47.307558+00:00,True,crossed_back_above_zero,-0.38352455600001445,84.06105828285217
47662,1790672489.351778,2026-09-29T09:01:29.351778+00:00,AAPL|hyperliquid:xyz:AAPL|rh_lighter:10,AAPL,RWA/xyz,hyperliquid:xyz:AAPL,rh_lighter:10,1000,2.964,999.72756,1000.40928,337.29,337.52,0.9,0,0.0899754804,0.5917445195999275,5.919057784101975,0.0899754804,0.49986378000000004,0.0019052591999274004,0.019057784101974746,USDC,USDG,460.83521842956543,769.8380947113037,,False,2026-09-29T08:13:47.307558+00:00,True,crossed_back_above_zero,-0.0277305856000043,59.930203914642334
48341,1790672682.3740969,2026-09-29T09:04:42.374097+00:00,META|hyperliquid:xyz:META|rh_lighter:13,META,RWA/xyz,hyperliquid:xyz:META,rh_lighter:13,1000,1.391,999.60042,1000.32374,718.62,719.14,0.9,0,0.08996403780000001,0.633355962200058,6.3360913974011535,0.08996403780000001,0.49980020999999997,0.043591714400058046,0.43609139740115405,USDC,USDG,152.7562141418457,662.175178527832,,False,2026-09-29T08:13:47.307558+00:00,True,crossed_back_above_zero,-0.01188748600009526,59.99765920639038
48675,1790672786.9954083,2026-09-29T09:06:26.995408+00:00,BRENTOIL|lighter:159|hyperliquid:xyz:BRENTOIL,BRENTOIL,RWA/xyz,lighter:159,hyperliquid:xyz:BRENTOIL,1000,10.24,999.6697369999999,1000.54016,97.62399775390624,97.709,0,0.9,0.0900486144,0.7803743856000734,7.806321995321876,0.0900486144,0.4998348685,0.19049090270007346,1.9055383558147412,USDC,USDC,154.87146377563477,452.4819850921631,,False,2026-09-29T08:13:47.307558+00:00,True,crossed_back_above_zero,-0.4132769792000747,84.26282262802124
48684,1790672789.0393538,2026-09-29T09:06:29.039354+00:00,AAPL|hyperliquid:xyz:AAPL|rh_lighter:10,AAPL,RWA/xyz,hyperliquid:xyz:AAPL,rh_lighter:10,1000,2.965,999.70905,1000.420633,337.17,337.4099942664418,0.9,0,0.0899738145,0.6216091854999051,6.217900953281408,0.0899738145,0.499854525,0.031780845999905105,0.31790095328140827,USDC,USDG,151.09634399414062,301.4192581176758,,False,2026-09-29T08:13:47.307558+00:00,True,crossed_back_above_zero,-0.009870154000096554,59.687859535217285
48764,1790672805.0619822,2026-09-29T09:06:45.061982+00:00,CRCL|hyperliquid:xyz:CRCL|rh_lighter:24,CRCL,RWA/xyz,hyperliquid:xyz:CRCL,rh_lighter:24,1000,11.589,999.956865,1000.640616,86.285,86.344,0.9,0,0.08999611785,0.5937548821500294,5.937804948716757,0.08999611785,0.49997843249999996,0.0037803318000294572,0.03780494871675747,USDC,USDG,154.97636795043945,821.0551738739014,,False,2026-09-29T08:13:47.307558+00:00,True,crossed_back_above_zero,-0.019474792799970275,59.695677280426025
48957,1790672862.5322301,2026-09-29T09:07:42.532230+00:00,META|hyperliquid:xyz:META|rh_lighter:13,META,RWA/xyz,hyperliquid:xyz:META,rh_lighter:13,1000,1.391,999.5030499999999,1000.2402800000001,718.55,719.08,0.9,0,0.0899552745,0.6472747255001815,6.475965486050108,0.0899552745,0.499751525,0.05756792600018157,0.5759654860501083,USDC,USDG,308.6223602294922,826.2927532196045,,False,2026-09-29T08:13:47.307558+00:00,True,crossed_back_above_zero,-0.05396746160012489,60.145368576049805
49507,1790673029.4850016,2026-09-29T09:10:29.485002+00:00,AAPL|hyperliquid:xyz:AAPL|rh_lighter:10,AAPL,RWA/xyz,hyperliquid:xyz:AAPL,rh_lighter:10,1000,2.965,999.9166,1000.6281759999999,337.24,337.47999190556493,0.9,0,0.08999249399999999,0.6215835059999227,6.216353503881451,0.08999249399999999,0.4999583000000001,0.03163271199992268,0.3163535038814505,USDC,USDG,597.4533557891846,560.0888729095459,,False,2026-09-29T08:13:47.307558+00:00,True,crossed_back_above_zero,-0.11653280199998584,60.1274573802948
49593,1790673046.664413,2026-09-29T09:10:46.664413+00:00,INTC|hyperliquid:xyz:INTC|rh_lighter:30,INTC,RWA/xyz,hyperliquid:xyz:INTC,rh_lighter:30,1000,8.63,999.8718000000001,1000.5622000000001,115.86,115.94,0.9,0,0.08998846200000002,0.6004115379999542,6.004885206282987,0.08998846200000002,0.49993590000000004,0.010487175999954135,0.10488520628298682,USDC,USDG,433.7890148162842,393.4822082519531,,False,2026-09-29T08:13:47.307558+00:00,True,crossed_back_above_zero,-0.1072221080000223,60.045562505722046
49647,1790673075.5249596,2026-09-29T09:11:15.524960+00:00,NBIS|hyperliquid:xyz:NBIS|lighter:189,NBIS,RWA/xyz,hyperliquid:xyz:NBIS,lighter:189,1000,4.26,999.8219999999999,1000.674,234.7,234.9,0.9,0,0.08998397999999999,0.7620160200000892,7.621516829996632,0.08998397999999999,0.499911,0.1721210400000892,1.7215168299966317,USDC,USDC,152.42719650268555,341.0515785217285,,False,2026-09-29T08:13:47.307558+00:00,True,crossed_back_above_zero,-0.0326373879999029,84.08372855186462
49792,1790673105.4567666,2026-09-29T09:11:45.456767+00:00,CRCL|hyperliquid:xyz:CRCL|rh_lighter:24,CRCL,RWA/xyz,hyperliquid:xyz:CRCL,rh_lighter:24,1000,11.591,999.932388,1000.667336,86.268,86.33140678112329,0.9,0,0.08999391492,0.6449540850800313,6.4499769466416295,0.08999391492,0.499966194,0.05499397616003132,0.5499769466416295,USDC,USDG,559.5028400421143,568.8352584838867,,False,2026-09-29T08:13:47.307558+00:00,True,crossed_back_above_zero,-0.0193819071600006,60.07748341560364
49984,1790673162.710203,2026-09-29T09:12:42.710203+00:00,META|hyperliquid:xyz:META|rh_lighter:13,META,RWA/xyz,hyperliquid:xyz:META,rh_lighter:13,1000,1.390,999.5628999999999,1000.2856999999999,719.11,719.63,0.9,0,0.089960661,0.6328393390000066,6.331160740359677,0.089960661,0.49978144999999996,0.04309722800000659,0.43116074035967716,USDC,USDG,467.8072929382324,660.2733135223389,,False,2026-09-29T08:13:47.307558+00:00,True,crossed_back_above_zero,-0.025910991600105238,60.00274729728699
50246,1790673245.0481648,2026-09-29T09:14:05.048165+00:00,NBIS|hyperliquid:xyz:NBIS|lighter:189,NBIS,RWA/xyz,hyperliquid:xyz:NBIS,lighter:189,1000,4.26,999.4957999999999,1000.2053999999999,234.62342723004693,234.79,0.9,0,0.089954622,0.6196453780000231,6.199579608038603,0.089954622,0.4997478999999999,0.02994285600002311,0.29957960803860423,USDC,USDC,151.5653133392334,706.2339782714844,,False,2026-09-29T08:13:47.307558+00:00,True,crossed_back_above_zero,-0.10344110000006829,85.14350008964539
50366,1790673277.5845377,2026-09-29T09:14:37.584538+00:00,MSFT|hyperliquid:xyz:MSFT|rh_lighter:14,MSFT,RWA/xyz,hyperliquid:xyz:MSFT,rh_lighter:14,1000,1.968,999.92112,1000.60992,508.09,508.44,0.9,0,0.0899929008,0.5988070992000147,5.9885433683010385,0.0899929008,0.49996056,0.00885363840001474,0.08854336830103898,USDC,USDG,684.9071979522705,491.6036128997803,,False,2026-09-29T09:13:56.425096+00:00,True,crossed_back_above_zero,-0.006086367600110776,59.20711636543274
50538,1790673330.3957765,2026-09-29T09:15:30.395777+00:00,GOOGL|hyperliquid:xyz:GOOGL|rh_lighter:12,GOOGL,RWA/xyz,hyperliquid:xyz:GOOGL,rh_lighter:12,1000,2.922,999.6746400000001,1000.7850000000001,342.12,342.5,0.9,0,0.08997071760000001,1.0203892824000143,10.207213843096133,0.08997071760000001,0.49983732,0.4305812448000143,4.307213843096132,USDC,USDG,163.74588012695312,457.8430652618408,,False,2026-09-29T09:13:56.425096+00:00,True,crossed_back_above_zero,-0.0664737812000693,59.99485182762146
50578,1790673338.4158108,2026-09-29T09:15:38.415811+00:00,TSLA|hyperliquid:xyz:TSLA|rh_lighter:16,TSLA,RWA/xyz,hyperliquid:xyz:TSLA,rh_lighter:16,1000,2.791,999.84784,1000.557408,358.24,358.49423432461487,0.9,0,0.0899863056,0.6195816943999902,6.19675984297761,0.0899863056,0.49992392,0.02967146879999022,0.29675984297760966,USDC,USDG,184.53025817871094,460.8747959136963,,False,2026-09-29T09:13:56.425096+00:00,True,crossed_back_above_zero,-0.03810470399998572,60.027257204055786
51033,1790673466.4001992,2026-09-29T09:17:46.400199+00:00,INTC|hyperliquid:xyz:INTC|rh_lighter:30,INTC,RWA/xyz,hyperliquid:xyz:INTC,rh_lighter:30,1000,8.64,999.8208000000001,1000.5120000000001,115.72,115.8,0.9,0,0.089983872,0.6012161279999807,6.013238852402157,0.089983872,0.49991040000000003,0.011321855999980646,0.11323885240215692,USDC,USDG,154.00958061218262,625.262975692749,,False,2026-09-29T09:13:56.425096+00:00,True,crossed_back_above_zero,-0.10959739199994212,59.84941053390503
51129,1790673504.0362597,2026-09-29T09:18:24.036260+00:00,DRAM|hyperliquid:xyz:DRAM|lighter:195,DRAM,RWA/xyz,hyperliquid:xyz:DRAM,lighter:195,1000,16.4,997.0118,997.776,60.7934024390244,60.84,0.9,0,0.089731062,0.6744689379999598,6.7649042669300385,0.089731062,0.4985059,0.08623197599995974,0.8649042669300377,USDC,USDC,417.52052307128906,561.3229274749756,,False,2026-09-29T09:13:56.425096+00:00,True,crossed_back_above_zero,-0.051795552000124034,83.00068545341492
51195,1790673517.6731486,2026-09-29T09:18:37.673149+00:00,MSFT|hyperliquid:xyz:MSFT|rh_lighter:14,MSFT,RWA/xyz,hyperliquid:xyz:MSFT,rh_lighter:14,1000,1.967,999.6884100000001,1000.43586,508.23,508.6099949161159,0.9,0,0.08997195690000001,0.6574780430999579,6.576829705367475,0.08997195690000001,0.49984420500000004,0.06766188119995786,0.676829705367474,USDC,USDG,772.1066474914551,679.2185306549072,,False,2026-09-29T09:13:56.425096+00:00,True,crossed_back_above_zero,-0.0011312408001281082,60.307076930999756
51435,1790673583.793744,2026-09-29T09:19:43.793744+00:00,META|hyperliquid:xyz:META|rh_lighter:13,META,RWA/xyz,hyperliquid:xyz:META,rh_lighter:13,1000,1.390,999.3266,1000.1049999999999,718.94,719.5,0.9,0,0.089939394,0.6884606059999197,6.889245277769247,0.089939394,0.4996633,0.09885791199991972,0.9892452777692471,USDC,USDG,154.0510654449463,806.8063259124756,,False,2026-09-29T09:13:56.425096+00:00,True,crossed_back_above_zero,-0.08189880000008198,60.07254481315613
51449,1790673586.467203,2026-09-29T09:19:46.467203+00:00,INTC|hyperliquid:xyz:INTC|rh_lighter:30,INTC,RWA/xyz,hyperliquid:xyz:INTC,rh_lighter:30,1000,8.63,999.0951,999.7855000000001,115.77,115.85,0.9,0,0.08991855900000001,0.6004814410000678,6.010253088020028,0.08991855900000001,0.49954755000000006,0.011015332000067768,0.110253088020027,USDC,USDG,150.5594253540039,758.2643032073975,,False,2026-09-29T09:13:56.425096+00:00,True,crossed_back_above_zero,-0.0340536479998953,60.065345287323
51704,1790673669.888156,2026-09-29T09:21:09.888156+00:00,DRAM|hyperliquid:xyz:DRAM|lighter:195,DRAM,RWA/xyz,hyperliquid:xyz:DRAM,lighter:195,1000,16.4,998.0219999999998,998.7107999999998,60.855,60.897,0.9,0,0.08982197999999998,0.5989780200000148,6.001651466601086,0.08982197999999998,0.49901099999999987,0.010145040000014927,0.10165146660108623,USDC,USDC,212.7823829650879,662.2169017791748,,False,2026-09-29T09:13:56.425096+00:00,True,crossed_back_above_zero,-0.07320015199996843,82.96967339515686
52198,1790673810.6080644,2026-09-29T09:23:30.608064+00:00,GOOGL|hyperliquid:xyz:GOOGL|rh_lighter:12,GOOGL,RWA/xyz,hyperliquid:xyz:GOOGL,rh_lighter:12,1000,2.923,999.68343,1000.665686,342.00596305165925,342.34200684228534,0.9,0,0.08997150870000001,0.8922844913000066,8.925670512514213,0.08997150870000001,0.499841715,0.3024712676000066,3.0256705125142123,USDC,USDG,372.4544048309326,512.1312141418457,,False,2026-09-29T09:13:56.425096+00:00,True,crossed_back_above_zero,-0.03695862479990797,60.049527406692505
52485,1790673886.4953353,2026-09-29T09:24:46.495335+00:00,INTC|hyperliquid:xyz:INTC|rh_lighter:30,INTC,RWA/xyz,hyperliquid:xyz:INTC,rh_lighter:30,1000,8.64,999.1296000000001,999.8208000000001,115.64,115.72,0.9,0,0.08992166400000001,0.6012783359999807,6.018021445866288,0.08992166400000001,0.49956480000000003,0.011791871999980663,0.11802144586628863,USDC,USDG,248.39138984680176,523.3995914459229,,False,2026-09-29T09:13:56.425096+00:00,True,crossed_back_above_zero,-0.07443187199993156,59.884795904159546
52646,1790673937.379492,2026-09-29T09:25:37.379492+00:00,MSFT|hyperliquid:xyz:MSFT|rh_lighter:14,MSFT,RWA/xyz,hyperliquid:xyz:MSFT,rh_lighter:14,1000,1.969,999.9566500000001,1000.6458,507.85,508.2,0.9,0,0.08999609850000001,0.5991539014999269,5.991798759475492,0.08999609850000001,0.49997832500000006,0.0091794779999268,0.09179875947549125,USDC,USDG,480.47471046447754,897.5560665130615,,False,2026-09-29T09:13:56.425096+00:00,True,crossed_back_above_zero,-0.01053730040004186,59.9964919090271
52688,1790673945.8804662,2026-09-29T09:25:45.880466+00:00,SAMSUNGUSD|hyperliquid:xyz:SMSN|lighter:162,SAMSUNGUSD,RWA/xyz,hyperliquid:xyz:SMSN,lighter:162,1000,4.952,999.88313,1000.6159759999999,201.91501009693056,202.063,0.9,0,0.08998948170000001,0.6428565182998813,6.429316577227194,0.08998948170000001,0.499941565,0.05292547159988137,0.5293165772271942,USDC,USDC,153.54084968566895,752.528190612793,,False,2026-09-29T09:13:56.425096+00:00,True,crossed_back_above_zero,-0.015070702800041746,82.50716185569763
52814,1790673989.4185572,2026-09-29T09:26:29.418557+00:00,AAPL|hyperliquid:xyz:AAPL|rh_lighter:10,AAPL,RWA/xyz,hyperliquid:xyz:AAPL,rh_lighter:10,1000,2.966,999.8979200000001,1000.60976,337.12,337.36,0.9,0,0.08999081280000001,0.6218491871999383,6.219126720455007,0.08999081280000001,0.49994896000000005,0.031909414399938274,0.31912672045500673,USDC,USDG,514.0750408172607,508.6197853088379,,False,2026-09-29T09:13:56.425096+00:00,True,crossed_back_above_zero,-0.027496091999955563,59.927971601486206
52900,1790674006.620648,2026-09-29T09:26:46.620648+00:00,INTC|hyperliquid:xyz:INTC|rh_lighter:30,INTC,RWA/xyz,hyperliquid:xyz:INTC,rh_lighter:30,1000,8.65,999.248,999.9399999999999,115.52,115.6,0.9,0,0.08993232000000001,0.6020676799998936,6.025207756231622,0.08993232000000001,0.49962399999999996,0.012511359999893723,0.12520775623162342,USDC,USDG,289.2026901245117,363.7089729309082,,False,2026-09-29T09:13:56.425096+00:00,True,crossed_back_above_zero,-0.05931337599997266,60.06658577919006
53380,1790674158.3681138,2026-09-29T09:29:18.368114+00:00,NBIS|hyperliquid:xyz:NBIS|lighter:189,NBIS,RWA/xyz,hyperliquid:xyz:NBIS,lighter:189,1000,4.27,999.9912999999999,1000.8452999999998,234.19,234.39,0.9,0,0.08999921699999999,0.7640007829999281,7.64007429864568,0.08999921699999999,0.49999564999999996,0.17400591599992815,1.7400742986456799,USDC,USDC,379.0931701660156,533.1776142120361,,False,2026-09-29T09:13:56.425096+00:00,True,crossed_back_above_zero,-0.16736179600004308,82.89330077171326
53515,1790674185.493973,2026-09-29T09:29:45.493973+00:00,CRCL|hyperliquid:xyz:CRCL|rh_lighter:24,CRCL,RWA/xyz,hyperliquid:xyz:CRCL,rh_lighter:24,1000,11.598,999.933168,1000.6452790000004,86.216,86.2773994654251,0.9,0,0.08999398512000001,0.622117014880391,6.2215859498361095,0.08999398512000001,0.499966584,0.03215644576039095,0.32158594983610894,USDC,USDG,571.6161727905273,687.0477199554443,,False,2026-09-29T09:13:56.425096+00:00,True,crossed_back_above_zero,-0.17980448728015136,59.9768226146698
53643,1790674229.7055469,2026-09-29T09:30:29.705547+00:00,AAPL|hyperliquid:xyz:AAPL|rh_lighter:10,AAPL,RWA/xyz,hyperliquid:xyz:AAPL,rh_lighter:10,1000,2.966,999.74962,1000.4357080000002,337.07,337.3013175994606,0.9,0,0.0899774658,0.5961105342001544,5.9625982573532195,0.0899774658,0.49987481000000006,0.006258258400154315,0.06259825735321925,USDC,USDG,795.5431938171387,517.6148414611816,,False,2026-09-29T09:13:56.425096+00:00,True,crossed_back_above_zero,-0.03352080199993246,60.06061840057373
53649,1790674230.747087,2026-09-29T09:30:30.747087+00:00,GOOGL|hyperliquid:xyz:GOOGL|rh_lighter:12,GOOGL,RWA/xyz,hyperliquid:xyz:GOOGL,rh_lighter:12,1000,2.925,999.91125,1000.67175,341.85,342.11,0.9,0,0.0899920125,0.6705079874999791,6.705675003656366,0.0899920125,0.49995562499999996,0.08056034999997913,0.8056750036563658,USDC,USDG,501.7504692077637,403.15794944763184,,False,2026-09-29T09:13:56.425096+00:00,True,crossed_back_above_zero,-0.00766176759991094,60.035237073898315
53683,1790674237.5999992,2026-09-29T09:30:37.599999+00:00,MSFT|hyperliquid:xyz:MSFT|rh_lighter:14,MSFT,RWA/xyz,hyperliquid:xyz:MSFT,rh_lighter:14,1000,1.968,999.9408000000001,1000.64928,508.1,508.46,0.9,0,0.08999467200000001,0.618485327999895,6.185219444990093,0.08999467200000001,0.49997040000000004,0.02852025599989494,0.2852194449900928,USDC,USDG,689.5201206207275,811.0716342926025,,False,2026-09-29T09:13:56.425096+00:00,True,crossed_back_above_zero,-0.22749849920001386,60.10598397254944
53709,1790674242.7329938,2026-09-29T09:30:42.732994+00:00,AMZN|hyperliquid:xyz:AMZN|rh_lighter:11,AMZN,RWA/xyz,hyperliquid:xyz:AMZN,rh_lighter:11,1000,4.053,999.79404,1000.60464,246.68,246.88,0.9,0,0.0899814636,0.7206185364000222,7.207669855683698,0.0899814636,0.49989701999999997,0.13074005280002216,1.3076698556836983,USDC,USDG,483.20841789245605,507.0607662200928,,False,2026-09-29T09:13:56.425096+00:00,True,crossed_back_above_zero,-0.21589157080003546,59.531787157058716
54112,1790674360.4806366,2026-09-29T09:32:40.480637+00:00,SAMSUNGUSD|hyperliquid:xyz:SMSN|lighter:162,SAMSUNGUSD,RWA/xyz,hyperliquid:xyz:SMSN,lighter:162,1000,4.954,999.96242,1000.68323,201.84949939442873,201.995,0.9,0,0.0899966178,0.6308133822000286,6.308370890578354,0.0899966178,0.49998121,0.04083555440002856,0.4083708905783535,USDC,USDC,246.08755111694336,681.7007064819336,,False,2026-09-29T09:13:56.425096+00:00,True,crossed_back_above_zero,-0.11522013200001147,83.58412766456604
54235,1790674403.372849,2026-09-29T09:33:23.372849+00:00,XPL|lighter:71|hyperliquid:XPL,XPL,crypto,lighter:71,hyperliquid:XPL,1000,9971,999.936064,1002.0254,0.10028443125062682,0.1004939725203089,0,4.5,0.45091143,1.6384245700000029,16.385293310113106,0.45091143,0.49996803199999995,0.6875451080000028,6.8758906969476286,USDC,USDC,383.6824893951416,443.91679763793945,,False,2026-09-29T09:13:56.425096+00:00,True,crossed_back_above_zero,-0.13913641250001857,83.77467012405396
54336,1790674423.7391984,2026-09-29T09:33:43.739198+00:00,META|hyperliquid:xyz:META|rh_lighter:13,META,RWA/xyz,hyperliquid:xyz:META,rh_lighter:13,1000,1.392,999.62304,1000.4304,718.12,718.7,0.9,0,0.08996607359999999,0.717393926400017,7.176644571938008,0.08996607359999999,0.49981152,0.127616332800017,1.2766445719380077,USDC,USDG,158.646821975708,765.2735710144043,,False,2026-09-29T09:13:56.425096+00:00,True,crossed_back_above_zero,-0.053230079999896596,60.00612497329712
54874,1790674586.6541553,2026-09-29T09:36:26.654155+00:00,SNDK|hyperliquid:xyz:SNDK|rh_lighter:32,SNDK,RWA/xyz,hyperliquid:xyz:SNDK,rh_lighter:32,1000,0.579,999.0065999999999,999.71877,1725.4,1726.63,0.9,0,0.089910594,0.6222594060000146,6.228781731772489,0.089910594,0.49950329999999993,0.032845512000014676,0.32878173177248954,USDC,USDG,343.24073791503906,590.2140140533447,,False,2026-09-29T09:13:56.425096+00:00,True,crossed_back_above_zero,-0.01375009199990862,60.2603440284729
54888,1790674589.385899,2026-09-29T09:36:29.385899+00:00,AAPL|hyperliquid:xyz:AAPL|rh_lighter:10,AAPL,RWA/xyz,hyperliquid:xyz:AAPL,rh_lighter:10,1000,2.965,999.7979999999999,1000.479739,337.2,337.42992883642495,0.9,0,0.08998181999999999,0.5917571800001069,5.918767391014055,0.08998181999999999,0.499899,0.0018763600001069358,0.0187673910140542,USDC,USDG,474.42102432250977,564.9645328521729,,False,2026-09-29T09:13:56.425096+00:00,True,crossed_back_above_zero,-0.027753477999953702,59.96786284446716
55706,1790674826.7085054,2026-09-29T09:40:26.708505+00:00,SNDK|hyperliquid:xyz:SNDK|rh_lighter:32,SNDK,RWA/xyz,hyperliquid:xyz:SNDK,rh_lighter:32,1000,0.578,998.4372,999.2175,1727.4,1728.75,0.9,0,0.089859348,0.690440652000011,6.915213615838944,0.089859348,0.49921859999999996,0.10136270400001102,1.0152136158389433,USDC,USDG,459.98597145080566,573.5740661621094,,False,2026-09-29T09:13:56.425096+00:00,True,crossed_back_above_zero,-0.06813772000005475,60.043795108795166
55834,1790674856.730328,2026-09-29T09:40:56.730328+00:00,SAMSUNGUSD|hyperliquid:xyz:SMSN|lighter:162,SAMSUNGUSD,RWA/xyz,hyperliquid:xyz:SMSN,lighter:162,1000,4.950,999.94523,1000.62765,202.00913737373736,202.147,0.9,0,0.08999507070000001,0.5924249292999791,5.924573781905826,0.08999507070000001,0.49997261500000006,0.0024572435999790643,0.024573781905825626,USDC,USDC,155.47871589660645,570.3978538513184,,False,2026-09-29T09:13:56.425096+00:00,True,crossed_back_above_zero,-0.011877193200172886,82.58092427253723
56122,1790674946.726451,2026-09-29T09:42:26.726451+00:00,SNDK|hyperliquid:xyz:SNDK|rh_lighter:32,SNDK,RWA/xyz,hyperliquid:xyz:SNDK,rh_lighter:32,1000,0.578,998.3793999999999,999.0649109999999,1727.3,1728.4860051903115,0.9,0,0.089854146,0.5956568540000196,5.966237424370131,0.089854146,0.4991897,0.006613008000019571,0.06623742437012994,USDC,USDG,479.8543453216553,659.5141887664795,,False,2026-09-29T09:13:56.425096+00:00,True,crossed_back_above_zero,-0.08355799200003527,59.99790406227112
56533,1790675065.7241347,2026-09-29T09:44:25.724135+00:00,XPL|lighter:71|hyperliquid:XPL,XPL,crypto,lighter:71,hyperliquid:XPL,1000,10008,999.9993599999999,1001.4757500000001,0.09992,0.10006752098321343,0,4.5,0.45066408750000003,1.0257259125001512,10.257265689651554,0.45066408750000003,0.49999968,0.07506214500015113,0.7506219303995467,USDC,USDC,790.6463146209717,783.2036018371582,,False,2026-09-29T09:13:56.425096+00:00,True,crossed_back_above_zero,-0.33085169899988687,83.3529736995697
56552,1790675069.6007366,2026-09-29T09:44:29.600737+00:00,AAPL|hyperliquid:xyz:AAPL|rh_lighter:10,AAPL,RWA/xyz,hyperliquid:xyz:AAPL,rh_lighter:10,1000,2.965,999.7979999999999,1000.538652,337.2,337.44979831365936,0.9,0,0.08998181999999999,0.6506701800000683,6.508016419317386,0.08998181999999999,0.499899,0.06078936000006829,0.608016419317385,USDC,USDG,694.8244571685791,423.80309104919434,,False,2026-09-29T09:13:56.425096+00:00,True,crossed_back_above_zero,-0.027450923200018684,60.025044679641724
56966,1790675189.394673,2026-09-29T09:46:29.394673+00:00,AAPL|hyperliquid:xyz:AAPL|rh_lighter:10,AAPL,RWA/xyz,hyperliquid:xyz:AAPL,rh_lighter:10,1000,2.967,999.9680099999999,1000.65077,337.03,337.26011796427366,0.9,0,0.08999712089999999,0.5927628791000302,5.92781842191162,0.08999712089999999,0.49998400499999995,0.002781753200030268,0.027818421911619633,USDC,USDG,467.58055686950684,718.818187713623,,False,2026-09-29T09:13:56.425096+00:00,True,crossed_back_above_zero,-0.05719247800009225,59.95863938331604
57214,1790675257.588957,2026-09-29T09:47:37.588957+00:00,MSFT|hyperliquid:xyz:MSFT|rh_lighter:14,MSFT,RWA/xyz,hyperliquid:xyz:MSFT,rh_lighter:14,1000,1.968,999.76368,1000.45248,508.01,508.36,0.9,0,0.08997873120000001,0.5988212688000147,5.989628156926192,0.08997873120000001,0.49988184,0.008960697600014722,0.08962815692619201,USDC,USDG,660.0692272186279,706.0191631317139,,False,2026-09-29T09:13:56.425096+00:00,True,crossed_back_above_zero,-0.08956773839999332,60.178436040878296
57293,1790675278.8719003,2026-09-29T09:47:58.871900+00:00,BRENTOIL|lighter:159|hyperliquid:xyz:BRENTOIL,BRENTOIL,RWA/xyz,lighter:159,hyperliquid:xyz:BRENTOIL,1000,10.29,999.200108,999.9204599999999,97.10399494655006,97.174,0,0.9,0.0899928414,0.6303591585999344,6.308637814918395,0.0899928414,0.499600054,0.04076626319993443,0.4079889791198304,USDC,USDC,148.50163459777832,872.974157333374,,False,2026-09-29T09:13:56.425096+00:00,True,crossed_back_above_zero,-0.3611915865999273,82.78924202919006
57522,1790675353.615419,2026-09-29T09:49:13.615419+00:00,SAMSUNGUSD|hyperliquid:xyz:SMSN|lighter:162,SAMSUNGUSD,RWA/xyz,hyperliquid:xyz:SMSN,lighter:162,1000,4.952,999.95241,1000.7105109999999,201.9290004038772,202.08209026655894,0.9,0,0.08999571690000001,0.6681052830998969,6.681370797435219,0.08999571690000001,0.499976205,0.07813336119989694,0.7813707974352194,USDC,USDC,151.70717239379883,426.4867305755615,,False,2026-09-29T09:13:56.425096+00:00,True,crossed_back_above_zero,-0.22964195560023976,82.75600004196167
57713,1790675401.6510465,2026-09-29T09:50:01.651047+00:00,AVAX|lighter:9|hyperliquid:AVAX,AVAX,crypto,lighter:9,hyperliquid:AVAX,1000,86.53,999.923374,1001.44625,11.5558,11.57339939905235,0,4.5,0.45065081250000005,1.0722251874999964,10.723073541233136,0.45065081250000005,0.499961687,0.12161268799999636,1.21622007407936,USDC,USDC,155.22384643554688,832.1118354797363,,False,2026-09-29T09:13:56.425096+00:00,True,crossed_back_above_zero,-0.5773085365000505,82.71705293655396
57769,1790675423.7357166,2026-09-29T09:50:23.735717+00:00,XAG|hyperliquid:xyz:SILVER|rh_lighter:41,XAG,RWA/xyz,hyperliquid:xyz:SILVER,rh_lighter:41,1000,16.46,999.9604399999998,1000.7252040000001,60.75093803159172,60.7974,0.9,0,0.08999643959999999,0.6747675604002411,6.747942552609794,0.08999643959999999,0.4999802199999999,0.08479090080024115,0.8479425526097929,USDC,USDG,150.24352073669434,751.7812252044678,,False,2026-09-29T09:13:56.425096+00:00,True,crossed_back_above_zero,-0.08247579279991313,59.998260498046875
57797,1790675429.4232702,2026-09-29T09:50:29.423270+00:00,AAPL|hyperliquid:xyz:AAPL|rh_lighter:10,AAPL,RWA/xyz,hyperliquid:xyz:AAPL,rh_lighter:10,1000,2.968,999.80048,1000.4867739999999,336.86,337.09123113207545,0.9,0,0.0899820432,0.5963119567998616,5.964309567043433,0.0899820432,0.49990024000000005,0.006429673599861518,0.06430956704343169,USDC,USDG,483.3524227142334,549.3476390838623,,False,2026-09-29T09:13:56.425096+00:00,True,crossed_back_above_zero,-0.05668523839997758,60.029446840286255
57835,1790675437.0797231,2026-09-29T09:50:37.079723+00:00,MSFT|hyperliquid:xyz:MSFT|rh_lighter:14,MSFT,RWA/xyz,hyperliquid:xyz:MSFT,rh_lighter:14,1000,1.968,999.86208,1000.55088,508.06,508.41,0.9,0,0.0899875872,0.5988124128000147,5.98895012400125,0.0899875872,0.49993104000000005,0.008893785600014692,0.08895012400124917,USDC,USDG,150.0720977783203,681.7877292633057,,False,2026-09-29T09:13:56.425096+00:00,True,crossed_back_above_zero,-0.05029461639995492,59.6788375377655
57883,1790675446.5403402,2026-09-29T09:50:46.540340+00:00,INTC|hyperliquid:xyz:INTC|rh_lighter:30,INTC,RWA/xyz,hyperliquid:xyz:INTC,rh_lighter:30,1000,8.61,999.1043999999999,999.8793,116.04,116.13,0.9,0,0.089919396,0.6849806040000024,6.855946225439528,0.089919396,0.4995522,0.0955090080000024,0.9559462254395277,USDC,USDG,256.7873001098633,566.4122104644775,,False,2026-09-29T09:13:56.425096+00:00,True,crossed_back_above_zero,-0.07704227999997282,59.97314500808716
57956,1790675479.3934207,2026-09-29T09:51:19.393421+00:00,XPL|lighter:71|hyperliquid:XPL,XPL,crypto,lighter:71,hyperliquid:XPL,1000,9974,999.93986,1001.5564999999999,0.10025464808502105,0.1004167335071185,0,4.5,0.450700425,1.1659395749999613,11.660096988232485,0.450700425,0.49996993,0.2152692199999613,2.1528216706948884,USDC,USDC,449.60522651672363,673.4871864318848,,False,2026-09-29T09:13:56.425096+00:00,True,crossed_back_above_zero,-0.14815261899999527,83.08265113830566
58213,1790675549.3975675,2026-09-29T09:52:29.397568+00:00,AAPL|hyperliquid:xyz:AAPL|rh_lighter:10,AAPL,RWA/xyz,hyperliquid:xyz:AAPL,rh_lighter:10,1000,2.969,999.8701299999999,1000.553,336.77,337.0,0.9,0,0.0899883117,0.5928816883000936,5.929586958459232,0.0899883117,0.49993506499999996,0.0029583116000936327,0.029586958459231427,USDC,USDG,456.8042755126953,735.630989074707,,False,2026-09-29T09:13:56.425096+00:00,True,crossed_back_above_zero,-0.05664487359986381,59.889071226119995
58285,1790675563.7423887,2026-09-29T09:52:43.742389+00:00,META|hyperliquid:xyz:META|rh_lighter:13,META,RWA/xyz,hyperliquid:xyz:META,rh_lighter:13,1000,1.389,999.35841,1000.05222,719.4804967602593,719.98,0.9,0,0.0899422569,0.6038677430999849,6.042554273396116,0.0899422569,0.499679205,0.01424628119998489,0.1425542733961171,USDC,USDG,149.34706687927246,752.4535655975342,,False,2026-09-29T09:13:56.425096+00:00,True,crossed_back_above_zero,-0.37488207480008817,59.97027111053467
58430,1790675611.3994126,2026-09-29T09:53:31.399413+00:00,ENA|hyperliquid:ENA|lighter:29,ENA,crypto,hyperliquid:ENA,lighter:29,1000,3984,999.9043199999999,1001.3784,0.25098,0.25135,4.5,0,0.4499569439999999,1.0241230560001855,10.242210534705817,0.4499569439999999,0.4999521599999999,0.0742139520001856,0.7422105347058168,USDC,USDC,465.1014804840088,349.47729110717773,,False,2026-09-29T09:13:56.425096+00:00,True,crossed_back_above_zero,-1.8869071439999414,82.63476157188416
58460,1790675617.4206247,2026-09-29T09:53:37.420625+00:00,MSFT|hyperliquid:xyz:MSFT|rh_lighter:14,MSFT,RWA/xyz,hyperliquid:xyz:MSFT,rh_lighter:14,1000,1.969,999.83851,1000.5867300000001,507.79,508.17,0.9,0,0.0899854659,0.6582345341000603,6.5834084956385635,0.0899854659,0.49991925499999995,0.06832981320006032,0.6834084956385639,USDC,USDG,490.1857376098633,805.6886196136475,,False,2026-09-29T09:13:56.425096+00:00,True,crossed_back_above_zero,-0.04986374359997914,60.27368664741516
58552,1790675648.6164808,2026-09-29T09:54:08.616481+00:00,NBIS|hyperliquid:xyz:NBIS|lighter:189,NBIS,RWA/xyz,hyperliquid:xyz:NBIS,lighter:189,1000,4.25,998.714,999.5575,234.99152941176473,235.19,0.9,0,0.08988426000000001,0.753615739999949,7.545861377731252,0.08988426000000001,0.49935700000000005,0.16437447999994892,1.6458613777312514,USDC,USDC,152.79793739318848,437.5448226928711,,False,2026-09-29T09:13:56.425096+00:00,True,crossed_back_above_zero,-0.08563568400008792,82.8812427520752
59544,1790675926.834802,2026-09-29T09:58:46.834802+00:00,INTC|hyperliquid:xyz:INTC|rh_lighter:30,INTC,RWA/xyz,hyperliquid:xyz:INTC,rh_lighter:30,1000,8.62,999.8337999999999,1000.5233999999998,115.99,116.07,0.9,0,0.08998504199999999,0.5996149579999276,5.997146305715287,0.08998504199999999,0.4999169,0.009713015999927577,0.09714630571528567,USDC,USDG,562.1130466461182,808.8719844818115,,False,2026-09-29T09:13:56.425096+00:00,True,crossed_back_above_zero,-0.1625111359999974,60.121440172195435
61137,1790676393.735842,2026-09-29T10:06:33.735842+00:00,NBIS|hyperliquid:xyz:NBIS|lighter:189,NBIS,RWA/xyz,hyperliquid:xyz:NBIS,lighter:189,1000,4.25,998.8775,999.5999999999999,235.03,235.2,0.9,0,0.089898975,0.6326010249998545,6.333119176273912,0.089898975,0.4994387500000001,0.0432632999998544,0.43311917627391144,USDC,USDC,188.3711814880371,552.9050827026367,,False,2026-09-29T09:13:56.425096+00:00,True,crossed_back_above_zero,-0.03935963999988806,82.6847813129425
61248,1790676429.807354,2026-09-29T10:07:09.807354+00:00,SAMSUNGUSD|hyperliquid:xyz:SMSN|lighter:162,SAMSUNGUSD,RWA/xyz,hyperliquid:xyz:SMSN,lighter:162,1000,4.943,999.82061,1000.5670029999999,202.27,202.421,0.9,0,0.08998385490000001,0.6564091450998981,6.565269194639808,0.08998385490000001,0.49991030499999994,0.06651498519989812,0.6652691946398076,USDC,USDC,230.46612739562988,383.41712951660156,,False,2026-09-29T09:13:56.425096+00:00,True,crossed_back_above_zero,-0.014924094000049126,82.81146550178528
61294,1790676443.7493718,2026-09-29T10:07:23.749372+00:00,XAG|hyperliquid:xyz:SILVER|rh_lighter:41,XAG,RWA/xyz,hyperliquid:xyz:SILVER,rh_lighter:41,1000,16.44,999.99588,1000.8819960000001,60.827,60.8809,0.9,0,0.0899996292,0.7961163708000154,7.961196508129767,0.0899996292,0.49999794000000003,0.20611880160001533,2.0611965081297665,USDC,USDG,152.3897647857666,662.4386310577393,,False,2026-09-29T09:13:56.425096+00:00,True,crossed_back_above_zero,-0.012141926400004777,59.996416330337524
61529,1790676509.4237905,2026-09-29T10:08:29.423790+00:00,AAPL|hyperliquid:xyz:AAPL|rh_lighter:10,AAPL,RWA/xyz,hyperliquid:xyz:AAPL,rh_lighter:10,1000,2.967,999.76201,1000.4724,336.9605695989215,337.2,0.9,0,0.08997858090000001,0.6204114190999612,6.20559105961589,0.08997858090000001,0.499881005,0.030551833199961242,0.3055910596158904,USDC,USDG,489.23230171203613,615.877628326416,,False,2026-09-29T09:13:56.425096+00:00,True,crossed_back_above_zero,-0.05668523839997758,59.972251415252686
61743,1790676570.7440968,2026-09-29T10:09:30.744097+00:00,GOOGL|hyperliquid:xyz:GOOGL|rh_lighter:12,GOOGL,RWA/xyz,hyperliquid:xyz:GOOGL,rh_lighter:12,1000,2.923,999.8413800000001,1000.5429,342.06,342.3,0.9,0,0.0899857242,0.6115342757999596,6.116312927556164,0.0899857242,0.49992069,0.021627861599959608,0.21631292755616502,USDC,USDG,466.91131591796875,371.1583614349365,,False,2026-09-29T09:13:56.425096+00:00,True,crossed_back_above_zero,-0.02763588920013288,60.05373454093933
61777,1790676577.4165742,2026-09-29T10:09:37.416574+00:00,MSFT|hyperliquid:xyz:MSFT|rh_lighter:14,MSFT,RWA/xyz,hyperliquid:xyz:MSFT,rh_lighter:14,1000,1.968,999.6652799999999,1000.45248,507.96,508.36,0.9,0,0.08996987520000001,0.697230124800098,6.974635798095319,0.08996987520000001,0.49983264,0.10742760960009806,1.0746357980953192,USDC,USDG,474.808931350708,667.6347255706787,,False,2026-09-29T09:13:56.425096+00:00,True,crossed_back_above_zero,-0.08947944960006854,59.993953704833984
62149,1790676689.1716654,2026-09-29T10:11:29.171665+00:00,AAPL|hyperliquid:xyz:AAPL|rh_lighter:10,AAPL,RWA/xyz,hyperliquid:xyz:AAPL,rh_lighter:10,1000,2.967,999.73065,1000.4130600000001,336.95,337.18,0.9,0,0.08997575849999999,0.5924342415001181,5.925938566554082,0.08997575849999999,0.4998653249999999,0.0025931580001182786,0.02593856655408413,USDC,USDG,234.87472534179688,671.7362403869629,,False,2026-09-29T09:13:56.425096+00:00,True,crossed_back_above_zero,-0.027430754399905,59.717594146728516
62189,1790676697.0930886,2026-09-29T10:11:37.093089+00:00,MSFT|hyperliquid:xyz:MSFT|rh_lighter:14,MSFT,RWA/xyz,hyperliquid:xyz:MSFT,rh_lighter:14,1000,1.968,999.7833599999999,1000.59024,508.02,508.43,0.9,0,0.0899805024,0.716899497600092,7.170548403607078,0.0899805024,0.4998916799999999,0.12702731520009208,1.2705484036070784,USDC,USDG,152.5440216064453,805.1536083221436,,False,2026-09-29T09:13:56.425096+00:00,True,crossed_back_above_zero,-0.0108129791999792,59.901755571365356
62632,1790676822.7622495,2026-09-29T10:13:42.762249+00:00,AMZN|hyperliquid:xyz:AMZN|rh_lighter:11,AMZN,RWA/xyz,hyperliquid:xyz:AMZN,rh_lighter:11,1000,4.048,999.93696,1000.70608,247.02,247.21,0.9,0,0.0899943264,0.6791256736000435,6.791684883815511,0.0899943264,0.49996848,0.08916286720004346,0.8916848838155104,USDC,USDG,481.92715644836426,566.3113594055176,,False,2026-09-29T09:13:56.425096+00:00,True,crossed_back_above_zero,-0.21039913279999362,60.001325368881226
62941,1790676922.7664373,2026-09-29T10:15:22.766437+00:00,XAG|hyperliquid:xyz:SILVER|rh_lighter:41,XAG,RWA/xyz,hyperliquid:xyz:SILVER,rh_lighter:41,1000,16.43,999.88051,1000.605073,60.857,60.9011,0.9,0,0.0899892459,0.6345737540999892,6.346495883793047,0.0899892459,0.499940255,0.04464425319998916,0.44649588379304606,USDC,USDG,480.50904273986816,651.4871120452881,,False,2026-09-29T10:14:02.271862+00:00,True,crossed_back_above_zero,-0.03552925839988791,60.01586723327637
62981,1790676930.8848217,2026-09-29T10:15:30.884822+00:00,GOOGL|hyperliquid:xyz:GOOGL|rh_lighter:12,GOOGL,RWA/xyz,hyperliquid:xyz:GOOGL,rh_lighter:12,1000,2.922,999.9084,1000.5892200000002,342.2,342.432997946612,0.9,0,0.089991756,0.5908282440001534,5.908823688251378,0.089991756,0.4999542,0.0008822880001534417,0.008823688251378243,USDC,USDG,599.621057510376,612.0500564575195,,False,2026-09-29T10:14:02.271862+00:00,True,crossed_back_above_zero,-0.13644164400002323,60.12901949882507
63061,1790676946.7678804,2026-09-29T10:15:46.767880+00:00,INTC|hyperliquid:xyz:INTC|rh_lighter:30,INTC,RWA/xyz,hyperliquid:xyz:INTC,rh_lighter:30,1000,8.59,999.0169999999999,999.7900999999999,116.3,116.39,0.9,0,0.08991152999999999,0.6831884699999995,6.838607050730864,0.08991152999999999,0.4995085,0.09376843999999951,0.9386070507308636,USDC,USDG,456.23302459716797,678.9422035217285,,False,2026-09-29T10:14:02.271862+00:00,True,crossed_back_above_zero,-0.33608203199996234,59.9964644908905
63219,1790676997.576082,2026-09-29T10:16:37.576082+00:00,MSFT|hyperliquid:xyz:MSFT|rh_lighter:14,MSFT,RWA/xyz,hyperliquid:xyz:MSFT,rh_lighter:14,1000,1.968,999.70464,1000.47216,507.98,508.37,0.9,0,0.08997341760000001,0.6775465823999904,6.777467616835213,0.08997341760000001,0.49985232000000007,0.08772084479999037,0.8774676168352121,USDC,USDG,628.9992332458496,643.1448459625244,,False,2026-09-29T10:14:02.271862+00:00,True,crossed_back_above_zero,-0.03038592000008683,60.04200792312622
63447,1790677062.4345794,2026-09-29T10:17:42.434579+00:00,AMZN|hyperliquid:xyz:AMZN|rh_lighter:11,AMZN,RWA/xyz,hyperliquid:xyz:AMZN,rh_lighter:11,1000,4.049,999.9815300000001,1000.6698600000001,246.97,247.14,0.9,0,0.08999833770000001,0.5983316622999508,5.983427136898726,0.08999833770000001,0.4999907650000001,0.008342559599950727,0.08342713689872579,USDC,USDG,148.17166328430176,451.65085792541504,,False,2026-09-29T10:14:02.271862+00:00,True,crossed_back_above_zero,-0.0726745536000793,59.66529989242554
63517,1790677092.9778469,2026-09-29T10:18:12.977847+00:00,SAMSUNGUSD|hyperliquid:xyz:SMSN|lighter:162,SAMSUNGUSD,RWA/xyz,hyperliquid:xyz:SMSN,lighter:162,1000,4.954,999.8162799999999,1000.5212379999998,201.82,201.9623007670569,0.9,0,0.08998346519999999,0.6149745347999196,6.1508753868252635,0.08998346519999999,0.4999081399999999,0.0250829295999197,0.25087538682526456,USDC,USDC,153.0768871307373,810.9054565429688,,False,2026-09-29T10:14:02.271862+00:00,True,crossed_back_above_zero,-0.17674402599989886,82.55418372154236
63671,1790677126.4701908,2026-09-29T10:18:46.470191+00:00,INTC|hyperliquid:xyz:INTC|rh_lighter:30,INTC,RWA/xyz,hyperliquid:xyz:INTC,rh_lighter:30,1000,8.60,998.9759999999999,999.75,116.16,116.25,0.9,0,0.08990783999999999,0.6840921600001146,6.847933884298669,0.08990783999999999,0.49948799999999993,0.09469632000011474,0.9479338842986693,USDC,USDG,147.31812477111816,680.255651473999,,False,2026-09-29T10:14:02.271862+00:00,True,crossed_back_above_zero,-0.24988848000004998,59.39341902732849
63831,1790677177.7077281,2026-09-29T10:19:37.707728+00:00,MSFT|hyperliquid:xyz:MSFT|rh_lighter:14,MSFT,RWA/xyz,hyperliquid:xyz:MSFT,rh_lighter:14,1000,1.969,999.93696,1000.6458,507.84,508.2,0.9,0,0.0899943264,0.6188456736000092,6.188846880907465,0.0899943264,0.49996848,0.028882867200009155,0.28884688090746397,USDC,USDG,729.4902801513672,748.7940788269043,,False,2026-09-29T10:14:02.271862+00:00,True,crossed_back_above_zero,-0.01058547840009294,60.3714325428009
63905,1790677199.721832,2026-09-29T10:19:59.721832+00:00,META|hyperliquid:xyz:META|lighter:117,META,RWA/xyz,hyperliquid:xyz:META,lighter:117,1000,1.389,999.8299800000001,1000.53885,719.82,720.3303455723542,0.9,0,0.08998469820000002,0.6188853017999335,6.189905425719815,0.08998469820000002,0.49991499000000006,0.028985613599933457,0.2899054257198154,USDC,USDC,153.4707546234131,838.9027118682861,,False,2026-09-29T10:14:02.271862+00:00,True,crossed_back_above_zero,-0.11673132799996405,82.72904229164124
64163,1790677282.430033,2026-09-29T10:21:22.430033+00:00,XAG|hyperliquid:xyz:SILVER|rh_lighter:41,XAG,RWA/xyz,hyperliquid:xyz:SILVER,rh_lighter:41,1000,16.44,999.8150400000001,1000.5219600000001,60.816,60.859,0.9,0,0.08998335360000001,0.616936646400082,6.1705077611163155,0.08998335360000001,0.49990752000000005,0.027045772800081913,0.2705077611163152,USDC,USDG,147.63307571411133,442.1114921569824,,False,2026-09-29T10:14:02.271862+00:00,True,crossed_back_above_zero,-0.026989170399998264,60.00007605552673
64263,1790677302.440255,2026-09-29T10:21:42.440255+00:00,AMZN|hyperliquid:xyz:AMZN|rh_lighter:11,AMZN,RWA/xyz,hyperliquid:xyz:AMZN,rh_lighter:11,1000,4.050,999.9854999999999,1000.7144999999999,246.91,247.09,0.9,0,0.08999869499999999,0.6390013050000418,6.390105706533164,0.08999869499999999,0.49999275,0.049009860000041816,0.49010570653316293,USDC,USDG,150.44069290161133,480.32569885253906,,False,2026-09-29T10:14:02.271862+00:00,True,crossed_back_above_zero,-0.11299013999987906,59.99259972572327
64407,1790677350.4534085,2026-09-29T10:22:30.453408+00:00,GOOGL|hyperliquid:xyz:GOOGL|rh_lighter:12,GOOGL,RWA/xyz,hyperliquid:xyz:GOOGL,rh_lighter:12,1000,2.922,999.99643,1000.6973400000002,342.23012662559887,342.47,0.9,0,0.0899996787,0.6109103213001353,6.109125022577683,0.0899996787,0.49999821499999997,0.02091242760013534,0.209125022577684,USDC,USDG,163.32650184631348,472.4709987640381,,False,2026-09-29T10:14:02.271862+00:00,True,crossed_back_above_zero,-0.001201826400092476,60.00254511833191
64785,1790677464.4426017,2026-09-29T10:24:24.442602+00:00,XPL|lighter:71|hyperliquid:XPL,XPL,crypto,lighter:71,hyperliquid:XPL,1000,10024,999.99424,1001.634839,0.09976,0.0999236670989625,0,4.5,0.45073567755000005,1.1898633224500657,11.898701761022801,0.45073567755000005,0.49999712,0.23913052490006564,2.391319022998229,USDC,USDC,273.6949920654297,604.6702861785889,,False,2026-09-29T10:14:02.271862+00:00,True,crossed_back_above_zero,-0.12088206360001175,83.24070620536804
65111,1790677549.8698058,2026-09-29T10:25:49.869806+00:00,NBIS|hyperliquid:xyz:NBIS|lighter:189,NBIS,RWA/xyz,hyperliquid:xyz:NBIS,lighter:189,1000,4.25,997.8236,998.547452,234.7820235294118,234.95234164705883,0.9,0,0.089804124,0.6340478759999653,6.354308276532698,0.089804124,0.4989118,0.0453319519999652,0.45430827653269773,USDC,USDC,155.6236743927002,416.8694019317627,,False,2026-09-29T10:14:02.271862+00:00,True,crossed_back_above_zero,-0.008607700000154705,82.44207787513733
65180,1790677582.5642736,2026-09-29T10:26:22.564274+00:00,XAG|hyperliquid:xyz:SILVER|rh_lighter:41,XAG,RWA/xyz,hyperliquid:xyz:SILVER,rh_lighter:41,1000,16.43,999.53548,1000.22554,60.836,60.878,0.9,0,0.08995819320000001,0.6001018068000168,6.003806956407558,0.08995819320000001,0.49976774000000007,0.010375873600016738,0.10380695640755783,USDC,USDG,280.3070545196533,678.3370971679688,,False,2026-09-29T10:14:02.271862+00:00,True,crossed_back_above_zero,-0.04228950559991412,59.958508253097534
65216,1790677589.9197254,2026-09-29T10:26:29.919725+00:00,SAMSUNGUSD|hyperliquid:xyz:SMSN|lighter:162,SAMSUNGUSD,RWA/xyz,hyperliquid:xyz:SMSN,lighter:162,1000,4.953,999.96117,1000.6595430000001,201.89,202.031,0.9,0,0.0899965053,0.6083764947000605,6.084001188766765,0.0899965053,0.4999805850000001,0.018399404400060382,0.18400118876676363,USDC,USDC,172.95432090759277,404.79540824890137,,False,2026-09-29T10:14:02.271862+00:00,True,crossed_back_above_zero,-0.08816794759999047,82.90392351150513
65300,1790677606.595835,2026-09-29T10:26:46.595835+00:00,INTC|hyperliquid:xyz:INTC|rh_lighter:30,INTC,RWA/xyz,hyperliquid:xyz:INTC,rh_lighter:30,1000,8.59,999.3606,1000.1337000000001,116.34,116.43,0.9,0,0.08994245399999999,0.6831575460001131,6.8359463641063405,0.08994245399999999,0.49968029999999997,0.09353479200011316,0.9359463641063412,USDC,USDG,292.85645484924316,767.9049968719482,,False,2026-09-29T10:14:02.271862+00:00,True,crossed_back_above_zero,-0.23287320800001543,60.1403169631958
65320,1790677613.9360404,2026-09-29T10:26:53.936040+00:00,META|hyperliquid:xyz:META|lighter:117,META,RWA/xyz,hyperliquid:xyz:META,lighter:117,1000,1.389,999.6494100000001,1000.34391,719.69,720.19,0.9,0,0.08996844690000001,0.6045315530999481,6.047435701482064,0.08996844690000001,0.4998247050000001,0.01473840119994796,0.14743570148206217,USDC,USDC,156.5086841583252,563.1167888641357,,False,2026-09-29T10:14:02.271862+00:00,True,crossed_back_above_zero,-0.23510213999988766,82.8887882232666
65659,1790677717.147321,2026-09-29T10:28:37.147321+00:00,MSFT|hyperliquid:xyz:MSFT|rh_lighter:14,MSFT,RWA/xyz,hyperliquid:xyz:MSFT,rh_lighter:14,1000,1.969,999.91727,1000.6064200000001,507.83,508.18,0.9,0,0.0899925543,0.5991574457000406,5.992070180966477,0.0899925543,0.49995863500000004,0.00920625640004058,0.09207018096647715,USDC,USDG,180.98020553588867,392.4129009246826,,False,2026-09-29T10:14:02.271862+00:00,True,crossed_back_above_zero,-0.08174359319998054,59.69973397254944
66113,1790677846.7834466,2026-09-29T10:30:46.783447+00:00,INTC|hyperliquid:xyz:INTC|rh_lighter:30,INTC,RWA/xyz,hyperliquid:xyz:INTC,rh_lighter:30,1000,8.58,998.9694000000001,999.6558,116.43,116.51,0.9,0,0.08990724600000001,0.5964927539999351,5.971081336424669,0.08990724600000001,0.49948470000000006,0.0071008079999350104,0.07108133642466936,USDC,USDG,472.7041721343994,792.510986328125,,False,2026-09-29T10:14:02.271862+00:00,True,crossed_back_above_zero,-0.0786408480000142,60.200424671173096
66271,1790677897.5402958,2026-09-29T10:31:37.540296+00:00,MSFT|hyperliquid:xyz:MSFT|rh_lighter:14,MSFT,RWA/xyz,hyperliquid:xyz:MSFT,rh_lighter:14,1000,1.968,999.8424,1000.55088,508.05,508.41,0.9,0,0.089985816,0.6184941840000087,6.185916740478387,0.089985816,0.49992119999999995,0.02858716800000871,0.2859167404783865,USDC,USDG,552.8109073638916,344.3603515625,,False,2026-09-29T10:14:02.271862+00:00,True,crossed_back_above_zero,-0.04055993999991342,60.09210753440857
66602,1790678002.4494054,2026-09-29T10:33:22.449405+00:00,XAG|hyperliquid:xyz:SILVER|rh_lighter:41,XAG,RWA/xyz,hyperliquid:xyz:SILVER,rh_lighter:41,1000,16.44,999.8808000000001,1000.605804,60.82,60.8641,0.9,0,0.08998927200000002,0.6350147279998989,6.350904307792477,0.08998927200000002,0.49994040000000006,0.04508505599989876,0.45090430779247637,USDC,USDG,155.34448623657227,516.4692401885986,,False,2026-09-29T10:14:02.271862+00:00,True,crossed_back_above_zero,-0.024171816000069346,60.00996661186218
66610,1790678004.1198823,2026-09-29T10:33:24.119882+00:00,SAMSUNGUSD|hyperliquid:xyz:SMSN|lighter:162,SAMSUNGUSD,RWA/xyz,hyperliquid:xyz:SMSN,lighter:162,1000,4.952,999.8583199999999,1000.6585580000001,201.91,202.07159894991923,0.9,0,0.0899872488,0.7102507512001495,7.103513937856211,0.0899872488,0.49992916,0.12033434240014951,1.2035139378562107,USDC,USDC,408.31899642944336,569.9448585510254,,False,2026-09-29T10:14:02.271862+00:00,True,crossed_back_above_zero,-0.09601455920000818,83.14068174362183
66676,1790678017.4450042,2026-09-29T10:33:37.445004+00:00,MSFT|hyperliquid:xyz:MSFT|rh_lighter:14,MSFT,RWA/xyz,hyperliquid:xyz:MSFT,rh_lighter:14,1000,1.968,999.744,1000.5115199999999,508.0,508.39,0.9,0,0.08997696000000001,0.6775430399998768,6.777165354329475,0.08997696000000001,0.49987200000000004,0.08769407999987672,0.8771653543294754,USDC,USDG,475.95930099487305,456.0723304748535,,False,2026-09-29T10:14:02.271862+00:00,True,crossed_back_above_zero,-0.010981367600030267,60.089115858078
66765,1790678047.929993,2026-09-29T10:34:07.929993+00:00,ARB|lighter:50|hyperliquid:ARB,ARB,crypto,lighter:50,hyperliquid:ARB,1000,4791.3,999.9922230000001,1001.5251289999999,0.20871,0.20902993529939679,0,4.5,0.45068630804999993,1.0822196919497982,10.822281084377973,0.45068630804999993,0.4999961115,0.1315372723997983,1.3153829537312138,USDC,USDC,170.08614540100098,471.05860710144043,,False,2026-09-29T10:14:02.271862+00:00,True,crossed_back_above_zero,-0.7878991934001867,82.91763997077942
66846,1790678070.4515269,2026-09-29T10:34:30.451527+00:00,GOOGL|hyperliquid:xyz:GOOGL|rh_lighter:12,GOOGL,RWA/xyz,hyperliquid:xyz:GOOGL,rh_lighter:12,1000,2.922,999.73343,1000.553248,342.14011978097193,342.42068720054755,0.9,0,0.0899760087,0.7298419913000548,7.300365971557587,0.0899760087,0.499866715,0.13999926760005477,1.4003659715575858,USDC,USDG,153.6731719970703,297.6036071777344,,False,2026-09-29T10:14:02.271862+00:00,True,crossed_back_above_zero,-0.03724391839992086,59.98833346366882
66926,1790678086.4750476,2026-09-29T10:34:46.475048+00:00,INTC|hyperliquid:xyz:INTC|rh_lighter:30,INTC,RWA/xyz,hyperliquid:xyz:INTC,rh_lighter:30,1000,8.59,999.0169999999999,999.7041999999999,116.3,116.38,0.9,0,0.08991152999999999,0.5972884699999617,5.9787618228715,0.08991152999999999,0.4995085,0.007868439999961674,0.07876182287149942,USDC,USDG,155.16352653503418,570.1162815093994,,False,2026-09-29T10:14:02.271862+00:00,True,crossed_back_above_zero,-0.07777151999991089,60.007996559143066
67214,1790678182.465023,2026-09-29T10:36:22.465023+00:00,XAG|hyperliquid:xyz:SILVER|rh_lighter:41,XAG,RWA/xyz,hyperliquid:xyz:SILVER,rh_lighter:41,1000,16.44,999.68352,1000.418388,60.808,60.8527,0.9,0,0.08997151680000001,0.6448964832000058,6.451006446520252,0.08997151680000001,0.4998417600000001,0.05508320640000569,0.5510064465202515,USDC,USDG,164.2322540283203,660.0832939147949,,False,2026-09-29T10:14:02.271862+00:00,True,crossed_back_above_zero,-0.005666539200123,60.00999188423157
67254,1790678190.5205407,2026-09-29T10:36:30.520541+00:00,GOOGL|hyperliquid:xyz:GOOGL|rh_lighter:12,GOOGL,RWA/xyz,hyperliquid:xyz:GOOGL,rh_lighter:12,1000,2.922,999.9964200000002,1000.7265600000001,342.2301232032855,342.48,0.9,0,0.08999967780000001,0.640140322199892,6.4014261391044975,0.08999967780000001,0.4999982100000001,0.050142434399891855,0.5014261391044964,USDC,USDG,213.08422088623047,674.605131149292,,False,2026-09-29T10:14:02.271862+00:00,True,crossed_back_above_zero,-0.06633758159991737,60.06308627128601
67286,1790678197.1262124,2026-09-29T10:36:37.126212+00:00,MSFT|hyperliquid:xyz:MSFT|rh_lighter:14,MSFT,RWA/xyz,hyperliquid:xyz:MSFT,rh_lighter:14,1000,1.968,999.6652799999999,1000.35408,507.96,508.31,0.9,0,0.08996987520000001,0.5988301248000147,5.990306323332693,0.08996987520000001,0.49983264,0.009027609600014752,0.09030632333269345,USDC,USDG,151.08609199523926,461.27820014953613,,False,2026-09-29T10:14:02.271862+00:00,True,crossed_back_above_zero,-0.030359155200086863,59.67009210586548
67349,1790678209.8246758,2026-09-29T10:36:49.824676+00:00,XPL|lighter:71|hyperliquid:XPL,XPL,crypto,lighter:71,hyperliquid:XPL,1000,10022,999.959832,1001.89351,0.09977647495509878,0.09996941827978448,0,4.5,0.45085207950000006,1.482825920499986,14.828854850441493,0.45085207950000006,0.499979916,0.5319939249999859,5.32015294990355,USDC,USDC,432.30175971984863,664.7486686706543,,False,2026-09-29T10:14:02.271862+00:00,True,crossed_back_above_zero,-0.007742890900109101,82.96773600578308
67684,1790678315.024464,2026-09-29T10:38:35.024464+00:00,ETHFI|lighter:64|hyperliquid:ETHFI,ETHFI,crypto,lighter:64,hyperliquid:ETHFI,1000,1345.7,999.9348840000001,1001.4462299999999,0.7430592881028462,0.7441823809169947,0,4.5,0.4506508035,1.060695196499776,10.607642692259306,0.4506508035,0.49996744200000004,0.11007695099977594,1.1008411923728418,USDC,USDC,151.4277458190918,653.5301208496094,,False,2026-09-29T10:14:02.271862+00:00,True,crossed_back_above_zero,-0.5581464101000575,82.95612573623657
67901,1790678377.9601302,2026-09-29T10:39:37.960130+00:00,NBIS|hyperliquid:xyz:NBIS|lighter:189,NBIS,RWA/xyz,hyperliquid:xyz:NBIS,lighter:189,1000,4.25,998.0311,998.7258079999999,234.83084705882354,234.99430776470587,0.9,0,0.08982279900000001,0.6048852009998777,6.0607850897620095,0.08982279900000001,0.49901555,0.016046851999877765,0.16078508976201006,USDC,USDC,156.4960479736328,672.1899509429932,,False,2026-09-29T10:14:02.271862+00:00,True,crossed_back_above_zero,-0.040618256000041764,82.95534443855286
68101,1790678437.246018,2026-09-29T10:40:37.246018+00:00,MSFT|hyperliquid:xyz:MSFT|rh_lighter:14,MSFT,RWA/xyz,hyperliquid:xyz:MSFT,rh_lighter:14,1000,1.967,999.8064300000001,1000.55389,508.29,508.67,0.9,0,0.08998257870000001,0.6574774212999327,6.576047138443915,0.08998257870000001,0.49990321500000007,0.06759162759993259,0.6760471384439145,USDC,USDG,187.81042098999023,414.08562660217285,,False,2026-09-29T10:14:02.271862+00:00,True,crossed_back_above_zero,-0.030731621199935777,59.77740168571472
68323,1790678500.8923488,2026-09-29T10:41:40.892349+00:00,SAMSUNGUSD|hyperliquid:xyz:SMSN|lighter:162,SAMSUNGUSD,RWA/xyz,hyperliquid:xyz:SMSN,lighter:162,1000,4.953,999.91164,1000.748778,201.88,202.049016353725,0.9,0,0.0899920476,0.7471459523999817,7.472119760501855,0.0899920476,0.49995582000000005,0.15719808479998165,1.5721197605018546,USDC,USDC,151.3354778289795,442.4102306365967,,False,2026-09-29T10:14:02.271862+00:00,True,crossed_back_above_zero,-0.016699320000064466,82.86749124526978
68841,1790678662.449879,2026-09-29T10:44:22.449879+00:00,NEAR|hyperliquid:NEAR|lighter:10,NEAR,crypto,hyperliquid:NEAR,lighter:10,1000,210.5,999.60135,1001.0622199999999,4.7487,4.75564,4.5,0,0.4498206075,1.0110493924998862,10.11452608082098,0.4498206075,0.499800675,0.06142810999988624,0.6145260808209816,USDC,USDC,197.1127986907959,737.9460334777832,,False,2026-09-29T10:14:02.271862+00:00,True,crossed_back_above_zero,-0.4194516759999559,82.76159000396729
68915,1790678677.4194002,2026-09-29T10:44:37.419400+00:00,MSFT|hyperliquid:xyz:MSFT|rh_lighter:14,MSFT,RWA/xyz,hyperliquid:xyz:MSFT,rh_lighter:14,1000,1.967,999.5900600000001,1000.3030960000001,508.18,508.5424992374174,0.9,0,0.0899631054,0.6230728945999883,6.233284218532427,0.0899631054,0.49979503000000003,0.033314759199988275,0.3332842185324279,USDC,USDG,415.2038097381592,866.4653301239014,,False,2026-09-29T10:14:02.271862+00:00,True,crossed_back_above_zero,-0.03050636159997311,60.20556378364563
69002,1790678706.4136512,2026-09-29T10:45:06.413651+00:00,XPL|lighter:71|hyperliquid:XPL,XPL,crypto,lighter:71,hyperliquid:XPL,1000,10059,999.9235920000001,1001.37345,0.0994058645988667,0.09955,0,4.5,0.4506180525,0.9992399474999493,9.993163032600487,0.4506180525,0.49996179600000007,0.04866009899994922,0.48663817304901846,USDC,USDC,151.96514129638672,652.7152061462402,,False,2026-09-29T10:14:02.271862+00:00,True,crossed_back_above_zero,-0.02954148479990948,82.71190094947815
69284,1790678789.6961677,2026-09-29T10:46:29.696168+00:00,AAPL|hyperliquid:xyz:AAPL|rh_lighter:10,AAPL,RWA/xyz,hyperliquid:xyz:AAPL,rh_lighter:10,1000,2.971,999.7117900000001,1000.42483,336.49,336.73,0.9,0,0.0899740611,0.6230659388999782,6.232455645041239,0.0899740611,0.49985589500000005,0.03323598279997819,0.33245564504123926,USDC,USDG,709.9215984344482,377.23851203918457,,False,2026-09-29T10:14:02.271862+00:00,True,crossed_back_above_zero,-0.05560462560006435,60.09587025642395
69492,1790678850.8263133,2026-09-29T10:47:30.826313+00:00,GOOGL|hyperliquid:xyz:GOOGL|rh_lighter:12,GOOGL,RWA/xyz,hyperliquid:xyz:GOOGL,rh_lighter:12,1000,2.920,999.8372,1000.5379999999999,342.41,342.65,0.9,0,0.089985348,0.6108146519998446,6.1091410881676005,0.089985348,0.49991860000000005,0.02091070399984457,0.20914108816759938,USDC,USDG,495.3947067260742,764.3747329711914,,False,2026-09-29T10:14:02.271862+00:00,True,crossed_back_above_zero,-0.06696419520003205,60.270838499069214
69730,1790678917.4856267,2026-09-29T10:48:37.485627+00:00,MSFT|hyperliquid:xyz:MSFT|rh_lighter:14,MSFT,RWA/xyz,hyperliquid:xyz:MSFT,rh_lighter:14,1000,1.967,999.8261000000001,1000.51455,508.3,508.65,0.9,0,0.089984349,0.5984656509998753,5.985697422780573,0.089984349,0.49991305,0.008568251999875265,0.08569742278057418,USDC,USDG,488.2962703704834,486.6909980773926,,False,2026-09-29T10:14:02.271862+00:00,True,crossed_back_above_zero,-0.030704870000049456,59.74413514137268
69860,1790678962.7347903,2026-09-29T10:49:22.734790+00:00,XAG|hyperliquid:xyz:SILVER|rh_lighter:41,XAG,RWA/xyz,hyperliquid:xyz:SILVER,rh_lighter:41,1000,16.43,999.89694,1000.583714,60.858,60.8998,0.9,0,0.0899907246,0.596783275400014,5.968447862236822,0.0899907246,0.49994847,0.006844080800013974,0.06844786223682188,USDC,USDG,421.3113784790039,651.8504619598389,,False,2026-09-29T10:14:02.271862+00:00,True,crossed_back_above_zero,-0.04276621840018524,60.254536390304565
69999,1790678993.4844298,2026-09-29T10:49:53.484430+00:00,NEAR|hyperliquid:NEAR|lighter:10,NEAR,crypto,hyperliquid:NEAR,lighter:10,1000,210.4,999.88392,1001.37073,4.7523,4.7593665874524715,4.5,0,0.44994776400000003,1.0368622359999913,10.369826089412372,0.44994776400000003,0.49994196,0.08697251199999123,0.8698260894123713,USDC,USDC,162.9040241241455,405.49588203430176,,False,2026-09-29T10:14:02.271862+00:00,True,crossed_back_above_zero,-0.5187798740001223,83.00577569007874
70505,1790679149.45922,2026-09-29T10:52:29.459220+00:00,AAPL|hyperliquid:xyz:AAPL|rh_lighter:10,AAPL,RWA/xyz,hyperliquid:xyz:AAPL,rh_lighter:10,1000,2.971,999.7117900000001,1000.42483,336.49,336.73,0.9,0,0.0899740611,0.6230659388999782,6.232455645041239,0.0899740611,0.49985589500000005,0.03323598279997819,0.33245564504123926,USDC,USDG,464.7555351257324,558.2847595214844,,False,2026-09-29T10:14:02.271862+00:00,True,crossed_back_above_zero,-0.055730943999824534,59.99750995635986
70675,1790679202.534613,2026-09-29T10:53:22.534613+00:00,XAG|hyperliquid:xyz:SILVER|rh_lighter:41,XAG,RWA/xyz,hyperliquid:xyz:SILVER,rh_lighter:41,1000,16.42,999.4358,1000.1783240000001,60.86697929354445,60.9122,0.9,0,0.089949222,0.6525747780001168,6.5294316853580465,0.089949222,0.4997179,0.06290765600011677,0.6294316853580468,USDC,USDG,214.99896049499512,389.7359371185303,,False,2026-09-29T10:14:02.271862+00:00,True,crossed_back_above_zero,-0.11131114839992928,60.068352699279785
70678,1790679203.0338812,2026-09-29T10:53:23.033881+00:00,XPL|lighter:71|hyperliquid:XPL,XPL,crypto,lighter:71,hyperliquid:XPL,1000,10058,999.9663599999999,1001.4276470000001,0.09942,0.09956528604096243,0,4.5,0.45064244115,1.0106445588501975,10.106785580768914,0.45064244115,0.49998317999999997,0.060018937700197506,0.6002095680518443,USDC,USDC,150.97784996032715,354.9644947052002,,False,2026-09-29T10:14:02.271862+00:00,True,crossed_back_above_zero,-0.06357733690011352,82.95960783958435
70953,1790679277.7999313,2026-09-29T10:54:37.799931+00:00,MSFT|hyperliquid:xyz:MSFT|rh_lighter:14,MSFT,RWA/xyz,hyperliquid:xyz:MSFT,rh_lighter:14,1000,1.968,999.92112,1000.8264,508.09,508.55,0.9,0,0.0899929008,0.8152870992000616,8.153514141196075,0.0899929008,0.49996056,0.2253336384000616,2.2535141411960735,USDC,USDG,800.6501197814941,843.9991474151611,,False,2026-09-29T10:14:02.271862+00:00,True,crossed_back_above_zero,-0.01114187480003026,60.32488441467285
71286,1790679382.6764278,2026-09-29T10:56:22.676428+00:00,XAG|hyperliquid:xyz:SILVER|rh_lighter:41,XAG,RWA/xyz,hyperliquid:xyz:SILVER,rh_lighter:41,1000,16.43,999.53548,1000.255114,60.836,60.8798,0.9,0,0.08995819320000001,0.6296758068000419,6.299684397396698,0.08995819320000001,0.49976774000000007,0.03994987360004182,0.39968439739669687,USDC,USDG,348.6456871032715,736.4914417266846,,False,2026-09-29T10:14:02.271862+00:00,True,crossed_back_above_zero,-0.015143406399953374,60.2025990486145
71686,1790679501.5323465,2026-09-29T10:58:21.532346+00:00,NVDA|hyperliquid:xyz:NVDA|rh_lighter:15,NVDA,RWA/xyz,hyperliquid:xyz:NVDA,rh_lighter:15,1000,4.331,999.8546600000002,1000.6775500000001,230.86,231.05,0.9,0,0.08998691940000002,0.7329030805999157,7.330096162175366,0.08998691940000002,0.49992733000000006,0.14298883119991562,1.4300961621753665,USDC,USDG,548.3400821685791,685.4140758514404,,False,2026-09-29T10:14:02.271862+00:00,True,crossed_back_above_zero,-0.004272182400057056,60.037118434906006
72071,1790679617.027852,2026-09-29T11:00:17.027852+00:00,XPL|lighter:71|hyperliquid:XPL,XPL,crypto,lighter:71,hyperliquid:XPL,1000,10101,999.999,1001.554554,0.099,0.099154,0,4.5,0.45069954930000006,1.104854450700029,11.048555555555847,0.45069954930000006,0.4999995,0.15415540140002898,1.5415555555558453,USDC,USDC,176.9263744354248,717.8852558135986,,False,2026-09-29T10:14:02.271862+00:00,True,crossed_back_above_zero,-0.311084034199913,82.96621489524841
72084,1790679619.6792266,2026-09-29T11:00:19.679227+00:00,NBIS|hyperliquid:xyz:NBIS|lighter:189,NBIS,RWA/xyz,hyperliquid:xyz:NBIS,lighter:189,1000,4.24,998.9440000000001,999.8706030000001,235.6,235.81853844339622,0.9,0,0.08990496,0.83669804,8.37582527148669,0.08990496,0.499472,0.24732107999999997,2.4758252714866895,USDC,USDC,151.8700122833252,682.2950839996338,,False,2026-09-29T10:14:02.271862+00:00,True,crossed_back_above_zero,-0.0992606480000226,82.72083306312561
72248,1790679659.73782,2026-09-29T11:00:59.737820+00:00,SAMSUNGUSD|hyperliquid:xyz:SMSN|lighter:162,SAMSUNGUSD,RWA/xyz,hyperliquid:xyz:SMSN,lighter:162,1000,4.922,999.8058599999999,1000.5293939999999,203.13,203.277,0.9,0,0.0899825274,0.6335514725999724,6.336744941662698,0.0899825274,0.49990293,0.04366601519997232,0.4367449416626976,USDC,USDC,188.0640983581543,653.8882255554199,,False,2026-09-29T10:14:02.271862+00:00,True,crossed_back_above_zero,-0.10376837600002359,82.76502728462219
72545,1790679750.5197337,2026-09-29T11:02:30.519734+00:00,GOOGL|hyperliquid:xyz:GOOGL|rh_lighter:12,GOOGL,RWA/xyz,hyperliquid:xyz:GOOGL,rh_lighter:12,1000,2.919,999.87426,1000.5756799999999,342.54,342.78029462144565,0.9,0,0.0899886834,0.6114313165998709,6.1150820764189975,0.0899886834,0.49993713000000006,0.02150550319987088,0.2150820764189977,USDC,USDG,150.03132820129395,521.7957496643066,,False,2026-09-29T10:14:02.271862+00:00,True,crossed_back_above_zero,-0.00698046639993527,59.754775047302246
72929,1790679865.7971692,2026-09-29T11:04:25.797169+00:00,XPL|lighter:71|hyperliquid:XPL,XPL,crypto,lighter:71,hyperliquid:XPL,1000,10102,999.9969799999999,1001.448175,0.09899,0.09913365422688576,0,4.5,0.45065167874999995,1.000543321250098,10.005463429000537,0.45065167874999995,0.49999848999999996,0.04989315250009818,0.4989330317787378,USDC,USDC,377.77090072631836,471.2338447570801,,False,2026-09-29T10:14:02.271862+00:00,True,crossed_back_above_zero,-0.49081039960006734,83.02084398269653
73221,1790679943.8352642,2026-09-29T11:05:43.835264+00:00,META|hyperliquid:xyz:META|rh_lighter:13,META,RWA/xyz,hyperliquid:xyz:META,rh_lighter:13,1000,1.384,999.5531699999999,1000.2332789999999,722.2204985549133,722.7119067919075,0.9,0,0.0899597853,0.5901492147000158,5.904130289537433,0.0899597853,0.499776585,0.00041284440001576606,0.004130289537431672,USDC,USDG,151.31211280822754,755.3305625915527,,False,2026-09-29T10:14:02.271862+00:00,True,crossed_back_above_zero,-0.09522032000008768,60.00688290596008
73522,1790680042.496709,2026-09-29T11:07:22.496709+00:00,XAG|hyperliquid:xyz:SILVER|rh_lighter:41,XAG,RWA/xyz,hyperliquid:xyz:SILVER,rh_lighter:41,1000,16.43,999.66692,1000.394769,60.844,60.8883,0.9,0,0.08997002280000001,0.637878977199992,6.380915127210491,0.08997002280000001,0.49983346,0.04807549439999198,0.48091512721049107,USDC,USDG,156.40807151794434,668.7822341918945,,False,2026-09-29T10:14:02.271862+00:00,True,crossed_back_above_zero,-0.00932319039998225,59.95396065711975
73562,1790680050.7576451,2026-09-29T11:07:30.757645+00:00,GOOGL|hyperliquid:xyz:GOOGL|rh_lighter:12,GOOGL,RWA/xyz,hyperliquid:xyz:GOOGL,rh_lighter:12,1000,2.918,999.7068000000002,1000.4654800000001,342.6,342.86,0.9,0,0.08997361200000001,0.668706387999913,6.689025102159082,0.08997361200000001,0.49985340000000006,0.07887937599991296,0.7890251021590826,USDC,USDG,418.52259635925293,762.7081871032715,,False,2026-09-29T10:14:02.271862+00:00,True,crossed_back_above_zero,-0.02301427640001147,60.26203393936157
73845,1790680126.508545,2026-09-29T11:08:46.508545+00:00,INTC|hyperliquid:xyz:INTC|rh_lighter:30,INTC,RWA/xyz,hyperliquid:xyz:INTC,rh_lighter:30,1000,8.55,999.5805,1000.2645,116.91,116.99,0.9,0,0.08996224500000001,0.594037754999969,5.942870584209766,0.08996224500000001,0.49979025,0.004285259999968982,0.04287058420976582,USDC,USDG,159.98291969299316,685.6176853179932,,False,2026-09-29T10:14:02.271862+00:00,True,crossed_back_above_zero,-0.08144730000005568,59.91851019859314
74073,1790680196.7719107,2026-09-29T11:09:56.771911+00:00,XPL|lighter:71|hyperliquid:XPL,XPL,crypto,lighter:71,hyperliquid:XPL,1000,10103,999.9949399999999,1001.530596,0.09898,0.099132,0,4.5,0.4506887682,1.0849672318000172,10.849727217619893,0.4506887682,0.49999747,0.13428099360001716,1.342816730652829,USDC,USDC,245.5132007598877,547.9748249053955,,False,2026-09-29T10:14:02.271862+00:00,True,crossed_back_above_zero,-0.16306399250008263,82.93571996688843
74131,1790680222.5343974,2026-09-29T11:10:22.534397+00:00,XAG|hyperliquid:xyz:SILVER|rh_lighter:41,XAG,RWA/xyz,hyperliquid:xyz:SILVER,rh_lighter:41,1000,16.44,999.9136800000001,1000.7228970000001,60.822,60.871222445255476,0.9,0,0.08999223120000001,0.7192247687999896,7.192868576415412,0.08999223120000001,0.49995684,0.12927569759998964,1.2928685764154124,USDC,USDG,178.69973182678223,493.4694766998291,,False,2026-09-29T10:14:02.271862+00:00,True,crossed_back_above_zero,-0.1393717468000532,59.88120460510254
74573,1790680349.4810197,2026-09-29T11:12:29.481020+00:00,AAPL|hyperliquid:xyz:AAPL|rh_lighter:10,AAPL,RWA/xyz,hyperliquid:xyz:AAPL,rh_lighter:10,1000,2.971,999.80092,1000.48425,336.52,336.75,0.9,0,0.0899820828,0.5933479171999554,5.9346606442406085,0.0899820828,0.49990046000000005,0.0034653743999553677,0.03466064424060909,USDC,USDG,472.02467918395996,612.0820045471191,,False,2026-09-29T10:14:02.271862+00:00,True,crossed_back_above_zero,-0.060176092400033965,60.00187063217163
74753,1790680404.739201,2026-09-29T11:13:24.739201+00:00,SAMSUNGUSD|hyperliquid:xyz:SMSN|lighter:162,SAMSUNGUSD,RWA/xyz,hyperliquid:xyz:SMSN,lighter:162,1000,4.931,999.95749,1000.7217949999999,202.79,202.945,0.9,0,0.0899961741,0.674308825899922,6.743374919867064,0.0899961741,0.499978745,0.08433390679992198,0.8433749198670633,USDC,USDC,151.05867385864258,634.2639923095703,,False,2026-09-29T10:14:02.271862+00:00,True,crossed_back_above_zero,-0.07720418319986161,82.72243332862854
74900,1790680444.933554,2026-09-29T11:14:04.933554+00:00,XPL|lighter:71|hyperliquid:XPL,XPL,crypto,lighter:71,hyperliquid:XPL,1000,10125,999.901627,1001.314851,0.09875571624691358,0.09889529392592593,0,4.5,0.45059168295,0.9626323170500137,9.627270233954862,0.45059168295,0.4999508135,0.012089820600013679,0.12091010028943257,USDC,USDC,151.63612365722656,421.6265678405762,,False,2026-09-29T10:14:02.271862+00:00,True,crossed_back_above_zero,-0.4224667242000453,82.89106917381287
74955,1790680465.2937772,2026-09-29T11:14:25.293777+00:00,XAG|hyperliquid:xyz:SILVER|rh_lighter:41,XAG,RWA/xyz,hyperliquid:xyz:SILVER,rh_lighter:41,1000,16.42,999.43614,1000.2537560000002,60.867,60.91679390986602,0.9,0,0.0899492526,0.7276667474001574,7.280772810558535,0.0899492526,0.49971807,0.13799942480015737,1.380772810558535,USDC,USDG,483.2596778869629,597.8689193725586,,False,2026-09-29T11:14:10.194885+00:00,True,crossed_back_above_zero,-0.01998934920002471,62.545886278152466
75473,1790680606.842254,2026-09-29T11:16:46.842254+00:00,INTC|hyperliquid:xyz:INTC|rh_lighter:30,INTC,RWA/xyz,hyperliquid:xyz:INTC,rh_lighter:30,1000,8.56,999.9792,1000.6640000000001,116.82,116.9,0.9,0,0.089998128,0.5948018720001094,5.948142441363873,0.089998128,0.4999896,0.004814144000109433,0.048142441363874695,USDC,USDG,484.2495918273926,749.321460723877,,False,2026-09-29T11:14:10.194885+00:00,True,crossed_back_above_zero,-0.03444961999996804,60.012526750564575
75879,1790680726.5821733,2026-09-29T11:18:46.582173+00:00,INTC|hyperliquid:xyz:INTC|rh_lighter:30,INTC,RWA/xyz,hyperliquid:xyz:INTC,rh_lighter:30,1000,8.55,999.4734000000001,1000.1790000000001,116.89747368421052,116.98,0.9,0,0.08995260600000002,0.615647394000004,6.159717647313115,0.08995260600000002,0.49973670000000003,0.025958088000003987,0.259717647313115,USDC,USDG,220.68142890930176,608.238935470581,,False,2026-09-29T11:14:10.194885+00:00,True,crossed_back_above_zero,-0.13421581599988613,60.05856919288635
76037,1790680777.4929984,2026-09-29T11:19:37.492998+00:00,MSFT|hyperliquid:xyz:MSFT|rh_lighter:14,MSFT,RWA/xyz,hyperliquid:xyz:MSFT,rh_lighter:14,1000,1.966,999.6661799999999,1000.3843279999999,508.4772024415056,508.84248626653095,0.9,0,0.0899699562,0.6281780437999283,6.283878122194034,0.0899699562,0.49983309,0.03837499759992824,0.3838781221940332,USDC,USDG,473.79136085510254,818.0632591247559,,False,2026-09-29T11:14:10.194885+00:00,True,crossed_back_above_zero,-0.028878741999920077,60.30102181434631
76273,1790680843.8460634,2026-09-29T11:20:43.846063+00:00,META|hyperliquid:xyz:META|rh_lighter:13,META,RWA/xyz,hyperliquid:xyz:META,rh_lighter:13,1000,1.384,999.36076,1000.09224,722.0814739884394,722.61,0.9,0,0.0899424684,0.6415375315999196,6.419478903693592,0.0899424684,0.49968038,0.0519146831999196,0.5194789036935931,USDC,USDG,148.38743209838867,514.134407043457,,False,2026-09-29T11:14:10.194885+00:00,True,crossed_back_above_zero,-0.13988863040011257,59.86940407752991
76287,1790680846.5169616,2026-09-29T11:20:46.516962+00:00,INTC|hyperliquid:xyz:INTC|rh_lighter:30,INTC,RWA/xyz,hyperliquid:xyz:INTC,rh_lighter:30,1000,8.55,999.0675,999.9225000000001,116.85,116.95,0.9,0,0.089916075,0.7650839250001319,7.657980316646592,0.089916075,0.49953374999999994,0.17563410000013197,1.7579803166465926,USDC,USDG,152.81295776367188,506.0293674468994,,False,2026-09-29T11:14:10.194885+00:00,True,crossed_back_above_zero,-0.18814389999977915,60.0032377243042
76405,1790680889.4881773,2026-09-29T11:21:29.488177+00:00,AAPL|hyperliquid:xyz:AAPL|rh_lighter:10,AAPL,RWA/xyz,hyperliquid:xyz:AAPL,rh_lighter:10,1000,2.967,999.76032,1000.4649690000001,336.96,337.1974954499495,0.9,0,0.0899784288,0.6146705712001314,6.148179307617764,0.0899784288,0.49988015999999996,0.024811982400131438,0.24817930761776422,USDC,USDG,470.35789489746094,661.2751483917236,,False,2026-09-29T11:14:10.194885+00:00,True,crossed_back_above_zero,-0.0861722560000126,59.977864265441895
76649,1790680957.5032785,2026-09-29T11:22:37.503278+00:00,MSFT|hyperliquid:xyz:MSFT|rh_lighter:14,MSFT,RWA/xyz,hyperliquid:xyz:MSFT,rh_lighter:14,1000,1.966,999.65202,1000.35978,508.47,508.83,0.9,0,0.0899686818,0.6177913182000074,6.18006372057356,0.0899686818,0.49982600999999993,0.02799662640000744,0.2800637205735596,USDC,USDG,480.13782501220703,748.3484745025635,,False,2026-09-29T11:14:10.194885+00:00,True,crossed_back_above_zero,-0.030916529600012177,60.00482249259949
76731,1790680984.55533,2026-09-29T11:23:04.555330+00:00,NVDA|hyperliquid:xyz:NVDA|lighter:110,NVDA,RWA/xyz,hyperliquid:xyz:NVDA,lighter:110,1000,4.341,999.95988,1000.646706,230.35242570836212,230.5106440912232,0.9,0,0.0899963892,0.5968296107999964,5.9685355656468575,0.0899963892,0.49997994,0.00685328159999643,0.06853556564685806,USDC,USDC,154.50739860534668,609.3933582305908,,False,2026-09-29T11:14:10.194885+00:00,True,crossed_back_above_zero,-0.08103647999997904,81.52691173553467
76899,1790681026.6242316,2026-09-29T11:23:46.624232+00:00,INTC|hyperliquid:xyz:INTC|rh_lighter:30,INTC,RWA/xyz,hyperliquid:xyz:INTC,rh_lighter:30,1000,8.55,999.1530000000001,1000.008,116.86,116.96,0.9,0,0.08992377000000001,0.7650762299999045,7.657247989045766,0.08992377000000001,0.49957650000000003,0.17557595999990455,1.757247989045767,USDC,USDG,240.60964584350586,574.2943286895752,,False,2026-09-29T11:14:10.194885+00:00,True,crossed_back_above_zero,-0.08098218000005569,60.057021617889404
77016,1790681069.4912746,2026-09-29T11:24:29.491275+00:00,AAPL|hyperliquid:xyz:AAPL|rh_lighter:10,AAPL,RWA/xyz,hyperliquid:xyz:AAPL,rh_lighter:10,1000,2.967,999.95318,1000.65042,337.0250016852039,337.26,0.9,0,0.0899957862,0.6072442138000789,6.0727264630537885,0.0899957862,0.49997659000000005,0.017271837600078777,0.17272646305378794,USDC,USDG,470.28636932373047,787.3842716217041,,False,2026-09-29T11:14:10.194885+00:00,True,crossed_back_above_zero,-0.02703649080011944,59.993122816085815
77192,1790681123.8388875,2026-09-29T11:25:23.838887+00:00,XAG|hyperliquid:xyz:SILVER|rh_lighter:41,XAG,RWA/xyz,hyperliquid:xyz:SILVER,rh_lighter:41,1000,16.39,999.85556,1000.56033,61.004,61.047,0.9,0,0.0899870004,0.6147829996000532,6.1487181168453295,0.0899870004,0.49992778,0.024868219200053276,0.2487181168453299,USDC,USDG,152.65178680419922,747.9560375213623,,False,2026-09-29T11:14:10.194885+00:00,True,crossed_back_above_zero,-0.011959088800077233,59.99771213531494
77305,1790681146.5962172,2026-09-29T11:25:46.596217+00:00,INTC|hyperliquid:xyz:INTC|rh_lighter:30,INTC,RWA/xyz,hyperliquid:xyz:INTC,rh_lighter:30,1000,8.55,999.2385000000002,999.9225000000001,116.87,116.95,0.9,0,0.08993146500000002,0.594068534999969,5.94521262941699,0.08993146500000002,0.4996192500000001,0.004517819999968864,0.04521262941698967,USDC,USDG,226.32527351379395,780.2863121032715,,False,2026-09-29T11:14:10.194885+00:00,True,crossed_back_above_zero,-0.08098218000005569,59.909547090530396
77463,1790681197.7584474,2026-09-29T11:26:37.758447+00:00,MSFT|hyperliquid:xyz:MSFT|rh_lighter:14,MSFT,RWA/xyz,hyperliquid:xyz:MSFT,rh_lighter:14,1000,1.965,999.5169000000001,1000.20465,508.66,509.01,0.9,0,0.08995652100000001,0.5977934789999373,5.980824126134708,0.08995652100000001,0.4997584500000001,0.008078507999937257,0.08082412613470824,USDC,USDG,735.2581024169922,768.5549259185791,,False,2026-09-29T11:14:10.194885+00:00,True,crossed_back_above_zero,-0.0055298324000842,60.25351858139038
77626,1790681249.4958613,2026-09-29T11:27:29.495861+00:00,AAPL|hyperliquid:xyz:AAPL|rh_lighter:10,AAPL,RWA/xyz,hyperliquid:xyz:AAPL,rh_lighter:10,1000,2.967,999.73065,1000.44273,336.95,337.19,0.9,0,0.08997575849999999,0.6221042415000145,6.22271850422926,0.08997575849999999,0.4998653249999999,0.03226315800001467,0.32271850422926085,USDC,USDG,476.4828681945801,746.9284534454346,,False,2026-09-29T11:14:10.194885+00:00,True,crossed_back_above_zero,-0.015810017599853454,59.98887014389038
77799,1790681303.7951174,2026-09-29T11:28:23.795117+00:00,SAMSUNGUSD|hyperliquid:xyz:SMSN|lighter:162,SAMSUNGUSD,RWA/xyz,hyperliquid:xyz:SMSN,lighter:162,1000,4.928,999.9897599999999,1000.748672,202.92,203.074,0.9,0,0.0899990784,0.6689129216001231,6.689197713385815,0.0899990784,0.49999488000000003,0.07891896320012304,0.7891977133858156,USDC,USDC,298.4030246734619,698.18115234375,,False,2026-09-29T11:14:10.194885+00:00,True,crossed_back_above_zero,-0.0979385195997739,81.76324129104614
78010,1790681364.877992,2026-09-29T11:29:24.877992+00:00,ETHFI|lighter:64|hyperliquid:ETHFI,ETHFI,crypto,lighter:64,hyperliquid:ETHFI,1000,1331.9,999.952415,1001.6711159999999,0.7507713904947818,0.7520618034386964,0,4.5,0.45075200219999995,1.2679489977998963,12.68009336024151,0.45075200219999995,0.4999762075,0.31722078809989634,3.172358837694255,USDC,USDC,153.66196632385254,608.0482006072998,,False,2026-09-29T11:14:10.194885+00:00,True,crossed_back_above_zero,-1.3471380552000434,81.3977484703064
78104,1790681384.1646593,2026-09-29T11:29:44.164659+00:00,META|hyperliquid:xyz:META|rh_lighter:13,META,RWA/xyz,hyperliquid:xyz:META,rh_lighter:13,1000,1.385,999.62375,1000.34395,721.75,722.27,0.9,0,0.0899661375,0.630233862499977,6.304710772427897,0.0899661375,0.49981187499999996,0.040455849999977034,0.4047107724278964,USDC,USDG,462.34917640686035,792.7231788635254,,False,2026-09-29T11:14:10.194885+00:00,True,crossed_back_above_zero,-0.057033342400117704,60.301241636276245
78206,1790681423.8475032,2026-09-29T11:30:23.847503+00:00,XAG|hyperliquid:xyz:SILVER|rh_lighter:41,XAG,RWA/xyz,hyperliquid:xyz:SILVER,rh_lighter:41,1000,16.39,999.5113699999999,1000.239131,60.983,61.02740274557657,0.9,0,0.0899560233,0.6378049767001005,6.381167797021664,0.0899560233,0.499755685,0.04809326840010053,0.481167797021664,USDC,USDG,152.48632431030273,377.57158279418945,,False,2026-09-29T11:14:10.194885+00:00,True,crossed_back_above_zero,-0.1020327440001822,59.64413928985596
78240,1790681430.507241,2026-09-29T11:30:30.507241+00:00,GOOGL|hyperliquid:xyz:GOOGL|rh_lighter:12,GOOGL,RWA/xyz,hyperliquid:xyz:GOOGL,rh_lighter:12,1000,2.917,999.71424,1000.5601699999999,342.72,343.01,0.9,0,0.08997428160000001,0.7559557183998393,7.561718020539942,0.08997428160000001,0.49985712000000004,0.1661243167998393,1.6617180205399424,USDC,USDG,155.64727783203125,578.3107280731201,,False,2026-09-29T11:14:10.194885+00:00,True,crossed_back_above_zero,-0.0093749416000653,59.66827201843262
78642,1790681549.4986222,2026-09-29T11:32:29.498622+00:00,AAPL|hyperliquid:xyz:AAPL|rh_lighter:10,AAPL,RWA/xyz,hyperliquid:xyz:AAPL,rh_lighter:10,1000,2.966,999.80894,1000.49112,337.09,337.32,0.9,0,0.0899828046,0.5921971954000167,5.92310362217822,0.0899828046,0.49990447000000005,0.002309920800016685,0.023103622178220217,USDC,USDG,473.8342761993408,407.78183937072754,,False,2026-09-29T11:14:10.194885+00:00,True,crossed_back_above_zero,-0.08626684200006335,59.48322129249573
78716,1790681564.1831834,2026-09-29T11:32:44.183183+00:00,META|hyperliquid:xyz:META|rh_lighter:13,META,RWA/xyz,hyperliquid:xyz:META,rh_lighter:13,1000,1.385,999.8869000000001,1000.6071000000001,721.94,722.46,0.9,0,0.08998982100000001,0.6302101789999771,6.302814638335366,0.08998982100000001,0.49994345,0.04027690799997713,0.402814638335367,USDC,USDG,470.8223342895508,589.2462730407715,,False,2026-09-29T11:14:10.194885+00:00,True,crossed_back_above_zero,-0.028586953999920117,60.32825231552124
78780,1790681594.6977208,2026-09-29T11:33:14.697721+00:00,NBIS|hyperliquid:xyz:NBIS|lighter:189,NBIS,RWA/xyz,hyperliquid:xyz:NBIS,lighter:189,1000,4.25,998.887,999.6425,235.03223529411764,235.21,0.9,0,0.08989983,0.6656001700000973,6.663418084328831,0.08989983,0.49944349999999993,0.07625684000009736,0.7634180843288316,USDC,USDC,151.94416046142578,373.78740310668945,,False,2026-09-29T11:14:10.194885+00:00,True,crossed_back_above_zero,-0.19724582000019564,81.55665683746338
79052,1790681669.8431695,2026-09-29T11:34:29.843169+00:00,XPL|lighter:71|hyperliquid:XPL,XPL,crypto,lighter:71,hyperliquid:XPL,1000,9980,999.8999220000001,1001.5075,0.1001903729458918,0.10035145290581163,0,4.5,0.4506783750000001,1.1568996249999894,11.570154167888708,0.4506783750000001,0.49994996100000005,0.2062712889999893,2.062919342841886,USDC,USDC,421.4186668395996,302.23774909973145,,False,2026-09-29T11:14:10.194885+00:00,True,crossed_back_above_zero,-0.22655358699989475,81.80808353424072
79292,1790681737.50686,2026-09-29T11:35:37.506860+00:00,MSFT|hyperliquid:xyz:MSFT|rh_lighter:14,MSFT,RWA/xyz,hyperliquid:xyz:MSFT,rh_lighter:14,1000,1.965,999.792,1000.4994,508.8,509.16,0.9,0,0.08998128000000001,0.6174187200000069,6.1754716981132765,0.08998128000000001,0.499896,0.0275414400000068,0.27547169811327554,USDC,USDG,470.69382667541504,752.9313564300537,,False,2026-09-29T11:14:10.194885+00:00,True,crossed_back_above_zero,-0.011731835999905016,60.445950746536255
79528,1790681803.9366856,2026-09-29T11:36:43.936686+00:00,META|hyperliquid:xyz:META|rh_lighter:13,META,RWA/xyz,hyperliquid:xyz:META,rh_lighter:13,1000,1.385,999.8315,1000.5517,721.9,722.42,0.9,0,0.089984835,0.6302151649999771,6.303213741515216,0.089984835,0.49991575000000005,0.04031457999997706,0.40321374151521594,USDC,USDG,227.72717475891113,511.7332935333252,,False,2026-09-29T11:14:10.194885+00:00,True,crossed_back_above_zero,-0.0013296000000522779,59.95809006690979
79863,1790681909.517698,2026-09-29T11:38:29.517698+00:00,AAPL|hyperliquid:xyz:AAPL|rh_lighter:10,AAPL,RWA/xyz,hyperliquid:xyz:AAPL,rh_lighter:10,1000,2.967,999.9976800000001,1000.70976,337.04,337.28,0.9,0,0.0899997912,0.6220802087999008,6.220816520293335,0.0899997912,0.49999884,0.03208157759990077,0.32081652029333474,USDC,USDG,479.6926975250244,930.7699203491211,,False,2026-09-29T11:14:10.194885+00:00,True,crossed_back_above_zero,-0.0005397803998489215,59.96343016624451
79901,1790681917.2210894,2026-09-29T11:38:37.221089+00:00,MSFT|hyperliquid:xyz:MSFT|rh_lighter:14,MSFT,RWA/xyz,hyperliquid:xyz:MSFT,rh_lighter:14,1000,1.965,999.5562000000001,1000.4208000000001,508.68,509.12,0.9,0,0.08996005800000001,0.7746399419999959,7.749838798458715,0.08996005800000001,0.49977810000000006,0.18490178399999585,1.8498387984587144,USDC,USDG,185.12368202209473,740.1549816131592,,False,2026-09-29T11:14:10.194885+00:00,True,crossed_back_above_zero,-0.05096502600004443,59.70373821258545
79949,1790681926.7303135,2026-09-29T11:38:46.730314+00:00,INTC|hyperliquid:xyz:INTC|rh_lighter:30,INTC,RWA/xyz,hyperliquid:xyz:INTC,rh_lighter:30,1000,8.55,999.4095000000001,1000.2645,116.89,116.99,0.9,0,0.089946855,0.7650531449999045,7.6550517580621795,0.089946855,0.49970475000000003,0.1754015399999045,1.7550517580621803,USDC,USDG,344.0096378326416,548.382043838501,,False,2026-09-29T11:14:10.194885+00:00,True,crossed_back_above_zero,-0.11548688000007545,59.97949957847595
80185,1790682002.1203868,2026-09-29T11:40:02.120387+00:00,NBIS|hyperliquid:xyz:NBIS|lighter:189,NBIS,RWA/xyz,hyperliquid:xyz:NBIS,lighter:189,1000,4.25,998.9484,999.7520360000001,235.04668235294116,235.23577317647062,0.9,0,0.089905356,0.7137306440000968,7.144819932642134,0.089905356,0.49947420000000003,0.1243510880000967,1.2448199326421336,USDC,USDC,151.69048309326172,768.4531211853027,,False,2026-09-29T11:14:10.194885+00:00,True,crossed_back_above_zero,-0.05706480000005454,81.37207531929016
80269,1790682029.513894,2026-09-29T11:40:29.513894+00:00,AAPL|hyperliquid:xyz:AAPL|rh_lighter:10,AAPL,RWA/xyz,hyperliquid:xyz:AAPL,rh_lighter:10,1000,2.967,999.9383399999999,1000.6211,337.02,337.25011796427367,0.9,0,0.0899944506,0.5927655494000302,5.928021015776135,0.0899944506,0.49996916999999996,0.0028019288000302733,0.028021015776135492,USDC,USDG,476.75538063049316,608.9701652526855,,False,2026-09-29T11:14:10.194885+00:00,True,crossed_back_above_zero,-0.11633007920001093,59.91911005973816
80412,1790682076.9965785,2026-09-29T11:41:16.996578+00:00,XPL|lighter:71|hyperliquid:XPL,XPL,crypto,lighter:71,hyperliquid:XPL,1000,9872,999.93488,1001.50291,0.10129,0.10144883610210698,0,4.5,0.45067630950000004,1.1173536905000216,11.174264573109216,0.45067630950000004,0.49996744,0.16670994100002162,1.6672079785837817,USDC,USDC,150.71654319763184,528.6469459533691,,False,2026-09-29T11:14:10.194885+00:00,True,crossed_back_above_zero,-0.7057965250000011,81.39415287971497
80883,1790682209.731431,2026-09-29T11:43:29.731431+00:00,AAPL|hyperliquid:xyz:AAPL|rh_lighter:10,AAPL,RWA/xyz,hyperliquid:xyz:AAPL,rh_lighter:10,1000,2.966,999.8979200000001,1000.5801000000001,337.12,337.35,0.9,0,0.08999081280000001,0.5921891872000167,5.922496440436806,0.08999081280000001,0.49994896000000005,0.002249414400016636,0.02249644043680615,USDC,USDG,694.2534446716309,737.4997138977051,,False,2026-09-29T11:14:10.194885+00:00,True,crossed_back_above_zero,-0.056167895599964046,60.04946279525757
81059,1790682264.1031156,2026-09-29T11:44:24.103116+00:00,XAG|hyperliquid:xyz:SILVER|rh_lighter:41,XAG,RWA/xyz,hyperliquid:xyz:SILVER,rh_lighter:41,1000,16.42,999.9615800000001,1000.6939120000002,60.899,60.9436,0.9,0,0.08999654220000002,0.6423354578000422,6.423601372765162,0.08999654220000002,0.49998079000000006,0.05235812560004216,0.5236013727651632,USDC,USDG,401.0000228881836,795.1929569244385,,False,2026-09-29T11:14:10.194885+00:00,True,crossed_back_above_zero,-0.06098087279990155,60.0480523109436
81139,1790682280.2087326,2026-09-29T11:44:40.208733+00:00,PUMP|lighter:45|hyperliquid:PUMP,PUMP,crypto,lighter:45,hyperliquid:PUMP,1000,184842,999.99522,1001.473956,0.00541,0.005418,0,4.5,0.4506632802,1.0280727198000261,10.280776340111167,0.4506632802,0.49999761,0.07741182960002613,0.7741219963034036,USDC,USDC,291.17298126220703,670.8192825317383,,False,2026-09-29T11:14:10.194885+00:00,True,crossed_back_above_zero,-1.6240841620998852,81.70720887184143
81591,1790682409.86765,2026-09-29T11:46:49.867650+00:00,NBIS|hyperliquid:xyz:NBIS|lighter:189,NBIS,RWA/xyz,hyperliquid:xyz:NBIS,lighter:189,1000,4.25,998.0038,998.7925,234.82442352941175,235.01,0.9,0,0.089820342,0.6988796580000626,7.002775520494637,0.089820342,0.4990019,0.11005741600006258,1.1027755204946372,USDC,USDC,223.06180000305176,363.7208938598633,,False,2026-09-29T11:14:10.194885+00:00,True,crossed_back_above_zero,-0.12123570000002842,81.6410620212555
81664,1790682443.0088558,2026-09-29T11:47:23.008856+00:00,PUMP|lighter:45|hyperliquid:PUMP,PUMP,crypto,lighter:45,hyperliquid:PUMP,1000,183378,999.9960299999999,1001.4272579999999,0.0054531952033504555,0.005461,0,4.5,0.45064226609999997,0.9805857339000328,9.805896268408514,0.45064226609999997,0.49999801499999996,0.0299454528000328,0.2994557168395239,USDC,USDC,163.5279655456543,661.9226932525635,,False,2026-09-29T11:14:10.194885+00:00,True,crossed_back_above_zero,-1.9964925278001266,81.36499452590942
81667,1790682443.9504802,2026-09-29T11:47:23.950480+00:00,XAG|hyperliquid:xyz:SILVER|rh_lighter:41,XAG,RWA/xyz,hyperliquid:xyz:SILVER,rh_lighter:41,1000,16.42,999.4033000000002,1000.1865340000002,60.865,60.9127,0.9,0,0.08994629700000002,0.6932877029999931,6.937016347654575,0.08994629700000002,0.49970165000000005,0.10363975599999303,1.0370163476545757,USDC,USDG,151.95488929748535,525.5465507507324,,False,2026-09-29T11:14:10.194885+00:00,True,crossed_back_above_zero,-0.004899728000038295,60.08394908905029
81812,1790682480.5256922,2026-09-29T11:48:00.525692+00:00,ARB|lighter:50|hyperliquid:ARB,ARB,crypto,lighter:50,hyperliquid:ARB,1000,4670.2,999.9832240000001,1001.5776879999999,0.21412000000000003,0.2144614123592137,0,4.5,0.45070995959999993,1.143754040399789,11.437732283394675,0.45070995959999993,0.499991612,0.1930524687997891,1.9305570750233816,USDC,USDC,157.3162078857422,696.763277053833,,False,2026-09-29T11:14:10.194885+00:00,True,crossed_back_above_zero,-0.4212640936000153,81.53356003761292
82229,1790682607.2868702,2026-09-29T11:50:07.286870+00:00,SAMSUNGUSD|hyperliquid:xyz:SMSN|lighter:162,SAMSUNGUSD,RWA/xyz,hyperliquid:xyz:SMSN,lighter:162,1000,4.901,999.8114599999999,1000.544051,204.0015221383391,204.151,0.9,0,0.0899830314,0.6426079686000704,6.427291487537765,0.0899830314,0.49990572999999994,0.052719207200070506,0.5272914875377654,USDC,USDC,156.78071975708008,657.9391956329346,,False,2026-09-29T11:14:10.194885+00:00,True,crossed_back_above_zero,-0.1175504344000054,81.32765674591064
82231,1790682608.4657137,2026-09-29T11:50:08.465714+00:00,WTI|hyperliquid:xyz:CL|lighter:145,WTI,RWA/xyz,hyperliquid:xyz:CL,lighter:145,1000,10.968,999.995366,1000.676448,91.17390280816922,91.236,0.9,0,0.08999958294,0.5910824170600604,5.91085156148674,0.08999958294,0.49999768299999997,0.0010851511200604125,0.010851561486740055,USDC,USDC,163.76328468322754,674.7815608978271,,False,2026-09-29T11:14:10.194885+00:00,True,crossed_back_above_zero,-0.8868258428401374,81.38098454475403
82313,1790682630.6386614,2026-09-29T11:50:30.638661+00:00,GOOGL|hyperliquid:xyz:GOOGL|rh_lighter:12,GOOGL,RWA/xyz,hyperliquid:xyz:GOOGL,rh_lighter:12,1000,2.911,999.72473,1000.4233700000001,343.43,343.67,0.9,0,0.0899752257,0.6086647743000686,6.088323675858939,0.0899752257,0.49986236500000003,0.01882718360006863,0.18832367585894,USDC,USDG,154.99258041381836,759.7851753234863,,False,2026-09-29T11:14:10.194885+00:00,True,crossed_back_above_zero,-0.03855495600011272,60.01495957374573
82329,1790682633.956852,2026-09-29T11:50:33.956852+00:00,INTC|hyperliquid:xyz:INTC|lighter:137,INTC,RWA/xyz,hyperliquid:xyz:INTC,lighter:137,1000,8.54,999.3507999999998,1000.0767,117.02,117.105,0.9,0,0.08994157199999998,0.6359584280001379,6.363715604171609,0.08994157199999998,0.4996753999999999,0.04634145600013806,0.46371560417160884,USDC,USDC,150.74920654296875,769.9222564697266,,False,2026-09-29T11:14:10.194885+00:00,True,crossed_back_above_zero,-0.09691298799999248,81.36513948440552
82483,1790682684.0164995,2026-09-29T11:51:24.016500+00:00,XAG|hyperliquid:xyz:SILVER|rh_lighter:41,XAG,RWA/xyz,hyperliquid:xyz:SILVER,rh_lighter:41,1000,16.39,999.80639,1000.617695,61.001,61.0505,0.9,0,0.0899825751,0.7213224249000613,7.214621071786322,0.0899825751,0.49990319499999997,0.13143665480006134,1.314621071786322,USDC,USDG,207.06701278686523,508.56590270996094,,False,2026-09-29T11:14:10.194885+00:00,True,crossed_back_above_zero,-0.11303969039992495,60.0220263004303
82801,1790682766.798263,2026-09-29T11:52:46.798263+00:00,INTC|hyperliquid:xyz:INTC|rh_lighter:30,INTC,RWA/xyz,hyperliquid:xyz:INTC,rh_lighter:30,1000,8.54,998.8383999999999,999.9485999999999,116.96,117.09,0.9,0,0.08989545599999998,1.020304544000077,10.214911080712128,0.08989545599999998,0.4994191999999999,0.43098988800007715,4.314911080712127,USDC,USDG,169.41189765930176,422.3289489746094,,False,2026-09-29T11:14:10.194885+00:00,True,crossed_back_above_zero,-0.1664240400000801,60.04206562042236
82891,1790682804.0135138,2026-09-29T11:53:24.013514+00:00,XAG|hyperliquid:xyz:SILVER|rh_lighter:41,XAG,RWA/xyz,hyperliquid:xyz:SILVER,rh_lighter:41,1000,16.36,999.39968,1000.2782119999999,61.088,61.1417,0.9,0,0.0899459712,0.7885860287999501,7.890597171293372,0.0899459712,0.49969984000000006,0.19894021759995,1.990597171293371,USDC,USDG,203.11737060546875,424.579381942749,,False,2026-09-29T11:14:10.194885+00:00,True,crossed_back_above_zero,-0.003659022400046341,59.67162466049194
82904,1790682806.6135108,2026-09-29T11:53:26.613511+00:00,ARB|lighter:50|hyperliquid:ARB,ARB,crypto,lighter:50,hyperliquid:ARB,1000,4681.5,999.9863339999998,1001.487703,0.213603830823454,0.2139245333760547,0,4.5,0.45066946635000005,1.0506995336501816,10.507138927062396,0.45066946635000005,0.4999931669999999,0.1000369003001817,1.0003826742314432,USDC,USDC,438.9040470123291,850.5778312683105,,False,2026-09-29T11:14:10.194885+00:00,True,crossed_back_above_zero,-0.05819760280004915,82.07687139511108
82925,1790682810.9479084,2026-09-29T11:53:30.947908+00:00,GOOGL|hyperliquid:xyz:GOOGL|rh_lighter:12,GOOGL,RWA/xyz,hyperliquid:xyz:GOOGL,rh_lighter:12,1000,2.912,999.71872,1000.5340799999999,343.31,343.59,0.9,0,0.0899746848,0.7253853151999414,7.2558940898890185,0.0899746848,0.49985936000000003,0.13555127039994136,1.3558940898890175,USDC,USDG,467.3571586608887,708.9707851409912,,False,2026-09-29T11:14:10.194885+00:00,True,crossed_back_above_zero,-0.009992755200015635,60.16103768348694
83161,1790682877.3041372,2026-09-29T11:54:37.304137+00:00,MSFT|hyperliquid:xyz:MSFT|rh_lighter:14,MSFT,RWA/xyz,hyperliquid:xyz:MSFT,rh_lighter:14,1000,1.965,999.49725,1000.1850000000001,508.65,509.0,0.9,0,0.08995475250000001,0.597795247500051,5.980959402340036,0.08995475250000001,0.499748625,0.008091870000051016,0.08095940234003661,USDC,USDG,152.14085578918457,707.2057723999023,,False,2026-09-29T11:14:10.194885+00:00,True,crossed_back_above_zero,-0.07080209400000048,59.95088481903076
83333,1790682930.9506624,2026-09-29T11:55:30.950662+00:00,GOOGL|hyperliquid:xyz:GOOGL|rh_lighter:12,GOOGL,RWA/xyz,hyperliquid:xyz:GOOGL,rh_lighter:12,1000,2.911,999.7265000000001,1000.4233700000001,343.43060803847476,343.67,0.9,0,0.089975385,0.6068946149999899,6.070606460866945,0.089975385,0.49986325000000004,0.017055979999989812,0.1706064608669452,USDC,USDG,465.0912284851074,368.8366413116455,,False,2026-09-29T11:14:10.194885+00:00,True,crossed_back_above_zero,-0.09746813439987934,59.92321014404297
83399,1790682944.1308203,2026-09-29T11:55:44.130820+00:00,META|hyperliquid:xyz:META|rh_lighter:13,META,RWA/xyz,hyperliquid:xyz:META,rh_lighter:13,1000,1.378,999.9319199999999,1000.6346999999998,725.64,726.15,0.9,0,0.08999387279999999,0.6127861271999615,6.128278485198888,0.08999387279999999,0.49996595999999993,0.022826294399961533,0.2282784851988877,USDC,USDG,309.54909324645996,625.887393951416,,False,2026-09-29T11:14:10.194885+00:00,True,crossed_back_above_zero,-0.004908178800045959,60.090566873550415
83413,1790682946.981758,2026-09-29T11:55:46.981758+00:00,INTC|hyperliquid:xyz:INTC|rh_lighter:30,INTC,RWA/xyz,hyperliquid:xyz:INTC,rh_lighter:30,1000,8.54,999.6069999999999,1000.2901999999999,117.05,117.13,0.9,0,0.08996462999999999,0.5932353700000562,5.934686031610986,0.08996462999999999,0.4998034999999999,0.0034672400000563264,0.034686031610986386,USDC,USDG,480.1344871520996,765.819787979126,,False,2026-09-29T11:14:10.194885+00:00,True,crossed_back_above_zero,-0.1158534720000538,59.91711139678955
83739,1790683050.6355772,2026-09-29T11:57:30.635577+00:00,GOOGL|hyperliquid:xyz:GOOGL|rh_lighter:12,GOOGL,RWA/xyz,hyperliquid:xyz:GOOGL,rh_lighter:12,1000,2.912,999.88153,1000.7670400000001,343.3659100274725,343.67,0.9,0,0.0899893377,0.7955206623000675,7.956149187994977,0.0899893377,0.499940765,0.2055905596000674,2.0561491879949756,USDC,USDG,155.3514003753662,321.643590927124,,False,2026-09-29T11:14:10.194885+00:00,True,crossed_back_above_zero,-0.010652849199903336,59.999411821365356
83871,1790683094.7358594,2026-09-29T11:58:14.735859+00:00,PUMP|lighter:45|hyperliquid:PUMP,PUMP,crypto,lighter:45,hyperliquid:PUMP,1000,176273,999.9967290000001,1002.464551,0.005673,0.005687,0,4.5,0.45110904795000006,2.0167129520499554,20.16719548739599,0.45110904795000006,0.4999983645,1.065605539599955,10.656090252070763,USDC,USDC,154.07800674438477,594.9318408966064,,False,2026-09-29T11:14:10.194885+00:00,True,crossed_back_above_zero,-1.0411238089998842,81.3179383277893
84041,1790683131.9317138,2026-09-29T11:58:51.931714+00:00,ARB|lighter:50|hyperliquid:ARB,ARB,crypto,lighter:50,hyperliquid:ARB,1000,4689.4,999.9848709999998,1001.4400999999999,0.21324367104533626,0.21355399411438564,0,4.5,0.450648045,1.004580955000145,10.045961535353522,0.450648045,0.49999243549999994,0.05394047450014505,0.5394129057793022,USDC,USDC,147.82357215881348,945.7831382751465,,False,2026-09-29T11:14:10.194885+00:00,True,crossed_back_above_zero,-0.32930989569990204,80.95888042449951
