asset,route,tier,hl_base_bps,first_positive_utc,last_positive_utc,positive_samples,observed_first_to_last_seconds,preceding_nonpositive_utc,following_nonpositive_utc,outer_bracket_seconds,right_censored,left_censored,end_reason,first_opening_edge_usd,first_budgeted_edge_usd,peak_budgeted_edge_usd
ZEC,ZEC|hyperliquid:ZEC|lighter:90,standard,4.5,2026-09-29T05:20:06.659260+00:00,2026-09-29T05:20:06.659260+00:00,1,0.0,2026-09-29T05:18:46.568980+00:00,2026-09-29T05:21:43.674658+00:00,177.10567784309387,False,False,observed_nonpositive,1.2032081999999154,0.2615453999999154,0.2615453999999154
NVDA,NVDA|hyperliquid:xyz:NVDA|rh_lighter:15,standard,4.5,2026-09-29T05:13:21.447238+00:00,2026-09-29T10:56:21.455618+00:00,344,20580.008380413055,,2026-09-29T10:57:21.495228+00:00,,False,True,observed_nonpositive,1.0926120239999795,0.5026908479999794,0.5896342936000315
NVDA,NVDA|hyperliquid:xyz:NVDA|rh_lighter:15,standard,4.5,2026-09-29T10:58:21.532346+00:00,2026-09-29T11:59:21.635041+00:00,62,3660.1026945114136,2026-09-29T10:57:21.495228+00:00,,,True,False,window_end,0.7329030805999157,0.14298883119991562,0.66634649000008
XAG,XAG|hyperliquid:xyz:SILVER|rh_lighter:41,standard,4.5,2026-09-29T05:13:22.737027+00:00,2026-09-29T05:32:22.172689+00:00,20,1139.4356622695923,,2026-09-29T05:33:22.201943+00:00,,False,True,observed_nonpositive,0.7938696600999032,0.20390676519990325,0.33158531999985424
XAG,XAG|hyperliquid:xyz:SILVER|rh_lighter:41,standard,4.5,2026-09-29T05:35:22.296414+00:00,2026-09-29T05:35:22.296414+00:00,1,0.0,2026-09-29T05:34:22.310643+00:00,2026-09-29T05:36:22.360128+00:00,120.04948496818542,False,False,observed_nonpositive,0.7397851576000355,0.14983863520003554,0.14983863520003554
XAG,XAG|hyperliquid:xyz:SILVER|rh_lighter:41,standard,4.5,2026-09-29T05:46:22.298379+00:00,2026-09-29T05:49:22.482347+00:00,4,180.1839680671692,2026-09-29T05:45:22.243070+00:00,2026-09-29T05:50:22.473952+00:00,300.23088216781616,False,False,observed_nonpositive,0.6112443547998782,0.02158756959987812,0.1706700864000491
XAG,XAG|hyperliquid:xyz:SILVER|rh_lighter:41,standard,4.5,2026-09-29T05:51:22.470893+00:00,2026-09-29T06:02:22.213529+00:00,12,659.7426364421844,2026-09-29T05:50:22.473952+00:00,2026-09-29T06:03:22.300115+00:00,779.8261630535126,False,False,observed_nonpositive,0.7224565035999847,0.13272202719998466,0.20648896560004365
XAG,XAG|hyperliquid:xyz:SILVER|rh_lighter:41,standard,4.5,2026-09-29T06:04:22.304954+00:00,2026-09-29T06:06:22.495213+00:00,3,120.19025897979736,2026-09-29T06:03:22.300115+00:00,2026-09-29T06:07:22.497994+00:00,240.19787859916687,False,False,observed_nonpositive,0.7260759800000715,0.13608896000007142,0.13608896000007142
XAG,XAG|hyperliquid:xyz:SILVER|rh_lighter:41,standard,4.5,2026-09-29T06:08:22.496893+00:00,2026-09-29T06:08:22.496893+00:00,1,0.0,2026-09-29T06:07:22.497994+00:00,2026-09-29T06:09:22.500289+00:00,120.00229525566101,False,False,observed_nonpositive,0.6665459747999575,0.07684080959995748,0.07684080959995748
XAG,XAG|hyperliquid:xyz:SILVER|rh_lighter:41,standard,4.5,2026-09-29T06:10:22.174834+00:00,2026-09-29T06:21:22.523101+00:00,12,660.3482673168182,2026-09-29T06:09:22.500289+00:00,2026-09-29T06:22:22.528705+00:00,780.0284161567688,False,False,observed_nonpositive,0.7267651799999184,0.13706135999991842,0.2102004275999157
XAG,XAG|hyperliquid:xyz:SILVER|rh_lighter:41,standard,4.5,2026-09-29T06:23:22.529367+00:00,2026-09-29T06:23:22.529367+00:00,1,0.0,2026-09-29T06:22:22.528705+00:00,2026-09-29T06:24:22.526133+00:00,119.99742770195007,False,False,observed_nonpositive,0.6559297967000641,0.0659809084000641,0.0659809084000641
XAG,XAG|hyperliquid:xyz:SILVER|rh_lighter:41,standard,4.5,2026-09-29T06:25:22.606006+00:00,2026-09-29T06:25:22.606006+00:00,1,0.0,2026-09-29T06:24:22.526133+00:00,2026-09-29T06:26:22.242422+00:00,119.71628952026367,False,False,observed_nonpositive,0.6099198819000251,0.019932218800025103,0.019932218800025103
XAG,XAG|hyperliquid:xyz:SILVER|rh_lighter:41,standard,4.5,2026-09-29T06:37:22.534822+00:00,2026-09-29T06:37:22.534822+00:00,1,0.0,2026-09-29T06:36:22.536964+00:00,2026-09-29T06:38:22.220202+00:00,119.68323826789856,False,False,observed_nonpositive,0.6419881320000087,0.0523036640000088,0.0523036640000088
XAG,XAG|hyperliquid:xyz:SILVER|rh_lighter:41,standard,4.5,2026-09-29T06:39:22.259444+00:00,2026-09-29T06:40:22.229215+00:00,2,59.96977114677429,2026-09-29T06:38:22.220202+00:00,2026-09-29T06:41:22.511501+00:00,180.29129886627197,False,False,observed_nonpositive,0.6123796574998471,0.022705189999847053,0.03654560000003393
XAG,XAG|hyperliquid:xyz:SILVER|rh_lighter:41,standard,4.5,2026-09-29T06:42:22.231416+00:00,2026-09-29T06:43:22.229945+00:00,2,59.99852919578552,2026-09-29T06:41:22.511501+00:00,2026-09-29T06:44:22.227919+00:00,179.71641755104065,False,False,observed_nonpositive,0.6080082800000928,0.018062560000092875,0.030416752000074543
XAG,XAG|hyperliquid:xyz:SILVER|rh_lighter:41,standard,4.5,2026-09-29T06:59:22.294585+00:00,2026-09-29T07:01:22.392591+00:00,3,120.09800553321838,2026-09-29T06:58:22.288066+00:00,2026-09-29T07:02:22.286180+00:00,239.99811387062073,False,False,observed_nonpositive,0.7545275410999204,0.16469497719992032,0.16469497719992032
XAG,XAG|hyperliquid:xyz:SILVER|rh_lighter:41,standard,4.5,2026-09-29T07:03:22.336872+00:00,2026-09-29T07:07:22.516028+00:00,5,240.17915606498718,2026-09-29T07:02:22.286180+00:00,2026-09-29T07:08:22.563783+00:00,360.2776029109955,False,False,observed_nonpositive,0.6448787279998922,0.05494905599989219,0.1249415940001013
XAG,XAG|hyperliquid:xyz:SILVER|rh_lighter:41,standard,4.5,2026-09-29T07:09:22.579508+00:00,2026-09-29T07:09:22.579508+00:00,1,0.0,2026-09-29T07:08:22.563783+00:00,2026-09-29T07:10:22.592216+00:00,120.0284333229065,False,False,observed_nonpositive,0.6681736827000208,0.0783813804000208,0.0783813804000208
XAG,XAG|hyperliquid:xyz:SILVER|rh_lighter:41,standard,4.5,2026-09-29T07:11:22.593055+00:00,2026-09-29T07:14:23.609648+00:00,4,181.0165934562683,2026-09-29T07:10:22.592216+00:00,2026-09-29T07:15:23.779349+00:00,301.187132358551,False,False,observed_nonpositive,0.6965421470000009,0.1067004440000009,0.11729461319994494
XAG,XAG|hyperliquid:xyz:SILVER|rh_lighter:41,standard,4.5,2026-09-29T07:16:23.600384+00:00,2026-09-29T09:48:23.724022+00:00,153,9120.123638629913,2026-09-29T07:15:23.779349+00:00,2026-09-29T09:49:23.737456+00:00,9239.958107233047,False,False,observed_nonpositive,0.6522273584000657,0.06251159680006574,0.5819318747999251
XAG,XAG|hyperliquid:xyz:SILVER|rh_lighter:41,standard,4.5,2026-09-29T09:50:23.735717+00:00,2026-09-29T10:04:23.747029+00:00,15,840.0113127231598,2026-09-29T09:49:23.737456+00:00,2026-09-29T10:05:23.879017+00:00,960.1415605545044,False,False,observed_nonpositive,0.6747675604002412,0.08479090080024138,0.20616494960011356
XAG,XAG|hyperliquid:xyz:SILVER|rh_lighter:41,standard,4.5,2026-09-29T10:07:23.749372+00:00,2026-09-29T10:11:23.834265+00:00,5,240.08489346504211,2026-09-29T10:06:23.752955+00:00,2026-09-29T10:12:23.873898+00:00,360.12094283103943,False,False,observed_nonpositive,0.7961163708000154,0.20611880160001533,0.2730771152000123
XAG,XAG|hyperliquid:xyz:SILVER|rh_lighter:41,standard,4.5,2026-09-29T10:15:22.766437+00:00,2026-09-29T10:18:22.430075+00:00,4,179.6636381149292,2026-09-29T10:14:22.750570+00:00,2026-09-29T10:19:22.441440+00:00,299.6908700466156,False,False,observed_nonpositive,0.6345737540999892,0.04464425319998916,0.057967011600000395
XAG,XAG|hyperliquid:xyz:SILVER|rh_lighter:41,standard,4.5,2026-09-29T10:21:22.430033+00:00,2026-09-29T10:21:22.430033+00:00,1,0.0,2026-09-29T10:20:22.429957+00:00,2026-09-29T10:22:22.534379+00:00,120.10442209243774,False,False,observed_nonpositive,0.616936646400082,0.027045772800081913,0.027045772800081913
XAG,XAG|hyperliquid:xyz:SILVER|rh_lighter:41,standard,4.5,2026-09-29T10:26:22.564274+00:00,2026-09-29T10:27:22.601139+00:00,2,60.03686499595642,2026-09-29T10:25:22.605765+00:00,2026-09-29T10:28:22.707549+00:00,180.10178399085999,False,False,observed_nonpositive,0.6001018068000168,0.010375873600016738,0.010375873600016738
XAG,XAG|hyperliquid:xyz:SILVER|rh_lighter:41,standard,4.5,2026-09-29T10:33:22.449405+00:00,2026-09-29T10:33:22.449405+00:00,1,0.0,2026-09-29T10:32:22.439439+00:00,2026-09-29T10:34:22.454168+00:00,120.01472926139832,False,False,observed_nonpositive,0.635014727999899,0.04508505599989898,0.04508505599989898
XAG,XAG|hyperliquid:xyz:SILVER|rh_lighter:41,standard,4.5,2026-09-29T10:36:22.465023+00:00,2026-09-29T10:47:22.476296+00:00,12,660.0112729072571,2026-09-29T10:35:22.455031+00:00,2026-09-29T10:48:22.480254+00:00,780.0252227783203,False,False,observed_nonpositive,0.6448964832000058,0.05508320640000569,0.22432577280005983
XAG,XAG|hyperliquid:xyz:SILVER|rh_lighter:41,standard,4.5,2026-09-29T10:49:22.734790+00:00,2026-09-29T10:50:22.475127+00:00,2,59.740336418151855,2026-09-29T10:48:22.480254+00:00,2026-09-29T10:51:22.477011+00:00,179.99675679206848,False,False,observed_nonpositive,0.596783275400014,0.006844080800013974,0.016468603199956022
XAG,XAG|hyperliquid:xyz:SILVER|rh_lighter:41,standard,4.5,2026-09-29T10:53:22.534613+00:00,2026-09-29T10:54:22.544628+00:00,2,60.01001477241516,2026-09-29T10:52:22.466260+00:00,2026-09-29T10:55:22.473829+00:00,180.00756859779358,False,False,observed_nonpositive,0.6525747780001168,0.06290765600011677,0.11043128759993126
XAG,XAG|hyperliquid:xyz:SILVER|rh_lighter:41,standard,4.5,2026-09-29T10:56:22.676428+00:00,2026-09-29T11:04:22.552592+00:00,9,479.8761637210846,2026-09-29T10:55:22.473829+00:00,2026-09-29T11:05:22.487857+00:00,600.0140285491943,False,False,observed_nonpositive,0.6296758068000419,0.03994987360004182,0.17414526559999094
XAG,XAG|hyperliquid:xyz:SILVER|rh_lighter:41,standard,4.5,2026-09-29T11:07:22.496709+00:00,2026-09-29T11:08:22.583507+00:00,2,60.08679819107056,2026-09-29T11:06:22.542748+00:00,2026-09-29T11:09:22.653193+00:00,180.11044430732727,False,False,observed_nonpositive,0.637878977199992,0.04807549439999198,0.15141690839990918
XAG,XAG|hyperliquid:xyz:SILVER|rh_lighter:41,standard,4.5,2026-09-29T11:10:22.534397+00:00,2026-09-29T11:12:22.703364+00:00,3,120.16896629333496,2026-09-29T11:09:22.653193+00:00,2026-09-29T11:13:22.747891+00:00,240.0946981906891,False,False,observed_nonpositive,0.7192247687999896,0.12927569759998964,0.12927569759998964
XAG,XAG|hyperliquid:xyz:SILVER|rh_lighter:41,standard,4.5,2026-09-29T11:14:25.293777+00:00,2026-09-29T11:14:25.293777+00:00,1,0.0,2026-09-29T11:13:22.747891+00:00,2026-09-29T11:15:24.049372+00:00,121.30148077011108,False,False,observed_nonpositive,0.7276667474001574,0.13799942480015737,0.13799942480015737
XAG,XAG|hyperliquid:xyz:SILVER|rh_lighter:41,standard,4.5,2026-09-29T11:25:23.838887+00:00,2026-09-29T11:25:23.838887+00:00,1,0.0,2026-09-29T11:24:23.841175+00:00,2026-09-29T11:26:23.905684+00:00,120.06450891494751,False,False,observed_nonpositive,0.6147829996000532,0.024868219200053276,0.024868219200053276
XAG,XAG|hyperliquid:xyz:SILVER|rh_lighter:41,standard,4.5,2026-09-29T11:30:23.847503+00:00,2026-09-29T11:32:23.861158+00:00,3,120.01365494728088,2026-09-29T11:29:24.203364+00:00,2026-09-29T11:33:23.843253+00:00,239.63988876342773,False,False,observed_nonpositive,0.6378049767001005,0.04809326840010053,0.06317214399991278
XAG,XAG|hyperliquid:xyz:SILVER|rh_lighter:41,standard,4.5,2026-09-29T11:44:24.103116+00:00,2026-09-29T11:44:24.103116+00:00,1,0.0,2026-09-29T11:43:24.055063+00:00,2026-09-29T11:45:23.867262+00:00,119.81219863891602,False,False,observed_nonpositive,0.6423354578000422,0.05235812560004216,0.05235812560004216
XAG,XAG|hyperliquid:xyz:SILVER|rh_lighter:41,standard,4.5,2026-09-29T11:47:23.950480+00:00,2026-09-29T11:49:23.955642+00:00,3,120.00516200065613,2026-09-29T11:46:23.866531+00:00,2026-09-29T11:50:23.994473+00:00,240.1279420852661,False,False,observed_nonpositive,0.6932877029999931,0.10363975599999303,0.10363975599999303
XAG,XAG|hyperliquid:xyz:SILVER|rh_lighter:41,standard,4.5,2026-09-29T11:51:24.016500+00:00,2026-09-29T11:51:24.016500+00:00,1,0.0,2026-09-29T11:50:23.994473+00:00,2026-09-29T11:52:24.341889+00:00,120.34741592407227,False,False,observed_nonpositive,0.7213224249000613,0.13143665480006134,0.13143665480006134
XAG,XAG|hyperliquid:xyz:SILVER|rh_lighter:41,standard,4.5,2026-09-29T11:53:24.013514+00:00,2026-09-29T11:59:24.297798+00:00,7,360.2842845916748,2026-09-29T11:52:24.341889+00:00,,,True,False,window_end,0.7885860287999501,0.19894021759995,0.19894021759995
NEAR,NEAR|hyperliquid:NEAR|lighter:10,standard,4.5,2026-09-29T05:36:31.128901+00:00,2026-09-29T05:37:51.227113+00:00,2,80.09821152687073,2026-09-29T05:35:10.821048+00:00,2026-09-29T05:39:11.240749+00:00,240.41970086097717,False,False,observed_nonpositive,1.2338007594999079,0.28389947399990767,0.28389947399990767
NEAR,NEAR|hyperliquid:NEAR|lighter:10,standard,4.5,2026-09-29T05:48:32.450169+00:00,2026-09-29T05:48:32.450169+00:00,1,0.0,2026-09-29T05:47:12.349878+00:00,2026-09-29T05:49:52.717708+00:00,160.3678297996521,False,False,observed_nonpositive,1.1874061055001184,0.2378391060001186,0.2378391060001186
NEAR,NEAR|hyperliquid:NEAR|lighter:10,standard,4.5,2026-09-29T06:09:54.527991+00:00,2026-09-29T06:09:54.527991+00:00,1,0.0,2026-09-29T06:08:34.174604+00:00,2026-09-29T06:11:14.613934+00:00,160.43933010101318,False,False,observed_nonpositive,1.334204498999921,0.38457710799992106,0.38457710799992106
NEAR,NEAR|hyperliquid:NEAR|lighter:10,standard,4.5,2026-09-29T10:44:22.449879+00:00,2026-09-29T10:44:22.449879+00:00,1,0.0,2026-09-29T10:42:59.688289+00:00,2026-09-29T10:45:44.987641+00:00,165.29935240745544,False,False,observed_nonpositive,1.0110493924998862,0.06142810999988624,0.06142810999988624
NEAR,NEAR|hyperliquid:NEAR|lighter:10,standard,4.5,2026-09-29T10:49:53.484430+00:00,2026-09-29T10:51:16.051756+00:00,2,82.56732630729675,2026-09-29T10:48:30.478654+00:00,2026-09-29T10:52:39.096216+00:00,248.6175618171692,False,False,observed_nonpositive,1.0368622359999913,0.08697251199999123,0.20193251200010132
SNDK,SNDK|hyperliquid:xyz:SNDK|rh_lighter:32,standard,4.5,2026-09-29T08:57:26.582267+00:00,2026-09-29T08:57:26.582267+00:00,1,0.0,2026-09-29T08:56:27.350803+00:00,2026-09-29T08:58:26.359744+00:00,119.00894093513489,False,False,observed_nonpositive,0.6036678240000604,0.014112448000060451,0.014112448000060451
SNDK,SNDK|hyperliquid:xyz:SNDK|rh_lighter:32,standard,4.5,2026-09-29T09:36:26.654155+00:00,2026-09-29T09:37:26.635938+00:00,2,59.98178315162659,2026-09-29T09:35:26.393811+00:00,2026-09-29T09:38:26.714334+00:00,180.32052302360535,False,False,observed_nonpositive,0.6222594060000146,0.032845512000014676,0.032845512000014676
SNDK,SNDK|hyperliquid:xyz:SNDK|rh_lighter:32,standard,4.5,2026-09-29T09:40:26.708505+00:00,2026-09-29T09:40:26.708505+00:00,1,0.0,2026-09-29T09:39:26.664710+00:00,2026-09-29T09:41:26.728547+00:00,120.06383657455444,False,False,observed_nonpositive,0.6904406520000111,0.10136270400001124,0.10136270400001124
SNDK,SNDK|hyperliquid:xyz:SNDK|rh_lighter:32,standard,4.5,2026-09-29T09:42:26.726451+00:00,2026-09-29T09:42:26.726451+00:00,1,0.0,2026-09-29T09:41:26.728547+00:00,2026-09-29T09:43:26.720917+00:00,119.99237060546875,False,False,observed_nonpositive,0.5956568540000196,0.006613008000019571,0.006613008000019571
LIT,LIT|lighter:120|hyperliquid:LIT,standard,4.5,2026-09-29T07:39:17.699000+00:00,2026-09-29T07:40:41.785751+00:00,2,84.08675074577332,2026-09-29T07:37:53.627203+00:00,2026-09-29T07:42:05.840797+00:00,252.21359419822693,False,False,observed_nonpositive,0.9755185000000446,0.025215000000044563,0.1566240605000369
LIT,LIT|lighter:120|hyperliquid:LIT,standard,4.5,2026-09-29T07:50:31.289167+00:00,2026-09-29T07:50:31.289167+00:00,1,0.0,2026-09-29T07:49:06.785384+00:00,2026-09-29T07:51:55.109594+00:00,168.32420992851257,False,False,observed_nonpositive,0.9597122149999475,0.010362648999947544,0.010362648999947544
LIT,LIT|lighter:120|hyperliquid:LIT,standard,4.5,2026-09-29T08:21:22.811367+00:00,2026-09-29T08:21:22.811367+00:00,1,0.0,2026-09-29T08:19:58.743889+00:00,2026-09-29T08:22:46.779181+00:00,168.0352919101715,False,False,observed_nonpositive,1.251880080000007,0.304195953000007,0.304195953000007
LIT,LIT|lighter:120|hyperliquid:LIT,standard,4.5,2026-09-29T08:24:10.858818+00:00,2026-09-29T08:24:10.858818+00:00,1,0.0,2026-09-29T08:22:46.779181+00:00,2026-09-29T08:25:34.915593+00:00,168.1364119052887,False,False,observed_nonpositive,1.1338600000000023,0.18715933600000234,0.18715933600000234
LIT,LIT|lighter:120|hyperliquid:LIT,standard,4.5,2026-09-29T08:39:36.868222+00:00,2026-09-29T08:39:36.868222+00:00,1,0.0,2026-09-29T08:38:12.883438+00:00,2026-09-29T08:41:00.732168+00:00,167.84873008728027,False,False,observed_nonpositive,1.2154734899998951,0.26743854849989496,0.26743854849989496
PUMP,PUMP|lighter:45|hyperliquid:PUMP,standard,4.5,2026-09-29T06:34:00.615596+00:00,2026-09-29T06:34:00.615596+00:00,1,0.0,2026-09-29T06:32:40.402853+00:00,2026-09-29T06:35:20.722317+00:00,160.31946396827698,False,False,observed_nonpositive,1.2021927665000678,0.25145018600006763,0.25145018600006763
PUMP,PUMP|lighter:45|hyperliquid:PUMP,standard,4.5,2026-09-29T07:25:18.257615+00:00,2026-09-29T07:25:18.257615+00:00,1,0.0,2026-09-29T07:23:53.882589+00:00,2026-09-29T07:26:41.855291+00:00,167.9727017879486,False,False,observed_nonpositive,1.1467223039997787,0.19600588799977864,0.19600588799977864
PUMP,PUMP|lighter:45|hyperliquid:PUMP,standard,4.5,2026-09-29T11:44:40.208733+00:00,2026-09-29T11:44:40.208733+00:00,1,0.0,2026-09-29T11:43:18.501524+00:00,2026-09-29T11:46:01.643861+00:00,163.1423375606537,False,False,observed_nonpositive,1.0280727198000261,0.07741182960002613,0.07741182960002613
PUMP,PUMP|lighter:45|hyperliquid:PUMP,standard,4.5,2026-09-29T11:47:23.008856+00:00,2026-09-29T11:47:23.008856+00:00,1,0.0,2026-09-29T11:46:01.643861+00:00,2026-09-29T11:48:44.631517+00:00,162.9876561164856,False,False,observed_nonpositive,0.9805857339000328,0.0299454528000328,0.0299454528000328
PUMP,PUMP|lighter:45|hyperliquid:PUMP,standard,4.5,2026-09-29T11:58:14.735859+00:00,2026-09-29T11:58:14.735859+00:00,1,0.0,2026-09-29T11:56:53.417921+00:00,2026-09-29T11:59:35.970562+00:00,162.5526406764984,False,False,observed_nonpositive,2.0167129520499554,1.065605539599955,1.065605539599955
AAPL,AAPL|hyperliquid:xyz:AAPL|rh_lighter:10,standard,4.5,2026-09-29T05:13:30.677058+00:00,2026-09-29T05:15:34.351467+00:00,3,123.67440938949585,,2026-09-29T05:16:30.446799+00:00,,False,True,observed_nonpositive,0.6809021689999832,0.0909163879999833,0.0909163879999833
AAPL,AAPL|hyperliquid:xyz:AAPL|rh_lighter:10,standard,4.5,2026-09-29T05:17:30.484524+00:00,2026-09-29T05:30:30.160544+00:00,14,779.6760196685791,2026-09-29T05:16:30.446799+00:00,2026-09-29T05:31:30.140980+00:00,899.6941814422607,False,False,observed_nonpositive,0.591954837500029,0.0019865500000290637,0.12056638799993019
AAPL,AAPL|hyperliquid:xyz:AAPL|rh_lighter:10,standard,4.5,2026-09-29T05:32:30.144337+00:00,2026-09-29T05:32:30.144337+00:00,1,0.0,2026-09-29T05:31:30.140980+00:00,2026-09-29T05:33:30.187589+00:00,120.04660892486572,False,False,observed_nonpositive,0.6517582197000246,0.0618121044000246,0.0618121044000246
AAPL,AAPL|hyperliquid:xyz:AAPL|rh_lighter:10,standard,4.5,2026-09-29T05:34:30.408974+00:00,2026-09-29T05:35:30.305733+00:00,2,59.896758794784546,2026-09-29T05:33:30.187589+00:00,2026-09-29T05:36:30.463574+00:00,180.27598476409912,False,False,observed_nonpositive,0.5921918565999029,0.002269583199902836,0.03201025840005195
AAPL,AAPL|hyperliquid:xyz:AAPL|rh_lighter:10,standard,4.5,2026-09-29T05:37:30.399427+00:00,2026-09-29T05:45:30.238789+00:00,9,479.83936166763306,2026-09-29T05:36:30.463574+00:00,2026-09-29T05:46:30.300826+00:00,599.837251663208,False,False,observed_nonpositive,0.592124853999774,0.0023140079997739926,0.06129298399996025
AAPL,AAPL|hyperliquid:xyz:AAPL|rh_lighter:10,standard,4.5,2026-09-29T05:55:30.499077+00:00,2026-09-29T05:56:30.242801+00:00,2,59.74372458457947,2026-09-29T05:54:30.487273+00:00,2026-09-29T05:57:30.242884+00:00,179.75561141967773,False,False,observed_nonpositive,0.6211482087000508,0.03133313240005081,0.09070432799995765
AAPL,AAPL|hyperliquid:xyz:AAPL|rh_lighter:10,standard,4.5,2026-09-29T06:13:30.208515+00:00,2026-09-29T06:18:29.192858+00:00,6,298.98434257507324,2026-09-29T06:12:30.237393+00:00,2026-09-29T06:19:29.203215+00:00,418.9658217430115,False,False,observed_nonpositive,0.6219605139997693,0.03201632799976928,0.03201632799976928
AAPL,AAPL|hyperliquid:xyz:AAPL|rh_lighter:10,standard,4.5,2026-09-29T06:27:29.199423+00:00,2026-09-29T06:27:29.199423+00:00,1,0.0,2026-09-29T06:26:28.876930+00:00,2026-09-29T06:28:29.262029+00:00,120.38509845733643,False,False,observed_nonpositive,0.5918125139998291,0.0018683279998291669,0.0018683279998291669
AAPL,AAPL|hyperliquid:xyz:AAPL|rh_lighter:10,standard,4.5,2026-09-29T07:09:29.445521+00:00,2026-09-29T07:11:29.205430+00:00,3,119.75990891456604,2026-09-29T07:08:29.392611+00:00,2026-09-29T07:12:28.774116+00:00,239.38150477409363,False,False,observed_nonpositive,0.6181679404999576,0.028351105999957604,0.028351105999957604
AAPL,AAPL|hyperliquid:xyz:AAPL|rh_lighter:10,standard,4.5,2026-09-29T07:16:29.356974+00:00,2026-09-29T07:21:28.949559+00:00,6,299.5925850868225,2026-09-29T07:15:29.253921+00:00,2026-09-29T07:22:29.264695+00:00,420.0107743740082,False,False,observed_nonpositive,0.6810011816002108,0.09107448320021094,0.12112494879998131
AAPL,AAPL|hyperliquid:xyz:AAPL|rh_lighter:10,standard,4.5,2026-09-29T07:23:29.267926+00:00,2026-09-29T07:51:29.290493+00:00,29,1680.0225665569305,2026-09-29T07:22:29.264695+00:00,2026-09-29T07:52:29.287928+00:00,1800.0232329368591,False,False,observed_nonpositive,0.6655762085999559,0.07570868719995588,0.29768099999995096
AAPL,AAPL|hyperliquid:xyz:AAPL|rh_lighter:10,standard,4.5,2026-09-29T08:06:28.998261+00:00,2026-09-29T08:37:29.404227+00:00,32,1860.4059662818909,2026-09-29T08:05:29.301678+00:00,2026-09-29T08:38:29.463959+00:00,1980.1622807979584,False,False,observed_nonpositive,0.5919628429999153,0.0020470359999153476,0.21080850080003816
AAPL,AAPL|hyperliquid:xyz:AAPL|rh_lighter:10,standard,4.5,2026-09-29T08:40:29.549860+00:00,2026-09-29T08:43:29.337672+00:00,4,179.7878122329712,2026-09-29T08:39:29.340675+00:00,2026-09-29T08:44:29.462627+00:00,300.12195229530334,False,False,observed_nonpositive,0.6218491871999383,0.031909414399938274,0.06263958319993729
AAPL,AAPL|hyperliquid:xyz:AAPL|rh_lighter:10,standard,4.5,2026-09-29T08:47:29.343445+00:00,2026-09-29T08:48:29.342134+00:00,2,59.99868893623352,2026-09-29T08:46:28.865903+00:00,2026-09-29T08:49:29.020356+00:00,180.15445375442505,False,False,observed_nonpositive,0.6015711744998651,0.0116378739998651,0.0316528740001501
AAPL,AAPL|hyperliquid:xyz:AAPL|rh_lighter:10,standard,4.5,2026-09-29T08:51:29.422029+00:00,2026-09-29T08:53:29.459680+00:00,3,120.0376513004303,2026-09-29T08:50:29.339761+00:00,2026-09-29T08:54:29.015532+00:00,239.67577075958252,False,False,observed_nonpositive,0.5921998648001303,0.002330089600130314,0.03212192880012821
AAPL,AAPL|hyperliquid:xyz:AAPL|rh_lighter:10,standard,4.5,2026-09-29T09:01:29.351778+00:00,2026-09-29T09:02:29.348728+00:00,2,59.99695038795471,2026-09-29T09:00:29.421574+00:00,2026-09-29T09:03:29.048364+00:00,179.62678980827332,False,False,observed_nonpositive,0.5917445195999275,0.0019052591999274004,0.031545259199899534
AAPL,AAPL|hyperliquid:xyz:AAPL|rh_lighter:10,standard,4.5,2026-09-29T09:06:29.039354+00:00,2026-09-29T09:06:29.039354+00:00,1,0.0,2026-09-29T09:05:29.351494+00:00,2026-09-29T09:07:29.360060+00:00,120.00856566429138,False,False,observed_nonpositive,0.6216091854999051,0.031780845999905105,0.031780845999905105
AAPL,AAPL|hyperliquid:xyz:AAPL|rh_lighter:10,standard,4.5,2026-09-29T09:10:29.485002+00:00,2026-09-29T09:10:29.485002+00:00,1,0.0,2026-09-29T09:09:29.357544+00:00,2026-09-29T09:11:29.540492+00:00,120.18294739723206,False,False,observed_nonpositive,0.6215835059999227,0.03163271199992268,0.03163271199992268
AAPL,AAPL|hyperliquid:xyz:AAPL|rh_lighter:10,standard,4.5,2026-09-29T09:26:29.418557+00:00,2026-09-29T09:26:29.418557+00:00,1,0.0,2026-09-29T09:25:29.490586+00:00,2026-09-29T09:27:29.383457+00:00,119.89287114143372,False,False,observed_nonpositive,0.6218491871999383,0.031909414399938274,0.031909414399938274
AAPL,AAPL|hyperliquid:xyz:AAPL|rh_lighter:10,standard,4.5,2026-09-29T09:30:29.705547+00:00,2026-09-29T09:31:29.583587+00:00,2,59.8780403137207,2026-09-29T09:29:29.644928+00:00,2026-09-29T09:32:29.708955+00:00,180.06402611732483,False,False,observed_nonpositive,0.5961105342001544,0.006258258400154315,0.006258258400154315
AAPL,AAPL|hyperliquid:xyz:AAPL|rh_lighter:10,standard,4.5,2026-09-29T09:36:29.385899+00:00,2026-09-29T09:41:29.578058+00:00,6,300.19215846061707,2026-09-29T09:35:29.418036+00:00,2026-09-29T09:42:29.180318+00:00,419.76228165626526,False,False,observed_nonpositive,0.5917571800001069,0.0018763600001069358,0.08083568399992108
AAPL,AAPL|hyperliquid:xyz:AAPL|rh_lighter:10,standard,4.5,2026-09-29T09:44:29.600737+00:00,2026-09-29T09:44:29.600737+00:00,1,0.0,2026-09-29T09:43:29.575692+00:00,2026-09-29T09:45:29.436034+00:00,119.86034178733826,False,False,observed_nonpositive,0.6506701800000683,0.06078936000006829,0.06078936000006829
AAPL,AAPL|hyperliquid:xyz:AAPL|rh_lighter:10,standard,4.5,2026-09-29T09:46:29.394673+00:00,2026-09-29T09:47:29.393187+00:00,2,59.99851393699646,2026-09-29T09:45:29.436034+00:00,2026-09-29T09:48:29.397808+00:00,179.96177458763123,False,False,observed_nonpositive,0.5927628791000302,0.002781753200030268,0.044305753199897824
AAPL,AAPL|hyperliquid:xyz:AAPL|rh_lighter:10,standard,4.5,2026-09-29T09:50:29.423270+00:00,2026-09-29T09:50:29.423270+00:00,1,0.0,2026-09-29T09:49:29.393823+00:00,2026-09-29T09:51:29.508496+00:00,120.11467289924622,False,False,observed_nonpositive,0.5963119567998616,0.006429673599861518,0.006429673599861518
AAPL,AAPL|hyperliquid:xyz:AAPL|rh_lighter:10,standard,4.5,2026-09-29T09:52:29.397568+00:00,2026-09-29T09:53:29.411191+00:00,2,60.01362323760986,2026-09-29T09:51:29.508496+00:00,2026-09-29T09:54:29.560302+00:00,180.0518057346344,False,False,observed_nonpositive,0.5928816883000936,0.0029583116000936327,0.003475673599930007
AAPL,AAPL|hyperliquid:xyz:AAPL|rh_lighter:10,standard,4.5,2026-09-29T10:08:29.423790+00:00,2026-09-29T10:08:29.423790+00:00,1,0.0,2026-09-29T10:07:29.451539+00:00,2026-09-29T10:09:29.412233+00:00,119.96069359779358,False,False,observed_nonpositive,0.6204114190999612,0.030551833199961242,0.030551833199961242
AAPL,AAPL|hyperliquid:xyz:AAPL|rh_lighter:10,standard,4.5,2026-09-29T10:11:29.171665+00:00,2026-09-29T10:44:29.558582+00:00,34,1980.3869161605835,2026-09-29T10:10:29.454071+00:00,2026-09-29T10:45:29.600297+00:00,2100.146226167679,False,False,observed_nonpositive,0.5924342415001181,0.0025931580001182786,0.24134779839992343
AAPL,AAPL|hyperliquid:xyz:AAPL|rh_lighter:10,standard,4.5,2026-09-29T10:46:29.696168+00:00,2026-09-29T10:46:29.696168+00:00,1,0.0,2026-09-29T10:45:29.600297+00:00,2026-09-29T10:47:29.461313+00:00,119.86101531982422,False,False,observed_nonpositive,0.6230659388999782,0.03323598279997819,0.03323598279997819
AAPL,AAPL|hyperliquid:xyz:AAPL|rh_lighter:10,standard,4.5,2026-09-29T10:52:29.459220+00:00,2026-09-29T10:52:29.459220+00:00,1,0.0,2026-09-29T10:51:29.461710+00:00,2026-09-29T10:53:29.130450+00:00,119.66874051094055,False,False,observed_nonpositive,0.6230659388999782,0.03323598279997819,0.03323598279997819
AAPL,AAPL|hyperliquid:xyz:AAPL|rh_lighter:10,standard,4.5,2026-09-29T11:12:29.481020+00:00,2026-09-29T11:19:29.167917+00:00,8,419.6868968009949,2026-09-29T11:11:29.479149+00:00,2026-09-29T11:20:29.510313+00:00,540.031163930893,False,False,observed_nonpositive,0.5933479171999554,0.0034653743999553677,0.06227774400001268
AAPL,AAPL|hyperliquid:xyz:AAPL|rh_lighter:10,standard,4.5,2026-09-29T11:21:29.488177+00:00,2026-09-29T11:21:29.488177+00:00,1,0.0,2026-09-29T11:20:29.510313+00:00,2026-09-29T11:22:29.497665+00:00,119.98735213279724,False,False,observed_nonpositive,0.6146705712001314,0.024811982400131438,0.024811982400131438
AAPL,AAPL|hyperliquid:xyz:AAPL|rh_lighter:10,standard,4.5,2026-09-29T11:24:29.491275+00:00,2026-09-29T11:25:29.549923+00:00,2,60.05864882469177,2026-09-29T11:23:29.498152+00:00,2026-09-29T11:26:29.506991+00:00,180.0088393688202,False,False,observed_nonpositive,0.6072442138000789,0.017271837600078777,0.017271837600078777
AAPL,AAPL|hyperliquid:xyz:AAPL|rh_lighter:10,standard,4.5,2026-09-29T11:27:29.495861+00:00,2026-09-29T11:28:29.498150+00:00,2,60.002288818359375,2026-09-29T11:26:29.506991+00:00,2026-09-29T11:29:29.544344+00:00,180.03735327720642,False,False,observed_nonpositive,0.6221042415000145,0.03226315800001467,0.03226315800001467
AAPL,AAPL|hyperliquid:xyz:AAPL|rh_lighter:10,standard,4.5,2026-09-29T11:32:29.498622+00:00,2026-09-29T11:32:29.498622+00:00,1,0.0,2026-09-29T11:31:30.015401+00:00,2026-09-29T11:33:29.502558+00:00,119.48715686798096,False,False,observed_nonpositive,0.5921971954000167,0.002309920800016685,0.002309920800016685
AAPL,AAPL|hyperliquid:xyz:AAPL|rh_lighter:10,standard,4.5,2026-09-29T11:38:29.517698+00:00,2026-09-29T11:38:29.517698+00:00,1,0.0,2026-09-29T11:37:29.554268+00:00,2026-09-29T11:39:29.594784+00:00,120.04051613807678,False,False,observed_nonpositive,0.6220802087999008,0.03208157759990077,0.03208157759990077
AAPL,AAPL|hyperliquid:xyz:AAPL|rh_lighter:10,standard,4.5,2026-09-29T11:40:29.513894+00:00,2026-09-29T11:40:29.513894+00:00,1,0.0,2026-09-29T11:39:29.594784+00:00,2026-09-29T11:41:29.710000+00:00,120.11521601676941,False,False,observed_nonpositive,0.5927655494000302,0.0028019288000302733,0.0028019288000302733
AAPL,AAPL|hyperliquid:xyz:AAPL|rh_lighter:10,standard,4.5,2026-09-29T11:43:29.731431+00:00,2026-09-29T11:43:29.731431+00:00,1,0.0,2026-09-29T11:42:29.681968+00:00,2026-09-29T11:44:29.510265+00:00,119.82829666137695,False,False,observed_nonpositive,0.5921891872000167,0.002249414400016636,0.002249414400016636
SAMSUNGUSD,SAMSUNGUSD|hyperliquid:xyz:SMSN|lighter:162,standard,4.5,2026-09-29T05:13:31.660476+00:00,2026-09-29T05:25:55.378161+00:00,9,743.7176842689514,,2026-09-29T05:27:15.374133+00:00,,False,True,observed_nonpositive,0.8534582181999768,0.2634924263999768,0.49912574080000177
SAMSUNGUSD,SAMSUNGUSD|hyperliquid:xyz:SMSN|lighter:162,standard,4.5,2026-09-29T05:29:55.660553+00:00,2026-09-29T05:33:56.077718+00:00,4,240.41716504096985,2026-09-29T05:28:35.471058+00:00,2026-09-29T05:35:16.135301+00:00,400.6642429828644,False,False,observed_nonpositive,0.6081023199998453,0.018130639999845266,0.4937647132000107
SAMSUNGUSD,SAMSUNGUSD|hyperliquid:xyz:SMSN|lighter:162,standard,4.5,2026-09-29T05:37:56.569203+00:00,2026-09-29T05:53:58.047351+00:00,13,961.4781477451324,2026-09-29T05:36:36.363200+00:00,2026-09-29T05:55:18.139809+00:00,1121.7766094207764,False,False,observed_nonpositive,1.2239655647000656,0.6340020444000657,1.091231613600006
SAMSUNGUSD,SAMSUNGUSD|hyperliquid:xyz:SMSN|lighter:162,standard,4.5,2026-09-29T05:56:38.537986+00:00,2026-09-29T06:01:58.848549+00:00,5,320.3105638027191,2026-09-29T05:55:18.139809+00:00,2026-09-29T06:03:19.199477+00:00,481.059668302536,False,False,observed_nonpositive,0.8772678490001214,0.2873127480001215,0.7306702076000322
SAMSUNGUSD,SAMSUNGUSD|hyperliquid:xyz:SMSN|lighter:162,standard,4.5,2026-09-29T06:04:39.179260+00:00,2026-09-29T06:16:41.528161+00:00,10,722.3489007949829,2026-09-29T06:03:19.199477+00:00,2026-09-29T06:18:01.566197+00:00,882.3667192459106,False,False,observed_nonpositive,1.0745340143998896,0.48453410879988956,0.9145755652001151
SAMSUNGUSD,SAMSUNGUSD|hyperliquid:xyz:SMSN|lighter:162,standard,4.5,2026-09-29T06:19:21.775729+00:00,2026-09-29T06:19:21.775729+00:00,1,0.0,2026-09-29T06:18:01.566197+00:00,2026-09-29T06:20:41.684596+00:00,160.11839938163757,False,False,observed_nonpositive,0.6565563837000702,0.06659823240007018,0.06659823240007018
SAMSUNGUSD,SAMSUNGUSD|hyperliquid:xyz:SMSN|lighter:162,standard,4.5,2026-09-29T06:24:42.379813+00:00,2026-09-29T06:26:02.572389+00:00,2,80.1925756931305,2026-09-29T06:23:22.191776+00:00,2026-09-29T06:27:22.549717+00:00,240.35794115066528,False,False,observed_nonpositive,0.5992646186999018,0.009360452399901742,0.1469168628001168
SAMSUNGUSD,SAMSUNGUSD|hyperliquid:xyz:SMSN|lighter:162,standard,4.5,2026-09-29T06:28:42.559294+00:00,2026-09-29T06:28:42.559294+00:00,1,0.0,2026-09-29T06:27:22.549717+00:00,2026-09-29T06:30:02.891604+00:00,160.34188771247864,False,False,observed_nonpositive,0.6508078237000584,0.060918112400058455,0.060918112400058455
SAMSUNGUSD,SAMSUNGUSD|hyperliquid:xyz:SMSN|lighter:162,standard,4.5,2026-09-29T06:32:43.226859+00:00,2026-09-29T06:35:23.344182+00:00,3,160.1173233985901,2026-09-29T06:31:23.266516+00:00,2026-09-29T06:36:43.241413+00:00,319.9748969078064,False,False,observed_nonpositive,0.9020676856000478,0.3121442912000478,0.3121442912000478
SAMSUNGUSD,SAMSUNGUSD|hyperliquid:xyz:SMSN|lighter:162,standard,4.5,2026-09-29T06:39:23.900424+00:00,2026-09-29T06:46:04.366504+00:00,6,400.46607995033264,2026-09-29T06:38:03.531324+00:00,2026-09-29T06:47:24.396065+00:00,560.8647410869598,False,False,observed_nonpositive,0.7890867135000345,0.1991045020000346,0.1991045020000346
SAMSUNGUSD,SAMSUNGUSD|hyperliquid:xyz:SMSN|lighter:162,standard,4.5,2026-09-29T06:51:24.658596+00:00,2026-09-29T06:55:25.243513+00:00,4,240.5849175453186,2026-09-29T06:50:04.545119+00:00,2026-09-29T06:56:45.580529+00:00,401.035409450531,False,False,observed_nonpositive,0.6323911664001323,0.04239881280013236,0.19211274719994986
SAMSUNGUSD,SAMSUNGUSD|hyperliquid:xyz:SMSN|lighter:162,standard,4.5,2026-09-29T06:58:05.426598+00:00,2026-09-29T07:18:20.274863+00:00,16,1214.8482654094696,2026-09-29T06:56:45.580529+00:00,2026-09-29T07:19:44.282134+00:00,1378.7016048431396,False,False,observed_nonpositive,0.6373821340000594,0.047448568000059366,0.4327389476001367
SAMSUNGUSD,SAMSUNGUSD|hyperliquid:xyz:SMSN|lighter:162,standard,4.5,2026-09-29T07:26:44.659887+00:00,2026-09-29T07:30:56.733556+00:00,4,252.07366847991943,2026-09-29T07:25:20.539498+00:00,2026-09-29T07:32:21.593723+00:00,421.0542256832123,False,False,observed_nonpositive,0.7578361518001734,0.1679158136001735,0.1679158136001735
SAMSUNGUSD,SAMSUNGUSD|hyperliquid:xyz:SMSN|lighter:162,standard,4.5,2026-09-29T07:35:09.506827+00:00,2026-09-29T07:51:58.924523+00:00,13,1009.4176955223083,2026-09-29T07:33:45.660001+00:00,2026-09-29T07:53:23.281561+00:00,1177.6215608119965,False,False,observed_nonpositive,0.6241034980001516,0.03414609600015178,0.5866146207999638
SAMSUNGUSD,SAMSUNGUSD|hyperliquid:xyz:SMSN|lighter:162,standard,4.5,2026-09-29T07:58:59.698792+00:00,2026-09-29T07:58:59.698792+00:00,1,0.0,2026-09-29T07:57:35.425144+00:00,2026-09-29T08:00:23.976054+00:00,168.55090975761414,False,False,observed_nonpositive,0.6246769283999505,0.03470923679995053,0.03470923679995053
SAMSUNGUSD,SAMSUNGUSD|hyperliquid:xyz:SMSN|lighter:162,standard,4.5,2026-09-29T08:01:47.994018+00:00,2026-09-29T08:24:13.713994+00:00,17,1345.7199757099152,2026-09-29T08:00:23.976054+00:00,2026-09-29T08:25:37.661993+00:00,1513.6859395503998,False,False,observed_nonpositive,0.9936172811999028,0.40365190239990273,0.7707083071998997
SAMSUNGUSD,SAMSUNGUSD|hyperliquid:xyz:SMSN|lighter:162,standard,4.5,2026-09-29T08:27:02.735127+00:00,2026-09-29T08:53:40.662453+00:00,20,1597.9273252487183,2026-09-29T08:25:37.661993+00:00,2026-09-29T08:55:04.936563+00:00,1767.2745695114136,False,False,observed_nonpositive,0.7357203131000719,0.145787921200072,0.4336616260000346
SAMSUNGUSD,SAMSUNGUSD|hyperliquid:xyz:SMSN|lighter:162,standard,4.5,2026-09-29T08:56:29.704216+00:00,2026-09-29T09:21:37.851247+00:00,19,1508.1470313072205,2026-09-29T08:55:04.936563+00:00,2026-09-29T09:23:00.421067+00:00,1675.4845044612885,False,False,observed_nonpositive,0.7783484251001206,0.18844954520012064,0.517934340000118
SAMSUNGUSD,SAMSUNGUSD|hyperliquid:xyz:SMSN|lighter:162,standard,4.5,2026-09-29T09:25:45.880466+00:00,2026-09-29T09:27:08.780302+00:00,2,82.89983534812927,2026-09-29T09:24:23.373304+00:00,2026-09-29T09:28:31.665019+00:00,248.29171442985535,False,False,observed_nonpositive,0.6428565182998813,0.05292547159988137,0.05292547159988137
SAMSUNGUSD,SAMSUNGUSD|hyperliquid:xyz:SMSN|lighter:162,standard,4.5,2026-09-29T09:32:40.480637+00:00,2026-09-29T09:34:02.975208+00:00,2,82.49457168579102,2026-09-29T09:31:16.896509+00:00,2026-09-29T09:35:25.720166+00:00,248.82365727424622,False,False,observed_nonpositive,0.6308133822000286,0.04083555440002856,0.04083555440002856
SAMSUNGUSD,SAMSUNGUSD|hyperliquid:xyz:SMSN|lighter:162,standard,4.5,2026-09-29T09:40:56.730328+00:00,2026-09-29T09:40:56.730328+00:00,1,0.0,2026-09-29T09:39:34.149404+00:00,2026-09-29T09:42:19.508670+00:00,165.35926580429077,False,False,observed_nonpositive,0.5924249292999791,0.0024572435999790643,0.0024572435999790643
SAMSUNGUSD,SAMSUNGUSD|hyperliquid:xyz:SMSN|lighter:162,standard,4.5,2026-09-29T09:49:13.615419+00:00,2026-09-29T09:51:59.074240+00:00,3,165.45882105827332,2026-09-29T09:47:50.859419+00:00,2026-09-29T09:53:21.768035+00:00,330.9086163043976,False,False,observed_nonpositive,0.6681052830998969,0.07813336119989694,0.10650068120013995
SAMSUNGUSD,SAMSUNGUSD|hyperliquid:xyz:SMSN|lighter:162,standard,4.5,2026-09-29T10:07:09.807354+00:00,2026-09-29T10:07:09.807354+00:00,1,0.0,2026-09-29T10:05:46.995888+00:00,2026-09-29T10:08:32.697539+00:00,165.70165085792542,False,False,observed_nonpositive,0.6564091450998981,0.06651498519989812,0.06651498519989812
SAMSUNGUSD,SAMSUNGUSD|hyperliquid:xyz:SMSN|lighter:162,standard,4.5,2026-09-29T10:18:12.977847+00:00,2026-09-29T10:19:36.109744+00:00,2,83.13189721107483,2026-09-29T10:16:50.423663+00:00,2026-09-29T10:20:58.594424+00:00,248.17076110839844,False,False,observed_nonpositive,0.6149745347999196,0.0250829295999197,0.0250829295999197
SAMSUNGUSD,SAMSUNGUSD|hyperliquid:xyz:SMSN|lighter:162,standard,4.5,2026-09-29T10:26:29.919725+00:00,2026-09-29T10:30:37.949849+00:00,4,248.03012323379517,2026-09-29T10:25:07.015802+00:00,2026-09-29T10:32:00.979201+00:00,413.96339869499207,False,False,observed_nonpositive,0.6083764947000605,0.018399404400060382,0.1710622559999715
SAMSUNGUSD,SAMSUNGUSD|hyperliquid:xyz:SMSN|lighter:162,standard,4.5,2026-09-29T10:33:24.119882+00:00,2026-09-29T10:38:55.414337+00:00,5,331.29445457458496,2026-09-29T10:32:00.979201+00:00,2026-09-29T10:40:18.024858+00:00,497.04565691947937,False,False,observed_nonpositive,0.7102507512001495,0.12033434240014951,0.3841757931999647
SAMSUNGUSD,SAMSUNGUSD|hyperliquid:xyz:SMSN|lighter:162,standard,4.5,2026-09-29T10:41:40.892349+00:00,2026-09-29T10:51:20.132953+00:00,8,579.2406041622162,2026-09-29T10:40:18.024858+00:00,2026-09-29T10:52:43.004510+00:00,744.9796526432037,False,False,observed_nonpositive,0.7471459523999817,0.15719808479998165,0.22660586799995774
SAMSUNGUSD,SAMSUNGUSD|hyperliquid:xyz:SMSN|lighter:162,standard,4.5,2026-09-29T11:00:59.737820+00:00,2026-09-29T11:02:22.814440+00:00,2,83.07662057876587,2026-09-29T10:59:36.972793+00:00,2026-09-29T11:03:45.830820+00:00,248.85802745819092,False,False,observed_nonpositive,0.6335514725999724,0.04366601519997232,0.09943179240002464
SAMSUNGUSD,SAMSUNGUSD|hyperliquid:xyz:SMSN|lighter:162,standard,4.5,2026-09-29T11:13:24.739201+00:00,2026-09-29T11:22:57.877726+00:00,8,573.1385245323181,2026-09-29T11:12:02.016768+00:00,2026-09-29T11:24:19.488993+00:00,737.472225189209,False,False,observed_nonpositive,0.6743088258999221,0.0843339067999222,0.2770905563999887
SAMSUNGUSD,SAMSUNGUSD|hyperliquid:xyz:SMSN|lighter:162,standard,4.5,2026-09-29T11:28:23.795117+00:00,2026-09-29T11:32:28.174383+00:00,4,244.37926578521729,2026-09-29T11:27:02.031876+00:00,2026-09-29T11:33:49.856532+00:00,407.82465624809265,False,False,observed_nonpositive,0.6689129216001231,0.07891896320012304,0.1823029415999668
SAMSUNGUSD,SAMSUNGUSD|hyperliquid:xyz:SMSN|lighter:162,standard,4.5,2026-09-29T11:50:07.286870+00:00,2026-09-29T11:54:11.533873+00:00,4,244.24700260162354,2026-09-29T11:48:45.959213+00:00,2026-09-29T11:55:33.116094+00:00,407.15688037872314,False,False,observed_nonpositive,0.6426079686000704,0.052719207200070506,0.30221508239992073
GOOGL,GOOGL|hyperliquid:xyz:GOOGL|rh_lighter:12,standard,4.5,2026-09-29T05:13:32.326795+00:00,2026-09-29T06:11:31.525629+00:00,59,3479.198833465576,,2026-09-29T06:12:31.530494+00:00,,False,True,observed_nonpositive,1.2662837986001365,0.6764463672001366,0.6764463672001366
GOOGL,GOOGL|hyperliquid:xyz:GOOGL|rh_lighter:12,standard,4.5,2026-09-29T06:13:31.545890+00:00,2026-09-29T06:23:31.645415+00:00,11,600.0995252132416,2026-09-29T06:12:31.530494+00:00,2026-09-29T06:24:31.857393+00:00,720.3268990516663,False,False,observed_nonpositive,0.7565186894999666,0.1665756539999666,0.1665756539999666
GOOGL,GOOGL|hyperliquid:xyz:GOOGL|rh_lighter:12,standard,4.5,2026-09-29T06:26:31.577814+00:00,2026-09-29T06:30:31.552745+00:00,5,239.97493052482605,2026-09-29T06:25:31.551804+00:00,2026-09-29T06:31:31.559726+00:00,360.0079221725464,False,False,observed_nonpositive,0.6366299282999243,0.04672779159992424,0.09017529559999199
GOOGL,GOOGL|hyperliquid:xyz:GOOGL|rh_lighter:12,standard,4.5,2026-09-29T06:32:31.558483+00:00,2026-09-29T08:44:31.699109+00:00,133,7920.140625953674,2026-09-29T06:31:31.559726+00:00,2026-09-29T08:45:31.685885+00:00,8040.126158952713,False,False,observed_nonpositive,0.622000883200027,0.032105006400027,0.545784655200049
GOOGL,GOOGL|hyperliquid:xyz:GOOGL|rh_lighter:12,standard,4.5,2026-09-29T08:46:31.688176+00:00,2026-09-29T08:46:31.688176+00:00,1,0.0,2026-09-29T08:45:31.685885+00:00,2026-09-29T08:47:31.687782+00:00,120.00189661979675,False,False,observed_nonpositive,0.6397639436999673,0.0498553523999673,0.0498553523999673
GOOGL,GOOGL|hyperliquid:xyz:GOOGL|rh_lighter:12,standard,4.5,2026-09-29T09:15:30.395777+00:00,2026-09-29T09:21:30.533741+00:00,7,360.1379644870758,2026-09-29T09:14:30.400925+00:00,2026-09-29T09:22:30.558537+00:00,480.157612323761,False,False,observed_nonpositive,1.0203892824000143,0.4305812448000143,0.4305812448000143
GOOGL,GOOGL|hyperliquid:xyz:GOOGL|rh_lighter:12,standard,4.5,2026-09-29T09:23:30.608064+00:00,2026-09-29T09:28:30.713859+00:00,6,300.10579466819763,2026-09-29T09:22:30.558537+00:00,2026-09-29T09:29:30.711850+00:00,420.15331292152405,False,False,observed_nonpositive,0.8922844913000066,0.3024712676000066,0.34731385920010716
GOOGL,GOOGL|hyperliquid:xyz:GOOGL|rh_lighter:12,standard,4.5,2026-09-29T09:30:30.747087+00:00,2026-09-29T10:05:30.427104+00:00,36,2099.6800174713135,2026-09-29T09:29:30.711850+00:00,2026-09-29T10:06:30.417961+00:00,2219.706111431122,False,False,observed_nonpositive,0.6705079874999791,0.08056034999997913,0.22663339200008875
GOOGL,GOOGL|hyperliquid:xyz:GOOGL|rh_lighter:12,standard,4.5,2026-09-29T10:09:30.744097+00:00,2026-09-29T10:11:30.680863+00:00,3,119.93676662445068,2026-09-29T10:08:30.690362+00:00,2026-09-29T10:12:30.782217+00:00,240.09185433387756,False,False,observed_nonpositive,0.6115342757999596,0.021627861599959608,0.06648147959980971
GOOGL,GOOGL|hyperliquid:xyz:GOOGL|rh_lighter:12,standard,4.5,2026-09-29T10:15:30.884822+00:00,2026-09-29T10:15:30.884822+00:00,1,0.0,2026-09-29T10:14:30.755802+00:00,2026-09-29T10:16:30.749448+00:00,119.9936454296112,False,False,observed_nonpositive,0.5908282440001534,0.0008822880001534417,0.0008822880001534417
GOOGL,GOOGL|hyperliquid:xyz:GOOGL|rh_lighter:12,standard,4.5,2026-09-29T10:22:30.453408+00:00,2026-09-29T10:30:30.619600+00:00,9,480.1661915779114,2026-09-29T10:21:30.450863+00:00,2026-09-29T10:31:30.704965+00:00,600.2541017532349,False,False,observed_nonpositive,0.6109103213001353,0.02091242760013534,0.1966225487998255
GOOGL,GOOGL|hyperliquid:xyz:GOOGL|rh_lighter:12,standard,4.5,2026-09-29T10:34:30.451527+00:00,2026-09-29T10:34:30.451527+00:00,1,0.0,2026-09-29T10:33:30.463193+00:00,2026-09-29T10:35:30.457454+00:00,119.99426102638245,False,False,observed_nonpositive,0.7298419913000548,0.13999926760005477,0.13999926760005477
GOOGL,GOOGL|hyperliquid:xyz:GOOGL|rh_lighter:12,standard,4.5,2026-09-29T10:36:30.520541+00:00,2026-09-29T10:37:30.463018+00:00,2,59.9424774646759,2026-09-29T10:35:30.457454+00:00,2026-09-29T10:38:30.502504+00:00,180.04504990577698,False,False,observed_nonpositive,0.640140322199892,0.050142434399891855,0.050142434399891855
GOOGL,GOOGL|hyperliquid:xyz:GOOGL|rh_lighter:12,standard,4.5,2026-09-29T10:47:30.826313+00:00,2026-09-29T10:58:30.709039+00:00,12,659.8827261924744,2026-09-29T10:46:30.555475+00:00,2026-09-29T10:59:30.807950+00:00,780.2524755001068,False,False,observed_nonpositive,0.6108146519998446,0.02091070399984457,0.25441142399998246
GOOGL,GOOGL|hyperliquid:xyz:GOOGL|rh_lighter:12,standard,4.5,2026-09-29T11:02:30.519734+00:00,2026-09-29T11:03:30.479290+00:00,2,59.95955681800842,2026-09-29T11:01:30.764959+00:00,2026-09-29T11:04:30.520722+00:00,179.75576376914978,False,False,observed_nonpositive,0.6114313165998709,0.02150550319987088,0.04983550319996721
GOOGL,GOOGL|hyperliquid:xyz:GOOGL|rh_lighter:12,standard,4.5,2026-09-29T11:07:30.757645+00:00,2026-09-29T11:14:31.959364+00:00,8,421.20171904563904,2026-09-29T11:06:30.495611+00:00,2026-09-29T11:15:30.822202+00:00,540.3265907764435,False,False,observed_nonpositive,0.668706387999913,0.07887937599991296,0.10911120160013632
GOOGL,GOOGL|hyperliquid:xyz:GOOGL|rh_lighter:12,standard,4.5,2026-09-29T11:30:30.507241+00:00,2026-09-29T11:48:30.638432+00:00,19,1080.131190776825,2026-09-29T11:29:30.838969+00:00,2026-09-29T11:49:30.623702+00:00,1199.7847328186035,False,False,observed_nonpositive,0.7559557183998393,0.1661243167998393,0.2244048099999969
GOOGL,GOOGL|hyperliquid:xyz:GOOGL|rh_lighter:12,standard,4.5,2026-09-29T11:50:30.638661+00:00,2026-09-29T11:50:30.638661+00:00,1,0.0,2026-09-29T11:49:30.623702+00:00,2026-09-29T11:51:30.673106+00:00,120.04940462112427,False,False,observed_nonpositive,0.6086647743000686,0.01882718360006863,0.01882718360006863
GOOGL,GOOGL|hyperliquid:xyz:GOOGL|rh_lighter:12,standard,4.5,2026-09-29T11:53:30.947908+00:00,2026-09-29T11:53:30.947908+00:00,1,0.0,2026-09-29T11:52:30.786871+00:00,2026-09-29T11:54:31.027452+00:00,120.24058151245117,False,False,observed_nonpositive,0.7253853151999414,0.13555127039994136,0.13555127039994136
GOOGL,GOOGL|hyperliquid:xyz:GOOGL|rh_lighter:12,standard,4.5,2026-09-29T11:55:30.950662+00:00,2026-09-29T11:55:30.950662+00:00,1,0.0,2026-09-29T11:54:31.027452+00:00,2026-09-29T11:56:30.636165+00:00,119.60871315002441,False,False,observed_nonpositive,0.6068946149999899,0.017055979999989812,0.017055979999989812
GOOGL,GOOGL|hyperliquid:xyz:GOOGL|rh_lighter:12,standard,4.5,2026-09-29T11:57:30.635577+00:00,2026-09-29T11:58:30.961403+00:00,2,60.325825929641724,2026-09-29T11:56:30.636165+00:00,2026-09-29T11:59:30.965789+00:00,180.32962369918823,False,False,observed_nonpositive,0.7955206623000676,0.2055905596000676,0.2055905596000676
WTI,WTI|hyperliquid:xyz:CL|lighter:145,standard,4.5,2026-09-29T11:50:08.465714+00:00,2026-09-29T11:50:08.465714+00:00,1,0.0,2026-09-29T11:48:47.084729+00:00,2026-09-29T11:51:30.000603+00:00,162.91587376594543,False,False,observed_nonpositive,0.5910824170600604,0.0010851511200604125,0.0010851511200604125
MU,MU|hyperliquid:xyz:MU|rh_lighter:31,standard,4.5,2026-09-29T06:29:34.228421+00:00,2026-09-29T06:29:34.228421+00:00,1,0.0,2026-09-29T06:28:34.258273+00:00,2026-09-29T06:30:34.361238+00:00,120.1029646396637,False,False,observed_nonpositive,0.6518406540001005,0.06204160800010061,0.06204160800010061
SPCX,SPCX|hyperliquid:xyz:SPCX|rh_lighter:18,standard,4.5,2026-09-29T06:53:33.486102+00:00,2026-09-29T06:53:33.486102+00:00,1,0.0,2026-09-29T06:52:33.113485+00:00,2026-09-29T06:54:33.540610+00:00,120.4271252155304,False,False,observed_nonpositive,0.5921212659999027,0.0029162319999025965,0.0029162319999025965
NVDA,NVDA|hyperliquid:xyz:NVDA|lighter:110,standard,4.5,2026-09-29T11:23:04.555330+00:00,2026-09-29T11:23:04.555330+00:00,1,0.0,2026-09-29T11:21:43.028418+00:00,2026-09-29T11:24:26.019985+00:00,162.99156713485718,False,False,observed_nonpositive,0.5968296107999964,0.00685328159999643,0.00685328159999643
TSLA,TSLA|hyperliquid:xyz:TSLA|rh_lighter:16,standard,4.5,2026-09-29T05:37:36.828082+00:00,2026-09-29T05:38:37.226516+00:00,2,60.39843440055847,2026-09-29T05:36:37.183188+00:00,2026-09-29T05:39:37.260192+00:00,180.07700443267822,False,False,observed_nonpositive,0.683612773700215,0.09369651240021509,0.09369651240021509
TSLA,TSLA|hyperliquid:xyz:TSLA|rh_lighter:16,standard,4.5,2026-09-29T09:15:38.415811+00:00,2026-09-29T09:15:38.415811+00:00,1,0.0,2026-09-29T09:14:38.388554+00:00,2026-09-29T09:16:38.383660+00:00,119.99510669708252,False,False,observed_nonpositive,0.6195816943999902,0.02967146879999022,0.02967146879999022
ENA,ENA|hyperliquid:ENA|lighter:29,standard,4.5,2026-09-29T09:53:31.399413+00:00,2026-09-29T09:53:31.399413+00:00,1,0.0,2026-09-29T09:52:08.764651+00:00,2026-09-29T09:54:53.811281+00:00,165.04663014411926,False,False,observed_nonpositive,1.0241230560001855,0.0742139520001856,0.0742139520001856
MSFT,MSFT|hyperliquid:xyz:MSFT|rh_lighter:14,standard,4.5,2026-09-29T05:13:38.663081+00:00,2026-09-29T05:15:42.025840+00:00,3,123.36275887489319,,2026-09-29T05:16:38.451800+00:00,,False,True,observed_nonpositive,0.843453148999996,0.253480347999996,0.253480347999996
MSFT,MSFT|hyperliquid:xyz:MSFT|rh_lighter:14,standard,4.5,2026-09-29T05:17:38.459061+00:00,2026-09-29T05:33:38.197493+00:00,17,959.7384316921234,2026-09-29T05:16:38.451800+00:00,2026-09-29T05:34:38.144137+00:00,1079.6923372745514,False,False,observed_nonpositive,0.6186789912000923,0.02872482240009222,0.21694317839997207
MSFT,MSFT|hyperliquid:xyz:MSFT|rh_lighter:14,standard,4.5,2026-09-29T05:35:38.309878+00:00,2026-09-29T06:09:38.177193+00:00,35,2039.8673148155212,2026-09-29T05:34:38.144137+00:00,2026-09-29T06:10:38.216414+00:00,2160.072276830673,False,False,observed_nonpositive,0.6996400823999503,0.10990284479995027,0.3268280736000363
MSFT,MSFT|hyperliquid:xyz:MSFT|rh_lighter:14,standard,4.5,2026-09-29T06:12:38.312064+00:00,2026-09-29T06:34:38.553208+00:00,23,1320.241144657135,2026-09-29T06:11:38.199515+00:00,2026-09-29T06:35:38.528394+00:00,1440.3288793563843,False,False,observed_nonpositive,0.7427735659000478,0.15296738680004773,0.2864240991999101
MSFT,MSFT|hyperliquid:xyz:MSFT|rh_lighter:14,standard,4.5,2026-09-29T06:41:38.251879+00:00,2026-09-29T06:50:38.569000+00:00,10,540.3171210289001,2026-09-29T06:40:38.247038+00:00,2026-09-29T06:51:38.510098+00:00,660.2630598545074,False,False,observed_nonpositive,0.6466084354000288,0.05686040080002874,0.0750600360000459
MSFT,MSFT|hyperliquid:xyz:MSFT|rh_lighter:14,standard,4.5,2026-09-29T07:00:38.249360+00:00,2026-09-29T07:01:38.255820+00:00,2,60.006460189819336,2026-09-29T06:59:38.316046+00:00,2026-09-29T07:02:38.294232+00:00,179.97818565368652,False,False,observed_nonpositive,0.6195682791000104,0.02962255320001045,0.05441619239995915
MSFT,MSFT|hyperliquid:xyz:MSFT|rh_lighter:14,standard,4.5,2026-09-29T07:03:38.519179+00:00,2026-09-29T07:19:39.610044+00:00,17,961.0908651351929,2026-09-29T07:02:38.294232+00:00,2026-09-29T07:20:39.612291+00:00,1081.3180594444275,False,False,observed_nonpositive,0.6046606385999862,0.014927047199986054,0.3058440120000017
MSFT,MSFT|hyperliquid:xyz:MSFT|rh_lighter:14,standard,4.5,2026-09-29T07:22:39.611749+00:00,2026-09-29T07:22:39.611749+00:00,1,0.0,2026-09-29T07:21:39.618625+00:00,2026-09-29T07:23:39.622118+00:00,120.00349354743958,False,False,observed_nonpositive,0.5998937570999785,0.01018060919997843,0.01018060919997843
MSFT,MSFT|hyperliquid:xyz:MSFT|rh_lighter:14,standard,4.5,2026-09-29T07:27:39.825404+00:00,2026-09-29T07:29:39.872102+00:00,3,120.04669761657715,2026-09-29T07:26:39.718280+00:00,2026-09-29T07:30:39.885836+00:00,240.16755628585815,False,False,observed_nonpositive,0.7226662990000305,0.13295014800003058,0.4443395268001001
MSFT,MSFT|hyperliquid:xyz:MSFT|rh_lighter:14,standard,4.5,2026-09-29T07:32:39.631346+00:00,2026-09-29T07:35:39.642458+00:00,4,180.0111129283905,2026-09-29T07:31:39.938042+00:00,2026-09-29T07:36:39.651185+00:00,299.71314215660095,False,False,observed_nonpositive,0.6796873045998751,0.08972207919987502,0.11350094999996879
MSFT,MSFT|hyperliquid:xyz:MSFT|rh_lighter:14,standard,4.5,2026-09-29T07:39:39.668643+00:00,2026-09-29T07:39:39.668643+00:00,1,0.0,2026-09-29T07:38:39.923100+00:00,2026-09-29T07:40:39.631417+00:00,119.70831680297852,False,False,observed_nonpositive,0.5939112096000598,0.0041551392000598875,0.0041551392000598875
MSFT,MSFT|hyperliquid:xyz:MSFT|rh_lighter:14,standard,4.5,2026-09-29T07:43:39.765254+00:00,2026-09-29T08:04:39.669446+00:00,22,1259.9041929244995,2026-09-29T07:42:39.679627+00:00,2026-09-29T08:05:39.715205+00:00,1380.0355780124664,False,False,observed_nonpositive,0.6381972096001163,0.048441139200116334,0.26522981319997446
MSFT,MSFT|hyperliquid:xyz:MSFT|rh_lighter:14,standard,4.5,2026-09-29T08:09:39.663068+00:00,2026-09-29T08:36:38.694802+00:00,28,1619.0317335128784,2026-09-29T08:08:40.076936+00:00,2026-09-29T08:37:38.596041+00:00,1738.5191054344177,False,False,observed_nonpositive,0.6164918133999877,0.02668725679998768,0.3834367591999002
MSFT,MSFT|hyperliquid:xyz:MSFT|rh_lighter:14,standard,4.5,2026-09-29T08:38:38.640350+00:00,2026-09-29T08:38:38.640350+00:00,1,0.0,2026-09-29T08:37:38.596041+00:00,2026-09-29T08:39:38.690259+00:00,120.09421706199646,False,False,observed_nonpositive,0.785791209600029,0.19603513920002907,0.19603513920002907
MSFT,MSFT|hyperliquid:xyz:MSFT|rh_lighter:14,standard,4.5,2026-09-29T08:40:38.680664+00:00,2026-09-29T08:46:38.379322+00:00,7,359.6986577510834,2026-09-29T08:39:38.690259+00:00,2026-09-29T08:47:38.395805+00:00,479.70554661750793,False,False,observed_nonpositive,0.6972035567999844,0.1072268735999844,0.1072268735999844
MSFT,MSFT|hyperliquid:xyz:MSFT|rh_lighter:14,standard,4.5,2026-09-29T08:55:38.801545+00:00,2026-09-29T08:55:38.801545+00:00,1,0.0,2026-09-29T08:54:38.546004+00:00,2026-09-29T08:56:38.690158+00:00,120.14415383338928,False,False,observed_nonpositive,0.5981136242000767,0.008202938400076742,0.008202938400076742
MSFT,MSFT|hyperliquid:xyz:MSFT|rh_lighter:14,standard,4.5,2026-09-29T08:57:38.756156+00:00,2026-09-29T08:58:38.641079+00:00,2,59.88492298126221,2026-09-29T08:56:38.690158+00:00,2026-09-29T08:59:38.385953+00:00,179.6957950592041,False,False,observed_nonpositive,0.6378091916000272,0.04793500320002725,0.0701099724000252
MSFT,MSFT|hyperliquid:xyz:MSFT|rh_lighter:14,standard,4.5,2026-09-29T09:00:38.401307+00:00,2026-09-29T09:10:38.769340+00:00,11,600.3680331707001,2026-09-29T08:59:38.385953+00:00,2026-09-29T09:11:38.838450+00:00,720.4524972438812,False,False,observed_nonpositive,0.7750695488000218,0.1852632576000217,0.26636997200003937
MSFT,MSFT|hyperliquid:xyz:MSFT|rh_lighter:14,standard,4.5,2026-09-29T09:14:37.584538+00:00,2026-09-29T09:14:37.584538+00:00,1,0.0,2026-09-29T09:13:38.377421+00:00,2026-09-29T09:15:37.371908+00:00,118.99448657035828,False,False,observed_nonpositive,0.5988070992000147,0.00885363840001474,0.00885363840001474
MSFT,MSFT|hyperliquid:xyz:MSFT|rh_lighter:14,standard,4.5,2026-09-29T09:18:37.673149+00:00,2026-09-29T09:23:37.382089+00:00,6,299.70894050598145,2026-09-29T09:17:37.366072+00:00,2026-09-29T09:24:37.383000+00:00,420.01692843437195,False,False,observed_nonpositive,0.6574780430999579,0.06766188119995786,0.1787285055999734
MSFT,MSFT|hyperliquid:xyz:MSFT|rh_lighter:14,standard,4.5,2026-09-29T09:25:37.379492+00:00,2026-09-29T09:26:37.417976+00:00,2,60.0384840965271,2026-09-29T09:24:37.383000+00:00,2026-09-29T09:27:37.471792+00:00,180.088791847229,False,False,observed_nonpositive,0.5991539014999269,0.0091794779999268,0.07326220240014647
MSFT,MSFT|hyperliquid:xyz:MSFT|rh_lighter:14,standard,4.5,2026-09-29T09:30:37.599999+00:00,2026-09-29T09:31:37.585451+00:00,2,59.9854519367218,2026-09-29T09:29:37.494015+00:00,2026-09-29T09:32:37.383359+00:00,179.88934350013733,False,False,observed_nonpositive,0.618485327999895,0.02852025599989494,0.04828055040000262
MSFT,MSFT|hyperliquid:xyz:MSFT|rh_lighter:14,standard,4.5,2026-09-29T09:47:37.588957+00:00,2026-09-29T09:48:37.402330+00:00,2,59.81337332725525,2026-09-29T09:46:37.410521+00:00,2026-09-29T09:49:37.400886+00:00,179.9903645515442,False,False,observed_nonpositive,0.5988212688000147,0.008960697600014722,0.04818687360011631
MSFT,MSFT|hyperliquid:xyz:MSFT|rh_lighter:14,standard,4.5,2026-09-29T09:50:37.079723+00:00,2026-09-29T09:51:37.531219+00:00,2,60.45149612426758,2026-09-29T09:49:37.400886+00:00,2026-09-29T09:52:37.146938+00:00,179.74605250358582,False,False,observed_nonpositive,0.5988124128000147,0.008893785600014692,0.0751494031999349
MSFT,MSFT|hyperliquid:xyz:MSFT|rh_lighter:14,standard,4.5,2026-09-29T09:53:37.420625+00:00,2026-09-29T10:07:37.418983+00:00,15,839.9983580112457,2026-09-29T09:52:37.146938+00:00,2026-09-29T10:08:37.422621+00:00,960.2756824493408,False,False,observed_nonpositive,0.6582345341000603,0.06832981320006032,0.3597742559997257
MSFT,MSFT|hyperliquid:xyz:MSFT|rh_lighter:14,standard,4.5,2026-09-29T10:09:37.416574+00:00,2026-09-29T10:09:37.416574+00:00,1,0.0,2026-09-29T10:08:37.422621+00:00,2026-09-29T10:10:37.191333+00:00,119.76871252059937,False,False,observed_nonpositive,0.697230124800098,0.10742760960009806,0.10742760960009806
MSFT,MSFT|hyperliquid:xyz:MSFT|rh_lighter:14,standard,4.5,2026-09-29T10:11:37.093089+00:00,2026-09-29T10:12:37.454115+00:00,2,60.36102604866028,2026-09-29T10:10:37.191333+00:00,2026-09-29T10:13:37.602302+00:00,180.41096925735474,False,False,observed_nonpositive,0.716899497600092,0.12702731520009208,0.12702731520009208
MSFT,MSFT|hyperliquid:xyz:MSFT|rh_lighter:14,standard,4.5,2026-09-29T10:16:37.576082+00:00,2026-09-29T10:17:37.423613+00:00,2,59.84753084182739,2026-09-29T10:15:37.534074+00:00,2026-09-29T10:18:37.336296+00:00,179.80222153663635,False,False,observed_nonpositive,0.6775465823999904,0.08772084479999037,0.08772084479999037
MSFT,MSFT|hyperliquid:xyz:MSFT|rh_lighter:14,standard,4.5,2026-09-29T10:19:37.707728+00:00,2026-09-29T10:21:37.455501+00:00,3,119.74777269363403,2026-09-29T10:18:37.336296+00:00,2026-09-29T10:22:37.432700+00:00,240.09640431404114,False,False,observed_nonpositive,0.6188456736000092,0.028882867200009155,0.048586256399977934
MSFT,MSFT|hyperliquid:xyz:MSFT|rh_lighter:14,standard,4.5,2026-09-29T10:28:37.147321+00:00,2026-09-29T10:28:37.147321+00:00,1,0.0,2026-09-29T10:27:37.447587+00:00,2026-09-29T10:29:37.063937+00:00,119.61634993553162,False,False,observed_nonpositive,0.5991574457000406,0.00920625640004058,0.00920625640004058
MSFT,MSFT|hyperliquid:xyz:MSFT|rh_lighter:14,standard,4.5,2026-09-29T10:31:37.540296+00:00,2026-09-29T10:31:37.540296+00:00,1,0.0,2026-09-29T10:30:37.448188+00:00,2026-09-29T10:32:37.355888+00:00,119.9077000617981,False,False,observed_nonpositive,0.6184941840000087,0.02858716800000871,0.02858716800000871
MSFT,MSFT|hyperliquid:xyz:MSFT|rh_lighter:14,standard,4.5,2026-09-29T10:33:37.445004+00:00,2026-09-29T10:34:37.451900+00:00,2,60.006896018981934,2026-09-29T10:32:37.355888+00:00,2026-09-29T10:35:37.456120+00:00,180.10023188591003,False,False,observed_nonpositive,0.6775430399998768,0.08769407999987672,0.08769407999987672
MSFT,MSFT|hyperliquid:xyz:MSFT|rh_lighter:14,standard,4.5,2026-09-29T10:36:37.126212+00:00,2026-09-29T10:36:37.126212+00:00,1,0.0,2026-09-29T10:35:37.456120+00:00,2026-09-29T10:37:37.504974+00:00,120.04885411262512,False,False,observed_nonpositive,0.5988301248000147,0.009027609600014752,0.009027609600014752
MSFT,MSFT|hyperliquid:xyz:MSFT|rh_lighter:14,standard,4.5,2026-09-29T10:40:37.246018+00:00,2026-09-29T10:42:37.702649+00:00,3,120.45663094520569,2026-09-29T10:39:37.468616+00:00,2026-09-29T10:43:37.213836+00:00,239.74522018432617,False,False,observed_nonpositive,0.6574774212999327,0.06759162759993259,0.14635188119989562
MSFT,MSFT|hyperliquid:xyz:MSFT|rh_lighter:14,standard,4.5,2026-09-29T10:44:37.419400+00:00,2026-09-29T10:45:37.667445+00:00,2,60.24804472923279,2026-09-29T10:43:37.213836+00:00,2026-09-29T10:46:37.467240+00:00,180.25340342521667,False,False,observed_nonpositive,0.6230728945999883,0.033314759199988275,0.033314759199988275
MSFT,MSFT|hyperliquid:xyz:MSFT|rh_lighter:14,standard,4.5,2026-09-29T10:48:37.485627+00:00,2026-09-29T10:52:37.500019+00:00,5,240.01439213752747,2026-09-29T10:47:37.741492+00:00,2026-09-29T10:53:37.475047+00:00,359.73355531692505,False,False,observed_nonpositive,0.5984656509998753,0.008568251999875265,0.10726702080009803
MSFT,MSFT|hyperliquid:xyz:MSFT|rh_lighter:14,standard,4.5,2026-09-29T10:54:37.799931+00:00,2026-09-29T11:17:37.376350+00:00,24,1379.576418876648,2026-09-29T10:53:37.475047+00:00,2026-09-29T11:18:37.191977+00:00,1499.7169296741486,False,False,observed_nonpositive,0.8152870992000616,0.2253336384000616,0.26430500320001077
MSFT,MSFT|hyperliquid:xyz:MSFT|rh_lighter:14,standard,4.5,2026-09-29T11:19:37.492998+00:00,2026-09-29T11:19:37.492998+00:00,1,0.0,2026-09-29T11:18:37.191977+00:00,2026-09-29T11:20:37.023922+00:00,119.8319456577301,False,False,observed_nonpositive,0.6281780437999283,0.03837499759992824,0.03837499759992824
MSFT,MSFT|hyperliquid:xyz:MSFT|rh_lighter:14,standard,4.5,2026-09-29T11:22:37.503278+00:00,2026-09-29T11:24:37.533448+00:00,3,120.03016996383667,2026-09-29T11:21:37.498456+00:00,2026-09-29T11:25:37.504929+00:00,240.00647282600403,False,False,observed_nonpositive,0.6177913182000075,0.027996626400007663,0.146010101599933
MSFT,MSFT|hyperliquid:xyz:MSFT|rh_lighter:14,standard,4.5,2026-09-29T11:26:37.758447+00:00,2026-09-29T11:26:37.758447+00:00,1,0.0,2026-09-29T11:25:37.504929+00:00,2026-09-29T11:27:37.206566+00:00,119.70163750648499,False,False,observed_nonpositive,0.5977934789999373,0.008078507999937257,0.008078507999937257
MSFT,MSFT|hyperliquid:xyz:MSFT|rh_lighter:14,standard,4.5,2026-09-29T11:35:37.506860+00:00,2026-09-29T11:35:37.506860+00:00,1,0.0,2026-09-29T11:34:37.060909+00:00,2026-09-29T11:36:37.511294+00:00,120.45038437843323,False,False,observed_nonpositive,0.617418720000007,0.027541440000007023,0.027541440000007023
MSFT,MSFT|hyperliquid:xyz:MSFT|rh_lighter:14,standard,4.5,2026-09-29T11:38:37.221089+00:00,2026-09-29T11:51:37.625821+00:00,14,780.4047315120697,2026-09-29T11:37:37.517351+00:00,2026-09-29T11:52:37.629996+00:00,900.1126444339752,False,False,observed_nonpositive,0.7746399419999959,0.18490178399999585,0.24378497399986376
MSFT,MSFT|hyperliquid:xyz:MSFT|rh_lighter:14,standard,4.5,2026-09-29T11:54:37.304137+00:00,2026-09-29T11:59:37.853859+00:00,6,300.5497214794159,2026-09-29T11:53:37.353252+00:00,,,True,False,window_end,0.597795247500051,0.008091870000051016,0.1258716119999006
BRENTOIL,BRENTOIL|lighter:159|hyperliquid:xyz:BRENTOIL,standard,4.5,2026-09-29T07:21:16.388450+00:00,2026-09-29T07:21:16.388450+00:00,1,0.0,2026-09-29T07:19:52.127691+00:00,2026-09-29T07:22:40.437276+00:00,168.30958557128906,False,False,observed_nonpositive,0.676825885000055,0.08695945200005506,0.08695945200005506
BRENTOIL,BRENTOIL|lighter:159|hyperliquid:xyz:BRENTOIL,standard,4.5,2026-09-29T08:20:10.755080+00:00,2026-09-29T08:20:10.755080+00:00,1,0.0,2026-09-29T08:18:46.743588+00:00,2026-09-29T08:21:34.831450+00:00,168.08786177635193,False,False,observed_nonpositive,0.6545903139999282,0.06473524049992818,0.06473524049992818
BRENTOIL,BRENTOIL|lighter:159|hyperliquid:xyz:BRENTOIL,standard,4.5,2026-09-29T09:06:26.995408+00:00,2026-09-29T09:06:26.995408+00:00,1,0.0,2026-09-29T09:05:02.732586+00:00,2026-09-29T09:07:51.361086+00:00,168.62850069999695,False,False,observed_nonpositive,0.7803743856000734,0.19049090270007346,0.19049090270007346
BRENTOIL,BRENTOIL|lighter:159|hyperliquid:xyz:BRENTOIL,standard,4.5,2026-09-29T09:47:58.871900+00:00,2026-09-29T09:47:58.871900+00:00,1,0.0,2026-09-29T09:46:36.082658+00:00,2026-09-29T09:49:21.748844+00:00,165.66618585586548,False,False,observed_nonpositive,0.6303591585999344,0.04076626319993443,0.04076626319993443
META,META|hyperliquid:xyz:META|rh_lighter:13,standard,4.5,2026-09-29T05:13:42.671889+00:00,2026-09-29T06:07:42.508618+00:00,55,3239.8367285728455,,2026-09-29T06:08:42.680556+00:00,,False,True,observed_nonpositive,1.101746277999969,0.512049655999969,0.5409042020000789
META,META|hyperliquid:xyz:META|rh_lighter:13,standard,4.5,2026-09-29T06:09:42.557174+00:00,2026-09-29T07:00:41.251702+00:00,52,3058.694527864456,2026-09-29T06:08:42.680556+00:00,2026-09-29T07:01:41.250200+00:00,3178.5696437358856,False,False,observed_nonpositive,0.7331046400000777,0.14345628000007765,0.4247504255998908
META,META|hyperliquid:xyz:META|rh_lighter:13,standard,4.5,2026-09-29T07:02:41.252992+00:00,2026-09-29T08:45:42.359583+00:00,104,6181.10659122467,2026-09-29T07:01:41.250200+00:00,2026-09-29T08:46:42.199912+00:00,6300.949711561203,False,False,observed_nonpositive,0.6504250389998835,0.06052362799988342,0.45030655799989416
META,META|hyperliquid:xyz:META|rh_lighter:13,standard,4.5,2026-09-29T08:47:42.451996+00:00,2026-09-29T08:47:42.451996+00:00,1,0.0,2026-09-29T08:46:42.199912+00:00,2026-09-29T08:48:42.564947+00:00,120.36503529548645,False,False,observed_nonpositive,0.6483753536001353,0.058384227200135363,0.058384227200135363
META,META|hyperliquid:xyz:META|rh_lighter:13,standard,4.5,2026-09-29T08:49:42.393712+00:00,2026-09-29T08:55:42.725369+00:00,7,360.33165764808655,2026-09-29T08:48:42.564947+00:00,2026-09-29T08:56:42.371101+00:00,479.8061537742615,False,False,observed_nonpositive,0.6750671837000874,0.08517983240008736,0.16863037360003313
META,META|hyperliquid:xyz:META|rh_lighter:13,standard,4.5,2026-09-29T08:57:42.456258+00:00,2026-09-29T08:59:42.368591+00:00,3,119.91233372688293,2026-09-29T08:56:42.371101+00:00,2026-09-29T09:00:42.459413+00:00,240.088312625885,False,False,observed_nonpositive,0.717376387200017,0.127483814400017,0.127483814400017
META,META|hyperliquid:xyz:META|rh_lighter:13,standard,4.5,2026-09-29T09:04:42.374097+00:00,2026-09-29T09:04:42.374097+00:00,1,0.0,2026-09-29T09:03:42.376438+00:00,2026-09-29T09:05:42.379119+00:00,120.00268173217773,False,False,observed_nonpositive,0.633355962200058,0.043591714400058046,0.043591714400058046
META,META|hyperliquid:xyz:META|rh_lighter:13,standard,4.5,2026-09-29T09:07:42.532230+00:00,2026-09-29T09:07:42.532230+00:00,1,0.0,2026-09-29T09:06:42.386862+00:00,2026-09-29T09:08:43.021341+00:00,120.63447976112366,False,False,observed_nonpositive,0.6472747255001815,0.05756792600018157,0.05756792600018157
META,META|hyperliquid:xyz:META|rh_lighter:13,standard,4.5,2026-09-29T09:12:42.710203+00:00,2026-09-29T09:17:43.728922+00:00,6,301.018718957901,2026-09-29T09:11:42.707456+00:00,2026-09-29T09:18:43.721199+00:00,421.0137436389923,False,False,observed_nonpositive,0.6328393390000066,0.04309722800000659,0.19611065200005168
META,META|hyperliquid:xyz:META|rh_lighter:13,standard,4.5,2026-09-29T09:19:43.793744+00:00,2026-09-29T09:31:43.745790+00:00,13,719.9520461559296,2026-09-29T09:18:43.721199+00:00,2026-09-29T09:32:43.733073+00:00,840.0118741989136,False,False,observed_nonpositive,0.6884606059999197,0.09885791199991972,0.15718808960009056
META,META|hyperliquid:xyz:META|rh_lighter:13,standard,4.5,2026-09-29T09:33:43.739198+00:00,2026-09-29T09:50:43.757928+00:00,18,1020.0187296867371,2026-09-29T09:32:43.733073+00:00,2026-09-29T09:51:43.772118+00:00,1140.0390441417694,False,False,observed_nonpositive,0.717393926400017,0.127616332800017,0.32239221120002887
META,META|hyperliquid:xyz:META|rh_lighter:13,standard,4.5,2026-09-29T09:52:43.742389+00:00,2026-09-29T11:03:43.823011+00:00,72,4260.080622673035,2026-09-29T09:51:43.772118+00:00,2026-09-29T11:04:43.828381+00:00,4380.056263685226,False,False,observed_nonpositive,0.6038677430999849,0.01424628119998489,0.5981184011999819
META,META|hyperliquid:xyz:META|rh_lighter:13,standard,4.5,2026-09-29T11:05:43.835264+00:00,2026-09-29T11:05:43.835264+00:00,1,0.0,2026-09-29T11:04:43.828381+00:00,2026-09-29T11:06:43.845722+00:00,120.01734066009521,False,False,observed_nonpositive,0.5901492147000158,0.00041284440001576606,0.00041284440001576606
META,META|hyperliquid:xyz:META|rh_lighter:13,standard,4.5,2026-09-29T11:20:43.846063+00:00,2026-09-29T11:20:43.846063+00:00,1,0.0,2026-09-29T11:19:43.976659+00:00,2026-09-29T11:21:43.854600+00:00,119.87794041633606,False,False,observed_nonpositive,0.6415375315999196,0.0519146831999196,0.0519146831999196
META,META|hyperliquid:xyz:META|rh_lighter:13,standard,4.5,2026-09-29T11:29:44.164659+00:00,2026-09-29T11:29:44.164659+00:00,1,0.0,2026-09-29T11:28:43.863418+00:00,2026-09-29T11:30:44.103396+00:00,120.23997831344604,False,False,observed_nonpositive,0.630233862499977,0.040455849999977034,0.040455849999977034
META,META|hyperliquid:xyz:META|rh_lighter:13,standard,4.5,2026-09-29T11:32:44.183183+00:00,2026-09-29T11:34:43.865721+00:00,3,119.68253779411316,2026-09-29T11:31:43.854931+00:00,2026-09-29T11:35:43.978595+00:00,240.12366437911987,False,False,observed_nonpositive,0.6302101789999771,0.04027690799997713,0.13732108799985587
META,META|hyperliquid:xyz:META|rh_lighter:13,standard,4.5,2026-09-29T11:36:43.936686+00:00,2026-09-29T11:37:43.863256+00:00,2,59.926570415496826,2026-09-29T11:35:43.978595+00:00,2026-09-29T11:38:43.910852+00:00,179.93225646018982,False,False,observed_nonpositive,0.6302151649999771,0.04031457999997706,0.06774901439984432
META,META|hyperliquid:xyz:META|rh_lighter:13,standard,4.5,2026-09-29T11:55:44.130820+00:00,2026-09-29T11:59:44.327960+00:00,5,240.1971399784088,2026-09-29T11:54:44.040253+00:00,,,True,False,window_end,0.6127861271999615,0.022826294399961533,0.17540493880006874
AMZN,AMZN|hyperliquid:xyz:AMZN|rh_lighter:11,standard,4.5,2026-09-29T05:13:44.339991+00:00,2026-09-29T05:20:43.532461+00:00,8,419.19247031211853,,2026-09-29T05:21:52.487946+00:00,,False,True,observed_nonpositive,0.7634593824000915,0.1735864448000915,0.2143344420000437
AMZN,AMZN|hyperliquid:xyz:AMZN|rh_lighter:11,standard,4.5,2026-09-29T05:22:43.476220+00:00,2026-09-29T05:25:43.637971+00:00,4,180.1617512702942,2026-09-29T05:21:52.487946+00:00,2026-09-29T05:26:43.684973+00:00,291.1970272064209,False,False,observed_nonpositive,0.6413522697000457,0.05143270440004577,0.13272033279997503
AMZN,AMZN|hyperliquid:xyz:AMZN|rh_lighter:11,standard,4.5,2026-09-29T05:27:43.730052+00:00,2026-09-29T05:29:43.477535+00:00,3,119.74748301506042,2026-09-29T05:26:43.684973+00:00,2026-09-29T05:30:43.484132+00:00,239.79915928840637,False,False,observed_nonpositive,0.6008920671998792,0.010971174399879269,0.051583539200045825
AMZN,AMZN|hyperliquid:xyz:AMZN|rh_lighter:11,standard,4.5,2026-09-29T05:31:43.491819+00:00,2026-09-29T05:32:43.845562+00:00,2,60.353742837905884,2026-09-29T05:30:43.484132+00:00,2026-09-29T05:33:43.531359+00:00,180.04722690582275,False,False,observed_nonpositive,0.6012390134001576,0.011363656800157773,0.011363656800157773
AMZN,AMZN|hyperliquid:xyz:AMZN|rh_lighter:11,standard,4.5,2026-09-29T05:35:43.490525+00:00,2026-09-29T06:10:43.549929+00:00,36,2100.059404373169,2026-09-29T05:34:43.487713+00:00,2026-09-29T06:11:43.528656+00:00,2220.040943622589,False,False,observed_nonpositive,0.6669850899999861,0.07698567999998612,0.2961394183999108
AMZN,AMZN|hyperliquid:xyz:AMZN|rh_lighter:11,standard,4.5,2026-09-29T06:12:43.546544+00:00,2026-09-29T06:20:45.257630+00:00,9,481.71108627319336,2026-09-29T06:11:43.528656+00:00,2026-09-29T06:21:45.236523+00:00,601.7078666687012,False,False,observed_nonpositive,0.6095530671999538,0.019632174399953906,0.1737950100000159
AMZN,AMZN|hyperliquid:xyz:AMZN|rh_lighter:11,standard,4.5,2026-09-29T06:22:45.270344+00:00,2026-09-29T06:23:45.212464+00:00,2,59.94211983680725,2026-09-29T06:21:45.236523+00:00,2026-09-29T06:24:45.203114+00:00,179.96659111976624,False,False,observed_nonpositive,0.6501930672000069,0.060272174400006984,0.09227880959998536
AMZN,AMZN|hyperliquid:xyz:AMZN|rh_lighter:11,standard,4.5,2026-09-29T06:26:45.246290+00:00,2026-09-29T06:27:45.253633+00:00,2,60.00734305381775,2026-09-29T06:25:45.219535+00:00,2026-09-29T06:28:45.222046+00:00,180.00251126289368,False,False,observed_nonpositive,0.6823691924999603,0.09249500999996024,0.09249500999996024
AMZN,AMZN|hyperliquid:xyz:AMZN|rh_lighter:11,standard,4.5,2026-09-29T06:33:45.290154+00:00,2026-09-29T06:38:45.239772+00:00,6,299.9496178627014,2026-09-29T06:32:45.231266+00:00,2026-09-29T06:39:45.514798+00:00,420.283531665802,False,False,observed_nonpositive,0.7224197946000251,0.13254955920002515,0.1732398192000532
AMZN,AMZN|hyperliquid:xyz:AMZN|rh_lighter:11,standard,4.5,2026-09-29T06:40:45.220660+00:00,2026-09-29T06:40:45.220660+00:00,1,0.0,2026-09-29T06:39:45.514798+00:00,2026-09-29T06:41:45.237171+00:00,119.72237300872803,False,False,observed_nonpositive,0.6002165960000043,0.010325392000004319,0.010325392000004319
AMZN,AMZN|hyperliquid:xyz:AMZN|rh_lighter:11,standard,4.5,2026-09-29T07:03:45.247818+00:00,2026-09-29T07:12:45.464600+00:00,10,540.2167811393738,2026-09-29T07:02:45.248811+00:00,2026-09-29T07:13:45.342859+00:00,660.0940480232239,False,False,observed_nonpositive,0.6644611876999111,0.07454764039991096,0.12264827999997119
AMZN,AMZN|hyperliquid:xyz:AMZN|rh_lighter:11,standard,4.5,2026-09-29T08:01:43.657088+00:00,2026-09-29T08:03:43.971250+00:00,3,120.31416153907776,2026-09-29T08:00:43.645167+00:00,2026-09-29T08:04:43.709464+00:00,240.06429648399353,False,False,observed_nonpositive,0.6808400601999326,0.09090601039993246,0.09090601039993246
AMZN,AMZN|hyperliquid:xyz:AMZN|rh_lighter:11,standard,4.5,2026-09-29T08:07:43.728885+00:00,2026-09-29T08:09:43.665497+00:00,3,119.93661236763,2026-09-29T08:06:43.657541+00:00,2026-09-29T08:10:43.705197+00:00,240.04765605926514,False,False,observed_nonpositive,0.5998807485999533,0.010016767199953425,0.09149778399997155
AMZN,AMZN|hyperliquid:xyz:AMZN|rh_lighter:11,standard,4.5,2026-09-29T08:13:43.684318+00:00,2026-09-29T08:13:43.684318+00:00,1,0.0,2026-09-29T08:12:43.678317+00:00,2026-09-29T08:14:43.754050+00:00,120.07573366165161,False,False,observed_nonpositive,0.8438165960000192,0.25392539200001923,0.25392539200001923
AMZN,AMZN|hyperliquid:xyz:AMZN|rh_lighter:11,standard,4.5,2026-09-29T09:30:42.732994+00:00,2026-09-29T09:34:42.412377+00:00,5,239.67938327789307,2026-09-29T09:29:43.201207+00:00,2026-09-29T09:35:42.603011+00:00,359.4018044471741,False,False,observed_nonpositive,0.7206185364000222,0.13074005280002216,0.2114998127999887
AMZN,AMZN|hyperliquid:xyz:AMZN|rh_lighter:11,standard,4.5,2026-09-29T10:13:42.762249+00:00,2026-09-29T10:14:42.761777+00:00,2,59.99952793121338,2026-09-29T10:12:42.760924+00:00,2026-09-29T10:15:42.765454+00:00,180.00452995300293,False,False,observed_nonpositive,0.6791256736000435,0.08916286720004346,0.08916286720004346
AMZN,AMZN|hyperliquid:xyz:AMZN|rh_lighter:11,standard,4.5,2026-09-29T10:17:42.434579+00:00,2026-09-29T10:17:42.434579+00:00,1,0.0,2026-09-29T10:16:42.769279+00:00,2026-09-29T10:18:42.824292+00:00,120.0550127029419,False,False,observed_nonpositive,0.5983316622999508,0.008342559599950727,0.008342559599950727
AMZN,AMZN|hyperliquid:xyz:AMZN|rh_lighter:11,standard,4.5,2026-09-29T10:21:42.440255+00:00,2026-09-29T10:21:42.440255+00:00,1,0.0,2026-09-29T10:20:42.447655+00:00,2026-09-29T10:22:42.450388+00:00,120.00273251533508,False,False,observed_nonpositive,0.6390013050000418,0.049009860000041816,0.049009860000041816
CRCL,CRCL|hyperliquid:xyz:CRCL|rh_lighter:24,standard,4.5,2026-09-29T05:13:45.479376+00:00,2026-09-29T05:16:45.127292+00:00,4,179.64791631698608,,2026-09-29T05:17:45.461431+00:00,,False,True,observed_nonpositive,0.6367498448099321,0.046768494119932114,0.16888353744011952
CRCL,CRCL|hyperliquid:xyz:CRCL|rh_lighter:24,standard,4.5,2026-09-29T05:32:45.166452+00:00,2026-09-29T05:35:44.818339+00:00,4,179.65188717842102,2026-09-29T05:31:45.144081+00:00,2026-09-29T05:36:45.151959+00:00,300.0078778266907,False,False,observed_nonpositive,0.656203026879817,0.06622286975981695,0.19623353151998169
CRCL,CRCL|hyperliquid:xyz:CRCL|rh_lighter:24,standard,4.5,2026-09-29T05:37:45.159957+00:00,2026-09-29T05:37:45.159957+00:00,1,0.0,2026-09-29T05:36:45.151959+00:00,2026-09-29T05:38:45.199754+00:00,120.04779529571533,False,False,observed_nonpositive,0.6474419568798762,0.057448229759876235,0.057448229759876235
CRCL,CRCL|hyperliquid:xyz:CRCL|rh_lighter:24,standard,4.5,2026-09-29T05:42:45.147372+00:00,2026-09-29T05:42:45.147372+00:00,1,0.0,2026-09-29T05:41:45.238417+00:00,2026-09-29T05:43:45.313359+00:00,120.07494235038757,False,False,observed_nonpositive,0.6078035920599206,0.017840251119920603,0.017840251119920603
CRCL,CRCL|hyperliquid:xyz:CRCL|rh_lighter:24,standard,4.5,2026-09-29T05:44:45.164325+00:00,2026-09-29T05:45:45.249048+00:00,2,60.084723472595215,2026-09-29T05:43:45.313359+00:00,2026-09-29T05:46:45.152776+00:00,179.83941745758057,False,False,observed_nonpositive,0.6017192932799285,0.011740882559928445,0.012292429439952124
CRCL,CRCL|hyperliquid:xyz:CRCL|rh_lighter:24,standard,4.5,2026-09-29T05:51:44.969790+00:00,2026-09-29T05:51:44.969790+00:00,1,0.0,2026-09-29T05:50:45.254338+00:00,2026-09-29T05:52:45.483266+00:00,120.22892785072327,False,False,observed_nonpositive,0.8460043020001492,0.25603250400014926,0.25603250400014926
CRCL,CRCL|hyperliquid:xyz:CRCL|rh_lighter:24,standard,4.5,2026-09-29T06:06:45.203956+00:00,2026-09-29T06:06:45.203956+00:00,1,0.0,2026-09-29T06:05:44.970375+00:00,2026-09-29T06:07:45.296393+00:00,120.32601881027222,False,False,observed_nonpositive,0.5972944371900729,0.00731696988007291,0.00731696988007291
CRCL,CRCL|hyperliquid:xyz:CRCL|rh_lighter:24,standard,4.5,2026-09-29T06:09:45.194724+00:00,2026-09-29T06:10:45.189528+00:00,2,59.9948034286499,2026-09-29T06:08:45.512483+00:00,2026-09-29T06:11:45.239024+00:00,179.72654056549072,False,False,observed_nonpositive,0.6652931196099379,0.07529390371993788,0.07529390371993788
CRCL,CRCL|hyperliquid:xyz:CRCL|rh_lighter:24,standard,4.5,2026-09-29T07:04:43.595292+00:00,2026-09-29T07:04:43.595292+00:00,1,0.0,2026-09-29T07:03:43.653350+00:00,2026-09-29T07:05:43.601963+00:00,119.9486129283905,False,False,observed_nonpositive,0.6560218166401603,0.06604028128016043,0.06604028128016043
CRCL,CRCL|hyperliquid:xyz:CRCL|rh_lighter:24,standard,4.5,2026-09-29T08:07:45.375458+00:00,2026-09-29T08:07:45.375458+00:00,1,0.0,2026-09-29T08:06:45.324040+00:00,2026-09-29T08:08:45.324304+00:00,120.00026392936707,False,False,observed_nonpositive,0.614856687050066,0.024867746600066132,0.024867746600066132
CRCL,CRCL|hyperliquid:xyz:CRCL|rh_lighter:24,standard,4.5,2026-09-29T08:33:44.892512+00:00,2026-09-29T08:34:45.087877+00:00,2,60.195364236831665,2026-09-29T08:32:45.341689+00:00,2026-09-29T08:35:45.349176+00:00,180.00748705863953,False,False,observed_nonpositive,0.5916338667300486,0.0016788819600485616,0.029694267279813502
CRCL,CRCL|hyperliquid:xyz:CRCL|rh_lighter:24,standard,4.5,2026-09-29T08:36:45.390202+00:00,2026-09-29T08:36:45.390202+00:00,1,0.0,2026-09-29T08:35:45.349176+00:00,2026-09-29T08:37:45.414393+00:00,120.06521677970886,False,False,observed_nonpositive,0.7523627244699876,0.16238714043998764,0.16238714043998764
CRCL,CRCL|hyperliquid:xyz:CRCL|rh_lighter:24,standard,4.5,2026-09-29T08:38:45.493020+00:00,2026-09-29T08:47:45.359448+00:00,10,539.8664276599884,2026-09-29T08:37:45.414393+00:00,2026-09-29T08:48:45.349103+00:00,659.9347105026245,False,False,observed_nonpositive,0.6391625759998603,0.04916635199986036,0.22270988615988307
CRCL,CRCL|hyperliquid:xyz:CRCL|rh_lighter:24,standard,4.5,2026-09-29T08:50:45.393591+00:00,2026-09-29T08:53:45.356344+00:00,4,179.96275329589844,2026-09-29T08:49:45.096889+00:00,2026-09-29T08:54:45.375286+00:00,300.27839732170105,False,False,observed_nonpositive,0.6391063104300193,0.049154234360019367,0.12265169024009531
CRCL,CRCL|hyperliquid:xyz:CRCL|rh_lighter:24,standard,4.5,2026-09-29T08:55:45.355462+00:00,2026-09-29T08:55:45.355462+00:00,1,0.0,2026-09-29T08:54:45.375286+00:00,2026-09-29T08:56:45.626526+00:00,120.25123977661133,False,False,observed_nonpositive,0.6107662962500517,0.020787905000051676,0.020787905000051676
CRCL,CRCL|hyperliquid:xyz:CRCL|rh_lighter:24,standard,4.5,2026-09-29T08:58:45.368402+00:00,2026-09-29T09:04:45.359133+00:00,7,359.9907307624817,2026-09-29T08:57:45.038369+00:00,2026-09-29T09:05:45.366305+00:00,480.32793617248535,False,False,observed_nonpositive,0.6107713381801554,0.02079977736015548,0.18762163671994764
CRCL,CRCL|hyperliquid:xyz:CRCL|rh_lighter:24,standard,4.5,2026-09-29T09:06:45.061982+00:00,2026-09-29T09:09:45.195400+00:00,4,180.1334183216095,2026-09-29T09:05:45.366305+00:00,2026-09-29T09:10:45.379283+00:00,300.0129783153534,False,False,observed_nonpositive,0.5937548821500294,0.0037803318000294572,0.16092944111998297
CRCL,CRCL|hyperliquid:xyz:CRCL|rh_lighter:24,standard,4.5,2026-09-29T09:11:45.456767+00:00,2026-09-29T09:11:45.456767+00:00,1,0.0,2026-09-29T09:10:45.379283+00:00,2026-09-29T09:12:45.702462+00:00,120.32317924499512,False,False,observed_nonpositive,0.6449540850800313,0.05499397616003132,0.05499397616003132
CRCL,CRCL|hyperliquid:xyz:CRCL|rh_lighter:24,standard,4.5,2026-09-29T09:29:45.493973+00:00,2026-09-29T09:29:45.493973+00:00,1,0.0,2026-09-29T09:28:45.517150+00:00,2026-09-29T09:30:45.385609+00:00,119.86845850944519,False,False,observed_nonpositive,0.622117014880391,0.03215644576039095,0.03215644576039095
INTC,INTC|hyperliquid:xyz:INTC|rh_lighter:30,standard,4.5,2026-09-29T05:14:46.173118+00:00,2026-09-29T05:16:46.457878+00:00,3,120.28476023674011,2026-09-29T05:13:46.675430+00:00,2026-09-29T05:17:46.507375+00:00,239.83194589614868,False,False,observed_nonpositive,0.7800098100000046,0.19007412000000462,0.19007412000000462
INTC,INTC|hyperliquid:xyz:INTC|rh_lighter:30,standard,4.5,2026-09-29T05:18:46.182655+00:00,2026-09-29T05:18:46.182655+00:00,1,0.0,2026-09-29T05:17:46.507375+00:00,2026-09-29T05:19:46.216680+00:00,119.70930409431458,False,False,observed_nonpositive,0.6060724500001401,0.016547400000140156,0.016547400000140156
INTC,INTC|hyperliquid:xyz:INTC|rh_lighter:30,standard,4.5,2026-09-29T05:20:46.191668+00:00,2026-09-29T05:20:46.191668+00:00,1,0.0,2026-09-29T05:19:46.216680+00:00,2026-09-29T05:21:54.822321+00:00,128.60564160346985,False,False,observed_nonpositive,0.606823958000053,0.016981016000052918,0.016981016000052918
INTC,INTC|hyperliquid:xyz:INTC|rh_lighter:30,standard,4.5,2026-09-29T05:27:46.464871+00:00,2026-09-29T05:31:46.168419+00:00,5,239.7035472393036,2026-09-29T05:26:46.488673+00:00,2026-09-29T05:32:46.173113+00:00,359.6844401359558,False,False,observed_nonpositive,0.9564854640000624,0.36704572800006247,0.36704572800006247
INTC,INTC|hyperliquid:xyz:INTC|rh_lighter:30,standard,4.5,2026-09-29T05:33:46.157411+00:00,2026-09-29T05:33:46.157411+00:00,1,0.0,2026-09-29T05:32:46.173113+00:00,2026-09-29T05:34:46.270575+00:00,120.09746146202087,False,False,observed_nonpositive,0.6975832499999091,0.10812899999990905,0.10812899999990905
INTC,INTC|hyperliquid:xyz:INTC|rh_lighter:30,standard,4.5,2026-09-29T05:35:46.303670+00:00,2026-09-29T05:35:46.303670+00:00,1,0.0,2026-09-29T05:34:46.270575+00:00,2026-09-29T05:36:46.390550+00:00,120.11997509002686,False,False,observed_nonpositive,0.6100517500000455,0.020391000000045567,0.020391000000045567
INTC,INTC|hyperliquid:xyz:INTC|rh_lighter:30,standard,4.5,2026-09-29T05:37:46.337826+00:00,2026-09-29T05:42:46.489215+00:00,6,300.15138959884644,2026-09-29T05:36:46.390550+00:00,2026-09-29T05:43:46.628250+00:00,420.23769998550415,False,False,observed_nonpositive,0.6108120239999584,0.020890847999958384,0.10795050000002282
INTC,INTC|hyperliquid:xyz:INTC|rh_lighter:30,standard,4.5,2026-09-29T05:47:46.364965+00:00,2026-09-29T05:55:46.218274+00:00,9,479.8533091545105,2026-09-29T05:46:46.314653+00:00,2026-09-29T05:56:46.183314+00:00,599.8686604499817,False,False,observed_nonpositive,0.6092129599999052,0.019297919999905155,0.19334156400004732
INTC,INTC|hyperliquid:xyz:INTC|rh_lighter:30,standard,4.5,2026-09-29T05:57:46.186599+00:00,2026-09-29T06:02:46.291110+00:00,6,300.10451102256775,2026-09-29T05:56:46.183314+00:00,2026-09-29T06:03:46.302957+00:00,420.1196427345276,False,False,observed_nonpositive,0.6939239580000169,0.1040810160000169,0.3265030000000452
INTC,INTC|hyperliquid:xyz:INTC|rh_lighter:30,standard,4.5,2026-09-29T06:04:46.590314+00:00,2026-09-29T06:04:46.590314+00:00,1,0.0,2026-09-29T06:03:46.302957+00:00,2026-09-29T06:05:46.484978+00:00,120.18202185630798,False,False,observed_nonpositive,0.6912057600000125,0.10124352000001252,0.10124352000001252
INTC,INTC|hyperliquid:xyz:INTC|rh_lighter:30,standard,4.5,2026-09-29T06:06:46.519052+00:00,2026-09-29T06:07:46.513510+00:00,2,59.994457960128784,2026-09-29T06:05:46.484978+00:00,2026-09-29T06:08:46.542005+00:00,180.05702662467957,False,False,observed_nonpositive,0.6912135720000125,0.10130254400001254,0.10130254400001254
INTC,INTC|hyperliquid:xyz:INTC|rh_lighter:30,standard,4.5,2026-09-29T06:09:46.186587+00:00,2026-09-29T06:12:46.199545+00:00,4,180.012957572937,2026-09-29T06:08:46.542005+00:00,2026-09-29T06:13:47.548026+00:00,301.00602078437805,False,False,observed_nonpositive,0.6086421739999421,0.018918647999942084,0.09865844000000829
INTC,INTC|hyperliquid:xyz:INTC|rh_lighter:30,standard,4.5,2026-09-29T06:18:46.498848+00:00,2026-09-29T06:20:46.516434+00:00,3,120.01758623123169,2026-09-29T06:17:46.379519+00:00,2026-09-29T06:21:46.556815+00:00,240.1772961616516,False,False,observed_nonpositive,0.6028494459999202,0.013173591999920242,0.013173591999920242
INTC,INTC|hyperliquid:xyz:INTC|rh_lighter:30,standard,4.5,2026-09-29T07:42:46.728062+00:00,2026-09-29T07:43:46.583780+00:00,2,59.85571765899658,2026-09-29T07:41:46.485756+00:00,2026-09-29T07:44:46.627431+00:00,180.1416745185852,False,False,observed_nonpositive,0.5980302399999882,0.008228479999988159,0.008228479999988159
INTC,INTC|hyperliquid:xyz:INTC|rh_lighter:30,standard,4.5,2026-09-29T08:11:46.607676+00:00,2026-09-29T08:11:46.607676+00:00,1,0.0,2026-09-29T08:10:46.563082+00:00,2026-09-29T08:12:46.611065+00:00,120.0479826927185,False,False,observed_nonpositive,0.6849108630000024,0.09498207600000241,0.09498207600000241
INTC,INTC|hyperliquid:xyz:INTC|rh_lighter:30,standard,4.5,2026-09-29T08:13:46.678032+00:00,2026-09-29T08:14:46.595348+00:00,2,59.91731643676758,2026-09-29T08:12:46.611065+00:00,2026-09-29T08:15:46.667070+00:00,180.05600476264954,False,False,observed_nonpositive,0.6840998999998873,0.0947547999998874,0.0947547999998874
INTC,INTC|hyperliquid:xyz:INTC|rh_lighter:30,standard,4.5,2026-09-29T08:28:46.350211+00:00,2026-09-29T08:28:46.350211+00:00,1,0.0,2026-09-29T08:27:46.354015+00:00,2026-09-29T08:29:46.408242+00:00,120.05422759056091,False,False,observed_nonpositive,0.5948712079999956,0.005338015999995505,0.005338015999995505
INTC,INTC|hyperliquid:xyz:INTC|rh_lighter:30,standard,4.5,2026-09-29T08:33:46.467049+00:00,2026-09-29T08:34:46.575502+00:00,2,60.108452558517456,2026-09-29T08:32:46.343242+00:00,2026-09-29T08:35:46.646663+00:00,180.30342173576355,False,False,observed_nonpositive,0.6813895589999965,0.09197666799999649,0.09197666799999649
INTC,INTC|hyperliquid:xyz:INTC|rh_lighter:30,standard,4.5,2026-09-29T08:39:46.698553+00:00,2026-09-29T08:39:46.698553+00:00,1,0.0,2026-09-29T08:38:46.627552+00:00,2026-09-29T08:40:46.680925+00:00,120.05337309837341,False,False,observed_nonpositive,0.5956509939999085,0.005985287999908495,0.005985287999908495
INTC,INTC|hyperliquid:xyz:INTC|rh_lighter:30,standard,4.5,2026-09-29T08:41:46.691756+00:00,2026-09-29T08:41:46.691756+00:00,1,0.0,2026-09-29T08:40:46.680925+00:00,2026-09-29T08:42:46.685303+00:00,120.0043785572052,False,False,observed_nonpositive,0.682246421999998,0.09255074399999791,0.09255074399999791
INTC,INTC|hyperliquid:xyz:INTC|rh_lighter:30,standard,4.5,2026-09-29T08:54:46.549027+00:00,2026-09-29T08:55:46.378213+00:00,2,59.829185962677,2026-09-29T08:53:46.657532+00:00,2026-09-29T08:56:46.364672+00:00,179.70713996887207,False,False,observed_nonpositive,0.5980379799999882,0.008286959999988297,0.35463024800011894
INTC,INTC|hyperliquid:xyz:INTC|rh_lighter:30,standard,4.5,2026-09-29T09:10:46.664413+00:00,2026-09-29T09:10:46.664413+00:00,1,0.0,2026-09-29T09:09:46.618850+00:00,2026-09-29T09:11:46.703844+00:00,120.08499360084534,False,False,observed_nonpositive,0.6004115379999542,0.010487175999954135,0.010487175999954135
INTC,INTC|hyperliquid:xyz:INTC|rh_lighter:30,standard,4.5,2026-09-29T09:17:46.400199+00:00,2026-09-29T09:17:46.400199+00:00,1,0.0,2026-09-29T09:16:46.550789+00:00,2026-09-29T09:18:46.401858+00:00,119.85106897354126,False,False,observed_nonpositive,0.6012161279999807,0.011321855999980646,0.011321855999980646
INTC,INTC|hyperliquid:xyz:INTC|rh_lighter:30,standard,4.5,2026-09-29T09:19:46.467203+00:00,2026-09-29T09:19:46.467203+00:00,1,0.0,2026-09-29T09:18:46.401858+00:00,2026-09-29T09:20:46.484645+00:00,120.08278775215149,False,False,observed_nonpositive,0.6004814410000678,0.011015332000067768,0.011015332000067768
INTC,INTC|hyperliquid:xyz:INTC|rh_lighter:30,standard,4.5,2026-09-29T09:24:46.495335+00:00,2026-09-29T09:24:46.495335+00:00,1,0.0,2026-09-29T09:23:46.610539+00:00,2026-09-29T09:25:46.554062+00:00,119.94352269172668,False,False,observed_nonpositive,0.6012783359999807,0.011791871999980663,0.011791871999980663
INTC,INTC|hyperliquid:xyz:INTC|rh_lighter:30,standard,4.5,2026-09-29T09:26:46.620648+00:00,2026-09-29T09:30:46.726129+00:00,5,240.1054813861847,2026-09-29T09:25:46.554062+00:00,2026-09-29T09:31:46.409621+00:00,359.8555586338043,False,False,observed_nonpositive,0.6020676799998936,0.012511359999893723,0.18533490000000902
INTC,INTC|hyperliquid:xyz:INTC|rh_lighter:30,standard,4.5,2026-09-29T09:50:46.540340+00:00,2026-09-29T09:53:46.430329+00:00,4,179.88998866081238,2026-09-29T09:49:46.567195+00:00,2026-09-29T09:54:46.475510+00:00,299.9083151817322,False,False,observed_nonpositive,0.6849806040000024,0.0955090080000024,0.18314586000005645
INTC,INTC|hyperliquid:xyz:INTC|rh_lighter:30,standard,4.5,2026-09-29T09:58:46.834802+00:00,2026-09-29T09:59:46.435848+00:00,2,59.601046562194824,2026-09-29T09:57:46.713362+00:00,2026-09-29T10:00:46.428986+00:00,179.7156240940094,False,False,observed_nonpositive,0.5996149579999276,0.009713015999927577,0.009713015999927577
INTC,INTC|hyperliquid:xyz:INTC|rh_lighter:30,standard,4.5,2026-09-29T10:15:46.767880+00:00,2026-09-29T10:16:46.766497+00:00,2,59.99861693382263,2026-09-29T10:14:46.771416+00:00,2026-09-29T10:17:47.076772+00:00,180.30535578727722,False,False,observed_nonpositive,0.6831884699999995,0.09376843999999951,0.09411151999988726
INTC,INTC|hyperliquid:xyz:INTC|rh_lighter:30,standard,4.5,2026-09-29T10:18:46.470191+00:00,2026-09-29T10:24:46.441724+00:00,7,359.9715328216553,2026-09-29T10:17:47.076772+00:00,2026-09-29T10:25:46.455518+00:00,479.3787462711334,False,False,observed_nonpositive,0.6840921600001146,0.09469632000011474,0.18069632000012747
INTC,INTC|hyperliquid:xyz:INTC|rh_lighter:30,standard,4.5,2026-09-29T10:26:46.595835+00:00,2026-09-29T10:28:46.689476+00:00,3,120.09364151954651,2026-09-29T10:25:46.455518+00:00,2026-09-29T10:29:46.583022+00:00,240.12750387191772,False,False,observed_nonpositive,0.6831575460001131,0.09353479200011316,0.09353479200011316
INTC,INTC|hyperliquid:xyz:INTC|rh_lighter:30,standard,4.5,2026-09-29T10:30:46.783447+00:00,2026-09-29T10:30:46.783447+00:00,1,0.0,2026-09-29T10:29:46.583022+00:00,2026-09-29T10:31:46.793714+00:00,120.21069192886353,False,False,observed_nonpositive,0.5964927539999351,0.0071008079999350104,0.0071008079999350104
INTC,INTC|hyperliquid:xyz:INTC|rh_lighter:30,standard,4.5,2026-09-29T10:34:46.475048+00:00,2026-09-29T10:37:46.473987+00:00,4,179.99893951416016,2026-09-29T10:33:46.467051+00:00,2026-09-29T10:38:46.636141+00:00,300.16908979415894,False,False,observed_nonpositive,0.5972884699999617,0.007868439999961674,0.17925955600003735
INTC,INTC|hyperliquid:xyz:INTC|rh_lighter:30,standard,4.5,2026-09-29T11:08:46.508545+00:00,2026-09-29T11:14:47.834667+00:00,7,361.32612204551697,2026-09-29T11:07:46.590035+00:00,2026-09-29T11:15:46.829727+00:00,480.2396924495697,False,False,observed_nonpositive,0.5940377549999691,0.004285259999969204,0.261963391999994
INTC,INTC|hyperliquid:xyz:INTC|rh_lighter:30,standard,4.5,2026-09-29T11:16:46.842254+00:00,2026-09-29T11:16:46.842254+00:00,1,0.0,2026-09-29T11:15:46.829727+00:00,2026-09-29T11:17:46.523604+00:00,119.69387698173523,False,False,observed_nonpositive,0.5948018720001094,0.004814144000109433,0.004814144000109433
INTC,INTC|hyperliquid:xyz:INTC|rh_lighter:30,standard,4.5,2026-09-29T11:18:46.582173+00:00,2026-09-29T11:18:46.582173+00:00,1,0.0,2026-09-29T11:17:46.523604+00:00,2026-09-29T11:19:46.513724+00:00,119.99011969566345,False,False,observed_nonpositive,0.615647394000004,0.025958088000003987,0.025958088000003987
INTC,INTC|hyperliquid:xyz:INTC|rh_lighter:30,standard,4.5,2026-09-29T11:20:46.516962+00:00,2026-09-29T11:20:46.516962+00:00,1,0.0,2026-09-29T11:19:46.513724+00:00,2026-09-29T11:21:46.542434+00:00,120.02871060371399,False,False,observed_nonpositive,0.7650839250001319,0.17563410000013197,0.17563410000013197
INTC,INTC|hyperliquid:xyz:INTC|rh_lighter:30,standard,4.5,2026-09-29T11:23:46.624232+00:00,2026-09-29T11:23:46.624232+00:00,1,0.0,2026-09-29T11:22:46.567210+00:00,2026-09-29T11:24:46.686670+00:00,120.119460105896,False,False,observed_nonpositive,0.7650762299999045,0.17557595999990455,0.17557595999990455
INTC,INTC|hyperliquid:xyz:INTC|rh_lighter:30,standard,4.5,2026-09-29T11:25:46.596217+00:00,2026-09-29T11:36:46.580485+00:00,12,659.9842681884766,2026-09-29T11:24:46.686670+00:00,2026-09-29T11:37:46.750814+00:00,780.0641438961029,False,False,observed_nonpositive,0.594068534999969,0.004517819999968864,0.2623708479999939
INTC,INTC|hyperliquid:xyz:INTC|rh_lighter:30,standard,4.5,2026-09-29T11:38:46.730314+00:00,2026-09-29T11:49:46.646568+00:00,12,659.9162547588348,2026-09-29T11:37:46.750814+00:00,2026-09-29T11:50:46.641627+00:00,779.8908126354218,False,False,observed_nonpositive,0.7650531449999045,0.1754015399999045,0.6031341000001409
INTC,INTC|hyperliquid:xyz:INTC|rh_lighter:30,standard,4.5,2026-09-29T11:52:46.798263+00:00,2026-09-29T11:53:46.964207+00:00,2,60.16594362258911,2026-09-29T11:51:46.756197+00:00,2026-09-29T11:54:47.064647+00:00,180.30844926834106,False,False,observed_nonpositive,1.020304544000077,0.43098988800007715,0.43098988800007715
INTC,INTC|hyperliquid:xyz:INTC|rh_lighter:30,standard,4.5,2026-09-29T11:55:46.981758+00:00,2026-09-29T11:55:46.981758+00:00,1,0.0,2026-09-29T11:54:47.064647+00:00,2026-09-29T11:56:46.766906+00:00,119.7022590637207,False,False,observed_nonpositive,0.5932353700000562,0.0034672400000563264,0.0034672400000563264
HOOD,HOOD|lighter:108|hyperliquid:xyz:HOOD,standard,4.5,2026-09-29T05:30:13.176119+00:00,2026-09-29T05:30:13.176119+00:00,1,0.0,2026-09-29T05:28:52.802148+00:00,2026-09-29T05:31:33.471118+00:00,160.6689703464508,False,False,observed_nonpositive,0.6013719629999583,0.011310992999958358,0.011310992999958358
SKHYNIXUSD,SKHYNIXUSD|hyperliquid:xyz:SKHX|lighter:161,standard,4.5,2026-09-29T05:36:59.039212+00:00,2026-09-29T05:36:59.039212+00:00,1,0.0,2026-09-29T05:35:39.355946+00:00,2026-09-29T05:38:19.150659+00:00,159.79471349716187,False,False,observed_nonpositive,0.6861527400001559,0.09649848000015598,0.09649848000015598
META,META|hyperliquid:xyz:META|lighter:117,standard,4.5,2026-09-29T05:13:55.739638+00:00,2026-09-29T05:13:55.739638+00:00,1,0.0,,2026-09-29T05:15:18.630535+00:00,,False,True,observed_nonpositive,0.6110462780000219,0.02134965600002192,0.02134965600002192
META,META|hyperliquid:xyz:META|lighter:117,standard,4.5,2026-09-29T05:19:22.608599+00:00,2026-09-29T05:20:42.743454+00:00,2,80.13485431671143,2026-09-29T05:18:02.146545+00:00,2026-09-29T05:22:19.113349+00:00,256.96680450439453,False,False,observed_nonpositive,0.6390938488000546,0.04944685760005468,0.0637506364000402
META,META|hyperliquid:xyz:META|lighter:117,standard,4.5,2026-09-29T05:23:39.051414+00:00,2026-09-29T05:24:59.110016+00:00,2,80.05860257148743,2026-09-29T05:22:19.113349+00:00,2026-09-29T05:26:19.328113+00:00,240.21476340293884,False,False,observed_nonpositive,0.6536226249999265,0.06383649999992658,0.06383649999992658
META,META|hyperliquid:xyz:META|lighter:117,standard,4.5,2026-09-29T05:42:20.564002+00:00,2026-09-29T05:42:20.564002+00:00,1,0.0,2026-09-29T05:41:00.501903+00:00,2026-09-29T05:43:40.628392+00:00,160.12648844718933,False,False,observed_nonpositive,0.6125599084999863,0.022952641999986312,0.022952641999986312
META,META|hyperliquid:xyz:META|lighter:117,standard,4.5,2026-09-29T05:45:01.392316+00:00,2026-09-29T05:45:01.392316+00:00,1,0.0,2026-09-29T05:43:40.628392+00:00,2026-09-29T05:46:21.628656+00:00,161.00026392936707,False,False,observed_nonpositive,0.6551860174000048,0.06522546480000485,0.06522546480000485
META,META|hyperliquid:xyz:META|lighter:117,standard,4.5,2026-09-29T05:53:02.016897+00:00,2026-09-29T05:53:02.016897+00:00,1,0.0,2026-09-29T05:51:42.157095+00:00,2026-09-29T05:54:22.192482+00:00,160.03538703918457,False,False,observed_nonpositive,0.6125409409999863,0.02280933199998636,0.02280933199998636
META,META|hyperliquid:xyz:META|lighter:117,standard,4.5,2026-09-29T06:10:24.184721+00:00,2026-09-29T06:11:43.877383+00:00,2,79.69266176223755,2026-09-29T06:09:03.529381+00:00,2026-09-29T06:13:03.996479+00:00,240.46709752082825,False,False,observed_nonpositive,0.5970226600000169,0.007184320000016953,0.0919325843999741
META,META|hyperliquid:xyz:META|lighter:117,standard,4.5,2026-09-29T06:21:04.525168+00:00,2026-09-29T06:22:24.598985+00:00,2,80.07381653785706,2026-09-29T06:19:44.459025+00:00,2026-09-29T06:23:44.494569+00:00,240.03554391860962,False,False,observed_nonpositive,0.6235021229999789,0.03358159599997884,0.03358159599997884
META,META|hyperliquid:xyz:META|lighter:117,standard,4.5,2026-09-29T06:26:25.561846+00:00,2026-09-29T06:29:05.437970+00:00,3,159.87612390518188,2026-09-29T06:25:04.725182+00:00,2026-09-29T06:30:25.542158+00:00,320.81697607040405,False,False,observed_nonpositive,0.6090273761999554,0.019206842399955293,0.019206842399955293
META,META|hyperliquid:xyz:META|lighter:117,standard,4.5,2026-09-29T06:53:07.478652+00:00,2026-09-29T06:53:07.478652+00:00,1,0.0,2026-09-29T06:51:47.347404+00:00,2026-09-29T06:54:27.586382+00:00,160.23897767066956,False,False,observed_nonpositive,0.6504288109001108,0.06055212680011096,0.06055212680011096
META,META|hyperliquid:xyz:META|lighter:117,standard,4.5,2026-09-29T07:18:41.592467+00:00,2026-09-29T07:18:41.592467+00:00,1,0.0,2026-09-29T07:17:17.625616+00:00,2026-09-29T07:20:05.630816+00:00,168.00520014762878,False,False,observed_nonpositive,0.6080002987999791,0.018002257599979088,0.018002257599979088
META,META|hyperliquid:xyz:META|lighter:117,standard,4.5,2026-09-29T07:24:17.745780+00:00,2026-09-29T07:25:41.813010+00:00,2,84.0672299861908,2026-09-29T07:22:53.793423+00:00,2026-09-29T07:27:05.876661+00:00,252.08323764801025,False,False,observed_nonpositive,0.593568315000082,0.003688380000081981,0.05598603880000208
META,META|hyperliquid:xyz:META|lighter:117,standard,4.5,2026-09-29T07:29:54.013709+00:00,2026-09-29T07:31:18.264537+00:00,2,84.25082755088806,2026-09-29T07:28:30.420326+00:00,2026-09-29T07:32:42.731395+00:00,252.3110692501068,False,False,observed_nonpositive,0.6850615701999015,0.09526853039990157,0.09526853039990157
META,META|hyperliquid:xyz:META|lighter:117,standard,4.5,2026-09-29T08:03:33.300542+00:00,2026-09-29T08:03:33.300542+00:00,1,0.0,2026-09-29T08:02:09.065301+00:00,2026-09-29T08:04:57.335456+00:00,168.27015471458435,False,False,observed_nonpositive,0.6214771035000135,0.03165478200001359,0.03165478200001359
META,META|hyperliquid:xyz:META|lighter:117,standard,4.5,2026-09-29T08:21:49.700665+00:00,2026-09-29T08:21:49.700665+00:00,1,0.0,2026-09-29T08:20:25.645569+00:00,2026-09-29T08:23:13.664230+00:00,168.01866102218628,False,False,observed_nonpositive,0.6070389070000027,0.017293964000002826,0.017293964000002826
META,META|hyperliquid:xyz:META|lighter:117,standard,4.5,2026-09-29T08:24:37.655104+00:00,2026-09-29T08:24:37.655104+00:00,1,0.0,2026-09-29T08:23:13.664230+00:00,2026-09-29T08:26:01.664196+00:00,167.9999659061432,False,False,observed_nonpositive,0.6431743977999399,0.053413005599939944,0.053413005599939944
META,META|hyperliquid:xyz:META|lighter:117,standard,4.5,2026-09-29T10:19:59.721832+00:00,2026-09-29T10:21:22.766225+00:00,2,83.04439282417297,2026-09-29T10:18:36.992790+00:00,2026-09-29T10:22:45.779118+00:00,248.7863278388977,False,False,observed_nonpositive,0.6188853017999335,0.028985613599933457,0.028985613599933457
META,META|hyperliquid:xyz:META|lighter:117,standard,4.5,2026-09-29T10:26:53.936040+00:00,2026-09-29T10:26:53.936040+00:00,1,0.0,2026-09-29T10:25:31.047252+00:00,2026-09-29T10:28:16.507554+00:00,165.46030139923096,False,False,observed_nonpositive,0.6045315530999482,0.014738401199948181,0.014738401199948181
INTC,INTC|hyperliquid:xyz:INTC|lighter:137,standard,4.5,2026-09-29T05:30:29.459597+00:00,2026-09-29T05:30:29.459597+00:00,1,0.0,2026-09-29T05:29:08.677719+00:00,2026-09-29T05:31:49.540236+00:00,160.86251664161682,False,False,observed_nonpositive,0.5981139579999883,0.008271015999988307,0.008271015999988307
INTC,INTC|hyperliquid:xyz:INTC|lighter:137,standard,4.5,2026-09-29T05:57:11.745994+00:00,2026-09-29T05:57:11.745994+00:00,1,0.0,2026-09-29T05:55:51.855802+00:00,2026-09-29T05:58:31.862401+00:00,160.00659894943237,False,False,observed_nonpositive,0.606855314000053,0.017217928000053062,0.017217928000053062
INTC,INTC|hyperliquid:xyz:INTC|lighter:137,standard,4.5,2026-09-29T08:12:09.952729+00:00,2026-09-29T08:13:34.316622+00:00,2,84.36389327049255,2026-09-29T08:10:45.900488+00:00,2026-09-29T08:14:55.261048+00:00,249.36055994033813,False,False,observed_nonpositive,0.8054431140000078,0.21546352800000784,0.21546352800000784
INTC,INTC|hyperliquid:xyz:INTC|lighter:137,standard,4.5,2026-09-29T08:55:36.051270+00:00,2026-09-29T08:55:36.051270+00:00,1,0.0,2026-09-29T08:54:11.399284+00:00,2026-09-29T08:56:59.704594+00:00,168.3053092956543,False,False,observed_nonpositive,0.6513271999999733,0.061374399999973406,0.061374399999973406
INTC,INTC|hyperliquid:xyz:INTC|lighter:137,standard,4.5,2026-09-29T11:50:33.956852+00:00,2026-09-29T11:50:33.956852+00:00,1,0.0,2026-09-29T11:49:12.591712+00:00,2026-09-29T11:51:55.375302+00:00,162.7835898399353,False,False,observed_nonpositive,0.6359584280001379,0.04634145600013806,0.04634145600013806
CASHCAT,CASHCAT|lighter:221|hyperliquid:CASHCAT,standard,4.5,2026-09-29T06:50:43.239563+00:00,2026-09-29T06:50:43.239563+00:00,1,0.0,2026-09-29T06:49:23.246238+00:00,2026-09-29T06:52:03.415460+00:00,160.16922235488892,False,False,observed_nonpositive,1.0702030854996978,0.1196336824996978,0.1196336824996978
CASHCAT,CASHCAT|lighter:221|hyperliquid:CASHCAT,standard,4.5,2026-09-29T08:17:59.779949+00:00,2026-09-29T08:17:59.779949+00:00,1,0.0,2026-09-29T08:16:35.548884+00:00,2026-09-29T08:19:24.330629+00:00,168.78174495697021,False,False,observed_nonpositive,1.275448412499931,0.32480503099993097,0.32480503099993097
CRCL,CRCL|hyperliquid:xyz:CRCL|lighter:121,standard,4.5,2026-09-29T05:15:36.680680+00:00,2026-09-29T05:16:56.488672+00:00,2,79.8079924583435,2026-09-29T05:14:10.361274+00:00,2026-09-29T05:18:16.863722+00:00,246.50244760513306,False,False,observed_nonpositive,0.5903457978001148,0.000383805600114806,0.033762761599989366
CRCL,CRCL|hyperliquid:xyz:CRCL|lighter:121,standard,4.5,2026-09-29T05:46:36.305797+00:00,2026-09-29T05:46:36.305797+00:00,1,0.0,2026-09-29T05:45:16.226967+00:00,2026-09-29T05:47:56.568470+00:00,160.34150290489197,False,False,observed_nonpositive,0.5968466839998322,0.006851167999832153,0.006851167999832153
CRCL,CRCL|hyperliquid:xyz:CRCL|lighter:121,standard,4.5,2026-09-29T06:05:17.796581+00:00,2026-09-29T06:05:17.796581+00:00,1,0.0,2026-09-29T06:03:57.619725+00:00,2026-09-29T06:06:38.168813+00:00,160.5490882396698,False,False,observed_nonpositive,0.6208338512199796,0.03083943143997958,0.03083943143997958
ARB,ARB|lighter:50|hyperliquid:ARB,standard,4.5,2026-09-29T10:34:07.929993+00:00,2026-09-29T10:34:07.929993+00:00,1,0.0,2026-09-29T10:32:45.012353+00:00,2026-09-29T10:35:30.825281+00:00,165.8129277229309,False,False,observed_nonpositive,1.0822196919497982,0.1315372723997983,0.1315372723997983
ARB,ARB|lighter:50|hyperliquid:ARB,standard,4.5,2026-09-29T11:48:00.525692+00:00,2026-09-29T11:48:00.525692+00:00,1,0.0,2026-09-29T11:46:38.992132+00:00,2026-09-29T11:49:21.939580+00:00,162.94744753837585,False,False,observed_nonpositive,1.143754040399789,0.1930524687997891,0.1930524687997891
ARB,ARB|lighter:50|hyperliquid:ARB,standard,4.5,2026-09-29T11:53:26.613511+00:00,2026-09-29T11:56:09.146590+00:00,3,162.5330786705017,2026-09-29T11:52:04.536639+00:00,2026-09-29T11:57:30.972833+00:00,326.4361939430237,False,False,observed_nonpositive,1.0506995336501816,0.1000369003001817,0.21790235620006415
ARB,ARB|lighter:50|hyperliquid:ARB,standard,4.5,2026-09-29T11:58:51.931714+00:00,2026-09-29T11:58:51.931714+00:00,1,0.0,2026-09-29T11:57:30.972833+00:00,,,True,False,window_end,1.004580955000145,0.05394047450014505,0.05394047450014505
NBIS,NBIS|hyperliquid:xyz:NBIS|lighter:189,standard,4.5,2026-09-29T05:15:41.702611+00:00,2026-09-29T05:15:41.702611+00:00,1,0.0,2026-09-29T05:14:15.546280+00:00,2026-09-29T05:17:01.805280+00:00,166.2590000629425,False,False,observed_nonpositive,0.5999576799998774,0.010991359999877381,0.010991359999877381
NBIS,NBIS|hyperliquid:xyz:NBIS|lighter:189,standard,4.5,2026-09-29T05:18:22.179038+00:00,2026-09-29T05:18:22.179038+00:00,1,0.0,2026-09-29T05:17:01.805280+00:00,2026-09-29T05:19:42.580167+00:00,160.77488660812378,False,False,observed_nonpositive,0.6912955980000126,0.10192229600001274,0.10192229600001274
NBIS,NBIS|hyperliquid:xyz:NBIS|lighter:189,standard,4.5,2026-09-29T05:22:39.130355+00:00,2026-09-29T05:23:59.063079+00:00,2,79.93272352218628,2026-09-29T05:19:42.580167+00:00,2026-09-29T05:25:19.164303+00:00,336.5841362476349,False,False,observed_nonpositive,0.6479073160001066,0.05861083200010675,0.12508432000000452
NBIS,NBIS|hyperliquid:xyz:NBIS|lighter:189,standard,4.5,2026-09-29T05:26:39.345541+00:00,2026-09-29T05:27:59.411659+00:00,2,80.06611847877502,2026-09-29T05:25:19.164303+00:00,2026-09-29T05:29:19.799447+00:00,240.6351432800293,False,False,observed_nonpositive,0.6495176399999072,0.059633279999907196,0.19028118000011834
NBIS,NBIS|hyperliquid:xyz:NBIS|lighter:189,standard,4.5,2026-09-29T05:34:40.154625+00:00,2026-09-29T05:34:40.154625+00:00,1,0.0,2026-09-29T05:33:20.128249+00:00,2026-09-29T05:36:00.350278+00:00,160.22202825546265,False,False,observed_nonpositive,0.6529444239999633,0.0632356479999634,0.0632356479999634
NBIS,NBIS|hyperliquid:xyz:NBIS|lighter:189,standard,4.5,2026-09-29T05:38:40.572241+00:00,2026-09-29T05:42:40.799999+00:00,4,240.22775793075562,2026-09-29T05:37:20.397373+00:00,2026-09-29T05:44:00.641757+00:00,400.2443835735321,False,False,observed_nonpositive,0.688847654999933,0.09916005999993299,0.10605413999998015
NBIS,NBIS|hyperliquid:xyz:NBIS|lighter:189,standard,4.5,2026-09-29T05:45:21.584547+00:00,2026-09-29T05:45:21.584547+00:00,1,0.0,2026-09-29T05:44:00.641757+00:00,2026-09-29T05:46:41.649253+00:00,161.00749611854553,False,False,observed_nonpositive,0.649682070000021,0.0608756400000211,0.0608756400000211
NBIS,NBIS|hyperliquid:xyz:NBIS|lighter:189,standard,4.5,2026-09-29T05:52:01.984070+00:00,2026-09-29T06:16:05.642359+00:00,19,1443.6582896709442,2026-09-29T05:50:42.158423+00:00,2026-09-29T06:17:25.535736+00:00,1603.3773128986359,False,False,observed_nonpositive,0.7327916830000544,0.14339271600005443,0.3960119279999334
NBIS,NBIS|hyperliquid:xyz:NBIS|lighter:189,standard,4.5,2026-09-29T08:16:34.712689+00:00,2026-09-29T08:16:34.712689+00:00,1,0.0,2026-09-29T08:15:09.936685+00:00,2026-09-29T08:17:58.455904+00:00,168.5192186832428,False,False,observed_nonpositive,0.7438891530000217,0.1551291560000217,0.1551291560000217
NBIS,NBIS|hyperliquid:xyz:NBIS|lighter:189,standard,4.5,2026-09-29T08:23:34.984708+00:00,2026-09-29T08:29:11.988791+00:00,5,337.0040833950043,2026-09-29T08:22:10.944319+00:00,2026-09-29T08:30:36.407399+00:00,505.46308040618896,False,False,observed_nonpositive,0.6624070180000162,0.0737641360000163,0.2515107240000268
NBIS,NBIS|hyperliquid:xyz:NBIS|lighter:189,standard,4.5,2026-09-29T08:37:36.737331+00:00,2026-09-29T08:37:36.737331+00:00,1,0.0,2026-09-29T08:36:12.711525+00:00,2026-09-29T08:39:00.870022+00:00,168.15849709510803,False,False,observed_nonpositive,0.6336518800000457,0.044024760000045626,0.044024760000045626
NBIS,NBIS|hyperliquid:xyz:NBIS|lighter:189,standard,4.5,2026-09-29T08:40:24.890134+00:00,2026-09-29T08:51:37.736410+00:00,9,672.8462765216827,2026-09-29T08:39:00.870022+00:00,2026-09-29T08:53:01.991443+00:00,841.1214208602905,False,False,observed_nonpositive,0.6592498859999986,0.07023247199999849,0.39972763199998784
NBIS,NBIS|hyperliquid:xyz:NBIS|lighter:189,standard,4.5,2026-09-29T09:01:26.723350+00:00,2026-09-29T09:02:50.802642+00:00,2,84.07929134368896,2026-09-29T09:00:02.662292+00:00,2026-09-29T09:04:14.814292+00:00,252.15199995040894,False,False,observed_nonpositive,0.5900474750000637,0.0003587000000637719,0.04474937999991324
NBIS,NBIS|hyperliquid:xyz:NBIS|lighter:189,standard,4.5,2026-09-29T09:11:15.524960+00:00,2026-09-29T09:11:15.524960+00:00,1,0.0,2026-09-29T09:09:51.441231+00:00,2026-09-29T09:12:39.904665+00:00,168.4634337425232,False,False,observed_nonpositive,0.7620160200000892,0.1721210400000892,0.1721210400000892
NBIS,NBIS|hyperliquid:xyz:NBIS|lighter:189,standard,4.5,2026-09-29T09:14:05.048165+00:00,2026-09-29T09:14:05.048165+00:00,1,0.0,2026-09-29T09:12:39.904665+00:00,2026-09-29T09:15:30.721472+00:00,170.81680750846863,False,False,observed_nonpositive,0.6196453780000231,0.02994285600002311,0.02994285600002311
NBIS,NBIS|hyperliquid:xyz:NBIS|lighter:189,standard,4.5,2026-09-29T09:29:18.368114+00:00,2026-09-29T09:29:18.368114+00:00,1,0.0,2026-09-29T09:27:55.474813+00:00,2026-09-29T09:30:40.873711+00:00,165.3988983631134,False,False,observed_nonpositive,0.7640007829999281,0.17400591599992815,0.17400591599992815
NBIS,NBIS|hyperliquid:xyz:NBIS|lighter:189,standard,4.5,2026-09-29T09:54:08.616481+00:00,2026-09-29T10:02:25.733422+00:00,7,497.11694073677063,2026-09-29T09:52:45.735238+00:00,2026-09-29T10:03:48.447079+00:00,662.7118413448334,False,False,observed_nonpositive,0.753615739999949,0.16437447999994892,0.16437447999994892
NBIS,NBIS|hyperliquid:xyz:NBIS|lighter:189,standard,4.5,2026-09-29T10:06:33.735842+00:00,2026-09-29T10:07:56.659307+00:00,2,82.92346549034119,2026-09-29T10:05:11.051061+00:00,2026-09-29T10:09:19.395380+00:00,248.34431886672974,False,False,observed_nonpositive,0.6326010249998545,0.0432632999998544,0.12474538800006235
NBIS,NBIS|hyperliquid:xyz:NBIS|lighter:189,standard,4.5,2026-09-29T10:25:49.869806+00:00,2026-09-29T10:36:52.068233+00:00,9,662.1984267234802,2026-09-29T10:24:27.427728+00:00,2026-09-29T10:38:15.004786+00:00,827.5770578384399,False,False,observed_nonpositive,0.6340478759999653,0.0453319519999652,0.24382766399996508
NBIS,NBIS|hyperliquid:xyz:NBIS|lighter:189,standard,4.5,2026-09-29T10:39:37.960130+00:00,2026-09-29T10:39:37.960130+00:00,1,0.0,2026-09-29T10:38:15.004786+00:00,2026-09-29T10:41:01.152947+00:00,166.14816093444824,False,False,observed_nonpositive,0.6048852009998777,0.016046851999877765,0.016046851999877765
NBIS,NBIS|hyperliquid:xyz:NBIS|lighter:189,standard,4.5,2026-09-29T11:00:19.679227+00:00,2026-09-29T11:03:05.407912+00:00,3,165.7286856174469,2026-09-29T10:58:56.958394+00:00,2026-09-29T11:04:28.503601+00:00,331.5452072620392,False,False,observed_nonpositive,0.83669804,0.24732107999999997,0.28470877600011885
NBIS,NBIS|hyperliquid:xyz:NBIS|lighter:189,standard,4.5,2026-09-29T11:33:14.697721+00:00,2026-09-29T11:37:19.521072+00:00,4,244.82335090637207,2026-09-29T11:31:53.141064+00:00,2026-09-29T11:38:40.748312+00:00,407.6072475910187,False,False,observed_nonpositive,0.6656001700000973,0.07625684000009736,0.15998485599989165
NBIS,NBIS|hyperliquid:xyz:NBIS|lighter:189,standard,4.5,2026-09-29T11:40:02.120387+00:00,2026-09-29T11:44:06.689047+00:00,4,244.56866025924683,2026-09-29T11:38:40.748312+00:00,2026-09-29T11:45:28.226588+00:00,407.47827649116516,False,False,observed_nonpositive,0.7137306440000968,0.1243510880000967,0.1827356840000285
NBIS,NBIS|hyperliquid:xyz:NBIS|lighter:189,standard,4.5,2026-09-29T11:46:49.867650+00:00,2026-09-29T11:54:58.400001+00:00,7,488.5323507785797,2026-09-29T11:45:28.226588+00:00,2026-09-29T11:56:19.825377+00:00,651.5987889766693,False,False,observed_nonpositive,0.6988796580000626,0.11005741600006258,0.2533709400000159
XPL,XPL|lighter:71|hyperliquid:XPL,standard,4.5,2026-09-29T05:15:47.049370+00:00,2026-09-29T05:15:47.049370+00:00,1,0.0,2026-09-29T05:14:21.457761+00:00,2026-09-29T05:17:07.152104+00:00,165.69434309005737,False,False,observed_nonpositive,1.2364684466000098,0.28571278020000984,0.28571278020000984
XPL,XPL|lighter:71|hyperliquid:XPL,standard,4.5,2026-09-29T05:19:48.196489+00:00,2026-09-29T05:19:48.196489+00:00,1,0.0,2026-09-29T05:18:27.847033+00:00,2026-09-29T05:22:44.530916+00:00,256.6838834285736,False,False,observed_nonpositive,1.0096595454999409,0.05902073999994084,0.05902073999994084
XPL,XPL|lighter:71|hyperliquid:XPL,standard,4.5,2026-09-29T05:29:24.654777+00:00,2026-09-29T05:29:24.654777+00:00,1,0.0,2026-09-29T05:28:04.597328+00:00,2026-09-29T05:30:45.549959+00:00,160.9526309967041,False,False,observed_nonpositive,1.1044708505500487,0.15383366110004865,0.15383366110004865
XPL,XPL|lighter:71|hyperliquid:XPL,standard,4.5,2026-09-29T05:33:25.528608+00:00,2026-09-29T05:37:26.056659+00:00,4,240.52805137634277,2026-09-29T05:32:05.274268+00:00,2026-09-29T05:38:46.157668+00:00,400.88340044021606,False,False,observed_nonpositive,1.2872484769999555,0.3365414814999555,0.3365414814999555
XPL,XPL|lighter:71|hyperliquid:XPL,standard,4.5,2026-09-29T05:42:46.150441+00:00,2026-09-29T05:42:46.150441+00:00,1,0.0,2026-09-29T05:41:26.136961+00:00,2026-09-29T05:44:05.981427+00:00,159.84446597099304,False,False,observed_nonpositive,1.0826144544001295,0.13199715980012955,0.13199715980012955
XPL,XPL|lighter:71|hyperliquid:XPL,standard,4.5,2026-09-29T05:46:47.151235+00:00,2026-09-29T05:53:27.361979+00:00,6,400.21074390411377,2026-09-29T05:45:26.745650+00:00,2026-09-29T05:54:47.854139+00:00,561.1084885597229,False,False,observed_nonpositive,1.0163574902999315,0.06578523559993155,0.2341433338997923
XPL,XPL|lighter:71|hyperliquid:XPL,standard,4.5,2026-09-29T05:57:28.168017+00:00,2026-09-29T06:00:07.923518+00:00,3,159.7555010318756,2026-09-29T05:56:07.654917+00:00,2026-09-29T06:01:28.247628+00:00,320.59271121025085,False,False,observed_nonpositive,1.0704929962998777,0.11983068309987782,0.3795212381999014
XPL,XPL|lighter:71|hyperliquid:XPL,standard,4.5,2026-09-29T06:02:48.193710+00:00,2026-09-29T06:02:48.193710+00:00,1,0.0,2026-09-29T06:01:28.247628+00:00,2026-09-29T06:04:08.132572+00:00,159.8849446773529,False,False,observed_nonpositive,0.9759502648000076,0.025386879100007642,0.025386879100007642
XPL,XPL|lighter:71|hyperliquid:XPL,standard,4.5,2026-09-29T06:05:28.471633+00:00,2026-09-29T06:20:08.494632+00:00,12,880.0229995250702,2026-09-29T06:04:08.132572+00:00,2026-09-29T06:21:28.544229+00:00,1040.4116563796997,False,False,observed_nonpositive,1.3151509489000106,0.3643765868000106,0.7941617912000494
XPL,XPL|lighter:71|hyperliquid:XPL,standard,4.5,2026-09-29T06:29:29.537067+00:00,2026-09-29T06:29:29.537067+00:00,1,0.0,2026-09-29T06:28:09.215842+00:00,2026-09-29T06:30:49.568702+00:00,160.3528597354889,False,False,observed_nonpositive,0.9903884152501017,0.03978191150010174,0.03978191150010174
XPL,XPL|lighter:71|hyperliquid:XPL,standard,4.5,2026-09-29T06:40:10.338536+00:00,2026-09-29T06:41:30.566870+00:00,2,80.22833371162415,2026-09-29T06:38:50.632356+00:00,2026-09-29T06:42:50.657260+00:00,240.0249035358429,False,False,observed_nonpositive,2.004618462199994,1.053575729399994,1.053575729399994
XPL,XPL|lighter:71|hyperliquid:XPL,standard,4.5,2026-09-29T06:44:10.595344+00:00,2026-09-29T06:44:10.595344+00:00,1,0.0,2026-09-29T06:42:50.657260+00:00,2026-09-29T06:45:30.778127+00:00,160.12086749076843,False,False,observed_nonpositive,1.227380485500053,0.2766731225000529,0.2766731225000529
XPL,XPL|lighter:71|hyperliquid:XPL,standard,4.5,2026-09-29T06:46:50.875783+00:00,2026-09-29T06:46:50.875783+00:00,1,0.0,2026-09-29T06:45:30.778127+00:00,2026-09-29T06:48:10.931530+00:00,160.15340304374695,False,False,observed_nonpositive,0.9717468329999502,0.02119520849995027,0.02119520849995027
XPL,XPL|lighter:71|hyperliquid:XPL,standard,4.5,2026-09-29T07:01:32.411708+00:00,2026-09-29T07:01:32.411708+00:00,1,0.0,2026-09-29T07:00:12.194367+00:00,2026-09-29T07:02:52.486420+00:00,160.2920527458191,False,False,observed_nonpositive,0.9660778640001557,0.01551502800015564,0.01551502800015564
XPL,XPL|lighter:71|hyperliquid:XPL,standard,4.5,2026-09-29T07:04:12.558466+00:00,2026-09-29T07:04:12.558466+00:00,1,0.0,2026-09-29T07:02:52.486420+00:00,2026-09-29T07:05:32.599551+00:00,160.11313128471375,False,False,observed_nonpositive,1.0048373434999154,0.054261129499915406,0.054261129499915406
XPL,XPL|lighter:71|hyperliquid:XPL,standard,4.5,2026-09-29T07:19:02.680175+00:00,2026-09-29T07:19:02.680175+00:00,1,0.0,2026-09-29T07:17:38.612843+00:00,2026-09-29T07:20:26.831851+00:00,168.21900820732117,False,False,observed_nonpositive,1.006133701000026,0.05553567300002582,0.05553567300002582
XPL,XPL|lighter:71|hyperliquid:XPL,standard,4.5,2026-09-29T07:24:39.266505+00:00,2026-09-29T07:27:27.389031+00:00,3,168.12252593040466,2026-09-29T07:23:14.984743+00:00,2026-09-29T07:28:51.448343+00:00,336.46360039711,False,False,observed_nonpositive,2.052624324999968,1.1014997749999682,1.1014997749999682
XPL,XPL|lighter:71|hyperliquid:XPL,standard,4.5,2026-09-29T07:49:53.637450+00:00,2026-09-29T07:49:53.637450+00:00,1,0.0,2026-09-29T07:48:29.738739+00:00,2026-09-29T07:51:17.727665+00:00,167.98892545700073,False,False,observed_nonpositive,1.51965130399996,0.56879842899996,0.56879842899996
XPL,XPL|lighter:71|hyperliquid:XPL,standard,4.5,2026-09-29T08:01:06.357485+00:00,2026-09-29T08:02:30.643157+00:00,2,84.28567218780518,2026-09-29T07:59:42.306957+00:00,2026-09-29T08:03:54.314782+00:00,252.00782585144043,False,False,observed_nonpositive,1.0239590170000623,0.07338745350006226,0.08616012400009332
XPL,XPL|lighter:71|hyperliquid:XPL,standard,4.5,2026-09-29T08:09:31.305055+00:00,2026-09-29T08:10:55.127914+00:00,2,83.82285928726196,2026-09-29T08:08:06.957587+00:00,2026-09-29T08:12:19.298189+00:00,252.3406023979187,False,False,observed_nonpositive,1.1478723605000405,0.1972368420000405,0.44621685300002156
XPL,XPL|lighter:71|hyperliquid:XPL,standard,4.5,2026-09-29T08:19:18.683552+00:00,2026-09-29T08:19:18.683552+00:00,1,0.0,2026-09-29T08:17:54.471970+00:00,2026-09-29T08:20:42.771143+00:00,168.29917335510254,False,False,observed_nonpositive,1.0578952834999633,0.10722516699996332,0.10722516699996332
XPL,XPL|lighter:71|hyperliquid:XPL,standard,4.5,2026-09-29T08:22:06.843156+00:00,2026-09-29T08:31:56.438160+00:00,8,589.5950038433075,2026-09-29T08:20:42.771143+00:00,2026-09-29T08:33:20.538989+00:00,757.7678451538086,False,False,observed_nonpositive,1.0067613110000853,0.056112119000085336,1.8272820524999802
XPL,XPL|lighter:71|hyperliquid:XPL,standard,4.5,2026-09-29T08:34:44.411370+00:00,2026-09-29T08:34:44.411370+00:00,1,0.0,2026-09-29T08:33:20.538989+00:00,2026-09-29T08:36:08.683627+00:00,168.14463829994202,False,False,observed_nonpositive,1.068448295999902,0.11776659749990198,0.11776659749990198
XPL,XPL|lighter:71|hyperliquid:XPL,standard,4.5,2026-09-29T08:37:32.735397+00:00,2026-09-29T09:30:36.881877+00:00,39,3184.1464805603027,2026-09-29T08:36:08.683627+00:00,2026-09-29T09:31:59.598179+00:00,3350.914551973343,False,False,observed_nonpositive,1.0779714740000792,0.12729913400007925,1.175305499999946
XPL,XPL|lighter:71|hyperliquid:XPL,standard,4.5,2026-09-29T09:33:23.372849+00:00,2026-09-29T09:37:31.417491+00:00,4,248.0446422100067,2026-09-29T09:31:59.598179+00:00,2026-09-29T09:38:54.131954+00:00,414.5337748527527,False,False,observed_nonpositive,1.6384245700000029,0.6875451080000028,0.7340599964998182
XPL,XPL|lighter:71|hyperliquid:XPL,standard,4.5,2026-09-29T09:44:25.724135+00:00,2026-09-29T09:44:25.724135+00:00,1,0.0,2026-09-29T09:43:02.371161+00:00,2026-09-29T09:45:48.442747+00:00,166.0715856552124,False,False,observed_nonpositive,1.0257259125001512,0.07506214500015113,0.07506214500015113
XPL,XPL|lighter:71|hyperliquid:XPL,standard,4.5,2026-09-29T09:51:19.393421+00:00,2026-09-29T10:18:53.010365+00:00,21,1653.6169447898865,2026-09-29T09:49:56.310770+00:00,2026-09-29T10:20:15.734425+00:00,1819.4236555099487,False,False,observed_nonpositive,1.1659395749999613,0.2152692199999613,1.0261252620001895
XPL,XPL|lighter:71|hyperliquid:XPL,standard,4.5,2026-09-29T10:24:24.442602+00:00,2026-09-29T10:34:03.899333+00:00,8,579.4567310810089,2026-09-29T10:23:01.201895+00:00,2026-09-29T10:35:26.856940+00:00,745.6550443172455,False,False,observed_nonpositive,1.1898633224500657,0.23913052490006564,0.6560054008000354
XPL,XPL|lighter:71|hyperliquid:XPL,standard,4.5,2026-09-29T10:36:49.824676+00:00,2026-09-29T10:42:20.962505+00:00,5,331.1378288269043,2026-09-29T10:35:26.856940+00:00,2026-09-29T10:43:43.701750+00:00,496.84481048583984,False,False,observed_nonpositive,1.482825920499986,0.5319939249999859,0.5427290762999482
XPL,XPL|lighter:71|hyperliquid:XPL,standard,4.5,2026-09-29T10:45:06.413651+00:00,2026-09-29T10:46:29.031680+00:00,2,82.61802887916565,2026-09-29T10:43:43.701750+00:00,2026-09-29T10:47:51.750465+00:00,248.04871439933777,False,False,observed_nonpositive,0.9992399474999493,0.04866009899994922,0.04866009899994922
XPL,XPL|lighter:71|hyperliquid:XPL,standard,4.5,2026-09-29T10:53:23.033881+00:00,2026-09-29T10:53:23.033881+00:00,1,0.0,2026-09-29T10:52:00.074273+00:00,2026-09-29T10:54:45.942805+00:00,165.86853122711182,False,False,observed_nonpositive,1.0106445588501975,0.060018937700197506,0.060018937700197506
XPL,XPL|lighter:71|hyperliquid:XPL,standard,4.5,2026-09-29T11:00:17.027852+00:00,2026-09-29T11:00:17.027852+00:00,1,0.0,2026-09-29T10:58:54.061637+00:00,2026-09-29T11:01:40.165471+00:00,166.10383367538452,False,False,observed_nonpositive,1.104854450700029,0.15415540140002898,0.15415540140002898
XPL,XPL|lighter:71|hyperliquid:XPL,standard,4.5,2026-09-29T11:04:25.797169+00:00,2026-09-29T11:07:11.057335+00:00,3,165.2601661682129,2026-09-29T11:03:02.776325+00:00,2026-09-29T11:08:33.836191+00:00,331.0598654747009,False,False,observed_nonpositive,1.000543321250098,0.04989315250009818,0.05716886880006389
XPL,XPL|lighter:71|hyperliquid:XPL,standard,4.5,2026-09-29T11:09:56.771911+00:00,2026-09-29T11:09:56.771911+00:00,1,0.0,2026-09-29T11:08:33.836191+00:00,2026-09-29T11:11:19.524147+00:00,165.68795657157898,False,False,observed_nonpositive,1.0849672318000172,0.13428099360001716,0.13428099360001716
XPL,XPL|lighter:71|hyperliquid:XPL,standard,4.5,2026-09-29T11:14:04.933554+00:00,2026-09-29T11:15:28.839522+00:00,2,83.90596795082092,2026-09-29T11:12:42.042485+00:00,2026-09-29T11:16:50.535815+00:00,248.49333000183105,False,False,observed_nonpositive,0.9626323170500137,0.012089820600013679,0.24058223029995923
XPL,XPL|lighter:71|hyperliquid:XPL,standard,4.5,2026-09-29T11:34:29.843169+00:00,2026-09-29T11:38:34.107802+00:00,4,244.26463270187378,2026-09-29T11:33:08.035086+00:00,2026-09-29T11:39:55.602426+00:00,407.5673396587372,False,False,observed_nonpositive,1.1568996249999894,0.2062712889999893,0.7265484784999904
XPL,XPL|lighter:71|hyperliquid:XPL,standard,4.5,2026-09-29T11:41:16.996578+00:00,2026-09-29T11:58:56.128575+00:00,14,1059.1319966316223,2026-09-29T11:39:55.602426+00:00,,,True,False,window_end,1.1173536905000216,0.16670994100002162,1.731888408000097
DRAM,DRAM|hyperliquid:xyz:DRAM|lighter:195,standard,4.5,2026-09-29T07:10:59.513568+00:00,2026-09-29T07:10:59.513568+00:00,1,0.0,2026-09-29T07:09:39.448495+00:00,2026-09-29T07:12:19.588454+00:00,160.13995957374573,False,False,observed_nonpositive,0.6975020040000981,0.10948180800009816,0.10948180800009816
DRAM,DRAM|hyperliquid:xyz:DRAM|lighter:195,standard,4.5,2026-09-29T07:35:57.558989+00:00,2026-09-29T07:35:57.558989+00:00,1,0.0,2026-09-29T07:34:33.651486+00:00,2026-09-29T07:37:21.764279+00:00,168.11279273033142,False,False,observed_nonpositive,0.5951085990000459,0.008442748000045852,0.008442748000045852
DRAM,DRAM|hyperliquid:xyz:DRAM|lighter:195,standard,4.5,2026-09-29T08:06:48.356593+00:00,2026-09-29T08:06:48.356593+00:00,1,0.0,2026-09-29T08:05:24.625021+00:00,2026-09-29T08:08:12.455931+00:00,167.83091044425964,False,False,observed_nonpositive,0.7008676440001039,0.11131108800010409,0.11131108800010409
DRAM,DRAM|hyperliquid:xyz:DRAM|lighter:195,standard,4.5,2026-09-29T08:09:36.502810+00:00,2026-09-29T08:09:36.502810+00:00,1,0.0,2026-09-29T08:08:12.455931+00:00,2026-09-29T08:11:00.569706+00:00,168.11377453804016,False,False,observed_nonpositive,0.6153853999999908,0.02660079999999082,0.02660079999999082
DRAM,DRAM|hyperliquid:xyz:DRAM|lighter:195,standard,4.5,2026-09-29T08:15:15.444943+00:00,2026-09-29T08:19:28.001909+00:00,4,252.5569658279419,2026-09-29T08:13:48.989352+00:00,2026-09-29T08:20:51.958218+00:00,422.968866109848,False,False,observed_nonpositive,0.6808983160001221,0.09154283200012214,0.09154283200012214
DRAM,DRAM|hyperliquid:xyz:DRAM|lighter:195,standard,4.5,2026-09-29T08:22:16.220297+00:00,2026-09-29T08:22:16.220297+00:00,1,0.0,2026-09-29T08:20:51.958218+00:00,2026-09-29T08:23:40.347873+00:00,168.38965511322021,False,False,observed_nonpositive,0.7090384269999398,0.12125700399993977,0.12125700399993977
DRAM,DRAM|hyperliquid:xyz:DRAM|lighter:195,standard,4.5,2026-09-29T09:18:24.036260+00:00,2026-09-29T09:18:24.036260+00:00,1,0.0,2026-09-29T09:17:01.035574+00:00,2026-09-29T09:19:46.918483+00:00,165.8829083442688,False,False,observed_nonpositive,0.6744689379999598,0.08623197599995974,0.08623197599995974
DRAM,DRAM|hyperliquid:xyz:DRAM|lighter:195,standard,4.5,2026-09-29T09:21:09.888156+00:00,2026-09-29T09:21:09.888156+00:00,1,0.0,2026-09-29T09:19:46.918483+00:00,2026-09-29T09:22:32.561870+00:00,165.6433870792389,False,False,observed_nonpositive,0.5989780200000148,0.010145040000014927,0.010145040000014927
HBAR,HBAR|lighter:59|hyperliquid:HBAR,standard,4.5,2026-09-29T05:15:56.348292+00:00,2026-09-29T05:17:16.468942+00:00,2,80.12064981460571,2026-09-29T05:14:30.478115+00:00,2026-09-29T05:18:37.121828+00:00,246.64371347427368,False,False,observed_nonpositive,1.0855204899999877,0.13483718399998762,0.30304202250007023
HBAR,HBAR|lighter:59|hyperliquid:HBAR,standard,4.5,2026-09-29T05:19:57.254400+00:00,2026-09-29T05:25:34.127806+00:00,5,336.8734061717987,2026-09-29T05:18:37.121828+00:00,2026-09-29T05:26:54.020546+00:00,496.8987181186676,False,False,observed_nonpositive,1.0109813705001147,0.060332303500114814,0.6567501724999354
HBAR,HBAR|lighter:59|hyperliquid:HBAR,standard,4.5,2026-09-29T05:29:34.497012+00:00,2026-09-29T05:33:34.697230+00:00,4,240.20021796226501,2026-09-29T05:28:14.088403+00:00,2026-09-29T05:34:54.893388+00:00,400.80498480796814,False,False,observed_nonpositive,0.9556121589998232,0.005010942999823242,0.34323510549984226
HBAR,HBAR|lighter:59|hyperliquid:HBAR,standard,4.5,2026-09-29T05:36:14.861073+00:00,2026-09-29T05:42:55.247025+00:00,6,400.3859522342682,2026-09-29T05:34:54.893388+00:00,2026-09-29T05:44:15.316458+00:00,560.4230694770813,False,False,observed_nonpositive,1.0677959429999617,0.11711739449996172,0.46092859149992443
HBAR,HBAR|lighter:59|hyperliquid:HBAR,standard,4.5,2026-09-29T05:46:56.321212+00:00,2026-09-29T05:46:56.321212+00:00,1,0.0,2026-09-29T05:45:36.159636+00:00,2026-09-29T05:48:16.390120+00:00,160.23048448562622,False,False,observed_nonpositive,1.1211334459998383,0.1704277519998384,0.1704277519998384
HBAR,HBAR|lighter:59|hyperliquid:HBAR,standard,4.5,2026-09-29T05:50:56.568318+00:00,2026-09-29T05:52:16.666551+00:00,2,80.09823250770569,2026-09-29T05:49:36.501955+00:00,2026-09-29T05:53:36.703730+00:00,240.20177459716797,False,False,observed_nonpositive,1.1909219779999891,0.24026918599998925,0.24026918599998925
HBAR,HBAR|lighter:59|hyperliquid:HBAR,standard,4.5,2026-09-29T05:54:56.771756+00:00,2026-09-29T05:54:56.771756+00:00,1,0.0,2026-09-29T05:53:36.703730+00:00,2026-09-29T05:56:17.547766+00:00,160.84403586387634,False,False,observed_nonpositive,1.1081214900000194,0.15746848000001923,0.15746848000001923
HBAR,HBAR|lighter:59|hyperliquid:HBAR,standard,4.5,2026-09-29T05:57:37.502120+00:00,2026-09-29T05:58:57.310800+00:00,2,79.80867958068848,2026-09-29T05:56:17.547766+00:00,2026-09-29T06:00:17.521452+00:00,239.97368621826172,False,False,observed_nonpositive,1.2248618304999934,0.27420459099999345,0.3567252990001269
HBAR,HBAR|lighter:59|hyperliquid:HBAR,standard,4.5,2026-09-29T06:02:57.546493+00:00,2026-09-29T06:08:18.164305+00:00,5,320.6178123950958,2026-09-29T06:01:37.512995+00:00,2026-09-29T06:09:38.519768+00:00,481.0067734718323,False,False,observed_nonpositive,1.2945918250000001,0.3438385810000002,0.40315719300006303
HBAR,HBAR|lighter:59|hyperliquid:HBAR,standard,4.5,2026-09-29T06:10:58.625899+00:00,2026-09-29T06:14:58.920037+00:00,4,240.29413771629333,2026-09-29T06:09:38.519768+00:00,2026-09-29T06:16:18.816877+00:00,400.2971091270447,False,False,observed_nonpositive,1.1944002215001084,0.24368214300010832,0.9368173679999543
HBAR,HBAR|lighter:59|hyperliquid:HBAR,standard,4.5,2026-09-29T06:22:59.282160+00:00,2026-09-29T06:25:39.420527+00:00,3,160.13836693763733,2026-09-29T06:21:39.220259+00:00,2026-09-29T06:26:59.792271+00:00,320.5720126628876,False,False,observed_nonpositive,1.2932905885000965,0.34253197350009645,0.34253197350009645
HBAR,HBAR|lighter:59|hyperliquid:HBAR,standard,4.5,2026-09-29T06:33:40.609895+00:00,2026-09-29T06:37:40.806241+00:00,4,240.19634532928467,2026-09-29T06:32:20.447526+00:00,2026-09-29T06:39:00.811368+00:00,400.36384105682373,False,False,observed_nonpositive,1.0906384319999456,0.13998500049994567,0.46272995100010655
HBAR,HBAR|lighter:59|hyperliquid:HBAR,standard,4.5,2026-09-29T06:43:01.319611+00:00,2026-09-29T06:43:01.319611+00:00,1,0.0,2026-09-29T06:41:41.560367+00:00,2026-09-29T06:44:21.549116+00:00,159.98874950408936,False,False,observed_nonpositive,1.0117233880000958,0.06110427750009578,0.06110427750009578
HBAR,HBAR|lighter:59|hyperliquid:HBAR,standard,4.5,2026-09-29T06:47:01.574173+00:00,2026-09-29T06:55:02.282061+00:00,7,480.70788741111755,2026-09-29T06:45:41.558773+00:00,2026-09-29T06:56:22.255587+00:00,640.6968140602112,False,False,observed_nonpositive,1.4614748154999972,0.5106255909999973,0.7149111450000245
HBAR,HBAR|lighter:59|hyperliquid:HBAR,standard,4.5,2026-09-29T06:57:42.664206+00:00,2026-09-29T06:59:02.804490+00:00,2,80.1402838230133,2026-09-29T06:56:22.255587+00:00,2026-09-29T07:00:22.881587+00:00,240.62599992752075,False,False,observed_nonpositive,1.2222495304998882,0.2715017059998881,0.292944816000087
HBAR,HBAR|lighter:59|hyperliquid:HBAR,standard,4.5,2026-09-29T07:01:43.255548+00:00,2026-09-29T07:01:43.255548+00:00,1,0.0,2026-09-29T07:00:22.881587+00:00,2026-09-29T07:03:02.991250+00:00,160.10966324806213,False,False,observed_nonpositive,1.288204867500159,0.3375012850001589,0.3375012850001589
HBAR,HBAR|lighter:59|hyperliquid:HBAR,standard,4.5,2026-09-29T07:04:23.287855+00:00,2026-09-29T07:12:23.589597+00:00,7,480.3017416000366,2026-09-29T07:03:02.991250+00:00,2026-09-29T07:13:45.640046+00:00,642.648796081543,False,False,observed_nonpositive,1.509413918500052,0.5585994340000517,0.5585994340000517
HBAR,HBAR|lighter:59|hyperliquid:HBAR,standard,4.5,2026-09-29T07:15:05.329979+00:00,2026-09-29T07:15:05.329979+00:00,1,0.0,2026-09-29T07:13:45.640046+00:00,2026-09-29T07:16:29.601410+00:00,163.961364030838,False,False,observed_nonpositive,1.3300467630000221,0.379271014000022,0.379271014000022
HBAR,HBAR|lighter:59|hyperliquid:HBAR,standard,4.5,2026-09-29T07:19:17.632020+00:00,2026-09-29T07:19:17.632020+00:00,1,0.0,2026-09-29T07:17:53.294233+00:00,2026-09-29T07:20:41.687620+00:00,168.3933868408203,False,False,observed_nonpositive,1.0732358030000184,0.12258922750001844,0.12258922750001844
HBAR,HBAR|lighter:59|hyperliquid:HBAR,standard,4.5,2026-09-29T07:22:05.749459+00:00,2026-09-29T07:22:05.749459+00:00,1,0.0,2026-09-29T07:20:41.687620+00:00,2026-09-29T07:23:29.864846+00:00,168.17722630500793,False,False,observed_nonpositive,1.0347027890000016,0.08414244800000159,0.08414244800000159
HBAR,HBAR|lighter:59|hyperliquid:HBAR,standard,4.5,2026-09-29T07:27:41.911589+00:00,2026-09-29T07:38:55.169858+00:00,9,673.258269071579,2026-09-29T07:26:17.838280+00:00,2026-09-29T07:40:19.265550+00:00,841.4272696971893,False,False,observed_nonpositive,1.416954250999968,0.46618077349996795,0.6533408384999728
HBAR,HBAR|lighter:59|hyperliquid:HBAR,standard,4.5,2026-09-29T07:41:43.530569+00:00,2026-09-29T07:47:19.667651+00:00,5,336.1370828151703,2026-09-29T07:40:19.265550+00:00,2026-09-29T07:48:43.971824+00:00,504.7062740325928,False,False,observed_nonpositive,1.3165979255000861,0.36580524200008624,0.3914075340000569
HBAR,HBAR|lighter:59|hyperliquid:HBAR,standard,4.5,2026-09-29T07:52:56.470212+00:00,2026-09-29T07:52:56.470212+00:00,1,0.0,2026-09-29T07:51:32.440156+00:00,2026-09-29T07:54:20.528346+00:00,168.08819007873535,False,False,observed_nonpositive,1.0892202930001025,0.13855530600010246,0.13855530600010246
HBAR,HBAR|lighter:59|hyperliquid:HBAR,standard,4.5,2026-09-29T07:55:44.497830+00:00,2026-09-29T07:55:44.497830+00:00,1,0.0,2026-09-29T07:54:20.528346+00:00,2026-09-29T07:57:08.718403+00:00,168.19005703926086,False,False,observed_nonpositive,1.0031923599999002,0.05255203999990027,0.05255203999990027
MRNA,MRNA|lighter:228|hyperliquid:xyz:MRNA,standard,4.5,2026-09-29T05:14:34.492792+00:00,2026-09-29T05:14:34.492792+00:00,1,0.0,,2026-09-29T05:16:00.346948+00:00,,False,True,observed_nonpositive,0.6966693450000213,0.10751724000002133,0.10751724000002133
MRNA,MRNA|lighter:228|hyperliquid:xyz:MRNA,standard,4.5,2026-09-29T05:22:57.850635+00:00,2026-09-29T05:22:57.850635+00:00,1,0.0,2026-09-29T05:21:38.459244+00:00,2026-09-29T05:24:18.107673+00:00,159.64842820167542,False,False,observed_nonpositive,0.5993918989998892,0.010338997999889077,0.010338997999889077
MRNA,MRNA|lighter:228|hyperliquid:xyz:MRNA,standard,4.5,2026-09-29T05:28:18.119156+00:00,2026-09-29T05:28:18.119156+00:00,1,0.0,2026-09-29T05:26:58.034575+00:00,2026-09-29T05:29:38.495226+00:00,160.46065092086792,False,False,observed_nonpositive,0.6208556029999241,0.030920005999924116,0.030920005999924116
MRNA,MRNA|lighter:228|hyperliquid:xyz:MRNA,standard,4.5,2026-09-29T05:30:58.369056+00:00,2026-09-29T05:30:58.369056+00:00,1,0.0,2026-09-29T05:29:38.495226+00:00,2026-09-29T05:32:18.494228+00:00,159.99900269508362,False,False,observed_nonpositive,0.6335934199999446,0.04456758999994459,0.04456758999994459
ETHFI,ETHFI|lighter:64|hyperliquid:ETHFI,standard,4.5,2026-09-29T10:38:35.024464+00:00,2026-09-29T10:38:35.024464+00:00,1,0.0,2026-09-29T10:37:12.068338+00:00,2026-09-29T10:39:57.970563+00:00,165.9022252559662,False,False,observed_nonpositive,1.060695196499776,0.11007695099977594,0.11007695099977594
ETHFI,ETHFI|lighter:64|hyperliquid:ETHFI,standard,4.5,2026-09-29T11:29:24.877992+00:00,2026-09-29T11:29:24.877992+00:00,1,0.0,2026-09-29T11:28:03.480243+00:00,2026-09-29T11:30:46.586622+00:00,163.10637855529785,False,False,observed_nonpositive,1.2679489977998963,0.31722078809989634,0.31722078809989634
AVAX,AVAX|lighter:9|hyperliquid:AVAX,standard,4.5,2026-09-29T09:50:01.651047+00:00,2026-09-29T09:50:01.651047+00:00,1,0.0,2026-09-29T09:48:38.933994+00:00,2026-09-29T09:51:24.431329+00:00,165.49733591079712,False,False,observed_nonpositive,1.0722251874999964,0.12161268799999636,0.12161268799999636
