asset,route,entry_utc,close_utc,horizon_minutes,delay_seconds,same_utc_hour,quantity_reference_difference_pct,reference_quantity_at_least_entry,opening_edge_usd,budgeted_entry_usd,exit_gap_cost_usd,entry_fees_usd,exit_fees_usd,four_fee_price_pnl_proxy_usd,also_minus_other_reserve_usd,funding_included
NVDA,NVDA|hyperliquid:xyz:NVDA|rh_lighter:15,2026-09-29T05:13:21.447238+00:00,2026-09-29T05:13:21.447238+00:00,0,0.0,True,-0.136986301369868,False,1.0926120239999795,0.5026908479999794,1.5330000000000155,0.089987976,0.08998403399999999,-0.530372010000036,-1.030305210000036,False
NVDA,NVDA|hyperliquid:xyz:NVDA|rh_lighter:15,2026-09-29T05:13:21.447238+00:00,2026-09-29T05:19:21.110111+00:00,5,59.66287302970886,True,-0.2054794520547798,False,1.0926120239999795,0.5026908479999794,1.5330000000001291,0.089987976,0.090043164,-0.5304311400001497,-1.0303643400001496,False
NVDA,NVDA|hyperliquid:xyz:NVDA|rh_lighter:15,2026-09-29T05:13:21.447238+00:00,2026-09-29T05:28:21.600384+00:00,15,0.15314650535583496,True,-0.136986301369868,False,1.0926120239999795,0.5026908479999794,1.4891999999999825,0.089987976,0.08998009199999998,-0.4865680680000031,-0.9865012680000032,False
NVDA,NVDA|hyperliquid:xyz:NVDA|rh_lighter:15,2026-09-29T05:13:21.447238+00:00,2026-09-29T05:44:21.139511+00:00,30,59.69227313995361,True,-0.136986301369868,False,1.0926120239999795,0.5026908479999794,1.4891999999999825,0.089987976,0.08998009199999998,-0.4865680680000031,-0.9865012680000032,False
NVDA,NVDA|hyperliquid:xyz:NVDA|rh_lighter:15,2026-09-29T05:13:21.447238+00:00,2026-09-29T06:14:21.179855+00:00,60,59.732617139816284,False,-0.5022831050228382,False,1.0926120239999795,0.5026908479999794,1.3386859935751545,0.089987976,0.090323046,-0.33639701557517504,-0.8363302155751751,False
XAG,XAG|hyperliquid:xyz:SILVER|rh_lighter:41,2026-09-29T05:13:22.737027+00:00,2026-09-29T05:13:22.737027+00:00,0,0.0,True,-0.12128562765312267,False,0.7938696600999031,0.20390676519990303,1.20541900000012,0.0899943399,0.0899928558,-0.5015421957002167,-1.0015107507002168,False
XAG,XAG|hyperliquid:xyz:SILVER|rh_lighter:41,2026-09-29T05:13:22.737027+00:00,2026-09-29T05:19:22.203819+00:00,5,59.46679186820984,True,-0.1819284414796729,False,0.7938696600999031,0.20390676519990303,1.172439000000054,0.0899943399,0.09005221979999999,-0.4686215597001508,-0.9685901147001508,False
XAG,XAG|hyperliquid:xyz:SILVER|rh_lighter:41,2026-09-29T05:13:22.737027+00:00,2026-09-29T05:29:22.452485+00:00,15,59.715457916259766,True,0.0,True,0.7938696600999031,0.20390676519990303,1.1345119999998587,0.0899943399,0.0898592868,-0.43050162669995556,-0.9304701816999557,False
XAG,XAG|hyperliquid:xyz:SILVER|rh_lighter:41,2026-09-29T05:13:22.737027+00:00,2026-09-29T05:44:22.151778+00:00,30,59.4147515296936,True,-0.4851425106124796,False,0.7938696600999031,0.20390676519990303,0.9861019999999598,0.0899943399,0.0902970963,-0.28252943620005666,-0.7824979912000567,False
XAG,XAG|hyperliquid:xyz:SILVER|rh_lighter:41,2026-09-29T05:13:22.737027+00:00,2026-09-29T06:14:22.198155+00:00,60,59.46112823486328,False,-0.7883565797452974,False,0.7938696600999031,0.20390676519990303,1.1910870128363058,0.0899943399,0.09057803751858189,-0.48779539025498453,-0.9877639452549846,False
AAPL,AAPL|hyperliquid:xyz:AAPL|rh_lighter:10,2026-09-29T05:13:30.677058+00:00,2026-09-29T05:13:30.677058+00:00,0,0.0,True,-0.10118043844855595,False,0.6809021689999832,0.0909163879999833,1.0674000000000206,0.089997831,0.08999249399999999,-0.4764903250000373,-0.9764782750000371,False
AAPL,AAPL|hyperliquid:xyz:AAPL|rh_lighter:10,2026-09-29T05:13:30.677058+00:00,2026-09-29T05:19:30.175158+00:00,5,59.49809956550598,True,-0.13490725126475978,False,0.6809021689999832,0.0909163879999833,1.1003644714623988,0.089997831,0.08999486419756839,-0.509457166659984,-1.0094451166599838,False
AAPL,AAPL|hyperliquid:xyz:AAPL|rh_lighter:10,2026-09-29T05:13:30.677058+00:00,2026-09-29T05:29:30.136245+00:00,15,59.45918655395508,True,-0.06745362563237434,False,0.6809021689999832,0.0909163879999833,0.9962620148497763,0.089997831,0.08995345536702666,-0.4053133012168197,-0.9053012512168196,False
AAPL,AAPL|hyperliquid:xyz:AAPL|rh_lighter:10,2026-09-29T05:13:30.677058+00:00,2026-09-29T05:44:30.193500+00:00,30,59.516441822052,True,-0.1686340640809414,False,0.6809021689999832,0.0909163879999833,1.0081000000001268,0.089997831,0.09003252149999999,-0.4172303525001435,-0.9172183025001435,False
AAPL,AAPL|hyperliquid:xyz:AAPL|rh_lighter:10,2026-09-29T05:13:30.677058+00:00,2026-09-29T06:14:29.189399+00:00,60,58.512341022491455,False,-0.13490725126475978,False,0.6809021689999832,0.0909163879999833,0.948800000000233,0.089997831,0.09003518999999999,-0.35793302100024976,-0.8579209710002497,False
SAMSUNGUSD,SAMSUNGUSD|hyperliquid:xyz:SMSN|lighter:162,2026-09-29T05:13:31.660476+00:00,2026-09-29T05:13:31.660476+00:00,0,0.0,True,-0.11966493817312518,False,0.8534582181999768,0.2634924263999768,1.2785679976038864,0.0899947818,0.08998169544021566,-0.5150914748441252,-1.0150624848441252,False
SAMSUNGUSD,SAMSUNGUSD|hyperliquid:xyz:SMSN|lighter:162,2026-09-29T05:13:31.660476+00:00,2026-09-29T05:18:58.532760+00:00,5,26.872283935546875,True,-0.259274032708412,False,0.8534582181999768,0.2634924263999768,1.464060929813968,0.0899947818,0.09009541521631674,-0.7006981268303079,-1.200669136830308,False
SAMSUNGUSD,SAMSUNGUSD|hyperliquid:xyz:SMSN|lighter:162,2026-09-29T05:13:31.660476+00:00,2026-09-29T05:28:35.471058+00:00,15,3.8105814456939697,True,0.03988831272436766,True,0.8534582181999768,0.2634924263999768,1.1047753237639881,0.0899947818,0.08984842098086125,-0.3411655265448726,-0.8411365365448726,False
SAMSUNGUSD,SAMSUNGUSD|hyperliquid:xyz:SMSN|lighter:162,2026-09-29T05:13:31.660476+00:00,2026-09-29T05:44:37.548523+00:00,30,65.88804650306702,True,0.2792181890705958,True,0.8534582181999768,0.2634924263999768,1.0278700000000072,0.0899947818,0.08964279900000001,-0.2640545808000304,-0.7640255908000304,False
SAMSUNGUSD,SAMSUNGUSD|hyperliquid:xyz:SMSN|lighter:162,2026-09-29T05:13:31.660476+00:00,2026-09-29T06:14:01.559479+00:00,60,29.899002075195312,False,-0.9573195053849237,False,0.8534582181999768,0.2634924263999768,2.2011459999999943,0.0899947818,0.0906716718,-1.4383594536000175,-1.9383304636000176,False
GOOGL,GOOGL|hyperliquid:xyz:GOOGL|rh_lighter:12,2026-09-29T05:13:32.326795+00:00,2026-09-29T05:13:32.326795+00:00,0,0.0,True,-0.13684570646596006,False,1.2662837986001365,0.6764463672001366,1.607650000000035,0.0899752014,0.0899673093,-0.43133351069989867,-0.9311957406998985,False
GOOGL,GOOGL|hyperliquid:xyz:GOOGL|rh_lighter:12,2026-09-29T05:13:32.326795+00:00,2026-09-29T05:19:31.519758+00:00,5,59.192962408065796,True,-0.10263427984947837,False,1.2662837986001365,0.6764463672001366,1.3445799999999508,0.0899752014,0.08996204790000002,-0.1682582492998144,-0.6681204792998143,False
GOOGL,GOOGL|hyperliquid:xyz:GOOGL|rh_lighter:12,2026-09-29T05:13:32.326795+00:00,2026-09-29T05:29:31.476734+00:00,15,59.14993929862976,True,-0.06842285323298558,False,1.2662837986001365,0.6764463672001366,1.5186290893527712,0.0899752014,0.08990722108592948,-0.3422525118385642,-0.8421147418385642,False
GOOGL,GOOGL|hyperliquid:xyz:GOOGL|rh_lighter:12,2026-09-29T05:13:32.326795+00:00,2026-09-29T05:44:31.493036+00:00,30,59.16624069213867,True,0.06842285323296338,True,1.2662837986001365,0.6764463672001366,1.5491899999997258,0.0899752014,0.089785791,-0.3726919923995894,-0.8725542223995892,False
GOOGL,GOOGL|hyperliquid:xyz:GOOGL|rh_lighter:12,2026-09-29T05:13:32.326795+00:00,2026-09-29T06:14:31.535187+00:00,60,59.20839166641235,False,-0.23947998631543843,False,1.2662837986001365,0.6764463672001366,0.9645900000001575,0.0899752014,0.0901251513,0.21156864729997898,-0.2882935827000209,False
MSFT,MSFT|hyperliquid:xyz:MSFT|rh_lighter:14,2026-09-29T05:13:38.663081+00:00,2026-09-29T05:13:38.663081+00:00,0,0.0,True,-0.15212981744421317,False,0.843453148999996,0.253480347999996,1.1979774809549326,0.089995851,0.089991234,-0.4445155659549367,-0.9444925159549367,False
MSFT,MSFT|hyperliquid:xyz:MSFT|rh_lighter:14,2026-09-29T05:13:38.663081+00:00,2026-09-29T05:19:38.271262+00:00,5,59.60818099975586,True,-0.15212981744421317,False,0.843453148999996,0.253480347999996,1.1043200000000297,0.089995851,0.09003205439999999,-0.35089890540003377,-0.8508758554000337,False
MSFT,MSFT|hyperliquid:xyz:MSFT|rh_lighter:14,2026-09-29T05:13:38.663081+00:00,2026-09-29T05:29:38.148525+00:00,15,59.48544383049011,True,-0.10141987829614951,False,0.843453148999996,0.253480347999996,1.201947013198037,0.089995851,0.08994855051045686,-0.4484424147084979,-0.948419364708498,False
MSFT,MSFT|hyperliquid:xyz:MSFT|rh_lighter:14,2026-09-29T05:13:38.663081+00:00,2026-09-29T05:44:38.197579+00:00,30,59.53449773788452,True,-0.050709939148063654,False,0.843453148999996,0.253480347999996,1.3378334145106692,0.089995851,0.08989468433972601,-0.5842749498503992,-1.0842518998503992,False
MSFT,MSFT|hyperliquid:xyz:MSFT|rh_lighter:14,2026-09-29T05:13:38.663081+00:00,2026-09-29T06:13:39.659267+00:00,60,0.9961860179901123,False,-0.15212981744421317,False,0.843453148999996,0.253480347999996,1.2029199999999491,0.089995851,0.090000108,-0.44946695899995315,-0.9494439089999531,False
META,META|hyperliquid:xyz:META|rh_lighter:13,2026-09-29T05:13:42.671889+00:00,2026-09-29T05:13:42.671889+00:00,0,0.0,True,-0.14265335235378318,False,1.101746277999969,0.512049655999969,1.40199999999993,0.089953722,0.0899524602,-0.39020618219996106,-0.889949082199961,False
META,META|hyperliquid:xyz:META|rh_lighter:13,2026-09-29T05:13:42.671889+00:00,2026-09-29T05:19:42.182484+00:00,5,59.51059532165527,True,-0.14265335235378318,False,1.101746277999969,0.512049655999969,1.4680942857144146,0.089953722,0.08993981606271428,-0.45628782377716,-0.9560307237771599,False
META,META|hyperliquid:xyz:META|rh_lighter:13,2026-09-29T05:13:42.671889+00:00,2026-09-29T05:29:42.300087+00:00,15,59.62819766998291,True,-0.07132667617688604,False,1.101746277999969,0.512049655999969,1.4160199999998895,0.089953722,0.0898931556,-0.4041668775999206,-0.9039097775999205,False
META,META|hyperliquid:xyz:META|rh_lighter:13,2026-09-29T05:13:42.671889+00:00,2026-09-29T05:44:42.162246+00:00,30,59.490357398986816,True,0.07132667617690824,True,1.101746277999969,0.512049655999969,1.556220000000053,0.089953722,0.0897404778,-0.5442141998000841,-1.043957099800084,False
META,META|hyperliquid:xyz:META|rh_lighter:13,2026-09-29T05:13:42.671889+00:00,2026-09-29T06:13:43.540469+00:00,60,0.8685801029205322,False,-0.4992867332382245,False,1.101746277999969,0.512049655999969,1.5281800000000203,0.089953722,0.09025024499999999,-0.5166839670000514,-1.0164268670000514,False
AMZN,AMZN|hyperliquid:xyz:AMZN|rh_lighter:11,2026-09-29T05:13:44.339991+00:00,2026-09-29T05:13:44.339991+00:00,0,0.0,True,-0.09842519685040463,False,0.7634593824000915,0.1735864448000915,1.3019214187191892,0.08998061759999999,0.08996951507231528,-0.628431551391413,-1.128323871391413,False
AMZN,AMZN|hyperliquid:xyz:AMZN|rh_lighter:11,2026-09-29T05:13:44.339991+00:00,2026-09-29T05:19:43.638666+00:00,5,59.298675298690796,True,-0.1476377952756014,False,0.7634593824000915,0.1735864448000915,1.219199999999887,0.08998061759999999,0.0900098784,-0.5457504959997955,-1.0456428159997955,False
AMZN,AMZN|hyperliquid:xyz:AMZN|rh_lighter:11,2026-09-29T05:13:44.339991+00:00,2026-09-29T05:29:43.477535+00:00,15,59.13754391670227,True,-0.09842519685040463,False,0.7634593824000915,0.1735864448000915,1.120663014778188,0.08998061759999999,0.08998217072866996,-0.4471858031067665,-0.9470781231067664,False
AMZN,AMZN|hyperliquid:xyz:AMZN|rh_lighter:11,2026-09-29T05:13:44.339991+00:00,2026-09-29T05:44:43.494288+00:00,30,59.15429735183716,True,0.0,True,0.7634593824000915,0.1735864448000915,1.3534150000001546,0.08998061759999999,0.0898646202,-0.6798202378000631,-1.1797125578000631,False
AMZN,AMZN|hyperliquid:xyz:AMZN|rh_lighter:11,2026-09-29T05:13:44.339991+00:00,2026-09-29T06:13:45.200388+00:00,60,0.8603971004486084,False,-0.09842519685040463,False,0.7634593824000915,0.1735864448000915,1.178560000000175,0.08998061759999999,0.0899696448,-0.5050702624000836,-1.0049625824000836,False
CRCL,CRCL|hyperliquid:xyz:CRCL|rh_lighter:24,2026-09-29T05:13:45.479376+00:00,2026-09-29T05:13:45.479376+00:00,0,0.0,True,-0.11932157163556667,False,0.636749844809932,0.04676849411993189,1.2788969999999154,0.08999715519000001,0.08998659549000002,-0.7321337506799833,-1.2321179461799834,False
CRCL,CRCL|hyperliquid:xyz:CRCL|rh_lighter:24,2026-09-29T05:13:45.479376+00:00,2026-09-29T05:19:45.124658+00:00,5,59.64528179168701,True,-0.24716611267365796,False,0.636749844809932,0.04676849411993189,1.3425683740601926,0.08999715519000001,0.09009536039999999,-0.7959138896502606,-1.2958980851502606,False
CRCL,CRCL|hyperliquid:xyz:CRCL|rh_lighter:24,2026-09-29T05:13:45.479376+00:00,2026-09-29T05:29:45.134528+00:00,15,59.655152320861816,True,-0.2215972044660397,False,0.636749844809932,0.04676849411993189,1.2319650000000593,0.08999715519000001,0.09008480070000002,-0.6852999558901273,-1.1852841513901273,False
CRCL,CRCL|hyperliquid:xyz:CRCL|rh_lighter:24,2026-09-29T05:13:45.479376+00:00,2026-09-29T05:44:45.164325+00:00,30,59.68494892120361,True,-0.18750532685587462,False,0.636749844809932,0.04676849411993189,1.1725515967038973,0.08999715519000001,0.09005945742000002,-0.6258612093139653,-1.1258454048139654,False
META,META|hyperliquid:xyz:META|lighter:117,2026-09-29T05:13:55.739638+00:00,2026-09-29T05:13:55.739638+00:00,0,0.0,True,-0.07132667617688604,False,0.6110462780000219,0.02134965600002192,0.7430599999999004,0.089953722,0.0899524602,-0.22196618219987854,-0.7217090821998785,False
META,META|hyperliquid:xyz:META|lighter:117,2026-09-29T05:13:55.739638+00:00,2026-09-29T05:19:22.608599+00:00,5,26.868960857391357,True,-0.07132667617688604,False,0.6110462780000219,0.02134965600002192,0.8552200000000312,0.089953722,0.0899398422,-0.33411356420000937,-0.8338564642000094,False
META,META|hyperliquid:xyz:META|lighter:117,2026-09-29T05:13:55.739638+00:00,2026-09-29T05:28:59.465019+00:00,15,3.7253811359405518,True,0.0,True,0.6110462780000219,0.02134965600002192,0.7150199999999813,0.089953722,0.08990577359999999,-0.19387949559995948,-0.6936223955999594,False
META,META|hyperliquid:xyz:META|lighter:117,2026-09-29T05:13:55.739638+00:00,2026-09-29T05:45:01.392316+00:00,30,65.65267729759216,True,0.14265335235377208,True,0.6110462780000219,0.02134965600002192,0.9055781623933399,0.089953722,0.08973164519999999,-0.38426352959331805,-0.8840064295933181,False
META,META|hyperliquid:xyz:META|lighter:117,2026-09-29T05:13:55.739638+00:00,2026-09-29T06:14:24.320039+00:00,60,28.580400228500366,False,-0.42796005706133844,False,0.6110462780000219,0.02134965600002192,0.7552531819483193,0.089953722,0.09027052961002865,-0.2344774335583261,-0.734220333558326,False
MRNA,MRNA|lighter:228|hyperliquid:xyz:MRNA,2026-09-29T05:14:34.492792+00:00,2026-09-29T05:14:34.492792+00:00,0,0.0,True,0.0,True,0.6966693450000213,0.10751724000002133,1.5330000000001291,0.089930655,0.08996563800000001,-0.9262962930001079,-1.4255177430001078,False
MRNA,MRNA|lighter:228|hyperliquid:xyz:MRNA,2026-09-29T05:14:34.492792+00:00,2026-09-29T05:20:01.235248+00:00,5,26.74245572090149,True,0.0,True,0.6966693450000213,0.10751724000002133,1.6939660000000458,0.089930655,0.08999180100000001,-1.0872884560000244,-1.5865099060000245,False
MRNA,MRNA|lighter:228|hyperliquid:xyz:MRNA,2026-09-29T05:14:34.492792+00:00,2026-09-29T05:29:38.495226+00:00,15,4.002433776855469,True,0.0,True,0.6966693450000213,0.10751724000002133,1.022000000000162,0.089930655,0.08989205400000001,-0.4152227090001406,-0.9144441590001406,False
MRNA,MRNA|lighter:228|hyperliquid:xyz:MRNA,2026-09-29T05:14:34.492792+00:00,2026-09-29T05:45:40.729202+00:00,30,66.23640966415405,True,0.1956947162426559,True,0.6966693450000213,0.10751724000002133,0.9527814570312785,0.089930655,0.089823069,-0.3459351810312572,-0.8451566310312573,False
MRNA,MRNA|lighter:228|hyperliquid:xyz:MRNA,2026-09-29T05:14:34.492792+00:00,2026-09-29T06:15:04.092187+00:00,60,29.599395513534546,False,-0.5870841487279899,False,0.6966693450000213,0.10751724000002133,1.0534969133858567,0.089930655,0.09041981640944882,-0.44724738479528425,-0.9464688347952843,False
INTC,INTC|hyperliquid:xyz:INTC|rh_lighter:30,2026-09-29T05:14:46.173118+00:00,2026-09-29T05:14:46.173118+00:00,0,0.0,True,-0.11494252873562871,False,0.7800098100000046,0.19007412000000462,1.217999999999961,0.08999019,0.08998236,-0.5279725499999564,-1.0279180499999563,False
INTC,INTC|hyperliquid:xyz:INTC|rh_lighter:30,2026-09-29T05:14:46.173118+00:00,2026-09-29T05:19:46.216680+00:00,5,0.043561458587646484,True,-0.11494252873562871,False,0.7800098100000046,0.19007412000000462,1.2180000000000746,0.08999019,0.08995887,-0.52794906000007,-1.02789456000007,False
INTC,INTC|hyperliquid:xyz:INTC|rh_lighter:30,2026-09-29T05:14:46.173118+00:00,2026-09-29T05:30:46.222972+00:00,15,60.04985427856445,True,-0.11494252873562871,False,0.7800098100000046,0.19007412000000462,1.3657918757191965,0.08999019,0.08993538,-0.6757174457191919,-1.1756629457191918,False
INTC,INTC|hyperliquid:xyz:INTC|rh_lighter:30,2026-09-29T05:14:46.173118+00:00,2026-09-29T05:44:46.209109+00:00,30,0.03599095344543457,True,0.22988505747127963,True,0.7800098100000046,0.19007412000000462,1.0928936009172503,0.08999019,0.08966133,-0.4025451209172457,-0.9024906209172456,False
INTC,INTC|hyperliquid:xyz:INTC|rh_lighter:30,2026-09-29T05:14:46.173118+00:00,2026-09-29T06:14:46.220708+00:00,60,0.04758954048156738,False,-0.6896551724137834,False,0.7800098100000046,0.19007412000000462,1.0439999999999827,0.08999019,0.09045998999999999,-0.35445017999997813,-0.8543956799999781,False
CRCL,CRCL|hyperliquid:xyz:CRCL|lighter:121,2026-09-29T05:15:36.680680+00:00,2026-09-29T05:15:36.680680+00:00,0,0.0,True,-0.08525149190110604,False,0.5903457978001148,0.000383805600114806,0.9510537875426053,0.0899942022,0.08998554627069114,-0.45069353601318163,-0.9506613260131815,False
CRCL,CRCL|hyperliquid:xyz:CRCL|lighter:121,2026-09-29T05:15:36.680680+00:00,2026-09-29T05:20:57.377055+00:00,5,20.696375608444214,True,-0.12787723785167016,False,0.5903457978001148,0.000383805600114806,0.7037999999997737,0.0899942022,0.09004698720000001,-0.203501189399659,-0.7034689793996589,False
CRCL,CRCL|hyperliquid:xyz:CRCL|lighter:121,2026-09-29T05:15:36.680680+00:00,2026-09-29T05:31:54.566458+00:00,15,77.88577842712402,True,0.02557544757033625,True,0.5903457978001148,0.000383805600114806,0.6903764331374305,0.0899942022,0.0899118576,-0.18994249293731574,-0.6899102829373157,False
CRCL,CRCL|hyperliquid:xyz:CRCL|lighter:121,2026-09-29T05:15:36.680680+00:00,2026-09-29T05:46:36.305797+00:00,30,59.62511706352234,True,-0.034100596760444635,False,0.5903457978001148,0.000383805600114806,1.1583710114274481,0.0899942022,0.089924526,-0.6579497396273334,-1.1579175296273334,False
NBIS,NBIS|hyperliquid:xyz:NBIS|lighter:189,2026-09-29T05:15:41.702611+00:00,2026-09-29T05:15:41.702611+00:00,0,0.0,True,0.0,True,0.5999576799998774,0.010991359999877381,1.0849999999999227,0.08984232,0.08981847,-0.5748607900000453,-1.0739847900000452,False
NBIS,NBIS|hyperliquid:xyz:NBIS|lighter:189,2026-09-29T05:15:41.702611+00:00,2026-09-29T05:22:39.130355+00:00,5,117.42774367332458,True,0.0,True,0.5999576799998774,0.010991359999877381,1.1301000000001977,0.08984232,0.08987690699999999,-0.6200192270003203,-1.1191432270003203,False
NBIS,NBIS|hyperliquid:xyz:NBIS|lighter:189,2026-09-29T05:15:41.702611+00:00,2026-09-29T05:31:59.745405+00:00,15,78.04279351234436,True,0.23041474654377225,True,0.5999576799998774,0.010991359999877381,0.7228344827585715,0.08984232,0.08955420889655172,-0.21243101165524586,-0.7115550116552458,False
NBIS,NBIS|hyperliquid:xyz:NBIS|lighter:189,2026-09-29T05:15:41.702611+00:00,2026-09-29T05:46:41.649253+00:00,30,59.94664144515991,True,0.23041474654377225,True,0.5999576799998774,0.010991359999877381,0.9114000000000715,0.08984232,0.08951380199999999,-0.4009561220001941,-0.900080122000194,False
NBIS,NBIS|hyperliquid:xyz:NBIS|lighter:189,2026-09-29T05:15:41.702611+00:00,2026-09-29T06:16:05.642359+00:00,60,23.93974804878235,False,-0.9216589861751112,False,0.5999576799998774,0.010991359999877381,1.0490688372093473,0.08984232,0.09054821980465116,-0.5396593770141211,-1.038783377014121,False
XPL,XPL|lighter:71|hyperliquid:XPL,2026-09-29T05:15:47.049370+00:00,2026-09-29T05:15:47.049370+00:00,0,0.0,True,-0.17339370002890098,False,1.2364684466000098,0.28571278020000984,2.4273498717552684,0.45075755339999996,0.45076319718596936,-1.641644622341228,-2.141642735341228,False
XPL,XPL|lighter:71|hyperliquid:XPL,2026-09-29T05:15:47.049370+00:00,2026-09-29T05:22:44.530916+00:00,5,117.48154640197754,True,-0.02889895000481868,False,1.2364684466000098,0.28571278020000984,2.404409849200192,0.45075755339999996,0.4501281491087685,-1.618069551708951,-2.118067664708951,False
XPL,XPL|lighter:71|hyperliquid:XPL,2026-09-29T05:15:47.049370+00:00,2026-09-29T05:32:05.274268+00:00,15,78.22489786148071,True,0.25045756670840635,True,1.2364684466000098,0.28571278020000984,2.3078099154416805,0.45075755339999996,0.4488376018140243,-1.520179070655695,-2.020177183655695,False
XPL,XPL|lighter:71|hyperliquid:XPL,2026-09-29T05:15:47.049370+00:00,2026-09-29T05:46:47.151235+00:00,30,60.1018648147583,True,0.192659666698769,True,1.2364684466000098,0.28571278020000984,2.4173337728102524,0.45075755339999996,0.4491265696977646,-1.6299918959080073,-2.1299900089080075,False
HBAR,HBAR|lighter:59|hyperliquid:HBAR,2026-09-29T05:15:56.348292+00:00,2026-09-29T05:15:56.348292+00:00,0,0.0,True,-0.2244271202456849,False,1.0855204899999877,0.13483718399998762,3.1754746262579374,0.45068751,0.45099228599999996,-2.5409464222579494,-3.0409422182579493,False
HBAR,HBAR|lighter:59|hyperliquid:HBAR,2026-09-29T05:15:56.348292+00:00,2026-09-29T05:21:35.196724+00:00,5,38.84843158721924,True,-0.12993149066855558,False,1.0855204899999877,0.13483718399998762,3.1344125890007035,0.45068751,0.4505457062522768,-2.499437805252992,-2.999433601252992,False
HBAR,HBAR|lighter:59|hyperliquid:HBAR,2026-09-29T05:15:56.348292+00:00,2026-09-29T05:32:14.597739+00:00,15,78.24944686889648,True,0.1063075832742788,True,1.0855204899999877,0.13483718399998762,2.669257376991368,0.45068751,0.44949714394938056,-2.033234030940761,-2.5332298269407607,False
HBAR,HBAR|lighter:59|hyperliquid:HBAR,2026-09-29T05:15:56.348292+00:00,2026-09-29T05:46:56.321212+00:00,30,59.97291970252991,True,-0.8740845735884739,False,1.0855204899999877,0.13483718399998762,2.808677214251702,0.45068751,0.45396385200000006,-2.1771205762517143,-2.677116372251714,False
HBAR,HBAR|lighter:59|hyperliquid:HBAR,2026-09-29T05:15:56.348292+00:00,2026-09-29T06:16:18.816877+00:00,60,22.46858525276184,False,0.011811953697149491,True,1.0855204899999877,0.13483718399998762,2.9269402711704515,0.45068751,0.44991356991744424,-2.291333351087908,-2.791329147087908,False
AAPL,AAPL|hyperliquid:xyz:AAPL|rh_lighter:10,2026-09-29T05:17:30.484524+00:00,2026-09-29T05:17:30.484524+00:00,0,0.0,True,-0.10118043844855595,False,0.591954837500029,0.0019865500000290637,1.0673999999999069,0.0899951625,0.0899898255,-0.5654349879998779,-1.0654081129998778,False
AAPL,AAPL|hyperliquid:xyz:AAPL|rh_lighter:10,2026-09-29T05:17:30.484524+00:00,2026-09-29T05:23:30.458644+00:00,5,59.974119663238525,True,-0.10118043844855595,False,0.591954837500029,0.0019865500000290637,0.9191500000000588,0.0899951625,0.089997831,-0.4171929935000298,-0.9171661185000297,False
AAPL,AAPL|hyperliquid:xyz:AAPL|rh_lighter:10,2026-09-29T05:17:30.484524+00:00,2026-09-29T05:33:30.187589+00:00,15,59.703065156936646,True,-0.03372681281618162,False,0.591954837500029,0.0019865500000290637,1.0377500000000737,0.0899951625,0.089912439,-0.5357076015000447,-1.0356807265000447,False
AAPL,AAPL|hyperliquid:xyz:AAPL|rh_lighter:10,2026-09-29T05:17:30.484524+00:00,2026-09-29T05:48:30.566015+00:00,30,60.081491231918335,True,-0.13490725126475978,False,0.591954837500029,0.0019865500000290637,0.9191499999999451,0.0899951625,0.090029853,-0.41722501549991614,-0.9171981404999161,False
AAPL,AAPL|hyperliquid:xyz:AAPL|rh_lighter:10,2026-09-29T05:17:30.484524+00:00,2026-09-29T06:18:29.192858+00:00,60,58.70833349227905,False,-0.03372681281618162,False,0.591954837500029,0.0019865500000290637,0.9488000000000056,0.0899951625,0.089944461,-0.44678962349997675,-0.9467627484999768,False
MSFT,MSFT|hyperliquid:xyz:MSFT|rh_lighter:14,2026-09-29T05:17:38.459061+00:00,2026-09-29T05:17:38.459061+00:00,0,0.0,True,-0.10141987829614951,False,0.6186789912000923,0.02872482240009222,0.9708966822336151,0.08999300880000001,0.08998716006822334,-0.4422048511017461,-0.9421660111017461,False
MSFT,MSFT|hyperliquid:xyz:MSFT|rh_lighter:14,2026-09-29T05:17:38.459061+00:00,2026-09-29T05:22:38.460674+00:00,5,0.0016131401062011719,True,-0.15212981744421317,False,0.6186789912000923,0.02872482240009222,1.1950079634331132,0.08999300880000001,0.0899972686805485,-0.6663262409135694,-1.1662874009135695,False
MSFT,MSFT|hyperliquid:xyz:MSFT|rh_lighter:14,2026-09-29T05:17:38.459061+00:00,2026-09-29T05:33:38.197493+00:00,15,59.73843169212341,True,0.0,True,0.6186789912000923,0.02872482240009222,1.1876489999999649,0.08999300880000001,0.0898882956,-0.6588583043998726,-1.1588194643998726,False
MSFT,MSFT|hyperliquid:xyz:MSFT|rh_lighter:14,2026-09-29T05:17:38.459061+00:00,2026-09-29T05:48:38.462108+00:00,30,60.00304675102234,True,-0.050709939148063654,False,0.6186789912000923,0.02872482240009222,1.262079999999969,0.08999300880000001,0.0899184672,-0.7333194759998767,-1.2332806359998767,False
MSFT,MSFT|hyperliquid:xyz:MSFT|rh_lighter:14,2026-09-29T05:17:38.459061+00:00,2026-09-29T06:18:38.289971+00:00,60,59.830910205841064,False,-0.050709939148063654,False,0.6186789912000923,0.02872482240009222,1.1361421369863365,0.08999300880000001,0.08994224915981734,-0.6074053949460615,-1.1073665549460614,False
NBIS,NBIS|hyperliquid:xyz:NBIS|lighter:189,2026-09-29T05:18:22.179038+00:00,2026-09-29T05:18:22.179038+00:00,0,0.0,True,0.0,True,0.6912955980000126,0.10192229600001274,1.0008000000001402,0.089904402,0.08989244999999998,-0.39939685200012764,-0.8988657520001275,False
NBIS,NBIS|hyperliquid:xyz:NBIS|lighter:189,2026-09-29T05:18:22.179038+00:00,2026-09-29T05:23:59.063079+00:00,5,36.88404059410095,True,0.0,True,0.6912955980000126,0.10192229600001274,0.9574000000001206,0.089904402,0.08989245,-0.35599685200010805,-0.855465752000108,False
NBIS,NBIS|hyperliquid:xyz:NBIS|lighter:189,2026-09-29T05:18:22.179038+00:00,2026-09-29T05:34:40.154625+00:00,15,77.97558689117432,True,0.4608294930875667,True,0.6912955980000126,0.10192229600001274,1.0008876146788452,0.089904402,0.0893221661146789,-0.3989141827935116,-0.8983830827935115,False
NBIS,NBIS|hyperliquid:xyz:NBIS|lighter:189,2026-09-29T05:18:22.179038+00:00,2026-09-29T05:49:22.140449+00:00,30,59.96141052246094,True,0.23041474654377225,True,0.6912955980000126,0.10192229600001274,0.8056436781607772,0.089904402,0.08966784206896554,-0.2040159222297302,-0.7034848222297301,False
NBIS,NBIS|hyperliquid:xyz:NBIS|lighter:189,2026-09-29T05:18:22.179038+00:00,2026-09-29T06:18:45.588472+00:00,60,23.409433603286743,False,-0.691244239631339,False,0.6912955980000126,0.10192229600001274,1.0313290023202626,0.089904402,0.09047560238979117,-0.4305090067100412,-0.9299779067100411,False
INTC,INTC|hyperliquid:xyz:INTC|rh_lighter:30,2026-09-29T05:18:46.182655+00:00,2026-09-29T05:18:46.182655+00:00,0,0.0,True,-0.11494252873562871,False,0.6060724500001401,0.016547400000140156,1.1300989643267485,0.08992754999999998,0.08991197109321059,-0.613938485419819,-1.113535985419819,False
INTC,INTC|hyperliquid:xyz:INTC|rh_lighter:30,2026-09-29T05:18:46.182655+00:00,2026-09-29T05:23:46.424875+00:00,5,0.24222040176391602,True,0.0,True,0.6060724500001401,0.016547400000140156,1.0439999999999827,0.08992754999999998,0.08982576,-0.5277533099998426,-1.0273508099998425,False
INTC,INTC|hyperliquid:xyz:INTC|rh_lighter:30,2026-09-29T05:18:46.182655+00:00,2026-09-29T05:34:46.270575+00:00,15,60.08791971206665,True,0.45977011494253706,True,0.6060724500001401,0.016547400000140156,1.1309999999999718,0.08992754999999998,0.08944209,-0.6143696399998317,-1.1139671399998317,False
INTC,INTC|hyperliquid:xyz:INTC|rh_lighter:30,2026-09-29T05:18:46.182655+00:00,2026-09-29T05:48:46.481739+00:00,30,0.299083948135376,True,0.22988505747127963,True,0.6060724500001401,0.016547400000140156,1.217999999999961,0.08992754999999998,0.08960652,-0.7015340699998208,-1.2011315699998208,False
INTC,INTC|hyperliquid:xyz:INTC|rh_lighter:30,2026-09-29T05:18:46.182655+00:00,2026-09-29T06:18:46.498848+00:00,60,0.3161928653717041,False,-0.5747126436781436,False,0.6060724500001401,0.016547400000140156,1.1309999999998581,0.08992754999999998,0.0903582,-0.615285749999718,-1.1148832499997179,False
META,META|hyperliquid:xyz:META|lighter:117,2026-09-29T05:19:22.608599+00:00,2026-09-29T05:19:22.608599+00:00,0,0.0,True,-0.07132667617688604,False,0.6390938488000546,0.04944685760005468,0.8552200000000312,0.08994615119999999,0.0899398422,-0.30606599339997664,-0.8057668333999766,False
META,META|hyperliquid:xyz:META|lighter:117,2026-09-29T05:19:22.608599+00:00,2026-09-29T05:24:59.110016+00:00,5,36.50141716003418,True,-0.07132667617688604,False,0.6390938488000546,0.04944685760005468,0.8214158886507903,0.08994615119999999,0.08992648117002142,-0.27224852102075714,-0.7719493610207571,False
META,META|hyperliquid:xyz:META|lighter:117,2026-09-29T05:19:22.608599+00:00,2026-09-29T05:35:40.463083+00:00,15,77.85448408126831,True,0.21398002853068032,True,0.6390938488000546,0.04944685760005468,0.6729599999999891,0.08994615119999999,0.0896988384,-0.12356498959993457,-0.6232658295999346,False
META,META|hyperliquid:xyz:META|lighter:117,2026-09-29T05:19:22.608599+00:00,2026-09-29T05:50:22.137026+00:00,30,59.52842664718628,True,0.14265335235377208,True,0.6390938488000546,0.04944685760005468,0.8064845227920614,0.08994615119999999,0.0897404778,-0.25713115179200685,-0.7568319917920068,False
META,META|hyperliquid:xyz:META|lighter:117,2026-09-29T05:19:22.608599+00:00,2026-09-29T06:19:44.459025+00:00,60,21.850425481796265,False,-0.28530670470756636,False,0.6390938488000546,0.04944685760005468,0.6706764849785714,0.08994615119999999,0.0901669662,-0.12174960237851681,-0.6214504423785168,False
XPL,XPL|lighter:71|hyperliquid:XPL,2026-09-29T05:19:48.196489+00:00,2026-09-29T05:19:48.196489+00:00,0,0.0,True,-0.18300905413215496,False,1.0096595454999409,0.05902073999994084,2.3670960000000605,0.4506484545,0.45078228719999996,-1.8082187417001196,-2.3082090927001198,False
XPL,XPL|lighter:71|hyperliquid:XPL,2026-09-29T05:19:48.196489+00:00,2026-09-29T05:25:24.656280+00:00,5,36.45979046821594,True,-0.5297630514351725,False,1.0096595454999409,0.05902073999994084,2.585874005035407,0.4506484545,0.45235451885237726,-2.0285689783878436,-2.5285593293878437,False
XPL,XPL|lighter:71|hyperliquid:XPL,2026-09-29T05:19:48.196489+00:00,2026-09-29T05:36:05.732631+00:00,15,77.53614163398743,True,0.4141783856675074,True,1.0096595454999409,0.05902073999994084,2.8762860448919128,0.4506484545,0.44813799179999997,-2.314764491191972,-2.814754842191972,False
XPL,XPL|lighter:71|hyperliquid:XPL,2026-09-29T05:19:48.196489+00:00,2026-09-29T05:50:47.228573+00:00,30,59.03208351135254,True,-0.48160277403197504,False,1.0096595454999409,0.05902073999994084,2.793859303910267,0.4506484545,0.45214230568675956,-2.236342064097086,-2.736332415097086,False
XPL,XPL|lighter:71|hyperliquid:XPL,2026-09-29T05:19:48.196489+00:00,2026-09-29T06:20:08.494632+00:00,60,20.298142910003662,False,-0.9150452706607637,False,1.0096595454999409,0.05902073999994084,2.8566567020513958,0.4506484545,0.4541205875090989,-2.3011177440605537,-2.801108095060554,False
HBAR,HBAR|lighter:59|hyperliquid:HBAR,2026-09-29T05:19:57.254400+00:00,2026-09-29T05:19:57.254400+00:00,0,0.0,True,-0.16621156357592426,False,1.0109813705001147,0.060332303500114814,2.065312788678739,0.4506536295,0.4507302252549054,-1.5050616434335296,-2.0050570809335295,False
HBAR,HBAR|lighter:59|hyperliquid:HBAR,2026-09-29T05:19:57.254400+00:00,2026-09-29T05:25:34.127806+00:00,5,36.873406171798706,True,-0.023744509082279652,False,1.0109813705001147,0.060332303500114814,2.5780021339509176,0.4506536295,0.45008915496027796,-2.017109918411081,-2.517105355911081,False
HBAR,HBAR|lighter:59|hyperliquid:HBAR,2026-09-29T05:19:57.254400+00:00,2026-09-29T05:36:14.861073+00:00,15,77.60667276382446,True,0.20182832719932708,True,1.0109813705001147,0.060332303500114814,2.848561795379169,0.4506536295,0.44905056525586495,-2.286630990134919,-2.786626427634919,False
HBAR,HBAR|lighter:59|hyperliquid:HBAR,2026-09-29T05:19:57.254400+00:00,2026-09-29T05:50:56.568318+00:00,30,59.313918113708496,True,-0.22557283628160674,False,1.0109813705001147,0.060332303500114814,2.5837442251309994,0.4506536295,0.450975843,-2.023738697630885,-2.523734135130885,False
HBAR,HBAR|lighter:59|hyperliquid:HBAR,2026-09-29T05:19:57.254400+00:00,2026-09-29T06:20:19.184827+00:00,60,21.930427312850952,False,0.21370058174048356,True,1.0109813705001147,0.060332303500114814,2.210782544840754,0.4506536295,0.44903907787833197,-1.6488402522189711,-2.148835689718971,False
ZEC,ZEC|hyperliquid:ZEC|lighter:90,2026-09-29T05:20:06.659260+00:00,2026-09-29T05:20:06.659260+00:00,0,0.0,True,0.0,True,1.2032081999999154,0.2615453999999154,2.169360000000097,0.44605079999999997,0.44592119999999996,-1.4120730000001815,-1.9076850000001815,False
ZEC,ZEC|hyperliquid:ZEC|lighter:90,2026-09-29T05:20:06.659260+00:00,2026-09-29T05:25:43.304742+00:00,5,36.645482778549194,True,0.0,True,1.2032081999999154,0.2615453999999154,0.8597209999999222,0.44605079999999997,0.4492583999999999,-0.10577120000000667,-0.6013832000000067,False
ZEC,ZEC|hyperliquid:ZEC|lighter:90,2026-09-29T05:20:06.659260+00:00,2026-09-29T05:36:24.358172+00:00,15,77.69891214370728,True,0.0,True,1.2032081999999154,0.2615453999999154,0.4958799999999428,0.44605079999999997,0.44632305000000005,0.2610051499999726,-0.2346068500000274,False
ZEC,ZEC|hyperliquid:ZEC|lighter:90,2026-09-29T05:20:06.659260+00:00,2026-09-29T05:51:05.945500+00:00,30,59.286240577697754,True,0.0,True,1.2032081999999154,0.2615453999999154,0.8928000000000793,0.44605079999999997,0.448578,-0.13816980000016382,-0.6337818000001638,False
INTC,INTC|hyperliquid:xyz:INTC|rh_lighter:30,2026-09-29T05:20:46.191668+00:00,2026-09-29T05:20:46.191668+00:00,0,0.0,True,-0.11481056257177658,False,0.606823958000053,0.016981016000052918,1.1323000000001002,0.089976042,0.08996820300000001,-0.6154442450000472,-1.1153111450000472,False
INTC,INTC|hyperliquid:xyz:INTC|rh_lighter:30,2026-09-29T05:20:46.191668+00:00,2026-09-29T05:25:46.474351+00:00,5,0.2826833724975586,True,0.0,True,0.606823958000053,0.016981016000052918,1.0452000000000226,0.089976042,0.08988981300000001,-0.5282658549999696,-1.0281327549999697,False
INTC,INTC|hyperliquid:xyz:INTC|rh_lighter:30,2026-09-29T05:20:46.191668+00:00,2026-09-29T05:35:46.303670+00:00,15,0.11200213432312012,True,0.344431687715252,True,0.606823958000053,0.016981016000052918,1.1775441647597518,0.089976042,0.08952514702517163,-0.6602453537848705,-1.1601122537848705,False
INTC,INTC|hyperliquid:xyz:INTC|rh_lighter:30,2026-09-29T05:20:46.191668+00:00,2026-09-29T05:50:46.496617+00:00,30,0.3049485683441162,True,0.11481056257174327,True,0.606823958000053,0.016981016000052918,1.2194000000000642,0.089976042,0.08975655,-0.7023325920000113,-1.2021994920000114,False
INTC,INTC|hyperliquid:xyz:INTC|rh_lighter:30,2026-09-29T05:20:46.191668+00:00,2026-09-29T06:20:46.516434+00:00,60,0.3247659206390381,False,-0.8036739380023028,False,0.606823958000053,0.016981016000052918,1.1322999999998729,0.089976042,0.09052477200000002,-0.6160008139998199,-1.1158677139998199,False
NBIS,NBIS|hyperliquid:xyz:NBIS|lighter:189,2026-09-29T05:22:39.130355+00:00,2026-09-29T05:22:39.130355+00:00,0,0.0,True,0.0,True,0.6479073160001066,0.05861083200010675,1.1301000000001977,0.08989268399999999,0.08987690699999999,-0.5720695910000911,-1.071473391000091,False
NBIS,NBIS|hyperliquid:xyz:NBIS|lighter:189,2026-09-29T05:22:39.130355+00:00,2026-09-29T05:27:59.411659+00:00,5,20.281303882598877,True,0.0,True,0.6479073160001066,0.05861083200010675,1.128400000000056,0.08989268399999999,0.089744256,-0.5702369399999494,-1.0696407399999495,False
NBIS,NBIS|hyperliquid:xyz:NBIS|lighter:189,2026-09-29T05:22:39.130355+00:00,2026-09-29T05:38:40.572241+00:00,15,61.44188570976257,True,0.4608294930875667,True,0.6479073160001066,0.05861083200010675,1.1718000000000757,0.08989268399999999,0.089318502,-0.613211185999969,-1.112614985999969,False
NBIS,NBIS|hyperliquid:xyz:NBIS|lighter:189,2026-09-29T05:22:39.130355+00:00,2026-09-29T05:53:22.139131+00:00,30,43.00877547264099,True,0.0,True,0.6479073160001066,0.05861083200010675,1.2151999999999816,0.08989268399999999,0.089724726,-0.657017409999875,-1.156421209999875,False
NBIS,NBIS|hyperliquid:xyz:NBIS|lighter:189,2026-09-29T05:22:39.130355+00:00,2026-09-29T06:22:46.209253+00:00,60,7.078897476196289,False,-0.9216589861751112,False,0.6479073160001066,0.05861083200010675,1.1718000000000757,0.08989268399999999,0.09070513200000001,-0.614597815999969,-1.1140016159999688,False
AMZN,AMZN|hyperliquid:xyz:AMZN|rh_lighter:11,2026-09-29T05:22:43.476220+00:00,2026-09-29T05:22:43.476220+00:00,0,0.0,True,-0.09844942160963654,False,0.6413522697000457,0.05143270440004577,1.0970100000000684,0.0899877303,0.08998041689999998,-0.5456381472000228,-1.0455699822000226,False
AMZN,AMZN|hyperliquid:xyz:AMZN|rh_lighter:11,2026-09-29T05:22:43.476220+00:00,2026-09-29T05:27:43.730052+00:00,5,0.2538321018218994,True,-0.07383706620723851,False,0.6413522697000457,0.05143270440004577,1.1376399999999194,0.0899877303,0.0899584767,-0.5862462069998737,-1.0861780419998737,False
AMZN,AMZN|hyperliquid:xyz:AMZN|rh_lighter:11,2026-09-29T05:22:43.476220+00:00,2026-09-29T05:37:43.491800+00:00,15,0.015580177307128906,True,0.04922471080484048,True,0.6413522697000457,0.05143270440004577,1.2425383640835435,0.0899877303,0.08982470804723246,-0.6910108024307302,-1.1909426374307301,False
AMZN,AMZN|hyperliquid:xyz:AMZN|rh_lighter:11,2026-09-29T05:22:43.476220+00:00,2026-09-29T05:52:43.665320+00:00,30,0.1891005039215088,True,0.0,True,0.6413522697000457,0.05143270440004577,1.0970099999999547,0.0899877303,0.089881686,-0.5455394162999091,-1.045471251299909,False
AMZN,AMZN|hyperliquid:xyz:AMZN|rh_lighter:11,2026-09-29T05:22:43.476220+00:00,2026-09-29T06:22:45.270344+00:00,60,1.7941243648529053,False,-0.07383706620723851,False,0.6413522697000457,0.05143270440004577,1.1625453894087059,0.0899877303,0.08995481999999999,-0.6111479397086602,-1.11107977470866,False
MRNA,MRNA|lighter:228|hyperliquid:xyz:MRNA,2026-09-29T05:22:57.850635+00:00,2026-09-29T05:22:57.850635+00:00,0,0.0,True,0.0,True,0.5993918989998892,0.010338997999889077,1.5523000000000593,0.089908101,0.08995357800000002,-1.0428616790001701,-1.5420064790001702,False
MRNA,MRNA|lighter:228|hyperliquid:xyz:MRNA,2026-09-29T05:22:57.850635+00:00,2026-09-29T05:28:18.119156+00:00,5,20.268521070480347,True,0.0,True,0.5993918989998892,0.010338997999889077,1.5262119999998731,0.089908101,0.08991045000000002,-1.016730550999984,-1.515875350999984,False
MRNA,MRNA|lighter:228|hyperliquid:xyz:MRNA,2026-09-29T05:22:57.850635+00:00,2026-09-29T05:38:59.212459+00:00,15,61.36182427406311,True,0.1956947162426559,True,0.5993918989998892,0.010338997999889077,1.3992527363280942,0.089908101,0.08981688909375,-0.889677726421955,-1.3888225264219551,False
MRNA,MRNA|lighter:228|hyperliquid:xyz:MRNA,2026-09-29T05:22:57.850635+00:00,2026-09-29T05:53:40.701774+00:00,30,42.85113978385925,True,-0.1956947162426781,False,0.5993918989998892,0.010338997999889077,1.3550517647061042,0.089908101,0.09006459765882355,-0.8457244633650386,-1.3448692633650388,False
MRNA,MRNA|lighter:228|hyperliquid:xyz:MRNA,2026-09-29T05:22:57.850635+00:00,2026-09-29T06:23:04.621238+00:00,60,6.770603656768799,False,-0.5870841487279899,False,0.5993918989998892,0.010338997999889077,1.2516482283461983,0.089908101,0.09042321134055116,-0.7426795406868603,-1.2418243406868603,False
META,META|hyperliquid:xyz:META|lighter:117,2026-09-29T05:23:39.051414+00:00,2026-09-29T05:23:39.051414+00:00,0,0.0,True,-0.07127583749110267,False,0.6536226249999265,0.06383649999992658,0.9259799999999814,0.089967375,0.08996106150000001,-0.3623184365000549,-0.8621371865000549,False
META,META|hyperliquid:xyz:META|lighter:117,2026-09-29T05:23:39.051414+00:00,2026-09-29T05:28:59.465019+00:00,5,20.41360569000244,True,-0.07127583749110267,False,0.6536226249999265,0.06383649999992658,0.7155299999999443,0.089967375,0.08996990040000001,-0.1518772754000178,-0.6516960254000178,False
META,META|hyperliquid:xyz:META|lighter:117,2026-09-29T05:23:39.051414+00:00,2026-09-29T05:39:40.590255+00:00,15,61.538840770721436,True,0.07127583749109156,True,0.6536226249999265,0.06383649999992658,0.7996900142451295,0.089967375,0.08984615759871793,-0.23591354684392102,-0.735732296843921,False
META,META|hyperliquid:xyz:META|lighter:117,2026-09-29T05:23:39.051414+00:00,2026-09-29T05:54:22.192482+00:00,30,43.14106798171997,True,0.07127583749109156,True,0.6536226249999265,0.06383649999992658,0.7576199999999744,0.089967375,0.0898385796,-0.19383595460004793,-0.6936547046000479,False
META,META|hyperliquid:xyz:META|lighter:117,2026-09-29T05:23:39.051414+00:00,2026-09-29T06:23:44.494569+00:00,60,5.443154811859131,False,-0.4276550249465383,False,0.6536226249999265,0.06383649999992658,0.8387509606299091,0.089967375,0.0902906262,-0.2754189618299826,-0.7752377118299826,False
NBIS,NBIS|hyperliquid:xyz:NBIS|lighter:189,2026-09-29T05:26:39.345541+00:00,2026-09-29T05:26:39.345541+00:00,0,0.0,True,-0.22988505747125743,False,0.6495176399999072,0.059633279999907196,1.087500000000091,0.08998236,0.08997061499999999,-0.5279529750001837,-1.0278549750001837,False
NBIS,NBIS|hyperliquid:xyz:NBIS|lighter:189,2026-09-29T05:26:39.345541+00:00,2026-09-29T05:31:59.745405+00:00,5,20.399864435195923,True,0.0,True,0.6495176399999072,0.059633279999907196,0.7245000000000346,0.08998236,0.089760555,-0.16474291500012733,-0.6646449150001272,False
NBIS,NBIS|hyperliquid:xyz:NBIS|lighter:189,2026-09-29T05:26:39.345541+00:00,2026-09-29T05:42:40.799999+00:00,15,61.454458236694336,True,0.0,True,0.6495176399999072,0.059633279999907196,1.2180000000000746,0.08998236,0.08977877999999999,-0.6582611400001673,-1.1581631400001673,False
NBIS,NBIS|hyperliquid:xyz:NBIS|lighter:189,2026-09-29T05:26:39.345541+00:00,2026-09-29T05:57:22.607120+00:00,30,43.26157903671265,True,-0.22988505747125743,False,0.6495176399999072,0.059633279999907196,1.1801129032257904,0.08998236,0.08998968483870967,-0.6205849480645929,-1.1204869480645927,False
AMZN,AMZN|hyperliquid:xyz:AMZN|rh_lighter:11,2026-09-29T05:27:43.730052+00:00,2026-09-29T05:27:43.730052+00:00,0,0.0,True,-0.09842519685040463,False,0.6008920671998792,0.010971174399879269,1.1379199999998946,0.0899879328,0.08998061759999999,-0.6270085504000154,-1.1269415104000153,False
AMZN,AMZN|hyperliquid:xyz:AMZN|rh_lighter:11,2026-09-29T05:27:43.730052+00:00,2026-09-29T05:32:43.845562+00:00,5,0.1155097484588623,True,-0.04921259842519676,False,0.6008920671998792,0.010971174399879269,1.1379200000000083,0.0899879328,0.0899330688,-0.626961001600129,-1.126893961600129,False
AMZN,AMZN|hyperliquid:xyz:AMZN|rh_lighter:11,2026-09-29T05:27:43.730052+00:00,2026-09-29T05:42:43.740942+00:00,15,0.01089024543762207,True,0.0,True,0.6008920671998792,0.010971174399879269,1.3411200000000463,0.0899879328,0.0898782048,-0.830106137600167,-1.330039097600167,False
AMZN,AMZN|hyperliquid:xyz:AMZN|rh_lighter:11,2026-09-29T05:27:43.730052+00:00,2026-09-29T05:58:43.523052+00:00,30,59.7930006980896,True,0.0,True,0.6008920671998792,0.010971174399879269,1.1948129999999537,0.0899879328,0.0898818624,-0.6838027952000745,-1.1837357552000745,False
AMZN,AMZN|hyperliquid:xyz:AMZN|rh_lighter:11,2026-09-29T05:27:43.730052+00:00,2026-09-29T06:27:45.253633+00:00,60,1.5235810279846191,False,-0.0738188976378007,False,0.6008920671998792,0.010971174399879269,1.107107254370817,0.0899879328,0.0899659872,-0.5961811743709378,-1.0961141343709377,False
INTC,INTC|hyperliquid:xyz:INTC|rh_lighter:30,2026-09-29T05:27:46.464871+00:00,2026-09-29T05:27:46.464871+00:00,0,0.0,True,-0.11467889908256534,False,0.9564854640000624,0.36704572800006247,1.4823999999999842,0.089914536,0.08990668800000003,-0.6158212239999218,-1.1153464239999218,False
INTC,INTC|hyperliquid:xyz:INTC|rh_lighter:30,2026-09-29T05:27:46.464871+00:00,2026-09-29T05:33:46.157411+00:00,5,59.69253945350647,True,0.2293577981651307,True,0.9564854640000624,0.36704572800006247,1.1335999999998876,0.089914536,0.08960061600000001,-0.2667151519998252,-0.7662403519998251,False
INTC,INTC|hyperliquid:xyz:INTC|rh_lighter:30,2026-09-29T05:27:46.464871+00:00,2026-09-29T05:42:46.489215+00:00,15,0.02434372901916504,True,0.0,True,0.9564854640000624,0.36704572800006247,1.1335999999998876,0.089914536,0.089812512,-0.2669270479998252,-0.7664522479998251,False
INTC,INTC|hyperliquid:xyz:INTC|rh_lighter:30,2026-09-29T05:27:46.464871+00:00,2026-09-29T05:58:46.265128+00:00,30,59.8002564907074,True,-0.2293577981651529,False,0.9564854640000624,0.36704572800006247,1.2796599999999216,0.089914536,0.09004010400000001,-0.41321463999985925,-0.9127398399998592,False
MRNA,MRNA|lighter:228|hyperliquid:xyz:MRNA,2026-09-29T05:28:18.119156+00:00,2026-09-29T05:28:18.119156+00:00,0,0.0,True,-0.1953125,False,0.6208556029999241,0.030920005999924116,1.529198716242604,0.090044397,0.0900864,-0.9984295132426798,-1.49832071324268,False
MRNA,MRNA|lighter:228|hyperliquid:xyz:MRNA,2026-09-29T05:28:18.119156+00:00,2026-09-29T05:33:38.701312+00:00,5,20.58215594291687,True,-0.1953125,False,0.6208556029999241,0.030920005999924116,1.4022547788647444,0.090044397,0.09000879442661447,-0.8714079702914347,-1.3712991702914348,False
MRNA,MRNA|lighter:228|hyperliquid:xyz:MRNA,2026-09-29T05:28:18.119156+00:00,2026-09-29T05:44:19.479304+00:00,15,61.360148191452026,True,-0.1953125,False,0.6208556029999241,0.030920005999924116,0.9522498630137761,0.090044397,0.09000345600000001,-0.421397716013852,-0.921288916013852,False
MRNA,MRNA|lighter:228|hyperliquid:xyz:MRNA,2026-09-29T05:28:18.119156+00:00,2026-09-29T05:59:01.320653+00:00,30,43.20149755477905,True,-0.3906250000000111,False,0.6208556029999241,0.030920005999924116,0.9854494117646482,0.090044397,0.09026725044705881,-0.4548610592117828,-0.9547522592117829,False
MRNA,MRNA|lighter:228|hyperliquid:xyz:MRNA,2026-09-29T05:28:18.119156+00:00,2026-09-29T06:28:25.539808+00:00,60,7.420652389526367,False,-0.5859375,False,0.6208556029999241,0.030920005999924116,1.0562006758349298,0.090044397,0.09048621868762279,-0.5258312915226284,-1.0257224915226284,False
XPL,XPL|lighter:71|hyperliquid:XPL,2026-09-29T05:29:24.654777+00:00,2026-09-29T05:29:24.654777+00:00,0,0.0,True,-0.18362810476466596,False,1.1044708505500487,0.15383366110004865,2.4773420963400667,0.45067014945,0.45079693967666534,-1.8236681854666834,-2.3236352254666834,False
XPL,XPL|lighter:71|hyperliquid:XPL,2026-09-29T05:29:24.654777+00:00,2026-09-29T05:34:45.606583+00:00,5,20.95180654525757,True,0.8118295158016764,True,1.1044708505500487,0.15383366110004865,2.5000121633592016,0.45067014945,0.44636088102088006,-1.841902193830033,-2.341869233830033,False
XPL,XPL|lighter:71|hyperliquid:XPL,2026-09-29T05:29:24.654777+00:00,2026-09-29T05:45:26.745650+00:00,15,62.09087347984314,True,0.48323185464385077,True,1.1044708505500487,0.15383366110004865,2.6714367665673535,0.45067014945,0.44782005454495527,-2.01478597056226,-2.51475301056226,False
XPL,XPL|lighter:71|hyperliquid:XPL,2026-09-29T05:29:24.654777+00:00,2026-09-29T06:00:07.923518+00:00,30,43.26874089241028,False,-0.3769208466222085,False,1.1044708505500487,0.15383366110004865,2.844449322468108,0.45067014945,0.4516693916951106,-2.19164786361317,-2.69161490361317,False
HBAR,HBAR|lighter:59|hyperliquid:HBAR,2026-09-29T05:29:34.497012+00:00,2026-09-29T05:29:34.497012+00:00,0,0.0,True,-0.15342853770801135,False,0.9556121589998232,0.005010942999823242,2.310845496453794,0.45061784099999996,0.4506892809734042,-1.8059226184273751,-2.305905993427375,False
HBAR,HBAR|lighter:59|hyperliquid:HBAR,2026-09-29T05:29:34.497012+00:00,2026-09-29T05:34:54.893388+00:00,5,20.39637589454651,True,0.11802195208308053,True,0.9556121589998232,0.005010942999823242,2.62108754131782,0.45061784099999996,0.4494206250053047,-2.1148960073233014,-2.6148793823233016,False
HBAR,HBAR|lighter:59|hyperliquid:HBAR,2026-09-29T05:29:34.497012+00:00,2026-09-29T05:45:36.159636+00:00,15,61.662623167037964,True,-0.7553404933317576,False,0.9556121589998232,0.005010942999823242,2.709381052205913,0.45061784099999996,0.45341998676489476,-2.2071888799709845,-2.7071722549709847,False
HBAR,HBAR|lighter:59|hyperliquid:HBAR,2026-09-29T05:29:34.497012+00:00,2026-09-29T06:29:40.219198+00:00,60,5.7221856117248535,False,0.44848341791572377,True,0.9556121589998232,0.005010942999823242,2.3549006610269316,0.45061784099999996,0.4479529712040888,-1.8472414732311973,-2.3472248482311975,False
SAMSUNGUSD,SAMSUNGUSD|hyperliquid:xyz:SMSN|lighter:162,2026-09-29T05:29:55.660553+00:00,2026-09-29T05:29:55.660553+00:00,0,0.0,True,-0.09956192751890969,False,0.6081023199998453,0.018130639999845266,1.0345319999998992,0.08999568000000002,0.08998017840000001,-0.5164098584000539,-1.016385858400054,False
SAMSUNGUSD,SAMSUNGUSD|hyperliquid:xyz:SMSN|lighter:162,2026-09-29T05:29:55.660553+00:00,2026-09-29T05:35:16.135301+00:00,5,20.47474765777588,True,0.29868578255674016,True,0.6081023199998453,0.018130639999845266,1.8637263144728422,0.08999568000000002,0.08955436245169744,-1.3451783569246942,-1.8451543569246942,False
SAMSUNGUSD,SAMSUNGUSD|hyperliquid:xyz:SMSN|lighter:162,2026-09-29T05:29:55.660553+00:00,2026-09-29T05:45:57.620877+00:00,15,61.96032381057739,True,0.17921146953403522,True,0.6081023199998453,0.018130639999845266,1.7854372915921886,0.08999568000000002,0.08966445990375671,-1.2669994314961,-1.7669754314961,False
SAMSUNGUSD,SAMSUNGUSD|hyperliquid:xyz:SMSN|lighter:162,2026-09-29T05:29:55.660553+00:00,2026-09-29T06:00:38.742960+00:00,30,43.08240723609924,False,-0.3185981680605354,False,0.6081023199998453,0.018130639999845266,2.2528956843787,0.08999568000000002,0.09007934042840592,-1.7348727048072605,-2.2348487048072605,False
HOOD,HOOD|lighter:108|hyperliquid:xyz:HOOD,2026-09-29T05:30:13.176119+00:00,2026-09-29T05:30:13.176119+00:00,0,0.0,True,-0.08093421204763418,False,0.6013719629999583,0.011310992999958358,0.916793999999868,0.09006203699999998,0.09006982109999997,-0.4054918580999096,-0.9054907910999095,False
HOOD,HOOD|lighter:108|hyperliquid:xyz:HOOD,2026-09-29T05:30:13.176119+00:00,2026-09-29T05:35:33.651065+00:00,5,20.47494673728943,True,0.2312406058504024,True,0.6013719629999583,0.011310992999958358,0.720873048794715,0.09006203699999998,0.08978959349999999,-0.20929067929475664,-0.7092896122947565,False
HOOD,HOOD|lighter:108|hyperliquid:xyz:HOOD,2026-09-29T05:30:13.176119+00:00,2026-09-29T05:46:14.808768+00:00,15,61.632649660110474,True,0.0,True,0.6013719629999583,0.011310992999958358,0.6644090000002052,0.09006203699999998,0.0899916255,-0.15302866250024683,-0.6530275955002467,False
HOOD,HOOD|lighter:108|hyperliquid:xyz:HOOD,2026-09-29T05:30:13.176119+00:00,2026-09-29T06:00:55.926180+00:00,30,42.75006127357483,False,-0.3121748178980144,False,0.6013719629999583,0.011310992999958358,0.47569499999997333,0.09006203699999998,0.0902722077,0.03540475529998505,-0.4645941777000149,False
INTC,INTC|hyperliquid:xyz:INTC|lighter:137,2026-09-29T05:30:29.459597+00:00,2026-09-29T05:30:29.459597+00:00,0,0.0,True,-0.11481056257177658,False,0.5981139579999883,0.008271015999988307,0.9581000000000586,0.089976042,0.08996820300000001,-0.44995424500007025,-0.9498211450000703,False
INTC,INTC|hyperliquid:xyz:INTC|lighter:137,2026-09-29T05:30:29.459597+00:00,2026-09-29T05:35:49.650807+00:00,5,20.1912100315094,True,0.344431687715252,True,0.5981139579999883,0.008271015999988307,0.7246241647596889,0.089976042,0.08953298602517164,-0.21604319278487227,-0.7159100927848723,False
INTC,INTC|hyperliquid:xyz:INTC|lighter:137,2026-09-29T05:30:29.459597+00:00,2026-09-29T05:46:31.131537+00:00,15,61.67194080352783,True,0.22962112514350874,True,0.5981139579999883,0.008271015999988307,0.7403500000000349,0.089976042,0.08966248200000002,-0.23189852400004662,-0.7317654240000466,False
INTC,INTC|hyperliquid:xyz:INTC|lighter:137,2026-09-29T05:30:29.459597+00:00,2026-09-29T06:01:11.962890+00:00,30,42.50329351425171,False,-0.3444316877152853,False,0.5981139579999883,0.008271015999988307,0.8709999999999809,0.089976042,0.0901485,-0.3630345419999926,-0.8629014419999926,False
INTC,INTC|hyperliquid:xyz:INTC|lighter:137,2026-09-29T05:30:29.459597+00:00,2026-09-29T06:30:37.554943+00:00,60,8.095346689224243,False,-0.9184845005740572,False,0.5981139579999883,0.008271015999988307,0.46163000000001375,0.089976042,0.09075994200000001,0.045724015999974554,-0.4541428840000255,False
MRNA,MRNA|lighter:228|hyperliquid:xyz:MRNA,2026-09-29T05:30:58.369056+00:00,2026-09-29T05:30:58.369056+00:00,0,0.0,True,0.0,True,0.6335934199999446,0.04456758999994459,1.5330000000001291,0.08990658,0.08994724200000001,-0.9893538220001846,-1.4884730720001846,False
MRNA,MRNA|lighter:228|hyperliquid:xyz:MRNA,2026-09-29T05:30:58.369056+00:00,2026-09-29T05:36:19.121138+00:00,5,20.752082109451294,True,0.1956947162426559,True,0.6335934199999446,0.04456758999994459,1.4349478828124802,0.08990658,0.08974326018164062,-0.8910977229941762,-1.3902169729941762,False
MRNA,MRNA|lighter:228|hyperliquid:xyz:MRNA,2026-09-29T05:30:58.369056+00:00,2026-09-29T05:47:00.325233+00:00,15,61.95617747306824,True,0.0,True,0.6335934199999446,0.04456758999994459,1.2023569999998927,0.08990658,0.08983686600000002,-0.6586004459999482,-1.157719695999948,False
MRNA,MRNA|lighter:228|hyperliquid:xyz:MRNA,2026-09-29T05:30:58.369056+00:00,2026-09-29T06:01:41.506484+00:00,30,43.137428283691406,False,-0.1956947162426781,False,0.6335934199999446,0.04456758999994459,1.3285999999999376,0.08990658,0.09016799400000002,-0.785174573999993,-1.284293823999993,False
MRNA,MRNA|lighter:228|hyperliquid:xyz:MRNA,2026-09-29T05:30:58.369056+00:00,2026-09-29T06:31:05.718496+00:00,60,7.349440574645996,False,-0.5870841487279899,False,0.6335934199999446,0.04456758999994459,1.2303230314960274,0.08990658,0.090457731,-0.6871873424960828,-1.186306592496083,False
AMZN,AMZN|hyperliquid:xyz:AMZN|rh_lighter:11,2026-09-29T05:31:43.491819+00:00,2026-09-29T05:31:43.491819+00:00,0,0.0,True,-0.0983767830791793,False,0.6012390134001576,0.011363656800157773,1.0978199999998424,0.08998098659999998,0.08997000840000001,-0.5865509949996848,-1.0864453649996846,False
AMZN,AMZN|hyperliquid:xyz:AMZN|rh_lighter:11,2026-09-29T05:31:43.491819+00:00,2026-09-29T05:36:43.511485+00:00,5,0.019665956497192383,True,-0.024594195769789273,False,0.6012390134001576,0.011363656800157773,1.2198000000000775,0.08998098659999998,0.08990779859999999,-0.7084687851999198,-1.2083631551999197,False
AMZN,AMZN|hyperliquid:xyz:AMZN|rh_lighter:11,2026-09-29T05:31:43.491819+00:00,2026-09-29T05:46:43.498914+00:00,15,0.0070950984954833984,True,-0.024594195769789273,False,0.6012390134001576,0.011363656800157773,1.100838742435485,0.08998098659999998,0.089911458,-0.5895111870353275,-1.0894055570353274,False
AMZN,AMZN|hyperliquid:xyz:AMZN|rh_lighter:11,2026-09-29T05:31:43.491819+00:00,2026-09-29T06:01:43.528724+00:00,30,0.036905765533447266,False,-0.0983767830791793,False,0.6012390134001576,0.011363656800157773,1.2310810979812459,0.08998098659999998,0.08996167430118168,-0.7198037588822699,-1.2196981288822697,False
AMZN,AMZN|hyperliquid:xyz:AMZN|rh_lighter:11,2026-09-29T05:31:43.491819+00:00,2026-09-29T06:31:45.216564+00:00,60,1.724745750427246,False,-0.17215937038858042,False,0.6012390134001576,0.011363656800157773,1.0164999999999509,0.08998098659999998,0.0900541746,-0.5053151611997933,-1.005209531199793,False
AAPL,AAPL|hyperliquid:xyz:AAPL|rh_lighter:10,2026-09-29T05:32:30.144337+00:00,2026-09-29T05:32:30.144337+00:00,0,0.0,True,-0.10111223458039165,False,0.6517582197000246,0.0618121044000246,1.038449999999898,0.0899917803,0.08998376940000001,-0.4766755496998734,-0.9766298846998733,False
AAPL,AAPL|hyperliquid:xyz:AAPL|rh_lighter:10,2026-09-29T05:32:30.144337+00:00,2026-09-29T05:37:30.399427+00:00,5,0.25509047508239746,True,-0.13481631277384443,False,0.6517582197000246,0.0618121044000246,0.9791100000002189,0.0899917803,0.09002649419999999,-0.41737827450019427,-0.9173326095001942,False
AAPL,AAPL|hyperliquid:xyz:AAPL|rh_lighter:10,2026-09-29T05:32:30.144337+00:00,2026-09-29T05:47:30.344109+00:00,15,0.19977188110351562,True,-0.2022244691607722,False,0.6517582197000246,0.0618121044000246,0.8307599999998274,0.0899917803,0.09008257050000001,-0.26908435079980286,-0.7690386857998028,False
AAPL,AAPL|hyperliquid:xyz:AAPL|rh_lighter:10,2026-09-29T05:32:30.144337+00:00,2026-09-29T06:02:30.207304+00:00,30,0.06296730041503906,False,-0.2022244691607722,False,0.6517582197000246,0.0618121044000246,0.9197699999999713,0.0899917803,0.09008791110000001,-0.3580996913999468,-0.8580540263999468,False
AAPL,AAPL|hyperliquid:xyz:AAPL|rh_lighter:10,2026-09-29T05:32:30.144337+00:00,2026-09-29T06:33:29.276171+00:00,60,59.131834268569946,False,-0.2022244691607722,False,0.6517582197000246,0.0618121044000246,0.8010900000000447,0.0899917803,0.0901039329,-0.23943571320002016,-0.7393900482000202,False
CRCL,CRCL|hyperliquid:xyz:CRCL|rh_lighter:24,2026-09-29T05:32:45.166452+00:00,2026-09-29T05:32:45.166452+00:00,0,0.0,True,-0.11920980926429792,False,0.656203026879817,0.06622286975981695,1.4073877442453977,0.08999697312,0.08998006176000001,-0.8411647791255807,-1.341147963125581,False
CRCL,CRCL|hyperliquid:xyz:CRCL|rh_lighter:24,2026-09-29T05:32:45.166452+00:00,2026-09-29T05:38:45.199754+00:00,5,60.033302783966064,True,0.11069482288827981,True,0.656203026879817,0.06622286975981695,1.32707199999993,0.08999697312,0.08977606848,-0.760645041600113,-1.2606282256001131,False
CRCL,CRCL|hyperliquid:xyz:CRCL|rh_lighter:24,2026-09-29T05:32:45.166452+00:00,2026-09-29T05:48:44.790668+00:00,15,59.62421631813049,True,-0.3150544959128032,False,0.656203026879817,0.06622286975981695,1.2548424375161176,0.08999697312,0.09016820064,-0.6888076112763005,-1.1887907952763006,False
CRCL,CRCL|hyperliquid:xyz:CRCL|rh_lighter:24,2026-09-29T05:32:45.166452+00:00,2026-09-29T06:02:45.179852+00:00,30,0.013400793075561523,False,-0.7833787465940101,False,0.656203026879817,0.06622286975981695,0.9779480370754072,0.08999697312,0.09062131835789906,-0.41236632855348926,-0.9123495125534893,False
XPL,XPL|lighter:71|hyperliquid:XPL,2026-09-29T05:33:25.528608+00:00,2026-09-29T05:33:25.528608+00:00,0,0.0,True,-0.22041207474844393,False,1.2872484769999555,0.3365414814999555,2.8702453673647597,0.45074652299999995,0.45097105365587786,-2.033967944020682,-2.5339284165206823,False
XPL,XPL|lighter:71|hyperliquid:XPL,2026-09-29T05:33:25.528608+00:00,2026-09-29T05:38:46.157668+00:00,5,20.62906002998352,True,0.651653090560611,True,1.2872484769999555,0.3365414814999555,2.5301462239360717,0.45074652299999995,0.4470469858007712,-1.6899447327368873,-2.1899052052368875,False
XPL,XPL|lighter:71|hyperliquid:XPL,2026-09-29T05:33:25.528608+00:00,2026-09-29T05:49:27.337972+00:00,15,61.80936408042908,True,-0.622903689506471,False,1.2872484769999555,0.3365414814999555,2.6540964648024783,0.45074652299999995,0.4527846209091611,-1.8196326087116839,-2.319593081211684,False
INTC,INTC|hyperliquid:xyz:INTC|rh_lighter:30,2026-09-29T05:33:46.157411+00:00,2026-09-29T05:33:46.157411+00:00,0,0.0,True,-0.11428571428571122,False,0.6975832499999091,0.10812899999990905,1.1374999999999318,0.08991675,0.08990887500000001,-0.5298256250000227,-1.0293631250000228,False
INTC,INTC|hyperliquid:xyz:INTC|rh_lighter:30,2026-09-29T05:33:46.157411+00:00,2026-09-29T05:38:46.603616+00:00,5,0.44620561599731445,True,-0.11428571428571122,False,0.6975832499999091,0.10812899999990905,1.2250000000000227,0.08991675,0.0899325,-0.6173492500001136,-1.1168867500001136,False
INTC,INTC|hyperliquid:xyz:INTC|rh_lighter:30,2026-09-29T05:33:46.157411+00:00,2026-09-29T05:48:46.481739+00:00,15,0.3243279457092285,True,-0.34285714285713365,False,0.6975832499999091,0.10812899999990905,1.224999999999909,0.08991675,0.09012150000000001,-0.61753825,-1.11707575,False
INTC,INTC|hyperliquid:xyz:INTC|rh_lighter:30,2026-09-29T05:33:46.157411+00:00,2026-09-29T06:03:46.302957+00:00,30,0.14554572105407715,False,-0.9142857142857119,False,0.6975832499999091,0.10812899999990905,1.0083088235295463,0.08991675,0.09073574999999999,-0.40146132352963726,-0.9009988235296373,False
AAPL,AAPL|hyperliquid:xyz:AAPL|rh_lighter:10,2026-09-29T05:34:30.408974+00:00,2026-09-29T05:34:30.408974+00:00,0,0.0,True,-0.10114632501686538,False,0.5921918565999029,0.002269583199902836,1.0562663746204635,0.08998814340000001,0.08997849824427945,-0.5540530162648399,-1.05398714626484,False
AAPL,AAPL|hyperliquid:xyz:AAPL|rh_lighter:10,2026-09-29T05:34:30.408974+00:00,2026-09-29T05:39:30.482178+00:00,5,0.07320404052734375,True,-0.13486176668914274,False,0.5921918565999029,0.002269583199902836,0.9787799999999152,0.08998814340000001,0.090025515,-0.4766136584000122,-0.9765477884000122,False
AAPL,AAPL|hyperliquid:xyz:AAPL|rh_lighter:10,2026-09-29T05:34:30.408974+00:00,2026-09-29T05:49:30.475334+00:00,15,0.0663599967956543,True,-0.1685772083614423,False,0.5921918565999029,0.002269583199902836,0.9194600000000719,0.08998814340000001,0.090065556,-0.4173336994001689,-0.9172678294001689,False
AAPL,AAPL|hyperliquid:xyz:AAPL|rh_lighter:10,2026-09-29T05:34:30.408974+00:00,2026-09-29T06:04:30.502573+00:00,30,0.09359860420227051,False,-0.1685772083614423,False,0.5921918565999029,0.002269583199902836,0.8898000000000366,0.08998814340000001,0.09005487840000001,-0.38766302180013357,-0.8875971518001335,False
AAPL,AAPL|hyperliquid:xyz:AAPL|rh_lighter:10,2026-09-29T05:34:30.408974+00:00,2026-09-29T06:35:29.372749+00:00,60,58.96377515792847,False,-0.20229265003371966,False,0.5921918565999029,0.002269583199902836,0.8898000000000366,0.08998814340000001,0.09008157239999999,-0.38768971580013356,-0.8876238458001335,False
NBIS,NBIS|hyperliquid:xyz:NBIS|lighter:189,2026-09-29T05:34:40.154625+00:00,2026-09-29T05:34:40.154625+00:00,0,0.0,True,-0.22883295194507935,False,0.6529444239999632,0.06323564799996317,1.0078061926606097,0.089955576,0.08993960044266056,-0.4448013691033069,-0.9445545691033069,False
NBIS,NBIS|hyperliquid:xyz:NBIS|lighter:189,2026-09-29T05:34:40.154625+00:00,2026-09-29T05:40:00.510314+00:00,5,20.35568904876709,True,-0.4576659038901698,False,0.6529444239999632,0.06323564799996317,1.1798999999998614,0.089955576,0.09022302000000001,-0.6171785959998982,-1.1169317959998981,False
NBIS,NBIS|hyperliquid:xyz:NBIS|lighter:189,2026-09-29T05:34:40.154625+00:00,2026-09-29T05:50:42.158423+00:00,15,62.00379800796509,True,-0.4576659038901698,False,0.6529444239999632,0.06323564799996317,0.8947951724137511,0.089955576,0.09030767443448276,-0.3321584228482706,-0.8319116228482706,False
XAG,XAG|hyperliquid:xyz:SILVER|rh_lighter:41,2026-09-29T05:35:22.296414+00:00,2026-09-29T05:35:22.296414+00:00,0,0.0,True,-0.12077294685990392,False,0.7397851576000355,0.14983863520003554,1.1619242902056612,0.0899918424,0.0899873712,-0.5121265038056257,-1.0120811838056256,False
XAG,XAG|hyperliquid:xyz:SILVER|rh_lighter:41,2026-09-29T05:35:22.296414+00:00,2026-09-29T05:40:22.482310+00:00,5,0.1858963966369629,True,-0.6038647342995085,False,0.7397851576000355,0.14983863520003554,0.9472319999998717,0.0899918424,0.0904538664,-0.2979007087998362,-0.7978553887998361,False
XAG,XAG|hyperliquid:xyz:SILVER|rh_lighter:41,2026-09-29T05:35:22.296414+00:00,2026-09-29T05:50:22.473952+00:00,15,0.17753839492797852,True,-0.6642512077294604,False,0.7397851576000355,0.14983863520003554,1.1621314723405476,0.0899918424,0.0904553568,-0.5128016715405121,-1.012756351540512,False
MSFT,MSFT|hyperliquid:xyz:MSFT|rh_lighter:14,2026-09-29T05:35:38.309878+00:00,2026-09-29T05:35:38.309878+00:00,0,0.0,True,-0.10131712259371373,False,0.6996400823999503,0.10990284479995027,1.1646600000000262,0.08995991760000001,0.0899545878,-0.5549745054000759,-1.0547518254000758,False
MSFT,MSFT|hyperliquid:xyz:MSFT|rh_lighter:14,2026-09-29T05:35:38.309878+00:00,2026-09-29T05:40:38.479714+00:00,5,0.16983628273010254,True,-0.1519756838905706,False,0.6996400823999503,0.10990284479995027,1.2238800000000083,0.08995991760000001,0.09000610919999999,-0.6142460268000579,-1.114023346800058,False
MSFT,MSFT|hyperliquid:xyz:MSFT|rh_lighter:14,2026-09-29T05:35:38.309878+00:00,2026-09-29T05:50:38.549964+00:00,15,0.24008655548095703,True,-0.20263424518743856,False,0.6996400823999503,0.10990284479995027,1.14492000000007,0.08995991760000001,0.0900540774,-0.5353339950001198,-1.0351113150001199,False
MSFT,MSFT|hyperliquid:xyz:MSFT|rh_lighter:14,2026-09-29T05:35:38.309878+00:00,2026-09-29T06:05:38.479608+00:00,30,0.16973018646240234,False,-0.2532928064842954,False,0.6996400823999503,0.10990284479995027,1.1984957034027275,0.08995991760000001,0.09008834078669375,-0.588943961789471,-1.088721281789471,False
MSFT,MSFT|hyperliquid:xyz:MSFT|rh_lighter:14,2026-09-29T05:35:38.309878+00:00,2026-09-29T06:35:38.528394+00:00,60,0.21851611137390137,False,-0.2532928064842954,False,0.6996400823999503,0.10990284479995027,1.0026807181309323,0.08995991760000001,0.09010204560000001,-0.39314268133098196,-0.892920001330982,False
AMZN,AMZN|hyperliquid:xyz:AMZN|rh_lighter:11,2026-09-29T05:35:43.490525+00:00,2026-09-29T05:35:43.490525+00:00,0,0.0,True,-0.12285012285011554,False,0.6669850899999861,0.07698567999998612,1.1809808364083665,0.08999991,0.08998885972472326,-0.6039846061331037,-1.1039841061331037,False
AMZN,AMZN|hyperliquid:xyz:AMZN|rh_lighter:11,2026-09-29T05:35:43.490525+00:00,2026-09-29T05:40:43.687394+00:00,5,0.1968696117401123,True,-0.14742014742015197,False,0.6669850899999861,0.07698567999998612,1.3165839099410732,0.08999991,0.09000794985236221,-0.7396067697934494,-1.2396062697934493,False
AMZN,AMZN|hyperliquid:xyz:AMZN|rh_lighter:11,2026-09-29T05:35:43.490525+00:00,2026-09-29T05:50:43.527571+00:00,15,0.03704667091369629,True,-0.14742014742015197,False,0.6669850899999861,0.07698567999998612,1.1396000000000868,0.08999991,0.090029214,-0.5626441240001008,-1.0626436240001007,False
AMZN,AMZN|hyperliquid:xyz:AMZN|rh_lighter:11,2026-09-29T05:35:43.490525+00:00,2026-09-29T06:05:43.639834+00:00,30,0.14930963516235352,False,-0.19656019656019152,False,0.6669850899999861,0.07698567999998612,1.2210000000001173,0.08999991,0.090054855,-0.6440697650001312,-1.1440692650001312,False
AMZN,AMZN|hyperliquid:xyz:AMZN|rh_lighter:11,2026-09-29T05:35:43.490525+00:00,2026-09-29T06:35:45.363217+00:00,60,1.872692584991455,False,-0.29484029484030394,False,0.6669850899999861,0.07698567999998612,1.261700000000019,0.08999991,0.090135441,-0.6848503510000329,-1.184849851000033,False
INTC,INTC|hyperliquid:xyz:INTC|rh_lighter:30,2026-09-29T05:35:46.303670+00:00,2026-09-29T05:35:46.303670+00:00,0,0.0,True,-0.11428571428571122,False,0.6100517500000455,0.020391000000045567,1.1829519450801627,0.08994825,0.08993628432494279,-0.66283647940506,-1.1625489794050599,False
INTC,INTC|hyperliquid:xyz:INTC|rh_lighter:30,2026-09-29T05:35:46.303670+00:00,2026-09-29T05:40:46.491822+00:00,5,0.18815183639526367,True,-0.34285714285713365,False,0.6100517500000455,0.020391000000045567,1.1375000000001592,0.08994825,0.090160875,-0.6176091250001137,-1.1173216250001137,False
INTC,INTC|hyperliquid:xyz:INTC|rh_lighter:30,2026-09-29T05:35:46.303670+00:00,2026-09-29T05:50:46.496617+00:00,15,0.1929464340209961,True,-0.34285714285713365,False,0.6100517500000455,0.020391000000045567,1.2250000000000227,0.08994825,0.09016875,-0.7051169999999772,-1.2048294999999771,False
INTC,INTC|hyperliquid:xyz:INTC|rh_lighter:30,2026-09-29T05:35:46.303670+00:00,2026-09-29T06:05:46.484978+00:00,30,0.18130826950073242,False,-0.9142857142857119,False,0.6100517500000455,0.020391000000045567,1.1151446078432627,0.08994825,0.0906885,-0.5957813578432172,-1.0954938578432172,False
HBAR,HBAR|lighter:59|hyperliquid:HBAR,2026-09-29T05:36:14.861073+00:00,2026-09-29T05:36:14.861073+00:00,0,0.0,True,-0.18921475875117721,False,1.0677959429999617,0.11711739449996172,2.8597220161136647,0.45068105699999994,0.4508098753180095,-2.2427359484317124,-2.7427334399317127,False
HBAR,HBAR|lighter:59|hyperliquid:HBAR,2026-09-29T05:36:14.861073+00:00,2026-09-29T05:41:35.397052+00:00,5,20.53597903251648,True,-0.4020813623462627,False,1.0677959429999617,0.11711739449996172,3.066670510567633,0.45068105699999994,0.45176347372975545,-2.4506380412974265,-2.9506355327974267,False
HBAR,HBAR|lighter:59|hyperliquid:HBAR,2026-09-29T05:36:14.861073+00:00,2026-09-29T05:52:16.666551+00:00,15,61.80547785758972,True,-0.5439924314096456,False,1.0677959429999617,0.11711739449996172,2.8357462449464492,0.45068105699999994,0.45243828,-2.2203885819464877,-2.7203860734464875,False
HBAR,HBAR|lighter:59|hyperliquid:HBAR,2026-09-29T05:36:14.861073+00:00,2026-09-29T06:06:57.901328+00:00,30,43.040255069732666,False,-0.6149479659413482,False,1.0677959429999617,0.11711739449996172,3.1755862027606554,0.45068105699999994,0.4527666664055212,-2.560556926166215,-3.060554417666215,False
HBAR,HBAR|lighter:59|hyperliquid:HBAR,2026-09-29T05:36:14.861073+00:00,2026-09-29T06:36:20.712199+00:00,60,5.851126194000244,False,0.674077578051091,True,1.0677959429999617,0.11711739449996172,2.231034099377325,0.45068105699999994,0.44694311169740397,-1.6101812680747676,-2.110178759574768,False
NEAR,NEAR|hyperliquid:NEAR|lighter:10,2026-09-29T05:36:31.128901+00:00,2026-09-29T05:36:31.128901+00:00,0,0.0,True,-0.23212627669452202,False,1.2338007594999079,0.28389947399990767,2.136767999999961,0.4499532405000001,0.449919981,-1.352887221500053,-1.852835266500053,False
NEAR,NEAR|hyperliquid:NEAR|lighter:10,2026-09-29T05:36:31.128901+00:00,2026-09-29T05:41:51.391538+00:00,5,20.26263666152954,True,-0.8356545961002881,False,1.2338007594999079,0.28389947399990767,1.5853440000000774,0.4499532405000001,0.45288603899999996,-0.8044292795001693,-1.3043773245001695,False
SKHYNIXUSD,SKHYNIXUSD|hyperliquid:xyz:SKHX|lighter:161,2026-09-29T05:36:59.039212+00:00,2026-09-29T05:36:59.039212+00:00,0,0.0,True,-0.12820512820512775,False,0.6861527400001559,0.09649848000015598,1.0451999999999089,0.08994726,0.08994024000000002,-0.44898749999975296,-0.9486944999997529,False
SKHYNIXUSD,SKHYNIXUSD|hyperliquid:xyz:SKHX|lighter:161,2026-09-29T05:36:59.039212+00:00,2026-09-29T05:42:19.385224+00:00,5,20.346012115478516,True,-0.38461538461538325,False,0.6861527400001559,0.09649848000015598,0.8173797683398334,0.08994726,0.09020138942084942,-0.2214284177605269,-0.7211354177605269,False
SKHYNIXUSD,SKHYNIXUSD|hyperliquid:xyz:SKHX|lighter:161,2026-09-29T05:36:59.039212+00:00,2026-09-29T05:53:00.679528+00:00,15,61.640316009521484,True,-0.7692307692307665,False,0.6861527400001559,0.09649848000015598,0.7090200000001232,0.08994726,0.09059310000000001,-0.11346035999996734,-0.6131673599999673,False
AAPL,AAPL|hyperliquid:xyz:AAPL|rh_lighter:10,2026-09-29T05:37:30.399427+00:00,2026-09-29T05:37:30.399427+00:00,0,0.0,True,-0.06745362563237434,False,0.592124853999774,0.0023140079997739926,0.9784500000001799,0.089971146,0.089965809,-0.4762909550004059,-0.9761306550004059,False
AAPL,AAPL|hyperliquid:xyz:AAPL|rh_lighter:10,2026-09-29T05:37:30.399427+00:00,2026-09-29T05:42:30.474732+00:00,5,0.07530426979064941,True,-0.13490725126475978,False,0.592124853999774,0.0023140079997739926,1.0377499999998463,0.089971146,0.090008505,-0.5356336510000723,-1.0354733510000722,False
AAPL,AAPL|hyperliquid:xyz:AAPL|rh_lighter:10,2026-09-29T05:37:30.399427+00:00,2026-09-29T05:52:30.486197+00:00,15,0.08676934242248535,True,-0.13490725126475978,False,0.592124853999774,0.0023140079997739926,0.9488000000000056,0.089971146,0.09003252149999999,-0.4467076675002316,-0.9465473675002316,False
AAPL,AAPL|hyperliquid:xyz:AAPL|rh_lighter:10,2026-09-29T05:37:30.399427+00:00,2026-09-29T06:07:30.507024+00:00,30,0.10759615898132324,False,-0.10118043844855595,False,0.592124853999774,0.0023140079997739926,0.8894999999999982,0.089971146,0.090003168,-0.38737831400022416,-0.8872180140002242,False
AAPL,AAPL|hyperliquid:xyz:AAPL|rh_lighter:10,2026-09-29T05:37:30.399427+00:00,2026-09-29T06:38:29.692402+00:00,60,59.29297471046448,False,-0.1686340640809414,False,0.592124853999774,0.0023140079997739926,0.9191499999998314,0.089971146,0.09005386950000001,-0.4170790155000574,-0.9169187155000573,False
TSLA,TSLA|hyperliquid:xyz:TSLA|rh_lighter:16,2026-09-29T05:37:36.828082+00:00,2026-09-29T05:37:36.828082+00:00,0,0.0,True,-0.10672358591249376,False,0.683612773700215,0.09369651240021509,1.0931466452992709,0.08998722629999999,0.08997617640192307,-0.4995100480009789,-0.9994390830009788,False
TSLA,TSLA|hyperliquid:xyz:TSLA|rh_lighter:16,2026-09-29T05:37:36.828082+00:00,2026-09-29T05:42:37.237142+00:00,5,0.409060001373291,True,-0.10672358591249376,False,0.683612773700215,0.09369651240021509,0.9557400000001053,0.08998722629999999,0.0899834832,-0.36211070949989027,-0.8620397444998902,False
TSLA,TSLA|hyperliquid:xyz:TSLA|rh_lighter:16,2026-09-29T05:37:36.828082+00:00,2026-09-29T05:52:37.328483+00:00,15,0.5004005432128906,True,-0.2134471718249653,False,0.683612773700215,0.09369651240021509,0.9952533401069559,0.08998722629999999,0.0900770895,-0.40171765590674086,-0.9016466909067408,False
TSLA,TSLA|hyperliquid:xyz:TSLA|rh_lighter:16,2026-09-29T05:37:36.828082+00:00,2026-09-29T06:07:37.444081+00:00,30,0.6159992218017578,False,-0.3913198150124586,False,0.683612773700215,0.09369651240021509,0.8432999999999993,0.08998722629999999,0.09026177219999999,-0.24994899849978425,-0.7498780334997841,False
TSLA,TSLA|hyperliquid:xyz:TSLA|rh_lighter:16,2026-09-29T05:37:36.828082+00:00,2026-09-29T06:37:37.178855+00:00,60,0.3507726192474365,False,-0.6403415154749181,False,0.683612773700215,0.09369651240021509,0.8432999999999993,0.08998722629999999,0.09048693330000002,-0.2501741595997843,-0.7501031945997843,False
CRCL,CRCL|hyperliquid:xyz:CRCL|rh_lighter:24,2026-09-29T05:37:45.159957+00:00,2026-09-29T05:37:45.159957+00:00,0,0.0,True,-0.12739935450992723,False,0.6474419568798762,0.057448229759876235,1.4103908288118419,0.08999904311999998,0.08998125292540692,-0.8529301248573726,-1.3529248088573727,False
CRCL,CRCL|hyperliquid:xyz:CRCL|rh_lighter:24,2026-09-29T05:37:45.159957+00:00,2026-09-29T05:43:45.313359+00:00,5,60.15340185165405,True,-0.5095974180397422,False,0.6474419568798762,0.057448229759876235,1.1593952482497798,0.08999904311999998,0.09035296956,-0.6023062609299037,-1.1023009449299037,False
CRCL,CRCL|hyperliquid:xyz:CRCL|rh_lighter:24,2026-09-29T05:37:45.159957+00:00,2026-09-29T05:52:45.483266+00:00,15,0.32330894470214844,True,-0.806862578562928,False,0.6474419568798762,0.057448229759876235,1.3849627461255523,0.08999904311999998,0.09060728795999999,-0.828128077205676,-1.328122761205676,False
INTC,INTC|hyperliquid:xyz:INTC|rh_lighter:30,2026-09-29T05:37:46.337826+00:00,2026-09-29T05:37:46.337826+00:00,0,0.0,True,-0.11415525114154557,False,0.6108120239999584,0.020890847999958384,1.0511999999999944,0.089987976,0.08998009199999998,-0.530368068000036,-1.030301268000036,False
INTC,INTC|hyperliquid:xyz:INTC|rh_lighter:30,2026-09-29T05:37:46.337826+00:00,2026-09-29T05:42:46.489215+00:00,5,0.15138959884643555,True,-0.45662100456620447,False,0.6108120239999584,0.020890847999958384,1.1387999999999465,0.089987976,0.090224496,-0.6182124719999882,-1.1181456719999883,False
INTC,INTC|hyperliquid:xyz:INTC|rh_lighter:30,2026-09-29T05:37:46.337826+00:00,2026-09-29T05:52:46.661909+00:00,15,0.3240838050842285,True,-0.6849315068493178,False,0.6108120239999584,0.020890847999958384,1.226400000000126,0.089987976,0.09042948,-0.7060174560001677,-1.2059506560001678,False
SAMSUNGUSD,SAMSUNGUSD|hyperliquid:xyz:SMSN|lighter:162,2026-09-29T05:37:56.569203+00:00,2026-09-29T05:37:56.569203+00:00,0,0.0,True,-0.13853156540668543,False,1.2239655647000656,0.6340020444000657,1.561368988902018,0.0899944353,0.08998170246099882,-0.42738512666295125,-0.9273542116629512,False
SAMSUNGUSD,SAMSUNGUSD|hyperliquid:xyz:SMSN|lighter:162,2026-09-29T05:37:56.569203+00:00,2026-09-29T05:43:16.777910+00:00,5,20.208706617355347,True,-0.5541262616267528,False,1.2239655647000656,0.6340020444000657,1.2834620000000996,0.0899944353,0.0903764421,-0.14987287740003405,-0.649841962400034,False
SAMSUNGUSD,SAMSUNGUSD|hyperliquid:xyz:SMSN|lighter:162,2026-09-29T05:37:56.569203+00:00,2026-09-29T05:53:58.047351+00:00,15,61.478147745132446,True,-0.8509796160696692,False,1.2239655647000656,0.6340020444000657,1.8493980000000647,0.0899944353,0.090590184,-0.7160226192999991,-1.215991704299999,False
NBIS,NBIS|hyperliquid:xyz:NBIS|lighter:189,2026-09-29T05:38:40.572241+00:00,2026-09-29T05:38:40.572241+00:00,0,0.0,True,-0.22883295194507935,False,0.6888476549999328,0.09916005999993277,1.1799000000000888,0.089952345,0.089935911,-0.5809882560001559,-1.0807235060001559,False
NBIS,NBIS|hyperliquid:xyz:NBIS|lighter:189,2026-09-29T05:38:40.572241+00:00,2026-09-29T05:44:00.641757+00:00,5,20.06951594352722,True,-0.6864988558352492,False,0.6888476549999328,0.09916005999993277,1.136199999999917,0.089952345,0.09033707700000002,-0.5376894219999842,-1.0374246719999842,False
NBIS,NBIS|hyperliquid:xyz:NBIS|lighter:189,2026-09-29T05:38:40.572241+00:00,2026-09-29T05:54:42.197743+00:00,15,61.625502586364746,True,-0.6864988558352492,False,0.6888476549999328,0.09916005999993277,1.212268207373313,0.089952345,0.090364608,-0.6137851603733803,-1.1135204103733802,False
META,META|hyperliquid:xyz:META|lighter:117,2026-09-29T05:42:20.564002+00:00,2026-09-29T05:42:20.564002+00:00,0,0.0,True,-0.0711743772242035,False,0.6125599084999863,0.022952641999986312,0.773030199429968,0.0899400915,0.0899350082820513,-0.2504052992120329,-0.7500724742120328,False
META,META|hyperliquid:xyz:META|lighter:117,2026-09-29T05:42:20.564002+00:00,2026-09-29T05:47:41.715450+00:00,5,21.151448726654053,True,0.0,True,0.6125599084999863,0.022952641999986312,0.7277350000000524,0.0899400915,0.08987054400000001,-0.20504563550006608,-0.7047128105000661,False
META,META|hyperliquid:xyz:META|lighter:117,2026-09-29T05:42:20.564002+00:00,2026-09-29T05:58:22.622938+00:00,15,62.05893683433533,True,-0.2135231316726105,False,0.6125599084999863,0.022952641999986312,0.7867999999999711,0.0899400915,0.090077922,-0.26431801349998474,-0.7639851884999846,False
META,META|hyperliquid:xyz:META|lighter:117,2026-09-29T05:42:20.564002+00:00,2026-09-29T06:13:03.996479+00:00,30,43.43247699737549,False,-0.5693950177935947,False,0.6125599084999863,0.022952641999986312,0.812609960629743,0.0899400915,0.0904231305,-0.29047318262975663,-0.7901403576297565,False
META,META|hyperliquid:xyz:META|lighter:117,2026-09-29T05:42:20.564002+00:00,2026-09-29T06:42:26.565652+00:00,60,6.001650333404541,False,-0.7117437722419906,False,0.6125599084999863,0.022952641999986312,0.660349999999994,0.0899400915,0.090540729,-0.13833082050000764,-0.6379979955000076,False
CRCL,CRCL|hyperliquid:xyz:CRCL|rh_lighter:24,2026-09-29T05:42:45.147372+00:00,2026-09-29T05:42:45.147372+00:00,0,0.0,True,-0.10224948875255935,False,0.6078035920599206,0.017840251119920603,1.181862448311108,0.08999440794,0.08998193147490277,-0.6640407877260901,-1.16400972072609,False
CRCL,CRCL|hyperliquid:xyz:CRCL|rh_lighter:24,2026-09-29T05:42:45.147372+00:00,2026-09-29T05:47:45.157045+00:00,5,0.009673118591308594,True,-0.0852079072937939,False,0.6078035920599206,0.017840251119920603,1.3613760000000639,0.08999440794,0.08995151088000002,-0.8435239188201432,-1.3434928518201432,False
CRCL,CRCL|hyperliquid:xyz:CRCL|rh_lighter:24,2026-09-29T05:42:45.147372+00:00,2026-09-29T05:57:45.165455+00:00,15,0.018082857131958008,True,-0.5794137695978252,False,0.6078035920599206,0.017840251119920603,1.1756448481315829,0.08999440794,0.09041520024000001,-0.6582564563116623,-1.1582253893116623,False
XPL,XPL|lighter:71|hyperliquid:XPL,2026-09-29T05:42:46.150441+00:00,2026-09-29T05:42:46.150441+00:00,0,0.0,True,-0.18232415315229122,False,1.0826144544001295,0.13199715980012955,2.7002411918863345,0.4506555456,0.4507926800363488,-2.068419417522554,-2.568381166522554,False
XPL,XPL|lighter:71|hyperliquid:XPL,2026-09-29T05:42:46.150441+00:00,2026-09-29T05:48:06.882983+00:00,5,20.732542753219604,True,-0.28788024181940486,False,1.0826144544001295,0.13199715980012955,2.6627495297852875,0.4506555456,0.4512916482884034,-2.0314267236735613,-2.5313884726735614,False
XPL,XPL|lighter:71|hyperliquid:XPL,2026-09-29T05:42:46.150441+00:00,2026-09-29T05:58:47.867814+00:00,15,61.71737313270569,True,-0.9787928221859699,False,1.0826144544001295,0.13199715980012955,2.773616963756126,0.4506555456,0.4544365756336902,-2.145439084989687,-2.645400833989687,False
CRCL,CRCL|hyperliquid:xyz:CRCL|rh_lighter:24,2026-09-29T05:44:45.164325+00:00,2026-09-29T05:44:45.164325+00:00,0,0.0,True,-0.11088365745479667,False,0.6017192932799285,0.011740882559928445,1.1716521707795664,0.08999670672000001,0.08999037575999999,-0.659923253259638,-1.1599049572596378,False
CRCL,CRCL|hyperliquid:xyz:CRCL|rh_lighter:24,2026-09-29T05:44:45.164325+00:00,2026-09-29T05:50:45.254338+00:00,5,60.09001350402832,True,-0.28147389969293,False,0.6017192932799285,0.011740882559928445,1.1958479999998417,0.08999670672000001,0.09014231880000001,-0.6842710255199133,-1.1842527295199132,False
CRCL,CRCL|hyperliquid:xyz:CRCL|rh_lighter:24,2026-09-29T05:44:45.164325+00:00,2026-09-29T05:59:45.175596+00:00,15,0.011270999908447266,True,-0.46912316615489447,False,0.6017192932799285,0.011740882559928445,1.1011788852516702,0.08999670672000001,0.09032486147999999,-0.5897844534517417,-1.0897661574517417,False
META,META|hyperliquid:xyz:META|lighter:117,2026-09-29T05:45:01.392316+00:00,2026-09-29T05:45:01.392316+00:00,0,0.0,True,-0.14224751066855834,False,0.6551860174000048,0.06522546480000485,0.9081618376070537,0.08999398260000001,0.0899876556,-0.3429634758070489,-0.8429300458070488,False
META,META|hyperliquid:xyz:META|lighter:117,2026-09-29T05:45:01.392316+00:00,2026-09-29T05:50:22.137026+00:00,5,20.744710206985474,True,-0.14224751066855834,False,0.6551860174000048,0.06522546480000485,0.8087854772079481,0.08999398260000001,0.0899965134,-0.24359597320794332,-0.7435625432079432,False
META,META|hyperliquid:xyz:META|lighter:117,2026-09-29T05:45:01.392316+00:00,2026-09-29T06:01:03.003988+00:00,15,61.61167240142822,False,-0.35561877667139585,False,0.6551860174000048,0.06522546480000485,0.6889400000000023,0.08999398260000001,0.09019897739999999,-0.12395295999999749,-0.6239195299999974,False
META,META|hyperliquid:xyz:META|lighter:117,2026-09-29T05:45:01.392316+00:00,2026-09-29T06:15:44.218150+00:00,30,42.82583475112915,False,-0.6401137980085236,False,0.6551860174000048,0.06522546480000485,0.7873600000001488,0.08999398260000001,0.0904495266,-0.222623509200144,-0.722590079200144,False
META,META|hyperliquid:xyz:META|lighter:117,2026-09-29T05:45:01.392316+00:00,2026-09-29T06:45:06.759114+00:00,60,5.366798639297485,False,-0.7112375533428139,False,0.6551860174000048,0.06522546480000485,0.6508490830944993,0.08999398260000001,0.09058329098252149,-0.08624635667701595,-0.5862129266770159,False
NBIS,NBIS|hyperliquid:xyz:NBIS|lighter:189,2026-09-29T05:45:21.584547+00:00,2026-09-29T05:45:21.584547+00:00,0,0.0,True,0.0,True,0.649682070000021,0.0608756400000211,1.1375989999999092,0.08981792999999999,0.08979931799999999,-0.5777162479998883,-1.0767047479998881,False
NBIS,NBIS|hyperliquid:xyz:NBIS|lighter:189,2026-09-29T05:45:21.584547+00:00,2026-09-29T05:50:42.158423+00:00,5,20.573875904083252,True,0.0,True,0.649682070000021,0.0608756400000211,0.8906999999999243,0.08981792999999999,0.089894367,-0.33091229699990343,-0.8299007969999034,False
NBIS,NBIS|hyperliquid:xyz:NBIS|lighter:189,2026-09-29T05:45:21.584547+00:00,2026-09-29T06:01:23.156623+00:00,15,61.572075605392456,False,-0.45977011494251485,False,0.649682070000021,0.0608756400000211,1.3358347690530081,0.08981792999999999,0.090236835,-0.7763895340529872,-1.275378034052987,False
XAG,XAG|hyperliquid:xyz:SILVER|rh_lighter:41,2026-09-29T05:46:22.298379+00:00,2026-09-29T05:46:22.298379+00:00,0,0.0,True,-0.060753341433783525,False,0.6112443547998782,0.02158756959987812,1.0698999999999614,0.08994764520000001,0.08994320100000001,-0.5485988462000833,-1.0483079862000833,False
XAG,XAG|hyperliquid:xyz:SILVER|rh_lighter:41,2026-09-29T05:46:22.298379+00:00,2026-09-29T05:51:22.470893+00:00,5,0.17251348495483398,True,-0.060753341433783525,False,0.6112443547998782,0.02158756959987812,1.0604692705167054,0.08994764520000001,0.08995801500000002,-0.5391829307168272,-1.0388920707168272,False
XAG,XAG|hyperliquid:xyz:SILVER|rh_lighter:41,2026-09-29T05:46:22.298379+00:00,2026-09-29T06:02:22.213529+00:00,15,59.91514992713928,False,-0.36452004860269005,False,0.6112443547998782,0.02158756959987812,1.0764840000000504,0.08994764520000001,0.09021281580000001,-0.5554524610001723,-1.0551616010001723,False
XAG,XAG|hyperliquid:xyz:SILVER|rh_lighter:41,2026-09-29T05:46:22.298379+00:00,2026-09-29T06:17:22.206263+00:00,30,59.907883405685425,False,-0.36452004860269005,False,0.6112443547998782,0.02158756959987812,1.0731920000000628,0.08994764520000001,0.09019503899999999,-0.5521426842001846,-1.0518518242001846,False
XAG,XAG|hyperliquid:xyz:SILVER|rh_lighter:41,2026-09-29T05:46:22.298379+00:00,2026-09-29T06:46:22.361460+00:00,60,0.0630805492401123,False,-0.36452004860269005,False,0.6112443547998782,0.02158756959987812,1.0122900000000072,0.08994764520000001,0.09020689020000001,-0.4912525354001291,-0.9909616754001291,False
CRCL,CRCL|hyperliquid:xyz:CRCL|lighter:121,2026-09-29T05:46:36.305797+00:00,2026-09-29T05:46:36.305797+00:00,0,0.0,True,-0.09372071227741197,False,0.5968466839998322,0.006851167999832153,1.1590622814256903,0.08999931600000001,0.0899781894,-0.6521937868258582,-1.1521899868258583,False
CRCL,CRCL|hyperliquid:xyz:CRCL|lighter:121,2026-09-29T05:46:36.305797+00:00,2026-09-29T05:51:56.675880+00:00,5,20.37008309364319,True,-0.400443043367138,False,0.5968466839998322,0.006851167999832153,0.7601188430281809,0.08999931600000001,0.09028875042000001,-0.2535609094483487,-0.7535571094483487,False
CRCL,CRCL|hyperliquid:xyz:CRCL|lighter:121,2026-09-29T05:46:36.305797+00:00,2026-09-29T06:02:37.537590+00:00,15,61.23179292678833,False,-0.7071653744568529,False,0.5968466839998322,0.006851167999832153,0.7746419999999716,0.08999931600000001,0.09056762154,-0.2683629375401394,-0.7683591375401395,False
XPL,XPL|lighter:71|hyperliquid:XPL,2026-09-29T05:46:47.151235+00:00,2026-09-29T05:46:47.151235+00:00,0,0.0,True,-0.15359508495728091,False,1.0163574902999315,0.06578523559993155,2.425716781751703,0.45061850969999995,0.4506840840517882,-1.8600433755035597,-2.35999712050356,False
XPL,XPL|lighter:71|hyperliquid:XPL,2026-09-29T05:46:47.151235+00:00,2026-09-29T05:52:07.337769+00:00,5,20.18653416633606,True,-0.7871748104060661,False,1.0163574902999315,0.06578523559993155,2.863279011127247,0.45061850969999995,0.45355294755500725,-2.3004744683823226,-2.8004282133823226,False
XPL,XPL|lighter:71|hyperliquid:XPL,2026-09-29T05:46:47.151235+00:00,2026-09-29T06:02:48.193710+00:00,15,61.04247522354126,False,-0.9887683594124952,False,1.0163574902999315,0.06578523559993155,2.5144955362615065,0.45061850969999995,0.4544741544913177,-1.9526122004528927,-2.4525659454528927,False
XPL,XPL|lighter:71|hyperliquid:XPL,2026-09-29T05:46:47.151235+00:00,2026-09-29T06:17:28.363783+00:00,30,41.21254825592041,False,-0.9503695881731833,False,1.0163574902999315,0.06578523559993155,3.0053479125800777,0.45061850969999995,0.45429029369328366,-2.44328071597343,-2.94323446097343,False
HBAR,HBAR|lighter:59|hyperliquid:HBAR,2026-09-29T05:46:56.321212+00:00,2026-09-29T05:46:56.321212+00:00,0,0.0,True,-0.20216434772267755,False,1.1211334459998383,0.1704277519998384,2.789766914084794,0.450706554,0.450907398,-2.1195408660849555,-2.6195400060849554,False
HBAR,HBAR|lighter:59|hyperliquid:HBAR,2026-09-29T05:46:56.321212+00:00,2026-09-29T05:52:16.666551+00:00,5,20.345338821411133,True,0.011892020454284946,True,1.1211334459998383,0.1704277519998384,2.8199846468489795,0.450706554,0.44992354500000004,-2.148774745849141,-2.648773885849141,False
HBAR,HBAR|lighter:59|hyperliquid:HBAR,2026-09-29T05:46:56.321212+00:00,2026-09-29T06:02:57.546493+00:00,15,61.22528100013733,False,-0.17838030681412986,False,1.1211334459998383,0.1704277519998384,2.5986665092925705,0.450706554,0.45076153581057904,-1.9282945991033111,-2.428293739103311,False
HBAR,HBAR|lighter:59|hyperliquid:HBAR,2026-09-29T05:46:56.321212+00:00,2026-09-29T06:17:39.204473+00:00,30,42.88326120376587,False,0.9156855749791859,True,1.1211334459998383,0.1704277519998384,2.8041825053030607,0.450706554,0.4458877571273863,-2.128936816430609,-2.6289359564306087,False
HBAR,HBAR|lighter:59|hyperliquid:HBAR,2026-09-29T05:46:56.321212+00:00,2026-09-29T06:47:01.574173+00:00,60,5.2529616355896,False,0.41622071589964005,True,1.1211334459998383,0.1704277519998384,2.637990138559985,0.450706554,0.448099367604216,-1.9649560601643627,-2.4649552001643626,False
INTC,INTC|hyperliquid:xyz:INTC|rh_lighter:30,2026-09-29T05:47:46.364965+00:00,2026-09-29T05:47:46.364965+00:00,0,0.0,True,-0.11441647597253413,False,0.6092129599999052,0.019297919999905155,1.1362000000000307,0.08998704000000002,0.089979174,-0.6169662140001255,-1.1168942140001255,False
INTC,INTC|hyperliquid:xyz:INTC|rh_lighter:30,2026-09-29T05:47:46.364965+00:00,2026-09-29T05:52:46.661909+00:00,5,0.29694437980651855,True,-0.4576659038901698,False,0.6092129599999052,0.019297919999905155,1.2236000000001468,0.08998704000000002,0.09022302000000001,-0.7046100600002416,-1.2045380600002416,False
INTC,INTC|hyperliquid:xyz:INTC|rh_lighter:30,2026-09-29T05:47:46.364965+00:00,2026-09-29T06:03:46.302957+00:00,15,59.93799161911011,False,-0.8009153318077833,False,0.6092129599999052,0.019297919999905155,1.0071564705883702,0.08998704000000002,0.090632052,-0.488575562588465,-0.9885035625884651,False
NEAR,NEAR|hyperliquid:NEAR|lighter:10,2026-09-29T05:48:32.450169+00:00,2026-09-29T05:48:32.450169+00:00,0,0.0,True,-0.18788163457021945,False,1.1874061055001184,0.2378391060001186,1.9437769999999546,0.44979489449999993,0.449785314,-1.206156208499836,-1.705928313499836,False
NEAR,NEAR|hyperliquid:NEAR|lighter:10,2026-09-29T05:48:32.450169+00:00,2026-09-29T05:53:52.760707+00:00,5,20.310538053512573,True,-0.2348520432127743,False,1.1874061055001184,0.2378391060001186,1.594620999999961,0.44979489449999993,0.450245178,-0.8574600724998427,-1.3572321774998426,False
NEAR,NEAR|hyperliquid:NEAR|lighter:10,2026-09-29T05:48:32.450169+00:00,2026-09-29T06:04:34.167347+00:00,15,61.717177391052246,False,-0.09394081728512083,False,1.1874061055001184,0.2378391060001186,1.530059350258739,0.44979489449999993,0.4496103020923836,-0.7922635468510042,-1.292035651851004,False
NEAR,NEAR|hyperliquid:NEAR|lighter:10,2026-09-29T05:48:32.450169+00:00,2026-09-29T06:19:16.707647+00:00,30,44.25747776031494,False,-0.5636449037106694,False,1.1874061055001184,0.2378391060001186,1.0904653523854222,0.44979489449999993,0.4519646899414266,-0.35502393682673045,-0.8547960418267304,False
NEAR,NEAR|hyperliquid:NEAR|lighter:10,2026-09-29T05:48:32.450169+00:00,2026-09-29T06:48:39.227110+00:00,60,6.776940584182739,False,0.04697040864254376,True,1.1874061055001184,0.2378391060001186,1.3286159436618163,0.44979489449999993,0.4491289957753522,-0.5903388339370502,-1.09011093893705,False
HBAR,HBAR|lighter:59|hyperliquid:HBAR,2026-09-29T05:50:56.568318+00:00,2026-09-29T05:50:56.568318+00:00,0,0.0,True,-0.2018762617266412,False,1.1909219779999891,0.24026918599998925,2.5831307277488804,0.4506980219999999,0.450868761,-1.8430775107488913,-2.3430322807488912,False
HBAR,HBAR|lighter:59|hyperliquid:HBAR,2026-09-29T05:50:56.568318+00:00,2026-09-29T05:56:17.547766+00:00,5,20.979447603225708,True,-0.4631278945493422,False,1.1909219779999891,0.24026918599998925,2.3011070687185793,0.4506980219999999,0.4520421929908733,-1.5622272837094635,-2.0621820537094635,False
HBAR,HBAR|lighter:59|hyperliquid:HBAR,2026-09-29T05:50:56.568318+00:00,2026-09-29T06:06:57.901328+00:00,15,61.33300971984863,False,-0.2018762617266412,False,1.1909219779999891,0.24026918599998925,3.1624422201333573,0.4506980219999999,0.45089263219026654,-2.422412874323635,-2.922367644323635,False
HBAR,HBAR|lighter:59|hyperliquid:HBAR,2026-09-29T05:50:56.568318+00:00,2026-09-29T06:21:39.220259+00:00,30,42.65194058418274,False,0.21375133594585538,True,1.1909219779999891,0.24026918599998925,2.6610320085318335,0.4506980219999999,0.44899677090383927,-1.9191068014356838,-2.419061571435684,False
HBAR,HBAR|lighter:59|hyperliquid:HBAR,2026-09-29T05:50:56.568318+00:00,2026-09-29T06:51:01.913566+00:00,60,5.345247507095337,False,0.32062700391877197,True,1.1909219779999891,0.24026918599998925,2.8432218629260433,0.4506980219999999,0.44855719650000003,-2.1008570814260543,-2.6008118514260543,False
XAG,XAG|hyperliquid:xyz:SILVER|rh_lighter:41,2026-09-29T05:51:22.470893+00:00,2026-09-29T05:51:22.470893+00:00,0,0.0,True,-0.060753341433783525,False,0.7224565035999847,0.13272202719998466,1.0604692705167054,0.0899594964,0.08995801500000002,-0.42797078191672067,-0.9277457619167206,False
XAG,XAG|hyperliquid:xyz:SILVER|rh_lighter:41,2026-09-29T05:51:22.470893+00:00,2026-09-29T05:57:22.164106+00:00,5,59.69321274757385,True,-0.18226002430133947,False,0.7224565035999847,0.13272202719998466,1.1538459999999304,0.0899594964,0.09002467800000001,-0.5214141743999458,-1.0211891543999458,False
XAG,XAG|hyperliquid:xyz:SILVER|rh_lighter:41,2026-09-29T05:51:22.470893+00:00,2026-09-29T06:06:22.495213+00:00,15,0.024320125579833984,False,-0.36452004860269005,False,0.7224565035999847,0.13272202719998466,1.09623600000009,0.0899594964,0.09018318780000001,-0.4639626842001052,-0.9637376642001052,False
XAG,XAG|hyperliquid:xyz:SILVER|rh_lighter:41,2026-09-29T05:51:22.470893+00:00,2026-09-29T06:21:22.523101+00:00,30,0.05220842361450195,False,-0.36452004860269005,False,0.7224565035999847,0.13272202719998466,1.1041448292684208,0.0899594964,0.09019948320000001,-0.4718878088684362,-0.9716627888684362,False
XAG,XAG|hyperliquid:xyz:SILVER|rh_lighter:41,2026-09-29T05:51:22.470893+00:00,2026-09-29T06:51:22.564360+00:00,60,0.09346747398376465,False,-0.3037667071688954,False,0.7224565035999847,0.13272202719998466,0.8393988141377804,0.0899594964,0.09016378696672761,-0.2071060975045233,-0.7068810775045233,False
CRCL,CRCL|hyperliquid:xyz:CRCL|rh_lighter:24,2026-09-29T05:51:44.969790+00:00,2026-09-29T05:51:44.969790+00:00,0,0.0,True,-0.10256410256409554,False,0.8460043020001492,0.25603250400014926,1.134900000000016,0.08999569799999999,0.08998622099999999,-0.3788819189998668,-0.8788580189998667,False
CRCL,CRCL|hyperliquid:xyz:CRCL|rh_lighter:24,2026-09-29T05:51:44.969790+00:00,2026-09-29T05:56:45.177443+00:00,5,0.20765280723571777,True,-0.273504273504277,False,0.8460043020001492,0.25603250400014926,1.1680506684949705,0.08999569799999999,0.09013785299999999,-0.4121842194948213,-0.9121603194948213,False
CRCL,CRCL|hyperliquid:xyz:CRCL|rh_lighter:24,2026-09-29T05:51:44.969790+00:00,2026-09-29T06:06:45.203956+00:00,15,0.23416614532470703,False,-0.5555555555555536,False,0.8460043020001492,0.25603250400014926,1.297202681564272,0.08999569799999999,0.090385308,-0.5415836875641229,-1.041559787564123,False
NBIS,NBIS|hyperliquid:xyz:NBIS|lighter:189,2026-09-29T05:52:01.984070+00:00,2026-09-29T05:52:01.984070+00:00,0,0.0,True,0.0,True,0.7327916830000544,0.14339271600005443,1.0874999999999773,0.089908317,0.089892315,-0.4446006319999229,-0.9440912819999228,False
NBIS,NBIS|hyperliquid:xyz:NBIS|lighter:189,2026-09-29T05:52:01.984070+00:00,2026-09-29T05:57:22.607120+00:00,5,20.62304973602295,True,-0.22988505747125743,False,0.7327916830000544,0.14339271600005443,1.1801129032257904,0.089908317,0.08998968483870967,-0.5373109050644458,-1.0368015550644456,False
NBIS,NBIS|hyperliquid:xyz:NBIS|lighter:189,2026-09-29T05:52:01.984070+00:00,2026-09-29T06:08:03.475000+00:00,15,61.49092984199524,False,-0.6896551724137834,False,0.7327916830000544,0.14339271600005443,1.087500000000091,0.089908317,0.090518715,-0.44522703200003655,-0.9447176820000365,False
META,META|hyperliquid:xyz:META|lighter:117,2026-09-29T05:53:02.016897+00:00,2026-09-29T05:53:02.016897+00:00,0,0.0,True,-0.0711743772242035,False,0.6125409409999863,0.02280933199998636,0.8431601139600389,0.089959059,0.0899527220897436,-0.3205718950497961,-0.8203444450497961,False
META,META|hyperliquid:xyz:META|lighter:117,2026-09-29T05:53:02.016897+00:00,2026-09-29T05:58:22.622938+00:00,5,20.606041431427002,True,-0.2135231316726105,False,0.6125409409999863,0.02280933199998636,0.7867999999999711,0.089959059,0.090077922,-0.2643369809999847,-0.7641095309999847,False
META,META|hyperliquid:xyz:META|lighter:117,2026-09-29T05:53:02.016897+00:00,2026-09-29T06:09:03.529381+00:00,15,61.512484073638916,False,-0.4270462633451988,False,0.6125409409999863,0.02280933199998636,0.7446499999999787,0.089959059,0.090267597,-0.22237665599999237,-0.7221492059999923,False
META,META|hyperliquid:xyz:META|lighter:117,2026-09-29T05:53:02.016897+00:00,2026-09-29T06:23:44.494569+00:00,30,42.47767162322998,False,-0.5693950177935947,False,0.6125409409999863,0.02280933199998636,0.8399466141733001,0.089959059,0.090419337,-0.3178250101733137,-0.8175975601733136,False
META,META|hyperliquid:xyz:META|lighter:117,2026-09-29T05:53:02.016897+00:00,2026-09-29T06:53:07.478652+00:00,60,5.4617555141448975,False,-0.6405693950177982,False,0.6125409409999863,0.02280933199998636,0.7727500000000873,0.089959059,0.09049520700000001,-0.250704266000101,-0.750476816000101,False
HBAR,HBAR|lighter:59|hyperliquid:HBAR,2026-09-29T05:54:56.771756+00:00,2026-09-29T05:54:56.771756+00:00,0,0.0,True,-0.19024970273483488,False,1.1081214900000194,0.15746848000001923,2.600498440552883,0.45067851000000003,0.45080964,-1.9431865905528638,-2.443161090552864,False
HBAR,HBAR|lighter:59|hyperliquid:HBAR,2026-09-29T05:54:56.771756+00:00,2026-09-29T06:00:17.521452+00:00,5,20.749695777893066,False,-0.8085612366230732,False,1.1081214900000194,0.15746848000001923,2.4364259961640755,0.45067851000000003,0.4536441497470631,-1.7819486559111193,-2.2819231559111195,False
HBAR,HBAR|lighter:59|hyperliquid:HBAR,2026-09-29T05:54:56.771756+00:00,2026-09-29T06:10:58.625899+00:00,15,61.854142904281616,False,-0.4994054696789485,False,1.1081214900000194,0.15746848000001923,2.7331243726098364,0.45067851000000003,0.45220990499999997,-2.077212787609817,-2.577187287609817,False
HBAR,HBAR|lighter:59|hyperliquid:HBAR,2026-09-29T05:54:56.771756+00:00,2026-09-29T06:55:02.282061+00:00,60,5.510304689407349,False,0.2734839476813411,True,1.1081214900000194,0.15746848000001923,2.7379940258509805,0.45067851000000003,0.44876601,-2.078638545850961,-2.578613045850961,False
AAPL,AAPL|hyperliquid:xyz:AAPL|rh_lighter:10,2026-09-29T05:55:30.499077+00:00,2026-09-29T05:55:30.499077+00:00,0,0.0,True,-0.06749915626055314,False,0.6211482087000508,0.03133313240005081,1.0366997635931057,0.08997179129999999,0.08996379120000002,-0.5055153460930548,-1.005358631093055,False
AAPL,AAPL|hyperliquid:xyz:AAPL|rh_lighter:10,2026-09-29T05:55:30.499077+00:00,2026-09-29T06:01:30.215244+00:00,5,59.71616744995117,False,-0.06749915626055314,False,0.6211482087000508,0.03133313240005081,0.9481600000000299,0.08997179129999999,0.08996912459999999,-0.41698091589997904,-0.9168242008999791,False
AAPL,AAPL|hyperliquid:xyz:AAPL|rh_lighter:10,2026-09-29T05:55:30.499077+00:00,2026-09-29T06:11:30.183539+00:00,15,59.68446207046509,False,-0.06749915626055314,False,0.6211482087000508,0.03133313240005081,0.9777900000001409,0.08997179129999999,0.08997179129999999,-0.4466135826000901,-0.9464568676000902,False
AAPL,AAPL|hyperliquid:xyz:AAPL|rh_lighter:10,2026-09-29T05:55:30.499077+00:00,2026-09-29T06:26:28.876930+00:00,30,58.37785339355469,False,-0.03374957813027102,False,0.6211482087000508,0.03133313240005081,0.8592700000000377,0.08997179129999999,0.08993712420000001,-0.3280589154999869,-0.827902200499987,False
AAPL,AAPL|hyperliquid:xyz:AAPL|rh_lighter:10,2026-09-29T05:55:30.499077+00:00,2026-09-29T06:56:29.508932+00:00,60,59.00985527038574,False,-0.10124873439082416,False,0.6211482087000508,0.03133313240005081,0.8889000000000351,0.08997179129999999,0.09000379170000002,-0.3577555829999843,-0.8575988679999843,False
SAMSUNGUSD,SAMSUNGUSD|hyperliquid:xyz:SMSN|lighter:162,2026-09-29T05:56:38.537986+00:00,2026-09-29T05:56:38.537986+00:00,0,0.0,True,-0.21907986456881634,False,0.8772678490001213,0.2873127480001213,2.3197020000000066,0.089993151,0.0899848557,-1.5324190066998853,-2.0323809566998854,False
SAMSUNGUSD,SAMSUNGUSD|hyperliquid:xyz:SMSN|lighter:162,2026-09-29T05:56:38.537986+00:00,2026-09-29T06:01:58.848549+00:00,5,20.310563802719116,False,-0.41824337781318777,False,0.8772678490001213,0.2873127480001213,1.3054599999999255,0.089993151,0.0902605086,-0.518452659599804,-1.018414609599804,False
SAMSUNGUSD,SAMSUNGUSD|hyperliquid:xyz:SMSN|lighter:162,2026-09-29T05:56:38.537986+00:00,2026-09-29T06:12:40.196209+00:00,15,61.6582236289978,False,-0.9559848635729895,False,0.8772678490001213,0.2873127480001213,1.8979380000000674,0.089993151,0.09068980410000001,-1.111359955099946,-1.6113219050999459,False
SAMSUNGUSD,SAMSUNGUSD|hyperliquid:xyz:SMSN|lighter:162,2026-09-29T05:56:38.537986+00:00,2026-09-29T06:27:22.549717+00:00,30,44.01173114776611,False,-0.876319458275232,False,0.8772678490001213,0.2873127480001213,1.1598510000000033,0.089993151,0.0906852852,-0.3732684361998819,-0.8732303861998819,False
SAMSUNGUSD,SAMSUNGUSD|hyperliquid:xyz:SMSN|lighter:162,2026-09-29T05:56:38.537986+00:00,2026-09-29T06:56:45.580529+00:00,60,7.042543172836304,False,-0.896235809599677,False,0.8772678490001213,0.2873127480001213,1.0242839999998523,0.089993151,0.09071239860000001,-0.23772854959973094,-0.7376904995997309,False
INTC,INTC|hyperliquid:xyz:INTC|lighter:137,2026-09-29T05:57:11.745994+00:00,2026-09-29T05:57:11.745994+00:00,0,0.0,True,-0.11481056257177658,False,0.606855314000053,0.017217928000053062,1.0955047551722146,0.089944686,0.08993684700000001,-0.5785862881721616,-1.0782789881721615,False
INTC,INTC|hyperliquid:xyz:INTC|lighter:137,2026-09-29T05:57:11.745994+00:00,2026-09-29T06:02:32.188799+00:00,5,20.442805290222168,False,-0.3444316877152853,False,0.606855314000053,0.017217928000053062,0.7403500000000349,0.089944686,0.09022689,-0.223721575999982,-0.723414275999982,False
INTC,INTC|hyperliquid:xyz:INTC|lighter:137,2026-09-29T05:57:11.745994+00:00,2026-09-29T06:13:13.331887+00:00,15,61.58589315414429,False,-0.8036739380023028,False,0.606855314000053,0.017217928000053062,0.6532500000000709,0.089944686,0.090579645,-0.136974331000018,-0.636667031000018,False
INTC,INTC|hyperliquid:xyz:INTC|lighter:137,2026-09-29T05:57:11.745994+00:00,2026-09-29T06:27:57.357758+00:00,30,45.611764669418335,False,-0.8036739380023028,False,0.606855314000053,0.017217928000053062,0.5138899999999467,0.089944686,0.09066587400000001,0.002299440000106262,-0.4973932599998937,False
INTC,INTC|hyperliquid:xyz:INTC|lighter:137,2026-09-29T05:57:11.745994+00:00,2026-09-29T06:57:19.909495+00:00,60,8.163501024246216,False,-0.8036739380023028,False,0.606855314000053,0.017217928000053062,0.4267899999999827,0.089944686,0.09064235700000002,0.08942295700007023,-0.41026974299992974,False
XPL,XPL|lighter:71|hyperliquid:XPL,2026-09-29T05:57:28.168017+00:00,2026-09-29T05:57:28.168017+00:00,0,0.0,True,-0.1934610176049567,False,1.0704929962998777,0.11983068309987782,2.734427050397244,0.45067400369999994,0.4508315370292208,-2.114765591126587,-2.614753900626587,False
XPL,XPL|lighter:71|hyperliquid:XPL,2026-09-29T05:57:28.168017+00:00,2026-09-29T06:02:48.193710+00:00,5,20.02569317817688,False,-0.2321532211259414,False,1.0704929962998777,0.11983068309987782,2.495426212332859,0.45067400369999994,0.4510275327955498,-1.875960748828531,-2.375949058328531,False
XPL,XPL|lighter:71|hyperliquid:XPL,2026-09-29T05:57:28.168017+00:00,2026-09-29T06:13:30.716876+00:00,15,62.54885935783386,False,-0.7158057651383221,False,1.0704929962998777,0.11983068309987782,2.8040817790334813,0.45067400369999994,0.45323151330163675,-2.1868202960352403,-2.6868086055352403,False
HBAR,HBAR|lighter:59|hyperliquid:HBAR,2026-09-29T05:57:37.502120+00:00,2026-09-29T05:57:37.502120+00:00,0,0.0,True,-0.19077143197806512,False,1.2248618304999934,0.27420459099999345,2.5925298062356887,0.4507081695,0.45083259179118385,-1.818500567526879,-2.318449637526879,False
HBAR,HBAR|lighter:59|hyperliquid:HBAR,2026-09-29T05:57:37.502120+00:00,2026-09-29T06:02:57.546493+00:00,5,20.04437255859375,False,0.08346250149040557,True,1.2248618304999934,0.27420459099999345,2.5918677623303665,0.4507081695,0.44958223342172987,-1.816588165252103,-2.316537235252103,False
HBAR,HBAR|lighter:59|hyperliquid:HBAR,2026-09-29T05:57:37.502120+00:00,2026-09-29T06:13:40.209740+00:00,15,62.70762014389038,False,0.035769643495875414,True,1.2248618304999934,0.27420459099999345,2.949249064123819,0.4507081695,0.449803197,-2.1741904306238258,-2.6741395006238258,False
HBAR,HBAR|lighter:59|hyperliquid:HBAR,2026-09-29T05:57:37.502120+00:00,2026-09-29T06:57:42.664206+00:00,60,5.162086009979248,False,0.9180875163944169,True,1.2248618304999934,0.27420459099999345,2.4143709616020033,0.4507081695,0.4458780809999999,-1.6353872121020099,-2.13533628210201,False
INTC,INTC|hyperliquid:xyz:INTC|rh_lighter:30,2026-09-29T05:57:46.186599+00:00,2026-09-29T05:57:46.186599+00:00,0,0.0,True,-0.11481056257177658,False,0.6939239580000169,0.1040810160000169,1.3278885563216818,0.089976042,0.08996036400000001,-0.7239249623216648,-1.2237918623216648,False
INTC,INTC|hyperliquid:xyz:INTC|rh_lighter:30,2026-09-29T05:57:46.186599+00:00,2026-09-29T06:02:46.291110+00:00,5,0.10451102256774902,False,-0.4592422502870397,False,0.6939239580000169,0.1040810160000169,1.2194000000000642,0.089976042,0.090211212,-0.6156872540000473,-1.1155541540000473,False
INTC,INTC|hyperliquid:xyz:INTC|rh_lighter:30,2026-09-29T05:57:46.186599+00:00,2026-09-29T06:12:46.199545+00:00,15,0.012946128845214844,False,-0.8036739380023028,False,0.6939239580000169,0.1040810160000169,1.1322999999997592,0.089976042,0.09057180600000002,-0.5289478479997423,-1.0288147479997423,False
INTC,INTC|hyperliquid:xyz:INTC|rh_lighter:30,2026-09-29T05:57:46.186599+00:00,2026-09-29T06:27:46.227996+00:00,30,0.0413973331451416,False,-0.9184845005740572,False,0.6939239580000169,0.1040810160000169,0.9580999999999449,0.089976042,0.09066587400000001,-0.354841915999928,-0.8547088159999281,False
INTC,INTC|hyperliquid:xyz:INTC|rh_lighter:30,2026-09-29T05:57:46.186599+00:00,2026-09-29T06:57:46.269792+00:00,60,0.08319354057312012,False,-0.6888633754305484,False,0.6939239580000169,0.1040810160000169,0.6967999999999392,0.089976042,0.09052477200000002,-0.09340081399992235,-0.5932677139999224,False
XPL,XPL|lighter:71|hyperliquid:XPL,2026-09-29T06:02:48.193710+00:00,2026-09-29T06:02:48.193710+00:00,0,0.0,True,-0.16455328622592136,False,0.9759502648000076,0.025386879100007642,2.493736525402369,0.45060473519999994,0.4507221359364311,-1.9685083965387924,-2.4684670470387924,False
XPL,XPL|lighter:71|hyperliquid:XPL,2026-09-29T06:02:48.193710+00:00,2026-09-29T06:08:08.811225+00:00,5,20.617515563964844,True,-0.2226309166585949,False,0.9759502648000076,0.025386879100007642,2.98612704200616,0.45060473519999994,0.45099020116890276,-2.461166978375055,-2.961125628875055,False
XPL,XPL|lighter:71|hyperliquid:XPL,2026-09-29T06:02:48.193710+00:00,2026-09-29T06:18:48.453530+00:00,15,60.259819984436035,True,-0.12583486593746862,False,0.9759502648000076,0.025386879100007642,2.790075888253682,0.45060473519999994,0.45053503460679883,-2.2646606580604733,-2.7646193085604733,False
HBAR,HBAR|lighter:59|hyperliquid:HBAR,2026-09-29T06:02:57.546493+00:00,2026-09-29T06:02:57.546493+00:00,0,0.0,True,-0.19024970273483488,False,1.2945918250000001,0.3438385810000002,2.5989755432453876,0.45077017499999994,0.4508151404646176,-1.7551988587100051,-2.255181927710005,False
HBAR,HBAR|lighter:59|hyperliquid:HBAR,2026-09-29T06:02:57.546493+00:00,2026-09-29T06:08:18.164305+00:00,5,20.617812395095825,True,-0.42806183115339236,False,1.2945918250000001,0.3438385810000002,2.711189567709539,0.45077017499999994,0.4519013602376403,-1.8684991029471791,-2.3684821719471794,False
HBAR,HBAR|lighter:59|hyperliquid:HBAR,2026-09-29T06:02:57.546493+00:00,2026-09-29T06:18:58.936676+00:00,15,61.39018273353577,True,0.7491082045184339,True,1.2945918250000001,0.3438385810000002,2.225538309925696,0.45077017499999994,0.4466390700814352,-1.3775855550071312,-1.8775686240071312,False
XAG,XAG|hyperliquid:xyz:SILVER|rh_lighter:41,2026-09-29T06:04:22.304954+00:00,2026-09-29T06:04:22.304954+00:00,0,0.0,True,-0.12180267965896663,False,0.7260759800000715,0.13608896000007142,1.13790599999993,0.08999802000000001,0.08999654220000002,-0.5018265621998584,-1.0018155621998583,False
XAG,XAG|hyperliquid:xyz:SILVER|rh_lighter:41,2026-09-29T06:04:22.304954+00:00,2026-09-29T06:09:22.500289+00:00,5,0.19533491134643555,True,-0.1827040194884333,False,0.7260759800000715,0.13608896000007142,1.0139254826113984,0.08999802000000001,0.09005417640000002,-0.37790367901132693,-0.877892679011327,False
XAG,XAG|hyperliquid:xyz:SILVER|rh_lighter:41,2026-09-29T06:04:22.304954+00:00,2026-09-29T06:19:22.451230+00:00,15,0.14627575874328613,True,-0.12180267965896663,False,0.7260759800000715,0.13608896000007142,1.1196737926829883,0.08999802000000001,0.08997586831865854,-0.4835736810015754,-0.9835626810015754,False
XAG,XAG|hyperliquid:xyz:SILVER|rh_lighter:41,2026-09-29T06:04:22.304954+00:00,2026-09-29T06:34:22.545328+00:00,30,0.2403736114501953,True,-0.1827040194884333,False,0.7260759800000715,0.13608896000007142,0.9408659999999145,0.08999802000000001,0.0900600876,-0.30485010759984305,-0.8048391075998431,False
XAG,XAG|hyperliquid:xyz:SILVER|rh_lighter:41,2026-09-29T06:04:22.304954+00:00,2026-09-29T07:04:22.533921+00:00,60,0.22896647453308105,False,-0.060901339829488865,False,0.7260759800000715,0.13608896000007142,1.209449570993229,0.08999802000000001,0.0899123076,-0.5732858985931575,-1.0732748985931575,False
SAMSUNGUSD,SAMSUNGUSD|hyperliquid:xyz:SMSN|lighter:162,2026-09-29T06:04:39.179260+00:00,2026-09-29T06:04:39.179260+00:00,0,0.0,True,-0.1400560224089742,False,1.0745340143998896,0.48453410879988956,1.2994800000000168,0.0899999856,0.0899954874,-0.31494147300012726,-0.8149413930001272,False
SAMSUNGUSD,SAMSUNGUSD|hyperliquid:xyz:SMSN|lighter:162,2026-09-29T06:04:39.179260+00:00,2026-09-29T06:09:59.693017+00:00,5,20.513756036758423,True,-0.4801920768307322,False,1.0745340143998896,0.48453410879988956,2.309057913148422,0.0899999856,0.09022174848781664,-1.324745647236349,-1.824745567236349,False
SAMSUNGUSD,SAMSUNGUSD|hyperliquid:xyz:SMSN|lighter:162,2026-09-29T06:04:39.179260+00:00,2026-09-29T06:20:41.684596+00:00,15,62.505335569381714,True,-0.18007202881152873,False,1.0745340143998896,0.48453410879988956,0.9869031365002456,0.0899999856,0.09005690599771497,-0.0024260280980710064,-0.5024259480980711,False
SAMSUNGUSD,SAMSUNGUSD|hyperliquid:xyz:SMSN|lighter:162,2026-09-29T06:04:39.179260+00:00,2026-09-29T06:35:23.344182+00:00,30,44.16492199897766,True,-0.5602240896358635,False,1.0745340143998896,0.48453410879988956,0.9146339999999782,0.0899999856,0.09041382,0.06948619439991141,-0.4305137256000886,False
SAMSUNGUSD,SAMSUNGUSD|hyperliquid:xyz:SMSN|lighter:162,2026-09-29T06:04:39.179260+00:00,2026-09-29T07:04:45.727628+00:00,60,6.548367500305176,False,-0.4801920768307322,False,1.0745340143998896,0.48453410879988956,1.2500928468034544,0.0899999856,0.0903058098437877,-0.2658646422473525,-0.7658645622473526,False
INTC,INTC|hyperliquid:xyz:INTC|rh_lighter:30,2026-09-29T06:04:46.590314+00:00,2026-09-29T06:04:46.590314+00:00,0,0.0,True,-0.11520737327188613,False,0.6912057600000125,0.10124352000001252,1.1549896332178378,0.08999424,0.08998642800000001,-0.5537703012178252,-1.0537383012178252,False
INTC,INTC|hyperliquid:xyz:INTC|rh_lighter:30,2026-09-29T06:04:46.590314+00:00,2026-09-29T06:10:46.187281+00:00,5,59.596967697143555,True,-0.4608294930875445,False,0.6912057600000125,0.10124352000001252,1.1976400787037846,0.08999424,0.09028328399999999,-0.596717602703772,-1.0966856027037721,False
INTC,INTC|hyperliquid:xyz:INTC|rh_lighter:30,2026-09-29T06:04:46.590314+00:00,2026-09-29T06:20:46.516434+00:00,15,59.92612028121948,True,-0.4608294930875445,False,0.6912057600000125,0.10124352000001252,1.1283999999999423,0.08999424,0.090212976,-0.5274072159999298,-1.0273752159999299,False
INTC,INTC|hyperliquid:xyz:INTC|rh_lighter:30,2026-09-29T06:04:46.590314+00:00,2026-09-29T06:34:46.632218+00:00,30,0.04190468788146973,True,-0.691244239631339,False,0.6912057600000125,0.10124352000001252,0.8679999999999382,0.08999424,0.090533268,-0.2673275079999256,-0.7672955079999256,False
INTC,INTC|hyperliquid:xyz:INTC|rh_lighter:30,2026-09-29T06:04:46.590314+00:00,2026-09-29T07:05:46.450897+00:00,60,59.860583782196045,False,-0.691244239631339,False,0.6912057600000125,0.10124352000001252,0.7812000000001262,0.08999424,0.090486396,-0.1804806360001137,-0.6804486360001137,False
CRCL,CRCL|hyperliquid:xyz:CRCL|lighter:121,2026-09-29T06:05:17.796581+00:00,2026-09-29T06:05:17.796581+00:00,0,0.0,True,-0.08581481163648652,False,0.6208338512199796,0.03083943143997958,0.9811739926136624,0.08999914878000001,0.08998845210066478,-0.4503285934943476,-0.9503238644943476,False
CRCL,CRCL|hyperliquid:xyz:CRCL|lighter:121,2026-09-29T06:05:17.796581+00:00,2026-09-29T06:10:38.523889+00:00,5,20.727307319641113,True,-0.39474813352785576,False,0.6208338512199796,0.03083943143997958,0.7630932965450938,0.08999914878000001,0.09028546299000001,-0.23254490831511423,-0.7325401793151142,False
CRCL,CRCL|hyperliquid:xyz:CRCL|lighter:121,2026-09-29T06:05:17.796581+00:00,2026-09-29T06:21:19.224653+00:00,15,61.42807221412659,True,-0.6521925684373153,False,0.6208338512199796,0.03083943143997958,0.7509134013994299,0.08999914878000001,0.09052307285387406,-0.2206026230333243,-0.7205978940333243,False
CRCL,CRCL|hyperliquid:xyz:CRCL|lighter:121,2026-09-29T06:05:17.796581+00:00,2026-09-29T06:36:00.705826+00:00,30,42.909245014190674,True,-0.7122629365828526,False,0.6208338512199796,0.03083943143997958,0.6991800000000694,0.08999914878000001,0.09058016735999999,-0.1689263161400898,-0.6689215871400898,False
CRCL,CRCL|hyperliquid:xyz:CRCL|lighter:121,2026-09-29T06:05:17.796581+00:00,2026-09-29T07:05:23.245437+00:00,60,5.448855876922607,False,-0.7809147858920507,False,0.6208338512199796,0.03083943143997958,0.9372612113820651,0.08999914878000001,0.09062376379097561,-0.4070511239530611,-0.907046394953061,False
XPL,XPL|lighter:71|hyperliquid:XPL,2026-09-29T06:05:28.471633+00:00,2026-09-29T06:05:28.471633+00:00,0,0.0,True,-0.19370460048425686,False,1.3151509489000106,0.3643765868000106,2.5605999999999085,0.45078505109999994,0.45086280749999996,-1.696311858599898,-2.1963011695998977,False
XPL,XPL|lighter:71|hyperliquid:XPL,2026-09-29T06:05:28.471633+00:00,2026-09-29T06:10:49.525871+00:00,5,21.05423855781555,True,-0.3777239709443103,False,1.3151509489000106,0.3643765868000106,2.5081157544235566,0.45078505109999994,0.4516751197982695,-1.6446399253218156,-2.1446292363218156,False
CRCL,CRCL|hyperliquid:xyz:CRCL|rh_lighter:24,2026-09-29T06:06:45.203956+00:00,2026-09-29T06:06:45.203956+00:00,0,0.0,True,-0.12018198987037154,False,0.5972944371900729,0.00731696988007291,1.2915482083368488,0.08999656280999999,0.08999132076,-0.7842450919067758,-1.284225996406776,False
CRCL,CRCL|hyperliquid:xyz:CRCL|rh_lighter:24,2026-09-29T06:06:45.203956+00:00,2026-09-29T06:11:45.239024+00:00,5,0.03506779670715332,True,-0.386299253154776,False,0.5972944371900729,0.00731696988007291,1.0975377802482171,0.08999656280999999,0.09024503598,-0.5904883790381442,-1.0904692835381442,False
CRCL,CRCL|hyperliquid:xyz:CRCL|rh_lighter:24,2026-09-29T06:06:45.203956+00:00,2026-09-29T06:22:43.600398+00:00,15,58.39644193649292,True,-0.7296763670701312,False,0.5972944371900729,0.00731696988007291,1.0091092315807373,0.08999656280999999,0.09056899467,-0.5023837890606644,-1.0023646935606645,False
CRCL,CRCL|hyperliquid:xyz:CRCL|rh_lighter:24,2026-09-29T06:06:45.203956+00:00,2026-09-29T06:37:43.843219+00:00,30,58.63926315307617,True,-0.6180788050476393,False,0.5972944371900729,0.00731696988007291,1.1649000000001024,0.08999656280999999,0.09044947593,-0.6580550387400295,-1.1580359432400296,False
CRCL,CRCL|hyperliquid:xyz:CRCL|rh_lighter:24,2026-09-29T06:06:45.203956+00:00,2026-09-29T07:07:43.706960+00:00,60,58.50300431251526,False,-0.8326895012447433,False,0.5972944371900729,0.00731696988007291,0.9987504904779598,0.08999656280999999,0.09066230315999999,-0.49211835644788693,-0.9920992609478869,False
INTC,INTC|hyperliquid:xyz:INTC|rh_lighter:30,2026-09-29T06:06:46.519052+00:00,2026-09-29T06:06:46.519052+00:00,0,0.0,True,-0.11520737327188613,False,0.6912135720000125,0.10130254400001254,1.215199999999868,0.08998642800000001,0.08997861600000001,-0.6139650439998554,-1.1138896439998554,False
INTC,INTC|hyperliquid:xyz:INTC|rh_lighter:30,2026-09-29T06:06:46.519052+00:00,2026-09-29T06:12:46.199545+00:00,5,59.68049240112305,True,-0.4608294930875445,False,0.6912135720000125,0.10130254400001254,1.1283999999998287,0.08998642800000001,0.090259848,-0.5274462759998161,-1.0273708759998161,False
INTC,INTC|hyperliquid:xyz:INTC|rh_lighter:30,2026-09-29T06:06:46.519052+00:00,2026-09-29T06:21:46.556815+00:00,15,0.03776264190673828,True,-0.4608294930875445,False,0.6912135720000125,0.10130254400001254,1.1283999999999423,0.08998642800000001,0.090275472,-0.5274618999999298,-1.0273864999999298,False
INTC,INTC|hyperliquid:xyz:INTC|rh_lighter:30,2026-09-29T06:06:46.519052+00:00,2026-09-29T06:36:46.556164+00:00,30,0.037111759185791016,True,-0.4608294930875445,False,0.6912135720000125,0.10130254400001254,0.9547999999999774,0.08998642800000001,0.090330156,-0.3539165839999649,-0.8538411839999649,False
INTC,INTC|hyperliquid:xyz:INTC|rh_lighter:30,2026-09-29T06:06:46.519052+00:00,2026-09-29T07:07:46.586329+00:00,60,60.06727719306946,False,-0.691244239631339,False,0.6912135720000125,0.10130254400001254,0.9547999999999774,0.08998642800000001,0.090494208,-0.3540806359999649,-0.8540052359999649,False
XAG,XAG|hyperliquid:xyz:SILVER|rh_lighter:41,2026-09-29T06:08:22.496893+00:00,2026-09-29T06:08:22.496893+00:00,0,0.0,True,-0.06093845216332827,False,0.6665459747999575,0.07684080959995748,1.1092559634148529,0.0899550252,0.08994336309329266,-0.5326533517081881,-1.0324034917081881,False
XAG,XAG|hyperliquid:xyz:SILVER|rh_lighter:41,2026-09-29T06:08:22.496893+00:00,2026-09-29T06:14:22.198155+00:00,5,59.7012619972229,True,-0.30469226081657474,False,0.6665459747999575,0.07684080959995748,1.1853085433986053,0.0899550252,0.09013860495330073,-0.6089011735519485,-1.1086513135519485,False
XAG,XAG|hyperliquid:xyz:SILVER|rh_lighter:41,2026-09-29T06:08:22.496893+00:00,2026-09-29T06:23:22.529367+00:00,15,0.03247404098510742,True,0.0,True,0.6665459747999575,0.07684080959995748,1.0814250000000811,0.0899550252,0.0898732044,-0.5047522296001237,-1.0045023696001236,False
XAG,XAG|hyperliquid:xyz:SILVER|rh_lighter:41,2026-09-29T06:08:22.496893+00:00,2026-09-29T06:39:22.259444+00:00,30,59.762550354003906,True,-0.1828153564899515,False,0.6665459747999575,0.07684080959995748,1.0453170000000682,0.0899550252,0.09005693129999999,-0.4688279565001107,-0.9685780965001107,False
XAG,XAG|hyperliquid:xyz:SILVER|rh_lighter:41,2026-09-29T06:08:22.496893+00:00,2026-09-29T07:08:22.563783+00:00,60,0.06689000129699707,False,-0.12187690432662324,False,0.6665459747999575,0.07684080959995748,1.0847009999998818,0.0899550252,0.08999933220000002,-0.5081543573999243,-1.0079044973999243,False
META,META|hyperliquid:xyz:META|rh_lighter:13,2026-09-29T06:09:42.557174+00:00,2026-09-29T06:09:42.557174+00:00,0,0.0,True,-0.07142857142856673,False,0.7331046400000777,0.14345628000007765,1.2039999999999509,0.08994636,0.08994131999999999,-0.5608366799998732,-1.0605386799998733,False
META,META|hyperliquid:xyz:META|rh_lighter:13,2026-09-29T06:09:42.557174+00:00,2026-09-29T06:15:41.200058+00:00,5,58.642884254455566,True,-0.2142857142857113,False,0.7331046400000777,0.14345628000007765,1.386000000000081,0.08994636,0.09006101999999999,-0.7429563800000032,-1.2426583800000033,False
META,META|hyperliquid:xyz:META|rh_lighter:13,2026-09-29T06:09:42.557174+00:00,2026-09-29T06:25:40.785822+00:00,15,58.22864818572998,True,-0.28571428571428914,False,0.7331046400000777,0.14345628000007765,1.422013896848057,0.08994636,0.09010259999999999,-0.7790118568479792,-1.2787138568479792,False
META,META|hyperliquid:xyz:META|rh_lighter:13,2026-09-29T06:09:42.557174+00:00,2026-09-29T06:40:41.222458+00:00,30,58.66528367996216,True,-0.35714285714284477,False,0.7331046400000777,0.14345628000007765,1.2283790681002529,0.08994636,0.09020465999999999,-0.5854790881001752,-1.0851810881001753,False
META,META|hyperliquid:xyz:META|rh_lighter:13,2026-09-29T06:09:42.557174+00:00,2026-09-29T07:10:41.520754+00:00,60,58.96358036994934,False,-0.4285714285714337,False,0.7331046400000777,0.14345628000007765,1.321583931133432,0.08994636,0.090249517446198,-0.6787288085795524,-1.1784308085795525,False
CRCL,CRCL|hyperliquid:xyz:CRCL|rh_lighter:24,2026-09-29T06:09:45.194724+00:00,2026-09-29T06:09:45.194724+00:00,0,0.0,True,-0.10326133723431719,False,0.6652931196099379,0.07529390371993788,1.0689838470152608,0.08999988039000001,0.08999674272000001,-0.49368747012532305,-0.9936868056253231,False
CRCL,CRCL|hyperliquid:xyz:CRCL|rh_lighter:24,2026-09-29T06:09:45.194724+00:00,2026-09-29T06:15:43.552223+00:00,5,58.35749864578247,True,-0.27536356595817546,False,0.6652931196099379,0.07529390371993788,1.0562766009147708,0.08999988039000001,0.09015153444,-0.48113501574483303,-0.9811343512448331,False
CRCL,CRCL|hyperliquid:xyz:CRCL|rh_lighter:24,2026-09-29T06:09:45.194724+00:00,2026-09-29T06:25:43.572234+00:00,15,58.37751030921936,True,-0.30978401170295156,False,0.6652931196099379,0.07529390371993788,1.1435174341820584,0.08999988039000001,0.09017036046,-0.5683946750321206,-1.0683940105321206,False
CRCL,CRCL|hyperliquid:xyz:CRCL|rh_lighter:24,2026-09-29T06:09:45.194724+00:00,2026-09-29T06:40:43.420503+00:00,30,58.22577905654907,True,-0.41304534893726874,False,0.6652931196099379,0.07529390371993788,1.062111000086361,0.08999988039000001,0.09027139778999224,-0.48708927826641535,-0.9870886137664154,False
CRCL,CRCL|hyperliquid:xyz:CRCL|rh_lighter:24,2026-09-29T06:09:45.194724+00:00,2026-09-29T07:10:43.829220+00:00,60,58.634495973587036,False,-0.6109629119697035,False,0.6652931196099379,0.07529390371993788,0.8948169999999891,0.08999988039000001,0.09046739322000001,-0.3199912736100513,-0.8199906091100513,False
INTC,INTC|hyperliquid:xyz:INTC|rh_lighter:30,2026-09-29T06:09:46.186587+00:00,2026-09-29T06:09:46.186587+00:00,0,0.0,True,-0.11547344110853786,False,0.6086421739999421,0.018918647999942084,1.2726866150288743,0.089957826,0.08994276000000001,-0.7539872010289321,-1.253752901028932,False
INTC,INTC|hyperliquid:xyz:INTC|rh_lighter:30,2026-09-29T06:09:46.186587+00:00,2026-09-29T06:14:46.220708+00:00,5,0.03412055969238281,True,-0.2309468822170868,False,0.6086421739999421,0.018918647999942084,1.039199999999937,0.089957826,0.090044082,-0.520601907999995,-1.020367607999995,False
INTC,INTC|hyperliquid:xyz:INTC|rh_lighter:30,2026-09-29T06:09:46.186587+00:00,2026-09-29T06:24:46.542539+00:00,15,0.35595154762268066,True,-0.34642032332562467,False,0.6086421739999421,0.018918647999942084,0.9525999999999613,0.089957826,0.090145404,-0.4341032300000191,-0.9338689300000191,False
INTC,INTC|hyperliquid:xyz:INTC|rh_lighter:30,2026-09-29T06:09:46.186587+00:00,2026-09-29T06:39:46.243120+00:00,30,0.056532859802246094,True,-0.2309468822170868,False,0.6086421739999421,0.018918647999942084,1.039199999999937,0.089957826,0.09008305200000001,-0.5206408779999949,-1.020406577999995,False
INTC,INTC|hyperliquid:xyz:INTC|rh_lighter:30,2026-09-29T06:09:46.186587+00:00,2026-09-29T07:09:46.593151+00:00,60,0.40656352043151855,False,-0.46189376443419583,False,0.6086421739999421,0.018918647999942084,1.102090487238911,0.089957826,0.0903034178561485,-0.5837517310951174,-1.0835174310951174,False
NEAR,NEAR|hyperliquid:NEAR|lighter:10,2026-09-29T06:09:54.527991+00:00,2026-09-29T06:09:54.527991+00:00,0,0.0,True,-0.2361832782239004,False,1.334204498999921,0.38457710799992106,2.4847184895832015,0.449823501,0.4498127505,-1.6003267410832804,-2.1001306310832804,False
NEAR,NEAR|hyperliquid:NEAR|lighter:10,2026-09-29T06:09:54.527991+00:00,2026-09-29T06:15:16.291776+00:00,5,21.763784885406494,True,-0.4723665564478008,False,1.334204498999921,0.38457710799992106,0.8235130000000481,0.449823501,0.4517561564999999,0.05893534249987309,-0.44086854750012694,False
NEAR,NEAR|hyperliquid:NEAR|lighter:10,2026-09-29T06:09:54.527991+00:00,2026-09-29T06:25:57.074438+00:00,15,62.54644727706909,True,0.28341993386868936,True,1.334204498999921,0.38457710799992106,1.1359116000941185,0.449823501,0.44813608650000003,-0.24984318759419744,-0.7496470775941975,False
NEAR,NEAR|hyperliquid:NEAR|lighter:10,2026-09-29T06:09:54.527991+00:00,2026-09-29T06:40:38.568130+00:00,30,44.04013967514038,True,0.5196032120925898,True,1.334204498999921,0.38457710799992106,0.2625080000000253,0.449823501,0.44740254599999996,0.6242939529998959,0.12449006299989585,False
XAG,XAG|hyperliquid:xyz:SILVER|rh_lighter:41,2026-09-29T06:10:22.174834+00:00,2026-09-29T06:10:22.174834+00:00,0,0.0,True,-0.06097560975608651,False,0.7267651799999184,0.13706135999991842,1.0774800000000369,0.08995481999999999,0.08995334399999999,-0.44066816400011843,-0.9404171640001184,False
XAG,XAG|hyperliquid:xyz:SILVER|rh_lighter:41,2026-09-29T06:10:22.174834+00:00,2026-09-29T06:15:22.197625+00:00,5,0.02279067039489746,True,-0.18292682926828174,False,0.7267651799999184,0.13706135999991842,1.0791200000001027,0.08995481999999999,0.09002271599999999,-0.44237753600018426,-0.9421265360001843,False
XAG,XAG|hyperliquid:xyz:SILVER|rh_lighter:41,2026-09-29T06:10:22.174834+00:00,2026-09-29T06:25:22.606006+00:00,15,0.4311716556549072,True,0.06097560975610872,True,0.7267651799999184,0.13706135999991842,1.0200800000000072,0.08995481999999999,0.08983083599999998,-0.38314565600008876,-0.8828946560000888,False
XAG,XAG|hyperliquid:xyz:SILVER|rh_lighter:41,2026-09-29T06:10:22.174834+00:00,2026-09-29T06:40:22.229215+00:00,30,0.05438065528869629,True,-0.12195121951219523,False,0.7267651799999184,0.13706135999991842,1.0479600000001028,0.08995481999999999,0.08996072399999998,-0.4111555440001844,-0.9109045440001844,False
XAG,XAG|hyperliquid:xyz:SILVER|rh_lighter:41,2026-09-29T06:10:22.174834+00:00,2026-09-29T07:10:22.592216+00:00,60,0.41738247871398926,False,0.0,True,0.7267651799999184,0.13706135999991842,1.0381199999999353,0.08995481999999999,0.089904636,-0.4012594560000169,-0.9010084560000169,False
META,META|hyperliquid:xyz:META|lighter:117,2026-09-29T06:10:24.184721+00:00,2026-09-29T06:10:24.184721+00:00,0,0.0,True,-0.07142857142856673,False,0.5970226600000169,0.007184320000016953,0.7560000000000855,0.08997534,0.08997155999999999,-0.24894890000006864,-0.7488119000000686,False
META,META|hyperliquid:xyz:META|lighter:117,2026-09-29T06:10:24.184721+00:00,2026-09-29T06:15:44.218150+00:00,5,20.03342914581299,True,-0.2142857142857113,False,0.5970226600000169,0.007184320000016953,0.7840000000001055,0.08997534,0.09006353999999998,-0.27704088000008864,-0.7769038800000887,False
META,META|hyperliquid:xyz:META|lighter:117,2026-09-29T06:10:24.184721+00:00,2026-09-29T06:26:25.561846+00:00,15,61.37712478637695,True,-0.2142857142857113,False,0.5970226600000169,0.007184320000016953,0.8754670007156165,0.08997534,0.09009555951324266,-0.36853990022884225,-0.8684029002288423,False
META,META|hyperliquid:xyz:META|lighter:117,2026-09-29T06:10:24.184721+00:00,2026-09-29T06:41:06.371507+00:00,30,42.18678569793701,True,-0.35714285714284477,False,0.5970226600000169,0.007184320000016953,0.7559999999998581,0.08997534,0.09022482000000001,-0.24920215999984127,-0.7490651599998412,False
META,META|hyperliquid:xyz:META|lighter:117,2026-09-29T06:10:24.184721+00:00,2026-09-29T07:10:28.938150+00:00,60,4.7534284591674805,False,-0.4285714285714337,False,0.5970226600000169,0.007184320000016953,0.6553928263990656,0.08997534,0.09027774,-0.14864790639904873,-0.6485109063990487,False
HBAR,HBAR|lighter:59|hyperliquid:HBAR,2026-09-29T06:10:58.625899+00:00,2026-09-29T06:10:58.625899+00:00,0,0.0,True,-0.20274299344066327,False,1.1944002215001084,0.24368214300010832,2.724999746056369,0.45072977850000007,0.4508656425,-1.9814651670562606,-2.4814534670562605,False
HBAR,HBAR|lighter:59|hyperliquid:HBAR,2026-09-29T06:10:58.625899+00:00,2026-09-29T06:16:18.816877+00:00,5,20.190978288650513,True,0.9779367918902881,True,1.1944002215001084,0.24368214300010832,2.898936235975043,0.45072977850000007,0.44560893973042404,-2.150144954205359,-2.650133254205359,False
HBAR,HBAR|lighter:59|hyperliquid:HBAR,2026-09-29T06:10:58.625899+00:00,2026-09-29T07:11:03.624026+00:00,60,4.99812650680542,False,0.9063804412641652,True,1.1944002215001084,0.24368214300010832,2.7496338565180167,0.45072977850000007,0.44592268499999993,-2.001156320017908,-2.501144620017908,False
MSFT,MSFT|hyperliquid:xyz:MSFT|rh_lighter:14,2026-09-29T06:12:38.312064+00:00,2026-09-29T06:12:38.312064+00:00,0,0.0,True,-0.10147133434804667,False,0.7427735659000478,0.15296738680004773,1.1037599999999657,0.08997043410000001,0.0899651124,-0.45095154649991775,-0.9507872914999178,False
MSFT,MSFT|hyperliquid:xyz:MSFT|rh_lighter:14,2026-09-29T06:12:38.312064+00:00,2026-09-29T06:18:38.289971+00:00,5,59.97790765762329,True,0.0,True,0.7427735659000478,0.15296738680004773,1.1355660000000398,0.08997043410000001,0.0898966395,-0.4826890735999919,-0.982524818599992,False
MSFT,MSFT|hyperliquid:xyz:MSFT|rh_lighter:14,2026-09-29T06:12:38.312064+00:00,2026-09-29T06:28:38.212412+00:00,15,59.9003484249115,True,-0.05073566717402889,False,0.7427735659000478,0.15296738680004773,1.2811500000001388,0.08997043410000001,0.0899278605,-0.628304294600091,-1.128140039600091,False
MSFT,MSFT|hyperliquid:xyz:MSFT|rh_lighter:14,2026-09-29T06:12:38.312064+00:00,2026-09-29T06:43:38.309459+00:00,30,59.997395277023315,True,-0.10147133434804667,False,0.7427735659000478,0.15296738680004773,1.1037599999999657,0.08997043410000001,0.0899668863,-0.45095332039991776,-0.9507890653999178,False
MSFT,MSFT|hyperliquid:xyz:MSFT|rh_lighter:14,2026-09-29T06:12:38.312064+00:00,2026-09-29T07:12:38.590421+00:00,60,0.27835726737976074,False,-0.10147133434804667,False,0.7427735659000478,0.15296738680004773,1.3521880832910256,0.08997043410000001,0.0899491473,-0.6993636646909778,-1.1991994096909777,False
AMZN,AMZN|hyperliquid:xyz:AMZN|rh_lighter:11,2026-09-29T06:12:43.546544+00:00,2026-09-29T06:12:43.546544+00:00,0,0.0,True,-0.09842519685040463,False,0.6095530671999538,0.019632174399953906,1.0815605280788532,0.0899879328,0.08998061759999999,-0.5619880784788994,-1.0619210384788995,False
AMZN,AMZN|hyperliquid:xyz:AMZN|rh_lighter:11,2026-09-29T06:12:43.546544+00:00,2026-09-29T06:17:45.208407+00:00,5,1.6618635654449463,True,-0.0738188976378007,False,0.6095530671999538,0.019632174399953906,1.0972799999999552,0.0899879328,0.0899476992,-0.5776746320000014,-1.0776075920000014,False
AMZN,AMZN|hyperliquid:xyz:AMZN|rh_lighter:11,2026-09-29T06:12:43.546544+00:00,2026-09-29T06:27:45.253633+00:00,15,1.7070889472961426,True,-0.0738188976378007,False,0.6095530671999538,0.019632174399953906,1.107107254370817,0.0899879328,0.0899659872,-0.5875201743708631,-1.087453134370863,False
AMZN,AMZN|hyperliquid:xyz:AMZN|rh_lighter:11,2026-09-29T06:12:43.546544+00:00,2026-09-29T06:42:45.235726+00:00,30,1.6891825199127197,True,-0.19685039370078705,False,0.6095530671999538,0.019632174399953906,0.9347199999999702,0.0899879328,0.090086688,-0.4152536208000165,-0.9151865808000165,False
AMZN,AMZN|hyperliquid:xyz:AMZN|rh_lighter:11,2026-09-29T06:12:43.546544+00:00,2026-09-29T07:12:45.464600+00:00,60,1.918055772781372,False,-0.2952755905511917,False,0.6095530671999538,0.019632174399953906,1.0972799999999552,0.0899879328,0.0901671552,-0.5778940880000014,-1.0778270480000014,False
AAPL,AAPL|hyperliquid:xyz:AAPL|rh_lighter:10,2026-09-29T06:13:30.208515+00:00,2026-09-29T06:13:30.208515+00:00,0,0.0,True,-0.10121457489878916,False,0.6219605139997693,0.03201632799976928,1.0076819209728,0.08999148600000001,0.0899861508,-0.47570755777303086,-0.9756602577730309,False
AAPL,AAPL|hyperliquid:xyz:AAPL|rh_lighter:10,2026-09-29T06:13:30.208515+00:00,2026-09-29T06:19:29.203215+00:00,5,58.99470019340515,True,0.0,True,0.6219605139997693,0.03201632799976928,0.9781199999999899,0.08999148600000001,0.089911458,-0.4460709440002207,-0.9460236440002208,False
AAPL,AAPL|hyperliquid:xyz:AAPL|rh_lighter:10,2026-09-29T06:13:30.208515+00:00,2026-09-29T06:29:29.254853+00:00,15,59.04633808135986,True,-0.10121457489878916,False,0.6219605139997693,0.03201632799976928,0.8595600000001014,0.08999148600000001,0.0900128268,-0.32761231280033215,-0.8275650128003322,False
AAPL,AAPL|hyperliquid:xyz:AAPL|rh_lighter:10,2026-09-29T06:13:30.208515+00:00,2026-09-29T06:44:29.226887+00:00,30,59.01837158203125,True,-0.1686909581646412,False,0.6219605139997693,0.03201632799976928,0.7952715511997894,0.08999148600000001,0.09006662956039202,-0.26337766676041224,-0.7633303667604123,False
AAPL,AAPL|hyperliquid:xyz:AAPL|rh_lighter:10,2026-09-29T06:13:30.208515+00:00,2026-09-29T07:14:29.253898+00:00,60,59.0453827381134,False,-0.10121457489878916,False,0.6219605139997693,0.03201632799976928,1.0146649888553156,0.08999148600000001,0.08998775081945287,-0.4826922256749993,-0.9826449256749994,False
GOOGL,GOOGL|hyperliquid:xyz:GOOGL|rh_lighter:12,2026-09-29T06:13:31.545890+00:00,2026-09-29T06:13:31.545890+00:00,0,0.0,True,-0.10277492291881352,False,0.7565186894999666,0.1665756539999666,1.0858619938271659,0.0899913105,0.0899886834,-0.41933198772719926,-0.9192837127271993,False
GOOGL,GOOGL|hyperliquid:xyz:GOOGL|rh_lighter:12,2026-09-29T06:13:31.545890+00:00,2026-09-29T06:19:31.538926+00:00,5,59.99303603172302,True,-0.06851661527921271,False,0.7565186894999666,0.1665756539999666,0.8538670407953077,0.0899913105,0.08997817500000001,-0.1873265262953412,-0.6872782512953413,False
GOOGL,GOOGL|hyperliquid:xyz:GOOGL|rh_lighter:12,2026-09-29T06:13:31.545890+00:00,2026-09-29T06:28:31.560109+00:00,15,0.014219045639038086,True,-0.10277492291881352,False,0.7565186894999666,0.1665756539999666,0.9374865010290705,0.0899913105,0.09000308830462962,-0.27097089983373357,-0.7709226248337335,False
GOOGL,GOOGL|hyperliquid:xyz:GOOGL|rh_lighter:12,2026-09-29T06:13:31.545890+00:00,2026-09-29T06:43:31.560173+00:00,30,0.014282941818237305,True,-0.20554984583762703,False,0.7565186894999666,0.1665756539999666,1.069292929969265,0.0899913105,0.09007784517188465,-0.40285208564118313,-0.9028038106411831,False
GOOGL,GOOGL|hyperliquid:xyz:GOOGL|rh_lighter:12,2026-09-29T06:13:31.545890+00:00,2026-09-29T07:13:31.597472+00:00,60,0.05158185958862305,False,-0.13703323055841432,False,0.7565186894999666,0.1665756539999666,1.2464079931388596,0.0899913105,0.0899886834,-0.579877987038893,-1.079829712038893,False
INTC,INTC|hyperliquid:xyz:INTC|rh_lighter:30,2026-09-29T06:18:46.498848+00:00,2026-09-29T06:18:46.498848+00:00,0,0.0,True,-0.11547344110853786,False,0.6028494459999202,0.013173591999920242,1.1258000000000266,0.089950554,0.08994276000000001,-0.6128933140001064,-1.1126186140001064,False
INTC,INTC|hyperliquid:xyz:INTC|rh_lighter:30,2026-09-29T06:18:46.498848+00:00,2026-09-29T06:23:46.507581+00:00,5,0.008733034133911133,True,-0.34642032332562467,False,0.6028494459999202,0.013173591999920242,0.9526000000000749,0.089950554,0.09017658,-0.4399271340001548,-0.9396524340001549,False
INTC,INTC|hyperliquid:xyz:INTC|rh_lighter:30,2026-09-29T06:18:46.498848+00:00,2026-09-29T06:33:46.554139+00:00,15,0.055291175842285156,True,-0.46189376443419583,False,0.6028494459999202,0.013173591999920242,1.0392000000000507,0.089950554,0.09026231400000001,-0.5266128680001306,-1.0263381680001307,False
INTC,INTC|hyperliquid:xyz:INTC|rh_lighter:30,2026-09-29T06:18:46.498848+00:00,2026-09-29T06:49:46.533171+00:00,30,60.03432297706604,True,-0.2309468822170868,False,0.6028494459999202,0.013173591999920242,0.7794000000001233,0.089950554,0.090122022,-0.2666725760002032,-0.7663978760002033,False
INTC,INTC|hyperliquid:xyz:INTC|rh_lighter:30,2026-09-29T06:18:46.498848+00:00,2026-09-29T07:19:46.293060+00:00,60,59.79421257972717,False,-0.46189376443419583,False,0.6028494459999202,0.013173591999920242,1.0392000000000507,0.089950554,0.09027790200000001,-0.5266284560001306,-1.0263537560001306,False
SAMSUNGUSD,SAMSUNGUSD|hyperliquid:xyz:SMSN|lighter:162,2026-09-29T06:19:21.775729+00:00,2026-09-29T06:19:21.775729+00:00,0,0.0,True,-0.1004621257785776,False,0.6565563837000702,0.06659823240007018,1.0451700000000983,0.08999361630000001,0.0899846577,-0.4785982740000281,-0.978562809000028,False
SAMSUNGUSD,SAMSUNGUSD|hyperliquid:xyz:SMSN|lighter:162,2026-09-29T06:19:21.775729+00:00,2026-09-29T06:24:42.379813+00:00,5,20.604084730148315,True,-0.020092425155726623,False,0.6565563837000702,0.06659823240007018,1.0750319999999647,0.08999361630000001,0.0899129889,-0.5083886051998945,-1.0083531401998944,False
SAMSUNGUSD,SAMSUNGUSD|hyperliquid:xyz:SMSN|lighter:162,2026-09-29T06:19:21.775729+00:00,2026-09-29T06:35:23.344182+00:00,15,61.568453788757324,True,-0.14064697609003085,False,0.6565563837000702,0.06659823240007018,0.9107909999999038,0.08999361630000001,0.09003393000000001,-0.3442685462998336,-0.8442330812998335,False
SAMSUNGUSD,SAMSUNGUSD|hyperliquid:xyz:SMSN|lighter:162,2026-09-29T06:19:21.775729+00:00,2026-09-29T06:50:04.545119+00:00,30,42.76939058303833,True,-0.020092425155726623,False,0.6565563837000702,0.06659823240007018,0.7812129646301855,0.08999361630000001,0.0899371929631833,-0.21459377389329862,-0.7145583088932986,False
SAMSUNGUSD,SAMSUNGUSD|hyperliquid:xyz:SMSN|lighter:162,2026-09-29T06:19:21.775729+00:00,2026-09-29T07:19:44.282134+00:00,60,22.506404876708984,False,-0.4018485031143326,False,0.6565563837000702,0.06659823240007018,0.9306990000001178,0.08999361630000001,0.0902758122,-0.3644184285000477,-0.8643829635000477,False
META,META|hyperliquid:xyz:META|lighter:117,2026-09-29T06:21:04.525168+00:00,2026-09-29T06:21:04.525168+00:00,0,0.0,True,-0.07147962830593713,False,0.6235021229999789,0.03358159599997884,0.8083818283259916,0.08998787700000001,0.08998661790000001,-0.27486632322601273,-0.7747989732260128,False
META,META|hyperliquid:xyz:META|lighter:117,2026-09-29T06:21:04.525168+00:00,2026-09-29T06:26:25.561846+00:00,5,21.036677837371826,True,-0.14295925661186315,False,0.6235021229999789,0.03358159599997884,0.8748416671437553,0.08998787700000001,0.09003120554216178,-0.3413707496859382,-0.8413033996859383,False
META,META|hyperliquid:xyz:META|lighter:117,2026-09-29T06:21:04.525168+00:00,2026-09-29T06:37:05.967713+00:00,15,61.44254517555237,True,-0.21443888491781138,False,0.6235021229999789,0.03358159599997884,0.6575300000000652,0.08998787700000001,0.0901200825,-0.12414795950008638,-0.6240806095000864,False
META,META|hyperliquid:xyz:META|lighter:117,2026-09-29T06:21:04.525168+00:00,2026-09-29T06:51:47.347404+00:00,30,42.82223629951477,True,-0.21443888491781138,False,0.6235021229999789,0.03358159599997884,0.7134899999999789,0.08998787700000001,0.09009867780000001,-0.18008655480000002,-0.6800192048,False
META,META|hyperliquid:xyz:META|lighter:117,2026-09-29T06:21:04.525168+00:00,2026-09-29T07:21:29.706968+00:00,60,25.18180012702942,False,-0.35739814152967453,False,0.6235021229999789,0.03358159599997884,0.7134899999999789,0.08998787700000001,0.0902346606,-0.1802225376,-0.6801551876,False
AMZN,AMZN|hyperliquid:xyz:AMZN|rh_lighter:11,2026-09-29T06:22:45.270344+00:00,2026-09-29T06:22:45.270344+00:00,0,0.0,True,-0.09842519685040463,False,0.6501930672000069,0.060272174400006984,1.162831519211636,0.0899879328,0.08997696000000001,-0.6026154120116292,-1.1025483720116291,False
AMZN,AMZN|hyperliquid:xyz:AMZN|rh_lighter:11,2026-09-29T06:22:45.270344+00:00,2026-09-29T06:28:45.222046+00:00,5,59.95170211791992,True,-0.09842519685040463,False,0.6501930672000069,0.060272174400006984,1.0574658128078909,0.0899879328,0.08997330240000001,-0.497246048007884,-0.997179008007884,False
AMZN,AMZN|hyperliquid:xyz:AMZN|rh_lighter:11,2026-09-29T06:22:45.270344+00:00,2026-09-29T06:37:45.684947+00:00,15,0.41460347175598145,True,-0.12303149606298636,False,0.6501930672000069,0.060272174400006984,1.1379200000000083,0.0899879328,0.09000622080000002,-0.5777331536000014,-1.0776661136000014,False
AMZN,AMZN|hyperliquid:xyz:AMZN|rh_lighter:11,2026-09-29T06:22:45.270344+00:00,2026-09-29T06:52:45.456203+00:00,30,0.18585944175720215,True,-0.22145669291339098,False,0.6501930672000069,0.060272174400006984,0.7721599999999853,0.0899879328,0.0901122912,-0.21207922399997844,-0.7120121839999785,False
AMZN,AMZN|hyperliquid:xyz:AMZN|rh_lighter:11,2026-09-29T06:22:45.270344+00:00,2026-09-29T07:23:43.618489+00:00,60,58.34814453125,False,-0.27066929133858775,False,0.6501930672000069,0.060272174400006984,0.7721599999999853,0.0899879328,0.0901744704,-0.21214140319997843,-0.7120743631999784,False
HBAR,HBAR|lighter:59|hyperliquid:HBAR,2026-09-29T06:22:59.282160+00:00,2026-09-29T06:22:59.282160+00:00,0,0.0,True,-0.21274081077886642,False,1.2932905885000965,0.34253197350009645,2.8835544972166645,0.4507724115,0.45091937002374755,-2.0411832787403155,-2.5411694822403152,False
HBAR,HBAR|lighter:59|hyperliquid:HBAR,2026-09-29T06:22:59.282160+00:00,2026-09-29T06:28:20.212032+00:00,5,20.929872035980225,True,0.8509632431154657,True,1.2932905885000965,0.34253197350009645,2.4165827688972286,0.4507724115,0.4461700022788,-1.569462182675932,-2.069448386175932,False
HBAR,HBAR|lighter:59|hyperliquid:HBAR,2026-09-29T06:22:59.282160+00:00,2026-09-29T06:39:00.811368+00:00,15,61.52920722961426,True,0.6736792341330844,True,1.2932905885000965,0.34253197350009645,2.511225395984866,0.4507724115,0.44697028252389054,-1.66490509000866,-2.16489129350866,False
HBAR,HBAR|lighter:59|hyperliquid:HBAR,2026-09-29T06:22:59.282160+00:00,2026-09-29T06:53:42.246337+00:00,30,42.964176654815674,True,-0.5082141590828537,False,1.2932905885000965,0.34253197350009645,2.8428296628653698,0.4507724115,0.45228698550000007,-2.0018260598652735,-2.5018122633652737,False
HBAR,HBAR|lighter:59|hyperliquid:HBAR,2026-09-29T06:22:59.282160+00:00,2026-09-29T07:23:29.864846+00:00,60,30.582685947418213,False,0.4727573572863797,True,1.2932905885000965,0.34253197350009645,2.4049275281731752,0.4507724115,0.447832269,-1.5594692086730788,-2.0594554121730786,False
XAG,XAG|hyperliquid:xyz:SILVER|rh_lighter:41,2026-09-29T06:23:22.529367+00:00,2026-09-29T06:23:22.529367+00:00,0,0.0,True,-0.12172854534387989,False,0.6559297967000641,0.0659809084000641,1.0827430073126152,0.0899922033,0.08998273907934187,-0.5167959496918929,-1.016752634691893,False
XAG,XAG|hyperliquid:xyz:SILVER|rh_lighter:41,2026-09-29T06:23:22.529367+00:00,2026-09-29T06:29:22.220942+00:00,5,59.691574811935425,True,-0.12172854534387989,False,0.6559297967000641,0.0659809084000641,0.938152999999943,0.0899922033,0.0900055116,-0.37222871489987885,-0.8721853998998789,False
XAG,XAG|hyperliquid:xyz:SILVER|rh_lighter:41,2026-09-29T06:23:22.529367+00:00,2026-09-29T06:39:22.259444+00:00,15,59.7300763130188,True,-0.3043213633597164,False,0.6559297967000641,0.0659809084000641,1.046591000000035,0.0899922033,0.0901666899,-0.48082789319997077,-0.9807845781999708,False
XAG,XAG|hyperliquid:xyz:SILVER|rh_lighter:41,2026-09-29T06:23:22.529367+00:00,2026-09-29T06:53:22.588310+00:00,30,0.05894327163696289,True,-0.1825928180158365,False,0.6559297967000641,0.0659809084000641,0.8379299999999148,0.0899922033,0.0900498726,-0.27205007589985064,-0.7720067608998507,False
XAG,XAG|hyperliquid:xyz:SILVER|rh_lighter:41,2026-09-29T06:23:22.529367+00:00,2026-09-29T07:23:23.604783+00:00,60,1.075415849685669,False,-0.24345709068775978,False,0.6559297967000641,0.0659809084000641,1.228964000000019,0.0899922033,0.0900735318,-0.6631077350999549,-1.163064420099955,False
SAMSUNGUSD,SAMSUNGUSD|hyperliquid:xyz:SMSN|lighter:162,2026-09-29T06:24:42.379813+00:00,2026-09-29T06:24:42.379813+00:00,0,0.0,True,-0.08032128514057213,False,0.5992646186999018,0.009360452399901742,1.075680000000034,0.08998538130000001,0.089967186,-0.5663825673001321,-1.0663013523001321,False
SAMSUNGUSD,SAMSUNGUSD|hyperliquid:xyz:SMSN|lighter:162,2026-09-29T06:24:42.379813+00:00,2026-09-29T06:30:02.891604+00:00,5,20.511790990829468,True,-0.24096385542169418,False,0.5992646186999018,0.009360452399901742,1.593599999999924,0.08998538130000001,0.090061308,-1.0843966893000223,-1.5843154743000223,False
SAMSUNGUSD,SAMSUNGUSD|hyperliquid:xyz:SMSN|lighter:162,2026-09-29T06:24:42.379813+00:00,2026-09-29T06:40:43.755997+00:00,15,61.37618374824524,True,-0.14056224899599012,False,0.5992646186999018,0.009360452399901742,1.1264693907098717,0.08998538130000001,0.0900190854510356,-0.6172238574610056,-1.1171426424610056,False
SAMSUNGUSD,SAMSUNGUSD|hyperliquid:xyz:SMSN|lighter:162,2026-09-29T06:24:42.379813+00:00,2026-09-29T06:55:25.243513+00:00,30,42.8636999130249,True,-0.24096385542169418,False,0.5992646186999018,0.009360452399901742,1.0928754347827407,0.08998538130000001,0.09011264801086957,-0.5837234640937086,-1.0836422490937085,False
SAMSUNGUSD,SAMSUNGUSD|hyperliquid:xyz:SMSN|lighter:162,2026-09-29T06:24:42.379813+00:00,2026-09-29T07:25:20.539498+00:00,60,38.15968418121338,False,-0.4417670682731023,False,0.5992646186999018,0.009360452399901742,0.9461979911257004,0.08998538130000001,0.09030826638079871,-0.4372416388065973,-0.9371604238065974,False
XAG,XAG|hyperliquid:xyz:SILVER|rh_lighter:41,2026-09-29T06:25:22.606006+00:00,2026-09-29T06:25:22.606006+00:00,0,0.0,True,-0.12172854534387989,False,0.6099198819000251,0.019932218800025103,1.0219460000000709,0.0899981181,0.0899951607,-0.5020212788000458,-1.0020108238000458,False
XAG,XAG|hyperliquid:xyz:SILVER|rh_lighter:41,2026-09-29T06:25:22.606006+00:00,2026-09-29T06:31:22.242363+00:00,5,59.63635778427124,True,-0.24345709068775978,False,0.6099198819000251,0.019932218800025103,0.8642179999999371,0.0899981181,0.0901060632,-0.344404181299912,-0.8443937262999119,False
XAG,XAG|hyperliquid:xyz:SILVER|rh_lighter:41,2026-09-29T06:25:22.606006+00:00,2026-09-29T06:41:22.511501+00:00,15,59.90549564361572,True,-0.3043213633597164,False,0.6099198819000251,0.019932218800025103,1.1057389999999714,0.0899981181,0.090126765,-0.5859458830999462,-1.0859354280999463,False
XAG,XAG|hyperliquid:xyz:SILVER|rh_lighter:41,2026-09-29T06:25:22.606006+00:00,2026-09-29T06:56:22.567367+00:00,30,59.961360931396484,True,-0.1825928180158365,False,0.6099198819000251,0.019932218800025103,0.798497999999995,0.0899981181,0.0900410004,-0.2786191184999699,-0.7786086634999698,False
XAG,XAG|hyperliquid:xyz:SILVER|rh_lighter:41,2026-09-29T06:25:22.606006+00:00,2026-09-29T07:25:23.889456+00:00,60,1.2834501266479492,False,-0.24345709068775978,False,0.6099198819000251,0.019932218800025103,1.2021747797439275,0.0899981181,0.0900868401,-0.6823417379439024,-1.1823312829439023,False
META,META|hyperliquid:xyz:META|lighter:117,2026-09-29T06:26:25.561846+00:00,2026-09-29T06:26:25.561846+00:00,0,0.0,True,-0.07153075822602384,False,0.6090273761999554,0.019206842399955293,0.8742163335718942,0.08997262380000001,0.08996685157108088,-0.3551558089430197,-0.8550037189430197,False
META,META|hyperliquid:xyz:META|lighter:117,2026-09-29T06:26:25.561846+00:00,2026-09-29T06:31:45.580816+00:00,5,20.018970012664795,True,-0.21459227467810482,False,0.6090273761999554,0.019206842399955293,0.6291000000001077,0.08997262380000001,0.09008837819999999,-0.11016100200015225,-0.6100089120001523,False
META,META|hyperliquid:xyz:META|lighter:117,2026-09-29T06:26:25.561846+00:00,2026-09-29T06:42:26.565652+00:00,15,61.0038058757782,True,-0.21459227467810482,False,0.6090273761999554,0.019206842399955293,0.657060000000115,0.08997262380000001,0.09008963639999998,-0.13812226020015955,-0.6379701702001597,False
META,META|hyperliquid:xyz:META|lighter:117,2026-09-29T06:26:25.561846+00:00,2026-09-29T06:57:07.635269+00:00,30,42.07342290878296,True,-0.21459227467810482,False,0.6090273761999554,0.019206842399955293,0.7269599999999627,0.08997262380000001,0.0900833454,-0.2080159692000073,-0.7078638792000074,False
META,META|hyperliquid:xyz:META|lighter:117,2026-09-29T06:26:25.561846+00:00,2026-09-29T07:27:05.876661+00:00,60,40.3148148059845,False,-0.3576537911301747,False,0.6090273761999554,0.019206842399955293,0.6837173409908246,0.08997262380000001,0.0902141982,-0.16490416299086919,-0.6647520729908692,False
GOOGL,GOOGL|hyperliquid:xyz:GOOGL|rh_lighter:12,2026-09-29T06:26:31.577814+00:00,2026-09-29T06:26:31.577814+00:00,0,0.0,True,-0.10277492291881352,False,0.6366299282999243,0.04672779159992424,1.024054471193267,0.0899850717,0.08997817500000001,-0.4774027178933428,-0.9773197828933429,False
GOOGL,GOOGL|hyperliquid:xyz:GOOGL|rh_lighter:12,2026-09-29T06:26:31.577814+00:00,2026-09-29T06:32:31.558483+00:00,5,59.980669021606445,True,-0.13703323055841432,False,0.6366299282999243,0.04672779159992424,0.9515889931388983,0.0899850717,0.0900123273,-0.40497139213897404,-0.904888457138974,False
GOOGL,GOOGL|hyperliquid:xyz:GOOGL|rh_lighter:12,2026-09-29T06:26:31.577814+00:00,2026-09-29T06:41:31.900021+00:00,15,0.3222072124481201,True,-0.20554984583762703,False,0.6366299282999243,0.04672779159992424,1.0873159763128797,0.0899850717,0.09005825059526261,-0.540744298608218,-1.040661363608218,False
GOOGL,GOOGL|hyperliquid:xyz:GOOGL|rh_lighter:12,2026-09-29T06:26:31.577814+00:00,2026-09-29T06:56:31.579079+00:00,30,0.0012650489807128906,True,-0.10277492291881352,False,0.6366299282999243,0.04672779159992424,1.3135499999999638,0.0899850717,0.08994664980000001,-0.7668667215000395,-1.2667837865000395,False
GOOGL,GOOGL|hyperliquid:xyz:GOOGL|rh_lighter:12,2026-09-29T06:26:31.577814+00:00,2026-09-29T07:27:30.596414+00:00,60,59.01859974861145,False,-0.10277492291881352,False,0.6366299282999243,0.04672779159992424,0.9903978806585201,0.0899850717,0.09000181889999999,-0.4437697712585958,-0.9436868362585957,False
AMZN,AMZN|hyperliquid:xyz:AMZN|rh_lighter:11,2026-09-29T06:26:45.246290+00:00,2026-09-29T06:26:45.246290+00:00,0,0.0,True,-0.09840098400984987,False,0.6823691924999603,0.09249500999996024,1.1544579980298977,0.08998080750000001,0.089977149,-0.5620659545299374,-1.0619593295299374,False
AMZN,AMZN|hyperliquid:xyz:AMZN|rh_lighter:11,2026-09-29T06:26:45.246290+00:00,2026-09-29T06:32:45.231266+00:00,5,59.98497653007507,True,-0.17220172201722894,False,0.6823691924999603,0.09249500999996024,0.9891974149829821,0.08998080750000001,0.09004892700295712,-0.3968771494859789,-0.8967705244859789,False
AMZN,AMZN|hyperliquid:xyz:AMZN|rh_lighter:11,2026-09-29T06:26:45.246290+00:00,2026-09-29T06:42:45.235726+00:00,15,59.989436626434326,True,-0.22140221402214832,False,0.6823691924999603,0.09249500999996024,0.934949999999958,0.08998080750000001,0.09010885500000002,-0.34268966249999766,-0.8425830374999976,False
AMZN,AMZN|hyperliquid:xyz:AMZN|rh_lighter:11,2026-09-29T06:26:45.246290+00:00,2026-09-29T06:56:45.323233+00:00,30,0.07694363594055176,True,-0.19680196801967753,False,0.6823691924999603,0.09249500999996024,0.772350000000074,0.08998080750000001,0.0901051965,-0.1800860040001137,-0.6799793790001137,False
AMZN,AMZN|hyperliquid:xyz:AMZN|rh_lighter:11,2026-09-29T06:26:45.246290+00:00,2026-09-29T07:27:43.934883+00:00,60,58.68859314918518,False,-0.3444034440344468,False,0.6823691924999603,0.09249500999996024,0.8699049827202998,0.08998080750000001,0.0902149515,-0.2777507417203395,-0.7776441167203395,False
AAPL,AAPL|hyperliquid:xyz:AAPL|rh_lighter:10,2026-09-29T06:27:29.199423+00:00,2026-09-29T06:27:29.199423+00:00,0,0.0,True,-0.10121457489878916,False,0.5918125139998291,0.0018683279998291669,0.9781200000001036,0.08999148600000001,0.0899861508,-0.4762936368002745,-0.9762463368002745,False
AAPL,AAPL|hyperliquid:xyz:AAPL|rh_lighter:10,2026-09-29T06:27:29.199423+00:00,2026-09-29T06:32:29.210509+00:00,5,0.011085987091064453,True,-0.10121457489878916,False,0.5918125139998291,0.0018683279998291669,0.8595599999999877,0.08999148600000001,0.0900021564,-0.3577496424001586,-0.8577023424001586,False
AAPL,AAPL|hyperliquid:xyz:AAPL|rh_lighter:10,2026-09-29T06:27:29.199423+00:00,2026-09-29T06:42:29.223947+00:00,15,0.024524211883544922,True,-0.13495276653171517,False,0.5918125139998291,0.0018683279998291669,0.8299200000000155,0.08999148600000001,0.09003950279999999,-0.32814698880018645,-0.8280996888001865,False
AAPL,AAPL|hyperliquid:xyz:AAPL|rh_lighter:10,2026-09-29T06:27:29.199423+00:00,2026-09-29T06:57:29.249764+00:00,30,0.05034160614013672,True,-0.13495276653171517,False,0.5918125139998291,0.0018683279998291669,0.9188400000000456,0.08999148600000001,0.0900128268,-0.41704031280021653,-0.9169930128002166,False
AAPL,AAPL|hyperliquid:xyz:AAPL|rh_lighter:10,2026-09-29T06:27:29.199423+00:00,2026-09-29T07:27:29.393518+00:00,60,0.19409561157226562,False,-0.1686909581646412,False,0.5918125139998291,0.0018683279998291669,1.1263199999999642,0.08999148600000001,0.0900501732,-0.6245576592001351,-1.124510359200135,False
SAMSUNGUSD,SAMSUNGUSD|hyperliquid:xyz:SMSN|lighter:162,2026-09-29T06:28:42.559294+00:00,2026-09-29T06:28:42.559294+00:00,0,0.0,True,-0.14059048001605623,False,0.6508078237000584,0.060918112400058455,1.5833219999998391,0.08998317630000001,0.08996704470000001,-1.0224812209997807,-1.5223877559997807,False
SAMSUNGUSD,SAMSUNGUSD|hyperliquid:xyz:SMSN|lighter:162,2026-09-29T06:28:42.559294+00:00,2026-09-29T06:34:03.121057+00:00,5,20.561763525009155,True,-0.22092789716811057,False,0.6508078237000584,0.060918112400058455,1.3648172620773948,0.08998317630000001,0.09006557748641304,-0.8040750158637495,-1.3039815508637496,False
SAMSUNGUSD,SAMSUNGUSD|hyperliquid:xyz:SMSN|lighter:162,2026-09-29T06:28:42.559294+00:00,2026-09-29T06:44:44.253103+00:00,15,61.693809032440186,True,-0.040168708576016066,False,0.6508078237000584,0.060918112400058455,0.9161359999999377,0.08998317630000001,0.08994463920000001,-0.3552728154998793,-0.8551793504998793,False
SAMSUNGUSD,SAMSUNGUSD|hyperliquid:xyz:SMSN|lighter:162,2026-09-29T06:28:42.559294+00:00,2026-09-29T06:59:25.688831+00:00,30,43.129536867141724,True,0.0,True,0.6508078237000584,0.060918112400058455,1.289538999999877,0.08998317630000001,0.08987832090000002,-0.7286094971998186,-1.2285160321998185,False
SAMSUNGUSD,SAMSUNGUSD|hyperliquid:xyz:SMSN|lighter:162,2026-09-29T06:28:42.559294+00:00,2026-09-29T07:29:32.749624+00:00,60,50.190329790115356,False,-0.421771440048202,False,0.6508078237000584,0.060918112400058455,1.005364339653056,0.08998317630000001,0.09028792688943121,-0.4448444428424289,-0.9447509778424289,False
XPL,XPL|lighter:71|hyperliquid:XPL,2026-09-29T06:29:29.537067+00:00,2026-09-29T06:29:29.537067+00:00,0,0.0,True,-0.14929829799940064,False,0.9903884152501017,0.03978191150010174,2.5224359539473653,0.45062858474999995,0.45065014740000003,-1.9826976860972636,-2.4826756050972634,False
XPL,XPL|lighter:71|hyperliquid:XPL,2026-09-29T06:29:29.537067+00:00,2026-09-29T06:34:49.822096+00:00,5,20.28502917289734,True,-0.8460236886632777,False,0.9903884152501017,0.03978191150010174,2.3607595853241037,0.45062858474999995,0.453833037,-1.8242042070740019,-2.324182126074002,False
XPL,XPL|lighter:71|hyperliquid:XPL,2026-09-29T06:29:29.537067+00:00,2026-09-29T06:45:30.778127+00:00,15,61.24106025695801,True,0.10948541853290639,True,0.9903884152501017,0.03978191150010174,1.757039298170639,0.45062858474999995,0.4494767408590625,-1.2161276237796,-1.7161055427796,False
XPL,XPL|lighter:71|hyperliquid:XPL,2026-09-29T06:29:29.537067+00:00,2026-09-29T07:30:15.535385+00:00,60,45.99831771850586,False,-0.6768189509306244,False,0.9903884152501017,0.03978191150010174,2.118913206132902,0.45062858474999995,0.45306444149999997,-1.5815892323828002,-2.0815671513828002,False
MU,MU|hyperliquid:xyz:MU|rh_lighter:31,2026-09-29T06:29:34.228421+00:00,2026-09-29T06:29:34.228421+00:00,0,0.0,True,-0.10649627263046302,False,0.6518406540001005,0.06204160800010061,0.9709239978678852,0.08996934599999999,0.089960895,-0.40904423886778474,-0.9088739388677847,False
MU,MU|hyperliquid:xyz:MU|rh_lighter:31,2026-09-29T06:29:34.228421+00:00,2026-09-29T06:34:34.559287+00:00,5,0.33086562156677246,True,-0.31948881789136685,False,0.6518406540001005,0.06204160800010061,0.6573000000000775,0.08996934599999999,0.09019752299999999,-0.09565686899997702,-0.595486568999977,False
MU,MU|hyperliquid:xyz:MU|rh_lighter:31,2026-09-29T06:29:34.228421+00:00,2026-09-29T06:44:34.318349+00:00,15,0.08992838859558105,True,-0.21299254526090383,False,0.6518406540001005,0.06204160800010061,0.6572999999998501,0.08996934599999999,0.090121464,-0.09558080999974966,-0.5954105099997495,False
MU,MU|hyperliquid:xyz:MU|rh_lighter:31,2026-09-29T06:29:34.228421+00:00,2026-09-29T06:59:34.269048+00:00,30,0.04062676429748535,True,-0.42598509052181877,False,0.6518406540001005,0.06204160800010061,0.8638800000001083,0.08996934599999999,0.09026513099999998,-0.3023044770000079,-0.8021341770000079,False
MU,MU|hyperliquid:xyz:MU|rh_lighter:31,2026-09-29T06:29:34.228421+00:00,2026-09-29T07:30:33.378152+00:00,60,59.149730920791626,False,-0.7454739084131967,False,0.6518406540001005,0.06204160800010061,0.5442653562232636,0.08996934599999999,0.09053556299999999,0.017039734776836915,-0.48278996522316303,False
GOOGL,GOOGL|hyperliquid:xyz:GOOGL|rh_lighter:12,2026-09-29T06:32:31.558483+00:00,2026-09-29T06:32:31.558483+00:00,0,0.0,True,-0.10281014393420662,False,0.622000883200027,0.032105006400027,0.9512629948541189,0.0899841168,0.0899814906,-0.41924360225409196,-0.919155362254092,False
GOOGL,GOOGL|hyperliquid:xyz:GOOGL|rh_lighter:12,2026-09-29T06:32:31.558483+00:00,2026-09-29T06:37:31.828666+00:00,5,0.27018308639526367,True,-0.1370801919122644,False,0.622000883200027,0.032105006400027,1.0607320535344797,0.0899841168,0.09000512640000002,-0.5287362967344529,-1.028648056734453,False
GOOGL,GOOGL|hyperliquid:xyz:GOOGL|rh_lighter:12,2026-09-29T06:32:31.558483+00:00,2026-09-29T06:47:31.593492+00:00,15,0.035008907318115234,True,-0.10281014393420662,False,0.622000883200027,0.032105006400027,1.2088197893651795,0.0899841168,0.08997361200000001,-0.6767925181651525,-1.1767042781651527,False
GOOGL,GOOGL|hyperliquid:xyz:GOOGL|rh_lighter:12,2026-09-29T06:32:31.558483+00:00,2026-09-29T07:02:31.599817+00:00,30,0.04133415222167969,False,0.0,True,0.622000883200027,0.032105006400027,1.2138860000000022,0.0899841168,0.08988694740000001,-0.6817720641999753,-1.1816838241999754,False
GOOGL,GOOGL|hyperliquid:xyz:GOOGL|rh_lighter:12,2026-09-29T06:32:31.558483+00:00,2026-09-29T07:33:30.286131+00:00,60,58.72764754295349,False,-0.10281014393420662,False,0.622000883200027,0.032105006400027,1.0842146826757926,0.0899841168,0.0899841168,-0.5521979162757656,-1.0521096762757658,False
SAMSUNGUSD,SAMSUNGUSD|hyperliquid:xyz:SMSN|lighter:162,2026-09-29T06:32:43.226859+00:00,2026-09-29T06:32:43.226859+00:00,0,0.0,True,-0.12045773940976279,False,0.9020676856000478,0.3121442912000478,1.4544519999999466,0.0899883144,0.08997628590000001,-0.6423606002998987,-1.1422956802998987,False
SAMSUNGUSD,SAMSUNGUSD|hyperliquid:xyz:SMSN|lighter:162,2026-09-29T06:32:43.226859+00:00,2026-09-29T06:38:03.531324+00:00,5,20.30446481704712,True,-0.10038144950812455,False,0.9020676856000478,0.3121442912000478,1.0211049999999204,0.0899883144,0.0899897346,-0.20902704899987265,-0.7089621289998727,False
SAMSUNGUSD,SAMSUNGUSD|hyperliquid:xyz:SMSN|lighter:162,2026-09-29T06:32:43.226859+00:00,2026-09-29T06:48:44.483108+00:00,15,61.25624895095825,True,-0.12045773940976279,False,0.9020676856000478,0.3121442912000478,0.8866179999999986,0.0899883144,0.09002559780000001,-0.0745759121999508,-0.5745109921999508,False
SAMSUNGUSD,SAMSUNGUSD|hyperliquid:xyz:SMSN|lighter:162,2026-09-29T06:32:43.226859+00:00,2026-09-29T07:03:25.671430+00:00,30,42.444570541381836,False,-0.12045773940976279,False,0.9020676856000478,0.3121442912000478,1.3647889939700235,0.0899883144,0.0899722517405427,-0.5526935601105184,-1.0526286401105185,False
SAMSUNGUSD,SAMSUNGUSD|hyperliquid:xyz:SMSN|lighter:162,2026-09-29T06:32:43.226859+00:00,2026-09-29T07:33:45.660001+00:00,60,62.433141469955444,False,-0.48183095763902895,False,0.9020676856000478,0.3121442912000478,0.7471500000000333,0.0899883144,0.0903618153,0.06455587030001451,-0.4353792096999855,False
HBAR,HBAR|lighter:59|hyperliquid:HBAR,2026-09-29T06:33:40.609895+00:00,2026-09-29T06:33:40.609895+00:00,0,0.0,True,-0.187705302674801,False,1.0906384319999456,0.13998500049994567,2.557199999999966,0.450674568,0.45082157399999995,-1.9173831420000205,-2.4173620055000207,False
HBAR,HBAR|lighter:59|hyperliquid:HBAR,2026-09-29T06:33:40.609895+00:00,2026-09-29T06:39:00.811368+00:00,5,20.20147204399109,True,-0.07038948850305315,False,1.0906384319999456,0.13998500049994567,2.5299238004224662,0.450674568,0.4502983912343273,-1.8895837596568479,-2.3895626231568476,False
HBAR,HBAR|lighter:59|hyperliquid:HBAR,2026-09-29T06:33:40.609895+00:00,2026-09-29T06:49:41.701623+00:00,15,61.09172797203064,True,-0.9619896762083524,False,1.0906384319999456,0.13998500049994567,2.980595016346797,0.450674568,0.45433559754371006,-2.3442921818905615,-2.8442710453905615,False
HBAR,HBAR|lighter:59|hyperliquid:HBAR,2026-09-29T06:33:40.609895+00:00,2026-09-29T07:04:23.287855+00:00,30,42.67795944213867,False,0.08212106992022683,True,1.0906384319999456,0.13998500049994567,3.119778004923319,0.450674568,0.4496171301022155,-2.478756703025589,-2.978735566525589,False
HBAR,HBAR|lighter:59|hyperliquid:HBAR,2026-09-29T06:33:40.609895+00:00,2026-09-29T07:34:43.282404+00:00,60,62.67250847816467,False,-0.0469263256686947,False,1.0906384319999456,0.13998500049994567,2.7966453629107946,0.450674568,0.4502078460000001,-2.156214776910849,-2.656193640410849,False
AMZN,AMZN|hyperliquid:xyz:AMZN|rh_lighter:11,2026-09-29T06:33:45.290154+00:00,2026-09-29T06:33:45.290154+00:00,0,0.0,True,-0.0984736582964163,False,0.722419794600025,0.13254955920002492,1.1779800000001615,0.08998020540000001,0.08997654960000001,-0.5455367550001364,-1.0454267850001364,False
AMZN,AMZN|hyperliquid:xyz:AMZN|rh_lighter:11,2026-09-29T06:33:45.290154+00:00,2026-09-29T06:39:45.514798+00:00,5,60.22464370727539,True,-0.1477104874446189,False,0.722419794600025,0.13254955920002492,1.153601991124333,0.08998020540000001,0.09000945180000001,-0.5211916483243079,-1.021081678324308,False
AMZN,AMZN|hyperliquid:xyz:AMZN|rh_lighter:11,2026-09-29T06:33:45.290154+00:00,2026-09-29T06:49:45.262832+00:00,15,59.97267746925354,True,-0.1477104874446189,False,0.722419794600025,0.13254955920002492,0.8936400000000049,0.08998020540000001,0.09004966560000001,-0.2612698709999798,-0.7611599009999799,False
AMZN,AMZN|hyperliquid:xyz:AMZN|rh_lighter:11,2026-09-29T06:33:45.290154+00:00,2026-09-29T07:04:45.260336+00:00,30,59.97018218040466,False,-0.1969473165928104,False,0.722419794600025,0.13254955920002492,1.1527102318698326,0.08998020540000001,0.09005193987913172,-0.5203423771489392,-1.0202324071489393,False
AMZN,AMZN|hyperliquid:xyz:AMZN|rh_lighter:11,2026-09-29T06:33:45.290154+00:00,2026-09-29T07:34:43.653336+00:00,60,58.363181829452515,False,-0.2954209748892267,False,0.722419794600025,0.13254955920002492,0.8936400000000049,0.08998020540000001,0.09017030700000002,-0.2613905123999798,-0.7612805423999798,False
PUMP,PUMP|lighter:45|hyperliquid:PUMP,2026-09-29T06:34:00.615596+00:00,2026-09-29T06:34:00.615596+00:00,0,0.0,True,-0.3410641200545683,False,1.2021927665000678,0.25145018600006763,4.310040000000072,0.45074323350000006,0.451538262,-3.559385495500004,-4.059384842500004,False
PUMP,PUMP|lighter:45|hyperliquid:PUMP,2026-09-29T06:34:00.615596+00:00,2026-09-29T06:39:21.541887+00:00,5,20.92629098892212,True,0.6056324303254756,True,1.2021927665000678,0.25145018600006763,0.3259260859248343,0.45074323350000006,0.44728979399999996,0.42897688657523353,-0.07102246042476651,False
PUMP,PUMP|lighter:45|hyperliquid:PUMP,2026-09-29T06:34:00.615596+00:00,2026-09-29T06:50:01.731963+00:00,15,61.11636734008789,True,0.37760670434612287,True,1.2021927665000678,0.25145018600006763,0.22025828993037067,0.45074323350000006,0.448305732,0.5336287445696971,0.03362939756969707,False
PUMP,PUMP|lighter:45|hyperliquid:PUMP,2026-09-29T06:34:00.615596+00:00,2026-09-29T07:04:43.470245+00:00,30,42.85464882850647,False,-0.5647047359189195,False,1.2021927665000678,0.25145018600006763,0.874421901891651,0.45074323350000006,0.45255419999999996,-0.12478333539158315,-0.6247826823915832,False
XAG,XAG|hyperliquid:xyz:SILVER|rh_lighter:41,2026-09-29T06:37:22.534822+00:00,2026-09-29T06:37:22.534822+00:00,0,0.0,True,-0.06097560975608651,False,0.6419881320000087,0.0523036640000088,0.9938399999999774,0.08995186799999999,0.089945964,-0.4417978319999687,-0.9415304319999687,False
XAG,XAG|hyperliquid:xyz:SILVER|rh_lighter:41,2026-09-29T06:37:22.534822+00:00,2026-09-29T06:43:22.229945+00:00,5,59.69512343406677,True,-0.06097560975608651,False,0.6419881320000087,0.0523036640000088,1.0086000000000013,0.08995186799999999,0.089959248,-0.45657111599999256,-0.9563037159999925,False
XAG,XAG|hyperliquid:xyz:SILVER|rh_lighter:41,2026-09-29T06:37:22.534822+00:00,2026-09-29T06:52:22.549181+00:00,15,0.014359474182128906,True,0.06097560975610872,True,0.6419881320000087,0.0523036640000088,0.9643199999999297,0.08995186799999999,0.089824932,-0.41215679999992094,-0.9118893999999209,False
XAG,XAG|hyperliquid:xyz:SILVER|rh_lighter:41,2026-09-29T06:37:22.534822+00:00,2026-09-29T07:08:22.563783+00:00,30,60.028961420059204,False,-0.06097560975608651,False,0.6419881320000087,0.0523036640000088,1.084039999999959,0.08995186799999999,0.089944488,-0.5319963559999503,-1.0317289559999503,False
XAG,XAG|hyperliquid:xyz:SILVER|rh_lighter:41,2026-09-29T06:37:22.534822+00:00,2026-09-29T07:37:23.637933+00:00,60,1.1031115055084229,False,-0.12195121951219523,False,0.6419881320000087,0.0523036640000088,1.1842181684979778,0.08995186799999999,0.089981388,-0.6322114244979691,-1.131944024497969,False
XAG,XAG|hyperliquid:xyz:SILVER|rh_lighter:41,2026-09-29T06:39:22.259444+00:00,2026-09-29T06:39:22.259444+00:00,0,0.0,True,-0.061012812690675045,False,0.6123796574998471,0.022705189999847053,1.0440430000001015,0.08995034250000002,0.0899471727,-0.5216105152002544,-1.0213346402002546,False
XAG,XAG|hyperliquid:xyz:SILVER|rh_lighter:41,2026-09-29T06:39:22.259444+00:00,2026-09-29T06:45:22.395216+00:00,5,60.135772466659546,True,0.06101281269066394,True,0.6123796574998471,0.022705189999847053,0.9653710000000046,0.08995034250000002,0.0898203141,-0.44281165660015753,-0.9425357816001576,False
XAG,XAG|hyperliquid:xyz:SILVER|rh_lighter:41,2026-09-29T06:39:22.259444+00:00,2026-09-29T06:54:22.586378+00:00,15,0.3269345760345459,True,0.06101281269066394,True,0.6123796574998471,0.022705189999847053,0.8752260000001115,0.08995034250000002,0.08983801529999999,-0.3526843578002644,-0.8524084828002645,False
XAG,XAG|hyperliquid:xyz:SILVER|rh_lighter:41,2026-09-29T06:39:22.259444+00:00,2026-09-29T07:09:22.579508+00:00,30,0.3200643062591553,False,0.06101281269066394,True,0.6123796574998471,0.022705189999847053,0.9342300000000705,0.08995034250000002,0.0898571916,-0.41170753410022337,-0.9114316591002234,False
XAG,XAG|hyperliquid:xyz:SILVER|rh_lighter:41,2026-09-29T06:39:22.259444+00:00,2026-09-29T07:39:23.611125+00:00,60,1.3516817092895508,False,0.0,True,0.6123796574998471,0.022705189999847053,1.242360000000076,0.08995034250000002,0.0898810884,-0.7198614309002289,-1.2195855559002289,False
SAMSUNGUSD,SAMSUNGUSD|hyperliquid:xyz:SMSN|lighter:162,2026-09-29T06:39:23.900424+00:00,2026-09-29T06:39:23.900424+00:00,0,0.0,True,-0.10042177144005127,False,0.7890867135000343,0.19910450200003438,1.1404832935262448,0.0899972865,0.08997956547358264,-0.44137614549979304,-0.941361070499793,False
SAMSUNGUSD,SAMSUNGUSD|hyperliquid:xyz:SMSN|lighter:162,2026-09-29T06:39:23.900424+00:00,2026-09-29T06:44:44.253103+00:00,5,20.352678537368774,True,-0.040168708576016066,False,0.7890867135000343,0.19910450200003438,0.9161359999999377,0.0899972865,0.08994463920000001,-0.21699392569990328,-0.7169788506999032,False
SAMSUNGUSD,SAMSUNGUSD|hyperliquid:xyz:SMSN|lighter:162,2026-09-29T06:39:23.900424+00:00,2026-09-29T06:55:25.243513+00:00,15,61.34308910369873,True,-0.22092789716811057,False,0.7890867135000343,0.19910450200003438,1.0926559818841497,0.0899972865,0.09009455310163042,-0.39366382148574575,-0.8936487464857457,False
SAMSUNGUSD,SAMSUNGUSD|hyperliquid:xyz:SMSN|lighter:162,2026-09-29T06:39:23.900424+00:00,2026-09-29T07:10:06.070527+00:00,30,42.17010307312012,False,-0.20084354288009143,False,0.7890867135000343,0.19910450200003438,1.2713183608370855,0.0899972865,0.09005651609752466,-0.5722881634345758,-1.0722730884345757,False
SAMSUNGUSD,SAMSUNGUSD|hyperliquid:xyz:SMSN|lighter:162,2026-09-29T06:39:23.900424+00:00,2026-09-29T07:40:45.793213+00:00,60,81.89278888702393,False,-0.421771440048202,False,0.7890867135000343,0.19910450200003438,1.3640933561919155,0.0899972865,0.09024757529794272,-0.6652542179898239,-1.1652391429898237,False
XPL,XPL|lighter:71|hyperliquid:XPL,2026-09-29T06:40:10.338536+00:00,2026-09-29T06:40:10.338536+00:00,0,0.0,True,-0.2579109215355646,False,2.004618462199994,1.053575729399994,2.9940569999998843,0.4510755378,0.45113634315,-1.4405748809498902,-1.9405420759498901,False
XPL,XPL|lighter:71|hyperliquid:XPL,2026-09-29T06:40:10.338536+00:00,2026-09-29T06:45:30.778127+00:00,5,20.4395911693573,True,-0.2281519690506939,False,2.004618462199994,1.053575729399994,1.7629852856432535,0.4510755378,0.4509978127401422,-0.20936463618340168,-0.7093318311834016,False
AMZN,AMZN|hyperliquid:xyz:AMZN|rh_lighter:11,2026-09-29T06:40:45.220660+00:00,2026-09-29T06:40:45.220660+00:00,0,0.0,True,-0.09852216748766907,False,0.6002165960000043,0.010325392000004319,1.0962000000001808,0.08998340399999999,0.08997974999999998,-0.5859631540001764,-1.0858709540001763,False
AMZN,AMZN|hyperliquid:xyz:AMZN|rh_lighter:11,2026-09-29T06:40:45.220660+00:00,2026-09-29T06:45:45.228979+00:00,5,0.008318662643432617,True,-0.09852216748766907,False,0.6002165960000043,0.010325392000004319,0.8931999999999789,0.08998340399999999,0.090005328,-0.3829887319999745,-0.8828965319999744,False
AMZN,AMZN|hyperliquid:xyz:AMZN|rh_lighter:11,2026-09-29T06:40:45.220660+00:00,2026-09-29T06:55:45.239742+00:00,15,0.019081830978393555,True,-0.09852216748766907,False,0.6002165960000043,0.010325392000004319,0.8120000000000118,0.08998340399999999,0.09000167399999999,-0.3017850780000074,-0.8016928780000074,False
AMZN,AMZN|hyperliquid:xyz:AMZN|rh_lighter:11,2026-09-29T06:40:45.220660+00:00,2026-09-29T07:11:45.217053+00:00,30,59.99639272689819,False,-0.19704433497537144,False,0.6002165960000043,0.010325392000004319,1.052518928924087,0.08998340399999999,0.09008206199999999,-0.5423843949240826,-1.0422921949240826,False
AMZN,AMZN|hyperliquid:xyz:AMZN|rh_lighter:11,2026-09-29T06:40:45.220660+00:00,2026-09-29T07:41:43.934500+00:00,60,58.713839292526245,False,-0.24630541871920597,False,0.6002165960000043,0.010325392000004319,0.8525999999999385,0.08998340399999999,0.090129564,-0.34251296799993414,-0.842420767999934,False
MSFT,MSFT|hyperliquid:xyz:MSFT|rh_lighter:14,2026-09-29T06:41:38.251879+00:00,2026-09-29T06:41:38.251879+00:00,0,0.0,True,-0.10147133434804667,False,0.6466084354000288,0.05686040080002874,1.039689987303177,0.0899615646,0.08995446900000002,-0.4830360209031483,-0.9828224909031482,False
MSFT,MSFT|hyperliquid:xyz:MSFT|rh_lighter:14,2026-09-29T06:41:38.251879+00:00,2026-09-29T06:47:38.253002+00:00,5,60.00112271308899,True,-0.10147133434804667,False,0.6466084354000288,0.05686040080002874,1.1431800000000294,0.0899615646,0.0899810775,-0.5865526421000006,-1.0863391121000006,False
MSFT,MSFT|hyperliquid:xyz:MSFT|rh_lighter:14,2026-09-29T06:41:38.251879+00:00,2026-09-29T06:56:38.258819+00:00,15,0.006939411163330078,True,-0.10147133434804667,False,0.6466084354000288,0.05686040080002874,0.906659999999988,0.0899615646,0.090007686,-0.35005925059995924,-0.8498457205999592,False
MSFT,MSFT|hyperliquid:xyz:MSFT|rh_lighter:14,2026-09-29T06:41:38.251879+00:00,2026-09-29T07:11:38.612901+00:00,30,0.3610219955444336,False,-0.10147133434804667,False,0.6466084354000288,0.05686040080002874,1.3059251396648506,0.0899615646,0.0899526951,-0.7492693993648218,-1.2490558693648217,False
MSFT,MSFT|hyperliquid:xyz:MSFT|rh_lighter:14,2026-09-29T06:41:38.251879+00:00,2026-09-29T07:41:39.645010+00:00,60,1.3931303024291992,False,-0.20294266869609334,False,0.6466084354000288,0.05686040080002874,1.0033482216574612,0.0899615646,0.09008928540000001,-0.44682907165743235,-0.9466155416574323,False
XAG,XAG|hyperliquid:xyz:SILVER|rh_lighter:41,2026-09-29T06:42:22.231416+00:00,2026-09-29T06:42:22.231416+00:00,0,0.0,True,-0.12195121951219523,False,0.6080082800000928,0.018062560000092875,1.075839999999971,0.08999172,0.089990244,-0.5578219639998783,-1.057775963999878,False
XAG,XAG|hyperliquid:xyz:SILVER|rh_lighter:41,2026-09-29T06:42:22.231416+00:00,2026-09-29T06:47:22.255234+00:00,5,0.023817777633666992,True,0.06097560975610872,True,0.6080082800000928,0.018062560000092875,0.9200400000000855,0.08999172,0.089811648,-0.40184336799999265,-0.9017973679999925,False
XAG,XAG|hyperliquid:xyz:SILVER|rh_lighter:41,2026-09-29T06:42:22.231416+00:00,2026-09-29T06:57:22.554790+00:00,15,0.32337355613708496,True,0.0,True,0.6080082800000928,0.018062560000092875,0.9413599999999178,0.08999172,0.089872164,-0.423223883999825,-0.9231778839998249,False
XAG,XAG|hyperliquid:xyz:SILVER|rh_lighter:41,2026-09-29T06:42:22.231416+00:00,2026-09-29T07:12:22.633222+00:00,30,0.401806116104126,False,0.06097560975610872,True,0.6080082800000928,0.018062560000092875,1.0102399999999534,0.08999172,0.089816076,-0.4920477959998606,-0.9920017959998605,False
XAG,XAG|hyperliquid:xyz:SILVER|rh_lighter:41,2026-09-29T06:42:22.231416+00:00,2026-09-29T07:42:23.673299+00:00,60,1.441882610321045,False,-0.12195121951219523,False,0.6080082800000928,0.018062560000092875,1.1332400000000007,0.08999172,0.08995481999999999,-0.6151865399999079,-1.1151405399999077,False
HBAR,HBAR|lighter:59|hyperliquid:HBAR,2026-09-29T06:43:01.319611+00:00,2026-09-29T06:43:01.319611+00:00,0,0.0,True,-0.1533380514272209,False,1.0117233880000958,0.06110427750009578,2.1677740224453146,0.450639612,0.45068321185516835,-1.6067338463003873,-2.1067133448003874,False
HBAR,HBAR|lighter:59|hyperliquid:HBAR,2026-09-29T06:43:01.319611+00:00,2026-09-29T06:48:21.786803+00:00,5,20.467191457748413,True,-0.20051899032790255,False,1.0117233880000958,0.06110427750009578,2.594571608793217,0.450639612,0.4508860266080841,-2.0337342474012052,-2.5337137459012053,False
HBAR,HBAR|lighter:59|hyperliquid:HBAR,2026-09-29T06:43:01.319611+00:00,2026-09-29T06:59:02.804490+00:00,15,61.48487901687622,True,-0.25949516395376016,False,1.0117233880000958,0.06110427750009578,2.6867971085620184,0.450639612,0.45115629727329704,-2.1262300178352196,-2.6262095163352197,False
HBAR,HBAR|lighter:59|hyperliquid:HBAR,2026-09-29T06:43:01.319611+00:00,2026-09-29T07:13:45.640046+00:00,30,44.32043528556824,False,-0.1533380514272209,False,1.0117233880000958,0.06110427750009578,2.602926276432413,0.450639612,0.45067776299999995,-2.0418806514323173,-2.5418601499323175,False
HBAR,HBAR|lighter:59|hyperliquid:HBAR,2026-09-29T06:43:01.319611+00:00,2026-09-29T07:43:07.412705+00:00,60,6.093094110488892,False,0.5071950931823554,True,1.0117233880000958,0.06110427750009578,2.6875628132848988,0.450639612,0.44770198499999997,-2.123541410284803,-2.623520908784803,False
XPL,XPL|lighter:71|hyperliquid:XPL,2026-09-29T06:44:10.595344+00:00,2026-09-29T06:44:10.595344+00:00,0,0.0,True,-0.16823354774864185,False,1.227380485500053,0.2766731225000529,2.9787172016259547,0.45073251450000007,0.4507390432836043,-2.202075759409506,-2.702050607909506,False
XPL,XPL|lighter:71|hyperliquid:XPL,2026-09-29T06:46:50.875783+00:00,2026-09-29T06:46:50.875783+00:00,0,0.0,True,-0.19053349378259643,False,0.9717468329999502,0.02119520849995027,2.7564419451421145,0.450598167,0.4508392312386215,-2.2355343433807855,-2.7354878008807857,False
XPL,XPL|lighter:71|hyperliquid:XPL,2026-09-29T06:46:50.875783+00:00,2026-09-29T06:52:11.360932+00:00,5,20.485148668289185,True,0.41115122342558763,True,0.9717468329999502,0.02119520849995027,2.642034243882904,0.450598167,0.4481152914468591,-2.1184027023298126,-2.618356159829813,False
XPL,XPL|lighter:71|hyperliquid:XPL,2026-09-29T06:46:50.875783+00:00,2026-09-29T07:02:52.486420+00:00,15,61.610637187957764,False,-0.5415162454873612,False,0.9717468329999502,0.02119520849995027,2.3904496733213136,0.450598167,0.452419668,-1.8711225083213634,-2.3710759658213636,False
XPL,XPL|lighter:71|hyperliquid:XPL,2026-09-29T06:46:50.875783+00:00,2026-09-29T07:17:38.612843+00:00,30,47.73706030845642,False,-0.26073004412354717,False,0.9717468329999502,0.02119520849995027,2.430086966820795,0.450598167,0.4511555034431933,-1.9094956372640381,-2.409449094764038,False
XPL,XPL|lighter:71|hyperliquid:XPL,2026-09-29T06:46:50.875783+00:00,2026-09-29T07:47:04.921688+00:00,60,14.045905351638794,False,-0.5816285599679061,False,0.9717468329999502,0.02119520849995027,2.4173328985275475,0.450598167,0.45261921562598345,-1.8982052811535806,-2.3981587386535805,False
HBAR,HBAR|lighter:59|hyperliquid:HBAR,2026-09-29T06:47:01.574173+00:00,2026-09-29T06:47:01.574173+00:00,0,0.0,True,-0.22450667611958464,False,1.4614748154999972,0.5106255909999973,2.6549304962103406,0.4508551845,0.45097692330056843,-1.6444326040109118,-2.144426644010912,False
HBAR,HBAR|lighter:59|hyperliquid:HBAR,2026-09-29T06:47:01.574173+00:00,2026-09-29T06:52:21.878875+00:00,5,20.304702043533325,True,-0.31903580290677525,False,1.4614748154999972,0.5106255909999973,2.8243677443100523,0.4508551845,0.4514037255,-1.8142966543100552,-2.314290694310055,False
HBAR,HBAR|lighter:59|hyperliquid:HBAR,2026-09-29T06:47:01.574173+00:00,2026-09-29T07:03:02.991250+00:00,15,61.41707682609558,False,0.5199101973295539,True,1.4614748154999972,0.5106255909999973,2.791768311860892,0.4508551845,0.4476635918363113,-1.7779570881972062,-2.277951128197206,False
HBAR,HBAR|lighter:59|hyperliquid:HBAR,2026-09-29T06:47:01.574173+00:00,2026-09-29T07:17:53.294233+00:00,30,51.720059633255005,False,-0.059080704241998294,False,1.4614748154999972,0.5106255909999973,2.3557587988888145,0.4508551845,0.45022363229262247,-1.3445076156814397,-1.8445016556814398,False
HBAR,HBAR|lighter:59|hyperliquid:HBAR,2026-09-29T06:47:01.574173+00:00,2026-09-29T07:47:19.667651+00:00,60,18.093477964401245,False,0.4844617747843616,True,1.4614748154999972,0.5106255909999973,1.996049901222932,0.4508551845,0.4478080949555503,-0.9823831806784851,-1.482377220678485,False
CASHCAT,CASHCAT|lighter:221|hyperliquid:CASHCAT,2026-09-29T06:50:43.239563+00:00,2026-09-29T06:50:43.239563+00:00,0,0.0,True,-0.263296471827279,False,1.0702030854996978,0.1196336824996978,3.715137826821433,0.4506299144999999,0.45113239818769796,-3.096067139509433,-3.596006628009433,False
CASHCAT,CASHCAT|lighter:221|hyperliquid:CASHCAT,2026-09-29T06:50:43.239563+00:00,2026-09-29T06:56:03.599473+00:00,5,20.359909534454346,True,-0.8952080042127442,False,1.0702030854996978,0.1196336824996978,3.582734929862113,0.4506299144999999,0.4540042251631244,-2.9665360695255396,-3.4664755580255395,False
CASHCAT,CASHCAT|lighter:221|hyperliquid:CASHCAT,2026-09-29T06:50:43.239563+00:00,2026-09-29T07:06:44.691309+00:00,15,61.451746463775635,False,-0.6845708267509187,False,1.0702030854996978,0.1196336824996978,2.6901157476143,0.4506299144999999,0.4530389801922057,-2.0729516423068075,-2.5728911308068074,False
CASHCAT,CASHCAT|lighter:221|hyperliquid:CASHCAT,2026-09-29T06:50:43.239563+00:00,2026-09-29T07:21:48.389145+00:00,30,65.14958190917969,False,-0.8074425136036512,False,1.0702030854996978,0.1196336824996978,3.6967622298707283,0.4506299144999999,0.4536564631491771,-3.080215607520208,-3.5801550960202078,False
CASHCAT,CASHCAT|lighter:221|hyperliquid:CASHCAT,2026-09-29T06:50:43.239563+00:00,2026-09-29T07:51:14.881303+00:00,60,31.641740083694458,False,0.24574337370546484,True,1.0702030854996978,0.1196336824996978,3.5115934916827882,0.4506299144999999,0.44886705445692515,-2.8902574606400155,-3.3901969491400155,False
SAMSUNGUSD,SAMSUNGUSD|hyperliquid:xyz:SMSN|lighter:162,2026-09-29T06:51:24.658596+00:00,2026-09-29T06:51:24.658596+00:00,0,0.0,True,-0.10036130068244997,False,0.6323911664001323,0.04239881280013236,1.0013820000001488,0.0899988336,0.089989866,-0.45898069960001653,-0.9589742196000165,False
SAMSUNGUSD,SAMSUNGUSD|hyperliquid:xyz:SMSN|lighter:162,2026-09-29T06:51:24.658596+00:00,2026-09-29T06:56:45.580529+00:00,5,20.92193293571472,True,-0.12043356081895551,False,0.6323911664001323,0.04239881280013236,1.0163279999998167,0.0899988336,0.09000780120000001,-0.4739446347996845,-0.9739381547996845,False
SAMSUNGUSD,SAMSUNGUSD|hyperliquid:xyz:SMSN|lighter:162,2026-09-29T06:51:24.658596+00:00,2026-09-29T07:07:25.850317+00:00,15,61.191720724105835,False,-0.24086712163791102,False,0.6323911664001323,0.04239881280013236,1.2106260000000475,0.0899988336,0.0900929934,-0.6683278269999152,-1.1683213469999152,False
SAMSUNGUSD,SAMSUNGUSD|hyperliquid:xyz:SMSN|lighter:162,2026-09-29T06:51:24.658596+00:00,2026-09-29T07:22:32.464447+00:00,30,67.80585074424744,False,-0.42151746286631653,False,0.6323911664001323,0.04239881280013236,0.8527153440838902,0.0899988336,0.09029020919903245,-0.3106143868827904,-0.8106079068827904,False
SAMSUNGUSD,SAMSUNGUSD|hyperliquid:xyz:SMSN|lighter:162,2026-09-29T06:51:24.658596+00:00,2026-09-29T07:51:58.924523+00:00,60,34.26592683792114,False,-0.32115616218386656,False,0.6323911664001323,0.04239881280013236,1.2405179999999518,0.0899988336,0.09016473420000001,-0.6982915677998196,-1.1982850877998197,False
META,META|hyperliquid:xyz:META|lighter:117,2026-09-29T06:53:07.478652+00:00,2026-09-29T06:53:07.478652+00:00,0,0.0,True,-0.07158196134574579,False,0.6504288109001108,0.06055212680011096,0.7683500000000549,0.0899811891,0.0899799318,-0.20790112089994411,-0.707796615899944,False
META,META|hyperliquid:xyz:META|lighter:117,2026-09-29T06:53:07.478652+00:00,2026-09-29T06:58:28.283158+00:00,5,20.804505109786987,True,-0.14316392269148048,False,0.6504288109001108,0.06055212680011096,0.692731741935404,0.0899811891,0.09000936884322581,-0.132312299878519,-0.632207794878519,False
META,META|hyperliquid:xyz:META|lighter:117,2026-09-29T06:53:07.478652+00:00,2026-09-29T07:09:08.783965+00:00,15,61.30531287193298,False,-0.21474588403722628,False,0.6504288109001108,0.06055212680011096,0.6133792065996886,0.0899811891,0.0900943461,-0.05304474179957777,-0.5529402367995777,False
META,META|hyperliquid:xyz:META|lighter:117,2026-09-29T06:53:07.478652+00:00,2026-09-29T07:24:17.745780+00:00,30,70.26712775230408,False,-0.21474588403722628,False,0.6504288109001108,0.06055212680011096,0.7404100000001108,0.0899811891,0.0901069191,-0.18008810819999999,-0.6799836032,False
META,META|hyperliquid:xyz:META|lighter:117,2026-09-29T06:53:07.478652+00:00,2026-09-29T07:53:44.499812+00:00,60,37.02115988731384,False,-0.35790980672871786,False,0.6504288109001108,0.06055212680011096,0.6880626436781085,0.0899811891,0.09020467056206899,-0.12783850334006672,-0.6277339983400666,False
SPCX,SPCX|hyperliquid:xyz:SPCX|rh_lighter:18,2026-09-29T06:53:33.486102+00:00,2026-09-29T06:53:33.486102+00:00,0,0.0,True,0.0,True,0.5921212659999027,0.0029162319999025965,1.0161770000000843,0.089878734,0.089872596,-0.5139283300001816,-1.0132546300001817,False
SPCX,SPCX|hyperliquid:xyz:SPCX|rh_lighter:18,2026-09-29T06:53:33.486102+00:00,2026-09-29T06:59:33.239298+00:00,5,59.75319576263428,True,0.0,True,0.5921212659999027,0.0029162319999025965,0.9146190000002434,0.089878734,0.089875683,-0.41237341700034075,-0.9116997170003408,False
SPCX,SPCX|hyperliquid:xyz:SPCX|rh_lighter:18,2026-09-29T06:53:33.486102+00:00,2026-09-29T07:09:33.536187+00:00,15,60.050084829330444,False,-0.14662756598241566,False,0.5921212659999027,0.0029162319999025965,0.9547999999999774,0.089878734,0.0899217,-0.45260043400007477,-0.9519267340000748,False
SPCX,SPCX|hyperliquid:xyz:SPCX|rh_lighter:18,2026-09-29T06:53:33.486102+00:00,2026-09-29T07:23:34.533314+00:00,30,1.0472118854522705,False,-0.14662756598241566,False,0.5921212659999027,0.0029162319999025965,0.7825774743025704,0.089878734,0.08998308000000001,-0.28043928830266773,-0.7797655883026677,False
SPCX,SPCX|hyperliquid:xyz:SPCX|rh_lighter:18,2026-09-29T06:53:33.486102+00:00,2026-09-29T07:53:34.330928+00:00,60,0.8448255062103271,False,0.0,True,0.5921212659999027,0.0029162319999025965,0.8183999999999969,0.089878734,0.08989714800000001,-0.3161758820000943,-0.8155021820000943,False
HBAR,HBAR|lighter:59|hyperliquid:HBAR,2026-09-29T06:57:42.664206+00:00,2026-09-29T06:57:42.664206+00:00,0,0.0,True,-0.20044806037023966,False,1.2222495304998882,0.2715017059998881,2.441430800685225,0.4507504695,0.450875403,-1.670056673185337,-2.170054028185337,False
HBAR,HBAR|lighter:59|hyperliquid:HBAR,2026-09-29T06:57:42.664206+00:00,2026-09-29T07:03:02.991250+00:00,5,20.327044010162354,False,0.306567621742726,True,1.2222495304998882,0.2715017059998881,2.797706138826925,0.4507504695,0.4486157299260021,-2.024072338253039,-2.524069693253039,False
HBAR,HBAR|lighter:59|hyperliquid:HBAR,2026-09-29T06:57:42.664206+00:00,2026-09-29T07:13:45.640046+00:00,15,62.97584009170532,False,-0.18865699799551772,False,1.2222495304998882,0.2715017059998881,2.6038473402245472,0.4507504695,0.45083723850000007,-1.8324350482246592,-2.3324324032246593,False
HBAR,HBAR|lighter:59|hyperliquid:HBAR,2026-09-29T06:57:42.664206+00:00,2026-09-29T07:29:05.963645+00:00,30,83.29943823814392,False,0.17686593562080688,True,1.2222495304998882,0.2715017059998881,3.14640508121488,0.4507504695,0.44919616500000004,-2.3733517157149917,-2.873349070714992,False
HBAR,HBAR|lighter:59|hyperliquid:HBAR,2026-09-29T06:57:42.664206+00:00,2026-09-29T07:58:32.806016+00:00,60,50.141809701919556,False,0.88432967810399,True,1.2222495304998882,0.2715017059998881,2.1158836132539136,0.4507504695,0.4460055262652524,-1.339639609019278,-1.839636964019278,False
SAMSUNGUSD,SAMSUNGUSD|hyperliquid:xyz:SMSN|lighter:162,2026-09-29T06:58:05.426598+00:00,2026-09-29T06:58:05.426598+00:00,0,0.0,True,-0.08028904054597774,False,0.6373821340000594,0.047448568000059366,0.9682193740459297,0.089989866,0.08997626057633587,-0.42081350062220624,-0.9207572006222062,False
SAMSUNGUSD,SAMSUNGUSD|hyperliquid:xyz:SMSN|lighter:162,2026-09-29T06:58:05.426598+00:00,2026-09-29T07:03:25.671430+00:00,5,20.244832038879395,False,-0.14050582095544994,False,0.6373821340000594,0.047448568000059366,1.3650629929650222,0.089989866,0.08999031483063316,-0.817671173795596,-1.317614873795596,False
SAMSUNGUSD,SAMSUNGUSD|hyperliquid:xyz:SMSN|lighter:162,2026-09-29T06:58:05.426598+00:00,2026-09-29T07:14:07.949303+00:00,15,62.522705078125,False,-0.32115616218386656,False,0.6373821340000594,0.047448568000059366,1.3301939999998922,0.089989866,0.09016921800000001,-0.7829810839998328,-1.2829247839998328,False
SAMSUNGUSD,SAMSUNGUSD|hyperliquid:xyz:SMSN|lighter:162,2026-09-29T06:58:05.426598+00:00,2026-09-29T07:28:08.585024+00:00,30,3.1584267616271973,False,-0.541951023685272,False,0.6373821340000594,0.047448568000059366,1.2591690797174806,0.089989866,0.09036303308282542,-0.7121499788002467,-1.2120936788002465,False
SAMSUNGUSD,SAMSUNGUSD|hyperliquid:xyz:SMSN|lighter:162,2026-09-29T06:58:05.426598+00:00,2026-09-29T07:58:59.698792+00:00,60,54.272193908691406,False,-0.48173424327578873,False,0.6373821340000594,0.047448568000059366,1.0634188527633341,0.089989866,0.09033222556325131,-0.516368944326526,-1.016312644326526,False
XAG,XAG|hyperliquid:xyz:SILVER|rh_lighter:41,2026-09-29T06:59:22.294585+00:00,2026-09-29T06:59:22.294585+00:00,0,0.0,True,-0.12172854534387989,False,0.7545275410999204,0.16469497719992032,1.0663070000000516,0.0899744589,0.08996558669999999,-0.40174504560013125,-0.9016031506001313,False
XAG,XAG|hyperliquid:xyz:SILVER|rh_lighter:41,2026-09-29T06:59:22.294585+00:00,2026-09-29T07:04:22.533921+00:00,5,0.2393355369567871,False,-0.12172854534387989,False,0.7545275410999204,0.16469497719992032,1.210186141986469,0.0899744589,0.0899670654,-0.5456256662865486,-1.0454837712865488,False
XAG,XAG|hyperliquid:xyz:SILVER|rh_lighter:41,2026-09-29T06:59:22.294585+00:00,2026-09-29T07:14:23.609648+00:00,15,1.315063238143921,False,-0.12172854534387989,False,0.7545275410999204,0.16469497719992032,1.0104450000000043,0.0899744589,0.0899670654,-0.3458845243000839,-0.8457426293000839,False
XAG,XAG|hyperliquid:xyz:SILVER|rh_lighter:41,2026-09-29T06:59:22.294585+00:00,2026-09-29T07:29:23.836093+00:00,30,1.541508436203003,False,-0.3043213633597164,False,0.7545275410999204,0.16469497719992032,1.214176999999836,0.0899744589,0.09013563720000001,-0.5497850960999155,-1.0496432010999155,False
XAG,XAG|hyperliquid:xyz:SILVER|rh_lighter:41,2026-09-29T06:59:22.294585+00:00,2026-09-29T07:59:23.866350+00:00,60,1.5717651844024658,False,-0.060864272671934394,False,0.7545275410999204,0.16469497719992032,1.2492303349573604,0.0899744589,0.0899108748,-0.58461366865744,-1.08447177365744,False
MSFT,MSFT|hyperliquid:xyz:MSFT|rh_lighter:14,2026-09-29T07:00:38.249360+00:00,2026-09-29T07:00:38.249360+00:00,0,0.0,True,-0.10147133434804667,False,0.6195682791000104,0.02962255320001045,1.0840500000000475,0.0899917209,0.08998639920000001,-0.5544681201000371,-1.0544221251000372,False
MSFT,MSFT|hyperliquid:xyz:MSFT|rh_lighter:14,2026-09-29T07:00:38.249360+00:00,2026-09-29T07:05:38.432614+00:00,5,0.18325424194335938,True,-0.10147133434804667,False,0.6195682791000104,0.02962255320001045,1.201315991366073,0.0899917209,0.08997752970000002,-0.6717252419660625,-1.1716792469660626,False
MSFT,MSFT|hyperliquid:xyz:MSFT|rh_lighter:14,2026-09-29T07:00:38.249360+00:00,2026-09-29T07:15:39.620112+00:00,15,1.3707516193389893,True,-0.10147133434804667,False,0.6195682791000104,0.02962255320001045,1.285580495683007,0.0899917209,0.08994136250066023,-0.7559535790836568,-1.2559075840836569,False
MSFT,MSFT|hyperliquid:xyz:MSFT|rh_lighter:14,2026-09-29T07:00:38.249360+00:00,2026-09-29T07:30:39.885836+00:00,30,1.6364762783050537,True,-0.15220700152207556,False,0.6195682791000104,0.02962255320001045,1.0692534786585384,0.0899917209,0.09003252060000001,-0.539717720158528,-1.0396717251585281,False
MSFT,MSFT|hyperliquid:xyz:MSFT|rh_lighter:14,2026-09-29T07:00:38.249360+00:00,2026-09-29T08:00:39.645076+00:00,60,1.3957154750823975,False,-0.25367833587012223,False,0.6195682791000104,0.02962255320001045,1.3005592370294607,0.0899917209,0.09009818196866735,-0.7710891398981177,-1.2710431448981176,False
XPL,XPL|lighter:71|hyperliquid:XPL,2026-09-29T07:01:32.411708+00:00,2026-09-29T07:01:32.411708+00:00,0,0.0,True,-0.15108783239322632,False,0.9660778640001557,0.01551502800015564,2.54803977806921,0.45060213600000004,0.45064681200000006,-2.0326087260690544,-2.5325694260690543,False
XPL,XPL|lighter:71|hyperliquid:XPL,2026-09-29T07:01:32.411708+00:00,2026-09-29T07:06:52.711612+00:00,5,20.299903869628906,True,-0.020145044319097583,False,0.9660778640001557,0.01551502800015564,2.538398361474947,0.45060213600000004,0.450066024,-2.022386521474791,-2.522347221474791,False
XPL,XPL|lighter:71|hyperliquid:XPL,2026-09-29T07:01:32.411708+00:00,2026-09-29T07:17:38.612843+00:00,15,66.20113515853882,True,0.18130539887186714,True,0.9660778640001557,0.01551502800015564,2.4193645614317347,0.45060213600000004,0.44916484538548157,-1.9024515428170605,-2.4024122428170607,False
XPL,XPL|lighter:71|hyperliquid:XPL,2026-09-29T07:01:32.411708+00:00,2026-09-29T07:31:39.606230+00:00,30,7.194522142410278,True,0.725221595487513,True,0.9660778640001557,0.01551502800015564,2.06467254879999,0.45060213600000004,0.44675106480000004,-1.5453457495998344,-2.0453064495998343,False
XPL,XPL|lighter:71|hyperliquid:XPL,2026-09-29T07:01:32.411708+00:00,2026-09-29T08:02:30.643157+00:00,60,58.23144865036011,False,-0.28203062046736616,False,0.9660778640001557,0.01551502800015564,2.7081598400000075,0.45060213600000004,0.4512276,-2.193309575999852,-2.693270275999852,False
HBAR,HBAR|lighter:59|hyperliquid:HBAR,2026-09-29T07:01:43.255548+00:00,2026-09-29T07:01:43.255548+00:00,0,0.0,True,-0.21079751727368645,False,1.288204867500159,0.3375012850001589,2.750852729257076,0.4507451325,0.4509232425,-1.9135711042569172,-2.4135295542569173,False
HBAR,HBAR|lighter:59|hyperliquid:HBAR,2026-09-29T07:01:43.255548+00:00,2026-09-29T07:07:03.337482+00:00,5,20.081933975219727,True,-0.7377913104579026,False,1.288204867500159,0.3375012850001589,2.8527775448324064,0.4507451325,0.45332133189517465,-2.017894009227422,-2.517852459227422,False
HBAR,HBAR|lighter:59|hyperliquid:HBAR,2026-09-29T07:01:43.255548+00:00,2026-09-29T07:17:53.294233+00:00,15,70.03868460655212,True,-0.948588827731589,False,1.288204867500159,0.3375012850001589,2.3769141419959396,0.4507451325,0.45426676074048244,-1.5429760352362631,-2.042934485236263,False
HBAR,HBAR|lighter:59|hyperliquid:HBAR,2026-09-29T07:01:43.255548+00:00,2026-09-29T07:31:54.113627+00:00,30,10.858078479766846,True,-0.10539875863684323,False,1.288204867500159,0.3375012850001589,2.800525719343568,0.4507451325,0.450423711,-1.9627445628434093,-2.4627030128434093,False
HBAR,HBAR|lighter:59|hyperliquid:HBAR,2026-09-29T07:01:43.255548+00:00,2026-09-29T08:02:45.662587+00:00,60,62.40703892707825,False,-0.26935238318304133,False,1.288204867500159,0.3375012850001589,2.1478893912635613,0.4507451325,0.4512070208637859,-1.3108915446271883,-1.8108499946271883,False
META,META|hyperliquid:xyz:META|rh_lighter:13,2026-09-29T07:02:41.252992+00:00,2026-09-29T07:02:41.252992+00:00,0,0.0,True,-0.14316392269148048,False,0.6504250389998835,0.06052362799988342,1.1036300000000665,0.08998496100000002,0.0899811891,-0.5431861501001831,-1.043102600100183,False
META,META|hyperliquid:xyz:META|rh_lighter:13,2026-09-29T07:02:41.252992+00:00,2026-09-29T07:07:41.378377+00:00,5,0.12538576126098633,True,-0.28632784538296097,False,0.6504250389998835,0.06052362799988342,1.263118660445116,0.08998496100000002,0.0900930888,-0.7027867102452324,-1.2027031602452325,False
META,META|hyperliquid:xyz:META|rh_lighter:13,2026-09-29T07:02:41.252992+00:00,2026-09-29T07:17:41.260862+00:00,15,0.007869958877563477,True,-0.21474588403722628,False,0.6504250389998835,0.06052362799988342,1.2572629203729093,0.08998496100000002,0.09006668550000001,-0.6969045668730258,-1.196821016873026,False
META,META|hyperliquid:xyz:META|rh_lighter:13,2026-09-29T07:02:41.252992+00:00,2026-09-29T07:32:41.480997+00:00,30,0.22800493240356445,True,-0.35790980672871786,False,0.6504250389998835,0.06052362799988342,1.4058035086206928,0.08998496100000002,0.09015293519612069,-0.84553140481693,-1.3454478548169302,False
META,META|hyperliquid:xyz:META|rh_lighter:13,2026-09-29T07:02:41.252992+00:00,2026-09-29T08:03:41.307092+00:00,60,60.05410027503967,False,-0.28632784538296097,False,0.6504250389998835,0.06052362799988342,1.4348503761666507,0.08998496100000002,0.0901056618,-0.8745309989667672,-1.3744474489667673,False
XAG,XAG|hyperliquid:xyz:SILVER|rh_lighter:41,2026-09-29T07:03:22.336872+00:00,2026-09-29T07:03:22.336872+00:00,0,0.0,True,-0.12165450121653931,False,0.6448787279998921,0.05494905599989197,1.07846399999994,0.08998927200000002,0.08998779240000002,-0.5235730644000478,-1.0235134644000479,False
XAG,XAG|hyperliquid:xyz:SILVER|rh_lighter:41,2026-09-29T07:03:22.336872+00:00,2026-09-29T07:08:22.563783+00:00,5,0.22691082954406738,True,-0.30413625304136493,False,0.6448787279998921,0.05494905599989197,1.0866839999998774,0.08998927200000002,0.09016386480000002,-0.5319691367999853,-1.0319095367999853,False
XAG,XAG|hyperliquid:xyz:SILVER|rh_lighter:41,2026-09-29T07:03:22.336872+00:00,2026-09-29T07:18:23.612131+00:00,15,1.275259017944336,True,-0.24330900243311193,False,0.6448787279998921,0.05494905599989197,1.0538039999999,0.08998927200000002,0.09009136440000003,-0.49901663640000793,-0.998957036400008,False
XAG,XAG|hyperliquid:xyz:SILVER|rh_lighter:41,2026-09-29T07:03:22.336872+00:00,2026-09-29T07:33:23.619272+00:00,30,1.2823991775512695,True,-0.24330900243311193,False,0.6448787279998921,0.05494905599989197,1.1963307804878696,0.08998927200000002,0.09008840520000001,-0.6415404576879775,-1.1414808576879776,False
XAG,XAG|hyperliquid:xyz:SILVER|rh_lighter:41,2026-09-29T07:03:22.336872+00:00,2026-09-29T08:03:23.964211+00:00,60,1.6273386478424072,False,-0.12165450121653931,False,0.6448787279998921,0.05494905599989197,1.2116280000000188,0.08998927200000002,0.08999667,-0.6567459420001267,-1.1566863420001268,False
MSFT,MSFT|hyperliquid:xyz:MSFT|rh_lighter:14,2026-09-29T07:03:38.519179+00:00,2026-09-29T07:03:38.519179+00:00,0,0.0,True,-0.10147133434804667,False,0.6046606385999862,0.014927047199986054,1.2565089964450635,0.0899593614,0.0899420517,-0.7417904095450774,-1.2415646395450775,False
MSFT,MSFT|hyperliquid:xyz:MSFT|rh_lighter:14,2026-09-29T07:03:38.519179+00:00,2026-09-29T07:08:38.568825+00:00,5,0.04964613914489746,True,-0.10147133434804667,False,0.6046606385999862,0.014927047199986054,1.295923991366294,0.0899593614,0.0899491473,-0.7812125000663079,-1.280986730066308,False
MSFT,MSFT|hyperliquid:xyz:MSFT|rh_lighter:14,2026-09-29T07:03:38.519179+00:00,2026-09-29T07:18:39.611372+00:00,15,1.0921924114227295,True,-0.05073566717402889,False,0.6046606385999862,0.014927047199986054,1.0249200000000656,0.0899593614,0.08993140830000002,-0.5101907697000794,-1.0099649997000795,False
MSFT,MSFT|hyperliquid:xyz:MSFT|rh_lighter:14,2026-09-29T07:03:38.519179+00:00,2026-09-29T07:33:39.625659+00:00,30,1.1064791679382324,True,-0.20294266869609334,False,0.6046606385999862,0.014927047199986054,1.2023100000000113,0.0899593614,0.0900467118,-0.6876960732000251,-1.1874703032000253,False
MSFT,MSFT|hyperliquid:xyz:MSFT|rh_lighter:14,2026-09-29T07:03:38.519179+00:00,2026-09-29T08:03:39.983616+00:00,60,1.4644362926483154,False,-0.30441400304414,False,0.6046606385999862,0.014927047199986054,1.0232649618319556,0.0899593614,0.09015684255343513,-0.5087611657854044,-1.0085353957854046,False
AMZN,AMZN|hyperliquid:xyz:AMZN|rh_lighter:11,2026-09-29T07:03:45.247818+00:00,2026-09-29T07:03:45.247818+00:00,0,0.0,True,-0.09854644000986124,False,0.6644611876999111,0.07454764039991096,1.111084934648602,0.08998681230000001,0.08998178174256474,-0.5366055286912556,-1.0365322636912557,False
AMZN,AMZN|hyperliquid:xyz:AMZN|rh_lighter:11,2026-09-29T07:03:45.247818+00:00,2026-09-29T07:08:45.570664+00:00,5,0.3228459358215332,True,-0.123183050012321,False,0.6644611876999111,0.07454764039991096,1.1771099999999706,0.08998681230000001,0.08998681230000001,-0.6026356246000595,-1.1025623596000595,False
AMZN,AMZN|hyperliquid:xyz:AMZN|rh_lighter:11,2026-09-29T07:03:45.247818+00:00,2026-09-29T07:19:43.684033+00:00,15,58.43621492385864,True,-0.17245627001726271,False,0.6644611876999111,0.07454764039991096,0.9498019930898636,0.08998681230000001,0.090048915,-0.3753897203899524,-0.8753164553899525,False
AMZN,AMZN|hyperliquid:xyz:AMZN|rh_lighter:11,2026-09-29T07:03:45.247818+00:00,2026-09-29T07:34:43.653336+00:00,30,58.405517578125,True,-0.22172949002218223,False,0.6644611876999111,0.07454764039991096,0.8929799999999659,0.08998681230000001,0.0901037115,-0.31862252380005474,-0.8185492588000549,False
AMZN,AMZN|hyperliquid:xyz:AMZN|rh_lighter:11,2026-09-29T07:03:45.247818+00:00,2026-09-29T08:04:43.709464+00:00,60,58.46164536476135,False,-0.14781966001479185,False,0.6644611876999111,0.07454764039991096,1.1365200000000186,0.08998681230000001,0.09002334330000002,-0.5620821556001074,-1.0620088906001075,False
XPL,XPL|lighter:71|hyperliquid:XPL,2026-09-29T07:04:12.558466+00:00,2026-09-29T07:04:12.558466+00:00,0,0.0,True,-0.17106057556852683,False,1.0048373434999154,0.054261129499915406,2.6968873109565266,0.45061765649999996,0.450742959,-2.142792926456611,-2.642751483956611,False
XPL,XPL|lighter:71|hyperliquid:XPL,2026-09-29T07:04:12.558466+00:00,2026-09-29T07:09:32.776428+00:00,5,20.21796202659607,True,0.07043670758704046,True,1.0048373434999154,0.054261129499915406,1.4066991674208111,0.45061765649999996,0.4496765756253394,-0.8515383995462351,-1.3514969570462352,False
XPL,XPL|lighter:71|hyperliquid:XPL,2026-09-29T07:04:12.558466+00:00,2026-09-29T07:20:26.831851+00:00,15,74.27338552474976,True,0.2918092171463105,True,1.0048373434999154,0.054261129499915406,1.9997016861643715,0.45061765649999996,0.448685793,-1.4435501356644562,-1.9435086931644563,False
XPL,XPL|lighter:71|hyperliquid:XPL,2026-09-29T07:04:12.558466+00:00,2026-09-29T07:34:28.320868+00:00,30,15.762401819229126,True,0.1609981887703782,True,1.0048373434999154,0.054261129499915406,2.221664160940122,0.45061765649999996,0.449267166,-1.6660939834402069,-2.166052540940207,False
XPL,XPL|lighter:71|hyperliquid:XPL,2026-09-29T07:04:12.558466+00:00,2026-09-29T08:05:18.682636+00:00,60,66.12416958808899,False,0.0804990943851891,True,1.0048373434999154,0.054261129499915406,2.4443033579328812,0.45061765649999996,0.4495945654464105,-1.8890605798793763,-2.389019137379376,False
HBAR,HBAR|lighter:59|hyperliquid:HBAR,2026-09-29T07:04:23.287855+00:00,2026-09-29T07:04:23.287855+00:00,0,0.0,True,-0.22222222222222365,False,1.509413918500052,0.5585994340000517,3.1292939866369807,0.45085008150000006,0.4509885572939866,-2.0708686254309154,-2.5708330284309153,False
HBAR,HBAR|lighter:59|hyperliquid:HBAR,2026-09-29T07:04:23.287855+00:00,2026-09-29T07:20:41.687620+00:00,15,78.39976501464844,True,-0.5847953216374324,False,1.509413918500052,0.5585994340000517,2.5360919470588215,0.45085008150000006,0.4526201761147059,-1.4792982046734755,-1.9792626076734756,False
HBAR,HBAR|lighter:59|hyperliquid:HBAR,2026-09-29T07:04:23.287855+00:00,2026-09-29T07:34:43.282404+00:00,30,19.994549036026,True,-0.35087719298245723,False,1.509413918500052,0.5585994340000517,2.805175721831006,0.45085008150000006,0.45158107500000005,-1.747342878330954,-2.247307281330954,False
HBAR,HBAR|lighter:59|hyperliquid:HBAR,2026-09-29T07:04:23.287855+00:00,2026-09-29T08:05:33.669577+00:00,60,70.38172173500061,False,0.12865497076024468,True,1.509413918500052,0.5585994340000517,2.540147973367766,0.45085008150000006,0.4493887415459643,-1.4801227964136785,-1.9800871994136786,False
CRCL,CRCL|hyperliquid:xyz:CRCL|rh_lighter:24,2026-09-29T07:04:43.595292+00:00,2026-09-29T07:04:43.595292+00:00,0,0.0,True,-0.1122819139747766,False,0.6560218166401603,0.06604028128016043,1.1550278874187825,0.08999718336,0.08999614134,-0.5890022121186222,-1.0889865641186223,False
CRCL,CRCL|hyperliquid:xyz:CRCL|rh_lighter:24,2026-09-29T07:04:43.595292+00:00,2026-09-29T07:09:43.931750+00:00,5,0.3364577293395996,True,-0.2504750388668153,False,0.6560218166401603,0.06604028128016043,0.9437568754007089,0.08999718336,0.09013785606,-0.3778729148205485,-0.8778572668205484,False
CRCL,CRCL|hyperliquid:xyz:CRCL|rh_lighter:24,2026-09-29T07:04:43.595292+00:00,2026-09-29T07:19:45.273685+00:00,15,1.6783928871154785,True,-0.34548281223008015,False,0.6560218166401603,0.06604028128016043,0.9936940421217741,0.08999718336,0.09021496554,-0.4278871910216139,-0.9278715430216138,False
CRCL,CRCL|hyperliquid:xyz:CRCL|rh_lighter:24,2026-09-29T07:04:43.595292+00:00,2026-09-29T07:34:45.277638+00:00,30,1.6823463439941406,True,-0.41457937467610506,False,0.6560218166401603,0.06604028128016043,0.5974880622721912,0.08999718336,0.09031812552,-0.031784371152030894,-0.5317687231520308,False
CRCL,CRCL|hyperliquid:xyz:CRCL|rh_lighter:24,2026-09-29T07:04:43.595292+00:00,2026-09-29T08:04:45.301418+00:00,60,1.7061264514923096,False,-0.3282086716185906,False,0.6560218166401603,0.06604028128016043,0.8414567339689256,0.08999718336,0.09021392351999999,-0.2756488408487653,-0.7756331928487652,False
XAG,XAG|hyperliquid:xyz:SILVER|rh_lighter:41,2026-09-29T07:09:22.579508+00:00,2026-09-29T07:09:22.579508+00:00,0,0.0,True,-0.06093845216332827,False,0.6681736827000208,0.0783813804000208,0.9353700000000345,0.0899683173,0.08996684039999998,-0.35716315770001367,-0.8569871427000136,False
XAG,XAG|hyperliquid:xyz:SILVER|rh_lighter:41,2026-09-29T07:09:22.579508+00:00,2026-09-29T07:14:23.609648+00:00,5,1.0301403999328613,True,0.0,True,0.6681736827000208,0.0783813804000208,1.0092150000000402,0.0899683173,0.0898575498,-0.4308988671000194,-0.9307228521000194,False
XAG,XAG|hyperliquid:xyz:SILVER|rh_lighter:41,2026-09-29T07:09:22.579508+00:00,2026-09-29T07:24:23.598563+00:00,15,1.0190556049346924,True,-0.12187690432662324,False,0.6681736827000208,0.0783813804000208,1.3840027797438097,0.0899683173,0.0899816094,-0.8058107064437889,-1.3056346914437889,False
XAG,XAG|hyperliquid:xyz:SILVER|rh_lighter:41,2026-09-29T07:09:22.579508+00:00,2026-09-29T07:39:23.611125+00:00,30,1.0316174030303955,True,-0.12187690432662324,False,0.6681736827000208,0.0783813804000208,1.2438759975594849,0.0899683173,0.08999076636021965,-0.6656930812196837,-1.1655170662196837,False
XAG,XAG|hyperliquid:xyz:SILVER|rh_lighter:41,2026-09-29T07:09:22.579508+00:00,2026-09-29T08:09:23.653995+00:00,60,1.0744874477386475,False,0.24375380865324647,True,0.6681736827000208,0.0783813804000208,1.3767990000000054,0.0899683173,0.08960352299999999,-0.7982288402999846,-1.2980528252999846,False
AAPL,AAPL|hyperliquid:xyz:AAPL|rh_lighter:10,2026-09-29T07:09:29.445521+00:00,2026-09-29T07:09:29.445521+00:00,0,0.0,True,-0.06749915626055314,False,0.6181679404999576,0.028351105999957604,0.9522907882474101,0.0899720595,0.08996912459999999,-0.4240919723474525,-0.9239367473474525,False
AAPL,AAPL|hyperliquid:xyz:AAPL|rh_lighter:10,2026-09-29T07:09:29.445521+00:00,2026-09-29T07:15:29.253921+00:00,5,59.80840039253235,True,-0.06749915626055314,False,0.6181679404999576,0.028351105999957604,0.9985340020263038,0.0899720595,0.08995925753981764,-0.47032531906616387,-0.970170094066164,False
AAPL,AAPL|hyperliquid:xyz:AAPL|rh_lighter:10,2026-09-29T07:09:29.445521+00:00,2026-09-29T07:25:28.980443+00:00,15,59.53492188453674,True,-0.13499831252109518,False,0.6181679404999576,0.028351105999957604,1.0296399966206309,0.0899720595,0.09000912509999999,-0.5014811812206733,-1.0013259562206733,False
AAPL,AAPL|hyperliquid:xyz:AAPL|rh_lighter:10,2026-09-29T07:09:29.445521+00:00,2026-09-29T07:40:28.971465+00:00,30,59.52594447135925,True,-0.13499831252109518,False,0.6181679404999576,0.028351105999957604,1.2444600000000037,0.0899720595,0.0899984583,-0.716290517800046,-1.216135292800046,False
AAPL,AAPL|hyperliquid:xyz:AAPL|rh_lighter:10,2026-09-29T07:09:29.445521+00:00,2026-09-29T08:10:28.979475+00:00,60,59.53395414352417,False,-0.03374957813027102,False,0.6181679404999576,0.028351105999957604,1.1259400000000142,0.0899720595,0.0899077905,-0.5976798500000565,-1.0975246250000565,False
DRAM,DRAM|hyperliquid:xyz:DRAM|lighter:195,2026-09-29T07:10:59.513568+00:00,2026-09-29T07:10:59.513568+00:00,0,0.0,True,0.0,True,0.6975020040000981,0.10948180800009816,0.9836040000000139,0.08969799599999999,0.08969292899999999,-0.37579492499991585,-0.8741171249999158,False
DRAM,DRAM|hyperliquid:xyz:DRAM|lighter:195,2026-09-29T07:10:59.513568+00:00,2026-09-29T07:16:20.266545+00:00,5,20.752976894378662,True,0.0,True,0.6975020040000981,0.10948180800009816,0.836400000000026,0.08969799599999999,0.089680284,-0.22857827999992797,-0.7269004799999279,False
DRAM,DRAM|hyperliquid:xyz:DRAM|lighter:195,2026-09-29T07:10:59.513568+00:00,2026-09-29T07:26:08.501882+00:00,15,8.988313674926758,True,0.0,True,0.6975020040000981,0.10948180800009816,0.7544000000000324,0.08969799599999999,0.08988544799999999,-0.14678344399993432,-0.6451056439999343,False
DRAM,DRAM|hyperliquid:xyz:DRAM|lighter:195,2026-09-29T07:10:59.513568+00:00,2026-09-29T07:41:33.814595+00:00,30,34.301026821136475,True,-0.609756097560965,False,0.6975020040000981,0.10948180800009816,0.6922208588955527,0.08969799599999999,0.08997812812269938,-0.08469698301815407,-0.583019183018154,False
DRAM,DRAM|hyperliquid:xyz:DRAM|lighter:195,2026-09-29T07:10:59.513568+00:00,2026-09-29T08:11:00.569706+00:00,60,1.0561378002166748,False,0.0,True,0.6975020040000981,0.10948180800009816,0.982300000000123,0.08969799599999999,0.08984279699999999,-0.3746407930000249,-0.8729629930000249,False
XAG,XAG|hyperliquid:xyz:SILVER|rh_lighter:41,2026-09-29T07:11:22.593055+00:00,2026-09-29T07:11:22.593055+00:00,0,0.0,True,-0.12180267965896663,False,0.6965421470000009,0.1067004440000009,1.0246079999999438,0.08997585300000001,0.08997437520000001,-0.41804022819994285,-0.9179060781999429,False
XAG,XAG|hyperliquid:xyz:SILVER|rh_lighter:41,2026-09-29T07:11:22.593055+00:00,2026-09-29T07:16:23.600384+00:00,5,1.007328987121582,True,-0.060901339829488865,False,0.6965421470000009,0.1067004440000009,1.0658411115173294,0.08997585300000001,0.08995516380000002,-0.4592541283173285,-0.9591199783173285,False
XAG,XAG|hyperliquid:xyz:SILVER|rh_lighter:41,2026-09-29T07:11:22.593055+00:00,2026-09-29T07:26:23.720600+00:00,15,1.1275453567504883,True,-0.1827040194884333,False,0.6965421470000009,0.1067004440000009,1.2776152544234947,0.08997585300000001,0.09004678740000002,-0.6711198948234938,-1.170985744823494,False
XAG,XAG|hyperliquid:xyz:SILVER|rh_lighter:41,2026-09-29T07:11:22.593055+00:00,2026-09-29T07:41:23.630197+00:00,30,1.037142038345337,True,-0.24360535931792215,False,0.6965421470000009,0.1067004440000009,1.296125431013479,0.08997585300000001,0.09005384168461539,-0.6896371256980935,-1.1895029756980935,False
XAG,XAG|hyperliquid:xyz:SILVER|rh_lighter:41,2026-09-29T07:11:22.593055+00:00,2026-09-29T08:11:23.717967+00:00,60,1.1249125003814697,False,0.24360535931788885,True,0.6965421470000009,0.1067004440000009,1.4039099999998825,0.08997585300000001,0.08961674760000002,-0.7969846005998816,-1.2968504505998817,False
HBAR,HBAR|lighter:59|hyperliquid:HBAR,2026-09-29T07:15:05.329979+00:00,2026-09-29T07:15:05.329979+00:00,0,0.0,True,-0.20037718057519527,False,1.3300467630000221,0.379271014000022,2.8610148208339297,0.45078923700000006,0.45088217999999997,-1.9818502378339076,-2.481836749833908,False
HBAR,HBAR|lighter:59|hyperliquid:HBAR,2026-09-29T07:15:05.329979+00:00,2026-09-29T07:20:41.687620+00:00,5,36.357640981674194,True,0.1885902876001877,True,1.3300467630000221,0.379271014000022,2.516515096941248,0.45078923700000006,0.44912626598329414,-1.63559459992452,-2.13558111192452,False
HBAR,HBAR|lighter:59|hyperliquid:HBAR,2026-09-29T07:15:05.329979+00:00,2026-09-29T07:30:30.264030+00:00,15,24.934051513671875,True,0.2710985384252629,True,1.3300467630000221,0.379271014000022,2.819635010697084,0.45078923700000006,0.4487442120000001,-1.938332459697062,-2.438318971697062,False
HBAR,HBAR|lighter:59|hyperliquid:HBAR,2026-09-29T07:15:05.329979+00:00,2026-09-29T07:45:55.703132+00:00,30,50.37315273284912,True,0.3418198962753527,True,1.3300467630000221,0.379271014000022,2.49910755315409,0.45078923700000006,0.448447999513215,-1.617508789667283,-2.117495301667283,False
HBAR,HBAR|lighter:59|hyperliquid:HBAR,2026-09-29T07:15:05.329979+00:00,2026-09-29T08:15:27.479624+00:00,60,22.14964509010315,False,0.2239509665252326,True,1.3300467630000221,0.379271014000022,2.140214967893826,0.45078923700000006,0.44897328,-1.2591414848938038,-1.7591279968938038,False
XAG,XAG|hyperliquid:xyz:SILVER|rh_lighter:41,2026-09-29T07:16:23.600384+00:00,2026-09-29T07:16:23.600384+00:00,0,0.0,True,-0.060901339829488865,False,0.6522273584000656,0.06251159680006552,1.0658411115173294,0.08995664160000001,0.08995516380000002,-0.5035689169172637,-1.0033280369172637,False
XAG,XAG|hyperliquid:xyz:SILVER|rh_lighter:41,2026-09-29T07:16:23.600384+00:00,2026-09-29T07:21:23.628597+00:00,5,0.0282135009765625,True,-0.1827040194884333,False,0.6522273584000656,0.06251159680006552,1.2167220000000043,0.08995664160000001,0.0900305316,-0.6545251731999386,-1.1542842931999386,False
XAG,XAG|hyperliquid:xyz:SILVER|rh_lighter:41,2026-09-29T07:16:23.600384+00:00,2026-09-29T07:31:23.920150+00:00,15,0.3197665214538574,True,-0.12180267965896663,False,0.6522273584000656,0.06251159680006552,1.1752414756097096,0.08995664160000001,0.08998165516719514,-0.6129957723768391,-1.112754892376839,False
XAG,XAG|hyperliquid:xyz:SILVER|rh_lighter:41,2026-09-29T07:16:23.600384+00:00,2026-09-29T07:46:23.978337+00:00,30,0.37795329093933105,True,-0.12180267965896663,False,0.6522273584000656,0.06251159680006552,1.13790599999993,0.08995664160000001,0.08999654220000002,-0.5756751837998643,-1.0754343037998644,False
XAG,XAG|hyperliquid:xyz:SILVER|rh_lighter:41,2026-09-29T07:16:23.600384+00:00,2026-09-29T08:17:22.657502+00:00,60,59.0571186542511,False,0.06090133982945556,True,0.6522273584000656,0.06251159680006552,1.3590763043214338,0.08995664160000001,0.08977635000000002,-0.7966252959213682,-1.2963844159213682,False
AAPL,AAPL|hyperliquid:xyz:AAPL|rh_lighter:10,2026-09-29T07:16:29.356974+00:00,2026-09-29T07:16:29.356974+00:00,0,0.0,True,-0.10121457489878916,False,0.6810011816002108,0.09107448320021094,1.001834002026385,0.08998881839999999,0.08998401653981764,-0.4108168369659918,-0.9107547169659918,False
AAPL,AAPL|hyperliquid:xyz:AAPL|rh_lighter:10,2026-09-29T07:16:29.356974+00:00,2026-09-29T07:22:29.264695+00:00,5,59.907721757888794,True,-0.10121457489878916,False,0.6810011816002108,0.09107448320021094,0.8002799999999297,0.08998881839999999,0.0899994888,-0.2092783071997189,-0.7092161871997189,False
AAPL,AAPL|hyperliquid:xyz:AAPL|rh_lighter:10,2026-09-29T07:16:29.356974+00:00,2026-09-29T07:31:29.424534+00:00,15,0.06756019592285156,True,-0.2024291497975672,False,0.6810011816002108,0.09107448320021094,1.212273995942951,0.08998881839999999,0.09004510494036512,-0.6213179192831052,-1.1212557992831051,False
AAPL,AAPL|hyperliquid:xyz:AAPL|rh_lighter:10,2026-09-29T07:16:29.356974+00:00,2026-09-29T07:47:29.604965+00:00,30,60.24799132347107,True,-0.10121457489878916,False,0.6810011816002108,0.09107448320021094,0.976047902735445,0.08998881839999999,0.08999700768875381,-0.38504372882398796,-0.8849816088239879,False
AAPL,AAPL|hyperliquid:xyz:AAPL|rh_lighter:10,2026-09-29T07:16:29.356974+00:00,2026-09-29T08:16:29.535276+00:00,60,0.17830252647399902,False,0.03373819163292602,True,0.6810011816002108,0.09107448320021094,1.0374000000000478,0.08998881839999999,0.0898527708,-0.44625158919983704,-0.9461894691998369,False
META,META|hyperliquid:xyz:META|lighter:117,2026-09-29T07:18:41.592467+00:00,2026-09-29T07:18:41.592467+00:00,0,0.0,True,-0.14326647564469885,False,0.6080002987999791,0.018002257599979088,0.7679602295553423,0.0899997012,0.08999591757934002,-0.2499558483347032,-0.7499541883347032,False
META,META|hyperliquid:xyz:META|lighter:117,2026-09-29T07:18:41.592467+00:00,2026-09-29T07:24:17.745780+00:00,5,36.15331292152405,True,-0.14326647564469885,False,0.6080002987999791,0.018002257599979088,0.7398800000000847,0.0899997012,0.0900424188,-0.2219221200001056,-0.7219204600001056,False
META,META|hyperliquid:xyz:META|lighter:117,2026-09-29T07:18:41.592467+00:00,2026-09-29T07:34:06.954052+00:00,15,25.361584424972534,True,-0.2865329512893977,False,0.6080002987999791,0.018002257599979088,0.8033318103448437,0.0899997012,0.09012783955862069,-0.2854593511034853,-0.7854576911034853,False
META,META|hyperliquid:xyz:META|lighter:117,2026-09-29T07:18:41.592467+00:00,2026-09-29T07:49:32.300668+00:00,30,50.70820069313049,True,-0.2865329512893977,False,0.6080002987999791,0.018002257599979088,0.7119600000000901,0.0899997012,0.0901379052,-0.19409760640011098,-0.694095946400111,False
META,META|hyperliquid:xyz:META|lighter:117,2026-09-29T07:18:41.592467+00:00,2026-09-29T08:19:01.383340+00:00,60,19.790872812271118,False,-0.14326647564469885,False,0.6080002987999791,0.018002257599979088,0.5165200000000141,0.0899997012,0.090039906,0.0014403927999649957,-0.498557947200035,False
XPL,XPL|lighter:71|hyperliquid:XPL,2026-09-29T07:19:02.680175+00:00,2026-09-29T07:19:02.680175+00:00,0,0.0,True,-0.18034265103696878,False,1.006133701000026,0.05553567300002582,2.7229446305328793,0.45062829900000007,0.4508099921910569,-2.16762092172391,-2.66759065072391,False
XPL,XPL|lighter:71|hyperliquid:XPL,2026-09-29T07:19:02.680175+00:00,2026-09-29T07:24:39.266505+00:00,5,36.58633041381836,True,0.08015228934976637,True,1.006133701000026,0.05553567300002582,2.694870000000151,0.45062829900000007,0.44963905950000005,-2.138375358500125,-2.638345087500125,False
XPL,XPL|lighter:71|hyperliquid:XPL,2026-09-29T07:19:02.680175+00:00,2026-09-29T07:34:28.320868+00:00,15,25.640692710876465,True,-0.2705139765554532,False,1.006133701000026,0.05553567300002582,2.2312769159129857,0.45062829900000007,0.451211067,-1.6763542819129598,-2.1763240109129596,False
HBAR,HBAR|lighter:59|hyperliquid:HBAR,2026-09-29T07:19:17.632020+00:00,2026-09-29T07:19:17.632020+00:00,0,0.0,True,-0.2115407215889098,False,1.0732358030000184,0.12258922750001844,2.746426811094125,0.45066719699999996,0.45090892800000004,-2.1240999360941064,-2.6240793145941064,False
HBAR,HBAR|lighter:59|hyperliquid:HBAR,2026-09-29T07:19:17.632020+00:00,2026-09-29T07:24:53.766530+00:00,5,36.13451051712036,True,-0.1292748854154424,False,1.0732358030000184,0.12258922750001844,2.364337494586948,0.45066719699999996,0.4505643134999999,-1.7416660050869297,-2.2416453835869294,False
HBAR,HBAR|lighter:59|hyperliquid:HBAR,2026-09-29T07:19:17.632020+00:00,2026-09-29T07:34:43.282404+00:00,15,25.650384426116943,True,0.1292748854154535,True,1.0732358030000184,0.12258922750001844,2.7917240019952487,0.45066719699999996,0.4494155985,-2.16790379749523,-2.66788317599523,False
HBAR,HBAR|lighter:59|hyperliquid:HBAR,2026-09-29T07:19:17.632020+00:00,2026-09-29T07:50:08.332846+00:00,30,50.70082688331604,True,0.1057703607944438,True,1.0732358030000184,0.12258922750001844,2.142124267433701,0.45066719699999996,0.44949217950000003,-1.5183806439336824,-2.0183600224336824,False
HBAR,HBAR|lighter:59|hyperliquid:HBAR,2026-09-29T07:19:17.632020+00:00,2026-09-29T08:19:40.366085+00:00,60,22.734065294265747,False,-0.35256786931484596,False,1.0732358030000184,0.12258922750001844,2.19558593053398,0.45066719699999996,0.45156571461858713,-1.5739158421525488,-2.073895220652549,False
BRENTOIL,BRENTOIL|lighter:159|hyperliquid:xyz:BRENTOIL,2026-09-29T07:21:16.388450+00:00,2026-09-29T07:21:16.388450+00:00,0,0.0,True,-0.09910802775024985,False,0.676825885000055,0.08695945200005506,1.0594499999999698,0.090038115,0.0900426555,-0.4726667704999148,-0.9724950884999147,False
BRENTOIL,BRENTOIL|lighter:159|hyperliquid:xyz:BRENTOIL,2026-09-29T07:21:16.388450+00:00,2026-09-29T07:26:52.687518+00:00,5,36.299068212509155,True,0.09910802775023875,True,0.676825885000055,0.08695945200005506,0.5687862871288871,0.090038115,0.08989860476584159,0.01814099310532634,-0.4816873248946736,False
BRENTOIL,BRENTOIL|lighter:159|hyperliquid:xyz:BRENTOIL,2026-09-29T07:21:16.388450+00:00,2026-09-29T07:36:41.631823+00:00,15,25.243373155593872,True,0.29732408325073845,True,0.676825885000055,0.08695945200005506,0.5852200000000494,0.090038115,0.0897184638,0.0018874212000056928,-0.49794089679999426,False
BRENTOIL,BRENTOIL|lighter:159|hyperliquid:xyz:BRENTOIL,2026-09-29T07:21:16.388450+00:00,2026-09-29T07:52:06.949845+00:00,30,50.56139516830444,True,0.5946481665014991,True,0.676825885000055,0.08695945200005506,0.4237799999998515,0.090038115,0.08942242319999999,0.16362346180020354,-0.3362048561997964,False
HBAR,HBAR|lighter:59|hyperliquid:HBAR,2026-09-29T07:22:05.749459+00:00,2026-09-29T07:22:05.749459+00:00,0,0.0,True,-0.16428068528514528,False,1.0347027890000016,0.08414244800000159,2.236688447108577,0.45061721099999996,0.45070538038751756,-1.652691038496093,-2.152634168496093,False
HBAR,HBAR|lighter:59|hyperliquid:HBAR,2026-09-29T07:22:05.749459+00:00,2026-09-29T07:27:41.911589+00:00,5,36.16213011741638,True,-0.5163107251818788,False,1.0347027890000016,0.08414244800000159,2.759261362349548,0.45061721099999996,0.45232645499999996,-2.1768850283495467,-2.676828158349547,False
HBAR,HBAR|lighter:59|hyperliquid:HBAR,2026-09-29T07:22:05.749459+00:00,2026-09-29T07:37:30.962588+00:00,15,25.213128805160522,True,-0.3050927012438365,False,1.0347027890000016,0.08414244800000159,2.689011979284487,0.45061721099999996,0.45136727410911026,-2.105676464393596,-2.605619594393596,False
HBAR,HBAR|lighter:59|hyperliquid:HBAR,2026-09-29T07:22:05.749459+00:00,2026-09-29T07:52:56.470212+00:00,30,50.72075271606445,True,0.0,True,1.0347027890000016,0.08414244800000159,2.71081700000002,0.45061721099999996,0.449987166,-2.1261013770000186,-2.6260445070000187,False
HBAR,HBAR|lighter:59|hyperliquid:HBAR,2026-09-29T07:22:05.749459+00:00,2026-09-29T08:22:28.346227+00:00,60,22.596768140792847,False,-0.8331377610889423,False,1.0347027890000016,0.08414244800000159,2.069199280558564,0.45061721099999996,0.453745368,-1.4882418595585625,-1.9881849895585626,False
MSFT,MSFT|hyperliquid:xyz:MSFT|rh_lighter:14,2026-09-29T07:22:39.611749+00:00,2026-09-29T07:22:39.611749+00:00,0,0.0,True,-0.10147133434804667,False,0.5998937570999785,0.01018060919997843,1.1234699999999975,0.08995624290000001,0.0899491473,-0.6135253902000191,-1.113282295200019,False
MSFT,MSFT|hyperliquid:xyz:MSFT|rh_lighter:14,2026-09-29T07:22:39.611749+00:00,2026-09-29T07:27:39.825404+00:00,5,0.2136554718017578,True,-0.10147133434804667,False,0.5998937570999785,0.01018060919997843,1.0060308329102554,0.08995624290000001,0.08999696872503808,-0.496134044535315,-0.995890949535315,False
MSFT,MSFT|hyperliquid:xyz:MSFT|rh_lighter:14,2026-09-29T07:22:39.611749+00:00,2026-09-29T07:37:39.635216+00:00,15,0.023467540740966797,True,-0.20294266869609334,False,0.5998937570999785,0.01018060919997843,0.96578999999997,0.08995624290000001,0.0900538074,-0.45595005029999147,-0.9557069552999915,False
MSFT,MSFT|hyperliquid:xyz:MSFT|rh_lighter:14,2026-09-29T07:22:39.611749+00:00,2026-09-29T07:52:39.645443+00:00,30,0.03369402885437012,True,-0.20294266869609334,False,0.5998937570999785,0.01018060919997843,1.1037600000000793,0.08995624290000001,0.0900804159,-0.5939466588001009,-1.093703563800101,False
MSFT,MSFT|hyperliquid:xyz:MSFT|rh_lighter:14,2026-09-29T07:22:39.611749+00:00,2026-09-29T08:23:38.333356+00:00,60,58.72160744667053,False,-0.25367833587012223,False,0.5998937570999785,0.01018060919997843,1.4606222822989139,0.08995624290000001,0.09009105930000001,-0.9508195844989354,-1.4505764894989355,False
AAPL,AAPL|hyperliquid:xyz:AAPL|rh_lighter:10,2026-09-29T07:23:29.267926+00:00,2026-09-29T07:23:29.267926+00:00,0,0.0,True,-0.10124873439082416,False,0.6655762085999559,0.07570868719995588,1.0363813229728294,0.08997979140000001,0.08997472467,-0.46077983904287345,-0.9606675690428734,False
AAPL,AAPL|hyperliquid:xyz:AAPL|rh_lighter:10,2026-09-29T07:23:29.267926+00:00,2026-09-29T07:28:29.271565+00:00,5,0.0036382675170898438,True,-0.13499831252109518,False,0.6655762085999559,0.07570868719995588,1.185200000000009,0.08997979140000001,0.0900144585,-0.609638249900053,-1.109525979900053,False
AAPL,AAPL|hyperliquid:xyz:AAPL|rh_lighter:10,2026-09-29T07:23:29.267926+00:00,2026-09-29T07:38:29.269204+00:00,15,0.0012772083282470703,True,-0.1687478906513662,False,0.6655762085999559,0.07570868719995588,1.184849408384025,0.08997979140000001,0.0900197919,-0.6092929916840691,-1.1091807216840692,False
AAPL,AAPL|hyperliquid:xyz:AAPL|rh_lighter:10,2026-09-29T07:23:29.267926+00:00,2026-09-29T07:53:29.294545+00:00,30,0.026618480682373047,True,-0.06749915626055314,False,0.6655762085999559,0.07570868719995588,0.8292887629178267,0.08997979140000001,0.08996379120000002,-0.2536763455178708,-0.7535640755178709,False
AAPL,AAPL|hyperliquid:xyz:AAPL|rh_lighter:10,2026-09-29T07:23:29.267926+00:00,2026-09-29T08:23:29.381221+00:00,60,0.11329412460327148,False,0.06749915626054204,True,0.6655762085999559,0.07570868719995588,1.1925070677908707,0.08997979140000001,0.08982512279999999,-0.6167559819909147,-1.1166437119909147,False
META,META|hyperliquid:xyz:META|lighter:117,2026-09-29T07:24:17.745780+00:00,2026-09-29T07:24:17.745780+00:00,0,0.0,True,-0.07168458781362519,False,0.593568315000082,0.003688380000081981,0.7393500000000586,0.089981685,0.0899779185,-0.23575960349997654,-0.7356578534999765,False
META,META|hyperliquid:xyz:META|lighter:117,2026-09-29T07:24:17.745780+00:00,2026-09-29T07:29:54.013709+00:00,5,36.26792907714844,True,-0.07168458781362519,False,0.593568315000082,0.003688380000081981,0.8230499999998528,0.089981685,0.0899653635,-0.3194470484997708,-0.8193452984997708,False
META,META|hyperliquid:xyz:META|lighter:117,2026-09-29T07:24:17.745780+00:00,2026-09-29T07:39:43.289912+00:00,15,25.54413151741028,True,-0.21505376344086446,False,0.593568315000082,0.003688380000081981,0.7873933189654281,0.089981685,0.09011044410129311,-0.2839354480666392,-0.7838336980666392,False
META,META|hyperliquid:xyz:META|lighter:117,2026-09-29T07:24:17.745780+00:00,2026-09-29T07:55:08.471332+00:00,30,50.72555160522461,True,-0.21505376344086446,False,0.593568315000082,0.003688380000081981,0.6478582435347562,0.089981685,0.09007521974999999,-0.14436514828467414,-0.6442633982846742,False
META,META|hyperliquid:xyz:META|lighter:117,2026-09-29T07:24:17.745780+00:00,2026-09-29T08:24:37.655104+00:00,60,19.909323692321777,False,-0.14336917562723928,False,0.593568315000082,0.003688380000081981,0.8509500000000116,0.089981685,0.090021861,-0.3474035459999296,-0.8473017959999296,False
XPL,XPL|lighter:71|hyperliquid:XPL,2026-09-29T07:24:39.266505+00:00,2026-09-29T07:24:39.266505+00:00,0,0.0,True,-0.259610584123815,False,2.052624324999968,1.1014997749999682,2.704050000000052,0.45112567499999995,0.45117074250000005,-1.1025964175000837,-1.6025952925000837,False
XPL,XPL|lighter:71|hyperliquid:XPL,2026-09-29T07:24:39.266505+00:00,2026-09-29T07:30:15.535385+00:00,5,36.268879413604736,True,-0.35946080878681563,False,2.052624324999968,1.1014997749999682,2.1121644032467657,0.45112567499999995,0.4516214174999999,-0.5111614957467974,-1.0111603707467975,False
XPL,XPL|lighter:71|hyperliquid:XPL,2026-09-29T07:24:39.266505+00:00,2026-09-29T07:40:04.603138+00:00,15,25.33663296699524,True,-0.5391912131802346,False,2.052624324999968,1.1014997749999682,2.1395965164140307,0.45112567499999995,0.45240464006726233,-0.5393768314813248,-1.0393757064813247,False
XPL,XPL|lighter:71|hyperliquid:XPL,2026-09-29T07:24:39.266505+00:00,2026-09-29T07:55:29.820161+00:00,30,50.55365538597107,True,-0.7988017973040384,False,2.052624324999968,1.1014997749999682,2.4597837971817853,0.45112567499999995,0.45360438750000004,-0.8607638596818171,-1.3607627346818172,False
PUMP,PUMP|lighter:45|hyperliquid:PUMP,2026-09-29T07:25:18.257615+00:00,2026-09-29T07:25:18.257615+00:00,0,0.0,True,-0.17928685897435903,False,1.1467223039997787,0.19600588799977864,2.196479999999724,0.450717696,0.45080755199999994,-1.5005652479999452,-2.000563967999945,False
PUMP,PUMP|lighter:45|hyperliquid:PUMP,2026-09-29T07:25:18.257615+00:00,2026-09-29T07:30:54.080167+00:00,5,35.82255244255066,True,0.2804487179487225,True,1.1467223039997787,0.19600588799977864,0.3993600000001152,0.450717696,0.4487408640000001,0.29862143999966334,-0.20137728000033672,False
PUMP,PUMP|lighter:45|hyperliquid:PUMP,2026-09-29T07:25:18.257615+00:00,2026-09-29T07:40:43.289523+00:00,15,25.03190803527832,True,-0.5954527243589691,False,1.1467223039997787,0.19600588799977864,0.7552209839235502,0.450717696,0.452694528,-0.061193207923771586,-0.5611919279237716,False
PUMP,PUMP|lighter:45|hyperliquid:PUMP,2026-09-29T07:25:18.257615+00:00,2026-09-29T07:56:08.690452+00:00,30,50.43283772468567,True,-0.32101362179487447,False,1.1467223039997787,0.19600588799977864,0.9314661331698062,0.450717696,0.45144815301652436,-0.23619198218655196,-0.736190702186552,False
PUMP,PUMP|lighter:45|hyperliquid:PUMP,2026-09-29T07:25:18.257615+00:00,2026-09-29T08:25:36.437000+00:00,60,18.1793851852417,False,0.10016025641026438,True,1.1467223039997787,0.19600588799977864,0.6120599591753262,0.450717696,0.449549568,0.0851127768244524,-0.41488594317554767,False
SAMSUNGUSD,SAMSUNGUSD|hyperliquid:xyz:SMSN|lighter:162,2026-09-29T07:26:44.659887+00:00,2026-09-29T07:26:44.659887+00:00,0,0.0,True,-0.1008471157724844,False,0.7578361518001734,0.1679158136001735,1.1917208160712107,0.08998784819999998,0.0899725151865536,-0.523857179457591,-1.023789669457591,False
SAMSUNGUSD,SAMSUNGUSD|hyperliquid:xyz:SMSN|lighter:162,2026-09-29T07:26:44.659887+00:00,2026-09-29T07:32:21.593723+00:00,5,36.93383598327637,True,0.0,True,0.7578361518001734,0.1679158136001735,0.8230279999999084,0.08998784819999998,0.08992225440000001,-0.15511410259973507,-0.6550465925997351,False
SAMSUNGUSD,SAMSUNGUSD|hyperliquid:xyz:SMSN|lighter:162,2026-09-29T07:26:44.659887+00:00,2026-09-29T07:42:09.993145+00:00,15,25.333257913589478,True,0.04033884630898488,True,0.7578361518001734,0.1679158136001735,1.1800040000000536,0.08998784819999998,0.0898419348,-0.5120097829998802,-1.0119422729998802,False
SAMSUNGUSD,SAMSUNGUSD|hyperliquid:xyz:SMSN|lighter:162,2026-09-29T07:26:44.659887+00:00,2026-09-29T07:57:35.425144+00:00,30,50.76525664329529,True,-0.02016942315450354,False,0.7578361518001734,0.1679158136001735,0.8642073056284971,0.08998784819999998,0.08992881132249345,-0.1962999651508172,-0.6962324551508172,False
SAMSUNGUSD,SAMSUNGUSD|hyperliquid:xyz:SMSN|lighter:162,2026-09-29T07:26:44.659887+00:00,2026-09-29T08:27:02.735127+00:00,60,18.07524013519287,False,-0.6454215409439246,False,0.7578361518001734,0.1679158136001735,1.0362220000000661,0.08998784819999998,0.09048895380000001,-0.3688748019998928,-0.8688072919998928,False
MSFT,MSFT|hyperliquid:xyz:MSFT|rh_lighter:14,2026-09-29T07:27:39.825404+00:00,2026-09-29T07:27:39.825404+00:00,0,0.0,True,-0.050761421319789335,False,0.7226662990000305,0.13295014800003058,1.0055204164551697,0.08995670100000001,0.08995130816251903,-0.37280542561765817,-0.8725648756176582,False
MSFT,MSFT|hyperliquid:xyz:MSFT|rh_lighter:14,2026-09-29T07:27:39.825404+00:00,2026-09-29T07:33:39.625659+00:00,5,59.800254344940186,True,-0.1522842639593902,False,0.7226662990000305,0.13295014800003058,1.2017000000000735,0.08995670100000001,0.090001026,-0.569034727000043,-1.068794177000043,False
MSFT,MSFT|hyperliquid:xyz:MSFT|rh_lighter:14,2026-09-29T07:27:39.825404+00:00,2026-09-29T07:43:39.765254+00:00,15,59.93984937667847,True,-0.20304568527919065,False,0.7226662990000305,0.13295014800003058,1.018185381485182,0.08995670100000001,0.09005244300000001,-0.3855715254851515,-0.8853309754851515,False
MSFT,MSFT|hyperliquid:xyz:MSFT|rh_lighter:14,2026-09-29T07:27:39.825404+00:00,2026-09-29T07:58:39.800403+00:00,30,59.97499871253967,True,-0.20304568527919065,False,0.7226662990000305,0.13295014800003058,1.3117775076296994,0.08995670100000001,0.09004446630366225,-0.6791556749333311,-1.1789151249333312,False
MSFT,MSFT|hyperliquid:xyz:MSFT|rh_lighter:14,2026-09-29T07:27:39.825404+00:00,2026-09-29T08:28:38.334649+00:00,60,58.509244441986084,False,-0.20304568527919065,False,0.7226662990000305,0.13295014800003058,1.3087423448627078,0.08995670100000001,0.09002052900000002,-0.6760965748626773,-1.1758560248626773,False
HBAR,HBAR|lighter:59|hyperliquid:HBAR,2026-09-29T07:27:41.911589+00:00,2026-09-29T07:27:41.911589+00:00,0,0.0,True,-0.2001177163037049,False,1.416954250999968,0.46618077349996795,2.750519276362297,0.450808749,0.45089336249999995,-1.7844583878623292,-2.2844231163623294,False
HBAR,HBAR|lighter:59|hyperliquid:HBAR,2026-09-29T07:27:41.911589+00:00,2026-09-29T07:33:18.633089+00:00,5,36.7214994430542,True,0.14125956444968057,True,1.416954250999968,0.46618077349996795,2.982239301751406,0.450808749,0.4493383431136123,-2.01462339386505,-2.5145881223650504,False
HBAR,HBAR|lighter:59|hyperliquid:HBAR,2026-09-29T07:27:41.911589+00:00,2026-09-29T07:43:07.412705+00:00,15,25.501116037368774,True,0.3060623896409709,True,1.416954250999968,0.46618077349996795,2.692951887102481,0.450808749,0.44859971249999997,-1.7245973486025132,-2.2245620771025134,False
HBAR,HBAR|lighter:59|hyperliquid:HBAR,2026-09-29T07:27:41.911589+00:00,2026-09-29T07:58:32.806016+00:00,30,50.89442682266235,True,0.7180694526191855,True,1.416954250999968,0.46618077349996795,2.1193764054464737,0.450808749,0.44674176932240534,-1.1491639237689109,-1.6491286522689108,False
HBAR,HBAR|lighter:59|hyperliquid:HBAR,2026-09-29T07:27:41.911589+00:00,2026-09-29T08:28:05.106307+00:00,60,23.19471764564514,False,-0.4237786933490306,False,1.416954250999968,0.46618077349996795,2.1224123312448455,0.450808749,0.45187319130570996,-1.1573312715505875,-1.6572960000505874,False
META,META|hyperliquid:xyz:META|lighter:117,2026-09-29T07:29:54.013709+00:00,2026-09-29T07:29:54.013709+00:00,0,0.0,True,-0.07168458781362519,False,0.6850615701999015,0.09526853039990157,0.8230499999998528,0.08996842980000001,0.0899653635,-0.22795379329995136,-0.7277784032999514,False
META,META|hyperliquid:xyz:META|lighter:117,2026-09-29T07:29:54.013709+00:00,2026-09-29T07:35:31.274479+00:00,5,37.26076936721802,True,-0.21505376344086446,False,0.6850615701999015,0.09526853039990157,0.6796476077587386,0.08996842980000001,0.0900984465,-0.08468448405883705,-0.5845090940588371,False
META,META|hyperliquid:xyz:META|lighter:117,2026-09-29T07:29:54.013709+00:00,2026-09-29T07:45:19.483611+00:00,15,25.46990156173706,True,-0.21505376344086446,False,0.6850615701999015,0.09526853039990157,0.7951500000000351,0.08996842980000001,0.090089658,-0.2001780878001336,-0.7000026978001336,False
META,META|hyperliquid:xyz:META|lighter:117,2026-09-29T07:29:54.013709+00:00,2026-09-29T08:00:45.620365+00:00,30,51.60665583610535,False,-0.07168458781362519,False,0.6850615701999015,0.09526853039990157,0.831095767575448,0.08996842980000001,0.08996715038091821,-0.23600134775646472,-0.7358259577564648,False
META,META|hyperliquid:xyz:META|lighter:117,2026-09-29T07:29:54.013709+00:00,2026-09-29T08:30:15.112345+00:00,60,21.09863567352295,False,-0.07168458781362519,False,0.6850615701999015,0.09526853039990157,0.7532999999999674,0.08996842980000001,0.0899728965,-0.15821132630006593,-0.658035936300066,False
MSFT,MSFT|hyperliquid:xyz:MSFT|rh_lighter:14,2026-09-29T07:32:39.631346+00:00,2026-09-29T07:32:39.631346+00:00,0,0.0,True,-0.10152284263958977,False,0.6796873045998751,0.08972207919987502,1.1032000000000153,0.08999469540000002,0.089986842,-0.5134995374001401,-1.0134700674001402,False
MSFT,MSFT|hyperliquid:xyz:MSFT|rh_lighter:14,2026-09-29T07:32:39.631346+00:00,2026-09-29T07:37:39.635216+00:00,5,0.003870725631713867,True,-0.1522842639593902,False,0.6796873045998751,0.08972207919987502,0.9652999999999565,0.08999469540000002,0.090008118,-0.37562081340008135,-0.8755913434000815,False
MSFT,MSFT|hyperliquid:xyz:MSFT|rh_lighter:14,2026-09-29T07:32:39.631346+00:00,2026-09-29T07:48:39.635555+00:00,15,60.00420928001404,True,-0.1522842639593902,False,0.6796873045998751,0.08972207919987502,1.2548809862736334,0.08999469540000002,0.09002283471123539,-0.6652165163849937,-1.1651870463849938,False
MSFT,MSFT|hyperliquid:xyz:MSFT|rh_lighter:14,2026-09-29T07:32:39.631346+00:00,2026-09-29T08:02:39.929305+00:00,30,0.297959566116333,False,-0.20304568527919065,False,0.6796873045998751,0.08972207919987502,1.1622999999999593,0.08999469540000002,0.09005244300000001,-0.5726651384000842,-1.0726356684000842,False
MSFT,MSFT|hyperliquid:xyz:MSFT|rh_lighter:14,2026-09-29T07:32:39.631346+00:00,2026-09-29T08:33:38.368623+00:00,60,58.737277030944824,False,-0.20304568527919065,False,0.6796873045998751,0.08972207919987502,1.2213999999999032,0.08999469540000002,0.09005244300000001,-0.6317651384000281,-1.1317356684000281,False
SAMSUNGUSD,SAMSUNGUSD|hyperliquid:xyz:SMSN|lighter:162,2026-09-29T07:35:09.506827+00:00,2026-09-29T07:35:09.506827+00:00,0,0.0,True,-0.0806614236741221,False,0.6241034980001516,0.03414609600015178,0.9372509999999465,0.08999350199999998,0.0899850222,-0.4031325241997949,-0.9030964241997947,False
SAMSUNGUSD,SAMSUNGUSD|hyperliquid:xyz:SMSN|lighter:162,2026-09-29T07:35:09.506827+00:00,2026-09-29T07:40:45.793213+00:00,5,36.286386013031006,True,-0.0201653559185222,False,0.6241034980001516,0.03414609600015178,1.3586139693424002,0.08999350199999998,0.08988506244275916,-0.8243955337850077,-1.3243594337850075,False
SAMSUNGUSD,SAMSUNGUSD|hyperliquid:xyz:SMSN|lighter:162,2026-09-29T07:35:09.506827+00:00,2026-09-29T07:50:34.852684+00:00,15,25.3458571434021,True,0.1411574914297331,True,0.6241034980001516,0.03414609600015178,1.4043895988725126,0.08999350199999998,0.08973678450610148,-0.8700228853784624,-1.3699867853784622,False
SAMSUNGUSD,SAMSUNGUSD|hyperliquid:xyz:SMSN|lighter:162,2026-09-29T07:35:09.506827+00:00,2026-09-29T08:06:00.344894+00:00,30,50.83806657791138,False,-0.3629764065335661,False,0.6241034980001516,0.03414609600015178,1.413305967213205,0.08999350199999998,0.09019077192295082,-0.879393241136004,-1.379357141136004,False
SAMSUNGUSD,SAMSUNGUSD|hyperliquid:xyz:SMSN|lighter:162,2026-09-29T07:35:09.506827+00:00,2026-09-29T08:35:27.332170+00:00,60,17.825342655181885,False,-0.6049606775559435,False,0.6241034980001516,0.03414609600015178,1.1653649999999516,0.08999350199999998,0.09043133219999999,-0.6316928341997999,-1.1316567341997998,False
DRAM,DRAM|hyperliquid:xyz:DRAM|lighter:195,2026-09-29T07:35:57.558989+00:00,2026-09-29T07:35:57.558989+00:00,0,0.0,True,0.0,True,0.5951085990000459,0.008442748000045852,0.8530000000000655,0.08949140100000001,0.089489448,-0.34738084900001964,-0.8445552990000197,False
DRAM,DRAM|hyperliquid:xyz:DRAM|lighter:195,2026-09-29T07:35:57.558989+00:00,2026-09-29T07:41:33.814595+00:00,5,36.25560545921326,True,0.0,True,0.5951085990000459,0.008442748000045852,0.6879999999998745,0.08949140100000001,0.08942948100000002,-0.18232088199982868,-0.6794953319998287,False
DRAM,DRAM|hyperliquid:xyz:DRAM|lighter:195,2026-09-29T07:35:57.558989+00:00,2026-09-29T07:51:23.280625+00:00,15,25.721635580062866,True,0.6134969325153339,True,0.5951085990000459,0.008442748000045852,0.7009000000000469,0.08949140100000001,0.089375508,-0.1951669090000011,-0.6923413590000012,False
DRAM,DRAM|hyperliquid:xyz:DRAM|lighter:195,2026-09-29T07:35:57.558989+00:00,2026-09-29T08:06:48.356593+00:00,30,50.79760408401489,False,0.0,True,0.5951085990000459,0.008442748000045852,1.0879999999999654,0.08949140100000001,0.089371476,-0.5822628769999196,-1.0794373269999196,False
DRAM,DRAM|hyperliquid:xyz:DRAM|lighter:195,2026-09-29T07:35:57.558989+00:00,2026-09-29T08:36:17.882912+00:00,60,20.323923110961914,False,0.0,True,0.5951085990000459,0.008442748000045852,0.6145000000001346,0.08949140100000001,0.089554923,-0.10894632400008877,-0.6061207740000888,False
LIT,LIT|lighter:120|hyperliquid:LIT,2026-09-29T07:39:17.699000+00:00,2026-09-29T07:39:17.699000+00:00,0,0.0,True,-0.4405286343612369,False,0.9755185000000446,0.025215000000044563,1.5805628318582876,0.45048150000000003,0.4504917149999999,-1.0555360468582429,-1.5553580468582429,False
LIT,LIT|lighter:120|hyperliquid:LIT,2026-09-29T07:39:17.699000+00:00,2026-09-29T07:54:43.295802+00:00,15,25.59680151939392,True,-0.8810572687224627,False,0.9755185000000446,0.025215000000044563,1.4924614399999427,0.45048150000000003,0.45344875319999994,-0.9703916931998982,-1.4702136931998981,False
LIT,LIT|lighter:120|hyperliquid:LIT,2026-09-29T07:39:17.699000+00:00,2026-09-29T08:10:08.607572+00:00,30,50.90857124328613,False,-0.8810572687224627,False,0.9755185000000446,0.025215000000044563,1.5677810488888326,0.45048150000000003,0.45224901279999996,-1.044511561688788,-1.5443335616887879,False
LIT,LIT|lighter:120|hyperliquid:LIT,2026-09-29T07:39:17.699000+00:00,2026-09-29T08:39:36.868222+00:00,60,19.1692214012146,False,-0.8810572687224627,False,0.9755185000000446,0.025215000000044563,2.190625666666847,0.45048150000000003,0.453515355,-1.6686225216668022,-2.1684445216668022,False
MSFT,MSFT|hyperliquid:xyz:MSFT|rh_lighter:14,2026-09-29T07:39:39.668643+00:00,2026-09-29T07:39:39.668643+00:00,0,0.0,True,-0.10162601626015899,False,0.5939112096000598,0.0041551392000598875,1.082400000000007,0.08996279039999999,0.0899557056,-0.5784444959999471,-1.078237775999947,False
MSFT,MSFT|hyperliquid:xyz:MSFT|rh_lighter:14,2026-09-29T07:39:39.668643+00:00,2026-09-29T07:44:39.828355+00:00,5,0.1597120761871338,True,-0.050813008130079496,False,0.5939112096000598,0.0041551392000598875,1.0453031499744156,0.08996279039999999,0.0899273664,-0.5413193067743558,-1.0411125867743558,False
MSFT,MSFT|hyperliquid:xyz:MSFT|rh_lighter:14,2026-09-29T07:39:39.668643+00:00,2026-09-29T07:54:39.783346+00:00,15,0.11470293998718262,True,-0.10162601626015899,False,0.5939112096000598,0.0041551392000598875,1.1807999999999765,0.08996279039999999,0.0899450784,-0.6768338687999167,-1.1766271487999167,False
MSFT,MSFT|hyperliquid:xyz:MSFT|rh_lighter:14,2026-09-29T07:39:39.668643+00:00,2026-09-29T08:10:39.675255+00:00,30,60.006611585617065,False,-0.1524390243902385,False,0.5939112096000598,0.0041551392000598875,1.2004800000000841,0.08996279039999999,0.0899982144,-0.6965670048000243,-1.1963602848000243,False
MSFT,MSFT|hyperliquid:xyz:MSFT|rh_lighter:14,2026-09-29T07:39:39.668643+00:00,2026-09-29T08:40:38.680664+00:00,60,59.01202058792114,False,-0.10162601626015899,False,0.5939112096000598,0.0041551392000598875,1.0233599999999115,0.08996279039999999,0.08999467200000001,-0.5194434623998516,-1.0192367423998516,False
HBAR,HBAR|lighter:59|hyperliquid:HBAR,2026-09-29T07:41:43.530569+00:00,2026-09-29T07:41:43.530569+00:00,0,0.0,True,-0.2580645161290307,False,1.3165979255000861,0.36580524200008624,3.409999999999968,0.4507940745,0.451143,-2.544545074499882,-3.044543683499882,False
HBAR,HBAR|lighter:59|hyperliquid:HBAR,2026-09-29T07:41:43.530569+00:00,2026-09-29T07:47:19.667651+00:00,5,36.13708281517029,True,-0.2463343108504379,False,1.3165979255000861,0.36580524200008624,2.0106729774223595,0.4507940745,0.45108874033984003,-1.1451637922621134,-1.6451624012621133,False
HBAR,HBAR|lighter:59|hyperliquid:HBAR,2026-09-29T07:41:43.530569+00:00,2026-09-29T07:57:08.718403+00:00,15,25.18783402442932,True,0.2463343108504379,True,1.3165979255000861,0.36580524200008624,2.1364671483735265,0.4507940745,0.44888499025274986,-1.26875421312619,-1.76875282212619,False
HBAR,HBAR|lighter:59|hyperliquid:HBAR,2026-09-29T07:41:43.530569+00:00,2026-09-29T08:12:33.972143+00:00,30,50.44157409667969,False,0.0,True,1.3165979255000861,0.36580524200008624,2.254255000000171,0.4507940745,0.44995727700000004,-1.387614351500085,-1.8876129605000849,False
HBAR,HBAR|lighter:59|hyperliquid:HBAR,2026-09-29T07:41:43.530569+00:00,2026-09-29T08:42:06.121661+00:00,60,22.591092348098755,False,0.035190615835767325,True,1.3165979255000861,0.36580524200008624,1.362347581496124,0.4507940745,0.44980499535207547,-0.4955546513481131,-0.995553260348113,False
INTC,INTC|hyperliquid:xyz:INTC|rh_lighter:30,2026-09-29T07:42:46.728062+00:00,2026-09-29T07:42:46.728062+00:00,0,0.0,True,-0.11627906976744429,False,0.5980302399999882,0.008228479999988159,1.1179999999999382,0.08996975999999998,0.08996201999999999,-0.60993177999995,-1.10976377999995,False
INTC,INTC|hyperliquid:xyz:INTC|rh_lighter:30,2026-09-29T07:42:46.728062+00:00,2026-09-29T07:48:46.312335+00:00,5,59.58427333831787,True,-0.23255813953487747,False,0.5980302399999882,0.008228479999988159,1.032000000000039,0.08996975999999998,0.09007812,-0.524047880000051,-1.023879880000051,False
INTC,INTC|hyperliquid:xyz:INTC|rh_lighter:30,2026-09-29T07:42:46.728062+00:00,2026-09-29T07:58:46.727995+00:00,15,59.99993300437927,True,-0.11627906976744429,False,0.5980302399999882,0.008228479999988159,0.8599999999999,0.08996975999999998,0.0899775,-0.3519472599999118,-0.8517792599999118,False
INTC,INTC|hyperliquid:xyz:INTC|rh_lighter:30,2026-09-29T07:42:46.728062+00:00,2026-09-29T08:13:46.678032+00:00,30,59.94996976852417,False,-0.11627906976744429,False,0.5980302399999882,0.008228479999988159,1.2039999999999509,0.08996975999999998,0.08989235999999999,-0.6958621199999627,-1.1956941199999627,False
INTC,INTC|hyperliquid:xyz:INTC|rh_lighter:30,2026-09-29T07:42:46.728062+00:00,2026-09-29T08:43:46.364329+00:00,60,59.63626718521118,False,-0.46511627906975495,False,0.5980302399999882,0.008228479999988159,0.9460000000000264,0.08996975999999998,0.09031032,-0.4382800800000382,-0.9381120800000382,False
MSFT,MSFT|hyperliquid:xyz:MSFT|rh_lighter:14,2026-09-29T07:43:39.765254+00:00,2026-09-29T07:43:39.765254+00:00,0,0.0,True,-0.10162601626015899,False,0.6381972096001163,0.048441139200116334,1.0171516907424802,0.08996279039999999,0.0899610192,-0.46891550034236396,-0.968708780342364,False
MSFT,MSFT|hyperliquid:xyz:MSFT|rh_lighter:14,2026-09-29T07:43:39.765254+00:00,2026-09-29T07:49:39.663834+00:00,5,59.89858031272888,True,-0.050813008130079496,False,0.6381972096001163,0.048441139200116334,1.1901757641078348,0.08996279039999999,0.0899309088,-0.6419094633077185,-1.1417027433077185,False
MSFT,MSFT|hyperliquid:xyz:MSFT|rh_lighter:14,2026-09-29T07:43:39.765254+00:00,2026-09-29T07:58:39.800403+00:00,15,0.035149335861206055,True,-0.10162601626015899,False,0.6381972096001163,0.048441139200116334,1.3104457538148608,0.08996279039999999,0.08995305060183112,-0.7622015948165757,-1.2619948748165757,False
MSFT,MSFT|hyperliquid:xyz:MSFT|rh_lighter:14,2026-09-29T07:43:39.765254+00:00,2026-09-29T08:14:38.582402+00:00,30,58.8171489238739,False,-0.10162601626015899,False,0.6381972096001163,0.048441139200116334,1.1375860834180003,0.08996279039999999,0.08996136605249239,-0.5893502398703764,-1.0891435198703763,False
MSFT,MSFT|hyperliquid:xyz:MSFT|rh_lighter:14,2026-09-29T07:43:39.765254+00:00,2026-09-29T08:44:38.350419+00:00,60,58.58516573905945,False,-0.1524390243902385,False,0.6381972096001163,0.048441139200116334,1.0763908396946817,0.08996279039999999,0.09003595042442747,-0.5282295805189929,-1.028022860518993,False
XPL,XPL|lighter:71|hyperliquid:XPL,2026-09-29T07:49:53.637450+00:00,2026-09-29T07:49:53.637450+00:00,0,0.0,True,-0.24232633279482885,False,1.51965130399996,0.56879842899996,3.548624251012029,0.45087069600000007,0.45107272800000003,-2.4800456750120694,-2.9800278540120693,False
XPL,XPL|lighter:71|hyperliquid:XPL,2026-09-29T07:49:53.637450+00:00,2026-09-29T07:55:29.820161+00:00,5,36.18271040916443,True,0.3130048465266544,True,1.51965130399996,0.56879842899996,2.4325210910922124,0.45087069600000007,0.44857692000000005,-1.3614467070922527,-1.8614288860922525,False
XPL,XPL|lighter:71|hyperliquid:XPL,2026-09-29T07:49:53.637450+00:00,2026-09-29T08:05:18.682636+00:00,15,25.045185089111328,False,0.42407108239095326,True,1.51965130399996,0.56879842899996,2.435940879147438,0.45087069600000007,0.4480564073436557,-1.364345982491134,-1.8643281614911338,False
XPL,XPL|lighter:71|hyperliquid:XPL,2026-09-29T07:49:53.637450+00:00,2026-09-29T08:20:42.771143+00:00,30,49.13369297981262,False,-0.3735864297253588,False,1.51965130399996,0.56879842899996,2.2355175903517193,0.45087069600000007,0.45165406328975377,-1.1675203496415132,-1.667502528641513,False
XPL,XPL|lighter:71|hyperliquid:XPL,2026-09-29T07:49:53.637450+00:00,2026-09-29T08:50:09.678627+00:00,60,16.041176319122314,False,0.010096930533110005,True,1.51965130399996,0.56879842899996,3.1717597496216285,0.45087069600000007,0.44991507588732976,-2.102023521508998,-2.602005700508998,False
LIT,LIT|lighter:120|hyperliquid:LIT,2026-09-29T07:50:31.289167+00:00,2026-09-29T07:50:31.289167+00:00,0,0.0,True,-0.4444444444444473,False,0.9597122149999475,0.010362648999947544,1.6399084821431416,0.450025785,0.45004350334821436,-1.1302397704914084,-1.6295635514914084,False
LIT,LIT|lighter:120|hyperliquid:LIT,2026-09-29T07:50:31.289167+00:00,2026-09-29T07:56:07.342839+00:00,5,36.053672552108765,True,0.0,True,0.9597122149999475,0.010362648999947544,1.3258640000000241,0.450025785,0.4490618849999999,-0.8152136700000765,-1.3145374510000765,False
LIT,LIT|lighter:120|hyperliquid:LIT,2026-09-29T07:50:31.289167+00:00,2026-09-29T08:05:56.328366+00:00,15,25.039199352264404,False,0.0,True,0.9597122149999475,0.010362648999947544,1.4557999999999538,0.450025785,0.44922298499999996,-0.9453107700000063,-1.4446345510000063,False
LIT,LIT|lighter:120|hyperliquid:LIT,2026-09-29T07:50:31.289167+00:00,2026-09-29T08:21:22.811367+00:00,30,51.52220058441162,False,-0.4444444444444473,False,0.9597122149999475,0.010362648999947544,2.325334821428669,0.450025785,0.45138542745535715,-1.8170080338840786,-2.3163318148840784,False
LIT,LIT|lighter:120|hyperliquid:LIT,2026-09-29T07:50:31.289167+00:00,2026-09-29T08:50:49.706113+00:00,60,18.416946411132812,False,0.0,True,0.9597122149999475,0.010362648999947544,1.3091630000000123,0.450025785,0.44938485,-0.7988356350000647,-1.2981594160000647,False
HBAR,HBAR|lighter:59|hyperliquid:HBAR,2026-09-29T07:52:56.470212+00:00,2026-09-29T07:52:56.470212+00:00,0,0.0,True,-0.1873975169829012,False,1.0892202930001025,0.13855530600010246,2.715906541422214,0.45067970700000004,0.450832014,-2.0775182624221116,-2.5775035424221118,False
HBAR,HBAR|lighter:59|hyperliquid:HBAR,2026-09-29T07:52:56.470212+00:00,2026-09-29T07:58:32.806016+00:00,5,36.33580422401428,True,0.21082220660575413,True,1.0892202930001025,0.13855530600010246,2.1301042671808545,0.45067970700000004,0.4490030872836605,-1.4898870614644126,-1.9898723414644126,False
HBAR,HBAR|lighter:59|hyperliquid:HBAR,2026-09-29T07:52:56.470212+00:00,2026-09-29T08:08:21.799132+00:00,15,25.328919887542725,False,0.3865073787772344,True,1.0892202930001025,0.13855530600010246,2.1363110003500196,0.45067970700000004,0.44823678774098696,-1.4953274950909041,-1.995312775090904,False
HBAR,HBAR|lighter:59|hyperliquid:HBAR,2026-09-29T07:52:56.470212+00:00,2026-09-29T08:23:52.326092+00:00,30,55.85587978363037,False,-0.8784258608573459,False,1.0892202930001025,0.13855530600010246,2.4372353052109474,0.45067970700000004,0.453960045437079,-1.8019750576479239,-2.301960337647924,False
HBAR,HBAR|lighter:59|hyperliquid:HBAR,2026-09-29T07:52:56.470212+00:00,2026-09-29T08:53:19.360016+00:00,60,22.889804124832153,False,-0.1873975169829012,False,1.0892202930001025,0.13855530600010246,1.6982925580849724,0.45067970700000004,0.45079851171755453,-1.0598707768024245,-1.5598560568024245,False
HBAR,HBAR|lighter:59|hyperliquid:HBAR,2026-09-29T07:55:44.497830+00:00,2026-09-29T07:55:44.497830+00:00,0,0.0,True,-0.16370439663236924,False,1.0031923599999002,0.05255203999990027,2.2690435240102715,0.45064763999999996,0.4507195912874209,-1.7165707552977922,-2.2165634352977923,False
HBAR,HBAR|lighter:59|hyperliquid:HBAR,2026-09-29T07:55:44.497830+00:00,2026-09-29T08:01:20.879246+00:00,5,36.3814160823822,False,-0.4209541627689384,False,1.0031923599999002,0.05255203999990027,2.0674600591827357,0.45064763999999996,0.451885554050728,-1.5161532532335635,-2.0161459332335636,False
HBAR,HBAR|lighter:59|hyperliquid:HBAR,2026-09-29T07:55:44.497830+00:00,2026-09-29T08:11:09.912785+00:00,15,25.414955139160156,False,-0.2455565949485483,False,1.0031923599999002,0.05255203999990027,2.2213727272301185,0.45064763999999996,0.4510889135763686,-1.6692692808065868,-2.169261960806587,False
HBAR,HBAR|lighter:59|hyperliquid:HBAR,2026-09-29T07:55:44.497830+00:00,2026-09-29T08:56:07.599077+00:00,60,23.10124683380127,False,-0.7249766136576241,False,1.0031923599999002,0.05255203999990027,1.3667214106005758,0.45064763999999996,0.4532806028650177,-0.8168096534656935,-1.3168023334656935,False
SAMSUNGUSD,SAMSUNGUSD|hyperliquid:xyz:SMSN|lighter:162,2026-09-29T07:58:59.698792+00:00,2026-09-29T07:58:59.698792+00:00,0,0.0,True,-0.1007455168244964,False,0.6246769283999505,0.03470923679995053,1.059363260992427,0.0899950716,0.08998772289651068,-0.5246740554889873,-1.0246466754889871,False
SAMSUNGUSD,SAMSUNGUSD|hyperliquid:xyz:SMSN|lighter:162,2026-09-29T07:58:59.698792+00:00,2026-09-29T08:04:35.991658+00:00,5,36.292866706848145,False,-0.36268386056820257,False,0.6246769283999505,0.03470923679995053,1.6526790000000346,0.0899950716,0.0901737396,-1.1181758112000841,-1.6181484312000842,False
SAMSUNGUSD,SAMSUNGUSD|hyperliquid:xyz:SMSN|lighter:162,2026-09-29T07:58:59.698792+00:00,2026-09-29T08:14:24.740741+00:00,15,25.04194927215576,False,-0.4029820672980189,False,0.6246769283999505,0.03470923679995053,1.3003059999999778,0.0899950716,0.0902452068,-0.7658742784000273,-1.2658468984000273,False
SAMSUNGUSD,SAMSUNGUSD|hyperliquid:xyz:SMSN|lighter:162,2026-09-29T07:58:59.698792+00:00,2026-09-29T08:29:51.034907+00:00,30,51.33611583709717,False,-0.6850695144065999,False,0.6246769283999505,0.03470923679995053,1.0323039999999537,0.0899950716,0.0905176755,-0.4981447471000032,-0.9981173671000032,False
SAMSUNGUSD,SAMSUNGUSD|hyperliquid:xyz:SMSN|lighter:162,2026-09-29T07:58:59.698792+00:00,2026-09-29T08:59:17.707979+00:00,60,18.00918745994568,False,-0.42313117066290484,False,0.6246769283999505,0.03470923679995053,1.1488662110480163,0.0899950716,0.09026307360000002,-0.6144523562480659,-1.114424976248066,False
XPL,XPL|lighter:71|hyperliquid:XPL,2026-09-29T08:01:06.357485+00:00,2026-09-29T08:01:06.357485+00:00,0,0.0,True,-0.1712328767123239,False,1.0239590170000623,0.07338745350006226,3.046223135506125,0.45061998300000006,0.450752333186964,-2.4730164516930264,-2.9729680321930263,False
XPL,XPL|lighter:71|hyperliquid:XPL,2026-09-29T08:01:06.357485+00:00,2026-09-29T08:06:42.863424+00:00,5,36.505939245224,True,0.13094278807412874,True,1.0239590170000623,0.07338745350006226,1.851060170204164,0.45061998300000006,0.449395884,-1.2764970372041016,-1.7764486177041015,False
XPL,XPL|lighter:71|hyperliquid:XPL,2026-09-29T08:01:06.357485+00:00,2026-09-29T08:16:30.402092+00:00,15,24.044607639312744,True,-0.3626107977437565,False,1.0239590170000623,0.07338745350006226,2.518229371613529,0.45061998300000006,0.451629684,-1.9459000386134668,-2.445851619113467,False
XPL,XPL|lighter:71|hyperliquid:XPL,2026-09-29T08:01:06.357485+00:00,2026-09-29T09:01:22.903834+00:00,60,16.546349048614502,False,-0.18130539887187824,False,1.0239590170000623,0.07338745350006226,2.9784000000000788,0.45061998300000006,0.45078084,-2.4052218230000166,-2.9051734035000165,False
AMZN,AMZN|hyperliquid:xyz:AMZN|rh_lighter:11,2026-09-29T08:01:43.657088+00:00,2026-09-29T08:01:43.657088+00:00,0,0.0,True,-0.098595020951453,False,0.6808400601999326,0.09090601039993246,1.176529999999957,0.08998993980000002,0.08997898590000002,-0.5856689257000244,-1.0856130357000244,False
AMZN,AMZN|hyperliquid:xyz:AMZN|rh_lighter:11,2026-09-29T08:01:43.657088+00:00,2026-09-29T08:06:43.657541+00:00,5,0.0004532337188720703,True,-0.098595020951453,False,0.6808400601999326,0.09090601039993246,0.9736799999999448,0.08998993980000002,0.08997898590000002,-0.38281892570001225,-0.8827630357000124,False
AMZN,AMZN|hyperliquid:xyz:AMZN|rh_lighter:11,2026-09-29T08:01:43.657088+00:00,2026-09-29T08:16:43.801124+00:00,15,0.14403605461120605,True,0.0,True,0.6808400601999326,0.09090601039993246,1.1359599999999546,0.08998993980000002,0.08988405210000001,-0.545003991900022,-1.0449481019000222,False
AMZN,AMZN|hyperliquid:xyz:AMZN|rh_lighter:11,2026-09-29T08:01:43.657088+00:00,2026-09-29T08:31:43.692463+00:00,30,0.035375356674194336,True,-0.07394626571358698,False,0.6808400601999326,0.09090601039993246,0.6897060118401441,0.08998993980000002,0.0899862885,-0.09885224014021152,-0.5987963501402116,False
AMZN,AMZN|hyperliquid:xyz:AMZN|rh_lighter:11,2026-09-29T08:01:43.657088+00:00,2026-09-29T09:01:43.747547+00:00,60,0.09045910835266113,False,-0.17254128666503998,False,0.6808400601999326,0.09090601039993246,1.0142499999999472,0.08998993980000002,0.09005201190000002,-0.42346195170001466,-0.9234060617000148,False
SAMSUNGUSD,SAMSUNGUSD|hyperliquid:xyz:SMSN|lighter:162,2026-09-29T08:01:47.994018+00:00,2026-09-29T08:01:47.994018+00:00,0,0.0,True,-0.1414713015359892,False,0.9936172811999028,0.40365190239990273,1.4945743938473015,0.08999471880000001,0.08998044350455377,-0.5909375561519525,-1.0909082161519525,False
SAMSUNGUSD,SAMSUNGUSD|hyperliquid:xyz:SMSN|lighter:162,2026-09-29T08:01:47.994018+00:00,2026-09-29T08:07:24.389918+00:00,5,36.39589977264404,True,-0.06063055780113347,False,0.9936172811999028,0.40365190239990273,1.2815319999998565,0.08999471880000001,0.08993682720000001,-0.3778515459999537,-0.8778222059999538,False
SAMSUNGUSD,SAMSUNGUSD|hyperliquid:xyz:SMSN|lighter:162,2026-09-29T08:01:47.994018+00:00,2026-09-29T08:17:12.943147+00:00,15,24.94912838935852,True,-0.2627324171382561,False,0.9936172811999028,0.40365190239990273,1.3359549868285967,0.08999471880000001,0.09010204137118544,-0.43243974699987936,-0.9324104069998794,False
SAMSUNGUSD,SAMSUNGUSD|hyperliquid:xyz:SMSN|lighter:162,2026-09-29T08:01:47.994018+00:00,2026-09-29T08:32:38.979091+00:00,30,50.98507285118103,True,-0.42441390460793427,False,0.9936172811999028,0.40365190239990273,1.4963718100262895,0.08999471880000001,0.09023099689709764,-0.5929855257234844,-1.0929561857234844,False
SAMSUNGUSD,SAMSUNGUSD|hyperliquid:xyz:SMSN|lighter:162,2026-09-29T08:01:47.994018+00:00,2026-09-29T09:02:05.424702+00:00,60,17.430683374404907,False,-0.2627324171382561,False,0.9936172811999028,0.40365190239990273,1.0786640000000034,0.08999471880000001,0.09012831480000001,-0.17517503360010067,-0.6751456936001008,False
META,META|hyperliquid:xyz:META|lighter:117,2026-09-29T08:03:33.300542+00:00,2026-09-29T08:03:33.300542+00:00,0,0.0,True,-0.07168458781362519,False,0.6214771035000135,0.03165478200001359,0.8788499999999431,0.0899728965,0.0899603415,-0.3473332379999296,-0.8471826629999295,False
META,META|hyperliquid:xyz:META|lighter:117,2026-09-29T08:03:33.300542+00:00,2026-09-29T08:09:09.837677+00:00,5,36.53713512420654,True,0.0,True,0.6214771035000135,0.03165478200001359,0.7253999999999223,0.0899728965,0.08989756650000001,-0.19382046299990888,-0.6936698879999088,False
META,META|hyperliquid:xyz:META|lighter:117,2026-09-29T08:03:33.300542+00:00,2026-09-29T08:19:01.383340+00:00,15,28.08279800415039,True,-0.07168458781362519,False,0.6214771035000135,0.03165478200001359,0.5161500000000387,0.0899728965,0.0899754075,0.015351695999974727,-0.48449772900002525,False
META,META|hyperliquid:xyz:META|lighter:117,2026-09-29T08:03:33.300542+00:00,2026-09-29T08:34:27.328720+00:00,30,54.02817749977112,True,-0.07168458781362519,False,0.6214771035000135,0.03165478200001359,0.8455561334291133,0.0899728965,0.08995580494799138,-0.3140348348770912,-0.8138842598770912,False
META,META|hyperliquid:xyz:META|lighter:117,2026-09-29T08:03:33.300542+00:00,2026-09-29T09:03:53.335263+00:00,60,20.03472137451172,False,-0.28673835125447855,False,0.6214771035000135,0.03165478200001359,0.5022000000000162,0.0899728965,0.090177543,0.029099560499997276,-0.47074986450000267,False
AAPL,AAPL|hyperliquid:xyz:AAPL|rh_lighter:10,2026-09-29T08:06:28.998261+00:00,2026-09-29T08:06:28.998261+00:00,0,0.0,True,-0.10118043844855595,False,0.5919628429999152,0.0020470359999151255,1.0071990884538309,0.089987157,0.08998190108203916,-0.5052181465359548,-1.0051467965359548,False
AAPL,AAPL|hyperliquid:xyz:AAPL|rh_lighter:10,2026-09-29T08:06:28.998261+00:00,2026-09-29T08:11:29.308547+00:00,5,0.3102858066558838,True,-0.06745362563237434,False,0.5919628429999152,0.0020470359999151255,1.1585664951063563,0.089987157,0.089949798,-0.6565534501064412,-1.1564821001064411,False
AAPL,AAPL|hyperliquid:xyz:AAPL|rh_lighter:10,2026-09-29T08:06:28.998261+00:00,2026-09-29T08:21:29.350452+00:00,15,0.3521912097930908,True,0.0,True,0.5919628429999152,0.0020470359999151255,1.156349999999975,0.089987157,0.08987508,-0.6542622370000597,-1.1541908870000597,False
AAPL,AAPL|hyperliquid:xyz:AAPL|rh_lighter:10,2026-09-29T08:06:28.998261+00:00,2026-09-29T08:36:29.391228+00:00,30,0.39296722412109375,True,-0.03372681281618162,False,0.5919628429999152,0.0020470359999151255,1.0674000000000206,0.089987157,0.08991777599999999,-0.5653549330001053,-1.0652835830001053,False
AAPL,AAPL|hyperliquid:xyz:AAPL|rh_lighter:10,2026-09-29T08:06:28.998261+00:00,2026-09-29T09:06:29.039354+00:00,60,0.041092634201049805,False,-0.06745362563237434,False,0.5919628429999152,0.0020470359999151255,0.8766813533579807,0.089987157,0.08996963117819778,-0.37468814153626323,-0.8746167915362633,False
DRAM,DRAM|hyperliquid:xyz:DRAM|lighter:195,2026-09-29T08:06:48.356593+00:00,2026-09-29T08:06:48.356593+00:00,0,0.0,True,-0.609756097560965,False,0.7008676440001039,0.11131108800010409,1.0946748466257077,0.08993235599999998,0.08991976726380368,-0.4837269698894075,-0.9833511698894074,False
DRAM,DRAM|hyperliquid:xyz:DRAM|lighter:195,2026-09-29T08:06:48.356593+00:00,2026-09-29T08:12:24.661441+00:00,5,36.304847717285156,True,0.0,True,0.7008676440001039,0.11131108800010409,0.8348000000000866,0.08993235599999998,0.089814744,-0.2237470999999827,-0.7233712999999826,False
DRAM,DRAM|hyperliquid:xyz:DRAM|lighter:195,2026-09-29T08:06:48.356593+00:00,2026-09-29T08:22:16.220297+00:00,15,27.863703727722168,True,-0.609756097560965,False,0.7008676440001039,0.11131108800010409,1.098799999999983,0.08993235599999998,0.09020573999999999,-0.488138095999879,-0.9877622959998789,False
DRAM,DRAM|hyperliquid:xyz:DRAM|lighter:195,2026-09-29T08:06:48.356593+00:00,2026-09-29T08:37:42.351937+00:00,30,53.99534344673157,True,-0.609756097560965,False,0.7008676440001039,0.11131108800010409,0.719990184049152,0.08993235599999998,0.09005976088343556,-0.10918230093248373,-0.6088065009324837,False
DRAM,DRAM|hyperliquid:xyz:DRAM|lighter:195,2026-09-29T08:06:48.356593+00:00,2026-09-29T09:07:08.343510+00:00,60,19.98691701889038,False,0.0,True,0.7008676440001039,0.11131108800010409,0.8000000000000682,0.08993235599999998,0.089924148,-0.18905650399996432,-0.6886807039999643,False
AMZN,AMZN|hyperliquid:xyz:AMZN|rh_lighter:11,2026-09-29T08:07:43.728885+00:00,2026-09-29T08:07:43.728885+00:00,0,0.0,True,-0.07392804337111869,False,0.5998807485999533,0.010016767199953425,1.002596199753384,0.0899792514,0.0899755992,-0.49269105035343086,-0.9925757803534307,False
AMZN,AMZN|hyperliquid:xyz:AMZN|rh_lighter:11,2026-09-29T08:07:43.728885+00:00,2026-09-29T08:13:43.684318+00:00,5,59.95543336868286,True,-0.04928536224740876,False,0.5998807485999533,0.010016767199953425,1.1036139201183914,0.0899792514,0.08992998541908283,-0.5936631569375209,-1.0935478869375208,False
AMZN,AMZN|hyperliquid:xyz:AMZN|rh_lighter:11,2026-09-29T08:07:43.728885+00:00,2026-09-29T08:23:43.678743+00:00,15,59.94985795021057,True,-0.12321340561852745,False,0.5998807485999533,0.010016767199953425,0.8470216442141236,0.0899792514,0.0900157734,-0.33715666901417035,-0.8370413990141703,False
AMZN,AMZN|hyperliquid:xyz:AMZN|rh_lighter:11,2026-09-29T08:07:43.728885+00:00,2026-09-29T08:37:43.762412+00:00,30,0.03352689743041992,True,-0.14785608674224848,False,0.5998807485999533,0.010016767199953425,0.6898599999999533,0.0899792514,0.0900669042,-0.1800461556,-0.6799308855999999,False
AMZN,AMZN|hyperliquid:xyz:AMZN|rh_lighter:11,2026-09-29T08:07:43.728885+00:00,2026-09-29T09:08:43.741239+00:00,60,60.01235365867615,False,-0.2464268112370549,False,0.5998807485999533,0.010016767199953425,0.852179999999862,0.0899792514,0.090136296,-0.3424355473999088,-0.8423202773999088,False
CRCL,CRCL|hyperliquid:xyz:CRCL|rh_lighter:24,2026-09-29T08:07:45.375458+00:00,2026-09-29T08:07:45.375458+00:00,0,0.0,True,-0.12115967113802695,False,0.614856687050066,0.024867746600066132,1.3507185261242967,0.08999831294999999,0.08998074328264881,-0.8258425823568795,-1.3258332098568795,False
CRCL,CRCL|hyperliquid:xyz:CRCL|rh_lighter:24,2026-09-29T08:07:45.375458+00:00,2026-09-29T08:13:45.317602+00:00,5,59.94214391708374,True,-0.23366508005191466,False,0.614856687050066,0.024867746600066132,1.155499999999961,0.08999831294999999,0.09010542780000001,-0.6307487407498948,-1.1307393682498947,False
CRCL,CRCL|hyperliquid:xyz:CRCL|rh_lighter:24,2026-09-29T08:07:45.375458+00:00,2026-09-29T08:23:45.333357+00:00,15,59.95789837837219,True,-0.6750324534833374,False,0.614856687050066,0.024867746600066132,1.2248299999999972,0.08999831294999999,0.09049852890000001,-0.7004718418499312,-1.200462469349931,False
CRCL,CRCL|hyperliquid:xyz:CRCL|rh_lighter:24,2026-09-29T08:07:45.375458+00:00,2026-09-29T08:37:45.414393+00:00,30,0.03893470764160156,True,0.051925573344879794,True,0.614856687050066,0.024867746600066132,1.0861699999999246,0.08999831294999999,0.0898537599,-0.5611670728498586,-1.0611577003498585,False
CRCL,CRCL|hyperliquid:xyz:CRCL|rh_lighter:24,2026-09-29T08:07:45.375458+00:00,2026-09-29T09:08:45.074804+00:00,60,59.69934582710266,False,0.18173950670705707,True,0.614856687050066,0.024867746600066132,1.340047604094707,0.08999831294999999,0.08971024679999999,-0.8149011638446408,-1.3148917913446407,False
XPL,XPL|lighter:71|hyperliquid:XPL,2026-09-29T08:09:31.305055+00:00,2026-09-29T08:09:31.305055+00:00,0,0.0,True,-0.1903426167100819,False,1.1478723605000405,0.1972368420000405,2.9518085496337108,0.4506796395,0.45083274684733526,-2.2547689359810055,-2.7547248149810053,False
XPL,XPL|lighter:71|hyperliquid:XPL,2026-09-29T08:09:31.305055+00:00,2026-09-29T08:15:05.939958+00:00,5,34.63490271568298,True,-0.6110999799639361,False,1.1478723605000405,0.1972368420000405,2.5234246475152986,0.4506796395,0.452738601,-1.8282908880152582,-2.328246767015258,False
XPL,XPL|lighter:71|hyperliquid:XPL,2026-09-29T08:09:31.305055+00:00,2026-09-29T09:09:47.661679+00:00,60,16.356624126434326,False,-0.21037868162693263,False,1.1478723605000405,0.1972368420000405,3.091209245256209,0.4506796395,0.45094184099999995,-2.394278725756169,-2.8942346047561687,False
DRAM,DRAM|hyperliquid:xyz:DRAM|lighter:195,2026-09-29T08:09:36.502810+00:00,2026-09-29T08:09:36.502810+00:00,0,0.0,True,0.0,True,0.6153853999999908,0.02660079999999082,0.9506000000000085,0.0898146,0.08980579799999999,-0.4250203980000178,-0.9239903980000177,False
DRAM,DRAM|hyperliquid:xyz:DRAM|lighter:195,2026-09-29T08:09:36.502810+00:00,2026-09-29T08:15:15.444943+00:00,5,38.94213318824768,True,0.0,True,0.6153853999999908,0.02660079999999082,1.0823999999998932,0.0898146,0.089900208,-0.5569148079999025,-1.0558848079999024,False
DRAM,DRAM|hyperliquid:xyz:DRAM|lighter:195,2026-09-29T08:09:36.502810+00:00,2026-09-29T08:25:04.379591+00:00,15,27.87678074836731,True,-0.609756097560965,False,0.6153853999999908,0.02660079999999082,0.8856000000000677,0.0898146,0.090081756,-0.3602963560000769,-0.8592663560000768,False
DRAM,DRAM|hyperliquid:xyz:DRAM|lighter:195,2026-09-29T08:09:36.502810+00:00,2026-09-29T08:40:30.334253+00:00,30,53.831443071365356,True,-0.609756097560965,False,0.6153853999999908,0.02660079999999082,0.8330797546013855,0.0898146,0.09013961882208586,-0.3078339734234806,-0.8068039734234806,False
DRAM,DRAM|hyperliquid:xyz:DRAM|lighter:195,2026-09-29T08:09:36.502810+00:00,2026-09-29T09:09:56.625473+00:00,60,20.122663021087646,False,0.0,True,0.6153853999999908,0.02660079999999082,0.7694999999999936,0.0898146,0.089870805,-0.2439854050000029,-0.7429554050000029,False
MSFT,MSFT|hyperliquid:xyz:MSFT|rh_lighter:14,2026-09-29T08:09:39.663068+00:00,2026-09-29T08:09:39.663068+00:00,0,0.0,True,-0.10167768174885738,False,0.6164918133999877,0.02668725679998768,1.1504967984732275,0.08997018660000002,0.0899631054,-0.6239680904732398,-1.1238024604732397,False
MSFT,MSFT|hyperliquid:xyz:MSFT|rh_lighter:14,2026-09-29T08:09:39.663068+00:00,2026-09-29T08:15:38.661103+00:00,5,58.998035192489624,True,-0.050838840874434243,False,0.6164918133999877,0.02668725679998768,1.0983393830111936,0.08997018660000002,0.0899029152,-0.5717504848112059,-1.071584854811206,False
MSFT,MSFT|hyperliquid:xyz:MSFT|rh_lighter:14,2026-09-29T08:09:39.663068+00:00,2026-09-29T08:25:38.338529+00:00,15,58.675461292266846,True,0.0,True,0.6164918133999877,0.02668725679998768,1.2458809999999403,0.08997018660000002,0.08988521220000001,-0.7192743987999526,-1.2191087687999527,False
MSFT,MSFT|hyperliquid:xyz:MSFT|rh_lighter:14,2026-09-29T08:09:39.663068+00:00,2026-09-29T08:40:38.680664+00:00,30,59.01759576797485,True,-0.050838840874434243,False,0.6164918133999877,0.02668725679998768,1.0228399999999738,0.08997018660000002,0.089948943,-0.49629712959998606,-0.9961314995999861,False
MSFT,MSFT|hyperliquid:xyz:MSFT|rh_lighter:14,2026-09-29T08:09:39.663068+00:00,2026-09-29T09:10:38.769340+00:00,60,59.106271743774414,False,-0.10167768174885738,False,0.6164918133999877,0.02668725679998768,1.1909359160306394,0.08997018660000002,0.08995638546732825,-0.6644004880979799,-1.16423485809798,False
INTC,INTC|hyperliquid:xyz:INTC|rh_lighter:30,2026-09-29T08:11:46.607676+00:00,2026-09-29T08:11:46.607676+00:00,0,0.0,True,-0.11614401858304202,False,0.6849108630000024,0.09498207600000241,1.1192999999999529,0.089989137,0.08997363900000001,-0.5243627759999505,-1.0243024259999505,False
INTC,INTC|hyperliquid:xyz:INTC|rh_lighter:30,2026-09-29T08:11:46.607676+00:00,2026-09-29T08:16:46.722371+00:00,5,0.11469531059265137,True,-0.34843205574912606,False,0.6849108630000024,0.09498207600000241,0.9470999999999776,0.089989137,0.090175113,-0.3523642499999753,-0.8523038999999752,False
INTC,INTC|hyperliquid:xyz:INTC|rh_lighter:30,2026-09-29T08:11:46.607676+00:00,2026-09-29T08:27:46.354015+00:00,15,59.746338844299316,True,-0.8130081300813052,False,0.6849108630000024,0.09498207600000241,1.2054000000000542,0.089989137,0.09054706499999998,-0.6110362020000518,-1.1109758520000517,False
INTC,INTC|hyperliquid:xyz:INTC|rh_lighter:30,2026-09-29T08:11:46.607676+00:00,2026-09-29T08:41:46.691756+00:00,30,0.08408069610595703,True,-0.464576074332157,False,0.6849108630000024,0.09498207600000241,1.2054000000000542,0.089989137,0.090260352,-0.6107494890000519,-1.1106891390000517,False
INTC,INTC|hyperliquid:xyz:INTC|rh_lighter:30,2026-09-29T08:11:46.607676+00:00,2026-09-29T09:11:46.703844+00:00,60,0.09616827964782715,False,0.11614401858304202,True,0.6849108630000024,0.09498207600000241,1.0331999999999653,0.089989137,0.089787663,-0.4380767999999629,-0.9380164499999628,False
INTC,INTC|hyperliquid:xyz:INTC|lighter:137,2026-09-29T08:12:09.952729+00:00,2026-09-29T08:12:09.952729+00:00,0,0.0,True,-0.11614401858304202,False,0.8054431140000078,0.21546352800000784,1.1451299999999947,0.089996886,0.089989137,-0.42967602299998686,-0.9296587229999869,False
INTC,INTC|hyperliquid:xyz:INTC|lighter:137,2026-09-29T08:12:09.952729+00:00,2026-09-29T08:17:44.006855+00:00,5,34.05412554740906,True,-0.34843205574912606,False,0.8054431140000078,0.21546352800000784,0.6371400000001586,0.089996886,0.09024485399999999,0.07805825999984922,-0.4219244400001507,False
INTC,INTC|hyperliquid:xyz:INTC|lighter:137,2026-09-29T08:12:09.952729+00:00,2026-09-29T08:27:33.336636+00:00,15,23.383906364440918,True,-0.696864111498241,False,0.8054431140000078,0.21546352800000784,0.774900000000116,0.089996886,0.090531567,-0.05998845300010826,-0.5599711530001082,False
INTC,INTC|hyperliquid:xyz:INTC|lighter:137,2026-09-29T08:12:09.952729+00:00,2026-09-29T08:42:58.320864+00:00,30,48.36813497543335,True,-0.464576074332157,False,0.8054431140000078,0.21546352800000784,0.5338199999999915,0.089996886,0.09036108899999999,0.18126202500001626,-0.3187206749999837,False
INTC,INTC|hyperliquid:xyz:INTC|lighter:137,2026-09-29T08:12:09.952729+00:00,2026-09-29T09:12:24.974525+00:00,60,15.021796226501465,False,0.0,True,0.8054431140000078,0.21546352800000784,0.7146300000000565,0.089996886,0.089834157,0.0009789569999512915,-0.4990037430000487,False
AMZN,AMZN|hyperliquid:xyz:AMZN|rh_lighter:11,2026-09-29T08:13:43.684318+00:00,2026-09-29T08:13:43.684318+00:00,0,0.0,True,-0.09852216748766907,False,0.8438165960000192,0.25392539200001923,1.1041578402367804,0.08998340399999999,0.08997430773816567,-0.3503155519749268,-0.8502233519749267,False
AMZN,AMZN|hyperliquid:xyz:AMZN|rh_lighter:11,2026-09-29T08:13:43.684318+00:00,2026-09-29T08:19:43.669047+00:00,5,59.984729051589966,True,-0.09852216748766907,False,0.8438165960000192,0.25392539200001923,0.9338000000000193,0.08998340399999999,0.08998340399999999,-0.17996680799999998,-0.679874608,False
AMZN,AMZN|hyperliquid:xyz:AMZN|rh_lighter:11,2026-09-29T08:13:43.684318+00:00,2026-09-29T08:29:44.039285+00:00,15,60.35496687889099,True,-0.17241379310344307,False,0.8438165960000192,0.25392539200001923,0.7228863557858176,0.08998340399999999,0.09007912022797926,0.03085111998622242,-0.46905668001377754,False
AMZN,AMZN|hyperliquid:xyz:AMZN|rh_lighter:11,2026-09-29T08:13:43.684318+00:00,2026-09-29T08:43:43.752658+00:00,30,0.06833934783935547,True,-0.27093596059111213,False,0.8438165960000192,0.25392539200001923,0.8443376142255374,0.08998340399999999,0.09015953961471969,-0.09068055784023783,-0.5905883578402378,False
AMZN,AMZN|hyperliquid:xyz:AMZN|rh_lighter:11,2026-09-29T08:13:43.684318+00:00,2026-09-29T09:13:43.714978+00:00,60,0.030659914016723633,False,-0.32019704433496887,False,0.8438165960000192,0.25392539200001923,0.8119839486039382,0.08998340399999999,0.090202644,-0.058369996603918894,-0.5582777966039189,False
INTC,INTC|hyperliquid:xyz:INTC|rh_lighter:30,2026-09-29T08:13:46.678032+00:00,2026-09-29T08:13:46.678032+00:00,0,0.0,True,-0.11627906976744429,False,0.6840998999998872,0.09475479999988717,1.2039999999999509,0.0899001,0.08989235999999999,-0.6097924600000637,-1.1092374600000636,False
INTC,INTC|hyperliquid:xyz:INTC|rh_lighter:30,2026-09-29T08:13:46.678032+00:00,2026-09-29T08:19:46.350196+00:00,5,59.67216444015503,True,-0.6976744186046546,False,0.6840998999998872,0.09475479999988717,1.2726892271663246,0.0899001,0.09042642,-0.6790157471664374,-1.1784607471664375,False
INTC,INTC|hyperliquid:xyz:INTC|rh_lighter:30,2026-09-29T08:13:46.678032+00:00,2026-09-29T08:29:46.408242+00:00,15,59.73021054267883,True,-0.5813953488371992,False,0.6840998999998872,0.09475479999988717,1.2039999999999509,0.0899001,0.09031806,-0.6102181600000637,-1.1096631600000637,False
INTC,INTC|hyperliquid:xyz:INTC|rh_lighter:30,2026-09-29T08:13:46.678032+00:00,2026-09-29T08:44:46.364720+00:00,30,59.68668794631958,True,-0.5813953488371992,False,0.6840998999998872,0.09475479999988717,1.0780276023392616,0.0899001,0.09033353999999999,-0.4842612423393744,-0.9837062423393743,False
INTC,INTC|hyperliquid:xyz:INTC|rh_lighter:30,2026-09-29T08:13:46.678032+00:00,2026-09-29T09:14:46.389640+00:00,60,59.71160864830017,False,0.11627906976743319,True,0.6840998999998872,0.09475479999988717,0.9460000000000264,0.0899001,0.08971433999999999,-0.35161444000013914,-0.8510594400001391,False
DRAM,DRAM|hyperliquid:xyz:DRAM|lighter:195,2026-09-29T08:15:15.444943+00:00,2026-09-29T08:15:15.444943+00:00,0,0.0,True,0.0,True,0.6808983160001221,0.09154283200012214,1.0823999999998932,0.089901684,0.089900208,-0.49140189199977113,-0.9908556919997711,False
DRAM,DRAM|hyperliquid:xyz:DRAM|lighter:195,2026-09-29T08:15:15.444943+00:00,2026-09-29T08:20:51.958218+00:00,5,36.513275146484375,True,-0.609756097560965,False,0.6808983160001221,0.09154283200012214,0.9334920245398735,0.089901684,0.09008925371779142,-0.3426829622575428,-0.8421367622575427,False
DRAM,DRAM|hyperliquid:xyz:DRAM|lighter:195,2026-09-29T08:15:15.444943+00:00,2026-09-29T08:30:41.723455+00:00,15,26.27851152420044,True,-0.609756097560965,False,0.6808983160001221,0.09154283200012214,0.852800000000002,0.089901684,0.09003599999999999,-0.26193768399987993,-0.7613914839998799,False
DRAM,DRAM|hyperliquid:xyz:DRAM|lighter:195,2026-09-29T08:15:15.444943+00:00,2026-09-29T08:46:07.115308+00:00,30,51.67036461830139,True,-0.609756097560965,False,0.6808983160001221,0.09154283200012214,0.6888000000000147,0.089901684,0.090089136,-0.09799081999989268,-0.5974446199998926,False
DRAM,DRAM|hyperliquid:xyz:DRAM|lighter:195,2026-09-29T08:15:15.444943+00:00,2026-09-29T09:15:38.712703+00:00,60,23.267760276794434,False,0.0,True,0.6808983160001221,0.09154283200012214,0.8506800000000112,0.089901684,0.08976625199999999,-0.2595479359998891,-0.7590017359998891,False
NBIS,NBIS|hyperliquid:xyz:NBIS|lighter:189,2026-09-29T08:16:34.712689+00:00,2026-09-29T08:16:34.712689+00:00,0,0.0,True,0.0,True,0.7438891530000217,0.1551291560000217,1.1447999999999183,0.08981084700000001,0.08979048000000002,-0.4907013269998967,-0.9896504769998967,False
NBIS,NBIS|hyperliquid:xyz:NBIS|lighter:189,2026-09-29T08:16:34.712689+00:00,2026-09-29T08:22:10.944319+00:00,5,36.23163032531738,True,-0.4716981132075526,False,0.7438891530000217,0.1551291560000217,1.1128111090048378,0.08981084700000001,0.09031875184834125,-0.45924070785315746,-0.9581898578531575,False
NBIS,NBIS|hyperliquid:xyz:NBIS|lighter:189,2026-09-29T08:16:34.712689+00:00,2026-09-29T08:32:00.467718+00:00,15,25.755029678344727,True,-0.2358490566037652,False,0.7438891530000217,0.1551291560000217,0.9453295508274095,0.08981084700000001,0.08998015234042554,-0.2914205501678135,-0.7903697001678135,False
NBIS,NBIS|hyperliquid:xyz:NBIS|lighter:189,2026-09-29T08:16:34.712689+00:00,2026-09-29T08:47:25.754235+00:00,30,51.0415461063385,True,-0.2358490566037652,False,0.7438891530000217,0.1551291560000217,1.1871999999999616,0.08981084700000001,0.0899622,-0.53327304699994,-1.0322221969999401,False
NBIS,NBIS|hyperliquid:xyz:NBIS|lighter:189,2026-09-29T08:16:34.712689+00:00,2026-09-29T09:16:53.025417+00:00,60,18.31272864341736,False,0.4716981132075304,True,0.7438891530000217,0.1551291560000217,0.8155530516432918,0.08981084700000001,0.08938508822535211,-0.16104898686862232,-0.6599981368686223,False
CASHCAT,CASHCAT|lighter:221|hyperliquid:CASHCAT,2026-09-29T08:17:59.779949+00:00,2026-09-29T08:17:59.779949+00:00,0,0.0,True,-0.2437750304718822,False,1.275448412499931,0.32480503099993097,3.451649259033047,0.4507135875,0.4510706942222901,-2.627271540755406,-3.127201334755406,False
CASHCAT,CASHCAT|lighter:221|hyperliquid:CASHCAT,2026-09-29T08:17:59.779949+00:00,2026-09-29T08:23:36.356196+00:00,5,36.576247215270996,True,-0.435312554414069,False,1.275448412499931,0.32480503099993097,2.5596072918852997,0.4507135875,0.4518970907691501,-1.7360559701545188,-2.2359857641545187,False
CASHCAT,CASHCAT|lighter:221|hyperliquid:CASHCAT,2026-09-29T08:17:59.779949+00:00,2026-09-29T08:33:25.691489+00:00,15,25.911540269851685,True,-0.6268500783562558,False,1.275448412499931,0.32480503099993097,3.498978348519131,0.4507135875,0.45277134553425613,-2.676301281553456,-3.1762310755534564,False
CASHCAT,CASHCAT|lighter:221|hyperliquid:CASHCAT,2026-09-29T08:17:59.779949+00:00,2026-09-29T08:48:50.954147+00:00,30,51.174198389053345,True,-0.6094375761796944,False,1.275448412499931,0.32480503099993097,2.207390668184985,0.4507135875,0.45275569030501045,-1.3846979459900641,-1.8846277399900642,False
CASHCAT,CASHCAT|lighter:221|hyperliquid:CASHCAT,2026-09-29T08:17:59.779949+00:00,2026-09-29T09:18:14.585031+00:00,60,14.805081844329834,False,-0.435312554414069,False,1.275448412499931,0.32480503099993097,3.3146681666669338,0.4507135875,0.4519045889094963,-2.491124343076499,-2.9910541370764987,False
XPL,XPL|lighter:71|hyperliquid:XPL,2026-09-29T08:19:18.683552+00:00,2026-09-29T08:19:18.683552+00:00,0,0.0,True,-0.20210185933710045,False,1.0578952834999633,0.10722516699996332,2.7684751397328,0.45067471649999996,0.45088649999999997,-2.161466356232837,-2.661461756232837,False
XPL,XPL|lighter:71|hyperliquid:XPL,2026-09-29T08:19:18.683552+00:00,2026-09-29T08:24:54.876358+00:00,5,36.192806005477905,True,-0.8286176232821352,False,1.0578952834999633,0.10722516699996332,3.6556977558590233,0.45067471649999996,0.45373654799999996,-3.05153902035906,-3.55153442035906,False
XPL,XPL|lighter:71|hyperliquid:XPL,2026-09-29T08:19:18.683552+00:00,2026-09-29T08:34:44.411370+00:00,15,25.72781801223755,True,-0.41430881164106204,False,1.0578952834999633,0.10722516699996332,2.913950754743837,0.45067471649999996,0.4518276864182649,-2.307883157662139,-2.807878557662139,False
XPL,XPL|lighter:71|hyperliquid:XPL,2026-09-29T08:19:18.683552+00:00,2026-09-29T08:50:09.678627+00:00,30,50.9950749874115,True,0.09094583670170575,True,1.0578952834999633,0.10722516699996332,3.169197746592886,0.45067471649999996,0.4495516549859668,-2.5608541180788893,-3.0608495180788893,False
XPL,XPL|lighter:71|hyperliquid:XPL,2026-09-29T08:19:18.683552+00:00,2026-09-29T09:19:35.405553+00:00,60,16.72200083732605,False,0.6265157639450347,True,1.0578952834999633,0.10722516699996332,3.225849544085122,0.45067471649999996,0.44717242029483834,-2.615126680879997,-3.115122080879997,False
BRENTOIL,BRENTOIL|lighter:159|hyperliquid:xyz:BRENTOIL,2026-09-29T08:20:10.755080+00:00,2026-09-29T08:20:10.755080+00:00,0,0.0,True,-0.09803921568627416,False,0.6545903139999282,0.06473524049992818,0.9689999999999372,0.09003468599999999,0.09004203,-0.40445171600000906,-0.9042721035000091,False
BRENTOIL,BRENTOIL|lighter:159|hyperliquid:xyz:BRENTOIL,2026-09-29T08:20:10.755080+00:00,2026-09-29T08:25:47.327407+00:00,5,36.57232737541199,True,0.09803921568629637,True,0.6545903139999282,0.06473524049992818,0.44880000000000564,0.09003468599999999,0.08984833199999999,0.11594198199992255,-0.38387840550007746,False
BRENTOIL,BRENTOIL|lighter:159|hyperliquid:xyz:BRENTOIL,2026-09-29T08:20:10.755080+00:00,2026-09-29T08:35:36.646546+00:00,15,25.89146614074707,True,-0.19607843137254832,False,0.6545903139999282,0.06473524049992818,0.4794000000000551,0.09003468599999999,0.090135666,0.08505464799987306,-0.41476573950012696,False
BRENTOIL,BRENTOIL|lighter:159|hyperliquid:xyz:BRENTOIL,2026-09-29T08:20:10.755080+00:00,2026-09-29T08:51:01.721818+00:00,30,50.9667387008667,True,0.19607843137257053,True,0.6545903139999282,0.06473524049992818,0.24831311154605373,0.09003468599999999,0.08980274818003915,0.3164744542738353,-0.18334593322616471,False
BRENTOIL,BRENTOIL|lighter:159|hyperliquid:xyz:BRENTOIL,2026-09-29T08:20:10.755080+00:00,2026-09-29T09:20:22.967351+00:00,60,12.212271690368652,False,0.19607843137257053,True,0.6545903139999282,0.06473524049992818,0.7547510958904695,0.09003468599999999,0.08981712,-0.18997790189054137,-0.6897982893905414,False
LIT,LIT|lighter:120|hyperliquid:LIT,2026-09-29T08:21:22.811367+00:00,2026-09-29T08:21:22.811367+00:00,0,0.0,True,0.0,True,1.251880080000007,0.304195953000007,2.3150000000000546,0.44930591999999997,0.44937927,-1.5124991900000477,-2.0108773970000478,False
LIT,LIT|lighter:120|hyperliquid:LIT,2026-09-29T08:21:22.811367+00:00,2026-09-29T08:26:59.877110+00:00,5,37.06574249267578,True,0.0,True,1.251880080000007,0.304195953000007,1.4028039999999464,0.44930591999999997,0.44908415999999995,-0.6000080799999394,-1.0983862869999395,False
LIT,LIT|lighter:120|hyperliquid:LIT,2026-09-29T08:21:22.811367+00:00,2026-09-29T08:36:48.708154+00:00,15,25.89678692817688,True,0.44642857142858094,True,1.251880080000007,0.304195953000007,1.1569560177778158,0.44930591999999997,0.44653392000000003,-0.3516098577778088,-0.8499880647778086,False
LIT,LIT|lighter:120|hyperliquid:LIT,2026-09-29T08:21:22.811367+00:00,2026-09-29T08:52:13.968287+00:00,30,51.156919956207275,True,0.44642857142858094,True,1.251880080000007,0.304195953000007,1.1147902577778268,0.44930591999999997,0.4467660736,-0.3096762513778198,-0.8080544583778198,False
LIT,LIT|lighter:120|hyperliquid:LIT,2026-09-29T08:21:22.811367+00:00,2026-09-29T09:21:35.374103+00:00,60,12.562735557556152,False,0.0,True,1.251880080000007,0.304195953000007,1.5229269999999815,0.44930591999999997,0.44932531500000006,-0.7203722349999746,-1.2187504419999744,False
META,META|hyperliquid:xyz:META|lighter:117,2026-09-29T08:21:49.700665+00:00,2026-09-29T08:21:49.700665+00:00,0,0.0,True,-0.0717360114777521,False,0.6070389070000027,0.017293964000002826,0.8684870179470181,0.08996109299999998,0.08995743637688441,-0.3514055473238998,-0.8511893973238998,False
META,META|hyperliquid:xyz:META|lighter:117,2026-09-29T08:21:49.700665+00:00,2026-09-29T08:27:26.683922+00:00,5,36.983256816864014,True,0.0,True,0.6070389070000027,0.017293964000002826,0.7945799999998826,0.08996109299999998,0.089885817,-0.27742690999987984,-0.7772107599998798,False
META,META|hyperliquid:xyz:META|lighter:117,2026-09-29T08:21:49.700665+00:00,2026-09-29T08:37:15.387803+00:00,15,25.687137842178345,True,0.0,True,0.6070389070000027,0.017293964000002826,0.6551800000000867,0.08996109299999998,0.08992596419999999,-0.13806705720008394,-0.6378509072000839,False
META,META|hyperliquid:xyz:META|lighter:117,2026-09-29T08:21:49.700665+00:00,2026-09-29T08:52:40.621802+00:00,30,50.92113733291626,True,-0.21520803443327852,False,0.6070389070000027,0.017293964000002826,0.5715400000000272,0.08996109299999998,0.09009909899999999,-0.054600192000024486,-0.5543840420000244,False
META,META|hyperliquid:xyz:META|lighter:117,2026-09-29T08:21:49.700665+00:00,2026-09-29T09:22:01.869368+00:00,60,12.168703317642212,False,-0.2869440459110528,False,0.6070389070000027,0.017293964000002826,0.4293520000001081,0.08996109299999998,0.09017713511999999,0.08750977187989466,-0.41227407812010525,False
XPL,XPL|lighter:71|hyperliquid:XPL,2026-09-29T08:22:06.843156+00:00,2026-09-29T08:22:06.843156+00:00,0,0.0,True,-0.1623047271251732,False,1.0067613110000853,0.056112119000085336,2.5039139707374716,0.450652689,0.45070775999999996,-1.9478604197373863,-2.4478569227373863,False
XPL,XPL|lighter:71|hyperliquid:XPL,2026-09-29T08:22:06.843156+00:00,2026-09-29T08:27:44.017871+00:00,5,37.17471504211426,True,-0.3651856360316508,False,1.0067613110000853,0.056112119000085336,2.9950675565057736,0.450652689,0.45163934099999997,-2.4399455865056883,-2.939942089505688,False
XPL,XPL|lighter:71|hyperliquid:XPL,2026-09-29T08:22:06.843156+00:00,2026-09-29T08:37:32.735397+00:00,15,25.89224076271057,True,0.3753296814769769,True,1.0067613110000853,0.056112119000085336,3.049178527943468,0.450652689,0.44828582424375946,-2.490703041187142,-2.990699544187142,False
XPL,XPL|lighter:71|hyperliquid:XPL,2026-09-29T08:22:06.843156+00:00,2026-09-29T08:52:57.953684+00:00,30,51.11052846908569,True,0.8520998174071925,True,1.0067613110000853,0.056112119000085336,2.7135577791189007,0.450652689,0.4461619310006035,-2.1529583991194188,-2.6529549021194185,False
DRAM,DRAM|hyperliquid:xyz:DRAM|lighter:195,2026-09-29T08:22:16.220297+00:00,2026-09-29T08:22:16.220297+00:00,0,0.0,True,0.0,True,0.7090384269999398,0.12125700399993977,1.0920999999999594,0.08966157300000001,0.08965570500000002,-0.47271727800001967,-0.9708371280000196,False
DRAM,DRAM|hyperliquid:xyz:DRAM|lighter:195,2026-09-29T08:22:16.220297+00:00,2026-09-29T08:27:53.460227+00:00,5,37.23992943763733,True,0.0,True,0.7090384269999398,0.12125700399993977,0.8149999999999409,0.08966157300000001,0.089570619,-0.1955321920000011,-0.6936520420000012,False
DRAM,DRAM|hyperliquid:xyz:DRAM|lighter:195,2026-09-29T08:22:16.220297+00:00,2026-09-29T08:37:42.351937+00:00,15,26.1316397190094,True,0.0,True,0.7090384269999398,0.12125700399993977,0.7156000000001086,0.08966157300000001,0.089510616,-0.09607218900016881,-0.5941920390001688,False
DRAM,DRAM|hyperliquid:xyz:DRAM|lighter:195,2026-09-29T08:22:16.220297+00:00,2026-09-29T08:53:07.310605+00:00,30,51.09030771255493,True,0.0,True,0.7090384269999398,0.12125700399993977,0.6145999999999958,0.08966157300000001,0.089440488,0.004997938999943968,-0.4931219110000561,False
DRAM,DRAM|hyperliquid:xyz:DRAM|lighter:195,2026-09-29T08:22:16.220297+00:00,2026-09-29T09:22:32.561870+00:00,60,16.341572523117065,False,0.6134969325153339,True,0.7090384269999398,0.12125700399993977,0.89650000000006,0.08966157300000001,0.08924347800000001,-0.2767050510001202,-0.7748249010001202,False
NBIS,NBIS|hyperliquid:xyz:NBIS|lighter:189,2026-09-29T08:23:34.984708+00:00,2026-09-29T08:23:34.984708+00:00,0,0.0,True,0.0,True,0.6624070180000162,0.0737641360000163,1.1264999999999645,0.089792982,0.089770689,-0.5538636709999483,-1.0527135709999482,False
NBIS,NBIS|hyperliquid:xyz:NBIS|lighter:189,2026-09-29T08:23:34.984708+00:00,2026-09-29T08:29:11.988791+00:00,5,37.00408339500427,True,0.23696682464455776,True,0.6624070180000162,0.0737641360000163,1.2745796690307998,0.089792982,0.08956746182978723,-0.7017401128605708,-1.2005900128605709,False
NBIS,NBIS|hyperliquid:xyz:NBIS|lighter:189,2026-09-29T08:23:34.984708+00:00,2026-09-29T08:39:00.870022+00:00,15,25.885314226150513,True,0.23696682464455776,True,0.6624070180000162,0.0737641360000163,1.049513002364165,0.089792982,0.08957252582978723,-0.47667851019393603,-0.975528410193936,False
NBIS,NBIS|hyperliquid:xyz:NBIS|lighter:189,2026-09-29T08:23:34.984708+00:00,2026-09-29T08:54:25.864306+00:00,30,50.87959814071655,True,0.7109004739336511,True,0.6624070180000162,0.0737641360000163,0.8018000000000711,0.089792982,0.089275788,-0.22866877000005492,-0.7275186700000549,False
NBIS,NBIS|hyperliquid:xyz:NBIS|lighter:189,2026-09-29T08:23:34.984708+00:00,2026-09-29T09:23:47.390454+00:00,60,12.40574598312378,False,0.9478672985782088,True,0.6624070180000162,0.0737641360000163,0.7759926197181812,0.089792982,0.08904148884507042,-0.20262709056323547,-0.7014769905632354,False
LIT,LIT|lighter:120|hyperliquid:LIT,2026-09-29T08:24:10.858818+00:00,2026-09-29T08:24:10.858818+00:00,0,0.0,True,0.0,True,1.1338600000000023,0.18715933600000234,1.9273220000001174,0.448812,0.4488282000000001,-1.2422902000001153,-1.7401788640001152,False
LIT,LIT|lighter:120|hyperliquid:LIT,2026-09-29T08:24:10.858818+00:00,2026-09-29T08:29:48.362469+00:00,5,37.50365090370178,True,0.0,True,1.1338600000000023,0.18715933600000234,1.5231999999999744,0.448812,0.44905392,-0.838393919999972,-1.3362825839999721,False
LIT,LIT|lighter:120|hyperliquid:LIT,2026-09-29T08:24:10.858818+00:00,2026-09-29T08:39:36.868222+00:00,15,26.009403944015503,True,0.44642857142858094,True,1.1338600000000023,0.18715933600000234,2.161674666666727,0.448812,0.44752176,-1.4753364266667246,-1.9732250906667246,False
LIT,LIT|lighter:120|hyperliquid:LIT,2026-09-29T08:24:10.858818+00:00,2026-09-29T08:55:02.407048+00:00,30,51.548229694366455,True,0.44642857142858094,True,1.1338600000000023,0.18715933600000234,1.2517617777780288,0.448812,0.44713146240000007,-0.5650332401780265,-1.0629219041780265,False
LIT,LIT|lighter:120|hyperliquid:LIT,2026-09-29T08:24:10.858818+00:00,2026-09-29T09:24:20.623651+00:00,60,9.764833450317383,False,0.0,True,1.1338600000000023,0.18715933600000234,1.138800000000174,0.448812,0.44821566,-0.4531556600001716,-0.9510443240001716,False
META,META|hyperliquid:xyz:META|lighter:117,2026-09-29T08:24:37.655104+00:00,2026-09-29T08:24:37.655104+00:00,0,0.0,True,-0.0717360114777521,False,0.6431743977999399,0.053413005599939944,0.8503399999999601,0.0899636022,0.08995732919999999,-0.2971229314000202,-0.7969207214000202,False
META,META|hyperliquid:xyz:META|lighter:117,2026-09-29T08:24:37.655104+00:00,2026-09-29T08:30:15.112345+00:00,5,37.45724105834961,True,0.0,True,0.6431743977999399,0.053413005599939944,0.7527599999999666,0.0899636022,0.0899083998,-0.19949400200002668,-0.6992917920000267,False
META,META|hyperliquid:xyz:META|lighter:117,2026-09-29T08:24:37.655104+00:00,2026-09-29T08:40:03.538182+00:00,15,25.88307785987854,True,-0.0717360114777521,False,0.6431743977999399,0.053413005599939944,0.794750122038522,0.0899636022,0.08998491508901652,-0.24156063932759864,-0.7413584293275985,False
META,META|hyperliquid:xyz:META|lighter:117,2026-09-29T08:24:37.655104+00:00,2026-09-29T08:55:29.683137+00:00,30,52.0280327796936,True,-0.2869440459110528,False,0.6431743977999399,0.053413005599939944,0.613360000000057,0.0899636022,0.090180648,-0.060366250200117086,-0.560164040200117,False
META,META|hyperliquid:xyz:META|lighter:117,2026-09-29T08:24:37.655104+00:00,2026-09-29T09:24:47.428358+00:00,60,9.773254156112671,False,-0.21520803443327852,False,0.6431743977999399,0.053413005599939944,0.5297300215672749,0.0899636022,0.09013171769805893,0.023312658534606068,-0.4764851314653939,False
SAMSUNGUSD,SAMSUNGUSD|hyperliquid:xyz:SMSN|lighter:162,2026-09-29T08:27:02.735127+00:00,2026-09-29T08:27:02.735127+00:00,0,0.0,True,-0.08113590263690851,False,0.7357203131000719,0.145787921200072,1.030369999999948,0.08998968689999999,0.089977923,-0.38462760989987616,-0.884570314899876,False
SAMSUNGUSD,SAMSUNGUSD|hyperliquid:xyz:SMSN|lighter:162,2026-09-29T08:27:02.735127+00:00,2026-09-29T08:32:38.979091+00:00,5,36.24396371841431,True,-0.06085192697768971,False,0.7357203131000719,0.145787921200072,1.4909282585751953,0.08998968689999999,0.08990275155672824,-0.8451106970318516,-1.3450534020318514,False
SAMSUNGUSD,SAMSUNGUSD|hyperliquid:xyz:SMSN|lighter:162,2026-09-29T08:27:02.735127+00:00,2026-09-29T08:42:27.509833+00:00,15,24.77470564842224,True,0.0,True,0.7357203131000719,0.145787921200072,1.1437599999999293,0.08998968689999999,0.089880309,-0.49791999589985736,-0.9978627008998573,False
SAMSUNGUSD,SAMSUNGUSD|hyperliquid:xyz:SMSN|lighter:162,2026-09-29T08:27:02.735127+00:00,2026-09-29T08:57:53.013916+00:00,30,50.278788805007935,True,0.24340770791075883,True,0.7357203131000719,0.145787921200072,1.1832000000000562,0.08998968689999999,0.08967177,-0.5371514568999843,-1.0370941618999843,False
SAMSUNGUSD,SAMSUNGUSD|hyperliquid:xyz:SMSN|lighter:162,2026-09-29T08:27:02.735127+00:00,2026-09-29T09:27:08.780302+00:00,60,6.0451741218566895,False,0.40567951318459805,True,0.7357203131000719,0.145787921200072,0.7986600000000408,0.08998968689999999,0.089560845,-0.15250053189996887,-0.6524432368999689,False
INTC,INTC|hyperliquid:xyz:INTC|rh_lighter:30,2026-09-29T08:28:46.350211+00:00,2026-09-29T08:28:46.350211+00:00,0,0.0,True,-0.1168224299065379,False,0.5948712079999956,0.005338015999995505,1.112799999999993,0.08992879200000001,0.089921088,-0.6078498799999973,-1.1074542799999973,False
INTC,INTC|hyperliquid:xyz:INTC|rh_lighter:30,2026-09-29T08:28:46.350211+00:00,2026-09-29T08:33:46.467049+00:00,5,0.11683845520019531,True,0.0,True,0.5948712079999956,0.005338015999995505,1.1983999999999924,0.08992879200000001,0.08979782400000001,-0.6933266159999968,-1.1929310159999968,False
INTC,INTC|hyperliquid:xyz:INTC|rh_lighter:30,2026-09-29T08:28:46.350211+00:00,2026-09-29T08:43:46.364329+00:00,15,0.014118194580078125,True,0.0,True,0.5948712079999956,0.005338015999995505,0.941599999999994,0.08992879200000001,0.08989027200000002,-0.4366190639999984,-0.9362234639999985,False
INTC,INTC|hyperliquid:xyz:INTC|rh_lighter:30,2026-09-29T08:28:46.350211+00:00,2026-09-29T08:58:46.656099+00:00,30,0.30588793754577637,True,0.4672897196261516,True,0.5948712079999956,0.005338015999995505,0.941599999999994,0.08992879200000001,0.08941262400000001,-0.4361414159999984,-0.9357458159999985,False
INTC,INTC|hyperliquid:xyz:INTC|rh_lighter:30,2026-09-29T08:28:46.350211+00:00,2026-09-29T09:28:46.715301+00:00,60,0.36509013175964355,False,0.8177570093457875,True,0.5948712079999956,0.005338015999995505,1.1876380069525112,0.08992879200000001,0.08910136633140209,-0.6818681652839177,-1.1814725652839178,False
CRCL,CRCL|hyperliquid:xyz:CRCL|rh_lighter:24,2026-09-29T08:33:44.892512+00:00,2026-09-29T08:33:44.892512+00:00,0,0.0,True,-0.08655760408553537,False,0.5916338667300486,0.0016788819600485616,1.0282169999999269,0.08999313327000001,0.08998169580000002,-0.5265648290698783,-1.0265266805698783,False
CRCL,CRCL|hyperliquid:xyz:CRCL|rh_lighter:24,2026-09-29T08:33:44.892512+00:00,2026-09-29T08:38:45.493020+00:00,5,0.6005077362060547,True,0.04327880204275658,True,0.5916338667300486,0.0016788819600485616,1.5411640026820805,0.08999313327000001,0.08982053145,-1.0393506674020319,-1.5393125189020318,False
CRCL,CRCL|hyperliquid:xyz:CRCL|rh_lighter:24,2026-09-29T08:33:44.892512+00:00,2026-09-29T08:48:45.349103+00:00,15,0.4565911293029785,True,0.025967281225636185,True,0.5916338667300486,0.0016788819600485616,1.2007152069055564,0.08999313327000001,0.08986212225000001,-0.6989434624255079,-1.198905313925508,False
CRCL,CRCL|hyperliquid:xyz:CRCL|rh_lighter:24,2026-09-29T08:33:44.892512+00:00,2026-09-29T09:03:45.047377+00:00,30,0.15486478805541992,False,0.16445944776246613,True,0.5916338667300486,0.0016788819600485616,1.4510745707743808,0.08999313327000001,0.08972071353000001,-0.9491614175743323,-1.4491232690743323,False
CRCL,CRCL|hyperliquid:xyz:CRCL|rh_lighter:24,2026-09-29T08:33:44.892512+00:00,2026-09-29T09:33:45.417119+00:00,60,0.5246062278747559,False,0.19042672898812452,True,0.5916338667300486,0.0016788819600485616,0.9820049999998446,0.08999313327000001,0.08973942939000001,-0.480110562659796,-0.9800724141597961,False
INTC,INTC|hyperliquid:xyz:INTC|rh_lighter:30,2026-09-29T08:33:46.467049+00:00,2026-09-29T08:33:46.467049+00:00,0,0.0,True,-0.1166861143523934,False,0.6813895589999965,0.09197666799999649,1.199799999999982,0.08991044100000001,0.089902728,-0.6083131689999854,-1.1078156189999855,False
INTC,INTC|hyperliquid:xyz:INTC|rh_lighter:30,2026-09-29T08:33:46.467049+00:00,2026-09-29T08:38:46.627552+00:00,5,0.16050243377685547,True,0.0,True,0.6813895589999965,0.09197666799999649,1.1141000000001213,0.08991044100000001,0.08984873700000001,-0.5225591780001249,-1.022061628000125,False
INTC,INTC|hyperliquid:xyz:INTC|rh_lighter:30,2026-09-29T08:33:46.467049+00:00,2026-09-29T08:49:46.504843+00:00,15,60.0377938747406,True,-0.1166861143523934,False,0.6813895589999965,0.09197666799999649,1.0284000000000333,0.08991044100000001,0.089956719,-0.43696716000003677,-0.9364696100000368,False
INTC,INTC|hyperliquid:xyz:INTC|rh_lighter:30,2026-09-29T08:33:46.467049+00:00,2026-09-29T09:04:46.388424+00:00,30,59.921375036239624,False,0.4667444574095514,True,0.6813895589999965,0.09197666799999649,0.9427000000000589,0.08991044100000001,0.08947851300000001,-0.3507889540000624,-0.8502914040000624,False
INTC,INTC|hyperliquid:xyz:INTC|rh_lighter:30,2026-09-29T08:33:46.467049+00:00,2026-09-29T09:34:46.475019+00:00,60,60.00796937942505,False,0.7001166861143604,True,0.6813895589999965,0.09197666799999649,1.0284000000000333,0.08991044100000001,0.08923941,-0.43624985100003677,-0.9357523010000368,False
XPL,XPL|lighter:71|hyperliquid:XPL,2026-09-29T08:34:44.411370+00:00,2026-09-29T08:34:44.411370+00:00,0,0.0,True,-0.1823154056517784,False,1.068448295999902,0.11776659749990198,2.9071782337899776,0.450682704,0.450777561439726,-2.289507499229802,-2.7895064937298018,False
XPL,XPL|lighter:71|hyperliquid:XPL,2026-09-29T08:34:44.411370+00:00,2026-09-29T08:40:20.699187+00:00,5,36.28781723976135,True,0.07090043553124037,True,1.068448295999902,0.11776659749990198,2.909988805263197,0.450682704,0.4496656510949392,-2.291206160358234,-2.791205154858234,False
XPL,XPL|lighter:71|hyperliquid:XPL,2026-09-29T08:34:44.411370+00:00,2026-09-29T08:50:09.678627+00:00,15,25.26725697517395,True,0.32411627671427024,True,1.068448295999902,0.11776659749990198,3.16183198788508,0.450682704,0.44850681989454827,-2.541890511779726,-3.041889506279726,False
XPL,XPL|lighter:71|hyperliquid:XPL,2026-09-29T08:34:44.411370+00:00,2026-09-29T09:05:34.745058+00:00,30,50.3336877822876,False,0.4254026131874866,True,1.068448295999902,0.11776659749990198,2.863170000000082,0.450682704,0.44806142250000003,-2.24278312650018,-2.7427821210001797,False
XPL,XPL|lighter:71|hyperliquid:XPL,2026-09-29T08:34:44.411370+00:00,2026-09-29T09:34:45.733226+00:00,60,1.3218557834625244,False,0.800162058138354,True,1.068448295999902,0.11776659749990198,3.0679018137058165,0.450682704,0.4464208403161676,-2.445874358022082,-2.945873352522082,False
CRCL,CRCL|hyperliquid:xyz:CRCL|rh_lighter:24,2026-09-29T08:36:45.390202+00:00,2026-09-29T08:36:45.390202+00:00,0,0.0,True,-0.1209921355111887,False,0.7523627244699876,0.16238714043998764,1.383820313749311,0.08999627553,0.08998149244927922,-0.7214390817286026,-1.2214183902286027,False
CRCL,CRCL|hyperliquid:xyz:CRCL|rh_lighter:24,2026-09-29T08:36:45.390202+00:00,2026-09-29T08:41:45.595590+00:00,5,0.20538878440856934,True,-0.08642295393656019,False,0.7523627244699876,0.16238714043998764,1.3792399799326631,0.08999627553,0.08995214403,-0.7168293994926754,-1.2168087079926755,False
CRCL,CRCL|hyperliquid:xyz:CRCL|rh_lighter:24,2026-09-29T08:36:45.390202+00:00,2026-09-29T08:52:45.358380+00:00,15,59.968178033828735,True,0.043211476968285645,True,0.7523627244699876,0.16238714043998764,1.304651240929502,0.08999627553,0.08984175669,-0.6421302731495142,-1.1421095816495141,False
CRCL,CRCL|hyperliquid:xyz:CRCL|rh_lighter:24,2026-09-29T08:36:45.390202+00:00,2026-09-29T09:07:45.369751+00:00,30,59.979549169540405,False,0.10370754472388555,True,0.7523627244699876,0.16238714043998764,1.3241597464389088,0.08999627553,0.08978448023999999,-0.6615815022089211,-1.161560810708921,False
CRCL,CRCL|hyperliquid:xyz:CRCL|rh_lighter:24,2026-09-29T08:36:45.390202+00:00,2026-09-29T09:36:45.391691+00:00,60,0.001489877700805664,False,-0.06913836314924593,False,0.7523627244699876,0.16238714043998764,0.8737520978986595,0.08999627553,0.08997817878,-0.21136755220867184,-0.7113468607086718,False
XPL,XPL|lighter:71|hyperliquid:XPL,2026-09-29T08:37:32.735397+00:00,2026-09-29T08:37:32.735397+00:00,0,0.0,True,-0.19164817429897507,False,1.0779714740000792,0.12729913400007925,3.0664998910560826,0.450680526,0.4508323860369884,-2.439360803092992,-2.939352617092992,False
XPL,XPL|lighter:71|hyperliquid:XPL,2026-09-29T08:37:32.735397+00:00,2026-09-29T08:43:08.827278+00:00,5,36.09188175201416,True,-0.1513011902360306,False,1.0779714740000792,0.12729913400007925,3.0840702349732965,0.450680526,0.450680526,-2.4567792869732177,-2.9567711009732176,False
XPL,XPL|lighter:71|hyperliquid:XPL,2026-09-29T08:37:32.735397+00:00,2026-09-29T08:52:57.953684+00:00,15,25.218287706375122,True,0.282428888440589,True,1.0779714740000792,0.12729913400007925,2.728972593039657,0.450680526,0.44869642766686785,-2.099697546706446,-2.5996893607064457,False
XPL,XPL|lighter:71|hyperliquid:XPL,2026-09-29T08:37:32.735397+00:00,2026-09-29T09:08:23.415927+00:00,30,50.68053078651428,False,0.4841638087552891,True,1.0779714740000792,0.12729913400007925,2.838885145553263,0.450680526,0.447809015315499,-2.2087226868686827,-2.7087145008686826,False
XPL,XPL|lighter:71|hyperliquid:XPL,2026-09-29T08:37:32.735397+00:00,2026-09-29T09:38:54.131954+00:00,60,81.39655709266663,False,0.7665926971958781,True,1.0779714740000792,0.12729913400007925,2.621402519719709,0.450680526,0.44654366834864867,-1.9899747140682784,-2.4899665280682783,False
NBIS,NBIS|hyperliquid:xyz:NBIS|lighter:189,2026-09-29T08:37:36.737331+00:00,2026-09-29T08:37:36.737331+00:00,0,0.0,True,-0.2358490566037652,False,0.6336518800000457,0.044024760000045626,1.034439716312022,0.08994312000000002,0.08993015642553193,-0.49071799273750827,-0.9904019927375083,False
NBIS,NBIS|hyperliquid:xyz:NBIS|lighter:189,2026-09-29T08:37:36.737331+00:00,2026-09-29T08:43:12.997111+00:00,5,36.259779930114746,True,-0.2358490566037652,False,0.6336518800000457,0.044024760000045626,1.2295999999998912,0.08994312000000002,0.08999654400000001,-0.6859446639998455,-1.1856286639998457,False
NBIS,NBIS|hyperliquid:xyz:NBIS|lighter:189,2026-09-29T08:37:36.737331+00:00,2026-09-29T08:53:01.991443+00:00,15,25.254112005233765,True,0.0,True,0.6336518800000457,0.044024760000045626,0.6868999999999232,0.08994312000000002,0.08978208300000001,-0.14303020299987754,-0.6427142029998776,False
NBIS,NBIS|hyperliquid:xyz:NBIS|lighter:189,2026-09-29T08:37:36.737331+00:00,2026-09-29T09:08:27.399209+00:00,30,50.66187834739685,False,0.2358490566037652,True,0.6336518800000457,0.044024760000045626,0.8964856470587392,0.08994312000000002,0.08961821229176471,-0.35245197935045824,-0.8521359793504583,False
NBIS,NBIS|hyperliquid:xyz:NBIS|lighter:189,2026-09-29T08:37:36.737331+00:00,2026-09-29T09:38:58.173154+00:00,60,81.43582272529602,False,0.4716981132075304,True,0.6336518800000457,0.044024760000045626,0.7307530516429779,0.08994312000000002,0.08949193622535213,-0.1865931078682843,-0.6862771078682843,False
MSFT,MSFT|hyperliquid:xyz:MSFT|rh_lighter:14,2026-09-29T08:38:38.640350+00:00,2026-09-29T08:38:38.640350+00:00,0,0.0,True,-0.10162601626015899,False,0.785791209600029,0.19603513920002907,1.1580148443539429,0.08996279039999999,0.0899610192,-0.46218465395391384,-0.9619779339539138,False
MSFT,MSFT|hyperliquid:xyz:MSFT|rh_lighter:14,2026-09-29T08:38:38.640350+00:00,2026-09-29T08:44:38.350419+00:00,5,59.71006941795349,True,-0.1524390243902385,False,0.785791209600029,0.19603513920002907,1.0763908396946817,0.08996279039999999,0.09003595042442747,-0.3806355805190802,-0.8804288605190802,False
MSFT,MSFT|hyperliquid:xyz:MSFT|rh_lighter:14,2026-09-29T08:38:38.640350+00:00,2026-09-29T08:54:38.546004+00:00,15,59.905654430389404,True,-0.1524390243902385,False,0.785791209600029,0.19603513920002907,0.9643199999999297,0.08996279039999999,0.09004957920000001,-0.26857836959990067,-0.7683716495999007,False
MSFT,MSFT|hyperliquid:xyz:MSFT|rh_lighter:14,2026-09-29T08:38:38.640350+00:00,2026-09-29T09:09:38.614823+00:00,30,59.974472999572754,False,-0.1524390243902385,False,0.785791209600029,0.19603513920002907,1.29887999999994,0.08996279039999999,0.089985816,-0.6030746063999111,-1.102867886399911,False
MSFT,MSFT|hyperliquid:xyz:MSFT|rh_lighter:14,2026-09-29T08:38:38.640350+00:00,2026-09-29T09:39:37.507489+00:00,60,58.86713933944702,False,-0.10162601626015899,False,0.785791209600029,0.19603513920002907,0.9062810172941909,0.08996279039999999,0.08998395470844353,-0.21047376240260537,-0.7102670424026053,False
CRCL,CRCL|hyperliquid:xyz:CRCL|rh_lighter:24,2026-09-29T08:38:45.493020+00:00,2026-09-29T08:38:45.493020+00:00,0,0.0,True,-0.1382408847416583,False,0.6391625759998603,0.04916635199986036,1.5439653914170322,0.089999424,0.08998379910000001,-0.9947866145171719,-1.494783414517172,False
CRCL,CRCL|hyperliquid:xyz:CRCL|rh_lighter:24,2026-09-29T08:38:45.493020+00:00,2026-09-29T08:44:45.025126+00:00,5,59.532105684280396,True,-0.12096077414894824,False,0.6391625759998603,0.04916635199986036,1.0995299999999588,0.089999424,0.0900098406,-0.5503772646000986,-1.0503740646000985,False
CRCL,CRCL|hyperliquid:xyz:CRCL|rh_lighter:24,2026-09-29T08:38:45.493020+00:00,2026-09-29T08:54:45.375286+00:00,15,59.88226580619812,True,-0.00864005529634948,False,0.6391625759998603,0.04916635199986036,1.3325291312537502,0.089999424,0.08988171642,-0.7832482716738899,-1.28324507167389,False
CRCL,CRCL|hyperliquid:xyz:CRCL|rh_lighter:24,2026-09-29T08:38:45.493020+00:00,2026-09-29T09:09:45.195400+00:00,30,59.702380418777466,False,0.025920165889070645,True,0.6391625759998603,0.04916635199986036,1.2880831267166286,0.089999424,0.08985984156,-0.7387803922767684,-1.2387771922767683,False
CRCL,CRCL|hyperliquid:xyz:CRCL|rh_lighter:24,2026-09-29T08:38:45.493020+00:00,2026-09-29T09:39:45.505587+00:00,60,60.01256728172302,False,-0.2764817694833277,False,0.6391625759998603,0.04916635199986036,1.006937999999991,0.089999424,0.09015254802,-0.4579279720201308,-0.9579247720201307,False
LIT,LIT|lighter:120|hyperliquid:LIT,2026-09-29T08:39:36.868222+00:00,2026-09-29T08:39:36.868222+00:00,0,0.0,True,0.0,True,1.2154734899998951,0.26743854849989496,2.171325000000138,0.44946351000000007,0.449519625,-1.4053711350002427,-1.9039425665002427,False
LIT,LIT|lighter:120|hyperliquid:LIT,2026-09-29T08:39:36.868222+00:00,2026-09-29T08:45:13.404672+00:00,5,36.536450147628784,True,0.0,True,1.2154734899998951,0.26743854849989496,1.3501920000001064,0.44946351000000007,0.44815698000000004,-0.5828754900002112,-1.0814469215002114,False
LIT,LIT|lighter:120|hyperliquid:LIT,2026-09-29T08:39:36.868222+00:00,2026-09-29T08:55:02.407048+00:00,15,25.538825750350952,True,0.0,True,1.2154734899998951,0.26743854849989496,1.2573500000002014,0.44946351000000007,0.4491275850000001,-0.49100409500030623,-0.9895755265003063,False
LIT,LIT|lighter:120|hyperliquid:LIT,2026-09-29T08:39:36.868222+00:00,2026-09-29T09:10:27.479580+00:00,30,50.61135816574097,False,0.0,True,1.2154734899998951,0.26743854849989496,1.3932269999999107,0.44946351000000007,0.4494619799999999,-0.6272154900000154,-1.1257869215000156,False
LIT,LIT|lighter:120|hyperliquid:LIT,2026-09-29T08:39:36.868222+00:00,2026-09-29T09:40:54.056167+00:00,60,77.18794560432434,False,0.0,True,1.2154734899998951,0.26743854849989496,1.3356360000000222,0.44946351000000007,0.44929034999999995,-0.569452860000127,-1.068024291500127,False
INTC,INTC|hyperliquid:xyz:INTC|rh_lighter:30,2026-09-29T08:39:46.698553+00:00,2026-09-29T08:39:46.698553+00:00,0,0.0,True,-0.1166861143523934,False,0.5956509939999085,0.005985287999908495,1.0284000000000333,0.08994900600000001,0.089941293,-0.5226902990001248,-1.0224069990001248,False
INTC,INTC|hyperliquid:xyz:INTC|rh_lighter:30,2026-09-29T08:39:46.698553+00:00,2026-09-29T08:45:46.366819+00:00,5,59.66826629638672,True,-0.1166861143523934,False,0.5956509939999085,0.005985287999908495,0.8570000000000846,0.08994900600000001,0.089979858,-0.35132886400017604,-0.8510455640001761,False
INTC,INTC|hyperliquid:xyz:INTC|rh_lighter:30,2026-09-29T08:39:46.698553+00:00,2026-09-29T08:55:46.378213+00:00,15,59.67966032028198,True,0.4667444574095514,True,0.5956509939999085,0.005985287999908495,1.3995267862950413,0.08994900600000001,0.089439948,-0.8933157402951328,-1.3930324402951328,False
INTC,INTC|hyperliquid:xyz:INTC|rh_lighter:30,2026-09-29T08:39:46.698553+00:00,2026-09-29T09:10:46.664413+00:00,30,59.96586036682129,False,0.5834305717619559,True,0.5956509939999085,0.005985287999908495,1.114099999999894,0.08994900600000001,0.08934739200000001,-0.6077963979999854,-1.1075130979999854,False
INTC,INTC|hyperliquid:xyz:INTC|rh_lighter:30,2026-09-29T08:39:46.698553+00:00,2026-09-29T09:40:46.740640+00:00,60,60.04208731651306,False,0.5834305717619559,True,0.5956509939999085,0.005985287999908495,0.9427000000000589,0.08994900600000001,0.08935510499999999,-0.4364041110001504,-0.9361208110001504,False
NBIS,NBIS|hyperliquid:xyz:NBIS|lighter:189,2026-09-29T08:40:24.890134+00:00,2026-09-29T08:40:24.890134+00:00,0,0.0,True,0.0,True,0.6592498859999986,0.07023247199999849,1.2729880000000549,0.08985011400000002,0.08982328500000002,-0.7035613990000563,-1.2027286990000565,False
NBIS,NBIS|hyperliquid:xyz:NBIS|lighter:189,2026-09-29T08:40:24.890134+00:00,2026-09-29T08:46:01.455079+00:00,5,36.56494498252869,True,0.0,True,0.6592498859999986,0.07023247199999849,1.3958999999998696,0.08985011400000002,0.08976906000000003,-0.8264191739998711,-1.3255864739998713,False
NBIS,NBIS|hyperliquid:xyz:NBIS|lighter:189,2026-09-29T08:40:24.890134+00:00,2026-09-29T08:55:50.414244+00:00,15,25.524110078811646,True,0.47281323877068626,True,0.6592498859999986,0.07023247199999849,0.6768000000000711,0.08985011400000002,0.08946450000000002,-0.10701461400007262,-0.6061819140000727,False
NBIS,NBIS|hyperliquid:xyz:NBIS|lighter:189,2026-09-29T08:40:24.890134+00:00,2026-09-29T09:11:15.524960+00:00,30,50.634825706481934,False,0.47281323877068626,True,0.6592498859999986,0.07023247199999849,1.219235294117766,0.08985011400000002,0.0893395408235294,-0.6493249489412969,-1.148492248941297,False
NBIS,NBIS|hyperliquid:xyz:NBIS|lighter:189,2026-09-29T08:40:24.890134+00:00,2026-09-29T09:41:43.592172+00:00,60,78.7020378112793,False,0.47281323877068626,True,0.6592498859999986,0.07023247199999849,0.6008590588235165,0.08985011400000002,0.0893457036847059,-0.030954876508223914,-0.530122176508224,False
AAPL,AAPL|hyperliquid:xyz:AAPL|rh_lighter:10,2026-09-29T08:40:29.549860+00:00,2026-09-29T08:40:29.549860+00:00,0,0.0,True,-0.10114632501686538,False,0.6218491871999383,0.031909414399938274,1.0084399999999505,0.08999081280000001,0.08998814340000001,-0.47657895620001217,-0.9765279162000122,False
AAPL,AAPL|hyperliquid:xyz:AAPL|rh_lighter:10,2026-09-29T08:40:29.549860+00:00,2026-09-29T08:46:28.865903+00:00,5,59.31604313850403,True,-0.13486176668914274,False,0.6218491871999383,0.031909414399938274,0.9491199999999935,0.08999081280000001,0.09001750680000001,-0.4172883196000552,-0.9172372796000552,False
AAPL,AAPL|hyperliquid:xyz:AAPL|rh_lighter:10,2026-09-29T08:40:29.549860+00:00,2026-09-29T08:56:29.343924+00:00,15,59.79406428337097,True,-0.10114632501686538,False,0.6218491871999383,0.031909414399938274,0.8601400000000012,0.08999081280000001,0.0899961516,-0.32828696440006294,-0.828235924400063,False
AAPL,AAPL|hyperliquid:xyz:AAPL|rh_lighter:10,2026-09-29T08:40:29.549860+00:00,2026-09-29T09:11:29.540492+00:00,30,59.99063205718994,False,-0.10114632501686538,False,0.6218491871999383,0.031909414399938274,0.858992839689563,0.08999081280000001,0.0900094986,-0.32715315108962467,-0.8271021110896247,False
AAPL,AAPL|hyperliquid:xyz:AAPL|rh_lighter:10,2026-09-29T08:40:29.549860+00:00,2026-09-29T09:40:29.550570+00:00,60,0.0007102489471435547,False,-0.13486176668914274,False,0.6218491871999383,0.031909414399938274,0.9491199999999935,0.08999081280000001,0.09002017620000001,-0.41729098900005523,-0.9172399490000553,False
MSFT,MSFT|hyperliquid:xyz:MSFT|rh_lighter:14,2026-09-29T08:40:38.680664+00:00,2026-09-29T08:40:38.680664+00:00,0,0.0,True,-0.10162601626015899,False,0.6972035567999844,0.1072268735999844,1.0233599999999115,0.0899964432,0.08999467200000001,-0.4161511151999271,-0.916131355199927,False
MSFT,MSFT|hyperliquid:xyz:MSFT|rh_lighter:14,2026-09-29T08:40:38.680664+00:00,2026-09-29T08:46:38.379322+00:00,5,59.698657751083374,True,-0.20325203252032908,False,0.6972035567999844,0.1072268735999844,1.1968325865580027,0.0899964432,0.09004459386720978,-0.5896736236252281,-1.089653863625228,False
MSFT,MSFT|hyperliquid:xyz:MSFT|rh_lighter:14,2026-09-29T08:40:38.680664+00:00,2026-09-29T08:55:38.801545+00:00,15,0.12088155746459961,True,-0.20325203252032908,False,0.6972035567999844,0.1072268735999844,1.0430399999999054,0.0899964432,0.0900708336,-0.43590727679992103,-0.935887516799921,False
MSFT,MSFT|hyperliquid:xyz:MSFT|rh_lighter:14,2026-09-29T08:40:38.680664+00:00,2026-09-29T09:10:38.769340+00:00,30,0.08867597579956055,False,-0.1524390243902385,False,0.6972035567999844,0.1072268735999844,1.191541374045869,0.0899964432,0.09000211825099236,-0.5843399354968769,-1.084320175496877,False
MSFT,MSFT|hyperliquid:xyz:MSFT|rh_lighter:14,2026-09-29T08:40:38.680664+00:00,2026-09-29T09:41:37.439914+00:00,60,58.75925016403198,False,-0.10162601626015899,False,0.6972035567999844,0.1072268735999844,0.9249600000000555,0.0899964432,0.08997696000000001,-0.31773340320007115,-0.8177136432000711,False
INTC,INTC|hyperliquid:xyz:INTC|rh_lighter:30,2026-09-29T08:41:46.691756+00:00,2026-09-29T08:41:46.691756+00:00,0,0.0,True,-0.11655011655011815,False,0.682246421999998,0.09255074399999791,1.2011999999999716,0.089953578,0.089945856,-0.6088994339999737,-1.1086415339999738,False
INTC,INTC|hyperliquid:xyz:INTC|rh_lighter:30,2026-09-29T08:41:46.691756+00:00,2026-09-29T08:47:46.368833+00:00,5,59.67707633972168,True,-0.2331002331002252,False,0.682246421999998,0.09255074399999791,1.0295999999998457,0.089953578,0.09007713,-0.4374307079998478,-0.9371728079998478,False
INTC,INTC|hyperliquid:xyz:INTC|rh_lighter:30,2026-09-29T08:41:46.691756+00:00,2026-09-29T08:57:46.377398+00:00,15,59.68564200401306,True,0.2331002331002363,True,0.682246421999998,0.09255074399999791,0.9725489860466041,0.089953578,0.089629254,-0.37993181804660614,-0.8796739180466062,False
INTC,INTC|hyperliquid:xyz:INTC|rh_lighter:30,2026-09-29T08:41:46.691756+00:00,2026-09-29T09:11:46.703844+00:00,30,0.012087583541870117,False,0.4662004662004504,True,0.682246421999998,0.09255074399999791,1.0295999999998457,0.089953578,0.089474814,-0.4368283919998478,-0.9365704919998479,False
INTC,INTC|hyperliquid:xyz:INTC|rh_lighter:30,2026-09-29T08:41:46.691756+00:00,2026-09-29T09:41:46.732099+00:00,60,0.040342092514038086,False,0.4662004662004504,True,0.682246421999998,0.09255074399999791,1.1568467749418687,0.089953578,0.089405316,-0.5640056689418708,-1.0637477689418708,False
GOOGL,GOOGL|hyperliquid:xyz:GOOGL|rh_lighter:12,2026-09-29T08:46:31.688176+00:00,2026-09-29T08:46:31.688176+00:00,0,0.0,True,-0.10277492291881352,False,0.6397639436999673,0.0498553523999673,1.0800299999999652,0.08998605629999999,0.0899834292,-0.530249485499998,-1.030172020499998,False
GOOGL,GOOGL|hyperliquid:xyz:GOOGL|rh_lighter:12,2026-09-29T08:46:31.688176+00:00,2026-09-29T08:51:31.696082+00:00,5,0.007906198501586914,True,-0.06851661527921271,False,0.6397639436999673,0.0498553523999673,1.0216500000000224,0.08998605629999999,0.08996241240000001,-0.47184846870005515,-0.9717710037000551,False
GOOGL,GOOGL|hyperliquid:xyz:GOOGL|rh_lighter:12,2026-09-29T08:46:31.688176+00:00,2026-09-29T09:01:31.789075+00:00,15,0.10089921951293945,False,0.0,True,0.6397639436999673,0.0498553523999673,0.8350599999998849,0.08998605629999999,0.08992403640000002,-0.28522009269991766,-0.7851426276999176,False
GOOGL,GOOGL|hyperliquid:xyz:GOOGL|rh_lighter:12,2026-09-29T08:46:31.688176+00:00,2026-09-29T09:17:30.389597+00:00,30,58.70142126083374,False,0.0,True,0.6397639436999673,0.0498553523999673,1.0508400000001075,0.08998605629999999,0.0898862265,-0.5009622828001402,-1.0008848178001402,False
GOOGL,GOOGL|hyperliquid:xyz:GOOGL|rh_lighter:12,2026-09-29T08:46:31.688176+00:00,2026-09-29T09:47:30.400220+00:00,60,58.71204423904419,False,0.0,True,0.6397639436999673,0.0498553523999673,1.0921670000000177,0.08998605629999999,0.0898757181,-0.5422787744000503,-1.0422013094000504,False
AAPL,AAPL|hyperliquid:xyz:AAPL|rh_lighter:10,2026-09-29T08:47:29.343445+00:00,2026-09-29T08:47:29.343445+00:00,0,0.0,True,-0.10118043844855595,False,0.6015711744998651,0.0116378739998651,0.9784499999999525,0.0899898255,0.089987157,-0.46686598250008743,-0.9668094575000874,False
AAPL,AAPL|hyperliquid:xyz:AAPL|rh_lighter:10,2026-09-29T08:47:29.343445+00:00,2026-09-29T08:52:29.350026+00:00,5,0.00658106803894043,True,-0.03372681281618162,False,0.6015711744998651,0.0116378739998651,1.0120113191632072,0.0899898255,0.08992895417004049,-0.5003690988333827,-1.0003125738333827,False
AAPL,AAPL|hyperliquid:xyz:AAPL|rh_lighter:10,2026-09-29T08:47:29.343445+00:00,2026-09-29T09:02:29.348728+00:00,15,0.0052835941314697266,False,-0.10118043844855595,False,0.6015711744998651,0.0116378739998651,0.9488000000000056,0.0899898255,0.09000049949999998,-0.43722932500014056,-0.9371728000001405,False
AAPL,AAPL|hyperliquid:xyz:AAPL|rh_lighter:10,2026-09-29T08:47:29.343445+00:00,2026-09-29T09:17:29.366888+00:00,30,0.023443222045898438,False,-0.06745362563237434,False,0.6015711744998651,0.0116378739998651,0.8774018393519327,0.0899898255,0.08996956633445832,-0.36580023118652594,-0.8657437061865259,False
AAPL,AAPL|hyperliquid:xyz:AAPL|rh_lighter:10,2026-09-29T08:47:29.343445+00:00,2026-09-29T09:47:29.393187+00:00,60,0.04974222183227539,False,-0.03372681281618162,False,0.6015711744998651,0.0116378739998651,1.0081000000001268,0.0899898255,0.08993111849999999,-0.4964599440002617,-0.9964034190002617,False
META,META|hyperliquid:xyz:META|rh_lighter:13,2026-09-29T08:47:42.451996+00:00,2026-09-29T08:47:42.451996+00:00,0,0.0,True,-0.1436781609195359,False,0.6483753536001353,0.058384227200135363,1.1942298474820063,0.08999864639999999,0.08999614079999999,-0.635850634681871,-1.135843114681871,False
META,META|hyperliquid:xyz:META|rh_lighter:13,2026-09-29T08:47:42.451996+00:00,2026-09-29T08:52:42.548473+00:00,5,0.09647703170776367,True,-0.1436781609195359,False,0.6483753536001353,0.058384227200135363,1.2667200000000776,0.08999864639999999,0.08997108479999999,-0.7083157311999422,-1.2083082111999421,False
META,META|hyperliquid:xyz:META|rh_lighter:13,2026-09-29T08:47:42.451996+00:00,2026-09-29T09:03:42.376438+00:00,15,59.92444181442261,False,-0.1436781609195359,False,0.6483753536001353,0.058384227200135363,1.2110400000000254,0.08999864639999999,0.0899998992,-0.6526645455998901,-1.15265702559989,False
META,META|hyperliquid:xyz:META|rh_lighter:13,2026-09-29T08:47:42.451996+00:00,2026-09-29T09:17:43.728922+00:00,30,1.276926040649414,False,-0.1436781609195359,False,0.6483753536001353,0.058384227200135363,1.1744374100719597,0.08999864639999999,0.09002073263309351,-0.6160827891049179,-1.1160752691049178,False
META,META|hyperliquid:xyz:META|rh_lighter:13,2026-09-29T08:47:42.451996+00:00,2026-09-29T09:47:43.744705+00:00,60,1.2927095890045166,False,-0.2873563218390829,False,0.6483753536001353,0.058384227200135363,1.0161600000000135,0.08999864639999999,0.09015148799999999,-0.4579361343998782,-0.9579286143998782,False
META,META|hyperliquid:xyz:META|rh_lighter:13,2026-09-29T08:49:42.393712+00:00,2026-09-29T08:49:42.393712+00:00,0,0.0,True,-0.14378145219267058,False,0.6750671837000874,0.08517983240008736,1.2936299999998937,0.0899828163,0.0899803125,-0.7085431287998063,-1.2084476637998063,False
META,META|hyperliquid:xyz:META|rh_lighter:13,2026-09-29T08:49:42.393712+00:00,2026-09-29T08:54:42.698146+00:00,5,0.30443406105041504,True,-0.14378145219267058,False,0.6750671837000874,0.08517983240008736,1.3492700000000468,0.0899828163,0.08994651120000001,-0.7641493274999593,-1.2640538624999593,False
META,META|hyperliquid:xyz:META|rh_lighter:13,2026-09-29T08:49:42.393712+00:00,2026-09-29T09:05:42.379119+00:00,15,59.98540759086609,False,-0.14378145219267058,False,0.6750671837000874,0.08517983240008736,1.0571600000000672,0.0899828163,0.0899728011,-0.47206561739997965,-0.9719701523999797,False
META,META|hyperliquid:xyz:META|rh_lighter:13,2026-09-29T08:49:42.393712+00:00,2026-09-29T09:19:43.793744+00:00,30,1.4000322818756104,False,-0.14378145219267058,False,0.6750671837000874,0.08517983240008736,1.1545300000000225,0.0899828163,0.0899965872,-0.569459403499935,-1.069363938499935,False
META,META|hyperliquid:xyz:META|rh_lighter:13,2026-09-29T08:49:42.393712+00:00,2026-09-29T09:49:43.751802+00:00,60,1.3580901622772217,False,-0.35945363048167644,False,0.6750671837000874,0.08517983240008736,1.3214499999999134,0.0899828163,0.09014681520000001,-0.736529631499826,-1.236434166499826,False
CRCL,CRCL|hyperliquid:xyz:CRCL|rh_lighter:24,2026-09-29T08:50:45.393591+00:00,2026-09-29T08:50:45.393591+00:00,0,0.0,True,-0.103689622396963,False,0.6391063104300192,0.049154234360019144,1.2236578061587124,0.08999268957,0.08997706602000001,-0.6745285617486932,-1.1744879482486932,False
CRCL,CRCL|hyperliquid:xyz:CRCL|rh_lighter:24,2026-09-29T08:50:45.393591+00:00,2026-09-29T08:56:45.626526+00:00,5,60.23293471336365,True,-0.12097122612979572,False,0.6391063104300192,0.049154234360019144,1.3879620346914407,0.08999268957,0.08997706602000001,-0.8388327902814215,-1.3387921767814215,False
CRCL,CRCL|hyperliquid:xyz:CRCL|rh_lighter:24,2026-09-29T08:50:45.393591+00:00,2026-09-29T09:06:45.061982+00:00,15,59.66839122772217,False,0.025922405599243525,True,0.6391063104300192,0.049154234360019144,1.3237428540082874,0.08999268957,0.08985207762000001,-0.7744886211982682,-1.2744480076982683,False
CRCL,CRCL|hyperliquid:xyz:CRCL|rh_lighter:24,2026-09-29T08:50:45.393591+00:00,2026-09-29T09:21:45.385234+00:00,30,59.99164342880249,False,-0.12097122612979572,False,0.6391063104300192,0.049154234360019144,0.9862450727570149,0.08999268957,0.09001247940000001,-0.43715124172699565,-0.9371106282269956,False
CRCL,CRCL|hyperliquid:xyz:CRCL|rh_lighter:24,2026-09-29T08:50:45.393591+00:00,2026-09-29T09:50:45.402667+00:00,60,0.00907588005065918,False,-0.5270889138512036,False,0.6391063104300192,0.049154234360019144,0.669597373523402,0.08999268957,0.09041660856000001,-0.12090767165338275,-0.6208670581533827,False
AAPL,AAPL|hyperliquid:xyz:AAPL|rh_lighter:10,2026-09-29T08:51:29.422029+00:00,2026-09-29T08:51:29.422029+00:00,0,0.0,True,-0.10114632501686538,False,0.5921998648001303,0.002330089600130314,0.9787799999999152,0.08998013519999999,0.0899774658,-0.4765576009997848,-0.9764472409997847,False
AAPL,AAPL|hyperliquid:xyz:AAPL|rh_lighter:10,2026-09-29T08:51:29.422029+00:00,2026-09-29T08:57:29.350181+00:00,5,59.92815279960632,True,-0.13486176668914274,False,0.5921998648001303,0.002330089600130314,0.9230388264686553,0.08998013519999999,0.090025515,-0.42086447666852494,-0.9207541166685249,False
AAPL,AAPL|hyperliquid:xyz:AAPL|rh_lighter:10,2026-09-29T08:51:29.422029+00:00,2026-09-29T09:07:29.360060+00:00,15,59.93803143501282,False,-0.10114632501686538,False,0.5921998648001303,0.002330089600130314,0.9194600000000719,0.08998013519999999,0.0900041598,-0.4172642949999415,-0.9171539349999415,False
AAPL,AAPL|hyperliquid:xyz:AAPL|rh_lighter:10,2026-09-29T08:51:29.422029+00:00,2026-09-29T09:21:29.507256+00:00,30,0.08522725105285645,False,-0.10114632501686538,False,0.5921998648001303,0.002330089600130314,0.8304800000000796,0.08998013519999999,0.0899934822,-0.3282736173999492,-0.8281632573999491,False
AAPL,AAPL|hyperliquid:xyz:AAPL|rh_lighter:10,2026-09-29T08:51:29.422029+00:00,2026-09-29T09:51:29.508496+00:00,60,0.08646774291992188,False,-0.03371544167229956,False,0.5921998648001303,0.002330089600130314,0.9194600000000719,0.08998013519999999,0.08992407780000002,-0.4171842129999415,-0.9170738529999415,False
INTC,INTC|hyperliquid:xyz:INTC|rh_lighter:30,2026-09-29T08:54:46.549027+00:00,2026-09-29T08:54:46.549027+00:00,0,0.0,True,-0.11627906976744429,False,0.5980379799999882,0.008286959999988297,1.2040000000000646,0.08996201999999999,0.08995428,-0.6959163000000763,-1.1957053000000761,False
INTC,INTC|hyperliquid:xyz:INTC|rh_lighter:30,2026-09-29T08:54:46.549027+00:00,2026-09-29T09:00:46.400214+00:00,5,59.851186990737915,False,0.0,True,0.5980379799999882,0.008286959999988297,0.9460000000000264,0.08996201999999999,0.08987687999999999,-0.43783890000003817,-0.937627900000038,False
INTC,INTC|hyperliquid:xyz:INTC|rh_lighter:30,2026-09-29T08:54:46.549027+00:00,2026-09-29T09:09:46.618850+00:00,15,0.0698235034942627,False,0.23255813953488857,True,0.5980379799999882,0.008286959999988297,1.1179999999999382,0.08996201999999999,0.08968338,-0.6096453999999499,-1.1094343999999499,False
INTC,INTC|hyperliquid:xyz:INTC|rh_lighter:30,2026-09-29T08:54:46.549027+00:00,2026-09-29T09:25:46.554062+00:00,30,60.005035161972046,False,0.34883720930234396,True,0.5980379799999882,0.008286959999988297,1.1501299188876146,0.08996201999999999,0.08948988000000001,-0.6415818188876264,-1.1413708188876264,False
INTC,INTC|hyperliquid:xyz:INTC|rh_lighter:30,2026-09-29T08:54:46.549027+00:00,2026-09-29T09:55:46.675282+00:00,60,60.12625503540039,False,0.0,True,0.5980379799999882,0.008286959999988297,1.032000000000039,0.08996201999999999,0.08988462,-0.5238466400000509,-1.0236356400000508,False
INTC,INTC|hyperliquid:xyz:INTC|lighter:137,2026-09-29T08:55:36.051270+00:00,2026-09-29T08:55:36.051270+00:00,0,0.0,True,-0.11600928074245731,False,0.6513271999999733,0.061374399999973406,1.0171600000001035,0.0899928,0.08998504199999999,-0.4558178420001302,-0.9557778420001302,False
INTC,INTC|hyperliquid:xyz:INTC|lighter:137,2026-09-29T08:55:36.051270+00:00,2026-09-29T09:01:11.892012+00:00,5,35.84074282646179,False,-0.23201856148491462,False,0.6513271999999733,0.061374399999973406,0.6809799999999768,0.0899928,0.09013244399999999,-0.11978524400000348,-0.6197452440000034,False
INTC,INTC|hyperliquid:xyz:INTC|lighter:137,2026-09-29T08:55:36.051270+00:00,2026-09-29T09:11:00.911624+00:00,15,24.86035418510437,False,0.0,True,0.6513271999999733,0.061374399999973406,0.7238469999998642,0.0899928,0.08986867200000001,-0.16238847199989093,-0.6623484719998909,False
INTC,INTC|hyperliquid:xyz:INTC|lighter:137,2026-09-29T08:55:36.051270+00:00,2026-09-29T09:26:14.079198+00:00,30,38.027928590774536,False,0.23201856148493682,True,0.6513271999999733,0.061374399999973406,0.8706199999999171,0.0899928,0.089666964,-0.3089597639999438,-0.8089197639999437,False
INTC,INTC|hyperliquid:xyz:INTC|lighter:137,2026-09-29T08:55:36.051270+00:00,2026-09-29T09:56:35.878193+00:00,60,59.82692313194275,False,-0.11600928074245731,False,0.6513271999999733,0.061374399999973406,0.5603000000000975,0.0899928,0.089961768,0.0010654319998758405,-0.4988945680001241,False
MSFT,MSFT|hyperliquid:xyz:MSFT|rh_lighter:14,2026-09-29T08:55:38.801545+00:00,2026-09-29T08:55:38.801545+00:00,0,0.0,True,-0.10172939979654627,False,0.5981136242000767,0.008202938400076742,1.0419799999999668,0.08998637579999999,0.08997929819999999,-0.53384567399989,-1.03376998399989,False
MSFT,MSFT|hyperliquid:xyz:MSFT|rh_lighter:14,2026-09-29T08:55:38.801545+00:00,2026-09-29T09:01:38.395060+00:00,5,59.59351468086243,False,-0.10172939979654627,False,0.5981136242000767,0.008202938400076742,1.1795999999999367,0.08998637579999999,0.08995806540000001,-0.6714444411998599,-1.1713687511998598,False
MSFT,MSFT|hyperliquid:xyz:MSFT|rh_lighter:14,2026-09-29T08:55:38.801545+00:00,2026-09-29T09:11:38.838450+00:00,15,60.03690505027771,False,-0.050864699898267585,False,0.5981136242000767,0.008202938400076742,0.9092574910940812,0.08998637579999999,0.0899368326,-0.40108069949400443,-0.9010050094940044,False
MSFT,MSFT|hyperliquid:xyz:MSFT|rh_lighter:14,2026-09-29T08:55:38.801545+00:00,2026-09-29T09:26:37.417976+00:00,30,58.61643075942993,False,0.05086469989827869,True,0.5981136242000767,0.008202938400076742,1.1941336075241225,0.08998637579999999,0.08983776509039147,-0.6858577484144371,-1.1857820584144372,False
MSFT,MSFT|hyperliquid:xyz:MSFT|rh_lighter:14,2026-09-29T08:55:38.801545+00:00,2026-09-29T09:56:37.415705+00:00,60,58.61416006088257,False,-0.050864699898267585,False,0.5981136242000767,0.008202938400076742,1.1206199999999171,0.08998637579999999,0.08991029160000001,-0.6124166673998404,-1.1123409773998403,False
CRCL,CRCL|hyperliquid:xyz:CRCL|rh_lighter:24,2026-09-29T08:55:45.355462+00:00,2026-09-29T08:55:45.355462+00:00,0,0.0,True,-0.10365379632029104,False,0.6107662962500517,0.020787905000051676,1.2040079999999307,0.08999670375,0.08997794901,-0.683219652759879,-1.1832013402598789,False
CRCL,CRCL|hyperliquid:xyz:CRCL|rh_lighter:24,2026-09-29T08:55:45.355462+00:00,2026-09-29T09:00:45.466621+00:00,5,0.11115884780883789,False,-0.11229161268031529,False,0.6107662962500517,0.020787905000051676,1.5335140076098241,0.08999670375,0.08996232006,-1.0127100314197723,-1.5126917189197724,False
CRCL,CRCL|hyperliquid:xyz:CRCL|rh_lighter:24,2026-09-29T08:55:45.355462+00:00,2026-09-29T09:10:45.379283+00:00,15,0.023821115493774414,False,-0.008637816360024253,False,0.6107662962500517,0.020787905000051676,1.316333702488123,0.08999670375,0.08988209144999999,-0.7954494976880713,-1.2954311851880713,False
CRCL,CRCL|hyperliquid:xyz:CRCL|rh_lighter:24,2026-09-29T08:55:45.355462+00:00,2026-09-29T09:25:45.390190+00:00,30,0.03472757339477539,False,-0.05182689816014552,False,0.6107662962500517,0.020787905000051676,1.252255004926269,0.08999670375,0.08993350530620688,-0.7314222139824242,-1.2314039014824243,False
CRCL,CRCL|hyperliquid:xyz:CRCL|rh_lighter:24,2026-09-29T08:55:45.355462+00:00,2026-09-29T09:55:45.632895+00:00,60,0.2774324417114258,False,-0.716938757882013,False,0.6107662962500517,0.020787905000051676,0.7426382615275315,0.08999670375,0.09058122648000001,-0.2224531917574798,-0.7224348792574798,False
SAMSUNGUSD,SAMSUNGUSD|hyperliquid:xyz:SMSN|lighter:162,2026-09-29T08:56:29.704216+00:00,2026-09-29T08:56:29.704216+00:00,0,0.0,True,-0.1214083367057972,False,0.7783484251001206,0.18844954520012064,1.5509489813614437,0.08998457489999999,0.08996883957167748,-0.8625693958330005,-1.3624837008330004,False
SAMSUNGUSD,SAMSUNGUSD|hyperliquid:xyz:SMSN|lighter:162,2026-09-29T08:56:29.704216+00:00,2026-09-29T09:02:05.424702+00:00,5,35.72048568725586,False,-0.14164305949009304,False,0.7783484251001206,0.18844954520012064,1.0773560000001225,0.08998457489999999,0.0900190242,-0.389026599100002,-0.8889409041000019,False
SAMSUNGUSD,SAMSUNGUSD|hyperliquid:xyz:SMSN|lighter:162,2026-09-29T08:56:29.704216+00:00,2026-09-29T09:11:54.126618+00:00,15,24.422402143478394,False,0.0,True,0.7783484251001206,0.18844954520012064,1.527078000000074,0.08998457489999999,0.08984556,-0.8385751348999535,-1.3384894398999534,False
SAMSUNGUSD,SAMSUNGUSD|hyperliquid:xyz:SMSN|lighter:162,2026-09-29T08:56:29.704216+00:00,2026-09-29T09:27:08.780302+00:00,30,39.076085567474365,False,0.16187778227438887,True,0.7783484251001206,0.18844954520012064,0.8006040000000212,0.08998457489999999,0.089778843,-0.11203441789990058,-0.6119487228999005,False
SAMSUNGUSD,SAMSUNGUSD|hyperliquid:xyz:SMSN|lighter:162,2026-09-29T08:56:29.704216+00:00,2026-09-29T09:57:30.028577+00:00,60,60.3243613243103,False,0.14164305949007083,True,0.7783484251001206,0.18844954520012064,0.8104880000000776,0.08998457489999999,0.0897921864,-0.12193176129995699,-0.621846066299957,False
SNDK,SNDK|hyperliquid:xyz:SNDK|rh_lighter:32,2026-09-29T08:57:26.582267+00:00,2026-09-29T08:57:26.582267+00:00,0,0.0,True,-0.17301038062284002,False,0.6036678240000604,0.014112448000060451,0.8128563258231907,0.08993217599999999,0.08992697399999999,-0.29911547582313025,-0.7987386758231301,False
SNDK,SNDK|hyperliquid:xyz:SNDK|rh_lighter:32,2026-09-29T08:57:26.582267+00:00,2026-09-29T09:03:26.387869+00:00,5,59.805601596832275,False,0.0,True,0.6036678240000604,0.014112448000060451,0.7860799999999699,0.08993217599999999,0.089906166,-0.2723183419999095,-0.7719415419999094,False
SNDK,SNDK|hyperliquid:xyz:SNDK|rh_lighter:32,2026-09-29T08:57:26.582267+00:00,2026-09-29T09:12:26.736757+00:00,15,0.15448999404907227,False,0.0,True,0.6036678240000604,0.014112448000060451,0.7826119999999719,0.08993217599999999,0.08991136799999999,-0.26885554399991146,-0.7684787439999113,False
SNDK,SNDK|hyperliquid:xyz:SNDK|rh_lighter:32,2026-09-29T08:57:26.582267+00:00,2026-09-29T09:27:27.001646+00:00,30,0.41937875747680664,False,0.17301038062282892,True,0.6036678240000604,0.014112448000060451,0.9065485768566077,0.08993217599999999,0.089729298,-0.3926100508565473,-0.8922332508565471,False
SNDK,SNDK|hyperliquid:xyz:SNDK|rh_lighter:32,2026-09-29T08:57:26.582267+00:00,2026-09-29T09:57:26.722445+00:00,60,0.14017796516418457,False,-0.17301038062284002,False,0.6036678240000604,0.014112448000060451,0.8554399999999305,0.08993217599999999,0.089937378,-0.3417095539998701,-0.84133275399987,False
MSFT,MSFT|hyperliquid:xyz:MSFT|rh_lighter:14,2026-09-29T08:57:38.756156+00:00,2026-09-29T08:57:38.756156+00:00,0,0.0,True,-0.10167768174885738,False,0.6378091916000272,0.04793500320002725,1.1801999999998998,0.0899808084,0.08997195690000001,-0.6323627652998726,-1.1322561452998725,False
MSFT,MSFT|hyperliquid:xyz:MSFT|rh_lighter:14,2026-09-29T08:57:38.756156+00:00,2026-09-29T09:03:38.375501+00:00,5,59.61934518814087,False,-0.10167768174885738,False,0.6378091916000272,0.04793500320002725,1.2392099999999573,0.0899808084,0.089966646,-0.6913674543999301,-1.19126083439993,False
MSFT,MSFT|hyperliquid:xyz:MSFT|rh_lighter:14,2026-09-29T08:57:38.756156+00:00,2026-09-29T09:13:38.377421+00:00,15,59.62126541137695,False,-0.10167768174885738,False,0.6378091916000272,0.04793500320002725,0.9494844137406062,0.0899808084,0.08996404415450382,-0.4016392662950828,-0.9015326462950828,False
MSFT,MSFT|hyperliquid:xyz:MSFT|rh_lighter:14,2026-09-29T08:57:38.756156+00:00,2026-09-29T09:28:37.381860+00:00,30,58.62570405006409,False,-0.10167768174885738,False,0.6378091916000272,0.04793500320002725,0.8247585954198939,0.0899808084,0.08997916242641223,-0.27692856624627893,-0.7768219462462789,False
MSFT,MSFT|hyperliquid:xyz:MSFT|rh_lighter:14,2026-09-29T08:57:38.756156+00:00,2026-09-29T09:58:37.251425+00:00,60,58.49526929855347,False,-0.050838840874434243,False,0.6378091916000272,0.04793500320002725,1.1013239003051467,0.0899808084,0.08990735805869787,-0.5534220667638173,-1.0533154467638173,False
META,META|hyperliquid:xyz:META|rh_lighter:13,2026-09-29T08:57:42.456258+00:00,2026-09-29T08:57:42.456258+00:00,0,0.0,True,-0.1436781609195359,False,0.717376387200017,0.127483814400017,1.3223999999999023,0.0899836128,0.089976096,-0.6949997087998854,-1.1949086687998853,False
META,META|hyperliquid:xyz:META|rh_lighter:13,2026-09-29T08:57:42.456258+00:00,2026-09-29T09:03:42.376438+00:00,5,59.92018008232117,False,-0.1436781609195359,False,0.717376387200017,0.127483814400017,1.2110400000000254,0.0899836128,0.0899998992,-0.5836635120000084,-1.0835724720000084,False
META,META|hyperliquid:xyz:META|rh_lighter:13,2026-09-29T08:57:42.456258+00:00,2026-09-29T09:12:42.710203+00:00,15,0.25394535064697266,False,-0.21551724137930384,False,0.717376387200017,0.127483814400017,1.0996800000000349,0.0899836128,0.0900850896,-0.4723887024000179,-0.9722976624000179,False
META,META|hyperliquid:xyz:META|rh_lighter:13,2026-09-29T08:57:42.456258+00:00,2026-09-29T09:27:43.881755+00:00,30,1.425497055053711,False,-0.07183908045975684,False,0.717376387200017,0.127483814400017,1.2667240028755486,0.0899836128,0.0899472816,-0.6392948972755317,-1.1392038572755316,False
META,META|hyperliquid:xyz:META|rh_lighter:13,2026-09-29T08:57:42.456258+00:00,2026-09-29T09:57:44.031149+00:00,60,1.5748918056488037,False,-0.2873563218390829,False,0.717376387200017,0.127483814400017,1.2249599999998964,0.0899836128,0.0901377072,-0.5977213199998794,-1.0976302799998794,False
CRCL,CRCL|hyperliquid:xyz:CRCL|rh_lighter:24,2026-09-29T08:58:45.368402+00:00,2026-09-29T08:58:45.368402+00:00,0,0.0,True,-0.12092942904032844,False,0.6107713381801554,0.02079977736015548,1.3445008972583992,0.08999566182,0.08998467312142956,-0.8237142321996733,-1.3236901311996734,False
CRCL,CRCL|hyperliquid:xyz:CRCL|rh_lighter:24,2026-09-29T08:58:45.368402+00:00,2026-09-29T09:04:45.359133+00:00,5,59.99073076248169,False,-0.07774034724021828,False,0.6107713381801554,0.02079977736015548,1.4498150912862684,0.08999566182,0.08993418795,-0.928977941056113,-1.428953840056113,False
CRCL,CRCL|hyperliquid:xyz:CRCL|rh_lighter:24,2026-09-29T08:58:45.368402+00:00,2026-09-29T09:13:45.571945+00:00,15,0.20354223251342773,False,-0.04318908180013237,False,0.6107713381801554,0.02079977736015548,1.3001915407882052,0.08999566182,0.08991543320999999,-0.7793356358180498,-1.2793115348180497,False
CRCL,CRCL|hyperliquid:xyz:CRCL|rh_lighter:24,2026-09-29T08:58:45.368402+00:00,2026-09-29T09:28:45.517150+00:00,30,0.14874792098999023,False,-0.02591344908007276,False,0.6107713381801554,0.02079977736015548,1.152750717469985,0.08999566182,0.08991751707000001,-0.6318968963598295,-1.1318727953598295,False
CRCL,CRCL|hyperliquid:xyz:CRCL|rh_lighter:24,2026-09-29T08:58:45.368402+00:00,2026-09-29T09:59:45.417942+00:00,60,60.04953932762146,False,-0.5528202470415522,False,0.6107713381801554,0.02079977736015548,0.7958204566142513,0.08999566182,0.09042389505,-0.2754730134840959,-0.7754489124840959,False
MSFT,MSFT|hyperliquid:xyz:MSFT|rh_lighter:14,2026-09-29T09:00:38.401307+00:00,2026-09-29T09:00:38.401307+00:00,0,0.0,True,-0.10172939979654627,False,0.7750695488000218,0.1852632576000217,1.1550229979633286,0.0899704512,0.0899686818,-0.46992213096330687,-0.9697579709633068,False
MSFT,MSFT|hyperliquid:xyz:MSFT|rh_lighter:14,2026-09-29T09:00:38.401307+00:00,2026-09-29T09:06:38.645562+00:00,5,60.24425554275513,True,-0.050864699898267585,False,0.7750695488000218,0.1852632576000217,1.1992599999999811,0.0899704512,0.0899226774,-0.5141131285999594,-1.0139489685999594,False
MSFT,MSFT|hyperliquid:xyz:MSFT|rh_lighter:14,2026-09-29T09:00:38.401307+00:00,2026-09-29T09:16:37.686483+00:00,15,59.285176277160645,True,-0.050864699898267585,False,0.7750695488000218,0.1852632576000217,0.9830000000000609,0.0899704512,0.08991383039999999,-0.2978442816000391,-0.7976801216000391,False
MSFT,MSFT|hyperliquid:xyz:MSFT|rh_lighter:14,2026-09-29T09:00:38.401307+00:00,2026-09-29T09:31:37.585451+00:00,30,59.184144496917725,True,0.0,True,0.7750695488000218,0.1852632576000217,0.9043599999999969,0.0899704512,0.0898872894,-0.21917774059997513,-0.7190135805999751,False
MSFT,MSFT|hyperliquid:xyz:MSFT|rh_lighter:14,2026-09-29T09:00:38.401307+00:00,2026-09-29T10:01:37.037575+00:00,60,58.636268615722656,False,0.0,True,0.7750695488000218,0.1852632576000217,1.2582400000001144,0.0899704512,0.089867826,-0.5730382772000926,-1.0728741172000926,False
NBIS,NBIS|hyperliquid:xyz:NBIS|lighter:189,2026-09-29T09:01:26.723350+00:00,2026-09-29T09:01:26.723350+00:00,0,0.0,True,-0.23529411764705577,False,0.5900474750000637,0.0003587000000637719,1.1049999999999045,0.089952525,0.08992957500000001,-0.6048820999998408,-1.1046183499998408,False
NBIS,NBIS|hyperliquid:xyz:NBIS|lighter:189,2026-09-29T09:01:26.723350+00:00,2026-09-29T09:07:02.885789+00:00,5,36.16243886947632,True,0.0,True,0.5900474750000637,0.0003587000000637719,1.0366000000000213,0.089952525,0.089801856,-0.5363543809999576,-1.0360906309999576,False
NBIS,NBIS|hyperliquid:xyz:NBIS|lighter:189,2026-09-29T09:01:26.723350+00:00,2026-09-29T09:16:53.025417+00:00,15,26.302067041397095,True,0.23529411764704466,True,0.5900474750000637,0.0003587000000637719,0.8174765258215757,0.089952525,0.08959590211267605,-0.3170249529341881,-0.8167612029341881,False
NBIS,NBIS|hyperliquid:xyz:NBIS|lighter:189,2026-09-29T09:01:26.723350+00:00,2026-09-29T09:32:03.990139+00:00,30,37.26678919792175,True,0.47058823529411153,True,0.5900474750000637,0.0003587000000637719,0.6582025761124441,0.089952525,0.08947253676814988,-0.15762763788053036,-0.6573638878805304,False
NBIS,NBIS|hyperliquid:xyz:NBIS|lighter:189,2026-09-29T09:01:26.723350+00:00,2026-09-29T10:02:25.733422+00:00,60,59.01007127761841,False,0.0,True,0.5900474750000637,0.0003587000000637719,1.11200000000008,0.089952525,0.08971092,-0.6116634450000163,-1.1113996950000162,False
AAPL,AAPL|hyperliquid:xyz:AAPL|rh_lighter:10,2026-09-29T09:01:29.351778+00:00,2026-09-29T09:01:29.351778+00:00,0,0.0,True,-0.06747638326585204,False,0.5917445195999275,0.0019052591999274004,0.9484799999999041,0.0899754804,0.0899701452,-0.4467056255999766,-0.9465694055999767,False
AAPL,AAPL|hyperliquid:xyz:AAPL|rh_lighter:10,2026-09-29T09:01:29.351778+00:00,2026-09-29T09:07:29.360060+00:00,5,60.00828194618225,True,-0.03373819163292602,False,0.5917445195999275,0.0019052591999274004,0.9188400000000456,0.0899754804,0.0899434692,-0.41703894960011817,-0.9169027296001182,False
AAPL,AAPL|hyperliquid:xyz:AAPL|rh_lighter:10,2026-09-29T09:01:29.351778+00:00,2026-09-29T09:16:29.672981+00:00,15,0.32120251655578613,True,-0.03373819163292602,False,0.5917445195999275,0.0019052591999274004,0.8595599999999877,0.0899754804,0.0899327988,-0.3577482792000602,-0.8576120592000602,False
AAPL,AAPL|hyperliquid:xyz:AAPL|rh_lighter:10,2026-09-29T09:01:29.351778+00:00,2026-09-29T09:31:29.583587+00:00,30,0.23180913925170898,True,0.0,True,0.5917445195999275,0.0019052591999274004,0.9781199999999899,0.0899754804,0.08989812,-0.4762736004000624,-0.9761373804000624,False
AAPL,AAPL|hyperliquid:xyz:AAPL|rh_lighter:10,2026-09-29T09:01:29.351778+00:00,2026-09-29T10:01:29.492945+00:00,60,0.14116692543029785,False,0.0,True,0.5917445195999275,0.0019052591999274004,0.9484800000000178,0.0899754804,0.0898954524,-0.4466309328000903,-0.9464947128000903,False
META,META|hyperliquid:xyz:META|rh_lighter:13,2026-09-29T09:04:42.374097+00:00,2026-09-29T09:04:42.374097+00:00,0,0.0,True,-0.07189072609634639,False,0.633355962200058,0.043591714400058046,1.098889999999983,0.08996403780000001,0.0899627859,-0.5554968236999251,-1.055297033699925,False
META,META|hyperliquid:xyz:META|rh_lighter:13,2026-09-29T09:04:42.374097+00:00,2026-09-29T09:09:42.631944+00:00,5,0.25784754753112793,True,-0.07189072609634639,False,0.633355962200058,0.043591714400058046,1.0154300000000376,0.08996403780000001,0.089936496,-0.4720105337999797,-0.9718107437999797,False
META,META|hyperliquid:xyz:META|rh_lighter:13,2026-09-29T09:04:42.374097+00:00,2026-09-29T09:19:43.793744+00:00,15,1.419647216796875,True,-0.14378145219267058,False,0.633355962200058,0.043591714400058046,1.1545300000000225,0.08996403780000001,0.0899965872,-0.6111706249999646,-1.1109708349999645,False
META,META|hyperliquid:xyz:META|rh_lighter:13,2026-09-29T09:04:42.374097+00:00,2026-09-29T09:34:43.759270+00:00,30,1.3851730823516846,True,-0.07189072609634639,False,0.633355962200058,0.043591714400058046,1.3244121294965225,0.08996403780000001,0.08990868760834532,-0.7809648549048099,-1.28076506490481,False
META,META|hyperliquid:xyz:META|rh_lighter:13,2026-09-29T09:04:42.374097+00:00,2026-09-29T10:04:43.963552+00:00,60,1.5894553661346436,False,-0.28756290438533005,False,0.633355962200058,0.043591714400058046,1.3353599999999233,0.08996403780000001,0.09013054050000001,-0.7921345782998653,-1.2919347882998653,False
BRENTOIL,BRENTOIL|lighter:159|hyperliquid:xyz:BRENTOIL,2026-09-29T09:06:26.995408+00:00,2026-09-29T09:06:26.995408+00:00,0,0.0,True,-0.09765625,False,0.7803743856000734,0.19049090270007346,1.0426181818181703,0.0900486144,0.09005121163636363,-0.35229500785446055,-0.8521298763544605,False
BRENTOIL,BRENTOIL|lighter:159|hyperliquid:xyz:BRENTOIL,2026-09-29T09:06:26.995408+00:00,2026-09-29T09:12:03.632396+00:00,5,36.636988162994385,True,-0.09765625,False,0.7803743856000734,0.19049090270007346,0.7168000000000347,0.0900486144,0.09006796800000001,-0.026493582399961316,-0.5263284508999613,False
BRENTOIL,BRENTOIL|lighter:159|hyperliquid:xyz:BRENTOIL,2026-09-29T09:06:26.995408+00:00,2026-09-29T09:21:45.859903+00:00,15,18.864495038986206,True,-0.1953125,False,0.7803743856000734,0.19049090270007346,0.6655999999999267,0.0900486144,0.090164736,0.02460964960014675,-0.47522521889985325,False
BRENTOIL,BRENTOIL|lighter:159|hyperliquid:xyz:BRENTOIL,2026-09-29T09:06:26.995408+00:00,2026-09-29T09:36:56.614585+00:00,30,29.619176864624023,True,0.09765625,True,0.7803743856000734,0.19049090270007346,0.19456000000013773,0.0900486144,0.08987351040000001,0.4959408751999357,-0.0038939933000642912,False
BRENTOIL,BRENTOIL|lighter:159|hyperliquid:xyz:BRENTOIL,2026-09-29T09:06:26.995408+00:00,2026-09-29T10:07:17.799873+00:00,60,50.80446481704712,False,0.29296875,True,0.7803743856000734,0.19049090270007346,0.6451200000000199,0.0900486144,0.08966522880000001,0.04558915680005353,-0.45424571169994643,False
AAPL,AAPL|hyperliquid:xyz:AAPL|rh_lighter:10,2026-09-29T09:06:29.039354+00:00,2026-09-29T09:06:29.039354+00:00,0,0.0,True,-0.06745362563237434,False,0.6216091854999051,0.031780845999905105,0.8766813533579807,0.0899738145,0.08996963117819778,-0.3450417990362734,-0.8448963240362735,False
AAPL,AAPL|hyperliquid:xyz:AAPL|rh_lighter:10,2026-09-29T09:06:29.039354+00:00,2026-09-29T09:11:29.540492+00:00,5,0.5011377334594727,True,-0.06745362563237434,False,0.6216091854999051,0.031780845999905105,0.8587032264596246,0.0899738145,0.08997915150000001,-0.32707319245971955,-0.8269277174597196,False
AAPL,AAPL|hyperliquid:xyz:AAPL|rh_lighter:10,2026-09-29T09:06:29.039354+00:00,2026-09-29T09:21:29.507256+00:00,15,0.46790194511413574,True,-0.06745362563237434,False,0.6216091854999051,0.031780845999905105,0.8302000000001044,0.0899738145,0.0899631405,-0.2985539550001994,-0.7984084800001994,False
AAPL,AAPL|hyperliquid:xyz:AAPL|rh_lighter:10,2026-09-29T09:06:29.039354+00:00,2026-09-29T09:36:29.385899+00:00,30,0.3465452194213867,True,-0.06745362563237434,False,0.6216091854999051,0.031780845999905105,0.8894999999999982,0.0899738145,0.08997915150000001,-0.35786996600009313,-0.8577244910000932,False
AAPL,AAPL|hyperliquid:xyz:AAPL|rh_lighter:10,2026-09-29T09:06:29.039354+00:00,2026-09-29T10:06:29.414539+00:00,60,0.3751852512359619,False,0.0,True,0.6216091854999051,0.031780845999905105,0.8610660000001644,0.0899738145,0.089907102,-0.32936391650025937,-0.8292184415002594,False
CRCL,CRCL|hyperliquid:xyz:CRCL|rh_lighter:24,2026-09-29T09:06:45.061982+00:00,2026-09-29T09:06:45.061982+00:00,0,0.0,True,-0.11217533868322915,False,0.5937548821500294,0.0037803318000294572,1.3255729659639428,0.08999611785,0.08997630066000002,-0.8217943844739135,-1.3217728169739136,False
CRCL,CRCL|hyperliquid:xyz:CRCL|rh_lighter:24,2026-09-29T09:06:45.061982+00:00,2026-09-29T09:11:45.456767+00:00,5,0.39478445053100586,True,-0.08628872206402072,False,0.5937548821500294,0.0037803318000294572,1.2255294937386907,0.08999611785,0.08996482755,-0.7217394391386613,-1.2217178716386612,False
CRCL,CRCL|hyperliquid:xyz:CRCL|rh_lighter:24,2026-09-29T09:06:45.061982+00:00,2026-09-29T09:21:45.385234+00:00,15,0.32325220108032227,True,-0.25886616619208436,False,0.5937548821500294,0.0037803318000294572,0.987608584479517,0.08999611785,0.0901369242,-0.48399062652948777,-0.9839690590294877,False
CRCL,CRCL|hyperliquid:xyz:CRCL|rh_lighter:24,2026-09-29T09:06:45.061982+00:00,2026-09-29T09:36:45.391691+00:00,30,0.3297092914581299,True,-0.2243506773664694,False,0.5937548821500294,0.0037803318000294572,0.875111318170184,0.08999611785,0.09011815002000001,-0.37147458604015465,-0.8714530185401546,False
CRCL,CRCL|hyperliquid:xyz:CRCL|rh_lighter:24,2026-09-29T09:06:45.061982+00:00,2026-09-29T10:06:45.426271+00:00,60,0.3642888069152832,False,-0.6903097765122101,False,0.5937548821500294,0.0037803318000294572,0.8691749999998137,0.08999611785,0.09054161208000001,-0.36596172992978443,-0.8659401624297844,False
META,META|hyperliquid:xyz:META|rh_lighter:13,2026-09-29T09:07:42.532230+00:00,2026-09-29T09:07:42.532230+00:00,0,0.0,True,-0.07189072609634639,False,0.6472747255001815,0.05756792600018157,1.0849800000002006,0.0899552745,0.0899540226,-0.5276592971000191,-1.027410822100019,False
META,META|hyperliquid:xyz:META|rh_lighter:13,2026-09-29T09:07:42.532230+00:00,2026-09-29T09:12:42.710203+00:00,5,0.17797279357910156,True,-0.14378145219267058,False,0.6472747255001815,0.05756792600018157,1.098889999999983,0.0899552745,0.09002037330000001,-0.5416356477998017,-1.0413871727998016,False
META,META|hyperliquid:xyz:META|rh_lighter:13,2026-09-29T09:07:42.532230+00:00,2026-09-29T09:22:43.744663+00:00,15,1.2124323844909668,True,-0.14378145219267058,False,0.6472747255001815,0.05756792600018157,1.222347508999178,0.0899552745,0.08997796462419008,-0.6650507481231865,-1.1648022731231866,False
META,META|hyperliquid:xyz:META|rh_lighter:13,2026-09-29T09:07:42.532230+00:00,2026-09-29T09:37:43.739211+00:00,30,1.2069811820983887,True,-0.07189072609634639,False,0.6472747255001815,0.05756792600018157,1.1684400000000323,0.0899552745,0.08994651120000001,-0.6111117856998508,-1.110863310699851,False
META,META|hyperliquid:xyz:META|rh_lighter:13,2026-09-29T09:07:42.532230+00:00,2026-09-29T10:07:43.765239+00:00,60,1.2330083847045898,False,-0.21567217828900587,False,0.6472747255001815,0.05756792600018157,1.3631800000000567,0.0899552745,0.0900629379,-0.8059682123998752,-1.3057197373998752,False
AAPL,AAPL|hyperliquid:xyz:AAPL|rh_lighter:10,2026-09-29T09:10:29.485002+00:00,2026-09-29T09:10:29.485002+00:00,0,0.0,True,-0.10118043844855595,False,0.6215835059999227,0.03163271199992268,0.8894999999998845,0.08999249399999999,0.0899898255,-0.35790631949996177,-0.8578646194999618,False
AAPL,AAPL|hyperliquid:xyz:AAPL|rh_lighter:10,2026-09-29T09:10:29.485002+00:00,2026-09-29T09:16:29.672981+00:00,5,60.187978982925415,True,-0.06745362563237434,False,0.6215835059999227,0.03163271199992268,0.8598500000000513,0.08999249399999999,0.0899631405,-0.32822963450012854,-0.8281879345001286,False
AAPL,AAPL|hyperliquid:xyz:AAPL|rh_lighter:10,2026-09-29T09:10:29.485002+00:00,2026-09-29T09:25:29.490586+00:00,15,0.005584001541137695,True,-0.06745362563237434,False,0.6215835059999227,0.03163271199992268,0.9132159973000853,0.08999249399999999,0.08996367456024298,-0.38159616586040557,-0.8815544658604056,False
AAPL,AAPL|hyperliquid:xyz:AAPL|rh_lighter:10,2026-09-29T09:10:29.485002+00:00,2026-09-29T09:40:29.550570+00:00,30,0.06556820869445801,True,-0.10118043844855595,False,0.6215835059999227,0.03163271199992268,0.9488000000000056,0.08999249399999999,0.0899898255,-0.4172063195000829,-0.917164619500083,False
AAPL,AAPL|hyperliquid:xyz:AAPL|rh_lighter:10,2026-09-29T09:10:29.485002+00:00,2026-09-29T10:11:29.171665+00:00,60,59.68666386604309,False,0.0,True,0.6215835059999227,0.03163271199992268,0.9144890000001169,0.08999249399999999,0.089912439,-0.3828179330001942,-0.8827762330001943,False
INTC,INTC|hyperliquid:xyz:INTC|rh_lighter:30,2026-09-29T09:10:46.664413+00:00,2026-09-29T09:10:46.664413+00:00,0,0.0,True,-0.11587485515645035,False,0.6004115379999542,0.010487175999954135,1.1218999999999824,0.08998846200000002,0.08997292800000001,-0.6114613900000282,-1.1113972900000282,False
INTC,INTC|hyperliquid:xyz:INTC|rh_lighter:30,2026-09-29T09:10:46.664413+00:00,2026-09-29T09:16:46.550789+00:00,5,59.88637566566467,True,0.0,True,0.6004115379999542,0.010487175999954135,1.1218999999999824,0.08998846200000002,0.08986419000000001,-0.6113526520000282,-1.1112885520000282,False
INTC,INTC|hyperliquid:xyz:INTC|rh_lighter:30,2026-09-29T09:10:46.664413+00:00,2026-09-29T09:26:46.620648+00:00,15,59.9562349319458,True,0.11587485515642815,True,0.6004115379999542,0.010487175999954135,1.2082000000000335,0.08998846200000002,0.08971661700000001,-0.6975050790000793,-1.1974409790000793,False
INTC,INTC|hyperliquid:xyz:INTC|rh_lighter:30,2026-09-29T09:10:46.664413+00:00,2026-09-29T09:40:46.740640+00:00,30,0.07622694969177246,True,-0.11587485515645035,False,0.6004115379999542,0.010487175999954135,0.9492999999999938,0.08998846200000002,0.089980695,-0.43886915700003964,-0.9388050570000397,False
INTC,INTC|hyperliquid:xyz:INTC|rh_lighter:30,2026-09-29T09:10:46.664413+00:00,2026-09-29T10:10:46.798480+00:00,60,0.13406729698181152,False,-0.6952491309385911,False,0.6004115379999542,0.010487175999954135,0.7911303267211451,0.08998846200000002,0.09052438500000001,-0.281243173721191,-0.781179073721191,False
NBIS,NBIS|hyperliquid:xyz:NBIS|lighter:189,2026-09-29T09:11:15.524960+00:00,2026-09-29T09:11:15.524960+00:00,0,0.0,True,-0.23474178403755097,False,0.7620160200000892,0.1721210400000892,1.2278823529412648,0.08998397999999999,0.08997315458823528,-0.5558394875294109,-1.0557504875294108,False
NBIS,NBIS|hyperliquid:xyz:NBIS|lighter:189,2026-09-29T09:11:15.524960+00:00,2026-09-29T09:16:53.025417+00:00,5,37.500457763671875,True,0.0,True,0.7620160200000892,0.1721210400000892,0.8193999999999733,0.08998397999999999,0.08980671600000001,-0.14719069599988413,-0.6471016959998841,False
NBIS,NBIS|hyperliquid:xyz:NBIS|lighter:189,2026-09-29T09:11:15.524960+00:00,2026-09-29T09:26:32.579393+00:00,15,17.054433822631836,True,0.23474178403755097,True,0.7620160200000892,0.1721210400000892,1.1209686182670566,0.08998397999999999,0.08966455482435595,-0.44861715309132344,-0.9485281530913234,False
NBIS,NBIS|hyperliquid:xyz:NBIS|lighter:189,2026-09-29T09:11:15.524960+00:00,2026-09-29T09:41:43.592172+00:00,30,28.067212104797363,True,-0.23474178403755097,False,0.7620160200000892,0.1721210400000892,0.6051204705881901,0.08998397999999999,0.08997936115764707,0.066916188254252,-0.432994811745748,False
NBIS,NBIS|hyperliquid:xyz:NBIS|lighter:189,2026-09-29T09:11:15.524960+00:00,2026-09-29T10:12:04.857180+00:00,60,49.332220792770386,False,-0.23474178403755097,False,0.7620160200000892,0.1721210400000892,0.9595524705881644,0.08998397999999999,0.09004714627764707,-0.2875835968657223,-0.7874945968657223,False
CRCL,CRCL|hyperliquid:xyz:CRCL|rh_lighter:24,2026-09-29T09:11:45.456767+00:00,2026-09-29T09:11:45.456767+00:00,0,0.0,True,-0.10352859977568185,False,0.6449540850800313,0.05499397616003132,1.2257409924865215,0.08999391492,0.08998035345,-0.6707672608564902,-1.17073345485649,False
CRCL,CRCL|hyperliquid:xyz:CRCL|rh_lighter:24,2026-09-29T09:11:45.456767+00:00,2026-09-29T09:16:45.686020+00:00,5,0.22925376892089844,True,-0.1725476662928105,False,0.6449540850800313,0.05499397616003132,1.1938729999999396,0.08999391492,0.09004398804,-0.6389629029599083,-1.1389290969599082,False
CRCL,CRCL|hyperliquid:xyz:CRCL|rh_lighter:24,2026-09-29T09:11:45.456767+00:00,2026-09-29T09:27:45.468930+00:00,15,60.012163400650024,True,-0.060391683202476454,False,0.6449540850800313,0.05499397616003132,1.1309149785912496,0.08999391492,0.08995114413,-0.5759120376412183,-1.0758782316412183,False
CRCL,CRCL|hyperliquid:xyz:CRCL|rh_lighter:24,2026-09-29T09:11:45.456767+00:00,2026-09-29T09:42:45.192979+00:00,30,59.73621201515198,True,-0.3278405659563277,False,0.6449540850800313,0.05499397616003132,1.077963000000068,0.08999391492,0.09019316421,-0.5232020791300367,-1.0231682731300367,False
CRCL,CRCL|hyperliquid:xyz:CRCL|rh_lighter:24,2026-09-29T09:11:45.456767+00:00,2026-09-29T10:12:45.565470+00:00,60,60.10870337486267,False,-0.8109740315762171,False,0.6449540850800313,0.05499397616003132,1.1127360000000408,0.08999391492,0.09063026082,-0.5584121757400096,-1.0583783697400095,False
META,META|hyperliquid:xyz:META|rh_lighter:13,2026-09-29T09:12:42.710203+00:00,2026-09-29T09:12:42.710203+00:00,0,0.0,True,-0.07194244604316058,False,0.6328393390000066,0.04309722800000659,1.0980999999999312,0.089960661,0.089955657,-0.5552163179999247,-1.0549977679999247,False
META,META|hyperliquid:xyz:META|rh_lighter:13,2026-09-29T09:12:42.710203+00:00,2026-09-29T09:17:43.728922+00:00,5,1.018718957901001,True,0.0,True,0.6328393390000066,0.04309722800000659,1.1727499999999509,0.089960661,0.0898913925,-0.6298020534999443,-1.1295835034999442,False
META,META|hyperliquid:xyz:META|rh_lighter:13,2026-09-29T09:12:42.710203+00:00,2026-09-29T09:27:43.881755+00:00,15,1.1715517044067383,True,0.07194244604318278,True,0.6328393390000066,0.04309722800000659,1.2649039971241791,0.089960661,0.089818047,-0.7218827051241725,-1.2216641551241725,False
META,META|hyperliquid:xyz:META|rh_lighter:13,2026-09-29T09:12:42.710203+00:00,2026-09-29T09:42:44.253913+00:00,30,1.5437102317810059,True,-0.07194244604316058,False,0.6328393390000066,0.04309722800000659,1.4873000000001184,0.089960661,0.089870589,-0.9443312500001119,-1.4441127000001117,False
META,META|hyperliquid:xyz:META|rh_lighter:13,2026-09-29T09:12:42.710203+00:00,2026-09-29T10:12:43.766311+00:00,60,1.0561084747314453,False,-0.3597122302158251,False,0.6328393390000066,0.04309722800000659,1.4320010830323326,0.089960661,0.09014453090252708,-0.8893062749348531,-1.389087724934853,False
NBIS,NBIS|hyperliquid:xyz:NBIS|lighter:189,2026-09-29T09:14:05.048165+00:00,2026-09-29T09:14:05.048165+00:00,0,0.0,True,-0.23474178403755097,False,0.6196453780000231,0.02994285600002311,1.0301181176471346,0.089954622,0.08994111136941176,-0.5004138510165232,-1.000161751016523,False
NBIS,NBIS|hyperliquid:xyz:NBIS|lighter:189,2026-09-29T09:14:05.048165+00:00,2026-09-29T09:19:38.915453+00:00,5,33.86728811264038,True,0.0,True,0.6196453780000231,0.02994285600002311,0.6489999999998872,0.089954622,0.08992557000000001,-0.11928019199986413,-0.6190280919998641,False
NBIS,NBIS|hyperliquid:xyz:NBIS|lighter:189,2026-09-29T09:14:05.048165+00:00,2026-09-29T09:29:18.368114+00:00,15,13.31994891166687,True,0.0,True,0.6196453780000231,0.02994285600002311,1.0934000000000879,0.089954622,0.08977438799999998,-0.5635290100000647,-1.0632769100000647,False
NBIS,NBIS|hyperliquid:xyz:NBIS|lighter:189,2026-09-29T09:14:05.048165+00:00,2026-09-29T09:44:28.928192+00:00,30,23.880027055740356,True,-0.23474178403755097,False,0.6196453780000231,0.02994285600002311,0.8283444705883767,0.089954622,0.09005895499764704,-0.2987580475860006,-0.7985059475860006,False
NBIS,NBIS|hyperliquid:xyz:NBIS|lighter:189,2026-09-29T09:14:05.048165+00:00,2026-09-29T10:14:51.648925+00:00,60,46.60076022148132,False,-0.23474178403755097,False,0.6196453780000231,0.02994285600002311,0.8576131764706361,0.089954622,0.09004098481411764,-0.3280087832847306,-0.8277566832847305,False
MSFT,MSFT|hyperliquid:xyz:MSFT|rh_lighter:14,2026-09-29T09:14:37.584538+00:00,2026-09-29T09:14:37.584538+00:00,0,0.0,True,-0.10162601626015899,False,0.5988070992000147,0.00885363840001474,1.0204280203458893,0.0899929008,0.0899822736,-0.5116031947458746,-1.0115637547458745,False
MSFT,MSFT|hyperliquid:xyz:MSFT|rh_lighter:14,2026-09-29T09:14:37.584538+00:00,2026-09-29T09:20:37.052323+00:00,5,59.4677848815918,True,-0.1524390243902385,False,0.5988070992000147,0.00885363840001474,0.9643200000000434,0.0899929008,0.0900407232,-0.45555362400002863,-0.9555141840000286,False
MSFT,MSFT|hyperliquid:xyz:MSFT|rh_lighter:14,2026-09-29T09:14:37.584538+00:00,2026-09-29T09:30:37.599999+00:00,15,60.015461444854736,True,-0.10162601626015899,False,0.5988070992000147,0.00885363840001474,0.885599999999954,0.0899929008,0.0899893584,-0.37678225919993924,-0.8767428191999392,False
MSFT,MSFT|hyperliquid:xyz:MSFT|rh_lighter:14,2026-09-29T09:14:37.584538+00:00,2026-09-29T09:44:37.599313+00:00,30,0.014775514602661133,True,-0.10162601626015899,False,0.5988070992000147,0.00885363840001474,0.9455108850457918,0.0899929008,0.08999282242034588,-0.436696608266123,-0.936657168266123,False
MSFT,MSFT|hyperliquid:xyz:MSFT|rh_lighter:14,2026-09-29T09:14:37.584538+00:00,2026-09-29T10:15:37.534074+00:00,60,59.94953632354736,False,-0.10162601626015899,False,0.5988070992000147,0.00885363840001474,1.1020800000001145,0.0899929008,0.0899698752,-0.5932427760000998,-1.0932033360000997,False
GOOGL,GOOGL|hyperliquid:xyz:GOOGL|rh_lighter:12,2026-09-29T09:15:30.395777+00:00,2026-09-29T09:15:30.395777+00:00,0,0.0,True,-0.10266940451745254,False,1.0203892824000143,0.4305812448000143,1.1687999999999192,0.08997071760000001,0.08996808780000001,-0.23837880539990505,-0.738216125399905,False
GOOGL,GOOGL|hyperliquid:xyz:GOOGL|rh_lighter:12,2026-09-29T09:15:30.395777+00:00,2026-09-29T09:20:30.469036+00:00,5,0.07325935363769531,True,-0.10266940451745254,False,1.0203892824000143,0.4305812448000143,1.0473152723535577,0.08997071760000001,0.08997376182548819,-0.11689975177903168,-0.6167370717790317,False
GOOGL,GOOGL|hyperliquid:xyz:GOOGL|rh_lighter:12,2026-09-29T09:15:30.395777+00:00,2026-09-29T09:30:30.747087+00:00,15,0.35131049156188965,True,0.0,True,1.0203892824000143,0.4305812448000143,1.110360000000128,0.08997071760000001,0.0898970832,-0.17986780080011372,-0.6797051208001137,False
GOOGL,GOOGL|hyperliquid:xyz:GOOGL|rh_lighter:12,2026-09-29T09:15:30.395777+00:00,2026-09-29T09:45:30.406956+00:00,30,0.011179447174072266,True,-0.10266940451745254,False,1.0203892824000143,0.4305812448000143,1.077626392600223,0.08997071760000001,0.089984182824666,-0.14722129302487474,-0.6470586130248748,False
GOOGL,GOOGL|hyperliquid:xyz:GOOGL|rh_lighter:12,2026-09-29T09:15:30.395777+00:00,2026-09-29T10:15:30.884822+00:00,60,0.4890451431274414,False,-0.10266940451745254,False,1.0203892824000143,0.4305812448000143,1.0226999999998725,0.08997071760000001,0.0899864964,-0.09229721399985828,-0.5921345339998583,False
TSLA,TSLA|hyperliquid:xyz:TSLA|rh_lighter:16,2026-09-29T09:15:38.415811+00:00,2026-09-29T09:15:38.415811+00:00,0,0.0,True,-0.1074883554281647,False,0.6195816943999902,0.02967146879999022,0.9768499999998994,0.0899863056,0.0899837937,-0.44725209929990917,-0.9471760192999092,False
TSLA,TSLA|hyperliquid:xyz:TSLA|rh_lighter:16,2026-09-29T09:15:38.415811+00:00,2026-09-29T09:20:38.474532+00:00,5,0.058721303939819336,True,-0.14331780723755294,False,0.6195816943999902,0.02967146879999022,0.8512399784714262,0.0899863056,0.09002775330193757,-0.32168603737337353,-0.8216099573733735,False
TSLA,TSLA|hyperliquid:xyz:TSLA|rh_lighter:16,2026-09-29T09:15:38.415811+00:00,2026-09-29T09:30:38.711614+00:00,15,0.2958033084869385,True,0.03582945180937713,True,0.6195816943999902,0.02967146879999022,0.7535699999999679,0.0899863056,0.0898933653,-0.22388167089997765,-0.7238055908999776,False
TSLA,TSLA|hyperliquid:xyz:TSLA|rh_lighter:16,2026-09-29T09:15:38.415811+00:00,2026-09-29T09:46:38.411957+00:00,30,59.99614596366882,True,-0.07165890361876537,False,0.6195816943999902,0.02967146879999022,0.8601663858012216,0.0899863056,0.08998173572527789,-0.3305664271265093,-0.8304903471265093,False
TSLA,TSLA|hyperliquid:xyz:TSLA|rh_lighter:16,2026-09-29T09:15:38.415811+00:00,2026-09-29T10:15:38.779083+00:00,60,0.36327195167541504,False,-0.2149767108563183,False,0.6195816943999902,0.02967146879999022,0.6419300000000021,0.0899863056,0.0901244601,-0.1124727657000119,-0.6123966857000119,False
INTC,INTC|hyperliquid:xyz:INTC|rh_lighter:30,2026-09-29T09:17:46.400199+00:00,2026-09-29T09:17:46.400199+00:00,0,0.0,True,-0.11574074074073293,False,0.6012161279999807,0.011321855999980646,1.1232000000001108,0.089983872,0.089976096,-0.6119599680001301,-1.11187036800013,False
INTC,INTC|hyperliquid:xyz:INTC|rh_lighter:30,2026-09-29T09:17:46.400199+00:00,2026-09-29T09:22:46.561208+00:00,5,0.1610090732574463,True,-0.23148148148149916,False,0.6012161279999807,0.011321855999980646,1.036799999999971,0.089983872,0.09003052800000001,-0.5256143999999904,-1.0255247999999904,False
INTC,INTC|hyperliquid:xyz:INTC|rh_lighter:30,2026-09-29T09:17:46.400199+00:00,2026-09-29T09:32:46.432012+00:00,15,0.031812429428100586,True,-0.11574074074073293,False,0.6012161279999807,0.011321855999980646,1.0367999999998574,0.089983872,0.08992944000000001,-0.5255133119998767,-1.0254237119998768,False
INTC,INTC|hyperliquid:xyz:INTC|rh_lighter:30,2026-09-29T09:17:46.400199+00:00,2026-09-29T09:47:46.532913+00:00,30,0.13271403312683105,True,-0.4629629629629761,False,0.6012161279999807,0.011321855999980646,1.0368000000000848,0.089983872,0.090287136,-0.5258710080001041,-1.0257814080001042,False
INTC,INTC|hyperliquid:xyz:INTC|rh_lighter:30,2026-09-29T09:17:46.400199+00:00,2026-09-29T10:17:47.076772+00:00,60,0.6765725612640381,False,-0.578703703703709,False,0.6012161279999807,0.011321855999980646,1.209600000000023,0.089983872,0.09039600000000002,-0.6987798720000424,-1.1986902720000425,False
DRAM,DRAM|hyperliquid:xyz:DRAM|lighter:195,2026-09-29T09:18:24.036260+00:00,2026-09-29T09:18:24.036260+00:00,0,0.0,True,0.0,True,0.6744689379999598,0.08623197599995974,0.9643999999998414,0.089731062,0.0897219,-0.37965296199988163,-0.8781588619998817,False
DRAM,DRAM|hyperliquid:xyz:DRAM|lighter:195,2026-09-29T09:18:24.036260+00:00,2026-09-29T09:23:55.365920+00:00,5,31.329660415649414,True,0.0,True,0.6744689379999598,0.08623197599995974,0.8717999999998938,0.089731062,0.089705142,-0.28703620399993396,-0.785542103999934,False
DRAM,DRAM|hyperliquid:xyz:DRAM|lighter:195,2026-09-29T09:18:24.036260+00:00,2026-09-29T09:33:34.957192+00:00,15,10.920932531356812,True,0.0,True,0.6744689379999598,0.08623197599995974,0.8347999999999729,0.089731062,0.08966566799999999,-0.2499967300000131,-0.748502630000013,False
DRAM,DRAM|hyperliquid:xyz:DRAM|lighter:195,2026-09-29T09:18:24.036260+00:00,2026-09-29T09:48:45.740165+00:00,30,21.703905820846558,True,0.0,True,0.6744689379999598,0.08623197599995974,0.6396000000000868,0.089731062,0.089897256,-0.05502831800012696,-0.5535342180001269,False
DRAM,DRAM|hyperliquid:xyz:DRAM|lighter:195,2026-09-29T09:18:24.036260+00:00,2026-09-29T10:19:05.159106+00:00,60,41.1228461265564,False,0.0,True,0.6744689379999598,0.08623197599995974,0.4534889999998768,0.089731062,0.089857404,0.131122534000083,-0.367383365999917,False
MSFT,MSFT|hyperliquid:xyz:MSFT|rh_lighter:14,2026-09-29T09:18:37.673149+00:00,2026-09-29T09:18:37.673149+00:00,0,0.0,True,-0.10167768174885738,False,0.6574780430999579,0.06766188119995786,1.0031699999999546,0.08997195690000001,0.089966646,-0.43565860289999664,-0.9355028078999967,False
MSFT,MSFT|hyperliquid:xyz:MSFT|rh_lighter:14,2026-09-29T09:18:37.673149+00:00,2026-09-29T09:24:37.383000+00:00,5,59.70985150337219,True,-0.050838840874434243,False,0.6574780430999579,0.06766188119995786,1.0818500000000313,0.08997195690000001,0.0899064558,-0.5142784127000734,-1.0141226177000733,False
MSFT,MSFT|hyperliquid:xyz:MSFT|rh_lighter:14,2026-09-29T09:18:37.673149+00:00,2026-09-29T09:34:37.395362+00:00,15,59.72221326828003,True,-0.050838840874434243,False,0.6574780430999579,0.06766188119995786,0.8252955707019964,0.08997195690000001,0.08993883896322483,-0.2577563665652633,-0.7576005715652634,False
MSFT,MSFT|hyperliquid:xyz:MSFT|rh_lighter:14,2026-09-29T09:18:37.673149+00:00,2026-09-29T09:49:37.400886+00:00,30,59.727736949920654,True,-0.10167768174885738,False,0.6574780430999579,0.06766188119995786,1.0031700000000683,0.08997195690000001,0.08995779450000001,-0.43564975140011036,-0.9354939564001103,False
MSFT,MSFT|hyperliquid:xyz:MSFT|rh_lighter:14,2026-09-29T09:18:37.673149+00:00,2026-09-29T10:19:37.707728+00:00,60,60.03457951545715,False,0.0,True,0.6574780430999579,0.06766188119995786,1.0714600000000019,0.08997195690000001,0.08989583400000001,-0.5038777909000439,-1.0037219959000439,False
META,META|hyperliquid:xyz:META|rh_lighter:13,2026-09-29T09:19:43.793744+00:00,2026-09-29T09:19:43.793744+00:00,0,0.0,True,-0.07194244604316058,False,0.6884606059999197,0.09885791199991972,1.1537000000000717,0.089939394,0.08993188799999999,-0.5551712820001521,-1.0548345820001521,False
META,META|hyperliquid:xyz:META|rh_lighter:13,2026-09-29T09:19:43.793744+00:00,2026-09-29T09:25:43.735062+00:00,5,59.94131803512573,True,0.0,True,0.6884606059999197,0.09885791199991972,1.2092999999999847,0.089939394,0.08985807899999998,-0.610697473000065,-1.110360773000065,False
META,META|hyperliquid:xyz:META|rh_lighter:13,2026-09-29T09:19:43.793744+00:00,2026-09-29T09:35:43.784591+00:00,15,59.99084687232971,True,0.0,True,0.6884606059999197,0.09885791199991972,1.4455999999998994,0.089939394,0.08983931399999999,-0.8469787079999798,-1.3466420079999797,False
META,META|hyperliquid:xyz:META|rh_lighter:13,2026-09-29T09:19:43.793744+00:00,2026-09-29T09:50:43.757928+00:00,30,59.964184045791626,True,-0.21582733812949284,False,0.6884606059999197,0.09885791199991972,1.2370999999999412,0.089939394,0.09005198399999999,-0.6386913780000216,-1.1383546780000215,False
META,META|hyperliquid:xyz:META|rh_lighter:13,2026-09-29T09:19:43.793744+00:00,2026-09-29T10:19:44.054397+00:00,60,0.260653018951416,False,-0.21582733812949284,False,0.6884606059999197,0.09885791199991972,1.4177999999999429,0.089939394,0.090058239,-0.8193976330000232,-1.3190609330000231,False
INTC,INTC|hyperliquid:xyz:INTC|rh_lighter:30,2026-09-29T09:19:46.467203+00:00,2026-09-29T09:19:46.467203+00:00,0,0.0,True,-0.11587485515645035,False,0.6004814410000678,0.011015332000067768,1.1218999999998687,0.08991855900000001,0.08990302500000001,-0.6113215839998009,-1.110869133999801,False
INTC,INTC|hyperliquid:xyz:INTC|rh_lighter:30,2026-09-29T09:19:46.467203+00:00,2026-09-29T09:24:46.495335+00:00,5,0.02813243865966797,True,0.0,True,0.6004814410000678,0.011015332000067768,1.1451710000001185,0.08991855900000001,0.089809434,-0.6344989930000506,-1.1340465430000508,False
INTC,INTC|hyperliquid:xyz:INTC|rh_lighter:30,2026-09-29T09:19:46.467203+00:00,2026-09-29T09:34:46.475019+00:00,15,0.007815837860107422,True,0.0,True,0.6004814410000678,0.011015332000067768,1.035600000000045,0.08991855900000001,0.08986419000000001,-0.5249827489999771,-1.0245302989999772,False
INTC,INTC|hyperliquid:xyz:INTC|rh_lighter:30,2026-09-29T09:19:46.467203+00:00,2026-09-29T09:49:46.567195+00:00,30,0.09999227523803711,True,-0.34762456546930665,False,0.6004814410000678,0.011015332000067768,1.0355999999999312,0.08991855900000001,0.09016710300000003,-0.5252856619998634,-1.0248332119998635,False
INTC,INTC|hyperliquid:xyz:INTC|rh_lighter:30,2026-09-29T09:19:46.467203+00:00,2026-09-29T10:20:46.471865+00:00,60,60.00466227531433,False,-0.4634994206257348,False,0.6004814410000678,0.011015332000067768,1.2944999999998572,0.08991855900000001,0.09021370500000002,-0.7842322639997894,-1.2837798139997894,False
DRAM,DRAM|hyperliquid:xyz:DRAM|lighter:195,2026-09-29T09:21:09.888156+00:00,2026-09-29T09:21:09.888156+00:00,0,0.0,True,0.0,True,0.5989780200000148,0.010145040000014927,0.9495999999999185,0.08982197999999998,0.08981179199999999,-0.44043377199990374,-0.9394447719999036,False
DRAM,DRAM|hyperliquid:xyz:DRAM|lighter:195,2026-09-29T09:21:09.888156+00:00,2026-09-29T09:26:40.582569+00:00,5,30.69441318511963,True,0.0,True,0.5989780200000148,0.010145040000014927,0.7577999999999747,0.08982197999999998,0.089708022,-0.24853000199995995,-0.7475410019999598,False
DRAM,DRAM|hyperliquid:xyz:DRAM|lighter:195,2026-09-29T09:21:09.888156+00:00,2026-09-29T09:36:20.610395+00:00,15,10.722238779067993,True,0.0,True,0.5989780200000148,0.010145040000014927,0.6600999999999431,0.08982197999999998,0.089671059,-0.1507930389999283,-0.6498040389999282,False
DRAM,DRAM|hyperliquid:xyz:DRAM|lighter:195,2026-09-29T09:21:09.888156+00:00,2026-09-29T09:51:31.393577+00:00,30,21.505420684814453,True,0.0,True,0.5989780200000148,0.010145040000014927,0.6157000000000608,0.08982197999999998,0.089838891,-0.106560871000046,-0.6055718710000458,False
DRAM,DRAM|hyperliquid:xyz:DRAM|lighter:195,2026-09-29T09:21:09.888156+00:00,2026-09-29T10:21:50.645470+00:00,60,40.75731444358826,False,0.0,True,0.5989780200000148,0.010145040000014927,0.5108999999998787,0.08982197999999998,0.08982913499999999,-0.001751114999863912,-0.5007621149998638,False
GOOGL,GOOGL|hyperliquid:xyz:GOOGL|rh_lighter:12,2026-09-29T09:23:30.608064+00:00,2026-09-29T09:23:30.608064+00:00,0,0.0,True,-0.10263427984947837,False,0.8922844913000066,0.3024712676000066,1.0815099999999802,0.08997150870000001,0.0899673093,-0.27919281799997353,-0.7790345329999735,False
GOOGL,GOOGL|hyperliquid:xyz:GOOGL|rh_lighter:12,2026-09-29T09:23:30.608064+00:00,2026-09-29T09:28:30.713859+00:00,5,0.10579466819763184,True,-0.10263427984947837,False,0.8922844913000066,0.3024712676000066,1.1691599589041743,0.08997150870000001,0.08995942080369863,-0.3668348884078663,-0.8666766034078663,False
GOOGL,GOOGL|hyperliquid:xyz:GOOGL|rh_lighter:12,2026-09-29T09:23:30.608064+00:00,2026-09-29T09:38:30.640552+00:00,15,0.03248715400695801,True,-0.10263427984947837,False,0.8922844913000066,0.3024712676000066,1.1107399999999643,0.08997150870000001,0.08996467860000001,-0.3084201872999577,-0.8082619022999578,False
GOOGL,GOOGL|hyperliquid:xyz:GOOGL|rh_lighter:12,2026-09-29T09:23:30.608064+00:00,2026-09-29T09:54:30.473310+00:00,30,59.865246057510376,True,-0.17105713308244175,False,0.8922844913000066,0.3024712676000066,1.1107399999999643,0.08997150870000001,0.0900330768,-0.3084885854999576,-0.8083303004999576,False
GOOGL,GOOGL|hyperliquid:xyz:GOOGL|rh_lighter:12,2026-09-29T09:23:30.608064+00:00,2026-09-29T10:24:30.447411+00:00,60,59.839346170425415,False,-0.13684570646596006,False,0.8922844913000066,0.3024712676000066,1.139970000000062,0.08997150870000001,0.0900146619,-0.3377001706000554,-0.8375418856000554,False
INTC,INTC|hyperliquid:xyz:INTC|rh_lighter:30,2026-09-29T09:24:46.495335+00:00,2026-09-29T09:24:46.495335+00:00,0,0.0,True,-0.11574074074073293,False,0.6012783359999807,0.011791871999980663,1.146497965237586,0.08992166400000001,0.08991350055156432,-0.6351331297891696,-1.1346979297891697,False
INTC,INTC|hyperliquid:xyz:INTC|rh_lighter:30,2026-09-29T09:24:46.495335+00:00,2026-09-29T09:29:46.725270+00:00,5,0.2299346923828125,True,-0.11574074074073293,False,0.6012783359999807,0.011791871999980663,1.141675383545703,0.08992166400000001,0.089944992,-0.6303420395457222,-1.1299068395457224,False
INTC,INTC|hyperliquid:xyz:INTC|rh_lighter:30,2026-09-29T09:24:46.495335+00:00,2026-09-29T09:39:46.679494+00:00,15,0.1841583251953125,True,-0.23148148148149916,False,0.6012783359999807,0.011791871999980663,0.863999999999919,0.08992166400000001,0.09003052800000001,-0.35275219199993835,-0.8523169919999384,False
INTC,INTC|hyperliquid:xyz:INTC|rh_lighter:30,2026-09-29T09:24:46.495335+00:00,2026-09-29T09:55:46.675282+00:00,30,60.17994666099548,True,-0.4629629629629761,False,0.6012783359999807,0.011791871999980663,1.0368000000000848,0.08992166400000001,0.090302688,-0.525824352000104,-1.0253891520001042,False
INTC,INTC|hyperliquid:xyz:INTC|rh_lighter:30,2026-09-29T09:24:46.495335+00:00,2026-09-29T10:25:46.455518+00:00,60,59.960182666778564,False,-0.6944444444444531,False,0.6012783359999807,0.011791871999980663,1.123199999999997,0.08992166400000001,0.09045820800000001,-0.6123798720000164,-1.1119446720000163,False
MSFT,MSFT|hyperliquid:xyz:MSFT|rh_lighter:14,2026-09-29T09:25:37.379492+00:00,2026-09-29T09:25:37.379492+00:00,0,0.0,True,-0.1523616048755727,False,0.5991539014999269,0.0091794779999268,1.142020000000116,0.08999609850000001,0.0899943264,-0.6328604249001891,-1.132838749900189,False
MSFT,MSFT|hyperliquid:xyz:MSFT|rh_lighter:14,2026-09-29T09:25:37.379492+00:00,2026-09-29T09:30:37.599999+00:00,5,0.22050714492797852,True,-0.1523616048755727,False,0.5991539014999269,0.0091794779999268,0.8860499999999547,0.08999609850000001,0.0900350847,-0.37693118320002783,-0.8769095082000279,False
MSFT,MSFT|hyperliquid:xyz:MSFT|rh_lighter:14,2026-09-29T09:25:37.379492+00:00,2026-09-29T09:40:37.399409+00:00,15,0.019916534423828125,True,-0.1523616048755727,False,0.5991539014999269,0.0091794779999268,0.8466700000000174,0.08999609850000001,0.09002445210000001,-0.33754055060009047,-0.8375188756000905,False
MSFT,MSFT|hyperliquid:xyz:MSFT|rh_lighter:14,2026-09-29T09:25:37.379492+00:00,2026-09-29T09:55:37.402894+00:00,30,0.02340221405029297,True,-0.1523616048755727,False,0.5991539014999269,0.0091794779999268,1.221885684638778,0.08999609850000001,0.09002036527324518,-0.7127521484120963,-1.2127304734120963,False
MSFT,MSFT|hyperliquid:xyz:MSFT|rh_lighter:14,2026-09-29T09:25:37.379492+00:00,2026-09-29T10:25:37.429814+00:00,60,0.05032229423522949,False,-0.1523616048755727,False,0.5991539014999269,0.0091794779999268,1.0632600000000139,0.08999609850000001,0.09000495900000001,-0.554111057500087,-1.054089382500087,False
SAMSUNGUSD,SAMSUNGUSD|hyperliquid:xyz:SMSN|lighter:162,2026-09-29T09:25:45.880466+00:00,2026-09-29T09:25:45.880466+00:00,0,0.0,True,-0.08077544426493555,False,0.6428565182998813,0.05292547159988137,0.8517439999999397,0.08998948170000001,0.089982792,-0.29887027370005836,-0.7988118387000583,False
SAMSUNGUSD,SAMSUNGUSD|hyperliquid:xyz:SMSN|lighter:162,2026-09-29T09:25:45.880466+00:00,2026-09-29T09:31:16.896509+00:00,5,31.016042709350586,True,-0.04038772213246222,False,0.6428565182998813,0.05292547159988137,0.7873680000001286,0.08998948170000001,0.08994892031999999,-0.23446040202024732,-0.7344019670202473,False
SAMSUNGUSD,SAMSUNGUSD|hyperliquid:xyz:SMSN|lighter:162,2026-09-29T09:25:45.880466+00:00,2026-09-29T09:40:56.730328+00:00,15,10.849861860275269,True,-0.12116316639741997,False,0.6428565182998813,0.05292547159988137,0.9408799999999928,0.08998948170000001,0.0900139896,-0.3880374713001115,-0.8879790363001114,False
SAMSUNGUSD,SAMSUNGUSD|hyperliquid:xyz:SMSN|lighter:162,2026-09-29T09:25:45.880466+00:00,2026-09-29T09:56:07.358489+00:00,30,21.47802233695984,True,-0.1817447495961244,False,0.6428565182998813,0.05292547159988137,0.8715519999999515,0.08998948170000001,0.0900763848,-0.31877186650007017,-0.8187134315000701,False
SAMSUNGUSD,SAMSUNGUSD|hyperliquid:xyz:SMSN|lighter:162,2026-09-29T09:25:45.880466+00:00,2026-09-29T10:26:29.919725+00:00,60,44.03925919532776,False,-0.10096930533117776,False,0.6428565182998813,0.05292547159988137,1.2033360000000357,0.08998948170000001,0.0899649648,-0.6504444465001544,-1.1503860115001543,False
AAPL,AAPL|hyperliquid:xyz:AAPL|rh_lighter:10,2026-09-29T09:26:29.418557+00:00,2026-09-29T09:26:29.418557+00:00,0,0.0,True,-0.10114632501686538,False,0.6218491871999383,0.031909414399938274,0.8897999999998092,0.08999081280000001,0.08998547400000001,-0.3579362867998709,-0.857885246799871,False
AAPL,AAPL|hyperliquid:xyz:AAPL|rh_lighter:10,2026-09-29T09:26:29.418557+00:00,2026-09-29T09:31:29.583587+00:00,5,0.16503000259399414,True,-0.06743088334457692,False,0.6218491871999383,0.031909414399938274,0.9787800000000288,0.08999081280000001,0.08995878,-0.44688959280009055,-0.9468385528000907,False
AAPL,AAPL|hyperliquid:xyz:AAPL|rh_lighter:10,2026-09-29T09:26:29.418557+00:00,2026-09-29T09:41:29.578058+00:00,15,0.1595003604888916,True,-0.13486176668914274,False,0.6218491871999383,0.031909414399938274,0.9787799999999152,0.08999081280000001,0.09000682920000001,-0.4469376419999769,-0.9468866019999769,False
AAPL,AAPL|hyperliquid:xyz:AAPL|rh_lighter:10,2026-09-29T09:26:29.418557+00:00,2026-09-29T09:56:29.424385+00:00,30,0.005827426910400391,True,-0.10114632501686538,False,0.6218491871999383,0.031909414399938274,0.9051184940936992,0.08999081280000001,0.09000149040000001,-0.37327079729376084,-0.8732197572937609,False
AAPL,AAPL|hyperliquid:xyz:AAPL|rh_lighter:10,2026-09-29T09:26:29.418557+00:00,2026-09-29T10:26:29.423010+00:00,60,0.00445246696472168,False,0.1685772083614312,True,0.6218491871999383,0.031909414399938274,1.127079999999978,0.08999081280000001,0.0897398892,-0.5949707020000398,-1.0949196620000399,False
INTC,INTC|hyperliquid:xyz:INTC|rh_lighter:30,2026-09-29T09:26:46.620648+00:00,2026-09-29T09:26:46.620648+00:00,0,0.0,True,-0.11560693641617936,False,0.6020676799998936,0.012511359999893723,1.2110000000000127,0.08993232000000001,0.089924535,-0.6988568550001191,-1.1984808550001191,False
INTC,INTC|hyperliquid:xyz:INTC|rh_lighter:30,2026-09-29T09:26:46.620648+00:00,2026-09-29T09:32:46.432012+00:00,5,59.811363697052,True,-0.23121387283236983,False,0.6020676799998936,0.012511359999893723,1.0379999999998972,0.08993232000000001,0.090033525,-0.5259658450000037,-1.0255898450000036,False
INTC,INTC|hyperliquid:xyz:INTC|rh_lighter:30,2026-09-29T09:26:46.620648+00:00,2026-09-29T09:41:46.732099+00:00,15,0.1114506721496582,True,-0.3468208092485714,False,0.6020676799998936,0.012511359999893723,1.1662849187933944,0.08993232000000001,0.09013473000000001,-0.6543519687935008,-1.1539759687935007,False
INTC,INTC|hyperliquid:xyz:INTC|rh_lighter:30,2026-09-29T09:26:46.620648+00:00,2026-09-29T09:57:46.713362+00:00,30,60.092713832855225,True,-0.46242774566475076,False,0.6020676799998936,0.012511359999893723,0.95150000000001,0.08993232000000001,0.09026707500000002,-0.43969939500011646,-0.9393233950001164,False
INTC,INTC|hyperliquid:xyz:INTC|rh_lighter:30,2026-09-29T09:26:46.620648+00:00,2026-09-29T10:27:46.491044+00:00,60,59.87039566040039,False,-0.8092485549133,False,0.6020676799998936,0.012511359999893723,1.1733735081585337,0.08993232000000001,0.09054733499999999,-0.6618531631586401,-1.16147716315864,False
NBIS,NBIS|hyperliquid:xyz:NBIS|lighter:189,2026-09-29T09:29:18.368114+00:00,2026-09-29T09:29:18.368114+00:00,0,0.0,True,-0.23419203747072626,False,0.7640007829999281,0.17400591599992815,1.0959666666667545,0.08999921699999999,0.08998512599999998,-0.4219510096668263,-0.9219466596668262,False
NBIS,NBIS|hyperliquid:xyz:NBIS|lighter:189,2026-09-29T09:29:18.368114+00:00,2026-09-29T09:34:49.846406+00:00,5,31.47829270362854,True,-0.23419203747072626,False,0.7640007829999281,0.17400591599992815,0.6182478873239461,0.08999921699999999,0.09010498069014083,0.055647914985841235,-0.4443477350141587,False
NBIS,NBIS|hyperliquid:xyz:NBIS|lighter:189,2026-09-29T09:29:18.368114+00:00,2026-09-29T09:44:28.928192+00:00,15,10.560078144073486,True,-0.4683840749414414,False,0.7640007829999281,0.17400591599992815,0.8302889411764909,0.08999921699999999,0.09027036099529412,-0.15655851917185684,-0.6565541691718568,False
NBIS,NBIS|hyperliquid:xyz:NBIS|lighter:189,2026-09-29T09:29:18.368114+00:00,2026-09-29T09:59:40.084505+00:00,30,21.716391563415527,True,-0.23419203747072626,False,0.7640007829999281,0.17400591599992815,1.1614199530516771,0.08999921699999999,0.09007531020422534,-0.4874944802559743,-0.9874901302559742,False
NBIS,NBIS|hyperliquid:xyz:NBIS|lighter:189,2026-09-29T09:29:18.368114+00:00,2026-09-29T10:29:57.918381+00:00,60,39.550267457962036,False,-0.4683840749414414,False,0.7640007829999281,0.17400591599992815,1.152900000000045,0.08999921699999999,0.09025285499999999,-0.479152072000117,-0.979147722000117,False
CRCL,CRCL|hyperliquid:xyz:CRCL|rh_lighter:24,2026-09-29T09:29:45.493973+00:00,2026-09-29T09:29:45.493973+00:00,0,0.0,True,-0.11208829108466656,False,0.622117014880391,0.03215644576039095,1.2177900000000363,0.08999398512000001,0.0899877222,-0.6856607073196453,-1.1856272913196453,False
CRCL,CRCL|hyperliquid:xyz:CRCL|rh_lighter:24,2026-09-29T09:29:45.493973+00:00,2026-09-29T09:35:45.394913+00:00,5,59.90093970298767,True,-0.2845318158303245,False,0.622117014880391,0.03215644576039095,1.0511598843060028,0.08999398512000001,0.09016099632000002,-0.519203865745612,-1.019170449745612,False
CRCL,CRCL|hyperliquid:xyz:CRCL|rh_lighter:24,2026-09-29T09:29:45.493973+00:00,2026-09-29T09:45:45.404798+00:00,15,59.9108247756958,True,-0.4914640455250918,False,0.622117014880391,0.03215644576039095,1.0554180000001452,0.08999398512000001,0.09034888392,-0.5236498690397542,-1.0236164530397542,False
CRCL,CRCL|hyperliquid:xyz:CRCL|rh_lighter:24,2026-09-29T09:29:45.493973+00:00,2026-09-29T10:00:45.419501+00:00,30,59.92552828788757,False,-0.7587515088808505,False,0.622117014880391,0.03215644576039095,0.8877629145090395,0.08999398512000001,0.09060461982000001,-0.3562505194486486,-0.8562171034486485,False
CRCL,CRCL|hyperliquid:xyz:CRCL|rh_lighter:24,2026-09-29T09:29:45.493973+00:00,2026-09-29T10:30:45.454835+00:00,60,59.960862159729004,False,-0.5690636316606379,False,0.622117014880391,0.03215644576039095,1.1079318371487261,0.08999398512000001,0.0904104693,-0.5762252915683351,-1.076191875568335,False
AAPL,AAPL|hyperliquid:xyz:AAPL|rh_lighter:10,2026-09-29T09:30:29.705547+00:00,2026-09-29T09:30:29.705547+00:00,0,0.0,True,-0.06743088334457692,False,0.5961105342001544,0.006258258400154315,0.9194599999999582,0.0899774658,0.08997212700000001,-0.41332159279980385,-0.9131964027998039,False
AAPL,AAPL|hyperliquid:xyz:AAPL|rh_lighter:10,2026-09-29T09:30:29.705547+00:00,2026-09-29T09:36:29.385899+00:00,5,59.680352210998535,True,-0.10114632501686538,False,0.5961105342001544,0.006258258400154315,0.8898000000000366,0.0899774658,0.0900094986,-0.3836989643998822,-0.8835737743998823,False
AAPL,AAPL|hyperliquid:xyz:AAPL|rh_lighter:10,2026-09-29T09:30:29.705547+00:00,2026-09-29T09:46:29.394673+00:00,15,59.68912625312805,True,-0.06743088334457692,False,0.5961105342001544,0.006258258400154315,0.9860318900133507,0.0899774658,0.0899614494,-0.4798828052131963,-0.9797576152131964,False
AAPL,AAPL|hyperliquid:xyz:AAPL|rh_lighter:10,2026-09-29T09:30:29.705547+00:00,2026-09-29T10:01:29.492945+00:00,30,59.78739809989929,False,-0.06743088334457692,False,0.5961105342001544,0.006258258400154315,0.9491199999999935,0.0899774658,0.08995611060000001,-0.4429655763998392,-0.9428403863998392,False
AAPL,AAPL|hyperliquid:xyz:AAPL|rh_lighter:10,2026-09-29T09:30:29.705547+00:00,2026-09-29T10:31:29.434367+00:00,60,59.72882008552551,False,0.10114632501685428,True,0.5961105342001544,0.006258258400154315,1.127079999999978,0.0899774658,0.08978526900000001,-0.6207547347998238,-1.1206295447998238,False
GOOGL,GOOGL|hyperliquid:xyz:GOOGL|rh_lighter:12,2026-09-29T09:30:30.747087+00:00,2026-09-29T09:30:30.747087+00:00,0,0.0,True,-0.10256410256409554,False,0.6705079874999791,0.08056034999997913,1.1115000000002055,0.0899920125,0.08998937999999998,-0.5309813925002265,-1.0309370175002264,False
GOOGL,GOOGL|hyperliquid:xyz:GOOGL|rh_lighter:12,2026-09-29T09:30:30.747087+00:00,2026-09-29T09:36:30.599495+00:00,5,59.85240817070007,True,-0.1367521367521385,False,0.6705079874999791,0.08056034999997913,1.1267608695652598,0.0899920125,0.09000643402173913,-0.5462593160870198,-1.0462149410870198,False
GOOGL,GOOGL|hyperliquid:xyz:GOOGL|rh_lighter:12,2026-09-29T09:30:30.747087+00:00,2026-09-29T09:46:30.407203+00:00,15,59.66011643409729,True,-0.20512820512820218,False,0.6705079874999791,0.08056034999997913,1.0773218910586593,0.0899920125,0.0900604575,-0.4968743610586802,-0.9968299860586802,False
GOOGL,GOOGL|hyperliquid:xyz:GOOGL|rh_lighter:12,2026-09-29T09:30:30.747087+00:00,2026-09-29T10:01:30.706209+00:00,30,59.95912194252014,False,-0.17094017094017033,False,0.6705079874999791,0.08056034999997913,1.0529999999998836,0.0899920125,0.09004203,-0.4725340424999045,-0.9724896674999044,False
GOOGL,GOOGL|hyperliquid:xyz:GOOGL|rh_lighter:12,2026-09-29T09:30:30.747087+00:00,2026-09-29T10:31:30.704965+00:00,60,59.95787811279297,False,-0.273504273504277,False,0.6705079874999791,0.08056034999997913,1.0529999999999973,0.0899920125,0.09014733,-0.47263934250001816,-0.9725949675000181,False
MSFT,MSFT|hyperliquid:xyz:MSFT|rh_lighter:14,2026-09-29T09:30:37.599999+00:00,2026-09-29T09:30:37.599999+00:00,0,0.0,True,-0.10162601626015899,False,0.618485327999895,0.02852025599989494,0.885599999999954,0.08999467200000001,0.0899893584,-0.357104030400059,-0.857074430400059,False
MSFT,MSFT|hyperliquid:xyz:MSFT|rh_lighter:14,2026-09-29T09:30:37.599999+00:00,2026-09-29T09:36:37.390296+00:00,5,59.79029726982117,True,-0.10162601626015899,False,0.618485327999895,0.02852025599989494,0.885599999999954,0.08999467200000001,0.089985816,-0.357100488000059,-0.857070888000059,False
MSFT,MSFT|hyperliquid:xyz:MSFT|rh_lighter:14,2026-09-29T09:30:37.599999+00:00,2026-09-29T09:46:37.410521+00:00,15,59.810521841049194,True,-0.10162601626015899,False,0.618485327999895,0.02852025599989494,0.9249599999999418,0.08999467200000001,0.0899964432,-0.39647111520004685,-0.8964415152000469,False
MSFT,MSFT|hyperliquid:xyz:MSFT|rh_lighter:14,2026-09-29T09:30:37.599999+00:00,2026-09-29T10:01:37.037575+00:00,30,59.43757605552673,False,-0.10162601626015899,False,0.618485327999895,0.02852025599989494,1.259520000000066,0.08999467200000001,0.089959248,-0.7309939200001709,-1.230964320000171,False
MSFT,MSFT|hyperliquid:xyz:MSFT|rh_lighter:14,2026-09-29T09:30:37.599999+00:00,2026-09-29T10:31:37.540296+00:00,60,59.94029664993286,False,-0.10162601626015899,False,0.618485327999895,0.02852025599989494,1.0987846510680583,0.08999467200000001,0.08997873120000001,-0.5702780542681634,-1.0702484542681634,False
AMZN,AMZN|hyperliquid:xyz:AMZN|rh_lighter:11,2026-09-29T09:30:42.732994+00:00,2026-09-29T09:30:42.732994+00:00,0,0.0,True,-0.07401924500370916,False,0.7206185364000222,0.13074005280002216,1.0102177555555727,0.0899814636,0.08997444110200001,-0.37957366025755057,-0.8794706802575505,False
AMZN,AMZN|hyperliquid:xyz:AMZN|rh_lighter:11,2026-09-29T09:30:42.732994+00:00,2026-09-29T09:36:42.599936+00:00,5,59.866941690444946,True,-0.09869232667159,False,0.7206185364000222,0.13074005280002216,1.0943099999999504,0.0899814636,0.089988759,-0.46368022259992825,-0.9635772425999283,False
AMZN,AMZN|hyperliquid:xyz:AMZN|rh_lighter:11,2026-09-29T09:30:42.732994+00:00,2026-09-29T09:46:42.467000+00:00,15,59.73400640487671,True,-0.12336540833950416,False,0.7206185364000222,0.13074005280002216,0.9727200000000948,0.0899814636,0.0900106452,-0.3421121088000727,-0.8420091288000726,False
AMZN,AMZN|hyperliquid:xyz:AMZN|rh_lighter:11,2026-09-29T09:30:42.732994+00:00,2026-09-29T10:01:42.533539+00:00,30,59.80054545402527,False,-0.09869232667159,False,0.7206185364000222,0.13074005280002216,1.0537799999999606,0.0899814636,0.08997416820000001,-0.4231356317999385,-0.9230326517999385,False
AMZN,AMZN|hyperliquid:xyz:AMZN|rh_lighter:11,2026-09-29T09:30:42.732994+00:00,2026-09-29T10:31:42.720341+00:00,60,59.98734712600708,False,-0.27140389834691137,False,0.7206185364000222,0.13074005280002216,0.8916600000000017,0.0899814636,0.0901602009,-0.2612016644999795,-0.7610986844999794,False
SAMSUNGUSD,SAMSUNGUSD|hyperliquid:xyz:SMSN|lighter:162,2026-09-29T09:32:40.480637+00:00,2026-09-29T09:32:40.480637+00:00,0,0.0,True,-0.10092854259183826,False,0.6308133822000286,0.04083555440002856,1.164190000000076,0.0899966178,0.08998346519999999,-0.6233600830000474,-1.1233412930000475,False
SAMSUNGUSD,SAMSUNGUSD|hyperliquid:xyz:SMSN|lighter:162,2026-09-29T09:32:40.480637+00:00,2026-09-29T09:38:11.439893+00:00,5,30.959256887435913,True,-0.16148566814695453,False,0.6308133822000286,0.04083555440002856,0.8075019999999995,0.0899966178,0.09006372,-0.26675233779997093,-0.7667335477999709,False
SAMSUNGUSD,SAMSUNGUSD|hyperliquid:xyz:SMSN|lighter:162,2026-09-29T09:32:40.480637+00:00,2026-09-29T09:47:50.859419+00:00,15,10.378782272338867,True,-0.2018570851836876,False,0.6308133822000286,0.04083555440002856,0.7728240000000142,0.0899966178,0.0901038474,-0.23211446519998558,-0.7320956751999856,False
SAMSUNGUSD,SAMSUNGUSD|hyperliquid:xyz:SMSN|lighter:162,2026-09-29T09:32:40.480637+00:00,2026-09-29T10:03:01.593751+00:00,30,21.11311411857605,False,-0.10092854259183826,False,0.6308133822000286,0.04083555440002856,0.8669499999998607,0.0899966178,0.0900012996,-0.3261379173998321,-0.8261191273998321,False
SAMSUNGUSD,SAMSUNGUSD|hyperliquid:xyz:SMSN|lighter:162,2026-09-29T09:32:40.480637+00:00,2026-09-29T10:33:24.119882+00:00,60,43.6392457485199,False,-0.12111425111019924,False,0.6308133822000286,0.04083555440002856,1.1368348690380117,0.0899966178,0.09000643672178657,-0.5960279235597696,-1.0960091335597697,False
XPL,XPL|lighter:71|hyperliquid:XPL,2026-09-29T09:33:23.372849+00:00,2026-09-29T09:33:23.372849+00:00,0,0.0,True,-0.22063985558118393,False,1.6384245700000029,0.6875451080000028,2.991300000000024,0.45091143,0.4509833445,-1.803858774500021,-2.303826806500021,False
XPL,XPL|lighter:71|hyperliquid:XPL,2026-09-29T09:33:23.372849+00:00,2026-09-29T09:38:54.131954+00:00,5,30.75910472869873,True,0.19055260254738915,True,1.6384245700000029,0.6875451080000028,2.6364741299298657,0.45091143,0.4491110467121622,-1.4471606066420248,-1.9471286386420248,False
XPL,XPL|lighter:71|hyperliquid:XPL,2026-09-29T09:33:23.372849+00:00,2026-09-29T09:48:33.747729+00:00,15,10.374879598617554,True,-0.0501454217229913,False,1.6384245700000029,0.6875451080000028,2.611428511840245,0.45091143,0.450220563,-1.4232245048402419,-1.9231925368402418,False
XPL,XPL|lighter:71|hyperliquid:XPL,2026-09-29T09:33:23.372849+00:00,2026-09-29T10:03:44.438462+00:00,30,21.06561303138733,False,0.09026175910138434,True,1.6384245700000029,0.6875451080000028,3.1480984709419317,0.45091143,0.4495732103119239,-1.9592471112538528,-2.4592151432538527,False
XPL,XPL|lighter:71|hyperliquid:XPL,2026-09-29T09:33:23.372849+00:00,2026-09-29T10:34:03.899333+00:00,60,40.52648377418518,False,0.21061077123658567,True,1.6384245700000029,0.6875451080000028,2.7530328163531976,0.45091143,0.44901277772588083,-1.5636210240790755,-2.0635890560790755,False
META,META|hyperliquid:xyz:META|rh_lighter:13,2026-09-29T09:33:43.739198+00:00,2026-09-29T09:33:43.739198+00:00,0,0.0,True,-0.07183908045975684,False,0.717393926400017,0.127616332800017,1.1692800000000716,0.08996607359999999,0.08995730399999999,-0.5418433776000546,-1.0416548976000546,False
META,META|hyperliquid:xyz:META|rh_lighter:13,2026-09-29T09:33:43.739198+00:00,2026-09-29T09:38:44.033221+00:00,5,0.2940223217010498,True,-0.1436781609195359,False,0.717393926400017,0.127616332800017,1.2667199999999639,0.08996607359999999,0.0899836128,-0.6393096863999469,-1.139121206399947,False
META,META|hyperliquid:xyz:META|rh_lighter:13,2026-09-29T09:33:43.739198+00:00,2026-09-29T09:48:43.741997+00:00,15,0.0027980804443359375,True,-0.3591954022988397,False,0.717393926400017,0.127616332800017,1.2945600000001605,0.08996607359999999,0.09020535839999999,-0.6673714320001435,-1.1671829520001435,False
META,META|hyperliquid:xyz:META|rh_lighter:13,2026-09-29T09:33:43.739198+00:00,2026-09-29T10:03:43.771762+00:00,30,0.03256368637084961,False,-0.3591954022988397,False,0.717393926400017,0.127616332800017,1.1553599999999733,0.08996607359999999,0.0901865664,-0.5281526399999563,-1.0279641599999563,False
META,META|hyperliquid:xyz:META|rh_lighter:13,2026-09-29T09:33:43.739198+00:00,2026-09-29T10:33:43.797393+00:00,60,0.058194637298583984,False,-0.3591954022988397,False,0.717393926400017,0.127616332800017,1.294559999999933,0.08996607359999999,0.0901539936,-0.6673200671999161,-1.1671315871999162,False
SNDK,SNDK|hyperliquid:xyz:SNDK|rh_lighter:32,2026-09-29T09:36:26.654155+00:00,2026-09-29T09:36:26.654155+00:00,0,0.0,True,0.0,True,0.6222594060000146,0.032845512000014676,0.9900900000000092,0.089910594,0.08990538299999999,-0.45773597699999463,-0.9572392769999946,False
SNDK,SNDK|hyperliquid:xyz:SNDK|rh_lighter:32,2026-09-29T09:36:26.654155+00:00,2026-09-29T09:41:26.728547+00:00,5,0.07439160346984863,True,-0.17271157167529916,False,0.6222594060000146,0.032845512000014676,0.9185534480969864,0.089910594,0.090004392,-0.38629843409697173,-0.8858017340969717,False
SNDK,SNDK|hyperliquid:xyz:SNDK|rh_lighter:32,2026-09-29T09:36:26.654155+00:00,2026-09-29T09:52:26.408483+00:00,15,59.75432729721069,True,-0.3454231433506094,False,0.6222594060000146,0.032845512000014676,0.8972894454074094,0.089910594,0.090082557,-0.3651125964073948,-0.8646158964073947,False
SNDK,SNDK|hyperliquid:xyz:SNDK|rh_lighter:32,2026-09-29T09:36:26.654155+00:00,2026-09-29T10:07:26.426390+00:00,30,59.77223515510559,False,-0.3454231433506094,False,0.6222594060000146,0.032845512000014676,0.8800800000000208,0.089910594,0.090228465,-0.3480490590000062,-0.8475523590000061,False
SNDK,SNDK|hyperliquid:xyz:SNDK|rh_lighter:32,2026-09-29T09:36:26.654155+00:00,2026-09-29T10:37:26.485410+00:00,60,59.831254959106445,False,-0.5181347150259086,False,0.6222594060000146,0.032845512000014676,0.9277510000000575,0.089910594,0.09028578599999998,-0.39577738000004287,-0.8952806800000428,False
AAPL,AAPL|hyperliquid:xyz:AAPL|rh_lighter:10,2026-09-29T09:36:29.385899+00:00,2026-09-29T09:36:29.385899+00:00,0,0.0,True,-0.06745362563237434,False,0.5917571800001069,0.0018763600001069358,0.8894999999999982,0.08998181999999999,0.08997915150000001,-0.3877219714998913,-0.8876209714998913,False
AAPL,AAPL|hyperliquid:xyz:AAPL|rh_lighter:10,2026-09-29T09:36:29.385899+00:00,2026-09-29T09:41:29.578058+00:00,5,0.19215846061706543,True,-0.10118043844855595,False,0.5917571800001069,0.0018763600001069358,0.9784499999999525,0.08998181999999999,0.089976483,-0.4766693029998456,-0.9765683029998455,False
AAPL,AAPL|hyperliquid:xyz:AAPL|rh_lighter:10,2026-09-29T09:36:29.385899+00:00,2026-09-29T09:51:29.508496+00:00,15,0.12259721755981445,True,0.0,True,0.5917571800001069,0.0018763600001069358,0.9191500000000588,0.08998181999999999,0.0898937595,-0.41728657949995185,-0.9171855794999518,False
AAPL,AAPL|hyperliquid:xyz:AAPL|rh_lighter:10,2026-09-29T09:36:29.385899+00:00,2026-09-29T10:06:29.414539+00:00,30,0.028640031814575195,False,0.0,True,0.5917571800001069,0.0018763600001069358,0.8610660000001644,0.08998181999999999,0.089907102,-0.35921592200005753,-0.8591149220000576,False
AAPL,AAPL|hyperliquid:xyz:AAPL|rh_lighter:10,2026-09-29T09:36:29.385899+00:00,2026-09-29T10:37:29.446477+00:00,60,60.060577630996704,False,0.1686340640809636,True,0.5917571800001069,0.0018763600001069358,1.0370511784511791,0.08998181999999999,0.0897549975,-0.5350489959510722,-1.0349479959510721,False
SNDK,SNDK|hyperliquid:xyz:SNDK|rh_lighter:32,2026-09-29T09:40:26.708505+00:00,2026-09-29T09:40:26.708505+00:00,0,0.0,True,0.0,True,0.690440652000011,0.10136270400001102,1.0577400000000807,0.089859348,0.089854146,-0.45715349400006966,-0.9563720940000696,False
SNDK,SNDK|hyperliquid:xyz:SNDK|rh_lighter:32,2026-09-29T09:40:26.708505+00:00,2026-09-29T09:46:26.409736+00:00,5,59.70123052597046,True,-0.17301038062284002,False,0.690440652000011,0.10136270400001102,0.9074599999999009,0.089859348,0.089963388,-0.3069827359998898,-0.8062013359998897,False
SNDK,SNDK|hyperliquid:xyz:SNDK|rh_lighter:32,2026-09-29T09:40:26.708505+00:00,2026-09-29T09:55:26.731676+00:00,15,0.023170948028564453,True,-0.17301038062284002,False,0.690440652000011,0.10136270400001102,0.9971541802425463,0.089859348,0.089973792,-0.3966873202425352,-0.8959059202425352,False
SNDK,SNDK|hyperliquid:xyz:SNDK|rh_lighter:32,2026-09-29T09:40:26.708505+00:00,2026-09-29T10:10:26.746935+00:00,30,0.038429975509643555,False,-0.34602076124568004,False,0.690440652000011,0.10136270400001102,0.861220000000003,0.089859348,0.090166266,-0.2609456139999919,-0.7601642139999918,False
SNDK,SNDK|hyperliquid:xyz:SNDK|rh_lighter:32,2026-09-29T09:40:26.708505+00:00,2026-09-29T10:41:26.732822+00:00,60,60.02431631088257,False,-0.34602076124568004,False,0.690440652000011,0.10136270400001102,0.6878199999999879,0.089859348,0.09015586199999999,-0.08753520999997678,-0.5867538099999767,False
SAMSUNGUSD,SAMSUNGUSD|hyperliquid:xyz:SMSN|lighter:162,2026-09-29T09:40:56.730328+00:00,2026-09-29T09:40:56.730328+00:00,0,0.0,True,-0.08080808080809243,False,0.5924249292999791,0.0024572435999790643,0.9404999999999291,0.08999507070000001,0.08997763500000001,-0.4380527056999499,-0.93802532069995,False
SAMSUNGUSD,SAMSUNGUSD|hyperliquid:xyz:SMSN|lighter:162,2026-09-29T09:40:56.730328+00:00,2026-09-29T09:46:28.070076+00:00,5,31.33974814414978,True,-0.08080808080809243,False,0.5924249292999791,0.0024572435999790643,0.708060169834198,0.08999507070000001,0.09000880108471493,-0.20564404161893374,-0.7056166566189338,False
SAMSUNGUSD,SAMSUNGUSD|hyperliquid:xyz:SMSN|lighter:162,2026-09-29T09:40:56.730328+00:00,2026-09-29T09:56:07.358489+00:00,15,10.62816047668457,True,-0.14141414141415343,False,0.5924249292999791,0.0024572435999790643,0.8711999999999307,0.08999507070000001,0.090040005,-0.36881507569995153,-0.8687876906999517,False
SAMSUNGUSD,SAMSUNGUSD|hyperliquid:xyz:SMSN|lighter:162,2026-09-29T09:40:56.730328+00:00,2026-09-29T10:11:18.026397+00:00,30,21.29606866836548,False,-0.3232323232323253,False,0.5924249292999791,0.0024572435999790643,0.9603000000000748,0.08999507070000001,0.09020484000000001,-0.4580799107000956,-0.9580525257000957,False
SAMSUNGUSD,SAMSUNGUSD|hyperliquid:xyz:SMSN|lighter:162,2026-09-29T09:40:56.730328+00:00,2026-09-29T10:41:40.892349+00:00,60,44.162020683288574,False,-0.020202020202031434,False,0.5924249292999791,0.0024572435999790643,1.12070740553645,0.08999507070000001,0.08991642083350172,-0.6181988970699727,-1.1181715120699727,False
SNDK,SNDK|hyperliquid:xyz:SNDK|rh_lighter:32,2026-09-29T09:42:26.726451+00:00,2026-09-29T09:42:26.726451+00:00,0,0.0,True,0.0,True,0.5956568540000196,0.006613008000019571,1.0172799999999143,0.089854146,0.089848944,-0.5114720899998947,-1.0106617899998946,False
SNDK,SNDK|hyperliquid:xyz:SNDK|rh_lighter:32,2026-09-29T09:42:26.726451+00:00,2026-09-29T09:48:26.401093+00:00,5,59.674641847610474,True,-0.34602076124568004,False,0.5956568540000196,0.006613008000019571,0.94791999999984,0.089854146,0.09008303399999999,-0.44234617999982045,-0.9415358799998205,False
SNDK,SNDK|hyperliquid:xyz:SNDK|rh_lighter:32,2026-09-29T09:42:26.726451+00:00,2026-09-29T09:58:26.827994+00:00,15,60.101542949676514,True,-0.17301038062284002,False,0.5956568540000196,0.006613008000019571,0.7976400000001149,0.089854146,0.089958186,-0.2919413320000954,-0.7911310320000955,False
SNDK,SNDK|hyperliquid:xyz:SNDK|rh_lighter:32,2026-09-29T09:42:26.726451+00:00,2026-09-29T10:13:26.750921+00:00,30,60.02446961402893,False,-0.34602076124568004,False,0.5956568540000196,0.006613008000019571,0.8708041631942933,0.089854146,0.090171468,-0.36531877719427375,-0.8645084771942737,False
SNDK,SNDK|hyperliquid:xyz:SNDK|rh_lighter:32,2026-09-29T09:42:26.726451+00:00,2026-09-29T10:42:26.791547+00:00,60,0.06509613990783691,False,-0.34602076124568004,False,0.5956568540000196,0.006613008000019571,0.7398399999999583,0.089854146,0.090161064,-0.23434420999993877,-0.7335339099999387,False
XPL,XPL|lighter:71|hyperliquid:XPL,2026-09-29T09:44:25.724135+00:00,2026-09-29T09:44:25.724135+00:00,0,0.0,True,-0.1598721023181482,False,1.0257259125001512,0.07506214500015113,1.9514518270615326,0.45066408750000003,0.45072028799999997,-1.3764462025613815,-1.8764458825613815,False
XPL,XPL|lighter:71|hyperliquid:XPL,2026-09-29T09:44:25.724135+00:00,2026-09-29T09:49:56.310770+00:00,5,30.586634874343872,True,-0.43964828137490475,False,1.0257259125001512,0.07506214500015113,2.635547137695994,0.45066408750000003,0.45194781279164997,-2.0617690379874927,-2.561768717987493,False
XPL,XPL|lighter:71|hyperliquid:XPL,2026-09-29T09:44:25.724135+00:00,2026-09-29T09:59:36.082412+00:00,15,10.358277082443237,True,-0.229816147082329,False,1.0257259125001512,0.07506214500015113,3.058749500250542,0.45066408750000003,0.45101586127511273,-2.484039449025503,-2.9840391290255033,False
XPL,XPL|lighter:71|hyperliquid:XPL,2026-09-29T09:44:25.724135+00:00,2026-09-29T10:14:47.777823+00:00,30,22.053688526153564,False,-0.009992006394887731,False,1.0257259125001512,0.07506214500015113,2.800551831318103,0.45066408750000003,0.4500031692454482,-2.2248290880634,-2.7248287680634,False
XPL,XPL|lighter:71|hyperliquid:XPL,2026-09-29T09:44:25.724135+00:00,2026-09-29T10:45:06.413651+00:00,60,40.68951654434204,False,0.34972022382093737,True,1.0257259125001512,0.07506214500015113,2.5456334051576732,0.45066408750000003,0.4484115380654386,-1.9683190307229605,-2.4683187107229605,False
AAPL,AAPL|hyperliquid:xyz:AAPL|rh_lighter:10,2026-09-29T09:44:29.600737+00:00,2026-09-29T09:44:29.600737+00:00,0,0.0,True,-0.10118043844855595,False,0.6506701800000683,0.06078936000006829,0.9789885449019948,0.08998181999999999,0.08997915150000001,-0.4182975164019266,-0.9181965164019266,False
AAPL,AAPL|hyperliquid:xyz:AAPL|rh_lighter:10,2026-09-29T09:44:29.600737+00:00,2026-09-29T09:50:29.423270+00:00,5,59.82253360748291,True,0.0,True,0.6506701800000683,0.06078936000006829,1.0377499999998463,0.08998181999999999,0.0898884225,-0.47696824249977804,-0.976867242499778,False
AAPL,AAPL|hyperliquid:xyz:AAPL|rh_lighter:10,2026-09-29T09:44:29.600737+00:00,2026-09-29T10:00:29.140169+00:00,15,59.53943204879761,False,-0.03372681281618162,False,0.6506701800000683,0.06078936000006829,0.8894999999998845,0.08998181999999999,0.089923113,-0.3287529329998162,-0.8286519329998162,False
AAPL,AAPL|hyperliquid:xyz:AAPL|rh_lighter:10,2026-09-29T09:44:29.600737+00:00,2026-09-29T10:15:29.519192+00:00,30,59.918455600738525,False,0.06745362563238544,True,0.6506701800000683,0.06078936000006829,1.1226627232894089,0.08998181999999999,0.08983007885490395,-0.5618226221442445,-1.0617216221442445,False
AAPL,AAPL|hyperliquid:xyz:AAPL|rh_lighter:10,2026-09-29T09:44:29.600737+00:00,2026-09-29T10:45:29.600297+00:00,60,59.999560832977295,False,0.10118043844857816,True,0.6506701800000683,0.06078936000006829,0.9784499999999525,0.08998181999999999,0.0897923565,-0.41757217649988426,-0.9174711764998842,False
AAPL,AAPL|hyperliquid:xyz:AAPL|rh_lighter:10,2026-09-29T09:46:29.394673+00:00,2026-09-29T09:46:29.394673+00:00,0,0.0,True,-0.10111223458039165,False,0.5927628791000302,0.002781753200030268,0.9863643350200846,0.08999712089999999,0.0899917803,-0.48359323622005435,-0.9835772412200543,False
AAPL,AAPL|hyperliquid:xyz:AAPL|rh_lighter:10,2026-09-29T09:46:29.394673+00:00,2026-09-29T09:51:29.508496+00:00,5,0.11382317543029785,True,-0.06740815638692776,False,0.5927628791000302,0.002781753200030268,0.919770000000085,0.08999712089999999,0.0899543961,-0.4169615170000548,-0.9169455220000547,False
AAPL,AAPL|hyperliquid:xyz:AAPL|rh_lighter:10,2026-09-29T09:46:29.394673+00:00,2026-09-29T10:01:29.492945+00:00,15,0.09827184677124023,False,-0.10111223458039165,False,0.5927628791000302,0.002781753200030268,0.9494399999999814,0.08999712089999999,0.0899864397,-0.44666356059995116,-0.9466475655999511,False
AAPL,AAPL|hyperliquid:xyz:AAPL|rh_lighter:10,2026-09-29T09:46:29.394673+00:00,2026-09-29T10:16:29.566394+00:00,30,0.1717209815979004,False,0.0,True,0.5927628791000302,0.002781753200030268,1.0384500000000116,0.08999712089999999,0.08988763860000001,-0.5355747594999815,-1.0355587644999815,False
AAPL,AAPL|hyperliquid:xyz:AAPL|rh_lighter:10,2026-09-29T09:46:29.394673+00:00,2026-09-29T10:46:29.696168+00:00,60,0.3014945983886719,False,0.03370407819345278,True,0.5927628791000302,0.002781753200030268,1.0321621192720158,0.08999712089999999,0.08984811851987873,-0.5292473586918643,-1.0292313636918644,False
MSFT,MSFT|hyperliquid:xyz:MSFT|rh_lighter:14,2026-09-29T09:47:37.588957+00:00,2026-09-29T09:47:37.588957+00:00,0,0.0,True,-0.10162601626015899,False,0.5988212688000147,0.008960697600014722,1.0430399999999054,0.08997873120000001,0.08997341760000001,-0.5341921487998906,-1.0340739887998907,False
MSFT,MSFT|hyperliquid:xyz:MSFT|rh_lighter:14,2026-09-29T09:47:37.588957+00:00,2026-09-29T09:53:37.420625+00:00,5,59.83166766166687,True,-0.050813008130079496,False,0.5988212688000147,0.008960697600014722,1.1611199999999826,0.08997873120000001,0.0899309088,-0.6522296399999679,-1.1521114799999679,False
MSFT,MSFT|hyperliquid:xyz:MSFT|rh_lighter:14,2026-09-29T09:47:37.588957+00:00,2026-09-29T10:03:37.413219+00:00,15,59.82426190376282,False,-0.1524390243902385,False,0.5988212688000147,0.008960697600014722,1.241831035114501,0.08997873120000001,0.08999639632854962,-0.7330061626430359,-1.232888002643036,False
MSFT,MSFT|hyperliquid:xyz:MSFT|rh_lighter:14,2026-09-29T09:47:37.588957+00:00,2026-09-29T10:18:37.336296+00:00,30,59.74733853340149,False,-0.10162601626015899,False,0.5988212688000147,0.008960697600014722,1.062720000000013,0.08997873120000001,0.0899539344,-0.5538526655999982,-1.0537345055999983,False
MSFT,MSFT|hyperliquid:xyz:MSFT|rh_lighter:14,2026-09-29T09:47:37.588957+00:00,2026-09-29T10:47:37.741492+00:00,60,0.15253448486328125,False,-0.1524390243902385,False,0.5988212688000147,0.008960697600014722,1.062720000000013,0.08997873120000001,0.0900159264,-0.5539146575999983,-1.0537964975999983,False
BRENTOIL,BRENTOIL|lighter:159|hyperliquid:xyz:BRENTOIL,2026-09-29T09:47:58.871900+00:00,2026-09-29T09:47:58.871900+00:00,0,0.0,True,0.0,True,0.6303591585999344,0.04076626319993443,0.8746499999999742,0.0899928414,0.08999376749999999,-0.33428460890003975,-0.8338846629000398,False
BRENTOIL,BRENTOIL|lighter:159|hyperliquid:xyz:BRENTOIL,2026-09-29T09:47:58.871900+00:00,2026-09-29T09:53:29.923034+00:00,5,31.051133394241333,True,-0.38872691933915515,False,0.6303591585999344,0.04076626319993443,0.648270000000025,0.0899928414,0.0903253113,-0.10823615270009061,-0.6078362067000906,False
BRENTOIL,BRENTOIL|lighter:159|hyperliquid:xyz:BRENTOIL,2026-09-29T09:47:58.871900+00:00,2026-09-29T10:03:09.600858+00:00,15,10.728957891464233,False,-0.38872691933915515,False,0.6303591585999344,0.04076626319993443,0.6791400000000749,0.0899928414,0.0902817846,-0.13906262600014052,-0.6386626800001405,False
BRENTOIL,BRENTOIL|lighter:159|hyperliquid:xyz:BRENTOIL,2026-09-29T09:47:58.871900+00:00,2026-09-29T10:18:20.993306+00:00,30,22.121406078338623,False,-0.2915451895043719,False,0.6303591585999344,0.04076626319993443,0.6688499999999067,0.0899928414,0.09024381449999999,-0.1287346558999723,-0.6283347098999723,False
BRENTOIL,BRENTOIL|lighter:159|hyperliquid:xyz:BRENTOIL,2026-09-29T09:47:58.871900+00:00,2026-09-29T10:48:42.922965+00:00,60,44.051064252853394,False,-0.2915451895043719,False,0.6303591585999344,0.04076626319993443,0.5145000000001119,0.0899928414,0.09020214,0.025657018599822515,-0.4739430354001775,False
SAMSUNGUSD,SAMSUNGUSD|hyperliquid:xyz:SMSN|lighter:162,2026-09-29T09:49:13.615419+00:00,2026-09-29T09:49:13.615419+00:00,0,0.0,True,-0.10096930533117776,False,0.6681052830998969,0.07813336119989694,1.132029001819319,0.08999571690000001,0.08997806762983626,-0.5539017863492585,-1.0538779913492584,False
SAMSUNGUSD,SAMSUNGUSD|hyperliquid:xyz:SMSN|lighter:162,2026-09-29T09:49:13.615419+00:00,2026-09-29T09:54:44.864813+00:00,5,31.249394178390503,True,-0.20193861066235552,False,0.6681052830998969,0.07813336119989694,0.8887908118171026,0.08999571690000001,0.09009132346693646,-0.3107768521841422,-0.8107530571841421,False
SAMSUNGUSD,SAMSUNGUSD|hyperliquid:xyz:SMSN|lighter:162,2026-09-29T09:49:13.615419+00:00,2026-09-29T10:04:24.410527+00:00,15,10.7951078414917,False,-0.1615508885298822,False,0.6681052830998969,0.07813336119989694,0.846791999999823,0.08999571690000001,0.09005410080000001,-0.2687408176999262,-0.7687170226999263,False
SAMSUNGUSD,SAMSUNGUSD|hyperliquid:xyz:SMSN|lighter:162,2026-09-29T09:49:13.615419+00:00,2026-09-29T10:19:36.109744+00:00,30,22.494325160980225,False,-0.060581583198704436,False,0.6681052830998969,0.07813336119989694,0.9111679999999751,0.08999571690000001,0.08996050800000001,-0.33302322490007824,-0.8329994299000782,False
SAMSUNGUSD,SAMSUNGUSD|hyperliquid:xyz:SMSN|lighter:162,2026-09-29T09:49:13.615419+00:00,2026-09-29T10:49:57.483256+00:00,60,43.86783695220947,False,-0.1615508885298822,False,0.6681052830998969,0.07813336119989694,0.98546001941736,0.08999571690000001,0.09005097995825245,-0.40740571627571553,-0.9073819212757155,False
AVAX,AVAX|lighter:9|hyperliquid:AVAX,2026-09-29T09:50:01.651047+00:00,2026-09-29T09:50:01.651047+00:00,0,0.0,True,-0.17335028313880674,False,1.0722251874999964,0.12161268799999636,2.4488010034730223,0.45065081250000005,0.45077544000156283,-1.8273512559745888,-2.3273129429745887,False
AVAX,AVAX|lighter:9|hyperliquid:AVAX,2026-09-29T09:50:01.651047+00:00,2026-09-29T09:55:32.671912+00:00,5,31.020865440368652,True,0.17335028313880674,True,1.0722251874999964,0.12161268799999636,1.8394373301798623,0.45065081250000005,0.4491789570062298,-1.2163910996860956,-1.7163527866860955,False
AVAX,AVAX|lighter:9|hyperliquid:AVAX,2026-09-29T09:50:01.651047+00:00,2026-09-29T10:05:12.395773+00:00,15,10.744726657867432,False,-0.40448399399051205,False,1.0722251874999964,0.12161268799999636,1.7014942719890769,0.45065081250000005,0.4518034154999999,-1.0810724999890802,-1.58103418698908,False
AVAX,AVAX|lighter:9|hyperliquid:AVAX,2026-09-29T09:50:01.651047+00:00,2026-09-29T10:20:23.742575+00:00,30,22.09152889251709,False,-0.7396278747255347,False,1.0722251874999964,0.12161268799999636,1.5530739679824137,0.45065081250000005,0.4533390766781349,-0.9341878571605521,-1.434149544160552,False
AVAX,AVAX|lighter:9|hyperliquid:AVAX,2026-09-29T09:50:01.651047+00:00,2026-09-29T10:50:45.988287+00:00,60,44.33724045753479,False,0.2195770253091478,True,1.0722251874999964,0.12161268799999636,1.3900318095018065,0.45065081250000005,0.44899984350000005,-0.7668064655018101,-1.2667681525018102,False
XAG,XAG|hyperliquid:xyz:SILVER|rh_lighter:41,2026-09-29T09:50:23.735717+00:00,2026-09-29T09:50:23.735717+00:00,0,0.0,True,-0.12150668286755595,False,0.6747675604002411,0.08479090080024115,1.097882000000027,0.08999643959999999,0.0899906058,-0.5131050453997857,-1.0130852653997857,False
XAG,XAG|hyperliquid:xyz:SILVER|rh_lighter:41,2026-09-29T09:50:23.735717+00:00,2026-09-29T09:55:23.840290+00:00,5,0.10457301139831543,True,-0.12150668286755595,False,0.6747675604002411,0.08479090080024115,1.1670139999999947,0.08999643959999999,0.08995357080000001,-0.5822000103997536,-1.0821802303997534,False
XAG,XAG|hyperliquid:xyz:SILVER|rh_lighter:41,2026-09-29T09:50:23.735717+00:00,2026-09-29T10:05:23.879017+00:00,15,0.14330005645751953,False,-0.12150668286755595,False,0.6747675604002411,0.08479090080024115,1.1192800000000034,0.08999643959999999,0.0899787546,-0.5344911941997622,-1.0344714141997622,False
XAG,XAG|hyperliquid:xyz:SILVER|rh_lighter:41,2026-09-29T09:50:23.735717+00:00,2026-09-29T10:21:22.430033+00:00,30,58.694316387176514,False,-0.2430133657351119,False,0.6747675604002411,0.08479090080024115,1.0040599999999813,0.08999643959999999,0.090091341,-0.41938378059974013,-0.9193640005997401,False
XAG,XAG|hyperliquid:xyz:SILVER|rh_lighter:41,2026-09-29T09:50:23.735717+00:00,2026-09-29T10:51:22.477011+00:00,60,58.741294145584106,False,-0.3037667071688954,False,0.6747675604002411,0.08479090080024115,1.0534399999999096,0.08999643959999999,0.09017133660000001,-0.46884377619966844,-0.9688239961996683,False
AAPL,AAPL|hyperliquid:xyz:AAPL|rh_lighter:10,2026-09-29T09:50:29.423270+00:00,2026-09-29T09:50:29.423270+00:00,0,0.0,True,-0.10107816711590889,False,0.5963119567998616,0.006429673599861518,1.0387999999999238,0.0899820432,0.089979372,-0.5324674152000621,-1.0323676552000622,False
AAPL,AAPL|hyperliquid:xyz:AAPL|rh_lighter:10,2026-09-29T09:50:29.423270+00:00,2026-09-29T09:56:29.424385+00:00,5,60.00111436843872,True,-0.16846361185983705,False,0.5963119567998616,0.006429673599861518,0.9057288234895395,0.0899820432,0.09006217920000001,-0.399479045889678,-0.8993792858896781,False
AAPL,AAPL|hyperliquid:xyz:AAPL|rh_lighter:10,2026-09-29T09:50:29.423270+00:00,2026-09-29T10:06:29.414539+00:00,15,59.99126887321472,False,-0.10107816711590889,False,0.5963119567998616,0.006429673599861518,0.8619372303543287,0.0899820432,0.0899980704,-0.3556233439544671,-0.8555235839544671,False
AAPL,AAPL|hyperliquid:xyz:AAPL|rh_lighter:10,2026-09-29T09:50:29.423270+00:00,2026-09-29T10:20:29.750401+00:00,30,0.3271305561065674,False,0.0,True,0.5963119567998616,0.006429673599861518,1.1693799999998191,0.0899820432,0.08986611420000001,-0.6629341573999575,-1.1628343973999575,False
AAPL,AAPL|hyperliquid:xyz:AAPL|rh_lighter:10,2026-09-29T09:50:29.423270+00:00,2026-09-29T10:50:29.526599+00:00,60,0.10332870483398438,False,0.06738544474393926,True,0.5963119567998616,0.006429673599861518,0.9497599999999693,0.0899820432,0.08984581200000001,-0.4432938552001077,-0.9431940952001078,False
MSFT,MSFT|hyperliquid:xyz:MSFT|rh_lighter:14,2026-09-29T09:50:37.079723+00:00,2026-09-29T09:50:37.079723+00:00,0,0.0,True,-0.10162601626015899,False,0.5988124128000147,0.008893785600014692,1.1085665920652445,0.0899875872,0.08998523220671413,-0.599739411471944,-1.099670451471944,False
MSFT,MSFT|hyperliquid:xyz:MSFT|rh_lighter:14,2026-09-29T09:50:37.079723+00:00,2026-09-29T09:55:37.402894+00:00,5,0.32317113876342773,True,-0.10162601626015899,False,0.5988124128000147,0.008893785600014692,1.2212651230925076,0.0899875872,0.08997464644883013,-0.712427356741323,-1.212358396741323,False
MSFT,MSFT|hyperliquid:xyz:MSFT|rh_lighter:14,2026-09-29T09:50:37.079723+00:00,2026-09-29T10:05:37.449283+00:00,15,0.36956000328063965,False,-0.1524390243902385,False,0.5988124128000147,0.008893785600014692,1.2996151206107243,0.0899875872,0.0899893584,-0.7907920662107095,-1.2907231062107096,False
MSFT,MSFT|hyperliquid:xyz:MSFT|rh_lighter:14,2026-09-29T09:50:37.079723+00:00,2026-09-29T10:20:37.752891+00:00,30,0.6731681823730469,False,-0.050813008130079496,False,0.5988124128000147,0.008893785600014692,1.0315311520080286,0.0899875872,0.0899450784,-0.5226638176080138,-1.022594857608014,False
MSFT,MSFT|hyperliquid:xyz:MSFT|rh_lighter:14,2026-09-29T09:50:37.079723+00:00,2026-09-29T10:50:37.470075+00:00,60,0.3903517723083496,False,-0.10162601626015899,False,0.5988124128000147,0.008893785600014692,1.0479569969481872,0.0899875872,0.0899893584,-0.5391339425481725,-1.0390649825481726,False
INTC,INTC|hyperliquid:xyz:INTC|rh_lighter:30,2026-09-29T09:50:46.540340+00:00,2026-09-29T09:50:46.540340+00:00,0,0.0,True,-0.11614401858304202,False,0.6849806040000024,0.0955090080000024,1.2914999999999281,0.089919396,0.089903898,-0.6964232939999258,-1.1959754939999256,False
INTC,INTC|hyperliquid:xyz:INTC|rh_lighter:30,2026-09-29T09:50:46.540340+00:00,2026-09-29T09:55:46.675282+00:00,5,0.13494181632995605,True,-0.11614401858304202,False,0.6849806040000024,0.0955090080000024,1.0331999999999653,0.089919396,0.089989137,-0.4382085329999629,-0.9377607329999629,False
INTC,INTC|hyperliquid:xyz:INTC|rh_lighter:30,2026-09-29T09:50:46.540340+00:00,2026-09-29T10:06:46.451535+00:00,15,59.911195278167725,False,-0.34843205574912606,False,0.6849806040000024,0.0955090080000024,0.9470999999999776,0.089919396,0.09018286199999999,-0.3523022579999752,-0.8518544579999752,False
INTC,INTC|hyperliquid:xyz:INTC|rh_lighter:30,2026-09-29T09:50:46.540340+00:00,2026-09-29T10:21:46.538620+00:00,30,59.99828028678894,False,-0.23228803716608404,False,0.6849806040000024,0.0955090080000024,1.2915000000001555,0.089919396,0.090012384,-0.6965317800001531,-1.1960839800001533,False
INTC,INTC|hyperliquid:xyz:INTC|rh_lighter:30,2026-09-29T09:50:46.540340+00:00,2026-09-29T10:51:46.490768+00:00,60,59.950427770614624,False,-0.464576074332157,False,0.6849806040000024,0.0955090080000024,0.9470999999999776,0.089919396,0.09031459499999998,-0.35243399099997524,-0.8519861909999753,False
XPL,XPL|lighter:71|hyperliquid:XPL,2026-09-29T09:51:19.393421+00:00,2026-09-29T09:51:19.393421+00:00,0,0.0,True,-0.20052135552436345,False,1.1659395749999613,0.2152692199999613,2.8768767522601593,0.450700425,0.45087278972965644,-2.1618099669898543,-2.661779896989854,False
XPL,XPL|lighter:71|hyperliquid:XPL,2026-09-29T09:51:19.393421+00:00,2026-09-29T09:56:49.998366+00:00,5,30.60494565963745,True,-0.04010427110486825,False,1.1659395749999613,0.2152692199999613,3.2473323189568646,0.450700425,0.4501566505435306,-2.531549394500434,-3.031519324500434,False
XPL,XPL|lighter:71|hyperliquid:XPL,2026-09-29T09:51:19.393421+00:00,2026-09-29T10:06:29.781078+00:00,15,10.387657642364502,False,0.05013033888108254,True,1.1659395749999613,0.2152692199999613,3.0292764134680965,0.450700425,0.44977254299999997,-2.313109381468135,-2.813079311468135,False
XPL,XPL|lighter:71|hyperliquid:XPL,2026-09-29T09:51:19.393421+00:00,2026-09-29T10:21:38.777967+00:00,30,19.384546756744385,False,0.6416683376779586,True,1.1659395749999613,0.2152692199999613,2.2662342920900755,0.450700425,0.4470912322222953,-1.5473859493124096,-2.0473558793124096,False
XPL,XPL|lighter:71|hyperliquid:XPL,2026-09-29T09:51:19.393421+00:00,2026-09-29T10:52:00.074273+00:00,60,40.68085265159607,False,0.681772608782838,True,1.1659395749999613,0.2152692199999613,2.292692053575024,0.450700425,0.4469090076,-1.5736614861750629,-2.073631416175063,False
AAPL,AAPL|hyperliquid:xyz:AAPL|rh_lighter:10,2026-09-29T09:52:29.397568+00:00,2026-09-29T09:52:29.397568+00:00,0,0.0,True,-0.10104412260019124,False,0.5928816883000936,0.0029583116000936327,1.0391500000000633,0.0899883117,0.0899856396,-0.5362539512999698,-1.0361890162999696,False
AAPL,AAPL|hyperliquid:xyz:AAPL|rh_lighter:10,2026-09-29T09:52:29.397568+00:00,2026-09-29T09:58:29.081339+00:00,5,59.68377184867859,True,-0.1347254968002698,False,0.5928816883000936,0.0029583116000936327,0.9376051932548535,0.0899883117,0.09002037689999999,-0.4347438818547599,-0.9346789468547598,False
AAPL,AAPL|hyperliquid:xyz:AAPL|rh_lighter:10,2026-09-29T09:52:29.397568+00:00,2026-09-29T10:07:29.451539+00:00,15,0.05397152900695801,False,-0.1347254968002698,False,0.5928816883000936,0.0029583116000936327,0.9203899999999976,0.0899883117,0.09002037689999999,-0.417528688599904,-0.917463753599904,False
AAPL,AAPL|hyperliquid:xyz:AAPL|rh_lighter:10,2026-09-29T09:52:29.397568+00:00,2026-09-29T10:22:29.426371+00:00,30,0.02880382537841797,False,-0.03368137420006745,False,0.5928816883000936,0.0029583116000936327,1.2024490013476452,0.0899883117,0.0899001324,-0.6994674454475516,-1.1994025104475514,False
AAPL,AAPL|hyperliquid:xyz:AAPL|rh_lighter:10,2026-09-29T09:52:29.397568+00:00,2026-09-29T10:52:29.459220+00:00,60,0.061652421951293945,False,0.0,True,0.5928816883000936,0.0029583116000936327,0.9203899999998839,0.0899883117,0.08990814870000001,-0.41741646039979036,-0.9173515253997904,False
META,META|hyperliquid:xyz:META|rh_lighter:13,2026-09-29T09:52:43.742389+00:00,2026-09-29T09:52:43.742389+00:00,0,0.0,True,-0.07199424046077096,False,0.6038677430999849,0.01424628119998489,1.2084300000000212,0.0899422569,0.0899359443,-0.6944982012000362,-1.1941774062000363,False
META,META|hyperliquid:xyz:META|rh_lighter:13,2026-09-29T09:52:43.742389+00:00,2026-09-29T09:57:44.031149+00:00,5,0.2887606620788574,True,-0.07199424046077096,False,0.6038677430999849,0.01424628119998489,1.2223199999999679,0.0899422569,0.0899434449,-0.7083957017999829,-1.208074906799983,False
META,META|hyperliquid:xyz:META|rh_lighter:13,2026-09-29T09:52:43.742389+00:00,2026-09-29T10:07:43.765239+00:00,15,0.02284979820251465,False,-0.07199424046077096,False,0.6038677430999849,0.01424628119998489,1.361220000000003,0.0899422569,0.0899334441,-0.8472857010000181,-1.3469649060000182,False
META,META|hyperliquid:xyz:META|rh_lighter:13,2026-09-29T09:52:43.742389+00:00,2026-09-29T10:22:43.817707+00:00,30,0.0753183364868164,False,0.07199424046075986,True,0.6038677430999849,0.01424628119998489,1.4167800000001307,0.0899422569,0.089794683,-0.9027069399001458,-1.4023861449001458,False
META,META|hyperliquid:xyz:META|rh_lighter:13,2026-09-29T09:52:43.742389+00:00,2026-09-29T10:52:43.876593+00:00,60,0.13420462608337402,False,-0.14398848092153083,False,0.6038677430999849,0.01424628119998489,1.361220000000003,0.0899422569,0.0899671968,-0.847319453700018,-1.346998658700018,False
ENA,ENA|hyperliquid:ENA|lighter:29,2026-09-29T09:53:31.399413+00:00,2026-09-29T09:53:31.399413+00:00,0,0.0,True,-0.1757028112449821,False,1.0241230560001855,0.0742139520001856,2.13617832537102,0.4499569439999999,0.44975973599999997,-1.5618150053708346,-2.0617671653708345,False
ENA,ENA|hyperliquid:ENA|lighter:29,2026-09-29T09:53:31.399413+00:00,2026-09-29T09:59:02.456297+00:00,5,31.056884765625,True,-0.7028112449799173,False,1.0241230560001855,0.0742139520001856,0.8366399999999885,0.4499569439999999,0.45271785600000003,-0.265234799999803,-0.7651869599998029,False
ENA,ENA|hyperliquid:ENA|lighter:29,2026-09-29T09:53:31.399413+00:00,2026-09-29T10:08:41.882888+00:00,15,10.483474969863892,False,-0.7530120481927693,False,1.0241230560001855,0.0742139520001856,1.30236698027295,0.4499569439999999,0.4528074960000001,-0.7310514202727646,-1.2310035802727646,False
ENA,ENA|hyperliquid:ENA|lighter:29,2026-09-29T09:53:31.399413+00:00,2026-09-29T10:23:53.777894+00:00,30,22.378481149673462,False,-0.3012048192771122,False,1.0241230560001855,0.0742139520001856,0.9769636616316575,0.4499569439999999,0.4508961599637462,-0.40373676559521815,-0.9036889255952181,False
ENA,ENA|hyperliquid:ENA|lighter:29,2026-09-29T09:53:31.399413+00:00,2026-09-29T10:54:15.243893+00:00,60,43.844480752944946,False,0.25100401606426015,True,1.0241230560001855,0.0742139520001856,0.7913018007009214,0.4499569439999999,0.44840832659188784,-0.21558707129262367,-0.7155392312926236,False
MSFT,MSFT|hyperliquid:xyz:MSFT|rh_lighter:14,2026-09-29T09:53:37.420625+00:00,2026-09-29T09:53:37.420625+00:00,0,0.0,True,-0.1015744032503818,False,0.6582345341000603,0.06832981320006032,1.161709999999971,0.0899854659,0.0899766054,-0.5934520712999106,-1.0933713262999105,False
MSFT,MSFT|hyperliquid:xyz:MSFT|rh_lighter:14,2026-09-29T09:53:37.420625+00:00,2026-09-29T09:59:37.406491+00:00,5,59.98586583137512,True,-0.1523616048755727,False,0.6582345341000603,0.06832981320006032,1.1986663072227657,0.0899854659,0.08999631663234996,-0.6304280897550554,-1.1303473447550554,False
MSFT,MSFT|hyperliquid:xyz:MSFT|rh_lighter:14,2026-09-29T09:53:37.420625+00:00,2026-09-29T10:08:37.422621+00:00,15,0.0019958019256591797,False,-0.1523616048755727,False,0.6582345341000603,0.06832981320006032,0.9828424745677466,0.0899854659,0.0900279963,-0.4146359367676864,-0.9145551917676864,False
MSFT,MSFT|hyperliquid:xyz:MSFT|rh_lighter:14,2026-09-29T09:53:37.420625+00:00,2026-09-29T10:23:37.660393+00:00,30,0.23976850509643555,False,-0.1015744032503818,False,0.6582345341000603,0.06832981320006032,0.9816290838840587,0.0899854659,0.0899925543,-0.41338710408399837,-0.9133063590839983,False
MSFT,MSFT|hyperliquid:xyz:MSFT|rh_lighter:14,2026-09-29T09:53:37.420625+00:00,2026-09-29T10:53:37.475047+00:00,60,0.05442214012145996,False,-0.2031488065007636,False,0.6582345341000603,0.06832981320006032,0.8122049847328299,0.0899854659,0.0900793872,-0.2440498378327696,-0.7439690928327696,False
NBIS,NBIS|hyperliquid:xyz:NBIS|lighter:189,2026-09-29T09:54:08.616481+00:00,2026-09-29T09:54:08.616481+00:00,0,0.0,True,0.0,True,0.753615739999949,0.16437447999994892,1.4670300000000225,0.08988426000000001,0.08986060800000001,-0.8032748680000734,-1.3026318680000735,False
NBIS,NBIS|hyperliquid:xyz:NBIS|lighter:189,2026-09-29T09:54:08.616481+00:00,2026-09-29T09:59:40.084505+00:00,5,31.468024492263794,True,0.23529411764704466,True,0.753615739999949,0.16437447999994892,1.1559800469483434,0.08988426000000001,0.08965341179577466,-0.492017718744169,-0.991374718744169,False
NBIS,NBIS|hyperliquid:xyz:NBIS|lighter:189,2026-09-29T09:54:08.616481+00:00,2026-09-29T10:09:19.395380+00:00,15,10.7788987159729,False,0.0,True,0.753615739999949,0.16437447999994892,1.1235040000000254,0.08988426000000001,0.08988470999999999,-0.4597729700000763,-0.9591299700000764,False
NBIS,NBIS|hyperliquid:xyz:NBIS|lighter:189,2026-09-29T09:54:08.616481+00:00,2026-09-29T10:24:27.427728+00:00,30,18.81124711036682,False,0.0,True,0.753615739999949,0.16437447999994892,0.9864999999999782,0.08988426000000001,0.08979489,-0.3226791500000291,-0.8220361500000292,False
NBIS,NBIS|hyperliquid:xyz:NBIS|lighter:189,2026-09-29T09:54:08.616481+00:00,2026-09-29T10:54:48.501590+00:00,60,39.885109663009644,False,-0.23529411764705577,False,0.753615739999949,0.16437447999994892,0.897110849056503,0.08988426000000001,0.08995593502358491,-0.23345104408013878,-0.7328080440801388,False
INTC,INTC|hyperliquid:xyz:INTC|rh_lighter:30,2026-09-29T09:58:46.834802+00:00,2026-09-29T09:58:46.834802+00:00,0,0.0,True,-0.11600928074245731,False,0.5996149579999276,0.009713015999927577,1.134799472706277,0.08998504199999999,0.08997728399999999,-0.6251617987063494,-1.1250786987063495,False
INTC,INTC|hyperliquid:xyz:INTC|rh_lighter:30,2026-09-29T09:58:46.834802+00:00,2026-09-29T10:04:46.424193+00:00,5,59.58939075469971,False,-0.46403712296982924,False,0.5996149579999276,0.009713015999927577,0.9481999999999289,0.08998504199999999,0.09029536199999999,-0.4388804040000013,-0.9387973040000013,False
INTC,INTC|hyperliquid:xyz:INTC|rh_lighter:30,2026-09-29T09:58:46.834802+00:00,2026-09-29T10:14:46.771416+00:00,15,59.93661403656006,False,-0.46403712296982924,False,0.5996149579999276,0.009713015999927577,0.86200000000008,0.08998504199999999,0.09026432999999999,-0.35264937200015245,-0.8525662720001524,False
INTC,INTC|hyperliquid:xyz:INTC|rh_lighter:30,2026-09-29T09:58:46.834802+00:00,2026-09-29T10:29:46.583022+00:00,30,59.74821996688843,False,-0.46403712296982924,False,0.5996149579999276,0.009713015999927577,1.2068000000000438,0.08998504199999999,0.09030312,-0.6974881620001162,-1.1974050620001162,False
INTC,INTC|hyperliquid:xyz:INTC|rh_lighter:30,2026-09-29T09:58:46.834802+00:00,2026-09-29T10:59:46.998942+00:00,60,60.16413974761963,False,-0.6960556844547439,False,0.5996149579999276,0.009713015999927577,1.034400000000005,0.08998504199999999,0.09052034399999999,-0.5253053860000775,-1.0252222860000775,False
NBIS,NBIS|hyperliquid:xyz:NBIS|lighter:189,2026-09-29T10:06:33.735842+00:00,2026-09-29T10:06:33.735842+00:00,0,0.0,True,0.0,True,0.6326010249998545,0.0432632999998544,1.0670000000000073,0.089898975,0.089887095,-0.5242860700001528,-1.023724820000153,False
NBIS,NBIS|hyperliquid:xyz:NBIS|lighter:189,2026-09-29T10:06:33.735842+00:00,2026-09-29T10:12:04.857180+00:00,5,31.121338367462158,True,0.0,True,0.6326010249998545,0.0432632999998544,0.957300000000032,0.089898975,0.08983576800000001,-0.41453474300017756,-0.9139734930001777,False
NBIS,NBIS|hyperliquid:xyz:NBIS|lighter:189,2026-09-29T10:06:33.735842+00:00,2026-09-29T10:21:41.771082+00:00,15,8.035239696502686,True,0.23529411764704466,True,0.6326010249998545,0.0432632999998544,0.6505692488262866,0.089898975,0.08972567376760564,-0.1076938975940378,-0.607132647594038,False
NBIS,NBIS|hyperliquid:xyz:NBIS|lighter:189,2026-09-29T10:06:33.735842+00:00,2026-09-29T10:36:52.068233+00:00,30,18.332390546798706,True,0.0,True,0.6326010249998545,0.0432632999998544,1.0446000000000595,0.089898975,0.089804961,-0.501803936000205,-1.001242686000205,False
NBIS,NBIS|hyperliquid:xyz:NBIS|lighter:189,2026-09-29T10:06:33.735842+00:00,2026-09-29T11:07:13.778550+00:00,60,40.04270839691162,False,-0.23529411764705577,False,0.6326010249998545,0.0432632999998544,1.0755306603772397,0.089898975,0.09008522724056606,-0.5330148626179512,-1.0324536126179513,False
SAMSUNGUSD,SAMSUNGUSD|hyperliquid:xyz:SMSN|lighter:162,2026-09-29T10:07:09.807354+00:00,2026-09-29T10:07:09.807354+00:00,0,0.0,True,-0.060691887517683174,False,0.6564091450998981,0.06651498519989812,0.8007660000000669,0.08998385490000001,0.08997940619999999,-0.23433626110016875,-0.7342465661001687,False
SAMSUNGUSD,SAMSUNGUSD|hyperliquid:xyz:SMSN|lighter:162,2026-09-29T10:07:09.807354+00:00,2026-09-29T10:12:40.732179+00:00,5,30.924825191497803,True,-0.12138377503538855,False,0.6564091450998981,0.06651498519989812,0.7711080000000265,0.08998385490000001,0.0900283419,-0.2047271968001284,-0.7046375018001283,False
SAMSUNGUSD,SAMSUNGUSD|hyperliquid:xyz:SMSN|lighter:162,2026-09-29T10:07:09.807354+00:00,2026-09-29T10:22:21.750311+00:00,15,11.942957162857056,True,0.12138377503541076,True,0.6564091450998981,0.06651498519989812,0.809119859769794,0.08998385490000001,0.0898033755726207,-0.24251409024251647,-0.7424243952425165,False
SAMSUNGUSD,SAMSUNGUSD|hyperliquid:xyz:SMSN|lighter:162,2026-09-29T10:07:09.807354+00:00,2026-09-29T10:37:32.644134+00:00,30,22.836779832839966,True,0.060691887517694276,True,0.6564091450998981,0.06651498519989812,1.3081240748078926,0.08998385490000001,0.08981407394326728,-0.7415290036512617,-1.2414393086512616,False
SAMSUNGUSD,SAMSUNGUSD|hyperliquid:xyz:SMSN|lighter:162,2026-09-29T10:07:09.807354+00:00,2026-09-29T11:07:53.753696+00:00,60,43.94634175300598,False,-0.5057657293141671,False,0.6564091450998981,0.06651498519989812,0.7809919898334101,0.08998385490000001,0.09037133685091499,-0.21495418158442695,-0.7148644865844269,False
XAG,XAG|hyperliquid:xyz:SILVER|rh_lighter:41,2026-09-29T10:07:23.749372+00:00,2026-09-29T10:07:23.749372+00:00,0,0.0,True,-0.12165450121653931,False,0.7961163708000154,0.20611880160001533,1.0603800000000092,0.0899996292,0.08999814960000001,-0.35426177879999377,-0.8542597187999939,False
XAG,XAG|hyperliquid:xyz:SILVER|rh_lighter:41,2026-09-29T10:07:23.749372+00:00,2026-09-29T10:12:23.873898+00:00,5,0.1245265007019043,True,-0.18248175182482562,False,0.7961163708000154,0.20611880160001533,0.9847970749542583,0.0899996292,0.0900454968,-0.27872620095424283,-0.7787241409542429,False
XAG,XAG|hyperliquid:xyz:SILVER|rh_lighter:41,2026-09-29T10:07:23.749372+00:00,2026-09-29T10:23:22.437543+00:00,15,58.68817114830017,True,-0.06082725060828631,False,0.7961163708000154,0.20611880160001533,1.0077720000000454,0.0899996292,0.08995820040000001,-0.30161382960002997,-0.80161176960003,False
XAG,XAG|hyperliquid:xyz:SILVER|rh_lighter:41,2026-09-29T10:07:23.749372+00:00,2026-09-29T10:38:22.460247+00:00,30,58.710874795913696,True,-0.12165450121653931,False,0.7961163708000154,0.20611880160001533,1.116275999999857,0.0899996292,0.09000110880000002,-0.4101607379998416,-0.9101586779998416,False
XAG,XAG|hyperliquid:xyz:SILVER|rh_lighter:41,2026-09-29T10:07:23.749372+00:00,2026-09-29T11:08:22.583507+00:00,60,58.83413553237915,False,-0.18248175182482562,False,0.7961163708000154,0.20611880160001533,1.1524440000000595,0.0899996292,0.0900440172,-0.44637164640004406,-0.9463695864000441,False
AAPL,AAPL|hyperliquid:xyz:AAPL|rh_lighter:10,2026-09-29T10:08:29.423790+00:00,2026-09-29T10:08:29.423790+00:00,0,0.0,True,-0.06740815638692776,False,0.6204114190999612,0.030551833199961242,0.8900999999999613,0.08997858090000001,0.08997308820000001,-0.3596616691,-0.8595426741000001,False
AAPL,AAPL|hyperliquid:xyz:AAPL|rh_lighter:10,2026-09-29T10:08:29.423790+00:00,2026-09-29T10:13:29.434047+00:00,5,0.010256767272949219,True,-0.06740815638692776,False,0.6204114190999612,0.030551833199961242,1.154127976391237,0.08997858090000001,0.08993864448212478,-0.6236552017734006,-1.1235362067734007,False
AAPL,AAPL|hyperliquid:xyz:AAPL|rh_lighter:10,2026-09-29T10:08:29.423790+00:00,2026-09-29T10:23:29.428834+00:00,15,0.005043745040893555,True,0.03370407819345278,True,0.6204114190999612,0.030551833199961242,1.216470000000072,0.08997858090000001,0.08983957320000001,-0.6858981541001109,-1.185779159100111,False
AAPL,AAPL|hyperliquid:xyz:AAPL|rh_lighter:10,2026-09-29T10:08:29.423790+00:00,2026-09-29T10:38:29.460976+00:00,30,0.0371851921081543,True,0.06740815638690556,True,0.6204114190999612,0.030551833199961242,1.1274599999999282,0.08997858090000001,0.08982088110000001,-0.5968694619999669,-1.0967504669999668,False
AAPL,AAPL|hyperliquid:xyz:AAPL|rh_lighter:10,2026-09-29T10:08:29.423790+00:00,2026-09-29T11:08:29.479709+00:00,60,0.05591893196105957,False,-0.06740815638692776,False,0.6204114190999612,0.030551833199961242,0.919770000000085,0.08997858090000001,0.08997575849999999,-0.3893343394001238,-0.8892153444001238,False
GOOGL,GOOGL|hyperliquid:xyz:GOOGL|rh_lighter:12,2026-09-29T10:09:30.744097+00:00,2026-09-29T10:09:30.744097+00:00,0,0.0,True,-0.10263427984947837,False,0.6115342757999596,0.021627861599959608,1.0464339999998629,0.0899857242,0.08998098894,-0.5248807131399034,-1.0248014031399033,False
GOOGL,GOOGL|hyperliquid:xyz:GOOGL|rh_lighter:12,2026-09-29T10:09:30.744097+00:00,2026-09-29T10:14:30.755802+00:00,5,0.011705398559570312,True,-0.17105713308244175,False,0.6115342757999596,0.021627861599959608,0.8915089897188864,0.0899857242,0.0900435996,-0.3700183135189269,-0.869939003518927,False
GOOGL,GOOGL|hyperliquid:xyz:GOOGL|rh_lighter:12,2026-09-29T10:09:30.744097+00:00,2026-09-29T10:25:30.712854+00:00,15,59.968756914138794,True,-0.13684570646596006,False,0.6115342757999596,0.021627861599959608,1.1653146831105232,0.0899857242,0.09001501157852004,-0.6437954188890838,-1.1437161088890837,False
GOOGL,GOOGL|hyperliquid:xyz:GOOGL|rh_lighter:12,2026-09-29T10:09:30.744097+00:00,2026-09-29T10:39:30.760451+00:00,30,0.01635432243347168,True,-0.20526855969894564,False,0.6115342757999596,0.021627861599959608,1.0522799999998824,0.0899857242,0.0900777987,-0.530823522899923,-1.030744212899923,False
GOOGL,GOOGL|hyperliquid:xyz:GOOGL|rh_lighter:12,2026-09-29T10:09:30.744097+00:00,2026-09-29T11:10:30.698388+00:00,60,59.954291105270386,False,-0.23947998631543843,False,0.6115342757999596,0.021627861599959608,1.0815099999999802,0.0899857242,0.090101475,-0.5600771992000207,-1.0599978892000208,False
MSFT,MSFT|hyperliquid:xyz:MSFT|rh_lighter:14,2026-09-29T10:09:37.416574+00:00,2026-09-29T10:09:37.416574+00:00,0,0.0,True,-0.10162601626015899,False,0.697230124800098,0.10742760960009806,1.1807999999999765,0.08996987520000001,0.0899645616,-0.5735344367998785,-1.0733670767998784,False
MSFT,MSFT|hyperliquid:xyz:MSFT|rh_lighter:14,2026-09-29T10:09:37.416574+00:00,2026-09-29T10:14:37.563196+00:00,5,0.1466221809387207,True,-0.10162601626015899,False,0.697230124800098,0.10742760960009806,1.082400000000007,0.08996987520000001,0.0899911296,-0.47516100479990886,-0.9749936447999088,False
MSFT,MSFT|hyperliquid:xyz:MSFT|rh_lighter:14,2026-09-29T10:09:37.416574+00:00,2026-09-29T10:24:37.442407+00:00,15,0.0258331298828125,True,-0.050813008130079496,False,0.697230124800098,0.10742760960009806,0.979689809862748,0.08996987520000001,0.0899521632,-0.37241184826264995,-0.8722444882626499,False
MSFT,MSFT|hyperliquid:xyz:MSFT|rh_lighter:14,2026-09-29T10:09:37.416574+00:00,2026-09-29T10:39:37.468616+00:00,30,0.05204200744628906,True,-0.1524390243902385,False,0.697230124800098,0.10742760960009806,1.028537893129851,0.08996987520000001,0.09002060272854961,-0.42132837105830256,-0.9211610110583026,False
MSFT,MSFT|hyperliquid:xyz:MSFT|rh_lighter:14,2026-09-29T10:09:37.416574+00:00,2026-09-29T11:09:37.521182+00:00,60,0.10460782051086426,False,-0.1524390243902385,False,0.697230124800098,0.10742760960009806,1.2004800000000841,0.08996987520000001,0.0899964432,-0.5932463183999861,-1.093078958399986,False
AAPL,AAPL|hyperliquid:xyz:AAPL|rh_lighter:10,2026-09-29T10:11:29.171665+00:00,2026-09-29T10:11:29.171665+00:00,0,0.0,True,-0.06740815638692776,False,0.5924342415001181,0.0025931580001182786,0.9151058559865533,0.08997575849999999,0.08997308820000001,-0.41264470268643516,-0.9125100276864351,False
AAPL,AAPL|hyperliquid:xyz:AAPL|rh_lighter:10,2026-09-29T10:11:29.171665+00:00,2026-09-29T10:16:29.566394+00:00,5,0.3947286605834961,True,0.0,True,0.5924342415001181,0.0025931580001182786,1.0384500000000116,0.08997575849999999,0.08988763860000001,-0.5359033970998935,-1.0357687220998935,False
AAPL,AAPL|hyperliquid:xyz:AAPL|rh_lighter:10,2026-09-29T10:11:29.171665+00:00,2026-09-29T10:26:29.423010+00:00,15,0.2513442039489746,True,0.13481631277385553,True,0.5924342415001181,0.0025931580001182786,1.1274599999999282,0.08997575849999999,0.08977014540000001,-0.6247959038998101,-1.12466122889981,False
AAPL,AAPL|hyperliquid:xyz:AAPL|rh_lighter:10,2026-09-29T10:11:29.171665+00:00,2026-09-29T10:41:29.626169+00:00,30,0.45450377464294434,True,0.10111223458038054,True,0.5924342415001181,0.0025931580001182786,1.0325159999999869,0.08997575849999999,0.08981073396,-0.5298924924598688,-1.0297578174598687,False
AAPL,AAPL|hyperliquid:xyz:AAPL|rh_lighter:10,2026-09-29T10:11:29.171665+00:00,2026-09-29T11:11:29.479149+00:00,60,0.3074836730957031,False,-0.03370407819345278,False,0.5924342415001181,0.0025931580001182786,0.8974924915711426,0.08997575849999999,0.08993503867575861,-0.3949932887467832,-0.8948586137467831,False
MSFT,MSFT|hyperliquid:xyz:MSFT|rh_lighter:14,2026-09-29T10:11:37.093089+00:00,2026-09-29T10:11:37.093089+00:00,0,0.0,True,-0.10162601626015899,False,0.716899497600092,0.12702731520009208,1.2162840610376406,0.0899805024,0.0899751888,-0.5893597522375487,-1.0892514322375486,False
MSFT,MSFT|hyperliquid:xyz:MSFT|rh_lighter:14,2026-09-29T10:11:37.093089+00:00,2026-09-29T10:16:37.576082+00:00,5,0.48299336433410645,True,-0.10162601626015899,False,0.716899497600092,0.12702731520009208,1.1808000000000902,0.0899805024,0.089968104,-0.5538686063999982,-1.0537602863999982,False
MSFT,MSFT|hyperliquid:xyz:MSFT|rh_lighter:14,2026-09-29T10:11:37.093089+00:00,2026-09-29T10:26:37.514922+00:00,15,0.4218330383300781,True,-0.050813008130079496,False,0.716899497600092,0.12702731520009208,1.1020800000000008,0.0899805024,0.0899362224,-0.47511672479990885,-0.9750084047999088,False
MSFT,MSFT|hyperliquid:xyz:MSFT|rh_lighter:14,2026-09-29T10:11:37.093089+00:00,2026-09-29T10:41:37.239107+00:00,30,0.14601874351501465,True,-0.1524390243902385,False,0.716899497600092,0.12702731520009208,1.248043505343503,0.0899805024,0.09000970331358779,-0.6211537110569989,-1.1210453910569989,False
MSFT,MSFT|hyperliquid:xyz:MSFT|rh_lighter:14,2026-09-29T10:11:37.093089+00:00,2026-09-29T11:11:37.174200+00:00,60,0.08111143112182617,False,-0.1524390243902385,False,0.716899497600092,0.12702731520009208,1.2201599999999644,0.0899805024,0.0899893584,-0.5932498607998724,-1.0931415407998724,False
AMZN,AMZN|hyperliquid:xyz:AMZN|rh_lighter:11,2026-09-29T10:13:42.762249+00:00,2026-09-29T10:13:42.762249+00:00,0,0.0,True,-0.09881422924902239,False,0.6791256736000435,0.08916286720004346,0.8905599999999367,0.0899943264,0.08998704,-0.3014213663998932,-0.8013898463998932,False
AMZN,AMZN|hyperliquid:xyz:AMZN|rh_lighter:11,2026-09-29T10:13:42.762249+00:00,2026-09-29T10:18:42.824292+00:00,5,0.0620427131652832,True,-0.04940711462450009,False,0.6791256736000435,0.08916286720004346,0.971520000000055,0.0899943264,0.0899542512,-0.38234857760001145,-0.8823170576000114,False
AMZN,AMZN|hyperliquid:xyz:AMZN|rh_lighter:11,2026-09-29T10:13:42.762249+00:00,2026-09-29T10:29:42.736981+00:00,15,59.97473192214966,True,-0.12351778656126688,False,0.6791256736000435,0.08916286720004346,0.8500799999999344,0.0899943264,0.09002711520000001,-0.2609814415998909,-0.7609499215998909,False
AMZN,AMZN|hyperliquid:xyz:AMZN|rh_lighter:11,2026-09-29T10:13:42.762249+00:00,2026-09-29T10:43:42.803086+00:00,30,0.04083657264709473,True,-0.12351778656126688,False,0.6791256736000435,0.08916286720004346,0.8905600000000504,0.0899943264,0.0900088992,-0.30144322560000686,-0.8014117056000069,False
AMZN,AMZN|hyperliquid:xyz:AMZN|rh_lighter:11,2026-09-29T10:13:42.762249+00:00,2026-09-29T11:13:42.783357+00:00,60,0.02110743522644043,False,0.0,True,0.6791256736000435,0.08916286720004346,0.5262200000000803,0.0899943264,0.0899433234,0.06296235019996327,-0.4370061298000367,False
XAG,XAG|hyperliquid:xyz:SILVER|rh_lighter:41,2026-09-29T10:15:22.766437+00:00,2026-09-29T10:15:22.766437+00:00,0,0.0,True,-0.12172854534387989,False,0.6345737540999892,0.04464425319998916,1.0055159999999432,0.0899892459,0.08998776720000001,-0.4609300130999541,-0.9608702680999541,False
XAG,XAG|hyperliquid:xyz:SILVER|rh_lighter:41,2026-09-29T10:15:22.766437+00:00,2026-09-29T10:21:22.430033+00:00,5,59.66359567642212,True,-0.060864272671934394,False,0.6345737540999892,0.04464425319998916,1.0022300000000541,0.0899892459,0.0899271405,-0.45758338640006496,-0.957523641400065,False
XAG,XAG|hyperliquid:xyz:SILVER|rh_lighter:41,2026-09-29T10:15:22.766437+00:00,2026-09-29T10:31:22.697374+00:00,15,59.93093657493591,True,-0.12172854534387989,False,0.6345737540999892,0.04464425319998916,0.9372118543570878,0.0899892459,0.09000994770000001,-0.3926480479570986,-0.8925883029570987,False
XAG,XAG|hyperliquid:xyz:SILVER|rh_lighter:41,2026-09-29T10:15:22.766437+00:00,2026-09-29T10:45:22.789070+00:00,30,0.022632837295532227,True,-0.1825928180158365,False,0.6345737540999892,0.04464425319998916,1.13935538109763,0.0899892459,0.0900173412,-0.5947989681976409,-1.094739223197641,False
XAG,XAG|hyperliquid:xyz:SILVER|rh_lighter:41,2026-09-29T10:15:22.766437+00:00,2026-09-29T11:15:24.049372+00:00,60,1.2829344272613525,False,-0.24345709068775978,False,0.6345737540999892,0.04464425319998916,0.9233659999999873,0.0899892459,0.09011345670000001,-0.3789057025999981,-0.8788459575999981,False
GOOGL,GOOGL|hyperliquid:xyz:GOOGL|rh_lighter:12,2026-09-29T10:15:30.884822+00:00,2026-09-29T10:15:30.884822+00:00,0,0.0,True,-0.10266940451745254,False,0.5908282440001534,0.0008822880001534417,1.0226999999998725,0.089991756,0.0899864964,-0.5218582523997191,-1.0218124523997192,False
GOOGL,GOOGL|hyperliquid:xyz:GOOGL|rh_lighter:12,2026-09-29T10:15:30.884822+00:00,2026-09-29T10:21:30.450863+00:00,5,59.566041707992554,True,-0.10266940451745254,False,0.5908282440001534,0.0008822880001534417,0.9928733771840825,0.089991756,0.08998690992456321,-0.4920320431084923,-0.9919862431084923,False
GOOGL,GOOGL|hyperliquid:xyz:GOOGL|rh_lighter:12,2026-09-29T10:15:30.884822+00:00,2026-09-29T10:31:30.704965+00:00,15,59.82014346122742,True,-0.17111567419576534,False,0.5908282440001534,0.0008822880001534417,1.0519200000001092,0.089991756,0.0900548712,-0.5511466271999558,-1.0511008271999558,False
GOOGL,GOOGL|hyperliquid:xyz:GOOGL|rh_lighter:12,2026-09-29T10:15:30.884822+00:00,2026-09-29T10:46:30.555475+00:00,30,59.670653104782104,True,-0.2053388090349162,False,0.5908282440001534,0.0008822880001534417,0.9058199999999488,0.089991756,0.090083799,-0.40507555499979536,-0.9050297549997954,False
GOOGL,GOOGL|hyperliquid:xyz:GOOGL|rh_lighter:12,2026-09-29T10:15:30.884822+00:00,2026-09-29T11:16:30.815752+00:00,60,59.930930614471436,False,-0.23956194387406704,False,0.5908282440001534,0.0008822880001534417,0.9642599999999675,0.089991756,0.09009957780000001,-0.46353133379981404,-0.963485533799814,False
INTC,INTC|hyperliquid:xyz:INTC|rh_lighter:30,2026-09-29T10:15:46.767880+00:00,2026-09-29T10:15:46.767880+00:00,0,0.0,True,-0.11641443538998875,False,0.6831884699999995,0.09376843999999951,1.288499999999999,0.08991152999999999,0.089903799,-0.6952153289999996,-1.1947238289999995,False
INTC,INTC|hyperliquid:xyz:INTC|rh_lighter:30,2026-09-29T10:15:46.767880+00:00,2026-09-29T10:21:46.538620+00:00,5,59.770740032196045,True,0.0,True,0.6831884699999995,0.09376843999999951,1.2885000000001128,0.08991152999999999,0.089803296,-0.6951148260001133,-1.1946233260001133,False
INTC,INTC|hyperliquid:xyz:INTC|rh_lighter:30,2026-09-29T10:15:46.767880+00:00,2026-09-29T10:30:46.783447+00:00,15,0.015566110610961914,True,-0.11641443538998875,False,0.6831884699999995,0.09376843999999951,1.0633498927738856,0.08991152999999999,0.09000430200000001,-0.4701657247738861,-0.9696742247738861,False
INTC,INTC|hyperliquid:xyz:INTC|rh_lighter:30,2026-09-29T10:15:46.767880+00:00,2026-09-29T10:45:46.833752+00:00,30,0.0658714771270752,True,-0.34924330616995514,False,0.6831884699999995,0.09376843999999951,0.9448999999999614,0.08991152999999999,0.09014346,-0.35185498999996195,-0.851363489999962,False
INTC,INTC|hyperliquid:xyz:INTC|rh_lighter:30,2026-09-29T10:15:46.767880+00:00,2026-09-29T11:15:46.829727+00:00,60,0.06184673309326172,False,-0.5820721769499548,False,0.6831884699999995,0.09376843999999951,1.458378817329958,0.08991152999999999,0.090305811,-0.8654961583299586,-1.3650046583299587,False
MSFT,MSFT|hyperliquid:xyz:MSFT|rh_lighter:14,2026-09-29T10:16:37.576082+00:00,2026-09-29T10:16:37.576082+00:00,0,0.0,True,-0.10162601626015899,False,0.6775465823999904,0.08772084479999037,1.1808000000000902,0.08997341760000001,0.089968104,-0.5932215216000998,-1.0930738416000998,False
MSFT,MSFT|hyperliquid:xyz:MSFT|rh_lighter:14,2026-09-29T10:16:37.576082+00:00,2026-09-29T10:22:37.432700+00:00,5,59.85661792755127,True,-0.10162601626015899,False,0.6775465823999904,0.08772084479999037,0.9936317884028085,0.08997341760000001,0.08995747679999999,-0.4060426828028181,-0.9058950028028181,False
MSFT,MSFT|hyperliquid:xyz:MSFT|rh_lighter:14,2026-09-29T10:16:37.576082+00:00,2026-09-29T10:32:37.355888+00:00,15,59.77980637550354,True,-0.1524390243902385,False,0.6775465823999904,0.08772084479999037,1.1611199999999826,0.08997341760000001,0.0900052992,-0.5735787167999922,-1.0734310367999922,False
MSFT,MSFT|hyperliquid:xyz:MSFT|rh_lighter:14,2026-09-29T10:16:37.576082+00:00,2026-09-29T10:47:37.741492+00:00,30,60.165409564971924,True,-0.1524390243902385,False,0.6775465823999904,0.08772084479999037,1.062720000000013,0.08997341760000001,0.0900159264,-0.47518934400002255,-0.9750416640000226,False
MSFT,MSFT|hyperliquid:xyz:MSFT|rh_lighter:14,2026-09-29T10:16:37.576082+00:00,2026-09-29T11:16:37.658201+00:00,60,0.08211851119995117,False,-0.1524390243902385,False,0.6775465823999904,0.08772084479999037,1.043040000000019,0.08997341760000001,0.0900159264,-0.4555093440000286,-0.9553616640000286,False
AMZN,AMZN|hyperliquid:xyz:AMZN|rh_lighter:11,2026-09-29T10:17:42.434579+00:00,2026-09-29T10:17:42.434579+00:00,0,0.0,True,-0.09878982464807118,False,0.5983316622999508,0.008342559599950727,0.9717599999999038,0.08999833770000001,0.08999469360000002,-0.463423031299953,-0.9634137962999532,False
AMZN,AMZN|hyperliquid:xyz:AMZN|rh_lighter:11,2026-09-29T10:17:42.434579+00:00,2026-09-29T10:22:42.450388+00:00,5,0.0158083438873291,True,-0.07409236848604506,False,0.5983316622999508,0.008342559599950727,0.8664839985169692,0.08999833770000001,0.08998376130000002,-0.3581360975170184,-0.8581268625170185,False
AMZN,AMZN|hyperliquid:xyz:AMZN|rh_lighter:11,2026-09-29T10:17:42.434579+00:00,2026-09-29T10:32:42.608394+00:00,15,0.1738145351409912,True,-0.14818473697210122,False,0.5983316622999508,0.008342559599950727,0.8097999999999956,0.08999833770000001,0.09004935510000002,-0.30151769280004487,-0.801508457800045,False
AMZN,AMZN|hyperliquid:xyz:AMZN|rh_lighter:11,2026-09-29T10:17:42.434579+00:00,2026-09-29T10:47:42.602832+00:00,30,0.16825246810913086,True,-0.1234872808100973,False,0.5983316622999508,0.008342559599950727,0.7693099999999049,0.08999833770000001,0.09003113460000002,-0.26100947229995414,-0.7610002372999543,False
AMZN,AMZN|hyperliquid:xyz:AMZN|rh_lighter:11,2026-09-29T10:17:42.434579+00:00,2026-09-29T11:17:42.530621+00:00,60,0.09604144096374512,False,-0.02469745616202612,False,0.5983316622999508,0.008342559599950727,0.526369999999929,0.08999833770000001,0.08995825260000001,-0.01799659029997816,-0.5179873552999783,False
SAMSUNGUSD,SAMSUNGUSD|hyperliquid:xyz:SMSN|lighter:162,2026-09-29T10:18:12.977847+00:00,2026-09-29T10:18:12.977847+00:00,0,0.0,True,-0.08074283407346616,False,0.6149745347999196,0.0250829295999197,0.9214439999998376,0.08998346519999999,0.089974548,-0.396444013199918,-0.8963521531999179,False
SAMSUNGUSD,SAMSUNGUSD|hyperliquid:xyz:SMSN|lighter:162,2026-09-29T10:18:12.977847+00:00,2026-09-29T10:23:44.457801+00:00,5,31.4799542427063,True,-0.12111425111019924,False,0.6149745347999196,0.0250829295999197,1.0007079999999178,0.08998346519999999,0.0900012996,-0.4757347647999982,-0.9756429047999982,False
SAMSUNGUSD,SAMSUNGUSD|hyperliquid:xyz:SMSN|lighter:162,2026-09-29T10:18:12.977847+00:00,2026-09-29T10:33:24.119882+00:00,15,11.142035484313965,True,-0.12111425111019924,False,0.6149745347999196,0.0250829295999197,1.1368348690380117,0.08998346519999999,0.09000643672178657,-0.6118667709598786,-1.1117749109598785,False
SAMSUNGUSD,SAMSUNGUSD|hyperliquid:xyz:SMSN|lighter:162,2026-09-29T10:18:12.977847+00:00,2026-09-29T10:48:34.914547+00:00,30,21.936700582504272,True,-0.2018570851836876,False,0.6149745347999196,0.0250829295999197,1.0613023139159168,0.08998346519999999,0.09006852129174756,-0.5363963004077448,-1.0363044404077446,False
SAMSUNGUSD,SAMSUNGUSD|hyperliquid:xyz:SMSN|lighter:162,2026-09-29T10:18:12.977847+00:00,2026-09-29T11:18:53.586031+00:00,60,40.60818409919739,False,-0.5450141299959688,False,0.6149745347999196,0.0250829295999197,1.1225058153036116,0.08998346519999999,0.09038804491662268,-0.5979193254203147,-1.0978274654203146,False
INTC,INTC|hyperliquid:xyz:INTC|rh_lighter:30,2026-09-29T10:18:46.470191+00:00,2026-09-29T10:18:46.470191+00:00,0,0.0,True,-0.11627906976744429,False,0.6840921600001146,0.09469632000011474,1.3759999999999764,0.08990783999999999,0.0899001,-0.7818079399998618,-1.2812959399998616,False
INTC,INTC|hyperliquid:xyz:INTC|rh_lighter:30,2026-09-29T10:18:46.470191+00:00,2026-09-29T10:24:46.441724+00:00,5,59.97153282165527,True,-0.11627906976744429,False,0.6840921600001146,0.09469632000011474,1.2040000000000646,0.08990783999999999,0.08999297999999999,-0.6099008199999499,-1.1093888199999498,False
INTC,INTC|hyperliquid:xyz:INTC|rh_lighter:30,2026-09-29T10:18:46.470191+00:00,2026-09-29T10:34:46.475048+00:00,15,60.00485682487488,True,-0.23255813953487747,False,0.6840921600001146,0.09469632000011474,1.206855641025527,0.08990783999999999,0.09000846,-0.6127719410254122,-1.1122599410254121,False
INTC,INTC|hyperliquid:xyz:INTC|rh_lighter:30,2026-09-29T10:18:46.470191+00:00,2026-09-29T10:48:46.929144+00:00,30,0.4589529037475586,True,-0.46511627906975495,False,0.6840921600001146,0.09469632000011474,0.9460000000000264,0.08990783999999999,0.09027162,-0.35217945999991174,-0.8516674599999117,False
INTC,INTC|hyperliquid:xyz:INTC|rh_lighter:30,2026-09-29T10:18:46.470191+00:00,2026-09-29T11:18:46.582173+00:00,60,0.11198258399963379,False,-0.6976744186046546,False,0.6840921600001146,0.09469632000011474,1.2508468384075968,0.08990783999999999,0.09046512,-0.6572197984074821,-1.156707798407482,False
MSFT,MSFT|hyperliquid:xyz:MSFT|rh_lighter:14,2026-09-29T10:19:37.707728+00:00,2026-09-29T10:19:37.707728+00:00,0,0.0,True,-0.1015744032503818,False,0.6188456736000092,0.028882867200009155,1.0725494356888703,0.0899943264,0.089987238,-0.5436910000888611,-1.043659480088861,False
MSFT,MSFT|hyperliquid:xyz:MSFT|rh_lighter:14,2026-09-29T10:19:37.707728+00:00,2026-09-29T10:25:37.429814+00:00,5,59.72208619117737,True,-0.1523616048755727,False,0.6188456736000092,0.028882867200009155,1.0632600000000139,0.0899943264,0.09000495900000001,-0.5344192854000046,-1.0343877654000047,False
MSFT,MSFT|hyperliquid:xyz:MSFT|rh_lighter:14,2026-09-29T10:19:37.707728+00:00,2026-09-29T10:35:37.456120+00:00,15,59.74839210510254,True,-0.1523616048755727,False,0.6188456736000092,0.028882867200009155,1.0219360381483966,0.0899943264,0.09001027530000001,-0.49310063984838737,-0.9930691198483874,False
MSFT,MSFT|hyperliquid:xyz:MSFT|rh_lighter:14,2026-09-29T10:19:37.707728+00:00,2026-09-29T10:50:37.470075+00:00,30,59.76234674453735,True,-0.1523616048755727,False,0.6188456736000092,0.028882867200009155,1.0484894954221318,0.0899943264,0.0900350847,-0.5196789065221226,-1.0196473865221225,False
MSFT,MSFT|hyperliquid:xyz:MSFT|rh_lighter:14,2026-09-29T10:19:37.707728+00:00,2026-09-29T11:20:37.023922+00:00,60,59.3161940574646,False,-0.2031488065007636,False,0.6188456736000092,0.028882867200009155,0.9648100000000568,0.0899943264,0.0900917919,-0.43605611830004753,-0.9360245983000475,False
META,META|hyperliquid:xyz:META|lighter:117,2026-09-29T10:19:59.721832+00:00,2026-09-29T10:19:59.721832+00:00,0,0.0,True,-0.07199424046077096,False,0.6188853017999335,0.028985613599933457,0.7778400000000829,0.08998469820000002,0.0899834481,-0.24893814630014943,-0.7488531363001495,False
META,META|hyperliquid:xyz:META|lighter:117,2026-09-29T10:19:59.721832+00:00,2026-09-29T10:25:31.047252+00:00,5,31.325420141220093,True,0.0,True,0.6188853017999335,0.028985613599933457,0.6667200000000548,0.08998469820000002,0.08993969460000001,-0.13777439280012135,-0.6376893828001214,False
META,META|hyperliquid:xyz:META|lighter:117,2026-09-29T10:19:59.721832+00:00,2026-09-29T10:35:10.643241+00:00,15,10.921408891677856,True,-0.07199424046077096,False,0.6188853017999335,0.028985613599933457,0.7500599999999622,0.08998469820000002,0.0899734473,-0.2211481455000287,-0.7210631355000288,False
META,META|hyperliquid:xyz:META|lighter:117,2026-09-29T10:19:59.721832+00:00,2026-09-29T10:50:21.811063+00:00,30,22.089231252670288,True,0.0,True,0.6188853017999335,0.028985613599933457,0.7303140000002486,0.08998469820000002,0.089919693,-0.2013483912003151,-0.7012633812003152,False
META,META|hyperliquid:xyz:META|lighter:117,2026-09-29T10:19:59.721832+00:00,2026-09-29T11:20:38.854486+00:00,60,39.13265371322632,False,-0.3599712023038215,False,0.6188853017999335,0.028985613599933457,0.5694899999999734,0.08998469820000002,0.0902659707,-0.04087066890003993,-0.5407856589000399,False
XAG,XAG|hyperliquid:xyz:SILVER|rh_lighter:41,2026-09-29T10:21:22.430033+00:00,2026-09-29T10:21:22.430033+00:00,0,0.0,True,-0.12165450121653931,False,0.616936646400082,0.027045772800081913,1.002839999999992,0.08998335360000001,0.089981874,-0.47588522759991003,-0.9757927475999101,False
XAG,XAG|hyperliquid:xyz:SILVER|rh_lighter:41,2026-09-29T10:21:22.430033+00:00,2026-09-29T10:26:22.564274+00:00,5,0.13424062728881836,True,-0.12165450121653931,False,0.616936646400082,0.027045772800081913,0.9732159610231292,0.08998335360000001,0.09001146600000001,-0.4462907806230473,-0.9461983006230473,False
XAG,XAG|hyperliquid:xyz:SILVER|rh_lighter:41,2026-09-29T10:21:22.430033+00:00,2026-09-29T10:36:22.465023+00:00,15,0.03499007225036621,True,-0.12165450121653931,False,0.616936646400082,0.027045772800081913,1.103123999999866,0.08998335360000001,0.08997003720000002,-0.5761573907997841,-1.0760649107997842,False
XAG,XAG|hyperliquid:xyz:SILVER|rh_lighter:41,2026-09-29T10:21:22.430033+00:00,2026-09-29T10:51:22.477011+00:00,30,0.04697775840759277,True,-0.18248175182482562,False,0.616936646400082,0.027045772800081913,1.0521600000000717,0.08998335360000001,0.0900617724,-0.5252851259999898,-1.0251926459999898,False
XAG,XAG|hyperliquid:xyz:SILVER|rh_lighter:41,2026-09-29T10:21:22.430033+00:00,2026-09-29T11:21:23.855389+00:00,60,1.4253559112548828,False,-0.30413625304136493,False,0.616936646400082,0.027045772800081913,0.9411543917021845,0.08998335360000001,0.0901720797847468,-0.41438982508684935,-0.9142973450868495,False
AMZN,AMZN|hyperliquid:xyz:AMZN|rh_lighter:11,2026-09-29T10:21:42.440255+00:00,2026-09-29T10:21:42.440255+00:00,0,0.0,True,-0.09876543209875743,False,0.6390013050000418,0.049009860000041816,0.97199999999998,0.08999869499999999,0.08999505,-0.42299374499993814,-0.9229864949999381,False
AMZN,AMZN|hyperliquid:xyz:AMZN|rh_lighter:11,2026-09-29T10:21:42.440255+00:00,2026-09-29T10:26:42.583432+00:00,5,0.14317679405212402,True,-0.12345679012345512,False,0.6390013050000418,0.049009860000041816,1.0124999999999318,0.08999869499999999,0.09000963000000001,-0.46350832499989,-0.96350107499989,False
AMZN,AMZN|hyperliquid:xyz:AMZN|rh_lighter:11,2026-09-29T10:21:42.440255+00:00,2026-09-29T10:36:42.526964+00:00,15,0.08670926094055176,True,-0.1481481481481528,False,0.6390013050000418,0.049009860000041816,0.8504999999998972,0.08999869499999999,0.09003879000000001,-0.3015374849998554,-0.8015302349998554,False
AMZN,AMZN|hyperliquid:xyz:AMZN|rh_lighter:11,2026-09-29T10:21:42.440255+00:00,2026-09-29T10:51:42.524229+00:00,30,0.08397364616394043,True,-0.12345679012345512,False,0.6390013050000418,0.049009860000041816,0.6884699629171109,0.08999869499999999,0.09003150270333744,-0.13950016062040654,-0.6394929106204066,False
AMZN,AMZN|hyperliquid:xyz:AMZN|rh_lighter:11,2026-09-29T10:21:42.440255+00:00,2026-09-29T11:21:42.515113+00:00,60,0.07485795021057129,False,-0.09876543209875743,False,0.6390013050000418,0.049009860000041816,0.4901240731587677,0.08999869499999999,0.0900315,0.05884573184127413,-0.44114701815872587,False
GOOGL,GOOGL|hyperliquid:xyz:GOOGL|rh_lighter:12,2026-09-29T10:22:30.453408+00:00,2026-09-29T10:22:30.453408+00:00,0,0.0,True,-0.10266940451745254,False,0.6109103213001353,0.02091242760013534,1.04732528263105,0.0899996787,0.08999216952456321,-0.5264071308554779,-1.0264053458554778,False
GOOGL,GOOGL|hyperliquid:xyz:GOOGL|rh_lighter:12,2026-09-29T10:22:30.453408+00:00,2026-09-29T10:27:30.657491+00:00,5,0.20408296585083008,True,-0.10266940451745254,False,0.6109103213001353,0.02091242760013534,1.1934052620759985,0.0899996787,0.08998165212641317,-0.6724765929022763,-1.1724748079022764,False
GOOGL,GOOGL|hyperliquid:xyz:GOOGL|rh_lighter:12,2026-09-29T10:22:30.453408+00:00,2026-09-29T10:37:30.463018+00:00,15,0.009609699249267578,True,-0.1368925393566034,False,0.6109103213001353,0.02091242760013534,1.079457697052817,0.0899996787,0.09001031600726525,-0.5585576917599469,-1.0585559067599468,False
GOOGL,GOOGL|hyperliquid:xyz:GOOGL|rh_lighter:12,2026-09-29T10:22:30.453408+00:00,2026-09-29T10:52:30.485817+00:00,30,0.032408952713012695,True,-0.17111567419576534,False,0.6109103213001353,0.02091242760013534,0.9934800000000905,0.0899996787,0.090057501,-0.47262717969995516,-0.9726253946999551,False
GOOGL,GOOGL|hyperliquid:xyz:GOOGL|rh_lighter:12,2026-09-29T10:22:30.453408+00:00,2026-09-29T11:22:30.515002+00:00,60,0.06159377098083496,False,-0.23956194387406704,False,0.6109103213001353,0.02091242760013534,0.8473799999999301,0.0899996787,0.09013376520000001,-0.32660344389979473,-0.8266016588997946,False
XPL,XPL|lighter:71|hyperliquid:XPL,2026-09-29T10:24:24.442602+00:00,2026-09-29T10:24:24.442602+00:00,0,0.0,True,-0.17956903431763926,False,1.1898633224500657,0.23913052490006564,2.376352192684294,0.45073567755000005,0.45079490310425746,-1.637283773338486,-2.137280893338486,False
XPL,XPL|lighter:71|hyperliquid:XPL,2026-09-29T10:24:24.442602+00:00,2026-09-29T10:29:55.407748+00:00,5,30.965146780014038,True,-0.3292098962490053,False,1.1898633224500657,0.23913052490006564,2.9232636733058825,0.45073567755000005,0.45146682446441794,-2.184867175320235,-2.684864295320235,False
XPL,XPL|lighter:71|hyperliquid:XPL,2026-09-29T10:24:24.442602+00:00,2026-09-29T10:39:35.473676+00:00,15,11.031074047088623,True,0.2693535514764589,True,1.1898633224500657,0.23913052490006564,2.699934630186249,0.45073567755000005,0.44879034332157997,-1.958861651057763,-2.458858771057763,False
XPL,XPL|lighter:71|hyperliquid:XPL,2026-09-29T10:24:24.442602+00:00,2026-09-29T10:54:45.942805+00:00,30,21.500202894210815,True,0.2593774940143678,True,1.1898633224500657,0.23913052490006564,2.124928413930661,0.45073567755000005,0.4488302266058508,-1.3838953180864462,-1.8838924380864461,False
XPL,XPL|lighter:71|hyperliquid:XPL,2026-09-29T10:24:24.442602+00:00,2026-09-29T11:24:59.361518+00:00,60,34.91891646385193,False,0.5586592178770999,True,1.1898633224500657,0.23913052490006564,2.1527434999999286,0.45073567755000005,0.44747139938,-1.410351576929863,-1.9103486969298629,False
NBIS,NBIS|hyperliquid:xyz:NBIS|lighter:189,2026-09-29T10:25:49.869806+00:00,2026-09-29T10:25:49.869806+00:00,0,0.0,True,0.0,True,0.6340478759999653,0.0453319519999652,1.0625,0.089804124,0.08978422500000001,-0.5182363490000347,-1.0171481490000347,False
NBIS,NBIS|hyperliquid:xyz:NBIS|lighter:189,2026-09-29T10:25:49.869806+00:00,2026-09-29T10:31:20.855769+00:00,5,30.985963582992554,True,0.0,True,0.6340478759999653,0.0453319519999652,1.2409000000000106,0.089804124,0.089821719,-0.6966738430000453,-1.1955856430000453,False
NBIS,NBIS|hyperliquid:xyz:NBIS|lighter:189,2026-09-29T10:25:49.869806+00:00,2026-09-29T10:41:01.152947+00:00,15,11.283140897750854,True,-0.23529411764705577,False,0.6340478759999653,0.0453319519999652,0.9051297169810368,0.089804124,0.08994756332547171,-0.36102940430654323,-0.8599412043065433,False
NBIS,NBIS|hyperliquid:xyz:NBIS|lighter:189,2026-09-29T10:25:49.869806+00:00,2026-09-29T10:56:11.389948+00:00,30,21.520142555236816,True,-0.23529411764705577,False,0.6340478759999653,0.0453319519999652,1.2565566037733333,0.089804124,0.0899886099056604,-0.7124973376790285,-1.2114091376790284,False
NBIS,NBIS|hyperliquid:xyz:NBIS|lighter:189,2026-09-29T10:25:49.869806+00:00,2026-09-29T11:26:27.497399+00:00,60,37.62759327888489,False,-0.23529411764705577,False,0.6340478759999653,0.0453319519999652,1.1011910377358163,0.089804124,0.09007909280660378,-0.5572222545424548,-1.0561340545424547,False
XAG,XAG|hyperliquid:xyz:SILVER|rh_lighter:41,2026-09-29T10:26:22.564274+00:00,2026-09-29T10:26:22.564274+00:00,0,0.0,True,-0.060864272671934394,False,0.6001018068000168,0.010375873600016738,0.9726239805115711,0.08995819320000001,0.08995671449999999,-0.46247888821155425,-0.9622466282115543,False
XAG,XAG|hyperliquid:xyz:SILVER|rh_lighter:41,2026-09-29T10:26:22.564274+00:00,2026-09-29T10:31:22.697374+00:00,5,0.13310027122497559,True,-0.12172854534387989,False,0.6001018068000168,0.010375873600016738,0.9372118543570878,0.08995819320000001,0.09000994770000001,-0.427119995257071,-0.926887735257071,False
XAG,XAG|hyperliquid:xyz:SILVER|rh_lighter:41,2026-09-29T10:26:22.564274+00:00,2026-09-29T10:41:22.727264+00:00,15,0.16299080848693848,True,-0.060864272671934394,False,0.6001018068000168,0.010375873600016738,1.1587182454323965,0.08995819320000001,0.08993617750030451,-0.6485526161326842,-1.1483203561326842,False
XAG,XAG|hyperliquid:xyz:SILVER|rh_lighter:41,2026-09-29T10:26:22.564274+00:00,2026-09-29T10:56:22.676428+00:00,30,0.11215424537658691,True,-0.060864272671934394,False,0.6001018068000168,0.010375873600016738,1.0745220000000018,0.08995819320000001,0.08995671449999999,-0.5643769076999849,-1.064144647699985,False
XAG,XAG|hyperliquid:xyz:SILVER|rh_lighter:41,2026-09-29T10:26:22.564274+00:00,2026-09-29T11:26:23.905684+00:00,60,1.3414106369018555,False,-0.36518563603163967,False,0.6001018068000168,0.010375873600016738,1.062440881490602,0.08995819320000001,0.09020607553066586,-0.552545150221251,-1.052312890221251,False
SAMSUNGUSD,SAMSUNGUSD|hyperliquid:xyz:SMSN|lighter:162,2026-09-29T10:26:29.919725+00:00,2026-09-29T10:26:29.919725+00:00,0,0.0,True,-0.12113870381587066,False,0.6083764947000605,0.018399404400060382,1.2035789999999906,0.0899965053,0.08998313220000001,-0.6851856374999301,-1.1851662224999302,False
SAMSUNGUSD,SAMSUNGUSD|hyperliquid:xyz:SMSN|lighter:162,2026-09-29T10:26:29.919725+00:00,2026-09-29T10:32:00.979201+00:00,5,31.05947518348694,True,-0.181708055723806,False,0.6083764947000605,0.018399404400060382,0.9697220631069285,0.0899965053,0.0900585632643204,-0.4514041316711884,-0.9513847166711885,False
SAMSUNGUSD,SAMSUNGUSD|hyperliquid:xyz:SMSN|lighter:162,2026-09-29T10:26:29.919725+00:00,2026-09-29T10:41:40.892349+00:00,15,10.972623348236084,True,-0.08075913587725081,False,0.6083764947000605,0.018399404400060382,1.121386622145792,0.0899965053,0.08997091563400689,-0.6029810430797384,-1.1029616280797385,False
SAMSUNGUSD,SAMSUNGUSD|hyperliquid:xyz:SMSN|lighter:162,2026-09-29T10:26:29.919725+00:00,2026-09-29T10:56:51.355002+00:00,30,21.43527626991272,True,-0.6056935190793533,False,0.6083764947000605,0.018399404400060382,0.6983730000000605,0.0899965053,0.09048239460000002,-0.18047889990000002,-0.6804594849000001,False
SAMSUNGUSD,SAMSUNGUSD|hyperliquid:xyz:SMSN|lighter:162,2026-09-29T10:26:29.919725+00:00,2026-09-29T11:27:02.031876+00:00,60,32.1121506690979,False,-0.5855037351100378,False,0.6083764947000605,0.018399404400060382,0.8321039999999584,0.0899965053,0.0904422753,-0.3141697805998979,-0.8141503655998981,False
INTC,INTC|hyperliquid:xyz:INTC|rh_lighter:30,2026-09-29T10:26:46.595835+00:00,2026-09-29T10:26:46.595835+00:00,0,0.0,True,-0.11641443538998875,False,0.6831575460001131,0.09353479200011316,1.3203751072261412,0.08994245399999999,0.089926992,-0.727144553226028,-1.226824853226028,False
INTC,INTC|hyperliquid:xyz:INTC|rh_lighter:30,2026-09-29T10:26:46.595835+00:00,2026-09-29T10:31:46.793714+00:00,5,0.19787883758544922,True,-0.11641443538998875,False,0.6831575460001131,0.09353479200011316,1.1845329673659535,0.08994245399999999,0.089934723,-0.5913101443658404,-1.0909904443658403,False
INTC,INTC|hyperliquid:xyz:INTC|rh_lighter:30,2026-09-29T10:26:46.595835+00:00,2026-09-29T10:41:46.754268+00:00,15,0.1584327220916748,True,-0.2328288707799664,False,0.6831575460001131,0.09353479200011316,0.9736659754961465,0.08994245399999999,0.09008161199999999,-0.38059004149603337,-0.8802703414960333,False
INTC,INTC|hyperliquid:xyz:INTC|rh_lighter:30,2026-09-29T10:26:46.595835+00:00,2026-09-29T10:56:46.773728+00:00,30,0.17789292335510254,True,-0.4656577415599439,False,0.6831575460001131,0.09353479200011316,0.8590000000000373,0.08994245399999999,0.090259425,-0.26610187899992416,-0.7657821789999242,False
INTC,INTC|hyperliquid:xyz:INTC|rh_lighter:30,2026-09-29T10:26:46.595835+00:00,2026-09-29T11:26:46.795202+00:00,60,0.19936680793762207,False,-0.4656577415599439,False,0.6831575460001131,0.09353479200011316,1.202600000000075,0.08994245399999999,0.09029808,-0.6097405339999618,-1.1094208339999616,False
META,META|hyperliquid:xyz:META|lighter:117,2026-09-29T10:26:53.936040+00:00,2026-09-29T10:26:53.936040+00:00,0,0.0,True,-0.07199424046077096,False,0.6045315530999481,0.01473840119994796,0.7917300000000296,0.08996844690000001,0.0899671968,-0.2771656437000814,-0.7769903487000815,False
META,META|hyperliquid:xyz:META|lighter:117,2026-09-29T10:26:53.936040+00:00,2026-09-29T10:32:25.001903+00:00,5,31.065862894058228,True,-0.07199424046077096,False,0.6045315530999481,0.01473840119994796,0.6944999999999482,0.08996844690000001,0.0899909487,-0.17995939560000002,-0.6797841006,False
META,META|hyperliquid:xyz:META|lighter:117,2026-09-29T10:26:53.936040+00:00,2026-09-29T10:42:04.940242+00:00,15,11.004201173782349,True,-0.07199424046077096,False,0.6045315530999481,0.01473840119994796,0.6472860086457786,0.08996844690000001,0.08994519395922189,-0.1326996495050523,-0.6325243545050524,False
META,META|hyperliquid:xyz:META|lighter:117,2026-09-29T10:26:53.936040+00:00,2026-09-29T10:57:15.576504+00:00,30,21.64046335220337,True,-0.14398848092153083,False,0.6045315530999481,0.01473840119994796,0.5486550000000534,0.08996844690000001,0.09003845249999999,-0.03416189940010525,-0.5339866044001054,False
META,META|hyperliquid:xyz:META|lighter:117,2026-09-29T10:26:53.936040+00:00,2026-09-29T11:27:26.121929+00:00,60,32.18588876724243,False,-0.4319654427645814,False,0.6045315530999481,0.01473840119994796,0.500039999999899,0.08996844690000001,0.09031222440000002,0.01417932870004912,-0.48564537629995097,False
MSFT,MSFT|hyperliquid:xyz:MSFT|rh_lighter:14,2026-09-29T10:28:37.147321+00:00,2026-09-29T10:28:37.147321+00:00,0,0.0,True,-0.1015744032503818,False,0.5991574457000406,0.00920625640004058,1.1223300000000336,0.0899925543,0.089987238,-0.613159792299993,-1.113118427299993,False
MSFT,MSFT|hyperliquid:xyz:MSFT|rh_lighter:14,2026-09-29T10:28:37.147321+00:00,2026-09-29T10:33:37.445004+00:00,5,0.2976832389831543,True,-0.1523616048755727,False,0.5991574457000406,0.00920625640004058,1.0829499999999825,0.0899925543,0.0900173637,-0.573809917999942,-1.0737685529999421,False
MSFT,MSFT|hyperliquid:xyz:MSFT|rh_lighter:14,2026-09-29T10:28:37.147321+00:00,2026-09-29T10:43:37.213836+00:00,15,0.06651544570922852,True,-0.1523616048755727,False,0.5991574457000406,0.00920625640004058,1.08294599389626,0.0899925543,0.0900333126,-0.5738218607962194,-1.0737804957962194,False
MSFT,MSFT|hyperliquid:xyz:MSFT|rh_lighter:14,2026-09-29T10:28:37.147321+00:00,2026-09-29T10:58:37.538795+00:00,30,0.39147353172302246,True,-0.2031488065007636,False,0.5991574457000406,0.00920625640004058,1.0878449440202758,0.0899925543,0.0900492615,-0.5787367598202352,-1.0786953948202354,False
MSFT,MSFT|hyperliquid:xyz:MSFT|rh_lighter:14,2026-09-29T10:28:37.147321+00:00,2026-09-29T11:28:37.506586+00:00,60,0.359264612197876,False,-0.3047232097511454,False,0.5991574457000406,0.00920625640004058,1.0534119908302273,0.0899925543,0.09016267590000002,-0.5444172210301867,-1.0443758560301868,False
INTC,INTC|hyperliquid:xyz:INTC|rh_lighter:30,2026-09-29T10:30:46.783447+00:00,2026-09-29T10:30:46.783447+00:00,0,0.0,True,0.0,True,0.5964927539999351,0.0071008079999350104,1.0621120000000701,0.08990724600000001,0.089899524,-0.555518770000135,-1.0550034700001352,False
INTC,INTC|hyperliquid:xyz:INTC|rh_lighter:30,2026-09-29T10:30:46.783447+00:00,2026-09-29T10:36:46.539244+00:00,5,59.75579762458801,True,0.0,True,0.5964927539999351,0.0071008079999350104,1.1489579999999933,0.08990724600000001,0.089830026,-0.6422952720000582,-1.1417799720000583,False
INTC,INTC|hyperliquid:xyz:INTC|rh_lighter:30,2026-09-29T10:30:46.783447+00:00,2026-09-29T10:45:46.833752+00:00,15,0.05030536651611328,True,-0.2331002331002252,False,0.5964927539999351,0.0071008079999350104,0.9438000000000102,0.08990724600000001,0.09003852000000001,-0.43734576600007513,-0.9368304660000752,False
INTC,INTC|hyperliquid:xyz:INTC|rh_lighter:30,2026-09-29T10:30:46.783447+00:00,2026-09-29T11:01:46.499300+00:00,30,59.71585297584534,False,-0.5827505827505908,False,0.5964927539999351,0.0071008079999350104,1.0296000000000731,0.08990724600000001,0.09038601,-0.5234932560001381,-1.0229779560001382,False
INTC,INTC|hyperliquid:xyz:INTC|rh_lighter:30,2026-09-29T10:30:46.783447+00:00,2026-09-29T11:30:46.921097+00:00,60,0.137650728225708,False,-0.34965034965034336,False,0.5964927539999351,0.0071008079999350104,1.2956402105263578,0.08990724600000001,0.090100296,-0.7892477525264228,-1.2887324525264228,False
MSFT,MSFT|hyperliquid:xyz:MSFT|rh_lighter:14,2026-09-29T10:31:37.540296+00:00,2026-09-29T10:31:37.540296+00:00,0,0.0,True,-0.10162601626015899,False,0.6184941840000087,0.02858716800000871,1.0987846510680583,0.089985816,0.08997873120000001,-0.5702691982680497,-1.0701903982680496,False
MSFT,MSFT|hyperliquid:xyz:MSFT|rh_lighter:14,2026-09-29T10:31:37.540296+00:00,2026-09-29T10:37:37.504974+00:00,5,59.96467852592468,True,-0.1524390243902385,False,0.6184941840000087,0.02858716800000871,0.9249599999999418,0.089985816,0.0900176976,-0.39648351359993317,-0.8964047135999331,False
MSFT,MSFT|hyperliquid:xyz:MSFT|rh_lighter:14,2026-09-29T10:31:37.540296+00:00,2026-09-29T10:47:37.741492+00:00,15,60.20119571685791,True,-0.1524390243902385,False,0.6184941840000087,0.02858716800000871,1.062720000000013,0.089985816,0.0900159264,-0.5342417424000043,-1.0341629424000043,False
MSFT,MSFT|hyperliquid:xyz:MSFT|rh_lighter:14,2026-09-29T10:31:37.540296+00:00,2026-09-29T11:02:37.547351+00:00,30,60.007054805755615,False,-0.1524390243902385,False,0.6184941840000087,0.02858716800000871,1.062720000000013,0.089985816,0.0900106128,-0.5342364288000043,-1.0341576288000043,False
MSFT,MSFT|hyperliquid:xyz:MSFT|rh_lighter:14,2026-09-29T10:31:37.540296+00:00,2026-09-29T11:31:37.819169+00:00,60,0.2788734436035156,False,-0.2540650406503975,False,0.6184941840000087,0.02858716800000871,0.9643200000000434,0.089985816,0.0900991728,-0.4359249888000347,-0.9358461888000347,False
XAG,XAG|hyperliquid:xyz:SILVER|rh_lighter:41,2026-09-29T10:33:22.449405+00:00,2026-09-29T10:33:22.449405+00:00,0,0.0,True,-0.12165450121653931,False,0.6350147279998989,0.04508505599989876,1.040651999999909,0.08998927200000002,0.08998779240000002,-0.4956250644000102,-0.9955654644000103,False
XAG,XAG|hyperliquid:xyz:SILVER|rh_lighter:41,2026-09-29T10:33:22.449405+00:00,2026-09-29T10:38:22.460247+00:00,5,0.010841131210327148,True,-0.12165450121653931,False,0.6350147279998989,0.04508505599989876,1.116275999999857,0.08998927200000002,0.09000110880000002,-0.5712623807999582,-1.0712027807999582,False
XAG,XAG|hyperliquid:xyz:SILVER|rh_lighter:41,2026-09-29T10:33:22.449405+00:00,2026-09-29T10:48:22.480254+00:00,15,0.03084850311279297,True,-0.24330900243311193,False,0.6350147279998989,0.04508505599989876,1.0824817756099492,0.08998927200000002,0.09008433539780487,-0.5375513830078551,-1.0374917830078552,False
XAG,XAG|hyperliquid:xyz:SILVER|rh_lighter:41,2026-09-29T10:33:22.449405+00:00,2026-09-29T11:03:22.481424+00:00,30,0.03201889991760254,False,-0.24330900243311193,False,0.6350147279998989,0.04508505599989876,1.0817519999999377,0.08998927200000002,0.09011503800000001,-0.5368523100000387,-1.036792710000039,False
XAG,XAG|hyperliquid:xyz:SILVER|rh_lighter:41,2026-09-29T10:33:22.449405+00:00,2026-09-29T11:33:23.843253+00:00,60,1.3938472270965576,False,-0.36496350364965124,False,0.6350147279998989,0.04508505599989876,1.0307879999999159,0.08998927200000002,0.09023488560000001,-0.4860081576000169,-0.985948557600017,False
SAMSUNGUSD,SAMSUNGUSD|hyperliquid:xyz:SMSN|lighter:162,2026-09-29T10:33:24.119882+00:00,2026-09-29T10:33:24.119882+00:00,0,0.0,True,-0.08077544426493555,False,0.7102507512001495,0.12033434240014951,1.1363759126919604,0.0899872488,0.08997009984785771,-0.5160952613396687,-1.0160244213396687,False
SAMSUNGUSD,SAMSUNGUSD|hyperliquid:xyz:SMSN|lighter:162,2026-09-29T10:33:24.119882+00:00,2026-09-29T10:38:55.414337+00:00,5,31.29445457458496,True,-0.10096930533117776,False,0.7102507512001495,0.12033434240014951,1.1587680000000091,0.0899872488,0.08996942160000002,-0.5384866703998596,-1.0384158303998596,False
SAMSUNGUSD,SAMSUNGUSD|hyperliquid:xyz:SMSN|lighter:162,2026-09-29T10:33:24.119882+00:00,2026-09-29T10:48:34.914547+00:00,15,10.794665098190308,True,-0.1615508885298822,False,0.7102507512001495,0.12033434240014951,1.0608738511326692,0.0899872488,0.09003215935339806,-0.44065525928591776,-0.9405844192859177,False
SAMSUNGUSD,SAMSUNGUSD|hyperliquid:xyz:SMSN|lighter:162,2026-09-29T10:33:24.119882+00:00,2026-09-29T11:03:45.830820+00:00,30,21.71093773841858,False,-0.6058158319870777,False,0.7102507512001495,0.12033434240014951,0.7675600000000031,0.0899872488,0.09047304,-0.1477822887998537,-0.6477114487998537,False
SAMSUNGUSD,SAMSUNGUSD|hyperliquid:xyz:SMSN|lighter:162,2026-09-29T10:33:24.119882+00:00,2026-09-29T11:33:49.856532+00:00,60,25.736649990081787,False,-0.8683360258481487,False,0.7102507512001495,0.12033434240014951,0.955735999999888,0.0899872488,0.09069142320000001,-0.33617667199973855,-0.8361058319997385,False
MSFT,MSFT|hyperliquid:xyz:MSFT|rh_lighter:14,2026-09-29T10:33:37.445004+00:00,2026-09-29T10:33:37.445004+00:00,0,0.0,True,-0.10162601626015899,False,0.6775430399998768,0.08769407999987672,1.0823999999998932,0.08997696000000001,0.08997164640000001,-0.49482860640001647,-0.9947006064000166,False
MSFT,MSFT|hyperliquid:xyz:MSFT|rh_lighter:14,2026-09-29T10:33:37.445004+00:00,2026-09-29T10:39:37.468616+00:00,5,60.0236120223999,True,-0.1524390243902385,False,0.6775430399998768,0.08769407999987672,1.028537893129851,0.08997696000000001,0.09002060272854961,-0.44101545585852386,-0.9408874558585238,False
MSFT,MSFT|hyperliquid:xyz:MSFT|rh_lighter:14,2026-09-29T10:33:37.445004+00:00,2026-09-29T10:48:37.485627+00:00,15,0.04062247276306152,True,-0.1524390243902385,False,0.6775430399998768,0.08769407999987672,0.9643199999999297,0.08997696000000001,0.0900265536,-0.37680351360005293,-0.876675513600053,False
MSFT,MSFT|hyperliquid:xyz:MSFT|rh_lighter:14,2026-09-29T10:33:37.445004+00:00,2026-09-29T11:04:37.487215+00:00,30,60.04221034049988,False,-0.20325203252032908,False,0.6775430399998768,0.08769407999987672,1.225046932790292,0.08997696000000001,0.09003363839999999,-0.6375375311904152,-1.1374095311904153,False
MSFT,MSFT|hyperliquid:xyz:MSFT|rh_lighter:14,2026-09-29T10:33:37.445004+00:00,2026-09-29T11:33:37.519558+00:00,60,0.0745542049407959,False,-0.2540650406503975,False,0.6775430399998768,0.08769407999987672,0.9643200000000434,0.08997696000000001,0.09011334239999999,-0.37689030240016663,-0.8767623024001667,False
ARB,ARB|lighter:50|hyperliquid:ARB,2026-09-29T10:34:07.929993+00:00,2026-09-29T10:34:07.929993+00:00,0,0.0,True,-0.18784046083526462,False,1.0822196919497982,0.1315372723997983,2.299961257825885,0.45068630804999993,0.45084621280378895,-1.6685877786798755,-2.1685838901798755,False
ARB,ARB|lighter:50|hyperliquid:ARB,2026-09-29T10:34:07.929993+00:00,2026-09-29T10:39:39.452168+00:00,5,31.522174835205078,True,0.4236845949950885,True,1.0822196919497982,0.1315372723997983,0.9429747612022084,0.45068630804999993,0.44809914555,-0.30885421480241027,-0.8088503263024103,False
ARB,ARB|lighter:50|hyperliquid:ARB,2026-09-29T10:34:07.929993+00:00,2026-09-29T10:49:18.837164+00:00,15,10.90717077255249,True,0.19827604199278426,True,1.0822196919497982,0.1315372723997983,1.4702747973254873,0.45068630804999993,0.44910574280879645,-0.8371608481844857,-1.3371569596844857,False
ARB,ARB|lighter:50|hyperliquid:ARB,2026-09-29T10:34:07.929993+00:00,2026-09-29T11:04:29.858218+00:00,30,21.928224802017212,False,-0.18784046083526462,False,1.0822196919497982,0.1315372723997983,1.2509267465655967,0.45068630804999993,0.4508390686842419,-0.6195461233000404,-1.1195422348000403,False
GOOGL,GOOGL|hyperliquid:xyz:GOOGL|rh_lighter:12,2026-09-29T10:34:30.451527+00:00,2026-09-29T10:34:30.451527+00:00,0,0.0,True,-0.10266940451745254,False,0.7298419913000548,0.13999926760005477,1.1103599999999005,0.0899760087,0.08997334740000001,-0.47049135609984577,-0.9703580710998458,False
GOOGL,GOOGL|hyperliquid:xyz:GOOGL|rh_lighter:12,2026-09-29T10:34:30.451527+00:00,2026-09-29T10:39:30.760451+00:00,5,0.30892419815063477,True,-0.17111567419576534,False,0.7298419913000548,0.13999926760005477,1.0519199999998818,0.0899760087,0.09004698180000001,-0.4121249904998271,-0.9119917054998271,False
GOOGL,GOOGL|hyperliquid:xyz:GOOGL|rh_lighter:12,2026-09-29T10:34:30.451527+00:00,2026-09-29T10:49:30.482603+00:00,15,0.031076431274414062,True,-0.17111567419576534,False,0.7298419913000548,0.13999926760005477,0.9934799999998631,0.0899760087,0.0900364626,-0.35367447129980834,-0.8535411862998084,False
GOOGL,GOOGL|hyperliquid:xyz:GOOGL|rh_lighter:12,2026-09-29T10:34:30.451527+00:00,2026-09-29T11:04:30.520722+00:00,30,0.06919550895690918,False,-0.2053388090349162,False,0.7298419913000548,0.13999926760005477,0.9058200000000625,0.0899760087,0.09008642879999999,-0.2660644375000077,-0.7659311525000077,False
GOOGL,GOOGL|hyperliquid:xyz:GOOGL|rh_lighter:12,2026-09-29T10:34:30.451527+00:00,2026-09-29T11:34:30.786959+00:00,60,0.3354320526123047,False,-0.30800821355236874,False,0.7298419913000548,0.13999926760005477,1.1972676828014528,0.0899760087,0.09016013090854788,-0.5575858224099459,-1.057452537409946,False
INTC,INTC|hyperliquid:xyz:INTC|rh_lighter:30,2026-09-29T10:34:46.475048+00:00,2026-09-29T10:34:46.475048+00:00,0,0.0,True,-0.11641443538998875,False,0.5972884699999617,0.007868439999961674,1.2054523205127907,0.08991152999999999,0.089903799,-0.6980676495128291,-1.197576149512829,False
INTC,INTC|hyperliquid:xyz:INTC|rh_lighter:30,2026-09-29T10:34:46.475048+00:00,2026-09-29T10:39:46.634387+00:00,5,0.15933895111083984,True,-0.11641443538998875,False,0.5972884699999617,0.007868439999961674,0.9694535839162199,0.08991152999999999,0.089996571,-0.4621616849162583,-0.9616701849162583,False
INTC,INTC|hyperliquid:xyz:INTC|rh_lighter:30,2026-09-29T10:34:46.475048+00:00,2026-09-29T10:49:46.491601+00:00,15,0.016553401947021484,True,-0.34924330616995514,False,0.5972884699999617,0.007868439999961674,0.9333034999999654,0.08991152999999999,0.090127998,-0.42614302800000375,-0.9256515280000037,False
INTC,INTC|hyperliquid:xyz:INTC|rh_lighter:30,2026-09-29T10:34:46.475048+00:00,2026-09-29T11:04:46.644855+00:00,30,0.16980695724487305,False,-0.6984866123399325,False,0.5972884699999617,0.007868439999961674,1.1896314161782584,0.08991152999999999,0.090437238,-0.6827801841782968,-1.182288684178297,False
INTC,INTC|hyperliquid:xyz:INTC|rh_lighter:30,2026-09-29T10:34:46.475048+00:00,2026-09-29T11:34:46.889222+00:00,60,0.41417431831359863,False,-0.5820721769499548,False,0.5972884699999617,0.007868439999961674,1.240969337236379,0.08991152999999999,0.090352197,-0.7340330642364173,-1.2335415642364174,False
XAG,XAG|hyperliquid:xyz:SILVER|rh_lighter:41,2026-09-29T10:36:22.465023+00:00,2026-09-29T10:36:22.465023+00:00,0,0.0,True,-0.12165450121653931,False,0.6448964832000058,0.05508320640000569,1.103123999999866,0.08997151680000001,0.08997003720000002,-0.5481975539998603,-1.0480393139998603,False
XAG,XAG|hyperliquid:xyz:SILVER|rh_lighter:41,2026-09-29T10:36:22.465023+00:00,2026-09-29T10:41:22.727264+00:00,5,0.2622413635253906,True,-0.12165450121653931,False,0.6448964832000058,0.05508320640000569,1.1594234908646968,0.08997151680000001,0.08999091650060903,-0.6045179241653,-1.1043596841653,False
XAG,XAG|hyperliquid:xyz:SILVER|rh_lighter:41,2026-09-29T10:36:22.465023+00:00,2026-09-29T10:51:22.477011+00:00,15,0.011987686157226562,True,-0.18248175182482562,False,0.6448964832000058,0.05508320640000569,1.0521600000000717,0.08997151680000001,0.0900617724,-0.4973252892000659,-0.9971670492000659,False
XAG,XAG|hyperliquid:xyz:SILVER|rh_lighter:41,2026-09-29T10:36:22.465023+00:00,2026-09-29T11:06:22.542748+00:00,30,0.07772541046142578,False,-0.24330900243311193,False,0.6448964832000058,0.05508320640000569,1.0603800000000092,0.08997151680000001,0.09011355840000002,-0.5055970752000034,-1.0054388352000034,False
XAG,XAG|hyperliquid:xyz:SILVER|rh_lighter:41,2026-09-29T10:36:22.465023+00:00,2026-09-29T11:36:23.843235+00:00,60,1.378211498260498,False,-0.42579075425790425,False,0.6448964832000058,0.05508320640000569,0.9551640000000816,0.08997151680000001,0.0902881512,-0.4005556680000758,-0.9003974280000759,False
GOOGL,GOOGL|hyperliquid:xyz:GOOGL|rh_lighter:12,2026-09-29T10:36:30.520541+00:00,2026-09-29T10:36:30.520541+00:00,0,0.0,True,-0.10266940451745254,False,0.640140322199892,0.050142434399891855,0.9934799999998631,0.08999967780000001,0.08999701560000002,-0.44333669339997106,-0.9433349033999712,False
GOOGL,GOOGL|hyperliquid:xyz:GOOGL|rh_lighter:12,2026-09-29T10:36:30.520541+00:00,2026-09-29T10:41:30.740910+00:00,5,0.2203693389892578,True,-0.17111567419576534,False,0.640140322199892,0.050142434399891855,0.9350399999998444,0.08999967780000001,0.09004698180000001,-0.38494665959995233,-0.8849448695999524,False
GOOGL,GOOGL|hyperliquid:xyz:GOOGL|rh_lighter:12,2026-09-29T10:36:30.520541+00:00,2026-09-29T10:52:30.485817+00:00,15,59.96527671813965,True,-0.17111567419576534,False,0.640140322199892,0.050142434399891855,0.9934800000000905,0.08999967780000001,0.090057501,-0.4433971788001984,-0.9433953888001985,False
GOOGL,GOOGL|hyperliquid:xyz:GOOGL|rh_lighter:12,2026-09-29T10:36:30.520541+00:00,2026-09-29T11:07:30.757645+00:00,30,60.237104415893555,False,-0.23956194387406704,False,0.640140322199892,0.050142434399891855,1.0227000000000999,0.08999967780000001,0.0900943182,-0.47265399600020774,-0.9726522060002079,False
GOOGL,GOOGL|hyperliquid:xyz:GOOGL|rh_lighter:12,2026-09-29T10:36:30.520541+00:00,2026-09-29T11:37:30.522094+00:00,60,60.001553535461426,False,-0.3422313483915196,False,0.640140322199892,0.050142434399891855,1.1103599999999005,0.08999967780000001,0.09018110160000001,-0.5604007794000084,-1.0603989894000085,False
MSFT,MSFT|hyperliquid:xyz:MSFT|rh_lighter:14,2026-09-29T10:36:37.126212+00:00,2026-09-29T10:36:37.126212+00:00,0,0.0,True,-0.10162601626015899,False,0.5988301248000147,0.009027609600014752,1.0607740223805422,0.08996987520000001,0.089959248,-0.5519031455805274,-1.0517357855805274,False
MSFT,MSFT|hyperliquid:xyz:MSFT|rh_lighter:14,2026-09-29T10:36:37.126212+00:00,2026-09-29T10:41:37.239107+00:00,5,0.11289501190185547,True,-0.1524390243902385,False,0.5988301248000147,0.009027609600014752,1.248043505343503,0.08996987520000001,0.09000970331358779,-0.7392230838570761,-1.239055723857076,False
MSFT,MSFT|hyperliquid:xyz:MSFT|rh_lighter:14,2026-09-29T10:36:37.126212+00:00,2026-09-29T10:51:37.489375+00:00,15,0.3631625175476074,True,-0.10162601626015899,False,0.5988301248000147,0.009027609600014752,1.062720000000013,0.08996987520000001,0.0899893584,-0.5538792335999982,-1.0537118735999982,False
MSFT,MSFT|hyperliquid:xyz:MSFT|rh_lighter:14,2026-09-29T10:36:37.126212+00:00,2026-09-29T11:06:37.746826+00:00,30,0.6206135749816895,False,-0.1524390243902385,False,0.5988301248000147,0.009027609600014752,1.239840000000072,0.08996987520000001,0.09001415519999999,-0.7310240304000573,-1.2308566704000572,False
MSFT,MSFT|hyperliquid:xyz:MSFT|rh_lighter:14,2026-09-29T10:36:37.126212+00:00,2026-09-29T11:36:37.511294+00:00,60,0.38508129119873047,False,-0.2540650406503975,False,0.5988301248000147,0.009027609600014752,0.9052800000001753,0.08996987520000001,0.09011334239999999,-0.39656321760016056,-0.8963958576001605,False
XPL,XPL|lighter:71|hyperliquid:XPL,2026-09-29T10:36:49.824676+00:00,2026-09-29T10:36:49.824676+00:00,0,0.0,True,-0.2095390141688247,False,1.482825920499986,0.5319939249999859,2.974986757924057,0.45085207950000006,0.45092165975051496,-1.9430824971745861,-2.4430624131745864,False
XPL,XPL|lighter:71|hyperliquid:XPL,2026-09-29T10:36:49.824676+00:00,2026-09-29T10:42:20.962505+00:00,5,31.137828826904297,True,0.19956096587507854,True,1.482825920499986,0.5319939249999859,2.4226253853812523,0.45085207950000006,0.44909702493931475,-1.388896489820581,-1.888876405820581,False
XPL,XPL|lighter:71|hyperliquid:XPL,2026-09-29T10:36:49.824676+00:00,2026-09-29T10:52:00.074273+00:00,15,10.249597549438477,True,0.19956096587507854,True,1.482825920499986,0.5319939249999859,2.3037256628161913,0.45085207950000006,0.44905976279999993,-1.269959505116205,-1.769939421116205,False
XPL,XPL|lighter:71|hyperliquid:XPL,2026-09-29T10:36:49.824676+00:00,2026-09-29T11:07:11.057335+00:00,30,21.232659578323364,False,0.5288365595689459,True,1.482825920499986,0.5319939249999859,2.0821368988584936,0.45085207950000006,0.44760306510000003,-1.0469140434585076,-1.5468939594585076,False
XPL,XPL|lighter:71|hyperliquid:XPL,2026-09-29T10:36:49.824676+00:00,2026-09-29T11:37:12.575440+00:00,60,22.7507643699646,False,-0.5986828976252245,False,1.482825920499986,0.5319939249999859,3.2946404489058523,0.45085207950000006,0.452703762,-2.2645182904058663,-2.7644982064058663,False
ETHFI,ETHFI|lighter:64|hyperliquid:ETHFI,2026-09-29T10:38:35.024464+00:00,2026-09-29T10:38:35.024464+00:00,0,0.0,True,-0.17091476554952356,False,1.060695196499776,0.11007695099977594,2.241935799315115,0.4506508035,0.45074988530969184,-1.6319904881250311,-2.131957930125031,False
ETHFI,ETHFI|lighter:64|hyperliquid:ETHFI,2026-09-29T10:38:35.024464+00:00,2026-09-29T10:44:06.413895+00:00,5,31.38943123817444,True,-0.3343984543360379,False,1.060695196499776,0.11007695099977594,1.9180559494484442,0.4506508035,0.45148220862725175,-1.30884296157592,-1.80881040357592,False
ETHFI,ETHFI|lighter:64|hyperliquid:ETHFI,2026-09-29T10:38:35.024464+00:00,2026-09-29T10:53:45.882810+00:00,15,10.858345746994019,True,-0.8174184439325272,False,1.060695196499776,0.11007695099977594,1.1564298710571848,0.4506508035,0.4537010168419758,-0.5494356913993848,-1.0494031333993847,False
NBIS,NBIS|hyperliquid:xyz:NBIS|lighter:189,2026-09-29T10:39:37.960130+00:00,2026-09-29T10:39:37.960130+00:00,0,0.0,True,0.0,True,0.6048852009998777,0.016046851999877765,0.9930000000001655,0.08982279900000001,0.08980577999999999,-0.4779205790002878,-0.9769361290002878,False
NBIS,NBIS|hyperliquid:xyz:NBIS|lighter:189,2026-09-29T10:39:37.960130+00:00,2026-09-29T10:45:08.917789+00:00,5,30.957659244537354,True,0.0,True,0.6048852009998777,0.016046851999877765,0.8214000000001533,0.08982279900000001,0.089855649,-0.3063704480002756,-0.8053859980002755,False
NBIS,NBIS|hyperliquid:xyz:NBIS|lighter:189,2026-09-29T10:39:37.960130+00:00,2026-09-29T10:54:48.501590+00:00,15,10.541460275650024,True,-0.23529411764705577,False,0.6048852009998777,0.016046851999877765,0.897110849056503,0.08982279900000001,0.08995593502358491,-0.3821815830802101,-0.8811971330802101,False
NBIS,NBIS|hyperliquid:xyz:NBIS|lighter:189,2026-09-29T10:39:37.960130+00:00,2026-09-29T11:09:59.355377+00:00,30,21.395246505737305,False,0.0,True,0.6048852009998777,0.016046851999877765,0.9043000000000347,0.08982279900000001,0.089852013,-0.389266812000157,-0.888282362000157,False
NBIS,NBIS|hyperliquid:xyz:NBIS|lighter:189,2026-09-29T10:39:37.960130+00:00,2026-09-29T11:40:02.120387+00:00,60,24.1602566242218,False,0.0,True,0.6048852009998777,0.016046851999877765,1.2749999999999773,0.08982279900000001,0.08988367500000001,-0.7599984740000996,-1.2590140240000995,False
MSFT,MSFT|hyperliquid:xyz:MSFT|rh_lighter:14,2026-09-29T10:40:37.246018+00:00,2026-09-29T10:40:37.246018+00:00,0,0.0,True,-0.10167768174885738,False,0.6574774212999327,0.06759162759993259,1.0781081954199863,0.08998257870000001,0.08997920386854961,-0.5106099779886032,-1.0105131929886033,False
MSFT,MSFT|hyperliquid:xyz:MSFT|rh_lighter:14,2026-09-29T10:40:37.246018+00:00,2026-09-29T10:45:37.667445+00:00,5,0.42142701148986816,True,-0.10167768174885738,False,0.6574774212999327,0.06759162759993259,1.0375889964376483,0.08998257870000001,0.08995779450000001,-0.4700693696377157,-0.9699725846377157,False
MSFT,MSFT|hyperliquid:xyz:MSFT|rh_lighter:14,2026-09-29T10:40:37.246018+00:00,2026-09-29T10:56:37.472612+00:00,15,60.22659420967102,True,-0.10167768174885738,False,0.6574774212999327,0.06759162759993259,1.190029994911015,0.08998257870000001,0.0899542539,-0.6225068275110822,-1.1224100425110823,False
MSFT,MSFT|hyperliquid:xyz:MSFT|rh_lighter:14,2026-09-29T10:40:37.246018+00:00,2026-09-29T11:10:37.482997+00:00,30,0.23697924613952637,False,-0.10167768174885738,False,0.6574774212999327,0.06759162759993259,1.3178899999999203,0.08998257870000001,0.089948943,-0.7503615216999876,-1.2502647366999877,False
MSFT,MSFT|hyperliquid:xyz:MSFT|rh_lighter:14,2026-09-29T10:40:37.246018+00:00,2026-09-29T11:40:37.631276+00:00,60,0.3852579593658447,False,-0.20335536349771477,False,0.6574774212999327,0.06759162759993259,1.2195400000000518,0.08998257870000001,0.090055161,-0.6521177397001191,-1.1520209547001192,False
SAMSUNGUSD,SAMSUNGUSD|hyperliquid:xyz:SMSN|lighter:162,2026-09-29T10:41:40.892349+00:00,2026-09-29T10:41:40.892349+00:00,0,0.0,True,-0.08075913587725081,False,0.7471459523999817,0.15719808479998165,1.121386622145792,0.0899920476,0.08997091563400689,-0.46421158537981716,-0.9641674053798173,False
SAMSUNGUSD,SAMSUNGUSD|hyperliquid:xyz:SMSN|lighter:162,2026-09-29T10:41:40.892349+00:00,2026-09-29T10:47:11.723665+00:00,5,30.831316232681274,True,-0.14132848778519724,False,0.7471459523999817,0.15719808479998165,1.0401299999999765,0.0899920476,0.0900277092,-0.3830117567999948,-0.8829675767999948,False
SAMSUNGUSD,SAMSUNGUSD|hyperliquid:xyz:SMSN|lighter:162,2026-09-29T10:41:40.892349+00:00,2026-09-29T10:56:51.355002+00:00,15,10.462652921676636,True,-0.6056935190793533,False,0.7471459523999817,0.15719808479998165,0.6983730000000605,0.0899920476,0.09048239460000002,-0.041709442200078814,-0.5416652622000788,False
SAMSUNGUSD,SAMSUNGUSD|hyperliquid:xyz:SMSN|lighter:162,2026-09-29T10:41:40.892349+00:00,2026-09-29T11:12:02.016768+00:00,30,21.12441897392273,False,-0.5249343832021136,False,0.7471459523999817,0.15719808479998165,0.8370569999999589,0.0899920476,0.0903887829,-0.18029983049997714,-0.6802556504999772,False
SAMSUNGUSD,SAMSUNGUSD|hyperliquid:xyz:SMSN|lighter:162,2026-09-29T10:41:40.892349+00:00,2026-09-29T11:41:58.396758+00:00,60,17.504409074783325,False,-0.7470220068645284,False,0.7471459523999817,0.15719808479998165,0.6488430000000562,0.0899920476,0.09060275250000001,0.007700199899925486,-0.49225562010007456,False
NEAR,NEAR|hyperliquid:NEAR|lighter:10,2026-09-29T10:44:22.449879+00:00,2026-09-29T10:44:22.449879+00:00,0,0.0,True,-0.1425178147268502,False,1.0110493924998862,0.06142810999988624,1.6680272359659511,0.4498206075,0.44979464149381526,-1.1067724849598801,-1.60657315995988,False
NEAR,NEAR|hyperliquid:NEAR|lighter:10,2026-09-29T10:44:22.449879+00:00,2026-09-29T10:49:53.484430+00:00,5,31.03455090522766,True,-0.23752969121140222,False,1.0110493924998862,0.06142810999988624,1.7636391666666213,0.4498206075,0.450152145,-1.2027419191667352,-1.7025425941667351,False
NEAR,NEAR|hyperliquid:NEAR|lighter:10,2026-09-29T10:44:22.449879+00:00,2026-09-29T10:59:32.967135+00:00,15,10.517256021499634,True,-0.47505938242280443,False,1.0110493924998862,0.06142810999988624,1.0027657326969575,0.4498206075,0.45155260099761335,-0.44326894119468463,-0.9430696161946847,False
NEAR,NEAR|hyperliquid:NEAR|lighter:10,2026-09-29T10:44:22.449879+00:00,2026-09-29T11:14:44.815073+00:00,30,22.365193843841553,False,-0.6175771971496546,False,1.0110493924998862,0.06142810999988624,0.6693899999999076,0.4498206075,0.452387655,-0.11072826250002138,-0.6105289375000214,False
MSFT,MSFT|hyperliquid:xyz:MSFT|rh_lighter:14,2026-09-29T10:44:37.419400+00:00,2026-09-29T10:44:37.419400+00:00,0,0.0,True,-0.10167768174885738,False,0.6230728945999883,0.033314759199988275,1.042509999999993,0.0899631054,0.08995779450000001,-0.5093948999000047,-1.0091899299000047,False
MSFT,MSFT|hyperliquid:xyz:MSFT|rh_lighter:14,2026-09-29T10:44:37.419400+00:00,2026-09-29T10:49:37.481856+00:00,5,0.06245541572570801,True,-0.10167768174885738,False,0.6230728945999883,0.033314759199988275,1.0474099821881282,0.0899631054,0.0899631054,-0.51430019298814,-1.0140952229881401,False
MSFT,MSFT|hyperliquid:xyz:MSFT|rh_lighter:14,2026-09-29T10:44:37.419400+00:00,2026-09-29T10:59:37.643618+00:00,15,0.22421765327453613,True,-0.10167768174885738,False,0.6230728945999883,0.033314759199988275,1.0277299720100928,0.0899631054,0.0899648757,-0.49462195311010454,-0.9944169831101046,False
MSFT,MSFT|hyperliquid:xyz:MSFT|rh_lighter:14,2026-09-29T10:44:37.419400+00:00,2026-09-29T11:14:38.479617+00:00,30,1.0602169036865234,False,-0.10167768174885738,False,0.6230728945999883,0.033314759199988275,1.1735412295163314,0.0899631054,0.0899712280589313,-0.6404395629752745,-1.1402345929752746,False
MSFT,MSFT|hyperliquid:xyz:MSFT|rh_lighter:14,2026-09-29T10:44:37.419400+00:00,2026-09-29T11:44:37.525196+00:00,60,0.10579562187194824,False,-0.254194204372149,False,0.6230728945999883,0.033314759199988275,1.1015200000000505,0.0899631054,0.0900941076,-0.5685412130000622,-1.0683362430000622,False
XPL,XPL|lighter:71|hyperliquid:XPL,2026-09-29T10:45:06.413651+00:00,2026-09-29T10:45:06.413651+00:00,0,0.0,True,-0.15906153693210356,False,0.9992399474999493,0.04866009899994922,2.5586057576418852,0.4506180525,0.4506966088529423,-2.0100624189948784,-2.5100242149948784,False
XPL,XPL|lighter:71|hyperliquid:XPL,2026-09-29T10:45:06.413651+00:00,2026-09-29T10:50:37.817181+00:00,5,31.403529405593872,True,-0.06958942240778976,False,0.9992399474999493,0.04866009899994922,2.1821645557101874,0.4506180525,0.45027587468043173,-1.6332004828906697,-2.1331622788906697,False
XPL,XPL|lighter:71|hyperliquid:XPL,2026-09-29T10:45:06.413651+00:00,2026-09-29T11:00:17.027852+00:00,15,10.614200830459595,False,0.2584749975146572,True,0.9992399474999493,0.04866009899994922,2.542455388497501,0.4506180525,0.44883859590040154,-1.9920540368979534,-2.4920158328979536,False
XPL,XPL|lighter:71|hyperliquid:XPL,2026-09-29T10:45:06.413651+00:00,2026-09-29T11:15:28.839522+00:00,30,22.425870656967163,False,0.5268913410875875,True,0.9992399474999493,0.04866009899994922,2.708198735363794,0.4506180525,0.44761706981789956,-2.1565758576817444,-2.6565376536817444,False
AAPL,AAPL|hyperliquid:xyz:AAPL|rh_lighter:10,2026-09-29T10:46:29.696168+00:00,2026-09-29T10:46:29.696168+00:00,0,0.0,True,-0.10097610232245868,False,0.6230659388999782,0.03323598279997819,1.0335536421831648,0.0899740611,0.0899692484403639,-0.5004569517235505,-1.0003128467235505,False
AAPL,AAPL|hyperliquid:xyz:AAPL|rh_lighter:10,2026-09-29T10:46:29.696168+00:00,2026-09-29T10:52:29.459220+00:00,5,59.763052225112915,True,-0.06731740154830579,False,0.6230659388999782,0.03323598279997819,0.9210099999997965,0.0899740611,0.08996871330000002,-0.38791277439981836,-0.8877686693998184,False
AAPL,AAPL|hyperliquid:xyz:AAPL|rh_lighter:10,2026-09-29T10:46:29.696168+00:00,2026-09-29T11:01:29.723734+00:00,15,0.02756667137145996,False,-0.13463480309660047,False,0.6230659388999782,0.03323598279997819,0.7798699764072126,0.0899740611,0.09004558950212335,-0.24684962700935778,-0.7467055220093578,False
AAPL,AAPL|hyperliquid:xyz:AAPL|rh_lighter:10,2026-09-29T10:46:29.696168+00:00,2026-09-29T11:17:29.686522+00:00,30,59.99035406112671,False,-0.16829350387074227,False,0.6230659388999782,0.03323598279997819,1.0073352798381165,0.0899740611,0.09005987832481456,-0.47432921926295296,-0.974185114262953,False
AAPL,AAPL|hyperliquid:xyz:AAPL|rh_lighter:10,2026-09-29T10:46:29.696168+00:00,2026-09-29T11:47:29.669571+00:00,60,59.973403453826904,False,-0.26926960619320095,False,0.6230659388999782,0.03323598279997819,0.9210100000000239,0.0899740611,0.0901532124,-0.38809727350004575,-0.8879531685000458,False
GOOGL,GOOGL|hyperliquid:xyz:GOOGL|rh_lighter:12,2026-09-29T10:47:30.826313+00:00,2026-09-29T10:47:30.826313+00:00,0,0.0,True,-0.102739726027401,False,0.6108146519998446,0.02091070399984457,0.9715101268427588,0.089985348,0.08998271999999999,-0.45067819484291416,-0.9505967948429142,False
GOOGL,GOOGL|hyperliquid:xyz:GOOGL|rh_lighter:12,2026-09-29T10:47:30.826313+00:00,2026-09-29T10:53:30.549434+00:00,5,59.72312045097351,True,-0.102739726027401,False,0.6108146519998446,0.02091070399984457,0.9635999999999285,0.089985348,0.08999586,-0.44278120800008386,-0.9426998080000839,False
GOOGL,GOOGL|hyperliquid:xyz:GOOGL|rh_lighter:12,2026-09-29T10:47:30.826313+00:00,2026-09-29T11:03:30.479290+00:00,15,59.65297722816467,False,-0.136986301369868,False,0.6108146519998446,0.02091070399984457,1.0220000000000482,0.089985348,0.09001425599999999,-0.5011996040002036,-1.0011182040002036,False
GOOGL,GOOGL|hyperliquid:xyz:GOOGL|rh_lighter:12,2026-09-29T10:47:30.826313+00:00,2026-09-29T11:17:30.851348+00:00,30,0.025034666061401367,False,-0.1712328767123239,False,0.6108146519998446,0.02091070399984457,0.9343999999999824,0.089985348,0.090043164,-0.4136285120001377,-0.9135471120001377,False
GOOGL,GOOGL|hyperliquid:xyz:GOOGL|rh_lighter:12,2026-09-29T10:47:30.826313+00:00,2026-09-29T11:47:30.904128+00:00,60,0.07781505584716797,False,-0.2739726027397249,False,0.6108146519998446,0.02091070399984457,1.1096000000000004,0.089985348,0.090135144,-0.5889204920001557,-1.0888390920001558,False
MSFT,MSFT|hyperliquid:xyz:MSFT|rh_lighter:14,2026-09-29T10:48:37.485627+00:00,2026-09-29T10:48:37.485627+00:00,0,0.0,True,-0.10167768174885738,False,0.5984656509998753,0.008568251999875265,0.9638300000000299,0.089984349,0.0899808084,-0.45534515740015474,-0.9552582074001548,False
MSFT,MSFT|hyperliquid:xyz:MSFT|rh_lighter:14,2026-09-29T10:48:37.485627+00:00,2026-09-29T10:54:37.799931+00:00,5,60.31430459022522,True,-0.10167768174885738,False,0.5984656509998753,0.008568251999875265,1.2283839923662754,0.089984349,0.08994416273954199,-0.7198625041059421,-1.219775554105942,False
MSFT,MSFT|hyperliquid:xyz:MSFT|rh_lighter:14,2026-09-29T10:48:37.485627+00:00,2026-09-29T11:04:37.487215+00:00,15,60.001587867736816,False,-0.15251652262329163,False,0.5984656509998753,0.008568251999875265,1.2244244495927887,0.089984349,0.08998788960000001,-0.7159466881929135,-1.2158597381929135,False
MSFT,MSFT|hyperliquid:xyz:MSFT|rh_lighter:14,2026-09-29T10:48:37.485627+00:00,2026-09-29T11:19:37.492998+00:00,30,60.00737166404724,False,-0.15251652262329163,False,0.5984656509998753,0.008568251999875265,1.0995570061099897,0.089984349,0.0900057692694501,-0.5910971243795646,-1.0910101743795646,False
MSFT,MSFT|hyperliquid:xyz:MSFT|rh_lighter:14,2026-09-29T10:48:37.485627+00:00,2026-09-29T11:48:37.809670+00:00,60,0.32404303550720215,False,-0.20335536349771477,False,0.5984656509998753,0.008568251999875265,1.0818500000000313,0.089984349,0.0900657828,-0.5734501318001561,-1.073363181800156,False
XAG,XAG|hyperliquid:xyz:SILVER|rh_lighter:41,2026-09-29T10:49:22.734790+00:00,2026-09-29T10:49:22.734790+00:00,0,0.0,True,-0.12172854534387989,False,0.596783275400014,0.006844080800013974,1.0942380000000185,0.0899907246,0.08998037369999999,-0.5874350983000045,-1.0873835683000044,False
XAG,XAG|hyperliquid:xyz:SILVER|rh_lighter:41,2026-09-29T10:49:22.734790+00:00,2026-09-29T10:55:22.473829+00:00,5,59.73903846740723,True,-0.060864272671934394,False,0.596783275400014,0.006844080800013974,1.0939298124237666,0.0899907246,0.0899241831,-0.5870707201237526,-1.0870191901237525,False
XAG,XAG|hyperliquid:xyz:SILVER|rh_lighter:41,2026-09-29T10:49:22.734790+00:00,2026-09-29T11:05:22.487857+00:00,15,59.75306701660156,False,-0.12172854534387989,False,0.596783275400014,0.006844080800013974,1.0005900036563844,0.0899907246,0.09001186973967093,-0.49381859799604133,-0.9937670679960413,False
XAG,XAG|hyperliquid:xyz:SILVER|rh_lighter:41,2026-09-29T10:49:22.734790+00:00,2026-09-29T11:19:23.672160+00:00,30,0.9373695850372314,False,-0.24345709068775978,False,0.596783275400014,0.006844080800013974,0.9282939975594218,0.0899907246,0.09010916856021964,-0.42161989071962747,-0.9215683607196274,False
XAG,XAG|hyperliquid:xyz:SILVER|rh_lighter:41,2026-09-29T10:49:22.734790+00:00,2026-09-29T11:49:23.955642+00:00,60,1.2208518981933594,False,-0.1825928180158365,False,0.596783275400014,0.006844080800013974,1.0400189999999156,0.0899907246,0.0900454365,-0.5332811610999016,-1.0332296310999016,False
NEAR,NEAR|hyperliquid:NEAR|lighter:10,2026-09-29T10:49:53.484430+00:00,2026-09-29T10:49:53.484430+00:00,0,0.0,True,-0.19011406844107182,False,1.0368622359999913,0.08697251199999123,1.7628013333333001,0.44994776400000003,0.449938296,-1.1758773933333089,-1.675819353333309,False
NEAR,NEAR|hyperliquid:NEAR|lighter:10,2026-09-29T10:49:53.484430+00:00,2026-09-29T10:55:24.652251+00:00,5,31.167820692062378,True,-0.38022813688213253,False,1.0368622359999913,0.08697251199999123,0.99782099618335,0.44994776400000003,0.4512390528435114,-0.4121978130268701,-0.9121397730268701,False
NEAR,NEAR|hyperliquid:NEAR|lighter:10,2026-09-29T10:49:53.484430+00:00,2026-09-29T11:05:04.106436+00:00,15,10.6220064163208,False,-0.47528517110265733,False,1.0368622359999913,0.08697251199999123,1.061367522445039,0.44994776400000003,0.4515511792951289,-0.47605646574017657,-0.9759984257401766,False
NEAR,NEAR|hyperliquid:NEAR|lighter:10,2026-09-29T10:49:53.484430+00:00,2026-09-29T11:20:10.835894+00:00,30,17.35146450996399,False,-0.5228136882129197,False,1.0368622359999913,0.08697251199999123,0.6608962560916325,0.44994776400000003,0.4519485564166269,-0.07598257650826812,-0.5759245365082681,False
AAPL,AAPL|hyperliquid:xyz:AAPL|rh_lighter:10,2026-09-29T10:52:29.459220+00:00,2026-09-29T10:52:29.459220+00:00,0,0.0,True,-0.06731740154830579,False,0.6230659388999782,0.03323598279997819,0.9210099999997965,0.0899740611,0.08996871330000002,-0.38791277439981836,-0.8877686693998184,False
AAPL,AAPL|hyperliquid:xyz:AAPL|rh_lighter:10,2026-09-29T10:52:29.459220+00:00,2026-09-29T10:57:29.494052+00:00,5,0.03483247756958008,True,-0.13463480309660047,False,0.6230659388999782,0.03323598279997819,0.8709966646443945,0.0899740611,0.090030213,-0.33796093874441635,-0.8378168337444164,False
AAPL,AAPL|hyperliquid:xyz:AAPL|rh_lighter:10,2026-09-29T10:52:29.459220+00:00,2026-09-29T11:07:29.476091+00:00,15,0.016870975494384766,False,-0.20195220464490626,False,0.6230659388999782,0.03323598279997819,0.861590000000092,0.0899740611,0.09007566930000001,-0.32859973040011387,-0.8284556254001139,False
AAPL,AAPL|hyperliquid:xyz:AAPL|rh_lighter:10,2026-09-29T10:52:29.459220+00:00,2026-09-29T11:22:29.497665+00:00,30,0.038445234298706055,False,-0.20195220464490626,False,0.6230659388999782,0.03323598279997819,1.0226352344013776,0.0899740611,0.09008903880000001,-0.4896583343013995,-0.9895142293013995,False
AAPL,AAPL|hyperliquid:xyz:AAPL|rh_lighter:10,2026-09-29T10:52:29.459220+00:00,2026-09-29T11:52:29.801471+00:00,60,0.3422508239746094,False,-0.30292830696734274,False,0.6230659388999782,0.03323598279997819,0.8052693889262628,0.0899740611,0.09017967245499664,-0.27238312248128127,-0.7722390174812813,False
XAG,XAG|hyperliquid:xyz:SILVER|rh_lighter:41,2026-09-29T10:53:22.534613+00:00,2026-09-29T10:53:22.534613+00:00,0,0.0,True,-0.060901339829488865,False,0.6525747780001168,0.06290765600011677,1.1625359999999318,0.089949222,0.08994186360000002,-0.5999030855998151,-1.0996209855998151,False
XAG,XAG|hyperliquid:xyz:SILVER|rh_lighter:41,2026-09-29T10:53:22.534613+00:00,2026-09-29T10:58:22.704729+00:00,5,0.17011594772338867,True,-0.12180267965896663,False,0.6525747780001168,0.06290765600011677,1.3357670000001463,0.089949222,0.08997880860000002,-0.7731710306000295,-1.2728889306000295,False
XAG,XAG|hyperliquid:xyz:SILVER|rh_lighter:41,2026-09-29T10:53:22.534613+00:00,2026-09-29T11:08:22.583507+00:00,15,0.048894405364990234,False,-0.060901339829488865,False,0.6525747780001168,0.06290765600011677,1.151042000000075,0.089949222,0.08993447460000001,-0.5884016965999582,-1.0881195965999582,False
XAG,XAG|hyperliquid:xyz:SILVER|rh_lighter:41,2026-09-29T10:53:22.534613+00:00,2026-09-29T11:23:23.831033+00:00,30,1.2964198589324951,False,-0.24360535931792215,False,0.6525747780001168,0.06290765600011677,0.9326559999998381,0.089949222,0.09012658860000002,-0.3702078105997213,-0.8699257105997213,False
XAG,XAG|hyperliquid:xyz:SILVER|rh_lighter:41,2026-09-29T10:53:22.534613+00:00,2026-09-29T11:53:24.013514+00:00,60,1.4789009094238281,False,-0.42630937880633324,False,0.6525747780001168,0.06290765600011677,1.14108756330279,0.089949222,0.09027141300000002,-0.5787841983026731,-1.0785020983026732,False
XPL,XPL|lighter:71|hyperliquid:XPL,2026-09-29T10:53:23.033881+00:00,2026-09-29T10:53:23.033881+00:00,0,0.0,True,-0.16901968582223592,False,1.0106445588501975,0.060018937700197506,2.409448442187113,0.45064244115,0.45073890998954286,-1.8495427933264583,-2.3495259733264584,False
XPL,XPL|lighter:71|hyperliquid:XPL,2026-09-29T10:53:23.033881+00:00,2026-09-29T10:58:54.061637+00:00,5,31.027755975723267,True,0.13919268244184657,True,1.0106445588501975,0.060018937700197506,1.9941482915013466,0.45064244115,0.44934668190000004,-1.4328504145511491,-1.9328335945511492,False
XPL,XPL|lighter:71|hyperliquid:XPL,2026-09-29T10:53:23.033881+00:00,2026-09-29T11:08:33.836191+00:00,15,10.802309513092041,False,0.039769337840533936,True,1.0106445588501975,0.060018937700197506,2.3966988487376284,0.45064244115,0.44980455795572455,-1.8358588478431555,-2.3358420278431553,False
XPL,XPL|lighter:71|hyperliquid:XPL,2026-09-29T10:53:23.033881+00:00,2026-09-29T11:23:37.910137+00:00,30,14.876256227493286,False,0.5865977331477534,True,1.0106445588501975,0.060018937700197506,1.8497046743107148,0.45064244115,0.447361917483078,-1.2864220329435954,-1.7864052129435954,False
MSFT,MSFT|hyperliquid:xyz:MSFT|rh_lighter:14,2026-09-29T10:54:37.799931+00:00,2026-09-29T10:54:37.799931+00:00,0,0.0,True,-0.1524390243902385,False,0.8152870992000616,0.2253336384000616,1.2290084885494252,0.0899929008,0.08998988930931298,-0.5037112786586766,-1.0036718386586765,False
MSFT,MSFT|hyperliquid:xyz:MSFT|rh_lighter:14,2026-09-29T10:54:37.799931+00:00,2026-09-29T11:00:37.739833+00:00,5,59.93990182876587,False,-0.20325203252032908,False,0.8152870992000616,0.2253336384000616,1.0949855804481103,0.0899929008,0.09005376009775967,-0.3697522413458084,-0.8697128013458084,False
MSFT,MSFT|hyperliquid:xyz:MSFT|rh_lighter:14,2026-09-29T10:54:37.799931+00:00,2026-09-29T11:10:37.482997+00:00,15,59.68306589126587,False,-0.1524390243902385,False,0.8152870992000616,0.2253336384000616,1.3185599999998203,0.0899929008,0.08999467200000001,-0.5932675727997587,-1.0932281327997586,False
MSFT,MSFT|hyperliquid:xyz:MSFT|rh_lighter:14,2026-09-29T10:54:37.799931+00:00,2026-09-29T11:25:37.504929+00:00,30,59.704997539520264,False,-0.20325203252032908,False,0.8152870992000616,0.2253336384000616,1.121759999999881,0.0899929008,0.0900779184,-0.3965508191998195,-0.8965113791998195,False
MSFT,MSFT|hyperliquid:xyz:MSFT|rh_lighter:14,2026-09-29T10:54:37.799931+00:00,2026-09-29T11:55:37.809391+00:00,60,60.00945973396301,False,-0.2540650406503975,False,0.8152870992000616,0.2253336384000616,1.1414400000001024,0.0899929008,0.090092088,-0.4162449888000408,-0.9162055488000408,False
XAG,XAG|hyperliquid:xyz:SILVER|rh_lighter:41,2026-09-29T10:56:22.676428+00:00,2026-09-29T10:56:22.676428+00:00,0,0.0,True,-0.060864272671934394,False,0.6296758068000419,0.03994987360004182,1.0745220000000018,0.08995819320000001,0.08995671449999999,-0.5348029076999599,-1.0345706476999599,False
XAG,XAG|hyperliquid:xyz:SILVER|rh_lighter:41,2026-09-29T10:56:22.676428+00:00,2026-09-29T11:01:22.801421+00:00,5,0.12499356269836426,False,-0.1825928180158365,False,0.6296758068000419,0.03994987360004182,1.0893090000001848,0.08995819320000001,0.09003064949999999,-0.5496638427001429,-1.049431582700143,False
XAG,XAG|hyperliquid:xyz:SILVER|rh_lighter:41,2026-09-29T10:56:22.676428+00:00,2026-09-29T11:12:22.703364+00:00,15,60.02693581581116,False,-0.1825928180158365,False,0.6296758068000419,0.03994987360004182,1.156661981707316,0.08995819320000001,0.0900395217,-0.6170256966072741,-1.1167934366072743,False
XAG,XAG|hyperliquid:xyz:SILVER|rh_lighter:41,2026-09-29T10:56:22.676428+00:00,2026-09-29T11:26:23.905684+00:00,30,1.2292563915252686,False,-0.36518563603163967,False,0.6296758068000419,0.03994987360004182,1.062440881490602,0.08995819320000001,0.09020607553066586,-0.5229711502212259,-1.022738890221226,False
XAG,XAG|hyperliquid:xyz:SILVER|rh_lighter:41,2026-09-29T10:56:22.676428+00:00,2026-09-29T11:56:23.973571+00:00,60,1.297142744064331,False,-0.48691418137551956,False,0.6296758068000419,0.03994987360004182,1.1172399999999243,0.08995819320000001,0.0902864646,-0.5778506577998824,-1.0776183977998826,False
NVDA,NVDA|hyperliquid:xyz:NVDA|rh_lighter:15,2026-09-29T10:58:21.532346+00:00,2026-09-29T10:58:21.532346+00:00,0,0.0,True,-0.09235742322790674,False,0.7329030805999157,0.14298883119991562,1.0394400000000132,0.08998691940000002,0.08998302150000001,-0.39651994090009757,-0.8964472709000977,False
NVDA,NVDA|hyperliquid:xyz:NVDA|rh_lighter:15,2026-09-29T10:58:21.532346+00:00,2026-09-29T11:04:21.977052+00:00,5,60.44470548629761,False,0.0,True,0.7329030805999157,0.14298883119991562,1.255989999999997,0.08998691940000002,0.08987777820000001,-0.6129646976000813,-1.1128920276000813,False
NVDA,NVDA|hyperliquid:xyz:NVDA|rh_lighter:15,2026-09-29T10:58:21.532346+00:00,2026-09-29T11:14:22.810431+00:00,15,61.27808499336243,False,0.0692680674208912,True,0.7329030805999157,0.14298883119991562,1.1260599999999386,0.08998691940000002,0.08982320760000001,-0.48298012700002285,-0.9829074570000229,False
NVDA,NVDA|hyperliquid:xyz:NVDA|rh_lighter:15,2026-09-29T10:58:21.532346+00:00,2026-09-29T11:29:21.707890+00:00,30,60.17554306983948,False,0.11544677903485567,True,0.7329030805999157,0.14298883119991562,1.4725399999999809,0.08998691940000002,0.08975304540000001,-0.8293899648000651,-1.329317294800065,False
NVDA,NVDA|hyperliquid:xyz:NVDA|rh_lighter:15,2026-09-29T10:58:21.532346+00:00,2026-09-29T11:58:21.612244+00:00,60,0.07989740371704102,False,-0.046178711613964474,False,0.7329030805999157,0.14298883119991562,1.342610000000036,0.08998691940000002,0.08990506350000002,-0.6996119829001204,-1.1995393129001204,False
XPL,XPL|lighter:71|hyperliquid:XPL,2026-09-29T11:00:17.027852+00:00,2026-09-29T11:00:17.027852+00:00,0,0.0,True,-0.15840015840016264,False,1.104854450700029,0.15415540140002898,2.5530710686164184,0.45069954930000006,0.45071266101898355,-1.8989292789353729,-2.398928778935373,False
XPL,XPL|lighter:71|hyperliquid:XPL,2026-09-29T11:00:17.027852+00:00,2026-09-29T11:05:48.502308+00:00,5,31.474456071853638,True,0.05940005940006099,True,1.104854450700029,0.15415540140002898,2.324798068566224,0.45069954930000006,0.44972682299999994,-1.669670440866195,-2.169669940866195,False
XPL,XPL|lighter:71|hyperliquid:XPL,2026-09-29T11:00:17.027852+00:00,2026-09-29T11:15:28.839522+00:00,15,11.811669826507568,True,0.10890010890010071,True,1.104854450700029,0.15415540140002898,2.7195064545094283,0.45069954930000006,0.4494860346188093,-2.0641380384282084,-2.5641375384282084,False
XPL,XPL|lighter:71|hyperliquid:XPL,2026-09-29T11:00:17.027852+00:00,2026-09-29T11:30:25.035171+00:00,30,8.007318496704102,True,-0.2772002772002735,False,1.104854450700029,0.15415540140002898,2.107549132036297,0.45069954930000006,0.45121318515000003,-1.4539078664862681,-1.953907366486268,False
NBIS,NBIS|hyperliquid:xyz:NBIS|lighter:189,2026-09-29T11:00:19.679227+00:00,2026-09-29T11:00:19.679227+00:00,0,0.0,True,0.0,True,0.83669804,0.24732107999999997,1.2122000000001663,0.08990496,0.089887446,-0.4653894060001662,-0.9648614060001662,False
NBIS,NBIS|hyperliquid:xyz:NBIS|lighter:189,2026-09-29T11:00:19.679227+00:00,2026-09-29T11:05:50.895135+00:00,5,31.21590805053711,True,-0.2358490566037652,False,0.83669804,0.24732107999999997,1.4679511489362085,0.08990496,0.08994413940425532,-0.7211972483404637,-1.2206692483404638,False
NBIS,NBIS|hyperliquid:xyz:NBIS|lighter:189,2026-09-29T11:00:19.679227+00:00,2026-09-29T11:15:35.507066+00:00,15,15.827838897705078,True,0.0,True,0.83669804,0.24732107999999997,0.7158600000000206,0.08990496,0.089793225,0.031044814999979464,-0.46842718500002056,False
NBIS,NBIS|hyperliquid:xyz:NBIS|lighter:189,2026-09-29T11:00:19.679227+00:00,2026-09-29T11:30:31.705321+00:00,30,12.026094436645508,True,0.0,True,0.83669804,0.24732107999999997,0.8479999999999563,0.08990496,0.089813376,-0.10111533599995629,-0.6005873359999563,False
SAMSUNGUSD,SAMSUNGUSD|hyperliquid:xyz:SMSN|lighter:162,2026-09-29T11:00:59.737820+00:00,2026-09-29T11:00:59.737820+00:00,0,0.0,True,-0.060950832994721704,False,0.6335514725999724,0.04366601519997232,0.9053728322830921,0.0899825274,0.08996704786509452,-0.36178840754821423,-0.8616913375482143,False
SAMSUNGUSD,SAMSUNGUSD|hyperliquid:xyz:SMSN|lighter:162,2026-09-29T11:00:59.737820+00:00,2026-09-29T11:06:31.493790+00:00,5,31.755970239639282,True,-0.1828524989841429,False,0.6335514725999724,0.04366601519997232,0.7481470054954116,0.0899825274,0.0900848555095054,-0.20468038840494462,-0.7045833184049446,False
SAMSUNGUSD,SAMSUNGUSD|hyperliquid:xyz:SMSN|lighter:162,2026-09-29T11:00:59.737820+00:00,2026-09-29T11:16:10.476837+00:00,15,10.739017248153687,True,0.142218610321021,True,0.6335514725999724,0.04366601519997232,1.0758179866098772,0.0899825274,0.08976255534120511,-0.5320290693511099,-1.03193199935111,False
SAMSUNGUSD,SAMSUNGUSD|hyperliquid:xyz:SMSN|lighter:162,2026-09-29T11:00:59.737820+00:00,2026-09-29T11:31:06.605635+00:00,30,6.867815017700195,True,-0.0203169443315665,False,0.6335514725999724,0.04366601519997232,1.3486279999999624,0.0899825274,0.08988950159999999,-0.80496602899999,-1.30486895899999,False
GOOGL,GOOGL|hyperliquid:xyz:GOOGL|rh_lighter:12,2026-09-29T11:02:30.519734+00:00,2026-09-29T11:02:30.519734+00:00,0,0.0,True,-0.10277492291881352,False,0.6114313165998709,0.02150550319987088,0.9048900000000231,0.0899886834,0.0899834292,-0.38344211260015215,-0.8833792426001522,False
GOOGL,GOOGL|hyperliquid:xyz:GOOGL|rh_lighter:12,2026-09-29T11:02:30.519734+00:00,2026-09-29T11:07:30.757645+00:00,5,0.23791146278381348,True,-0.13703323055841432,False,0.6114313165998709,0.02150550319987088,1.021650000000136,0.0899886834,0.09000181889999999,-0.5002205023002652,-1.0001576323002652,False
GOOGL,GOOGL|hyperliquid:xyz:GOOGL|rh_lighter:12,2026-09-29T11:02:30.519734+00:00,2026-09-29T11:17:30.851348+00:00,15,0.33161425590515137,True,-0.13703323055841432,False,0.6114313165998709,0.02150550319987088,0.9340799999999945,0.0899886834,0.0900123273,-0.4126610107001235,-0.9125981407001236,False
GOOGL,GOOGL|hyperliquid:xyz:GOOGL|rh_lighter:12,2026-09-29T11:02:30.519734+00:00,2026-09-29T11:32:30.709273+00:00,30,0.18953919410705566,True,-0.17129153819800402,False,0.6114313165998709,0.02150550319987088,1.0216499999999087,0.0899886834,0.09004122540000001,-0.5002599088000378,-1.0001970388000379,False
XPL,XPL|lighter:71|hyperliquid:XPL,2026-09-29T11:04:25.797169+00:00,2026-09-29T11:04:25.797169+00:00,0,0.0,True,-0.16828350821619376,False,1.000543321250098,0.04989315250009818,2.2967240077342694,0.45065167874999995,0.4507434929129301,-1.7469241793971015,-2.2469226693971014,False
XPL,XPL|lighter:71|hyperliquid:XPL,2026-09-29T11:04:25.797169+00:00,2026-09-29T11:09:56.771911+00:00,5,30.974741458892822,True,-0.14848544842605005,False,1.000543321250098,0.04989315250009818,2.384573745018315,0.45065167874999995,0.45064870469999996,-1.834679128468217,-2.3346776184682168,False
XPL,XPL|lighter:71|hyperliquid:XPL,2026-09-29T11:04:25.797169+00:00,2026-09-29T11:19:33.819454+00:00,15,8.022284507751465,True,0.22767768758662488,True,1.000543321250098,0.04989315250009818,2.206691855012423,0.45065167874999995,0.4489677952058667,-1.6551163289681914,-2.1551148189681912,False
META,META|hyperliquid:xyz:META|rh_lighter:13,2026-09-29T11:05:43.835264+00:00,2026-09-29T11:05:43.835264+00:00,0,0.0,True,-0.07225433526010239,False,0.5901492147000158,0.00041284440001576606,1.044913995661659,0.0899597853,0.08995224959999999,-0.5447170305616432,-1.044493615561643,False
META,META|hyperliquid:xyz:META|rh_lighter:13,2026-09-29T11:05:43.835264+00:00,2026-09-29T11:11:43.826119+00:00,5,59.99085450172424,True,-0.14450867052022698,False,0.5901492147000158,0.00041284440001576606,1.0103199999999788,0.0899597853,0.0900244944,-0.5101952796999629,-1.009971864699963,False
META,META|hyperliquid:xyz:META|rh_lighter:13,2026-09-29T11:05:43.835264+00:00,2026-09-29T11:20:43.846063+00:00,15,0.010799169540405273,True,-0.07225433526010239,False,0.5901492147000158,0.00041284440001576606,0.8027199999999084,0.0899597853,0.0899410392,-0.30251182449989256,-0.8022884094998926,False
META,META|hyperliquid:xyz:META|rh_lighter:13,2026-09-29T11:05:43.835264+00:00,2026-09-29T11:35:43.978595+00:00,30,0.14333128929138184,True,-0.07225433526010239,False,0.5901492147000158,0.00041284440001576606,1.1415147939263761,0.0899597853,0.08992175806854663,-0.641287337294907,-1.141063922294907,False
XAG,XAG|hyperliquid:xyz:SILVER|rh_lighter:41,2026-09-29T11:07:22.496709+00:00,2026-09-29T11:07:22.496709+00:00,0,0.0,True,-0.12172854534387989,False,0.637878977199992,0.04807549439999198,1.1731030012189194,0.08997002280000001,0.0899672131798903,-0.6251912371988178,-1.1250246971988178,False
XAG,XAG|hyperliquid:xyz:SILVER|rh_lighter:41,2026-09-29T11:07:22.496709+00:00,2026-09-29T11:12:22.703364+00:00,5,0.20665454864501953,True,-0.1825928180158365,False,0.637878977199992,0.04807549439999198,1.156661981707316,0.08997002280000001,0.0900395217,-0.608822526207324,-1.108655986207324,False
XAG,XAG|hyperliquid:xyz:SILVER|rh_lighter:41,2026-09-29T11:07:22.496709+00:00,2026-09-29T11:22:23.834585+00:00,15,1.3378760814666748,True,-0.3043213633597164,False,0.637878977199992,0.04807549439999198,0.8987210000000232,0.08997002280000001,0.09014007330000001,-0.3509820961000312,-0.8508155561000312,False
XAG,XAG|hyperliquid:xyz:SILVER|rh_lighter:41,2026-09-29T11:07:22.496709+00:00,2026-09-29T11:37:23.850359+00:00,30,1.3536498546600342,True,-0.36518563603163967,False,0.637878977199992,0.04807549439999198,0.9044750128284704,0.08997002280000001,0.0902481665409896,-0.35684420216946805,-0.8566776621694681,False
GOOGL,GOOGL|hyperliquid:xyz:GOOGL|rh_lighter:12,2026-09-29T11:07:30.757645+00:00,2026-09-29T11:07:30.757645+00:00,0,0.0,True,-0.10281014393420662,False,0.668706387999913,0.07887937599991296,1.0213000000001102,0.08997361200000001,0.0899709858,-0.44256459780019725,-0.9424179978001973,False
GOOGL,GOOGL|hyperliquid:xyz:GOOGL|rh_lighter:12,2026-09-29T11:07:30.757645+00:00,2026-09-29T11:13:30.743380+00:00,5,59.985735177993774,True,-0.06854009595613775,False,0.668706387999913,0.07887937599991296,1.0504800000001069,0.08997361200000001,0.0899526024,-0.4717262144001939,-0.971579614400194,False
GOOGL,GOOGL|hyperliquid:xyz:GOOGL|rh_lighter:12,2026-09-29T11:07:30.757645+00:00,2026-09-29T11:23:30.578558+00:00,15,59.820913314819336,True,-0.10281014393420662,False,0.668706387999913,0.07887937599991296,0.9583853173243142,0.08997361200000001,0.09000028392144081,-0.37967921324584203,-0.8795326132458421,False
GOOGL,GOOGL|hyperliquid:xyz:GOOGL|rh_lighter:12,2026-09-29T11:07:30.757645+00:00,2026-09-29T11:38:30.717004+00:00,30,59.95935893058777,True,-0.23989033584647101,False,0.668706387999913,0.07887937599991296,0.9921199999998862,0.08997361200000001,0.09010754820000001,-0.4135211601999732,-0.9133745601999732,False
INTC,INTC|hyperliquid:xyz:INTC|rh_lighter:30,2026-09-29T11:08:46.508545+00:00,2026-09-29T11:08:46.508545+00:00,0,0.0,True,-0.11695906432750425,False,0.594037754999969,0.004285259999968982,1.1114999999999782,0.08996224500000001,0.08995455000000002,-0.6074167950000091,-1.107207045000009,False
INTC,INTC|hyperliquid:xyz:INTC|rh_lighter:30,2026-09-29T11:08:46.508545+00:00,2026-09-29T11:13:46.764408+00:00,5,0.2558629512786865,True,0.0,True,0.594037754999969,0.004285259999968982,1.219145000000026,0.08996224500000001,0.089808345,-0.7149155900000569,-1.214705840000057,False
INTC,INTC|hyperliquid:xyz:INTC|rh_lighter:30,2026-09-29T11:08:46.508545+00:00,2026-09-29T11:23:46.624232+00:00,15,0.11568665504455566,True,-0.11695906432750425,False,0.594037754999969,0.004285259999968982,1.2485603044495974,0.08996224500000001,0.08991143457259954,-0.7444339840222279,-1.2442242340222278,False
INTC,INTC|hyperliquid:xyz:INTC|rh_lighter:30,2026-09-29T11:08:46.508545+00:00,2026-09-29T11:38:46.730314+00:00,30,0.22176861763000488,True,-0.11695906432750425,False,0.594037754999969,0.004285259999968982,1.1970000000000027,0.08996224500000001,0.08993916,-0.6929014050000337,-1.1926916550000337,False
XPL,XPL|lighter:71|hyperliquid:XPL,2026-09-29T11:09:56.771911+00:00,2026-09-29T11:09:56.771911+00:00,0,0.0,True,-0.15836880134613152,False,1.0849672318000172,0.13428099360001716,2.384809794686248,0.4506887682,0.45069331455,-1.750535877436231,-2.250533347436231,False
XPL,XPL|lighter:71|hyperliquid:XPL,2026-09-29T11:09:56.771911+00:00,2026-09-29T11:15:28.839522+00:00,5,32.06761121749878,True,0.08908245075720522,True,1.0849672318000172,0.13428099360001716,2.7200449173257084,0.4506887682,0.44957503294266216,-2.0846527184683534,-2.5846501884683533,False
XPL,XPL|lighter:71|hyperliquid:XPL,2026-09-29T11:09:56.771911+00:00,2026-09-29T11:24:59.361518+00:00,15,2.5896074771881104,True,-0.2276551519350689,False,1.0849672318000172,0.13428099360001716,2.169709455357065,0.4506887682,0.4509979596903571,-1.535740183247405,-2.0357376532474047,False
XAG,XAG|hyperliquid:xyz:SILVER|rh_lighter:41,2026-09-29T11:10:22.534397+00:00,2026-09-29T11:10:22.534397+00:00,0,0.0,True,-0.12165450121653931,False,0.7192247687999896,0.12927569759998964,1.193544000000088,0.08999223120000001,0.0899907516,-0.5643099828000985,-1.0642668228000984,False
XAG,XAG|hyperliquid:xyz:SILVER|rh_lighter:41,2026-09-29T11:10:22.534397+00:00,2026-09-29T11:15:24.049372+00:00,5,1.5149743556976318,True,-0.30413625304136493,False,0.7192247687999896,0.12927569759998964,0.9239279999999326,0.08999223120000001,0.09016830360000001,-0.29487153479994294,-0.794828374799943,False
XAG,XAG|hyperliquid:xyz:SILVER|rh_lighter:41,2026-09-29T11:10:22.534397+00:00,2026-09-29T11:25:23.838887+00:00,15,1.304490089416504,True,-0.42579075425790425,False,0.7192247687999896,0.12927569759998964,0.9140639999999394,0.08999223120000001,0.09025855920000002,-0.28509779039994976,-0.7850546303999497,False
XAG,XAG|hyperliquid:xyz:SILVER|rh_lighter:41,2026-09-29T11:10:22.534397+00:00,2026-09-29T11:40:24.107241+00:00,30,1.5728440284729004,True,-0.42579075425790425,False,0.7192247687999896,0.12927569759998964,0.9206399999999348,0.08999223120000001,0.0902644776,-0.2916797087999452,-0.7916365487999453,False
AAPL,AAPL|hyperliquid:xyz:AAPL|rh_lighter:10,2026-09-29T11:12:29.481020+00:00,2026-09-29T11:12:29.481020+00:00,0,0.0,True,-0.10097610232245868,False,0.5933479171999554,0.0034653743999553677,1.0546929878706806,0.0899820828,0.0899794089,-0.5513244795707252,-1.0512249395707252,False
AAPL,AAPL|hyperliquid:xyz:AAPL|rh_lighter:10,2026-09-29T11:12:29.481020+00:00,2026-09-29T11:17:29.686522+00:00,5,0.20550203323364258,True,-0.16829350387074227,False,0.5933479171999554,0.0034653743999553677,1.0073352798381165,0.0899820828,0.09005987832481456,-0.5040472409629757,-1.0039477009629758,False
AAPL,AAPL|hyperliquid:xyz:AAPL|rh_lighter:10,2026-09-29T11:12:29.481020+00:00,2026-09-29T11:27:29.495861+00:00,15,0.014841556549072266,True,-0.20195220464490626,False,0.5933479171999554,0.0034653743999553677,0.9952819939289839,0.0899820828,0.09008903880000001,-0.4920231155290285,-0.9919235755290285,False
AAPL,AAPL|hyperliquid:xyz:AAPL|rh_lighter:10,2026-09-29T11:12:29.481020+00:00,2026-09-29T11:42:29.681968+00:00,30,0.20094847679138184,True,-0.23561090541905916,False,0.5933479171999554,0.0034653743999553677,0.9507200000000466,0.0899820828,0.0901050822,-0.44747716500009127,-0.9473776250000914,False
SAMSUNGUSD,SAMSUNGUSD|hyperliquid:xyz:SMSN|lighter:162,2026-09-29T11:13:24.739201+00:00,2026-09-29T11:13:24.739201+00:00,0,0.0,True,-0.08111944838775642,False,0.674308825899922,0.08433390679992198,0.955607183275788,0.0899961741,0.08997940069350518,-0.3712777580693711,-0.8712565030693711,False
SAMSUNGUSD,SAMSUNGUSD|hyperliquid:xyz:SMSN|lighter:162,2026-09-29T11:13:24.739201+00:00,2026-09-29T11:18:53.586031+00:00,5,28.846829891204834,True,-0.08111944838775642,False,0.674308825899922,0.08433390679992198,1.1172943430080977,0.0899961741,0.08996839916912928,-0.5329539162773049,-1.0329326612773049,False
SAMSUNGUSD,SAMSUNGUSD|hyperliquid:xyz:SMSN|lighter:162,2026-09-29T11:13:24.739201+00:00,2026-09-29T11:29:45.171040+00:00,15,80.43183922767639,True,-0.10139931048468442,False,0.674308825899922,0.08433390679992198,0.8777179999999589,0.0899961741,0.09000061200000001,-0.2934097861000369,-0.7933885311000368,False
SAMSUNGUSD,SAMSUNGUSD|hyperliquid:xyz:SMSN|lighter:162,2026-09-29T11:13:24.739201+00:00,2026-09-29T11:44:41.856443+00:00,30,77.1172423362732,True,-0.3244777935510035,False,0.674308825899922,0.08433390679992198,0.6329638270600526,0.0899961741,0.0902250081155646,-0.048880009275695135,-0.5488587542756951,False
XPL,XPL|lighter:71|hyperliquid:XPL,2026-09-29T11:14:04.933554+00:00,2026-09-29T11:14:04.933554+00:00,0,0.0,True,-0.15802469135802744,False,0.9626323170500137,0.012089820600013679,2.5879235582151523,0.45059168295,0.45070223802057563,-2.075993479185714,-2.575944292685714,False
XPL,XPL|lighter:71|hyperliquid:XPL,2026-09-29T11:14:04.933554+00:00,2026-09-29T11:19:33.819454+00:00,5,28.885899782180786,True,0.0,True,0.9626323170500137,0.012089820600013679,2.211716000000024,0.45059168295,0.4499899947,-1.6990736776500102,-2.19902449115001,False
XPL,XPL|lighter:71|hyperliquid:XPL,2026-09-29T11:14:04.933554+00:00,2026-09-29T11:30:25.035171+00:00,15,80.10161662101746,True,-0.5135802469135808,False,0.9626323170500137,0.012089820600013679,2.112556673781455,0.45059168295,0.45228526874999997,-1.6022096254814415,-2.1021604389814414,False
XAG,XAG|hyperliquid:xyz:SILVER|rh_lighter:41,2026-09-29T11:14:25.293777+00:00,2026-09-29T11:14:25.293777+00:00,0,0.0,True,-0.060901339829488865,False,0.7276667474001574,0.13799942480015737,1.1507087970752536,0.0899492526,0.08994145024826325,-0.5129834999233596,-1.0127015699233595,False
XAG,XAG|hyperliquid:xyz:SILVER|rh_lighter:41,2026-09-29T11:14:25.293777+00:00,2026-09-29T11:20:23.834785+00:00,5,58.54100775718689,True,-0.1827040194884333,False,0.7276667474001574,0.13799942480015737,0.9540020000000595,0.0899492526,0.0900393984,-0.3163746509999022,-0.8160927209999023,False
XAG,XAG|hyperliquid:xyz:SILVER|rh_lighter:41,2026-09-29T11:14:25.293777+00:00,2026-09-29T11:30:23.847503+00:00,15,58.55372595787048,True,-0.24360535931792215,False,0.7276667474001574,0.13799942480015737,0.9917679999999791,0.0899492526,0.09011919960000002,-0.3542204521998218,-0.8539385221998218,False
XAG,XAG|hyperliquid:xyz:SILVER|rh_lighter:41,2026-09-29T11:14:25.293777+00:00,2026-09-29T11:45:23.867262+00:00,30,58.573484659194946,True,-0.060901339829488865,False,0.7276667474001574,0.13799942480015737,1.0344599999998536,0.0899492526,0.08995959720000002,-0.39675284979969627,-0.8964709197996963,False
INTC,INTC|hyperliquid:xyz:INTC|rh_lighter:30,2026-09-29T11:16:46.842254+00:00,2026-09-29T11:16:46.842254+00:00,0,0.0,True,-0.1168224299065379,False,0.5948018720001094,0.004814144000109433,1.1127999999998792,0.089998128,0.08999042400000001,-0.6079885519997699,-1.1079781519997698,False
INTC,INTC|hyperliquid:xyz:INTC|rh_lighter:30,2026-09-29T11:16:46.842254+00:00,2026-09-29T11:22:46.567210+00:00,5,59.724956035614014,True,-0.23364485981309802,False,0.5948018720001094,0.004814144000109433,1.0271999999999935,0.089998128,0.09002894400000001,-0.5224270719998841,-1.0224166719998842,False
INTC,INTC|hyperliquid:xyz:INTC|rh_lighter:30,2026-09-29T11:16:46.842254+00:00,2026-09-29T11:31:47.163551+00:00,15,0.32129669189453125,True,0.0,True,0.5948018720001094,0.004814144000109433,1.2047599999999647,0.089998128,0.08986716000000002,-0.6998252879998554,-1.1998148879998554,False
INTC,INTC|hyperliquid:xyz:INTC|rh_lighter:30,2026-09-29T11:16:46.842254+00:00,2026-09-29T11:47:46.638422+00:00,30,59.79616856575012,True,0.0,True,0.5948018720001094,0.004814144000109433,1.4703599999999142,0.089998128,0.08985815100000001,-0.9654162789998049,-1.4654058789998048,False
INTC,INTC|hyperliquid:xyz:INTC|rh_lighter:30,2026-09-29T11:18:46.582173+00:00,2026-09-29T11:18:46.582173+00:00,0,0.0,True,-0.11695906432750425,False,0.615647394000004,0.025958088000003987,1.2435744730679517,0.08995260600000002,0.08993916,-0.7178662390679477,-1.2176029390679477,False
INTC,INTC|hyperliquid:xyz:INTC|rh_lighter:30,2026-09-29T11:18:46.582173+00:00,2026-09-29T11:23:46.624232+00:00,5,0.04205822944641113,True,-0.11695906432750425,False,0.615647394000004,0.025958088000003987,1.2485603044495974,0.08995260600000002,0.08991143457259954,-0.722824345022193,-1.2225610450221929,False
INTC,INTC|hyperliquid:xyz:INTC|rh_lighter:30,2026-09-29T11:18:46.582173+00:00,2026-09-29T11:34:46.889222+00:00,15,60.30704855918884,True,-0.11695906432750425,False,0.615647394000004,0.025958088000003987,1.2351906674471138,0.08995260600000002,0.08993146500000002,-0.7094747384471098,-1.20921143844711,False
INTC,INTC|hyperliquid:xyz:INTC|rh_lighter:30,2026-09-29T11:18:46.582173+00:00,2026-09-29T11:48:46.631430+00:00,30,0.049256324768066406,True,0.11695906432749315,True,0.615647394000004,0.025958088000003987,1.3486526285046239,0.08995260600000002,0.08976987000000002,-0.8227751045046199,-1.3225118045046198,False
MSFT,MSFT|hyperliquid:xyz:MSFT|rh_lighter:14,2026-09-29T11:19:37.492998+00:00,2026-09-29T11:19:37.492998+00:00,0,0.0,True,-0.10172939979654627,False,0.6281780437999283,0.03837499759992824,1.0989980040733371,0.0899699562,0.0899600113796334,-0.5607799716530423,-1.0606130616530423,False
MSFT,MSFT|hyperliquid:xyz:MSFT|rh_lighter:14,2026-09-29T11:19:37.492998+00:00,2026-09-29T11:24:37.533448+00:00,5,0.040450096130371094,True,-0.10172939979654627,False,0.6281780437999283,0.03837499759992824,1.1556055906313532,0.0899699562,0.08995845549684318,-0.6173860023282681,-1.117219092328268,False
MSFT,MSFT|hyperliquid:xyz:MSFT|rh_lighter:14,2026-09-29T11:19:37.492998+00:00,2026-09-29T11:35:37.506860+00:00,15,60.013861656188965,True,-0.15259409969480275,False,0.6281780437999283,0.03837499759992824,0.9735255425370042,0.0899699562,0.09002438590117168,-0.4353718846382476,-0.9352049746382476,False
MSFT,MSFT|hyperliquid:xyz:MSFT|rh_lighter:14,2026-09-29T11:19:37.492998+00:00,2026-09-29T11:49:37.632610+00:00,30,0.13961124420166016,True,-0.15259409969480275,False,0.6281780437999283,0.03837499759992824,1.277900000000045,0.0899699562,0.09001114739999999,-0.7397331036001169,-1.2395661936001168,False
META,META|hyperliquid:xyz:META|rh_lighter:13,2026-09-29T11:20:43.846063+00:00,2026-09-29T11:20:43.846063+00:00,0,0.0,True,-0.07225433526010239,False,0.6415375315999196,0.0519146831999196,0.8027199999999084,0.0899424684,0.0899410392,-0.25112350759998886,-0.7508038875999888,False
META,META|hyperliquid:xyz:META|rh_lighter:13,2026-09-29T11:20:43.846063+00:00,2026-09-29T11:25:43.862754+00:00,5,0.016690969467163086,True,-0.07225433526010239,False,0.6415375315999196,0.0519146831999196,0.761199999999917,0.0899424684,0.0899908632,-0.20965333159999755,-0.7093337115999976,False
META,META|hyperliquid:xyz:META|rh_lighter:13,2026-09-29T11:20:43.846063+00:00,2026-09-29T11:35:43.978595+00:00,15,0.13253211975097656,True,-0.07225433526010239,False,0.6415375315999196,0.0519146831999196,1.1415147939263761,0.0899424684,0.08992175806854663,-0.5898990203950032,-1.0895794003950032,False
META,META|hyperliquid:xyz:META|rh_lighter:13,2026-09-29T11:20:43.846063+00:00,2026-09-29T11:50:43.971364+00:00,30,0.12530016899108887,True,-0.6502890173410325,False,0.6415375315999196,0.0519146831999196,0.8580799999999726,0.0899424684,0.0904766472,-0.3070191156000531,-0.806699495600053,False
INTC,INTC|hyperliquid:xyz:INTC|rh_lighter:30,2026-09-29T11:20:46.516962+00:00,2026-09-29T11:20:46.516962+00:00,0,0.0,True,-0.11695906432750425,False,0.7650839250001319,0.17563410000013197,1.4851960714287316,0.089916075,0.08990838000000001,-0.8100205264285997,-1.3095542764285997,False
INTC,INTC|hyperliquid:xyz:INTC|rh_lighter:30,2026-09-29T11:20:46.516962+00:00,2026-09-29T11:25:46.596217+00:00,5,0.07925558090209961,True,-0.11695906432750425,False,0.7650839250001319,0.17563410000013197,1.196999999999889,0.089916075,0.089916075,-0.5218321499997571,-1.021365899999757,False
INTC,INTC|hyperliquid:xyz:INTC|rh_lighter:30,2026-09-29T11:20:46.516962+00:00,2026-09-29T11:35:46.643173+00:00,15,0.12621140480041504,True,-0.11695906432750425,False,0.7650839250001319,0.17563410000013197,1.1115000000000919,0.089916075,0.08993916,-0.43635523499996,-0.9358889849999599,False
INTC,INTC|hyperliquid:xyz:INTC|rh_lighter:30,2026-09-29T11:20:46.516962+00:00,2026-09-29T11:50:46.641627+00:00,30,0.1246650218963623,True,-0.35087719298246833,False,0.7650839250001319,0.17563410000013197,1.3680000000000518,0.089916075,0.09011614500000001,-0.6930322199999199,-1.1925659699999198,False
AAPL,AAPL|hyperliquid:xyz:AAPL|rh_lighter:10,2026-09-29T11:21:29.488177+00:00,2026-09-29T11:21:29.488177+00:00,0,0.0,True,-0.10111223458039165,False,0.6146705712001314,0.024811982400131438,1.0681200000000217,0.0899784288,0.0899704179,-0.5434198466998904,-1.0433000066998903,False
AAPL,AAPL|hyperliquid:xyz:AAPL|rh_lighter:10,2026-09-29T11:21:29.488177+00:00,2026-09-29T11:26:29.506991+00:00,5,0.0188138484954834,True,-0.10111223458039165,False,0.6146705712001314,0.024811982400131438,1.038449999999898,0.0899784288,0.0899704179,-0.5137498466997666,-1.0136300066997666,False
AAPL,AAPL|hyperliquid:xyz:AAPL|rh_lighter:10,2026-09-29T11:21:29.488177+00:00,2026-09-29T11:37:29.554268+00:00,15,60.06609058380127,True,-0.10111223458039165,False,0.6146705712001314,0.024811982400131438,0.9791099999999915,0.0899784288,0.0899864397,-0.4544258684998602,-0.9543060284998601,False
AAPL,AAPL|hyperliquid:xyz:AAPL|rh_lighter:10,2026-09-29T11:21:29.488177+00:00,2026-09-29T11:51:29.620138+00:00,30,0.13196086883544922,True,-0.13481631277384443,False,0.6146705712001314,0.024811982400131438,0.8307600000000548,0.0899784288,0.0900451863,-0.30613461509992346,-0.8060147750999234,False
MSFT,MSFT|hyperliquid:xyz:MSFT|rh_lighter:14,2026-09-29T11:22:37.503278+00:00,2026-09-29T11:22:37.503278+00:00,0,0.0,True,-0.10172939979654627,False,0.6177913182000074,0.02799662640000744,1.0321449949083217,0.0899686818,0.0899669124,-0.5043205891083142,-1.004146599108314,False
MSFT,MSFT|hyperliquid:xyz:MSFT|rh_lighter:14,2026-09-29T11:22:37.503278+00:00,2026-09-29T11:28:37.506586+00:00,5,60.00330710411072,True,-0.15259409969480275,False,0.6177913182000074,0.02799662640000744,1.0518069954150633,0.0899686818,0.09002530260000001,-0.5240409798150558,-1.0238669898150556,False
MSFT,MSFT|hyperliquid:xyz:MSFT|rh_lighter:14,2026-09-29T11:22:37.503278+00:00,2026-09-29T11:37:37.517351+00:00,15,0.014072656631469727,True,-0.15259409969480275,False,0.6177913182000074,0.02799662640000744,1.0616400000000112,0.0899686818,0.090009378,-0.5338580598000038,-1.0336840698000036,False
MSFT,MSFT|hyperliquid:xyz:MSFT|rh_lighter:14,2026-09-29T11:22:37.503278+00:00,2026-09-29T11:52:37.629996+00:00,30,0.12671709060668945,True,-0.15259409969480275,False,0.6177913182000074,0.02799662640000744,0.9240200000000414,0.0899686818,0.0900323802,-0.39626106200003386,-0.8960870720000338,False
NVDA,NVDA|hyperliquid:xyz:NVDA|lighter:110,2026-09-29T11:23:04.555330+00:00,2026-09-29T11:23:04.555330+00:00,0,0.0,True,-0.06910850034554938,False,0.5968296107999964,0.00685328159999643,0.755333999999948,0.0899963892,0.0899915346,-0.2484959237999516,-0.7484758637999516,False
NVDA,NVDA|hyperliquid:xyz:NVDA|lighter:110,2026-09-29T11:23:04.555330+00:00,2026-09-29T11:28:30.515885+00:00,5,25.960554599761963,True,-0.06910850034554938,False,0.5968296107999964,0.00685328159999643,0.7119239999999536,0.0899963892,0.0899915346,-0.20508592379995721,-0.7050658637999572,False
NVDA,NVDA|hyperliquid:xyz:NVDA|lighter:110,2026-09-29T11:23:04.555330+00:00,2026-09-29T11:39:22.162273+00:00,15,77.606942653656,True,-0.13821700069108767,False,0.5968296107999964,0.00685328159999643,0.657172323875443,0.0899963892,0.0900579519,-0.15040066497544663,-0.6503806049754466,False
NVDA,NVDA|hyperliquid:xyz:NVDA|lighter:110,2026-09-29T11:23:04.555330+00:00,2026-09-29T11:54:18.614396+00:00,30,74.05906629562378,True,-0.23036166781846834,False,0.5968296107999964,0.00685328159999643,0.5175512396674549,0.0899963892,0.09014781060000002,-0.010869439467458497,-0.5108493794674585,False
INTC,INTC|hyperliquid:xyz:INTC|rh_lighter:30,2026-09-29T11:23:46.624232+00:00,2026-09-29T11:23:46.624232+00:00,0,0.0,True,-0.11695906432750425,False,0.7650762299999045,0.17557595999990455,1.2485603044495974,0.08992377000000001,0.08991143457259954,-0.5733955090222924,-1.0729720090222925,False
INTC,INTC|hyperliquid:xyz:INTC|rh_lighter:30,2026-09-29T11:23:46.624232+00:00,2026-09-29T11:28:46.957532+00:00,5,0.3333003520965576,True,0.0,True,0.7650762299999045,0.17557595999990455,1.282500000000141,0.08992377000000001,0.08983912500000002,-0.6072628950002364,-1.1068393950002364,False
INTC,INTC|hyperliquid:xyz:INTC|rh_lighter:30,2026-09-29T11:23:46.624232+00:00,2026-09-29T11:38:46.730314+00:00,15,0.10608196258544922,True,-0.11695906432750425,False,0.7650762299999045,0.17557595999990455,1.1970000000000027,0.08992377000000001,0.08993916,-0.5218629300000982,-1.0214394300000982,False
INTC,INTC|hyperliquid:xyz:INTC|rh_lighter:30,2026-09-29T11:23:46.624232+00:00,2026-09-29T11:53:46.964207+00:00,30,0.33997511863708496,True,-0.2339181286549863,False,0.7650762299999045,0.17557595999990455,1.2575376084408845,0.08992377000000001,0.09001611000000001,-0.58247748844098,-1.08205398844098,False
AAPL,AAPL|hyperliquid:xyz:AAPL|rh_lighter:10,2026-09-29T11:24:29.491275+00:00,2026-09-29T11:24:29.491275+00:00,0,0.0,True,-0.10111223458039165,False,0.6072442138000789,0.017271837600078777,0.9390494939270866,0.0899957862,0.0899917803,-0.42179706042700765,-0.9217736504270078,False
AAPL,AAPL|hyperliquid:xyz:AAPL|rh_lighter:10,2026-09-29T11:24:29.491275+00:00,2026-09-29T11:29:29.544344+00:00,5,0.0530698299407959,True,-0.03370407819345278,False,0.6072442138000789,0.017271837600078777,0.9758989177342983,0.0899957862,0.08993866329740391,-0.45859336723162325,-0.9585699572316233,False
AAPL,AAPL|hyperliquid:xyz:AAPL|rh_lighter:10,2026-09-29T11:24:29.491275+00:00,2026-09-29T11:39:29.594784+00:00,15,0.10350942611694336,True,-0.13481631277384443,False,0.6072442138000789,0.017271837600078777,0.9740621947350974,0.0899957862,0.0900078021,-0.4568257830350184,-0.9568023730350185,False
AAPL,AAPL|hyperliquid:xyz:AAPL|rh_lighter:10,2026-09-29T11:24:29.491275+00:00,2026-09-29T11:55:29.783423+00:00,30,60.29214811325073,True,-0.13481631277384443,False,0.6072442138000789,0.017271837600078777,0.771419999999921,0.0899957862,0.09003717540000002,-0.254212961599842,-0.754189551599842,False
XAG,XAG|hyperliquid:xyz:SILVER|rh_lighter:41,2026-09-29T11:25:23.838887+00:00,2026-09-29T11:25:23.838887+00:00,0,0.0,True,-0.12202562538132788,False,0.6147829996000532,0.024868219200053276,0.9112840000000233,0.0899870004,0.08998405020000001,-0.3864850505999701,-0.8864128305999701,False
XAG,XAG|hyperliquid:xyz:SILVER|rh_lighter:41,2026-09-29T11:25:23.838887+00:00,2026-09-29T11:30:23.847503+00:00,5,0.008615732192993164,True,-0.061012812690675045,False,0.6147829996000532,0.024868219200053276,0.9899560000000065,0.0899870004,0.08995454820000001,-0.4651275485999533,-0.9650553285999532,False
XAG,XAG|hyperliquid:xyz:SILVER|rh_lighter:41,2026-09-29T11:25:23.838887+00:00,2026-09-29T11:40:24.107241+00:00,15,0.2683539390563965,True,-0.12202562538132788,False,0.6147829996000532,0.024868219200053276,0.9178399999999556,0.0899870004,0.08998995060000001,-0.3930469509999024,-0.8929747309999023,False
XAG,XAG|hyperliquid:xyz:SILVER|rh_lighter:41,2026-09-29T11:25:23.838887+00:00,2026-09-29T11:55:24.121702+00:00,30,0.28281450271606445,True,-0.18303843807200293,False,0.6147829996000532,0.024868219200053276,0.954353834352105,0.0899870004,0.0900666558,-0.4296374905520518,-0.9295652705520518,False
INTC,INTC|hyperliquid:xyz:INTC|rh_lighter:30,2026-09-29T11:25:46.596217+00:00,2026-09-29T11:25:46.596217+00:00,0,0.0,True,-0.11695906432750425,False,0.594068534999969,0.004517819999968864,1.196999999999889,0.08993146500000002,0.089916075,-0.69284753999992,-1.1924667899999202,False
INTC,INTC|hyperliquid:xyz:INTC|rh_lighter:30,2026-09-29T11:25:46.596217+00:00,2026-09-29T11:30:46.921097+00:00,5,0.32488012313842773,True,0.0,True,0.594068534999969,0.004517819999968864,1.2911100000000033,0.08993146500000002,0.08978526000000002,-0.7868267250000343,-1.2864459750000343,False
INTC,INTC|hyperliquid:xyz:INTC|rh_lighter:30,2026-09-29T11:25:46.596217+00:00,2026-09-29T11:40:46.813408+00:00,15,0.21719121932983398,True,0.0,True,0.594068534999969,0.004517819999968864,1.2825000000000273,0.08993146500000002,0.0898776,-0.7783090650000583,-1.2779283150000584,False
INTC,INTC|hyperliquid:xyz:INTC|rh_lighter:30,2026-09-29T11:25:46.596217+00:00,2026-09-29T11:55:46.981758+00:00,30,0.3855409622192383,True,-0.2339181286549863,False,0.594068534999969,0.004517819999968864,1.1970000000001164,0.08993146500000002,0.090054585,-0.6929860500001473,-1.1926053000001475,False
MSFT,MSFT|hyperliquid:xyz:MSFT|rh_lighter:14,2026-09-29T11:26:37.758447+00:00,2026-09-29T11:26:37.758447+00:00,0,0.0,True,-0.10178117048346147,False,0.5977934789999373,0.008078507999937257,1.061100000000124,0.08995652100000001,0.0899512155,-0.5532577365001868,-1.0530161865001868,False
MSFT,MSFT|hyperliquid:xyz:MSFT|rh_lighter:14,2026-09-29T11:26:37.758447+00:00,2026-09-29T11:31:37.819169+00:00,5,0.06072187423706055,True,-0.10178117048346147,False,0.5977934789999373,0.008078507999937257,0.9628500000000031,0.08995652100000001,0.08996182650000001,-0.45501834750006587,-0.9547767975000659,False
MSFT,MSFT|hyperliquid:xyz:MSFT|rh_lighter:14,2026-09-29T11:26:37.758447+00:00,2026-09-29T11:42:37.698274+00:00,15,59.93982672691345,True,-0.15267175572519776,False,0.5977934789999373,0.008078507999937257,1.1986499999999296,0.08995652100000001,0.08999896500000001,-0.6908554859999924,-1.1906139359999925,False
MSFT,MSFT|hyperliquid:xyz:MSFT|rh_lighter:14,2026-09-29T11:26:37.758447+00:00,2026-09-29T11:57:37.883925+00:00,30,60.12547755241394,True,-0.10178117048346147,False,0.5977934789999373,0.008078507999937257,1.1003999999999223,0.08995652100000001,0.0899689005,-0.592575421499985,-1.092333871499985,False
AAPL,AAPL|hyperliquid:xyz:AAPL|rh_lighter:10,2026-09-29T11:27:29.495861+00:00,2026-09-29T11:27:29.495861+00:00,0,0.0,True,-0.06740815638692776,False,0.6221042415000145,0.03226315800001467,0.9939419979762079,0.08997575849999999,0.08996774760000001,-0.46180550407619336,-0.9616708290761933,False
AAPL,AAPL|hyperliquid:xyz:AAPL|rh_lighter:10,2026-09-29T11:27:29.495861+00:00,2026-09-29T11:32:29.498622+00:00,5,0.0027608871459960938,True,-0.13481631277384443,False,0.6221042415000145,0.03226315800001467,0.9494399999999814,0.08997575849999999,0.0900104724,-0.4173462308999669,-0.9172115558999668,False
AAPL,AAPL|hyperliquid:xyz:AAPL|rh_lighter:10,2026-09-29T11:27:29.495861+00:00,2026-09-29T11:42:29.681968+00:00,15,0.18610692024230957,True,-0.10111223458039165,False,0.6221042415000145,0.03226315800001467,0.9494399999999814,0.08997575849999999,0.08998376940000001,-0.41731952789996696,-0.9171848528999669,False
AAPL,AAPL|hyperliquid:xyz:AAPL|rh_lighter:10,2026-09-29T11:27:29.495861+00:00,2026-09-29T11:57:29.618264+00:00,30,0.12240266799926758,True,-0.13481631277384443,False,0.6221042415000145,0.03226315800001467,0.7714200000001483,0.08997575849999999,0.0900451863,-0.23936094480013384,-0.7392262698001337,False
SAMSUNGUSD,SAMSUNGUSD|hyperliquid:xyz:SMSN|lighter:162,2026-09-29T11:28:23.795117+00:00,2026-09-29T11:28:23.795117+00:00,0,0.0,True,-0.08116883116882079,False,0.6689129216001231,0.07891896320012304,0.8623999999998659,0.0899990784,0.089990208,-0.2834772863997429,-0.7834721663997429,False
SAMSUNGUSD,SAMSUNGUSD|hyperliquid:xyz:SMSN|lighter:162,2026-09-29T11:28:23.795117+00:00,2026-09-29T11:33:49.856532+00:00,5,26.06141495704651,True,-0.38555194805195425,False,0.6689129216001231,0.07891896320012304,0.9511039999999866,0.0899990784,0.0902518848,-0.3724429631998636,-0.8724378431998636,False
SAMSUNGUSD,SAMSUNGUSD|hyperliquid:xyz:SMSN|lighter:162,2026-09-29T11:28:23.795117+00:00,2026-09-29T11:44:41.856443+00:00,15,78.0613260269165,True,-0.26379870129870087,False,0.6689129216001231,0.07891896320012304,0.6325787344862874,0.0899990784,0.09017011559389623,-0.05383592848006062,-0.5538308084800606,False
SAMSUNGUSD,SAMSUNGUSD|hyperliquid:xyz:SMSN|lighter:162,2026-09-29T11:28:23.795117+00:00,2026-09-29T11:59:37.967460+00:00,30,74.17234301567078,True,-0.5681818181818121,False,0.6689129216001231,0.07891896320012304,0.7687680000000228,0.0899990784,0.090433728,-0.19028880639989973,-0.6902836863998998,False
ETHFI,ETHFI|lighter:64|hyperliquid:ETHFI,2026-09-29T11:29:24.877992+00:00,2026-09-29T11:29:24.877992+00:00,0,0.0,True,-0.21773406411893514,False,1.2679489977998963,0.31722078809989634,3.5742754151241343,0.45075200219999995,0.4509748351868059,-2.7573012525110436,-3.2572774600110437,False
META,META|hyperliquid:xyz:META|rh_lighter:13,2026-09-29T11:29:44.164659+00:00,2026-09-29T11:29:44.164659+00:00,0,0.0,True,-0.07220216606499408,False,0.630233862499977,0.040455849999977034,0.9556499999998778,0.0899661375,0.089959905,-0.4153760424999007,-0.9151879174999007,False
META,META|hyperliquid:xyz:META|rh_lighter:13,2026-09-29T11:29:44.164659+00:00,2026-09-29T11:35:43.978595+00:00,5,59.81393623352051,True,-0.14440433212996595,False,0.630233862499977,0.040455849999977034,1.1423395878525753,0.0899661375,0.08998673043709328,-0.6020924557896915,-1.1019043307896914,False
META,META|hyperliquid:xyz:META|rh_lighter:13,2026-09-29T11:29:44.164659+00:00,2026-09-29T11:45:43.873683+00:00,15,59.70902419090271,True,-0.5776173285198527,False,0.630233862499977,0.040455849999977034,0.8586939651415832,0.0899661375,0.090423603,-0.3188837056416062,-0.8186955806416061,False
META,META|hyperliquid:xyz:META|rh_lighter:13,2026-09-29T11:29:44.164659+00:00,2026-09-29T11:59:44.327960+00:00,30,0.1633009910583496,True,-0.5776173285198527,False,0.630233862499977,0.040455849999977034,1.1855680464780107,0.0899661375,0.09036800837581699,-0.6457021923538506,-1.1455140673538506,False
XAG,XAG|hyperliquid:xyz:SILVER|rh_lighter:41,2026-09-29T11:30:23.847503+00:00,2026-09-29T11:30:23.847503+00:00,0,0.0,True,-0.061012812690675045,False,0.6378049767001005,0.04809326840010053,0.9899560000000065,0.0899560233,0.08995454820000001,-0.44210557149990604,-0.941861256499906,False
XAG,XAG|hyperliquid:xyz:SILVER|rh_lighter:41,2026-09-29T11:30:23.847503+00:00,2026-09-29T11:35:23.868232+00:00,5,0.02072882652282715,True,-0.18303843807200293,False,0.6378049767001005,0.04809326840010053,0.9448133716382472,0.0899560233,0.0900342036,-0.3970425985381467,-0.8967982835381467,False
XAG,XAG|hyperliquid:xyz:SILVER|rh_lighter:41,2026-09-29T11:30:23.847503+00:00,2026-09-29T11:45:23.867262+00:00,15,0.01975870132446289,True,0.12202562538132788,True,0.6378049767001005,0.04809326840010053,1.0325699999999642,0.0899560233,0.0897952374,-0.48456026069986374,-0.9843159456998638,False
GOOGL,GOOGL|hyperliquid:xyz:GOOGL|rh_lighter:12,2026-09-29T11:30:30.507241+00:00,2026-09-29T11:30:30.507241+00:00,0,0.0,True,-0.1028453890983827,False,0.7559557183998393,0.1661243167998393,1.020949999999857,0.08997428160000001,0.0899716563,-0.3549659379000177,-0.8548230579000178,False
GOOGL,GOOGL|hyperliquid:xyz:GOOGL|rh_lighter:12,2026-09-29T11:30:30.507241+00:00,2026-09-29T11:35:30.526536+00:00,5,0.019295454025268555,True,-0.17140898183064524,False,0.7559557183998393,0.1661243167998393,1.1667999999998528,0.08997428160000001,0.0900425394,-0.5008868210000135,-1.0007439410000134,False
GOOGL,GOOGL|hyperliquid:xyz:GOOGL|rh_lighter:12,2026-09-29T11:30:30.507241+00:00,2026-09-29T11:45:30.524867+00:00,15,0.017626047134399414,True,-0.17140898183064524,False,0.7559557183998393,0.1661243167998393,1.2408389093407095,0.08997428160000001,0.09003728879999999,-0.5749204797408701,-1.0747775997408702,False
AAPL,AAPL|hyperliquid:xyz:AAPL|rh_lighter:10,2026-09-29T11:32:29.498622+00:00,2026-09-29T11:32:29.498622+00:00,0,0.0,True,-0.10114632501686538,False,0.5921971954000167,0.002309920800016685,0.9491199999999935,0.0899828046,0.08998013519999999,-0.4469029397999768,-0.9468074097999768,False
AAPL,AAPL|hyperliquid:xyz:AAPL|rh_lighter:10,2026-09-29T11:32:29.498622+00:00,2026-09-29T11:37:29.554268+00:00,5,0.05564570426940918,True,-0.06743088334457692,False,0.5921971954000167,0.002309920800016685,0.9787799999999152,0.0899828046,0.08995611060000001,-0.4765389151998985,-0.9764433851998986,False
AAPL,AAPL|hyperliquid:xyz:AAPL|rh_lighter:10,2026-09-29T11:32:29.498622+00:00,2026-09-29T11:47:29.669571+00:00,15,0.17094898223876953,True,-0.10114632501686538,False,0.5921971954000167,0.002309920800016685,0.9194599999999582,0.0899828046,0.09000149040000001,-0.4172642949999415,-0.9171687649999416,False
META,META|hyperliquid:xyz:META|rh_lighter:13,2026-09-29T11:32:44.183183+00:00,2026-09-29T11:32:44.183183+00:00,0,0.0,True,-0.14440433212996595,False,0.6302101789999771,0.04027690799997713,1.0110500000000684,0.08998982100000001,0.0899835885,-0.4708234095000913,-0.9707668595000913,False
META,META|hyperliquid:xyz:META|rh_lighter:13,2026-09-29T11:32:44.183183+00:00,2026-09-29T11:38:43.910852+00:00,5,59.72766852378845,True,-0.21660649819494893,False,0.6302101789999771,0.04027690799997713,1.0664500000000317,0.08998982100000001,0.0900558855,-0.5262957065000546,-1.0262391565000546,False
META,META|hyperliquid:xyz:META|rh_lighter:13,2026-09-29T11:32:44.183183+00:00,2026-09-29T11:48:43.968010+00:00,15,59.78482699394226,True,-0.6498194945848468,False,0.6302101789999771,0.04027690799997713,0.8725500000000466,0.08998982100000001,0.090460998,-0.3328008190000695,-0.8327442690000695,False
NBIS,NBIS|hyperliquid:xyz:NBIS|lighter:189,2026-09-29T11:33:14.697721+00:00,2026-09-29T11:33:14.697721+00:00,0,0.0,True,0.0,True,0.6656001700000973,0.07625684000009736,1.1475000000000364,0.08989983,0.089876025,-0.5717758549999391,-1.071219354999939,False
NBIS,NBIS|hyperliquid:xyz:NBIS|lighter:189,2026-09-29T11:33:14.697721+00:00,2026-09-29T11:38:40.748312+00:00,5,26.050590753555298,True,-0.23529411764705577,False,0.6656001700000973,0.07625684000009736,1.0352358490564484,0.08989983,0.08992055377358492,-0.459556232829936,-0.958999732829936,False
NBIS,NBIS|hyperliquid:xyz:NBIS|lighter:189,2026-09-29T11:33:14.697721+00:00,2026-09-29T11:49:32.672867+00:00,15,77.97514605522156,True,0.0,True,0.6656001700000973,0.07625684000009736,1.6717940000000908,0.08989983,0.08971983,-1.0959136599999935,-1.5953571599999934,False
XPL,XPL|lighter:71|hyperliquid:XPL,2026-09-29T11:34:29.843169+00:00,2026-09-29T11:34:29.843169+00:00,0,0.0,True,-0.17034068136272396,False,1.1568996249999894,0.2062712889999893,2.6782341222522064,0.4506783750000001,0.45076166999999995,-1.9720961672522168,-2.472046128252217,False
XPL,XPL|lighter:71|hyperliquid:XPL,2026-09-29T11:34:29.843169+00:00,2026-09-29T11:39:55.602426+00:00,5,25.75925612449646,True,-0.6412825651302634,False,1.1568996249999894,0.2062712889999893,1.6987044957644457,0.4506783750000001,0.4528881693697055,-0.9946930401341618,-1.4946430011341618,False
MSFT,MSFT|hyperliquid:xyz:MSFT|rh_lighter:14,2026-09-29T11:35:37.506860+00:00,2026-09-29T11:35:37.506860+00:00,0,0.0,True,-0.10178117048346147,False,0.6174187200000069,0.0275414400000068,0.9730303616912579,0.08998128000000001,0.08997859526744778,-0.44559023695869876,-0.9454862369586987,False
MSFT,MSFT|hyperliquid:xyz:MSFT|rh_lighter:14,2026-09-29T11:35:37.506860+00:00,2026-09-29T11:40:37.631276+00:00,5,0.12441587448120117,True,-0.10178117048346147,False,0.6174187200000069,0.0275414400000068,1.2182999999999993,0.08998128000000001,0.089963595,-0.6908448749999924,-1.1907408749999924,False
MSFT,MSFT|hyperliquid:xyz:MSFT|rh_lighter:14,2026-09-29T11:35:37.506860+00:00,2026-09-29T11:50:37.610113+00:00,15,0.10325288772583008,True,-0.15267175572519776,False,0.6174187200000069,0.0275414400000068,1.1789999999999736,0.08998128000000001,0.08999896500000001,-0.6515802449999668,-1.1514762449999667,False
META,META|hyperliquid:xyz:META|rh_lighter:13,2026-09-29T11:36:43.936686+00:00,2026-09-29T11:36:43.936686+00:00,0,0.0,True,-0.14440433212996595,False,0.6302151649999771,0.04031457999997706,1.1634000000001379,0.089984835,0.0899786025,-0.6231634375001608,-1.123079187500161,False
META,META|hyperliquid:xyz:META|rh_lighter:13,2026-09-29T11:36:43.936686+00:00,2026-09-29T11:41:44.017970+00:00,5,0.0812845230102539,True,-0.3610108303249149,False,0.6302151649999771,0.04031457999997706,1.1080000000001746,0.089984835,0.0901705635,-0.5679553985001975,-1.0678711485001975,False
META,META|hyperliquid:xyz:META|rh_lighter:13,2026-09-29T11:36:43.936686+00:00,2026-09-29T11:51:44.021013+00:00,15,0.08432698249816895,True,-0.6498194945848468,False,0.6302151649999771,0.04031457999997706,0.8864000000000942,0.089984835,0.090456012,-0.3466408470001171,-0.8465565970001172,False
AAPL,AAPL|hyperliquid:xyz:AAPL|rh_lighter:10,2026-09-29T11:38:29.517698+00:00,2026-09-29T11:38:29.517698+00:00,0,0.0,True,-0.10111223458039165,False,0.6220802087999008,0.03208157759990077,1.0129021680162396,0.0899997912,0.08999629566558705,-0.4808182548819258,-0.9808170948819258,False
AAPL,AAPL|hyperliquid:xyz:AAPL|rh_lighter:10,2026-09-29T11:38:29.517698+00:00,2026-09-29T11:43:29.731431+00:00,5,0.21373295783996582,True,-0.10111223458039165,False,0.6220802087999008,0.03208157759990077,0.8189280364374554,0.0899997912,0.09001420757672064,-0.2868620352142752,-0.7868608752142752,False
AAPL,AAPL|hyperliquid:xyz:AAPL|rh_lighter:10,2026-09-29T11:38:29.517698+00:00,2026-09-29T11:53:29.658206+00:00,15,0.14050745964050293,True,-0.1685203909673083,False,0.6220802087999008,0.03208157759990077,0.801089999999931,0.0899997912,0.09005052690000001,-0.2690603181000303,-0.7690591581000303,False
MSFT,MSFT|hyperliquid:xyz:MSFT|rh_lighter:14,2026-09-29T11:38:37.221089+00:00,2026-09-29T11:38:37.221089+00:00,0,0.0,True,-0.10178117048346147,False,0.7746399419999959,0.18490178399999585,1.2416137289861808,0.08996005800000001,0.08995442276439125,-0.5569282097505763,-1.0567063097505764,False
MSFT,MSFT|hyperliquid:xyz:MSFT|rh_lighter:14,2026-09-29T11:38:37.221089+00:00,2026-09-29T11:43:37.532680+00:00,5,0.31159090995788574,True,-0.10178117048346147,False,0.7746399419999959,0.18490178399999585,1.1789999999999736,0.08996005800000001,0.08998128000000001,-0.4943413379999778,-0.9941194379999778,False
MSFT,MSFT|hyperliquid:xyz:MSFT|rh_lighter:14,2026-09-29T11:38:37.221089+00:00,2026-09-29T11:53:37.353252+00:00,15,0.13216304779052734,True,-0.10178117048346147,False,0.7746399419999959,0.18490178399999585,0.9628500000000031,0.08996005800000001,0.08998481700000001,-0.2781948750000073,-0.7779729750000073,False
INTC,INTC|hyperliquid:xyz:INTC|rh_lighter:30,2026-09-29T11:38:46.730314+00:00,2026-09-29T11:38:46.730314+00:00,0,0.0,True,-0.11695906432750425,False,0.7650531449999045,0.1754015399999045,1.1970000000000027,0.089946855,0.08993916,-0.5218860150000982,-1.0215907650000982,False
INTC,INTC|hyperliquid:xyz:INTC|rh_lighter:30,2026-09-29T11:38:46.730314+00:00,2026-09-29T11:44:46.557382+00:00,5,59.82706832885742,True,0.0,True,0.7650531449999045,0.1754015399999045,1.409975999999915,0.089946855,0.08976987000000002,-0.7346927250000106,-1.2343974750000106,False
INTC,INTC|hyperliquid:xyz:INTC|rh_lighter:30,2026-09-29T11:38:46.730314+00:00,2026-09-29T11:53:46.964207+00:00,15,0.23389315605163574,True,-0.2339181286549863,False,0.7650531449999045,0.1754015399999045,1.2575376084408845,0.089946855,0.09001611000000001,-0.5825005734409799,-1.0822053234409799,False
NBIS,NBIS|hyperliquid:xyz:NBIS|lighter:189,2026-09-29T11:40:02.120387+00:00,2026-09-29T11:40:02.120387+00:00,0,0.0,True,0.0,True,0.7137306440000968,0.1243510880000967,1.2749999999999773,0.089905356,0.08988367500000001,-0.6511530309998805,-1.1506272309998806,False
NBIS,NBIS|hyperliquid:xyz:NBIS|lighter:189,2026-09-29T11:40:02.120387+00:00,2026-09-29T11:45:28.226588+00:00,5,26.106201171875,True,0.0,True,0.7137306440000968,0.1243510880000967,1.44500000000005,0.089905356,0.089768925,-0.8210382809999532,-1.3205124809999533,False
NBIS,NBIS|hyperliquid:xyz:NBIS|lighter:189,2026-09-29T11:40:02.120387+00:00,2026-09-29T11:56:19.825377+00:00,15,77.70499014854431,True,-0.23529411764705577,False,0.7137306440000968,0.1243510880000967,0.9235731132074534,0.089905356,0.09005682841981133,-0.2998992976271679,-0.7993734976271679,False
AAPL,AAPL|hyperliquid:xyz:AAPL|rh_lighter:10,2026-09-29T11:40:29.513894+00:00,2026-09-29T11:40:29.513894+00:00,0,0.0,True,-0.10111223458039165,False,0.5927655494000302,0.0028019288000302733,1.038449999999898,0.0899944506,0.0899864397,-0.5356708902998677,-1.0356400602998677,False
AAPL,AAPL|hyperliquid:xyz:AAPL|rh_lighter:10,2026-09-29T11:40:29.513894+00:00,2026-09-29T11:46:29.515604+00:00,5,60.001710414886475,True,-0.1685203909673083,False,0.5927655494000302,0.0028019288000302733,0.9791099999999915,0.0899944506,0.09003450510000001,-0.47637895569996125,-0.9763481256999612,False
AAPL,AAPL|hyperliquid:xyz:AAPL|rh_lighter:10,2026-09-29T11:40:29.513894+00:00,2026-09-29T11:55:29.783423+00:00,15,0.2695286273956299,True,-0.13481631277384443,False,0.5927655494000302,0.0028019288000302733,0.771419999999921,0.0899944506,0.09003717540000002,-0.2686916259998907,-0.7686607959998907,False
XPL,XPL|lighter:71|hyperliquid:XPL,2026-09-29T11:41:16.996578+00:00,2026-09-29T11:41:16.996578+00:00,0,0.0,True,-0.1823338735818525,False,1.1173536905000216,0.16670994100002162,2.5423375425209542,0.45067630950000004,0.45080768311102093,-1.8757915351319534,-2.375758975131953,False
XPL,XPL|lighter:71|hyperliquid:XPL,2026-09-29T11:41:16.996578+00:00,2026-09-29T11:46:42.877277+00:00,5,25.880698442459106,True,-0.5267423014586714,False,1.1173536905000216,0.16670994100002162,3.1848338672099317,0.45067630950000004,0.4523599291014257,-2.5198401058113356,-3.0198075458113354,False
XPL,XPL|lighter:71|hyperliquid:XPL,2026-09-29T11:41:16.996578+00:00,2026-09-29T11:57:34.632617+00:00,15,77.63603806495667,True,-0.41531604538087574,False,1.1173536905000216,0.16670994100002162,3.099372190011195,0.45067630950000004,0.45185407748550505,-2.4338725769966785,-2.9338400169966783,False
AAPL,AAPL|hyperliquid:xyz:AAPL|rh_lighter:10,2026-09-29T11:43:29.731431+00:00,2026-09-29T11:43:29.731431+00:00,0,0.0,True,-0.06743088334457692,False,0.5921891872000167,0.002249414400016636,0.8186520242917368,0.08999081280000001,0.08998386911781375,-0.31644670620953386,-0.816395666209534,False
AAPL,AAPL|hyperliquid:xyz:AAPL|rh_lighter:10,2026-09-29T11:43:29.731431+00:00,2026-09-29T11:49:29.611012+00:00,5,59.87958097457886,True,-0.10114632501686538,False,0.5921891872000167,0.002249414400016636,0.8601400000000012,0.08999081280000001,0.08998547400000001,-0.35793628679998457,-0.8578852467999847,False
AAPL,AAPL|hyperliquid:xyz:AAPL|rh_lighter:10,2026-09-29T11:43:29.731431+00:00,2026-09-29T11:58:29.930788+00:00,15,0.199357271194458,True,-0.10114632501686538,False,0.5921891872000167,0.002249414400016636,0.711840000000052,0.08999081280000001,0.0900094986,-0.20966031140003533,-0.7096092714000354,False
XAG,XAG|hyperliquid:xyz:SILVER|rh_lighter:41,2026-09-29T11:44:24.103116+00:00,2026-09-29T11:44:24.103116+00:00,0,0.0,True,-0.12180267965896663,False,0.6423354578000422,0.05235812560004216,0.9129519999999047,0.08999654220000002,0.08999210880000001,-0.3606086509998626,-0.8605894409998627,False
XAG,XAG|hyperliquid:xyz:SILVER|rh_lighter:41,2026-09-29T11:44:24.103116+00:00,2026-09-29T11:50:23.994473+00:00,5,59.89135766029358,True,-0.3654080389768666,False,0.6423354578000422,0.05235812560004216,0.9802740000000085,0.08999654220000002,0.090190134,-0.4281286761999664,-0.9281094661999665,False
XAG,XAG|hyperliquid:xyz:SILVER|rh_lighter:41,2026-09-29T11:44:24.103116+00:00,2026-09-29T11:59:24.297798+00:00,15,0.19468283653259277,True,-0.3045066991473888,False,0.6423354578000422,0.05235812560004216,1.1838820000001533,0.08999654220000002,0.0901339776,-0.6316805198001111,-1.1316613098001111,False
PUMP,PUMP|lighter:45|hyperliquid:PUMP,2026-09-29T11:44:40.208733+00:00,2026-09-29T11:44:40.208733+00:00,0,0.0,True,-0.2028759697471405,False,1.0280727198000261,0.07741182960002613,2.2181040000000394,0.4506632802,0.45091281689999996,-1.640944097100013,-2.140941707100013,False
NBIS,NBIS|hyperliquid:xyz:NBIS|lighter:189,2026-09-29T11:46:49.867650+00:00,2026-09-29T11:46:49.867650+00:00,0,0.0,True,0.0,True,0.6988796580000626,0.11005741600006258,1.1475000000000364,0.089820342,0.08980335000000002,-0.5384236919999739,-1.0374255919999738,False
NBIS,NBIS|hyperliquid:xyz:NBIS|lighter:189,2026-09-29T11:46:49.867650+00:00,2026-09-29T11:52:15.409443+00:00,5,25.54179310798645,True,0.0,True,0.6988796580000626,0.11005741600006258,1.3599999999999,0.089820342,0.08984160000000001,-0.7509619419998373,-1.2499638419998373,False
PUMP,PUMP|lighter:45|hyperliquid:PUMP,2026-09-29T11:47:23.008856+00:00,2026-09-29T11:47:23.008856+00:00,0,0.0,True,-0.16904972243125815,False,0.9805857339000328,0.0299454528000328,2.46387617583639,0.45064226609999997,0.45076076917912633,-1.9340512111154835,-2.4340492261154836,False
XAG,XAG|hyperliquid:xyz:SILVER|rh_lighter:41,2026-09-29T11:47:23.950480+00:00,2026-09-29T11:47:23.950480+00:00,0,0.0,True,-0.060901339829488865,False,0.6932877029999931,0.10363975599999303,1.0796445179769307,0.08994629700000002,0.08994481920000001,-0.47630163417693766,-0.9760032841769377,False
XAG,XAG|hyperliquid:xyz:SILVER|rh_lighter:41,2026-09-29T11:47:23.950480+00:00,2026-09-29T11:52:24.341889+00:00,5,0.39140892028808594,True,-0.3654080389768666,False,0.6932877029999931,0.10363975599999303,0.9589199706600766,0.08994629700000002,0.0902362420826406,-0.3558685097427241,-0.8555701597427241,False
ARB,ARB|lighter:50|hyperliquid:ARB,2026-09-29T11:48:00.525692+00:00,2026-09-29T11:48:00.525692+00:00,0,0.0,True,-0.21840606398012552,False,1.143754040399789,0.1930524687997891,2.7178699928756487,0.45070995959999993,0.45098019810000006,-2.02509615057586,-2.52508776257586,False
ARB,ARB|lighter:50|hyperliquid:ARB,2026-09-29T11:48:00.525692+00:00,2026-09-29T11:53:26.613511+00:00,5,26.08781862258911,True,0.06851954948394745,True,1.143754040399789,0.1930524687997891,2.2638008538534677,0.45070995959999993,0.44968715948423404,-1.5697339729379127,-2.069725584937913,False
SAMSUNGUSD,SAMSUNGUSD|hyperliquid:xyz:SMSN|lighter:162,2026-09-29T11:50:07.286870+00:00,2026-09-29T11:50:07.286870+00:00,0,0.0,True,-0.1020199959192003,False,0.6426079686000704,0.052719207200070506,1.357552975490421,0.0899830314,0.08995854330220586,-0.8049035501925564,-1.3048092801925564,False
SAMSUNGUSD,SAMSUNGUSD|hyperliquid:xyz:SMSN|lighter:162,2026-09-29T11:50:07.286870+00:00,2026-09-29T11:55:33.116094+00:00,5,25.8292236328125,True,0.0,True,0.6426079686000704,0.052719207200070506,1.519247999999834,0.0899830314,0.08985797820000001,-0.9664980095997636,-1.4664037395997636,False
WTI,WTI|hyperliquid:xyz:CL|lighter:145,2026-09-29T11:50:08.465714+00:00,2026-09-29T11:50:08.465714+00:00,0,0.0,True,-0.09117432530999503,False,0.5910824170600604,0.0010851511200604125,1.0529279999999517,0.08999958294,0.08998289783999999,-0.5518284807798913,-1.0518261637798914,False
WTI,WTI|hyperliquid:xyz:CL|lighter:145,2026-09-29T11:50:08.465714+00:00,2026-09-29T11:55:34.726601+00:00,5,26.260886907577515,True,-0.06382202771698653,False,0.5910824170600604,0.0010851511200604125,-0.09103409980832566,0.08999958294,0.09006512490898275,0.5920513919594033,0.09205370895940329,False
GOOGL,GOOGL|hyperliquid:xyz:GOOGL|rh_lighter:12,2026-09-29T11:50:30.638661+00:00,2026-09-29T11:50:30.638661+00:00,0,0.0,True,-0.06870491240124066,False,0.6086647743000686,0.01882718360006863,1.0115599914059885,0.0899752257,0.0899647461,-0.49285996320591996,-0.99272232820592,False
GOOGL,GOOGL|hyperliquid:xyz:GOOGL|rh_lighter:12,2026-09-29T11:50:30.638661+00:00,2026-09-29T11:55:30.950662+00:00,5,0.31200098991394043,True,-0.06870491240124066,False,0.6086647743000686,0.01882718360006863,0.9963845651426482,0.0899752257,0.08996938788913716,-0.4776891787317168,-0.9775515437317168,False
INTC,INTC|hyperliquid:xyz:INTC|lighter:137,2026-09-29T11:50:33.956852+00:00,2026-09-29T11:50:33.956852+00:00,0,0.0,True,-0.11709601873536313,False,0.6359584280001379,0.04634145600013806,0.9564799999999423,0.08994157199999998,0.089933886,-0.4104554579998044,-0.9101308579998042,False
INTC,INTC|hyperliquid:xyz:INTC|lighter:137,2026-09-29T11:50:33.956852+00:00,2026-09-29T11:55:59.815673+00:00,5,25.85882067680359,True,-0.11709601873536313,False,0.6359584280001379,0.04634145600013806,0.8112999999999602,0.08994157199999998,0.08996462999999999,-0.26530620199982224,-0.7649816019998221,False
XAG,XAG|hyperliquid:xyz:SILVER|rh_lighter:41,2026-09-29T11:51:24.016500+00:00,2026-09-29T11:51:24.016500+00:00,0,0.0,True,-0.12202562538132788,False,0.7213224249000613,0.13143665480006134,1.001685312767222,0.0899825751,0.08998078191185095,-0.3703436697790118,-0.8702468647790118,False
XAG,XAG|hyperliquid:xyz:SILVER|rh_lighter:41,2026-09-29T11:51:24.016500+00:00,2026-09-29T11:57:23.963175+00:00,5,59.946675539016724,True,-0.18303843807200293,False,0.7213224249000613,0.13143665480006134,1.291531999999961,0.0899825751,0.0900076518,-0.6602172268998998,-1.1601204218998997,False
INTC,INTC|hyperliquid:xyz:INTC|rh_lighter:30,2026-09-29T11:52:46.798263+00:00,2026-09-29T11:52:46.798263+00:00,0,0.0,True,-0.11709601873536313,False,1.020304544000077,0.43098988800007715,1.5971411887456952,0.08989545599999998,0.08988777,-0.6667244147456182,-1.1661436147456181,False
INTC,INTC|hyperliquid:xyz:INTC|rh_lighter:30,2026-09-29T11:52:46.798263+00:00,2026-09-29T11:58:46.648545+00:00,5,59.85028147697449,True,-0.11709601873536313,False,1.020304544000077,0.43098988800007715,1.1557573458383104,0.08989545599999998,0.08990314199999999,-0.2253559438382332,-0.724775143838233,False
XAG,XAG|hyperliquid:xyz:SILVER|rh_lighter:41,2026-09-29T11:53:24.013514+00:00,2026-09-29T11:53:24.013514+00:00,0,0.0,True,-0.06112469437651313,False,0.7885860287999501,0.19894021759995,1.1369179376147258,0.0899459712,0.08994155399999999,-0.4382734628147757,-0.9379733028147758,False
XAG,XAG|hyperliquid:xyz:SILVER|rh_lighter:41,2026-09-29T11:53:24.013514+00:00,2026-09-29T11:59:24.297798+00:00,5,60.284284591674805,True,0.06112469437653534,True,0.7885860287999501,0.19894021759995,1.1795560000001615,0.0899459712,0.08980462079999998,-0.48077459200021133,-0.9804744320002114,False
ARB,ARB|lighter:50|hyperliquid:ARB,2026-09-29T11:53:26.613511+00:00,2026-09-29T11:53:26.613511+00:00,0,0.0,True,-0.17302146747838476,False,1.0506995336501816,0.1000369003001817,2.269278338682625,0.45066946635000005,0.4507752210024072,-1.6693540260348505,-2.1693471930348505,False
ARB,ARB|lighter:50|hyperliquid:ARB,2026-09-29T11:53:26.613511+00:00,2026-09-29T11:58:51.931714+00:00,5,25.31820297241211,True,0.0,True,1.0506995336501816,0.1000369003001817,2.070144000000141,0.45066946635000005,0.44999040780000005,-1.4694348741499597,-1.9694280411499596,False
GOOGL,GOOGL|hyperliquid:xyz:GOOGL|rh_lighter:12,2026-09-29T11:53:30.947908+00:00,2026-09-29T11:53:30.947908+00:00,0,0.0,True,-0.06868131868130734,False,0.7253853151999414,0.13555127039994136,1.0191999999999553,0.0899746848,0.0899694432,-0.38378412800001377,-0.8836434880000138,False
GOOGL,GOOGL|hyperliquid:xyz:GOOGL|rh_lighter:12,2026-09-29T11:53:30.947908+00:00,2026-09-29T11:58:30.961403+00:00,5,0.013494729995727539,True,-0.06868131868130734,False,0.7253853151999414,0.13555127039994136,1.025738490721892,0.0899746848,0.0899642016,-0.3903173771219506,-0.8901767371219507,False
MSFT,MSFT|hyperliquid:xyz:MSFT|rh_lighter:14,2026-09-29T11:54:37.304137+00:00,2026-09-29T11:54:37.304137+00:00,0,0.0,True,-0.050890585241736286,False,0.597795247500051,0.008091870000051016,1.0217999999999847,0.08995475250000001,0.089952984,-0.5139577364999338,-1.0137063614999338,False
MSFT,MSFT|hyperliquid:xyz:MSFT|rh_lighter:14,2026-09-29T11:54:37.304137+00:00,2026-09-29T11:59:37.853859+00:00,5,0.5497214794158936,True,-0.10178117048346147,False,0.597795247500051,0.008091870000051016,1.1347859984717843,0.08995475250000001,0.0899759745,-0.6269667254717333,-1.1267153504717333,False
GOOGL,GOOGL|hyperliquid:xyz:GOOGL|rh_lighter:12,2026-09-29T11:55:30.950662+00:00,2026-09-29T11:55:30.950662+00:00,0,0.0,True,-0.06870491240124066,False,0.6068946149999899,0.017055979999989812,0.9963845651426482,0.089975385,0.08996938788913716,-0.47945933803179547,-0.9793225880317955,False
META,META|hyperliquid:xyz:META|rh_lighter:13,2026-09-29T11:55:44.130820+00:00,2026-09-29T11:55:44.130820+00:00,0,0.0,True,-0.14513788098693414,False,0.6127861271999615,0.022826294399961533,1.116179999999872,0.08999387279999999,0.0899864316,-0.5933803043999105,-1.0933462643999103,False
INTC,INTC|hyperliquid:xyz:INTC|rh_lighter:30,2026-09-29T11:55:46.981758+00:00,2026-09-29T11:55:46.981758+00:00,0,0.0,True,-0.11709601873536313,False,0.5932353700000562,0.0034672400000563264,1.1956000000001268,0.08996462999999999,0.08994925799999999,-0.6923138880000705,-1.1921173880000704,False
GOOGL,GOOGL|hyperliquid:xyz:GOOGL|rh_lighter:12,2026-09-29T11:57:30.635577+00:00,2026-09-29T11:57:30.635577+00:00,0,0.0,True,-0.10302197802197766,False,0.7955206623000675,0.2055905596000674,1.0290381354418514,0.0899893377,0.0899825472,-0.3235000203417839,-0.8234407853417839,False
PUMP,PUMP|lighter:45|hyperliquid:PUMP,2026-09-29T11:58:14.735859+00:00,2026-09-29T11:58:14.735859+00:00,0,0.0,True,-0.26379536287463035,False,2.0167129520499554,1.065605539599955,2.9221605239580413,0.45110904795000006,0.4511883708,-1.3566359427080859,-1.8566343072080858,False
ARB,ARB|lighter:50|hyperliquid:ARB,2026-09-29T11:58:51.931714+00:00,2026-09-29T11:58:51.931714+00:00,0,0.0,True,-0.16846504883353264,False,1.004580955000145,0.05394047450014505,2.0736373541815283,0.450648045,0.4507497636093816,-1.5198061627907649,-2.0197985982907647,False
