asset,buy,sell,target_usd,anchor_utc,status,buy_decision_fresh,sell_decision_fresh,qty,anchor_buy_px,anchor_sell_px,anchor_buy_notional,anchor_sell_notional,buy_entry_status,sell_entry_status,buy_entry_due_utc,sell_entry_due_utc,buy_entry_receipt_utc,buy_entry_source_utc,buy_entry_top_px,buy_entry_top_size,sell_entry_receipt_utc,sell_entry_source_utc,sell_entry_top_px,sell_entry_top_size,buy_exit_status,sell_exit_status,buy_exit_due_utc,sell_exit_due_utc,hard_deadline_utc,buy_exit_receipt_utc,buy_exit_source_utc,buy_exit_top_px,buy_exit_top_size,sell_exit_receipt_utc,sell_exit_source_utc,sell_exit_top_px,sell_exit_top_size,buy_entry_px,sell_entry_px,buy_exit_px,sell_exit_px,buy_entry_notional,sell_entry_notional,gross_usd,four_fee_usd,fee_legs_usd,reserve_usd,capital_usd,after_four_fee_bps,after_fee_reserve_capital_bps,entry_receipt_skew_s,entry_source_skew_s,exit_receipt_skew_s,exit_source_skew_s
NVDA,hyperliquid,lighter,100,2026-09-29T20:23:00+00:00,stale_decision,True,False,,,,,,,,,,,,,,,,,,,,,,,,,,,,,,,,,,,,,,,,,,,,,,,
NVDA,hyperliquid,lighter,100,2026-09-29T20:23:05+00:00,stale_decision,False,False,,,,,,,,,,,,,,,,,,,,,,,,,,,,,,,,,,,,,,,,,,,,,,,
NVDA,hyperliquid,lighter,100,2026-09-29T20:23:10+00:00,stale_decision,False,True,,,,,,,,,,,,,,,,,,,,,,,,,,,,,,,,,,,,,,,,,,,,,,,
NVDA,hyperliquid,lighter,100,2026-09-29T20:23:15+00:00,stale_decision,False,True,,,,,,,,,,,,,,,,,,,,,,,,,,,,,,,,,,,,,,,,,,,,,,,
NVDA,hyperliquid,lighter,100,2026-09-29T20:23:20+00:00,stale_decision,False,False,,,,,,,,,,,,,,,,,,,,,,,,,,,,,,,,,,,,,,,,,,,,,,,
NVDA,hyperliquid,lighter,100,2026-09-29T20:23:25+00:00,stale_decision,False,True,,,,,,,,,,,,,,,,,,,,,,,,,,,,,,,,,,,,,,,,,,,,,,,
NVDA,hyperliquid,lighter,100,2026-09-29T20:23:30+00:00,decision_skew,,,,,,,,,,,,,,,,,,,,,,,,,,,,,,,,,,,,,,,,,,,,,,,,,
NVDA,hyperliquid,lighter,100,2026-09-29T20:23:35+00:00,stale_decision,False,True,,,,,,,,,,,,,,,,,,,,,,,,,,,,,,,,,,,,,,,,,,,,,,,
NVDA,hyperliquid,lighter,100,2026-09-29T20:23:40+00:00,complete_conditional_quote_path,,,0.439,227.67,227.688,99.94713,99.95503199999999,eligible,eligible,2026-09-29T20:23:40.100000+00:00,2026-09-29T20:23:40.400000+00:00,2026-09-29T20:23:40.489309+00:00,2026-09-29T20:23:40.168000+00:00,227.67,43.186,2026-09-29T20:23:40.952576+00:00,2026-09-29T20:23:40.887875+00:00,227.698,2.795,eligible,eligible,2026-09-29T20:23:46.052576+00:00,2026-09-29T20:23:46.352576+00:00,2026-09-29T20:23:50+00:00,2026-09-29T20:23:46.713820+00:00,2026-09-29T20:23:46.433000+00:00,227.66,51.327,2026-09-29T20:23:46.502638+00:00,2026-09-29T20:23:46.438415+00:00,227.71,25.9,227.67,227.698,227.66,227.71,99.94713,99.959422,-0.009657999999996208,0.0179900883,"[0.0089952417, 0.0, 0.0089948466, 0.0]",0.049979711,1.8659674513175613e-06,-2.766271357666419,-7.767072978228342,0.463266705,0.719875,0.211181757,0.005415
NVDA,hyperliquid,lighter,100,2026-09-29T20:23:45+00:00,stale_decision,False,True,,,,,,,,,,,,,,,,,,,,,,,,,,,,,,,,,,,,,,,,,,,,,,,
NVDA,hyperliquid,lighter,100,2026-09-29T20:23:50+00:00,stale_decision,False,True,,,,,,,,,,,,,,,,,,,,,,,,,,,,,,,,,,,,,,,,,,,,,,,
NVDA,hyperliquid,lighter,100,2026-09-29T20:23:55+00:00,stale_decision,False,False,,,,,,,,,,,,,,,,,,,,,,,,,,,,,,,,,,,,,,,,,,,,,,,
NVDA,hyperliquid,lighter,100,2026-09-29T20:24:00+00:00,stale_decision,False,True,,,,,,,,,,,,,,,,,,,,,,,,,,,,,,,,,,,,,,,,,,,,,,,
NVDA,hyperliquid,lighter,100,2026-09-29T20:24:05+00:00,stale_decision,True,False,,,,,,,,,,,,,,,,,,,,,,,,,,,,,,,,,,,,,,,,,,,,,,,
NVDA,hyperliquid,lighter,100,2026-09-29T20:24:10+00:00,stale_decision,False,False,,,,,,,,,,,,,,,,,,,,,,,,,,,,,,,,,,,,,,,,,,,,,,,
NVDA,hyperliquid,lighter,100,2026-09-29T20:24:15+00:00,stale_decision,False,False,,,,,,,,,,,,,,,,,,,,,,,,,,,,,,,,,,,,,,,,,,,,,,,
NVDA,hyperliquid,lighter,100,2026-09-29T20:24:20+00:00,stale_decision,False,False,,,,,,,,,,,,,,,,,,,,,,,,,,,,,,,,,,,,,,,,,,,,,,,
NVDA,hyperliquid,lighter,100,2026-09-29T20:24:25+00:00,stale_decision,False,False,,,,,,,,,,,,,,,,,,,,,,,,,,,,,,,,,,,,,,,,,,,,,,,
NVDA,hyperliquid,lighter,100,2026-09-29T20:24:30+00:00,stale_decision,False,True,,,,,,,,,,,,,,,,,,,,,,,,,,,,,,,,,,,,,,,,,,,,,,,
NVDA,hyperliquid,lighter,100,2026-09-29T20:24:35+00:00,stale_decision,False,True,,,,,,,,,,,,,,,,,,,,,,,,,,,,,,,,,,,,,,,,,,,,,,,
NVDA,hyperliquid,lighter,100,2026-09-29T20:24:40+00:00,stale_decision,False,False,,,,,,,,,,,,,,,,,,,,,,,,,,,,,,,,,,,,,,,,,,,,,,,
NVDA,hyperliquid,lighter,100,2026-09-29T20:24:45+00:00,stale_decision,False,False,,,,,,,,,,,,,,,,,,,,,,,,,,,,,,,,,,,,,,,,,,,,,,,
NVDA,hyperliquid,lighter,100,2026-09-29T20:24:50+00:00,stale_decision,False,True,,,,,,,,,,,,,,,,,,,,,,,,,,,,,,,,,,,,,,,,,,,,,,,
NVDA,hyperliquid,lighter,100,2026-09-29T20:24:55+00:00,stale_decision,True,False,,,,,,,,,,,,,,,,,,,,,,,,,,,,,,,,,,,,,,,,,,,,,,,
NVDA,hyperliquid,lighter,100,2026-09-29T20:25:00+00:00,stale_decision,False,True,,,,,,,,,,,,,,,,,,,,,,,,,,,,,,,,,,,,,,,,,,,,,,,
NVDA,hyperliquid,lighter,100,2026-09-29T20:25:05+00:00,stale_decision,False,True,,,,,,,,,,,,,,,,,,,,,,,,,,,,,,,,,,,,,,,,,,,,,,,
NVDA,hyperliquid,lighter,100,2026-09-29T20:25:10+00:00,stale_decision,False,False,,,,,,,,,,,,,,,,,,,,,,,,,,,,,,,,,,,,,,,,,,,,,,,
NVDA,hyperliquid,lighter,100,2026-09-29T20:25:15+00:00,decision_skew,,,,,,,,,,,,,,,,,,,,,,,,,,,,,,,,,,,,,,,,,,,,,,,,,
NVDA,hyperliquid,lighter,100,2026-09-29T20:25:20+00:00,stale_decision,False,False,,,,,,,,,,,,,,,,,,,,,,,,,,,,,,,,,,,,,,,,,,,,,,,
NVDA,hyperliquid,lighter,100,2026-09-29T20:25:25+00:00,stale_decision,False,True,,,,,,,,,,,,,,,,,,,,,,,,,,,,,,,,,,,,,,,,,,,,,,,
NVDA,hyperliquid,lighter,100,2026-09-29T20:25:30+00:00,stale_decision,False,True,,,,,,,,,,,,,,,,,,,,,,,,,,,,,,,,,,,,,,,,,,,,,,,
NVDA,hyperliquid,lighter,100,2026-09-29T20:25:35+00:00,decision_skew,,,,,,,,,,,,,,,,,,,,,,,,,,,,,,,,,,,,,,,,,,,,,,,,,
NVDA,hyperliquid,lighter,100,2026-09-29T20:25:40+00:00,stale_decision,False,False,,,,,,,,,,,,,,,,,,,,,,,,,,,,,,,,,,,,,,,,,,,,,,,
NVDA,hyperliquid,lighter,100,2026-09-29T20:25:45+00:00,stale_decision,False,False,,,,,,,,,,,,,,,,,,,,,,,,,,,,,,,,,,,,,,,,,,,,,,,
NVDA,hyperliquid,lighter,100,2026-09-29T20:25:50+00:00,stale_decision,False,True,,,,,,,,,,,,,,,,,,,,,,,,,,,,,,,,,,,,,,,,,,,,,,,
NVDA,hyperliquid,lighter,100,2026-09-29T20:25:55+00:00,stale_decision,False,True,,,,,,,,,,,,,,,,,,,,,,,,,,,,,,,,,,,,,,,,,,,,,,,
NVDA,hyperliquid,lighter,100,2026-09-29T20:26:00+00:00,stale_decision,False,False,,,,,,,,,,,,,,,,,,,,,,,,,,,,,,,,,,,,,,,,,,,,,,,
NVDA,hyperliquid,lighter,100,2026-09-29T20:26:05+00:00,one_entry_leg_unresolved,,,0.439,227.76,227.772,99.98664,99.991908,missing_first_quote,eligible,2026-09-29T20:26:05.100000+00:00,2026-09-29T20:26:05.400000+00:00,,,,,2026-09-29T20:26:05.509890+00:00,2026-09-29T20:26:05.441252+00:00,227.771,26.347,,,,,,,,,,,,,,,,,,,,,,,,,,,,,,
NVDA,hyperliquid,lighter,100,2026-09-29T20:26:10+00:00,decision_skew,,,,,,,,,,,,,,,,,,,,,,,,,,,,,,,,,,,,,,,,,,,,,,,,,
NVDA,hyperliquid,lighter,100,2026-09-29T20:26:15+00:00,stale_decision,False,True,,,,,,,,,,,,,,,,,,,,,,,,,,,,,,,,,,,,,,,,,,,,,,,
NVDA,hyperliquid,lighter,100,2026-09-29T20:26:20+00:00,stale_decision,False,True,,,,,,,,,,,,,,,,,,,,,,,,,,,,,,,,,,,,,,,,,,,,,,,
NVDA,hyperliquid,lighter,100,2026-09-29T20:26:25+00:00,stale_decision,True,False,,,,,,,,,,,,,,,,,,,,,,,,,,,,,,,,,,,,,,,,,,,,,,,
NVDA,hyperliquid,lighter,100,2026-09-29T20:26:30+00:00,decision_skew,,,,,,,,,,,,,,,,,,,,,,,,,,,,,,,,,,,,,,,,,,,,,,,,,
NVDA,hyperliquid,lighter,100,2026-09-29T20:26:35+00:00,stale_decision,False,False,,,,,,,,,,,,,,,,,,,,,,,,,,,,,,,,,,,,,,,,,,,,,,,
NVDA,hyperliquid,lighter,100,2026-09-29T20:26:40+00:00,stale_decision,False,False,,,,,,,,,,,,,,,,,,,,,,,,,,,,,,,,,,,,,,,,,,,,,,,
NVDA,hyperliquid,lighter,100,2026-09-29T20:26:45+00:00,one_entry_leg_unresolved,,,0.439,227.76,227.795,99.98664,100.002005,missing_first_quote,eligible,2026-09-29T20:26:45.100000+00:00,2026-09-29T20:26:45.400000+00:00,,,,,2026-09-29T20:26:45.922617+00:00,2026-09-29T20:26:45.854257+00:00,227.796,2.775,,,,,,,,,,,,,,,,,,,,,,,,,,,,,,
NVDA,hyperliquid,lighter,100,2026-09-29T20:26:50+00:00,stale_decision,False,False,,,,,,,,,,,,,,,,,,,,,,,,,,,,,,,,,,,,,,,,,,,,,,,
NVDA,hyperliquid,lighter,100,2026-09-29T20:26:55+00:00,stale_decision,False,True,,,,,,,,,,,,,,,,,,,,,,,,,,,,,,,,,,,,,,,,,,,,,,,
NVDA,hyperliquid,lighter,100,2026-09-29T20:27:00+00:00,stale_decision,False,True,,,,,,,,,,,,,,,,,,,,,,,,,,,,,,,,,,,,,,,,,,,,,,,
NVDA,hyperliquid,lighter,100,2026-09-29T20:27:05+00:00,stale_decision,False,True,,,,,,,,,,,,,,,,,,,,,,,,,,,,,,,,,,,,,,,,,,,,,,,
NVDA,hyperliquid,lighter,100,2026-09-29T20:27:10+00:00,stale_decision,False,False,,,,,,,,,,,,,,,,,,,,,,,,,,,,,,,,,,,,,,,,,,,,,,,
NVDA,hyperliquid,lighter,100,2026-09-29T20:27:15+00:00,stale_decision,False,False,,,,,,,,,,,,,,,,,,,,,,,,,,,,,,,,,,,,,,,,,,,,,,,
NVDA,hyperliquid,lighter,100,2026-09-29T20:27:20+00:00,stale_decision,False,False,,,,,,,,,,,,,,,,,,,,,,,,,,,,,,,,,,,,,,,,,,,,,,,
NVDA,hyperliquid,lighter,100,2026-09-29T20:27:25+00:00,stale_decision,False,False,,,,,,,,,,,,,,,,,,,,,,,,,,,,,,,,,,,,,,,,,,,,,,,
NVDA,hyperliquid,lighter,100,2026-09-29T20:27:30+00:00,stale_decision,False,True,,,,,,,,,,,,,,,,,,,,,,,,,,,,,,,,,,,,,,,,,,,,,,,
NVDA,hyperliquid,lighter,100,2026-09-29T20:27:35+00:00,stale_decision,False,False,,,,,,,,,,,,,,,,,,,,,,,,,,,,,,,,,,,,,,,,,,,,,,,
NVDA,hyperliquid,lighter,100,2026-09-29T20:27:40+00:00,one_entry_leg_unresolved,,,0.439,227.74,227.788,99.97786,99.99893200000001,eligible,missing_first_quote,2026-09-29T20:27:40.100000+00:00,2026-09-29T20:27:40.400000+00:00,2026-09-29T20:27:40.399039+00:00,2026-09-29T20:27:40.120000+00:00,227.74,53.964,,,,,,,,,,,,,,,,,,,,,,,,,,,,,,,,,,
NVDA,hyperliquid,lighter,100,2026-09-29T20:27:45+00:00,both_entry_legs_unresolved,,,0.439,227.72,227.767,99.96908,99.989713,missing_first_quote,missing_first_quote,2026-09-29T20:27:45.100000+00:00,2026-09-29T20:27:45.400000+00:00,,,,,,,,,,,,,,,,,,,,,,,,,,,,,,,,,,,,,,
NVDA,hyperliquid,lighter,100,2026-09-29T20:27:50+00:00,decision_skew,,,,,,,,,,,,,,,,,,,,,,,,,,,,,,,,,,,,,,,,,,,,,,,,,
NVDA,hyperliquid,lighter,100,2026-09-29T20:27:55+00:00,stale_decision,False,False,,,,,,,,,,,,,,,,,,,,,,,,,,,,,,,,,,,,,,,,,,,,,,,
NVDA,hyperliquid,lighter,100,2026-09-29T20:28:00+00:00,stale_decision,False,False,,,,,,,,,,,,,,,,,,,,,,,,,,,,,,,,,,,,,,,,,,,,,,,
NVDA,hyperliquid,lighter,100,2026-09-29T20:28:05+00:00,stale_decision,True,False,,,,,,,,,,,,,,,,,,,,,,,,,,,,,,,,,,,,,,,,,,,,,,,
NVDA,hyperliquid,lighter,100,2026-09-29T20:28:10+00:00,stale_decision,False,False,,,,,,,,,,,,,,,,,,,,,,,,,,,,,,,,,,,,,,,,,,,,,,,
NVDA,hyperliquid,lighter,100,2026-09-29T20:28:15+00:00,stale_decision,False,False,,,,,,,,,,,,,,,,,,,,,,,,,,,,,,,,,,,,,,,,,,,,,,,
NVDA,hyperliquid,lighter,100,2026-09-29T20:28:20+00:00,stale_decision,False,False,,,,,,,,,,,,,,,,,,,,,,,,,,,,,,,,,,,,,,,,,,,,,,,
NVDA,hyperliquid,lighter,100,2026-09-29T20:28:25+00:00,stale_decision,False,False,,,,,,,,,,,,,,,,,,,,,,,,,,,,,,,,,,,,,,,,,,,,,,,
NVDA,hyperliquid,lighter,100,2026-09-29T20:28:30+00:00,stale_decision,False,False,,,,,,,,,,,,,,,,,,,,,,,,,,,,,,,,,,,,,,,,,,,,,,,
NVDA,hyperliquid,lighter,100,2026-09-29T20:28:35+00:00,stale_decision,False,False,,,,,,,,,,,,,,,,,,,,,,,,,,,,,,,,,,,,,,,,,,,,,,,
NVDA,hyperliquid,lighter,100,2026-09-29T20:28:40+00:00,stale_decision,False,True,,,,,,,,,,,,,,,,,,,,,,,,,,,,,,,,,,,,,,,,,,,,,,,
NVDA,hyperliquid,lighter,100,2026-09-29T20:28:45+00:00,stale_decision,False,False,,,,,,,,,,,,,,,,,,,,,,,,,,,,,,,,,,,,,,,,,,,,,,,
NVDA,hyperliquid,lighter,100,2026-09-29T20:28:50+00:00,stale_decision,False,True,,,,,,,,,,,,,,,,,,,,,,,,,,,,,,,,,,,,,,,,,,,,,,,
NVDA,hyperliquid,lighter,100,2026-09-29T20:28:55+00:00,one_entry_leg_unresolved,,,0.439,227.73,227.739,99.97346999999999,99.977421,missing_first_quote,eligible,2026-09-29T20:28:55.100000+00:00,2026-09-29T20:28:55.400000+00:00,,,,,2026-09-29T20:28:55.912585+00:00,2026-09-29T20:28:55.841136+00:00,227.739,24.567,,,,,,,,,,,,,,,,,,,,,,,,,,,,,,
NVDA,hyperliquid,lighter,100,2026-09-29T20:29:00+00:00,stale_decision,False,False,,,,,,,,,,,,,,,,,,,,,,,,,,,,,,,,,,,,,,,,,,,,,,,
NVDA,hyperliquid,lighter,100,2026-09-29T20:29:05+00:00,stale_decision,False,False,,,,,,,,,,,,,,,,,,,,,,,,,,,,,,,,,,,,,,,,,,,,,,,
NVDA,hyperliquid,lighter,100,2026-09-29T20:29:10+00:00,one_entry_leg_unresolved,,,0.439,227.74,227.765,99.97786,99.988835,eligible,missing_first_quote,2026-09-29T20:29:10.100000+00:00,2026-09-29T20:29:10.400000+00:00,2026-09-29T20:29:10.530013+00:00,2026-09-29T20:29:10.257000+00:00,227.74,33.852,,,,,,,,,,,,,,,,,,,,,,,,,,,,,,,,,,
NVDA,hyperliquid,lighter,100,2026-09-29T20:29:15+00:00,stale_decision,True,False,,,,,,,,,,,,,,,,,,,,,,,,,,,,,,,,,,,,,,,,,,,,,,,
NVDA,hyperliquid,lighter,100,2026-09-29T20:29:20+00:00,stale_decision,False,False,,,,,,,,,,,,,,,,,,,,,,,,,,,,,,,,,,,,,,,,,,,,,,,
NVDA,hyperliquid,lighter,100,2026-09-29T20:29:25+00:00,stale_decision,False,True,,,,,,,,,,,,,,,,,,,,,,,,,,,,,,,,,,,,,,,,,,,,,,,
NVDA,hyperliquid,lighter,100,2026-09-29T20:29:30+00:00,stale_decision,False,True,,,,,,,,,,,,,,,,,,,,,,,,,,,,,,,,,,,,,,,,,,,,,,,
NVDA,hyperliquid,lighter,100,2026-09-29T20:29:35+00:00,stale_decision,False,False,,,,,,,,,,,,,,,,,,,,,,,,,,,,,,,,,,,,,,,,,,,,,,,
NVDA,hyperliquid,lighter,100,2026-09-29T20:29:40+00:00,stale_decision,False,True,,,,,,,,,,,,,,,,,,,,,,,,,,,,,,,,,,,,,,,,,,,,,,,
NVDA,hyperliquid,lighter,100,2026-09-29T20:29:45+00:00,stale_decision,False,True,,,,,,,,,,,,,,,,,,,,,,,,,,,,,,,,,,,,,,,,,,,,,,,
NVDA,hyperliquid,lighter,100,2026-09-29T20:29:50+00:00,stale_decision,False,True,,,,,,,,,,,,,,,,,,,,,,,,,,,,,,,,,,,,,,,,,,,,,,,
NVDA,hyperliquid,lighter,250,2026-09-29T20:23:00+00:00,stale_decision,True,False,,,,,,,,,,,,,,,,,,,,,,,,,,,,,,,,,,,,,,,,,,,,,,,
NVDA,hyperliquid,lighter,250,2026-09-29T20:23:05+00:00,stale_decision,False,False,,,,,,,,,,,,,,,,,,,,,,,,,,,,,,,,,,,,,,,,,,,,,,,
NVDA,hyperliquid,lighter,250,2026-09-29T20:23:10+00:00,stale_decision,False,True,,,,,,,,,,,,,,,,,,,,,,,,,,,,,,,,,,,,,,,,,,,,,,,
NVDA,hyperliquid,lighter,250,2026-09-29T20:23:15+00:00,stale_decision,False,True,,,,,,,,,,,,,,,,,,,,,,,,,,,,,,,,,,,,,,,,,,,,,,,
NVDA,hyperliquid,lighter,250,2026-09-29T20:23:20+00:00,stale_decision,False,False,,,,,,,,,,,,,,,,,,,,,,,,,,,,,,,,,,,,,,,,,,,,,,,
NVDA,hyperliquid,lighter,250,2026-09-29T20:23:25+00:00,stale_decision,False,True,,,,,,,,,,,,,,,,,,,,,,,,,,,,,,,,,,,,,,,,,,,,,,,
NVDA,hyperliquid,lighter,250,2026-09-29T20:23:30+00:00,decision_skew,,,,,,,,,,,,,,,,,,,,,,,,,,,,,,,,,,,,,,,,,,,,,,,,,
NVDA,hyperliquid,lighter,250,2026-09-29T20:23:35+00:00,stale_decision,False,True,,,,,,,,,,,,,,,,,,,,,,,,,,,,,,,,,,,,,,,,,,,,,,,
NVDA,hyperliquid,lighter,250,2026-09-29T20:23:40+00:00,complete_conditional_quote_path,,,1.098,227.67,227.688,249.98166,250.00142400000001,eligible,eligible,2026-09-29T20:23:40.100000+00:00,2026-09-29T20:23:40.400000+00:00,2026-09-29T20:23:40.489309+00:00,2026-09-29T20:23:40.168000+00:00,227.67,43.186,2026-09-29T20:23:40.952576+00:00,2026-09-29T20:23:40.887875+00:00,227.698,2.795,eligible,eligible,2026-09-29T20:23:46.052576+00:00,2026-09-29T20:23:46.352576+00:00,2026-09-29T20:23:50+00:00,2026-09-29T20:23:46.713820+00:00,2026-09-29T20:23:46.433000+00:00,227.66,51.327,2026-09-29T20:23:46.502638+00:00,2026-09-29T20:23:46.438415+00:00,227.71,25.9,227.67,227.698,227.66,227.71,249.98166,250.01240400000003,-0.024155999999990515,0.0449957106,"[0.0224983494, 0.0, 0.022497361200000003, 0.0]",0.125006202,4.667043875960553e-06,-2.766271357666419,-7.767072978228344,0.463266705,0.719875,0.211181757,0.005415
NVDA,hyperliquid,lighter,250,2026-09-29T20:23:45+00:00,stale_decision,False,True,,,,,,,,,,,,,,,,,,,,,,,,,,,,,,,,,,,,,,,,,,,,,,,
NVDA,hyperliquid,lighter,250,2026-09-29T20:23:50+00:00,stale_decision,False,True,,,,,,,,,,,,,,,,,,,,,,,,,,,,,,,,,,,,,,,,,,,,,,,
NVDA,hyperliquid,lighter,250,2026-09-29T20:23:55+00:00,stale_decision,False,False,,,,,,,,,,,,,,,,,,,,,,,,,,,,,,,,,,,,,,,,,,,,,,,
NVDA,hyperliquid,lighter,250,2026-09-29T20:24:00+00:00,stale_decision,False,True,,,,,,,,,,,,,,,,,,,,,,,,,,,,,,,,,,,,,,,,,,,,,,,
NVDA,hyperliquid,lighter,250,2026-09-29T20:24:05+00:00,stale_decision,True,False,,,,,,,,,,,,,,,,,,,,,,,,,,,,,,,,,,,,,,,,,,,,,,,
NVDA,hyperliquid,lighter,250,2026-09-29T20:24:10+00:00,stale_decision,False,False,,,,,,,,,,,,,,,,,,,,,,,,,,,,,,,,,,,,,,,,,,,,,,,
NVDA,hyperliquid,lighter,250,2026-09-29T20:24:15+00:00,stale_decision,False,False,,,,,,,,,,,,,,,,,,,,,,,,,,,,,,,,,,,,,,,,,,,,,,,
NVDA,hyperliquid,lighter,250,2026-09-29T20:24:20+00:00,stale_decision,False,False,,,,,,,,,,,,,,,,,,,,,,,,,,,,,,,,,,,,,,,,,,,,,,,
NVDA,hyperliquid,lighter,250,2026-09-29T20:24:25+00:00,stale_decision,False,False,,,,,,,,,,,,,,,,,,,,,,,,,,,,,,,,,,,,,,,,,,,,,,,
NVDA,hyperliquid,lighter,250,2026-09-29T20:24:30+00:00,stale_decision,False,True,,,,,,,,,,,,,,,,,,,,,,,,,,,,,,,,,,,,,,,,,,,,,,,
NVDA,hyperliquid,lighter,250,2026-09-29T20:24:35+00:00,stale_decision,False,True,,,,,,,,,,,,,,,,,,,,,,,,,,,,,,,,,,,,,,,,,,,,,,,
NVDA,hyperliquid,lighter,250,2026-09-29T20:24:40+00:00,stale_decision,False,False,,,,,,,,,,,,,,,,,,,,,,,,,,,,,,,,,,,,,,,,,,,,,,,
NVDA,hyperliquid,lighter,250,2026-09-29T20:24:45+00:00,stale_decision,False,False,,,,,,,,,,,,,,,,,,,,,,,,,,,,,,,,,,,,,,,,,,,,,,,
NVDA,hyperliquid,lighter,250,2026-09-29T20:24:50+00:00,stale_decision,False,True,,,,,,,,,,,,,,,,,,,,,,,,,,,,,,,,,,,,,,,,,,,,,,,
NVDA,hyperliquid,lighter,250,2026-09-29T20:24:55+00:00,stale_decision,True,False,,,,,,,,,,,,,,,,,,,,,,,,,,,,,,,,,,,,,,,,,,,,,,,
NVDA,hyperliquid,lighter,250,2026-09-29T20:25:00+00:00,stale_decision,False,True,,,,,,,,,,,,,,,,,,,,,,,,,,,,,,,,,,,,,,,,,,,,,,,
NVDA,hyperliquid,lighter,250,2026-09-29T20:25:05+00:00,stale_decision,False,True,,,,,,,,,,,,,,,,,,,,,,,,,,,,,,,,,,,,,,,,,,,,,,,
NVDA,hyperliquid,lighter,250,2026-09-29T20:25:10+00:00,stale_decision,False,False,,,,,,,,,,,,,,,,,,,,,,,,,,,,,,,,,,,,,,,,,,,,,,,
NVDA,hyperliquid,lighter,250,2026-09-29T20:25:15+00:00,decision_skew,,,,,,,,,,,,,,,,,,,,,,,,,,,,,,,,,,,,,,,,,,,,,,,,,
NVDA,hyperliquid,lighter,250,2026-09-29T20:25:20+00:00,stale_decision,False,False,,,,,,,,,,,,,,,,,,,,,,,,,,,,,,,,,,,,,,,,,,,,,,,
NVDA,hyperliquid,lighter,250,2026-09-29T20:25:25+00:00,stale_decision,False,True,,,,,,,,,,,,,,,,,,,,,,,,,,,,,,,,,,,,,,,,,,,,,,,
NVDA,hyperliquid,lighter,250,2026-09-29T20:25:30+00:00,stale_decision,False,True,,,,,,,,,,,,,,,,,,,,,,,,,,,,,,,,,,,,,,,,,,,,,,,
NVDA,hyperliquid,lighter,250,2026-09-29T20:25:35+00:00,decision_skew,,,,,,,,,,,,,,,,,,,,,,,,,,,,,,,,,,,,,,,,,,,,,,,,,
NVDA,hyperliquid,lighter,250,2026-09-29T20:25:40+00:00,stale_decision,False,False,,,,,,,,,,,,,,,,,,,,,,,,,,,,,,,,,,,,,,,,,,,,,,,
NVDA,hyperliquid,lighter,250,2026-09-29T20:25:45+00:00,stale_decision,False,False,,,,,,,,,,,,,,,,,,,,,,,,,,,,,,,,,,,,,,,,,,,,,,,
NVDA,hyperliquid,lighter,250,2026-09-29T20:25:50+00:00,stale_decision,False,True,,,,,,,,,,,,,,,,,,,,,,,,,,,,,,,,,,,,,,,,,,,,,,,
NVDA,hyperliquid,lighter,250,2026-09-29T20:25:55+00:00,stale_decision,False,True,,,,,,,,,,,,,,,,,,,,,,,,,,,,,,,,,,,,,,,,,,,,,,,
NVDA,hyperliquid,lighter,250,2026-09-29T20:26:00+00:00,stale_decision,False,False,,,,,,,,,,,,,,,,,,,,,,,,,,,,,,,,,,,,,,,,,,,,,,,
NVDA,hyperliquid,lighter,250,2026-09-29T20:26:05+00:00,one_entry_leg_unresolved,,,1.097,227.76,227.772,249.85271999999998,249.865884,missing_first_quote,eligible,2026-09-29T20:26:05.100000+00:00,2026-09-29T20:26:05.400000+00:00,,,,,2026-09-29T20:26:05.509890+00:00,2026-09-29T20:26:05.441252+00:00,227.771,26.347,,,,,,,,,,,,,,,,,,,,,,,,,,,,,,
NVDA,hyperliquid,lighter,250,2026-09-29T20:26:10+00:00,decision_skew,,,,,,,,,,,,,,,,,,,,,,,,,,,,,,,,,,,,,,,,,,,,,,,,,
NVDA,hyperliquid,lighter,250,2026-09-29T20:26:15+00:00,stale_decision,False,True,,,,,,,,,,,,,,,,,,,,,,,,,,,,,,,,,,,,,,,,,,,,,,,
NVDA,hyperliquid,lighter,250,2026-09-29T20:26:20+00:00,stale_decision,False,True,,,,,,,,,,,,,,,,,,,,,,,,,,,,,,,,,,,,,,,,,,,,,,,
NVDA,hyperliquid,lighter,250,2026-09-29T20:26:25+00:00,stale_decision,True,False,,,,,,,,,,,,,,,,,,,,,,,,,,,,,,,,,,,,,,,,,,,,,,,
NVDA,hyperliquid,lighter,250,2026-09-29T20:26:30+00:00,decision_skew,,,,,,,,,,,,,,,,,,,,,,,,,,,,,,,,,,,,,,,,,,,,,,,,,
NVDA,hyperliquid,lighter,250,2026-09-29T20:26:35+00:00,stale_decision,False,False,,,,,,,,,,,,,,,,,,,,,,,,,,,,,,,,,,,,,,,,,,,,,,,
NVDA,hyperliquid,lighter,250,2026-09-29T20:26:40+00:00,stale_decision,False,False,,,,,,,,,,,,,,,,,,,,,,,,,,,,,,,,,,,,,,,,,,,,,,,
NVDA,hyperliquid,lighter,250,2026-09-29T20:26:45+00:00,one_entry_leg_unresolved,,,1.097,227.76,227.795,249.85271999999998,249.89111499999999,missing_first_quote,eligible,2026-09-29T20:26:45.100000+00:00,2026-09-29T20:26:45.400000+00:00,,,,,2026-09-29T20:26:45.922617+00:00,2026-09-29T20:26:45.854257+00:00,227.796,2.775,,,,,,,,,,,,,,,,,,,,,,,,,,,,,,
NVDA,hyperliquid,lighter,250,2026-09-29T20:26:50+00:00,stale_decision,False,False,,,,,,,,,,,,,,,,,,,,,,,,,,,,,,,,,,,,,,,,,,,,,,,
NVDA,hyperliquid,lighter,250,2026-09-29T20:26:55+00:00,stale_decision,False,True,,,,,,,,,,,,,,,,,,,,,,,,,,,,,,,,,,,,,,,,,,,,,,,
NVDA,hyperliquid,lighter,250,2026-09-29T20:27:00+00:00,stale_decision,False,True,,,,,,,,,,,,,,,,,,,,,,,,,,,,,,,,,,,,,,,,,,,,,,,
NVDA,hyperliquid,lighter,250,2026-09-29T20:27:05+00:00,stale_decision,False,True,,,,,,,,,,,,,,,,,,,,,,,,,,,,,,,,,,,,,,,,,,,,,,,
NVDA,hyperliquid,lighter,250,2026-09-29T20:27:10+00:00,stale_decision,False,False,,,,,,,,,,,,,,,,,,,,,,,,,,,,,,,,,,,,,,,,,,,,,,,
NVDA,hyperliquid,lighter,250,2026-09-29T20:27:15+00:00,stale_decision,False,False,,,,,,,,,,,,,,,,,,,,,,,,,,,,,,,,,,,,,,,,,,,,,,,
NVDA,hyperliquid,lighter,250,2026-09-29T20:27:20+00:00,stale_decision,False,False,,,,,,,,,,,,,,,,,,,,,,,,,,,,,,,,,,,,,,,,,,,,,,,
NVDA,hyperliquid,lighter,250,2026-09-29T20:27:25+00:00,stale_decision,False,False,,,,,,,,,,,,,,,,,,,,,,,,,,,,,,,,,,,,,,,,,,,,,,,
NVDA,hyperliquid,lighter,250,2026-09-29T20:27:30+00:00,stale_decision,False,True,,,,,,,,,,,,,,,,,,,,,,,,,,,,,,,,,,,,,,,,,,,,,,,
NVDA,hyperliquid,lighter,250,2026-09-29T20:27:35+00:00,stale_decision,False,False,,,,,,,,,,,,,,,,,,,,,,,,,,,,,,,,,,,,,,,,,,,,,,,
NVDA,hyperliquid,lighter,250,2026-09-29T20:27:40+00:00,one_entry_leg_unresolved,,,1.097,227.74,227.788,249.83078,249.88343600000002,eligible,missing_first_quote,2026-09-29T20:27:40.100000+00:00,2026-09-29T20:27:40.400000+00:00,2026-09-29T20:27:40.399039+00:00,2026-09-29T20:27:40.120000+00:00,227.74,53.964,,,,,,,,,,,,,,,,,,,,,,,,,,,,,,,,,,
NVDA,hyperliquid,lighter,250,2026-09-29T20:27:45+00:00,both_entry_legs_unresolved,,,1.097,227.72,227.767,249.80884,249.860399,missing_first_quote,missing_first_quote,2026-09-29T20:27:45.100000+00:00,2026-09-29T20:27:45.400000+00:00,,,,,,,,,,,,,,,,,,,,,,,,,,,,,,,,,,,,,,
NVDA,hyperliquid,lighter,250,2026-09-29T20:27:50+00:00,decision_skew,,,,,,,,,,,,,,,,,,,,,,,,,,,,,,,,,,,,,,,,,,,,,,,,,
NVDA,hyperliquid,lighter,250,2026-09-29T20:27:55+00:00,stale_decision,False,False,,,,,,,,,,,,,,,,,,,,,,,,,,,,,,,,,,,,,,,,,,,,,,,
NVDA,hyperliquid,lighter,250,2026-09-29T20:28:00+00:00,stale_decision,False,False,,,,,,,,,,,,,,,,,,,,,,,,,,,,,,,,,,,,,,,,,,,,,,,
NVDA,hyperliquid,lighter,250,2026-09-29T20:28:05+00:00,stale_decision,True,False,,,,,,,,,,,,,,,,,,,,,,,,,,,,,,,,,,,,,,,,,,,,,,,
NVDA,hyperliquid,lighter,250,2026-09-29T20:28:10+00:00,stale_decision,False,False,,,,,,,,,,,,,,,,,,,,,,,,,,,,,,,,,,,,,,,,,,,,,,,
NVDA,hyperliquid,lighter,250,2026-09-29T20:28:15+00:00,stale_decision,False,False,,,,,,,,,,,,,,,,,,,,,,,,,,,,,,,,,,,,,,,,,,,,,,,
NVDA,hyperliquid,lighter,250,2026-09-29T20:28:20+00:00,stale_decision,False,False,,,,,,,,,,,,,,,,,,,,,,,,,,,,,,,,,,,,,,,,,,,,,,,
NVDA,hyperliquid,lighter,250,2026-09-29T20:28:25+00:00,stale_decision,False,False,,,,,,,,,,,,,,,,,,,,,,,,,,,,,,,,,,,,,,,,,,,,,,,
NVDA,hyperliquid,lighter,250,2026-09-29T20:28:30+00:00,stale_decision,False,False,,,,,,,,,,,,,,,,,,,,,,,,,,,,,,,,,,,,,,,,,,,,,,,
NVDA,hyperliquid,lighter,250,2026-09-29T20:28:35+00:00,stale_decision,False,False,,,,,,,,,,,,,,,,,,,,,,,,,,,,,,,,,,,,,,,,,,,,,,,
NVDA,hyperliquid,lighter,250,2026-09-29T20:28:40+00:00,stale_decision,False,True,,,,,,,,,,,,,,,,,,,,,,,,,,,,,,,,,,,,,,,,,,,,,,,
NVDA,hyperliquid,lighter,250,2026-09-29T20:28:45+00:00,stale_decision,False,False,,,,,,,,,,,,,,,,,,,,,,,,,,,,,,,,,,,,,,,,,,,,,,,
NVDA,hyperliquid,lighter,250,2026-09-29T20:28:50+00:00,stale_decision,False,True,,,,,,,,,,,,,,,,,,,,,,,,,,,,,,,,,,,,,,,,,,,,,,,
NVDA,hyperliquid,lighter,250,2026-09-29T20:28:55+00:00,one_entry_leg_unresolved,,,1.097,227.73,227.739,249.81981,249.829683,missing_first_quote,eligible,2026-09-29T20:28:55.100000+00:00,2026-09-29T20:28:55.400000+00:00,,,,,2026-09-29T20:28:55.912585+00:00,2026-09-29T20:28:55.841136+00:00,227.739,24.567,,,,,,,,,,,,,,,,,,,,,,,,,,,,,,
NVDA,hyperliquid,lighter,250,2026-09-29T20:29:00+00:00,stale_decision,False,False,,,,,,,,,,,,,,,,,,,,,,,,,,,,,,,,,,,,,,,,,,,,,,,
NVDA,hyperliquid,lighter,250,2026-09-29T20:29:05+00:00,stale_decision,False,False,,,,,,,,,,,,,,,,,,,,,,,,,,,,,,,,,,,,,,,,,,,,,,,
NVDA,hyperliquid,lighter,250,2026-09-29T20:29:10+00:00,one_entry_leg_unresolved,,,1.097,227.74,227.765,249.83078,249.85820499999997,eligible,missing_first_quote,2026-09-29T20:29:10.100000+00:00,2026-09-29T20:29:10.400000+00:00,2026-09-29T20:29:10.530013+00:00,2026-09-29T20:29:10.257000+00:00,227.74,33.852,,,,,,,,,,,,,,,,,,,,,,,,,,,,,,,,,,
NVDA,hyperliquid,lighter,250,2026-09-29T20:29:15+00:00,stale_decision,True,False,,,,,,,,,,,,,,,,,,,,,,,,,,,,,,,,,,,,,,,,,,,,,,,
NVDA,hyperliquid,lighter,250,2026-09-29T20:29:20+00:00,stale_decision,False,False,,,,,,,,,,,,,,,,,,,,,,,,,,,,,,,,,,,,,,,,,,,,,,,
NVDA,hyperliquid,lighter,250,2026-09-29T20:29:25+00:00,stale_decision,False,True,,,,,,,,,,,,,,,,,,,,,,,,,,,,,,,,,,,,,,,,,,,,,,,
NVDA,hyperliquid,lighter,250,2026-09-29T20:29:30+00:00,stale_decision,False,True,,,,,,,,,,,,,,,,,,,,,,,,,,,,,,,,,,,,,,,,,,,,,,,
NVDA,hyperliquid,lighter,250,2026-09-29T20:29:35+00:00,stale_decision,False,False,,,,,,,,,,,,,,,,,,,,,,,,,,,,,,,,,,,,,,,,,,,,,,,
NVDA,hyperliquid,lighter,250,2026-09-29T20:29:40+00:00,stale_decision,False,True,,,,,,,,,,,,,,,,,,,,,,,,,,,,,,,,,,,,,,,,,,,,,,,
NVDA,hyperliquid,lighter,250,2026-09-29T20:29:45+00:00,stale_decision,False,True,,,,,,,,,,,,,,,,,,,,,,,,,,,,,,,,,,,,,,,,,,,,,,,
NVDA,hyperliquid,lighter,250,2026-09-29T20:29:50+00:00,stale_decision,False,True,,,,,,,,,,,,,,,,,,,,,,,,,,,,,,,,,,,,,,,,,,,,,,,
NVDA,hyperliquid,lighter,1000,2026-09-29T20:23:00+00:00,stale_decision,True,False,,,,,,,,,,,,,,,,,,,,,,,,,,,,,,,,,,,,,,,,,,,,,,,
NVDA,hyperliquid,lighter,1000,2026-09-29T20:23:05+00:00,stale_decision,False,False,,,,,,,,,,,,,,,,,,,,,,,,,,,,,,,,,,,,,,,,,,,,,,,
NVDA,hyperliquid,lighter,1000,2026-09-29T20:23:10+00:00,stale_decision,False,True,,,,,,,,,,,,,,,,,,,,,,,,,,,,,,,,,,,,,,,,,,,,,,,
NVDA,hyperliquid,lighter,1000,2026-09-29T20:23:15+00:00,stale_decision,False,True,,,,,,,,,,,,,,,,,,,,,,,,,,,,,,,,,,,,,,,,,,,,,,,
NVDA,hyperliquid,lighter,1000,2026-09-29T20:23:20+00:00,stale_decision,False,False,,,,,,,,,,,,,,,,,,,,,,,,,,,,,,,,,,,,,,,,,,,,,,,
NVDA,hyperliquid,lighter,1000,2026-09-29T20:23:25+00:00,stale_decision,False,True,,,,,,,,,,,,,,,,,,,,,,,,,,,,,,,,,,,,,,,,,,,,,,,
NVDA,hyperliquid,lighter,1000,2026-09-29T20:23:30+00:00,decision_skew,,,,,,,,,,,,,,,,,,,,,,,,,,,,,,,,,,,,,,,,,,,,,,,,,
NVDA,hyperliquid,lighter,1000,2026-09-29T20:23:35+00:00,stale_decision,False,True,,,,,,,,,,,,,,,,,,,,,,,,,,,,,,,,,,,,,,,,,,,,,,,
NVDA,hyperliquid,lighter,1000,2026-09-29T20:23:40+00:00,one_entry_leg_unresolved,,,4.392,227.67,227.688,999.92664,1000.0056960000001,eligible,shallow_first_quote,2026-09-29T20:23:40.100000+00:00,2026-09-29T20:23:40.400000+00:00,2026-09-29T20:23:40.489309+00:00,2026-09-29T20:23:40.168000+00:00,227.67,43.186,2026-09-29T20:23:40.952576+00:00,2026-09-29T20:23:40.887875+00:00,227.698,2.795,,,,,,,,,,,,,,,,,,,,,,,,,,,,,,
NVDA,hyperliquid,lighter,1000,2026-09-29T20:23:45+00:00,stale_decision,False,True,,,,,,,,,,,,,,,,,,,,,,,,,,,,,,,,,,,,,,,,,,,,,,,
NVDA,hyperliquid,lighter,1000,2026-09-29T20:23:50+00:00,stale_decision,False,True,,,,,,,,,,,,,,,,,,,,,,,,,,,,,,,,,,,,,,,,,,,,,,,
NVDA,hyperliquid,lighter,1000,2026-09-29T20:23:55+00:00,stale_decision,False,False,,,,,,,,,,,,,,,,,,,,,,,,,,,,,,,,,,,,,,,,,,,,,,,
NVDA,hyperliquid,lighter,1000,2026-09-29T20:24:00+00:00,stale_decision,False,True,,,,,,,,,,,,,,,,,,,,,,,,,,,,,,,,,,,,,,,,,,,,,,,
NVDA,hyperliquid,lighter,1000,2026-09-29T20:24:05+00:00,stale_decision,True,False,,,,,,,,,,,,,,,,,,,,,,,,,,,,,,,,,,,,,,,,,,,,,,,
NVDA,hyperliquid,lighter,1000,2026-09-29T20:24:10+00:00,stale_decision,False,False,,,,,,,,,,,,,,,,,,,,,,,,,,,,,,,,,,,,,,,,,,,,,,,
NVDA,hyperliquid,lighter,1000,2026-09-29T20:24:15+00:00,stale_decision,False,False,,,,,,,,,,,,,,,,,,,,,,,,,,,,,,,,,,,,,,,,,,,,,,,
NVDA,hyperliquid,lighter,1000,2026-09-29T20:24:20+00:00,stale_decision,False,False,,,,,,,,,,,,,,,,,,,,,,,,,,,,,,,,,,,,,,,,,,,,,,,
NVDA,hyperliquid,lighter,1000,2026-09-29T20:24:25+00:00,stale_decision,False,False,,,,,,,,,,,,,,,,,,,,,,,,,,,,,,,,,,,,,,,,,,,,,,,
NVDA,hyperliquid,lighter,1000,2026-09-29T20:24:30+00:00,stale_decision,False,True,,,,,,,,,,,,,,,,,,,,,,,,,,,,,,,,,,,,,,,,,,,,,,,
NVDA,hyperliquid,lighter,1000,2026-09-29T20:24:35+00:00,stale_decision,False,True,,,,,,,,,,,,,,,,,,,,,,,,,,,,,,,,,,,,,,,,,,,,,,,
NVDA,hyperliquid,lighter,1000,2026-09-29T20:24:40+00:00,stale_decision,False,False,,,,,,,,,,,,,,,,,,,,,,,,,,,,,,,,,,,,,,,,,,,,,,,
NVDA,hyperliquid,lighter,1000,2026-09-29T20:24:45+00:00,stale_decision,False,False,,,,,,,,,,,,,,,,,,,,,,,,,,,,,,,,,,,,,,,,,,,,,,,
NVDA,hyperliquid,lighter,1000,2026-09-29T20:24:50+00:00,stale_decision,False,True,,,,,,,,,,,,,,,,,,,,,,,,,,,,,,,,,,,,,,,,,,,,,,,
NVDA,hyperliquid,lighter,1000,2026-09-29T20:24:55+00:00,stale_decision,True,False,,,,,,,,,,,,,,,,,,,,,,,,,,,,,,,,,,,,,,,,,,,,,,,
NVDA,hyperliquid,lighter,1000,2026-09-29T20:25:00+00:00,stale_decision,False,True,,,,,,,,,,,,,,,,,,,,,,,,,,,,,,,,,,,,,,,,,,,,,,,
NVDA,hyperliquid,lighter,1000,2026-09-29T20:25:05+00:00,stale_decision,False,True,,,,,,,,,,,,,,,,,,,,,,,,,,,,,,,,,,,,,,,,,,,,,,,
NVDA,hyperliquid,lighter,1000,2026-09-29T20:25:10+00:00,stale_decision,False,False,,,,,,,,,,,,,,,,,,,,,,,,,,,,,,,,,,,,,,,,,,,,,,,
NVDA,hyperliquid,lighter,1000,2026-09-29T20:25:15+00:00,decision_skew,,,,,,,,,,,,,,,,,,,,,,,,,,,,,,,,,,,,,,,,,,,,,,,,,
NVDA,hyperliquid,lighter,1000,2026-09-29T20:25:20+00:00,stale_decision,False,False,,,,,,,,,,,,,,,,,,,,,,,,,,,,,,,,,,,,,,,,,,,,,,,
NVDA,hyperliquid,lighter,1000,2026-09-29T20:25:25+00:00,stale_decision,False,True,,,,,,,,,,,,,,,,,,,,,,,,,,,,,,,,,,,,,,,,,,,,,,,
NVDA,hyperliquid,lighter,1000,2026-09-29T20:25:30+00:00,stale_decision,False,True,,,,,,,,,,,,,,,,,,,,,,,,,,,,,,,,,,,,,,,,,,,,,,,
NVDA,hyperliquid,lighter,1000,2026-09-29T20:25:35+00:00,decision_skew,,,,,,,,,,,,,,,,,,,,,,,,,,,,,,,,,,,,,,,,,,,,,,,,,
NVDA,hyperliquid,lighter,1000,2026-09-29T20:25:40+00:00,stale_decision,False,False,,,,,,,,,,,,,,,,,,,,,,,,,,,,,,,,,,,,,,,,,,,,,,,
NVDA,hyperliquid,lighter,1000,2026-09-29T20:25:45+00:00,stale_decision,False,False,,,,,,,,,,,,,,,,,,,,,,,,,,,,,,,,,,,,,,,,,,,,,,,
NVDA,hyperliquid,lighter,1000,2026-09-29T20:25:50+00:00,stale_decision,False,True,,,,,,,,,,,,,,,,,,,,,,,,,,,,,,,,,,,,,,,,,,,,,,,
NVDA,hyperliquid,lighter,1000,2026-09-29T20:25:55+00:00,stale_decision,False,True,,,,,,,,,,,,,,,,,,,,,,,,,,,,,,,,,,,,,,,,,,,,,,,
NVDA,hyperliquid,lighter,1000,2026-09-29T20:26:00+00:00,stale_decision,False,False,,,,,,,,,,,,,,,,,,,,,,,,,,,,,,,,,,,,,,,,,,,,,,,
NVDA,hyperliquid,lighter,1000,2026-09-29T20:26:05+00:00,one_entry_leg_unresolved,,,4.39,227.76,227.772,999.8663999999999,999.9190799999999,missing_first_quote,eligible,2026-09-29T20:26:05.100000+00:00,2026-09-29T20:26:05.400000+00:00,,,,,2026-09-29T20:26:05.509890+00:00,2026-09-29T20:26:05.441252+00:00,227.771,26.347,,,,,,,,,,,,,,,,,,,,,,,,,,,,,,
NVDA,hyperliquid,lighter,1000,2026-09-29T20:26:10+00:00,decision_skew,,,,,,,,,,,,,,,,,,,,,,,,,,,,,,,,,,,,,,,,,,,,,,,,,
NVDA,hyperliquid,lighter,1000,2026-09-29T20:26:15+00:00,stale_decision,False,True,,,,,,,,,,,,,,,,,,,,,,,,,,,,,,,,,,,,,,,,,,,,,,,
NVDA,hyperliquid,lighter,1000,2026-09-29T20:26:20+00:00,stale_decision,False,True,,,,,,,,,,,,,,,,,,,,,,,,,,,,,,,,,,,,,,,,,,,,,,,
NVDA,hyperliquid,lighter,1000,2026-09-29T20:26:25+00:00,stale_decision,True,False,,,,,,,,,,,,,,,,,,,,,,,,,,,,,,,,,,,,,,,,,,,,,,,
NVDA,hyperliquid,lighter,1000,2026-09-29T20:26:30+00:00,decision_skew,,,,,,,,,,,,,,,,,,,,,,,,,,,,,,,,,,,,,,,,,,,,,,,,,
NVDA,hyperliquid,lighter,1000,2026-09-29T20:26:35+00:00,stale_decision,False,False,,,,,,,,,,,,,,,,,,,,,,,,,,,,,,,,,,,,,,,,,,,,,,,
NVDA,hyperliquid,lighter,1000,2026-09-29T20:26:40+00:00,stale_decision,False,False,,,,,,,,,,,,,,,,,,,,,,,,,,,,,,,,,,,,,,,,,,,,,,,
NVDA,hyperliquid,lighter,1000,2026-09-29T20:26:45+00:00,both_entry_legs_unresolved,,,4.39,227.76,227.795,999.8663999999999,1000.0200499999999,missing_first_quote,shallow_first_quote,2026-09-29T20:26:45.100000+00:00,2026-09-29T20:26:45.400000+00:00,,,,,2026-09-29T20:26:45.922617+00:00,2026-09-29T20:26:45.854257+00:00,227.796,2.775,,,,,,,,,,,,,,,,,,,,,,,,,,,,,,
NVDA,hyperliquid,lighter,1000,2026-09-29T20:26:50+00:00,stale_decision,False,False,,,,,,,,,,,,,,,,,,,,,,,,,,,,,,,,,,,,,,,,,,,,,,,
NVDA,hyperliquid,lighter,1000,2026-09-29T20:26:55+00:00,stale_decision,False,True,,,,,,,,,,,,,,,,,,,,,,,,,,,,,,,,,,,,,,,,,,,,,,,
NVDA,hyperliquid,lighter,1000,2026-09-29T20:27:00+00:00,stale_decision,False,True,,,,,,,,,,,,,,,,,,,,,,,,,,,,,,,,,,,,,,,,,,,,,,,
NVDA,hyperliquid,lighter,1000,2026-09-29T20:27:05+00:00,stale_decision,False,True,,,,,,,,,,,,,,,,,,,,,,,,,,,,,,,,,,,,,,,,,,,,,,,
NVDA,hyperliquid,lighter,1000,2026-09-29T20:27:10+00:00,stale_decision,False,False,,,,,,,,,,,,,,,,,,,,,,,,,,,,,,,,,,,,,,,,,,,,,,,
NVDA,hyperliquid,lighter,1000,2026-09-29T20:27:15+00:00,stale_decision,False,False,,,,,,,,,,,,,,,,,,,,,,,,,,,,,,,,,,,,,,,,,,,,,,,
NVDA,hyperliquid,lighter,1000,2026-09-29T20:27:20+00:00,stale_decision,False,False,,,,,,,,,,,,,,,,,,,,,,,,,,,,,,,,,,,,,,,,,,,,,,,
NVDA,hyperliquid,lighter,1000,2026-09-29T20:27:25+00:00,stale_decision,False,False,,,,,,,,,,,,,,,,,,,,,,,,,,,,,,,,,,,,,,,,,,,,,,,
NVDA,hyperliquid,lighter,1000,2026-09-29T20:27:30+00:00,stale_decision,False,True,,,,,,,,,,,,,,,,,,,,,,,,,,,,,,,,,,,,,,,,,,,,,,,
NVDA,hyperliquid,lighter,1000,2026-09-29T20:27:35+00:00,stale_decision,False,False,,,,,,,,,,,,,,,,,,,,,,,,,,,,,,,,,,,,,,,,,,,,,,,
NVDA,hyperliquid,lighter,1000,2026-09-29T20:27:40+00:00,one_entry_leg_unresolved,,,4.39,227.74,227.788,999.7786,999.98932,eligible,missing_first_quote,2026-09-29T20:27:40.100000+00:00,2026-09-29T20:27:40.400000+00:00,2026-09-29T20:27:40.399039+00:00,2026-09-29T20:27:40.120000+00:00,227.74,53.964,,,,,,,,,,,,,,,,,,,,,,,,,,,,,,,,,,
NVDA,hyperliquid,lighter,1000,2026-09-29T20:27:45+00:00,both_entry_legs_unresolved,,,4.391,227.72,227.767,999.91852,1000.124897,missing_first_quote,missing_first_quote,2026-09-29T20:27:45.100000+00:00,2026-09-29T20:27:45.400000+00:00,,,,,,,,,,,,,,,,,,,,,,,,,,,,,,,,,,,,,,
NVDA,hyperliquid,lighter,1000,2026-09-29T20:27:50+00:00,decision_skew,,,,,,,,,,,,,,,,,,,,,,,,,,,,,,,,,,,,,,,,,,,,,,,,,
NVDA,hyperliquid,lighter,1000,2026-09-29T20:27:55+00:00,stale_decision,False,False,,,,,,,,,,,,,,,,,,,,,,,,,,,,,,,,,,,,,,,,,,,,,,,
NVDA,hyperliquid,lighter,1000,2026-09-29T20:28:00+00:00,stale_decision,False,False,,,,,,,,,,,,,,,,,,,,,,,,,,,,,,,,,,,,,,,,,,,,,,,
NVDA,hyperliquid,lighter,1000,2026-09-29T20:28:05+00:00,stale_decision,True,False,,,,,,,,,,,,,,,,,,,,,,,,,,,,,,,,,,,,,,,,,,,,,,,
NVDA,hyperliquid,lighter,1000,2026-09-29T20:28:10+00:00,stale_decision,False,False,,,,,,,,,,,,,,,,,,,,,,,,,,,,,,,,,,,,,,,,,,,,,,,
NVDA,hyperliquid,lighter,1000,2026-09-29T20:28:15+00:00,stale_decision,False,False,,,,,,,,,,,,,,,,,,,,,,,,,,,,,,,,,,,,,,,,,,,,,,,
NVDA,hyperliquid,lighter,1000,2026-09-29T20:28:20+00:00,stale_decision,False,False,,,,,,,,,,,,,,,,,,,,,,,,,,,,,,,,,,,,,,,,,,,,,,,
NVDA,hyperliquid,lighter,1000,2026-09-29T20:28:25+00:00,stale_decision,False,False,,,,,,,,,,,,,,,,,,,,,,,,,,,,,,,,,,,,,,,,,,,,,,,
NVDA,hyperliquid,lighter,1000,2026-09-29T20:28:30+00:00,stale_decision,False,False,,,,,,,,,,,,,,,,,,,,,,,,,,,,,,,,,,,,,,,,,,,,,,,
NVDA,hyperliquid,lighter,1000,2026-09-29T20:28:35+00:00,stale_decision,False,False,,,,,,,,,,,,,,,,,,,,,,,,,,,,,,,,,,,,,,,,,,,,,,,
NVDA,hyperliquid,lighter,1000,2026-09-29T20:28:40+00:00,stale_decision,False,True,,,,,,,,,,,,,,,,,,,,,,,,,,,,,,,,,,,,,,,,,,,,,,,
NVDA,hyperliquid,lighter,1000,2026-09-29T20:28:45+00:00,stale_decision,False,False,,,,,,,,,,,,,,,,,,,,,,,,,,,,,,,,,,,,,,,,,,,,,,,
NVDA,hyperliquid,lighter,1000,2026-09-29T20:28:50+00:00,stale_decision,False,True,,,,,,,,,,,,,,,,,,,,,,,,,,,,,,,,,,,,,,,,,,,,,,,
NVDA,hyperliquid,lighter,1000,2026-09-29T20:28:55+00:00,one_entry_leg_unresolved,,,4.391,227.73,227.739,999.9624299999999,1000.001949,missing_first_quote,eligible,2026-09-29T20:28:55.100000+00:00,2026-09-29T20:28:55.400000+00:00,,,,,2026-09-29T20:28:55.912585+00:00,2026-09-29T20:28:55.841136+00:00,227.739,24.567,,,,,,,,,,,,,,,,,,,,,,,,,,,,,,
NVDA,hyperliquid,lighter,1000,2026-09-29T20:29:00+00:00,stale_decision,False,False,,,,,,,,,,,,,,,,,,,,,,,,,,,,,,,,,,,,,,,,,,,,,,,
NVDA,hyperliquid,lighter,1000,2026-09-29T20:29:05+00:00,stale_decision,False,False,,,,,,,,,,,,,,,,,,,,,,,,,,,,,,,,,,,,,,,,,,,,,,,
NVDA,hyperliquid,lighter,1000,2026-09-29T20:29:10+00:00,one_entry_leg_unresolved,,,4.39,227.74,227.765,999.7786,999.8883499999998,eligible,missing_first_quote,2026-09-29T20:29:10.100000+00:00,2026-09-29T20:29:10.400000+00:00,2026-09-29T20:29:10.530013+00:00,2026-09-29T20:29:10.257000+00:00,227.74,33.852,,,,,,,,,,,,,,,,,,,,,,,,,,,,,,,,,,
NVDA,hyperliquid,lighter,1000,2026-09-29T20:29:15+00:00,stale_decision,True,False,,,,,,,,,,,,,,,,,,,,,,,,,,,,,,,,,,,,,,,,,,,,,,,
NVDA,hyperliquid,lighter,1000,2026-09-29T20:29:20+00:00,stale_decision,False,False,,,,,,,,,,,,,,,,,,,,,,,,,,,,,,,,,,,,,,,,,,,,,,,
NVDA,hyperliquid,lighter,1000,2026-09-29T20:29:25+00:00,stale_decision,False,True,,,,,,,,,,,,,,,,,,,,,,,,,,,,,,,,,,,,,,,,,,,,,,,
NVDA,hyperliquid,lighter,1000,2026-09-29T20:29:30+00:00,stale_decision,False,True,,,,,,,,,,,,,,,,,,,,,,,,,,,,,,,,,,,,,,,,,,,,,,,
NVDA,hyperliquid,lighter,1000,2026-09-29T20:29:35+00:00,stale_decision,False,False,,,,,,,,,,,,,,,,,,,,,,,,,,,,,,,,,,,,,,,,,,,,,,,
NVDA,hyperliquid,lighter,1000,2026-09-29T20:29:40+00:00,stale_decision,False,True,,,,,,,,,,,,,,,,,,,,,,,,,,,,,,,,,,,,,,,,,,,,,,,
NVDA,hyperliquid,lighter,1000,2026-09-29T20:29:45+00:00,stale_decision,False,True,,,,,,,,,,,,,,,,,,,,,,,,,,,,,,,,,,,,,,,,,,,,,,,
NVDA,hyperliquid,lighter,1000,2026-09-29T20:29:50+00:00,stale_decision,False,True,,,,,,,,,,,,,,,,,,,,,,,,,,,,,,,,,,,,,,,,,,,,,,,
NVDA,lighter,hyperliquid,100,2026-09-29T20:23:00+00:00,stale_decision,False,True,,,,,,,,,,,,,,,,,,,,,,,,,,,,,,,,,,,,,,,,,,,,,,,
NVDA,lighter,hyperliquid,100,2026-09-29T20:23:05+00:00,stale_decision,False,False,,,,,,,,,,,,,,,,,,,,,,,,,,,,,,,,,,,,,,,,,,,,,,,
NVDA,lighter,hyperliquid,100,2026-09-29T20:23:10+00:00,stale_decision,True,False,,,,,,,,,,,,,,,,,,,,,,,,,,,,,,,,,,,,,,,,,,,,,,,
NVDA,lighter,hyperliquid,100,2026-09-29T20:23:15+00:00,stale_decision,True,False,,,,,,,,,,,,,,,,,,,,,,,,,,,,,,,,,,,,,,,,,,,,,,,
NVDA,lighter,hyperliquid,100,2026-09-29T20:23:20+00:00,stale_decision,False,False,,,,,,,,,,,,,,,,,,,,,,,,,,,,,,,,,,,,,,,,,,,,,,,
NVDA,lighter,hyperliquid,100,2026-09-29T20:23:25+00:00,stale_decision,True,False,,,,,,,,,,,,,,,,,,,,,,,,,,,,,,,,,,,,,,,,,,,,,,,
NVDA,lighter,hyperliquid,100,2026-09-29T20:23:30+00:00,decision_skew,,,,,,,,,,,,,,,,,,,,,,,,,,,,,,,,,,,,,,,,,,,,,,,,,
NVDA,lighter,hyperliquid,100,2026-09-29T20:23:35+00:00,stale_decision,True,False,,,,,,,,,,,,,,,,,,,,,,,,,,,,,,,,,,,,,,,,,,,,,,,
NVDA,lighter,hyperliquid,100,2026-09-29T20:23:40+00:00,complete_conditional_quote_path,,,0.439,227.706,227.65,99.96293399999999,99.93835,eligible,eligible,2026-09-29T20:23:40.400000+00:00,2026-09-29T20:23:40.100000+00:00,2026-09-29T20:23:40.952576+00:00,2026-09-29T20:23:40.887875+00:00,227.706,33.562,2026-09-29T20:23:40.489309+00:00,2026-09-29T20:23:40.168000+00:00,227.65,10.284,eligible,eligible,2026-09-29T20:23:46.352576+00:00,2026-09-29T20:23:46.052576+00:00,2026-09-29T20:23:50+00:00,2026-09-29T20:23:46.502638+00:00,2026-09-29T20:23:46.438415+00:00,227.699,21.7,2026-09-29T20:23:46.713820+00:00,2026-09-29T20:23:46.433000+00:00,227.67,37.419,227.706,227.65,227.699,227.67,99.96293399999999,99.93835,-0.011852999999981734,0.0179896932,"[0.0, 0.0089944515, 0.0, 0.0089952417]",0.049981466999999995,1.8659117064778582e-06,-2.9853758794216403,-7.985562539779816,0.463266705,0.719875,0.211181757,0.005415
NVDA,lighter,hyperliquid,100,2026-09-29T20:23:45+00:00,stale_decision,True,False,,,,,,,,,,,,,,,,,,,,,,,,,,,,,,,,,,,,,,,,,,,,,,,
NVDA,lighter,hyperliquid,100,2026-09-29T20:23:50+00:00,stale_decision,True,False,,,,,,,,,,,,,,,,,,,,,,,,,,,,,,,,,,,,,,,,,,,,,,,
NVDA,lighter,hyperliquid,100,2026-09-29T20:23:55+00:00,stale_decision,False,False,,,,,,,,,,,,,,,,,,,,,,,,,,,,,,,,,,,,,,,,,,,,,,,
NVDA,lighter,hyperliquid,100,2026-09-29T20:24:00+00:00,stale_decision,True,False,,,,,,,,,,,,,,,,,,,,,,,,,,,,,,,,,,,,,,,,,,,,,,,
NVDA,lighter,hyperliquid,100,2026-09-29T20:24:05+00:00,stale_decision,False,True,,,,,,,,,,,,,,,,,,,,,,,,,,,,,,,,,,,,,,,,,,,,,,,
NVDA,lighter,hyperliquid,100,2026-09-29T20:24:10+00:00,stale_decision,False,False,,,,,,,,,,,,,,,,,,,,,,,,,,,,,,,,,,,,,,,,,,,,,,,
NVDA,lighter,hyperliquid,100,2026-09-29T20:24:15+00:00,stale_decision,False,False,,,,,,,,,,,,,,,,,,,,,,,,,,,,,,,,,,,,,,,,,,,,,,,
NVDA,lighter,hyperliquid,100,2026-09-29T20:24:20+00:00,stale_decision,False,False,,,,,,,,,,,,,,,,,,,,,,,,,,,,,,,,,,,,,,,,,,,,,,,
NVDA,lighter,hyperliquid,100,2026-09-29T20:24:25+00:00,stale_decision,False,False,,,,,,,,,,,,,,,,,,,,,,,,,,,,,,,,,,,,,,,,,,,,,,,
NVDA,lighter,hyperliquid,100,2026-09-29T20:24:30+00:00,stale_decision,True,False,,,,,,,,,,,,,,,,,,,,,,,,,,,,,,,,,,,,,,,,,,,,,,,
NVDA,lighter,hyperliquid,100,2026-09-29T20:24:35+00:00,stale_decision,True,False,,,,,,,,,,,,,,,,,,,,,,,,,,,,,,,,,,,,,,,,,,,,,,,
NVDA,lighter,hyperliquid,100,2026-09-29T20:24:40+00:00,stale_decision,False,False,,,,,,,,,,,,,,,,,,,,,,,,,,,,,,,,,,,,,,,,,,,,,,,
NVDA,lighter,hyperliquid,100,2026-09-29T20:24:45+00:00,stale_decision,False,False,,,,,,,,,,,,,,,,,,,,,,,,,,,,,,,,,,,,,,,,,,,,,,,
NVDA,lighter,hyperliquid,100,2026-09-29T20:24:50+00:00,stale_decision,True,False,,,,,,,,,,,,,,,,,,,,,,,,,,,,,,,,,,,,,,,,,,,,,,,
NVDA,lighter,hyperliquid,100,2026-09-29T20:24:55+00:00,stale_decision,False,True,,,,,,,,,,,,,,,,,,,,,,,,,,,,,,,,,,,,,,,,,,,,,,,
NVDA,lighter,hyperliquid,100,2026-09-29T20:25:00+00:00,stale_decision,True,False,,,,,,,,,,,,,,,,,,,,,,,,,,,,,,,,,,,,,,,,,,,,,,,
NVDA,lighter,hyperliquid,100,2026-09-29T20:25:05+00:00,stale_decision,True,False,,,,,,,,,,,,,,,,,,,,,,,,,,,,,,,,,,,,,,,,,,,,,,,
NVDA,lighter,hyperliquid,100,2026-09-29T20:25:10+00:00,stale_decision,False,False,,,,,,,,,,,,,,,,,,,,,,,,,,,,,,,,,,,,,,,,,,,,,,,
NVDA,lighter,hyperliquid,100,2026-09-29T20:25:15+00:00,decision_skew,,,,,,,,,,,,,,,,,,,,,,,,,,,,,,,,,,,,,,,,,,,,,,,,,
NVDA,lighter,hyperliquid,100,2026-09-29T20:25:20+00:00,stale_decision,False,False,,,,,,,,,,,,,,,,,,,,,,,,,,,,,,,,,,,,,,,,,,,,,,,
NVDA,lighter,hyperliquid,100,2026-09-29T20:25:25+00:00,stale_decision,True,False,,,,,,,,,,,,,,,,,,,,,,,,,,,,,,,,,,,,,,,,,,,,,,,
NVDA,lighter,hyperliquid,100,2026-09-29T20:25:30+00:00,stale_decision,True,False,,,,,,,,,,,,,,,,,,,,,,,,,,,,,,,,,,,,,,,,,,,,,,,
NVDA,lighter,hyperliquid,100,2026-09-29T20:25:35+00:00,decision_skew,,,,,,,,,,,,,,,,,,,,,,,,,,,,,,,,,,,,,,,,,,,,,,,,,
NVDA,lighter,hyperliquid,100,2026-09-29T20:25:40+00:00,stale_decision,False,False,,,,,,,,,,,,,,,,,,,,,,,,,,,,,,,,,,,,,,,,,,,,,,,
NVDA,lighter,hyperliquid,100,2026-09-29T20:25:45+00:00,stale_decision,False,False,,,,,,,,,,,,,,,,,,,,,,,,,,,,,,,,,,,,,,,,,,,,,,,
NVDA,lighter,hyperliquid,100,2026-09-29T20:25:50+00:00,stale_decision,True,False,,,,,,,,,,,,,,,,,,,,,,,,,,,,,,,,,,,,,,,,,,,,,,,
NVDA,lighter,hyperliquid,100,2026-09-29T20:25:55+00:00,stale_decision,True,False,,,,,,,,,,,,,,,,,,,,,,,,,,,,,,,,,,,,,,,,,,,,,,,
NVDA,lighter,hyperliquid,100,2026-09-29T20:26:00+00:00,stale_decision,False,False,,,,,,,,,,,,,,,,,,,,,,,,,,,,,,,,,,,,,,,,,,,,,,,
NVDA,lighter,hyperliquid,100,2026-09-29T20:26:05+00:00,one_entry_leg_unresolved,,,0.438,227.816,227.74,99.783408,99.75012000000001,eligible,missing_first_quote,2026-09-29T20:26:05.400000+00:00,2026-09-29T20:26:05.100000+00:00,2026-09-29T20:26:05.509890+00:00,2026-09-29T20:26:05.441252+00:00,227.816,187.159,,,,,,,,,,,,,,,,,,,,,,,,,,,,,,,,,,
NVDA,lighter,hyperliquid,100,2026-09-29T20:26:10+00:00,decision_skew,,,,,,,,,,,,,,,,,,,,,,,,,,,,,,,,,,,,,,,,,,,,,,,,,
NVDA,lighter,hyperliquid,100,2026-09-29T20:26:15+00:00,stale_decision,True,False,,,,,,,,,,,,,,,,,,,,,,,,,,,,,,,,,,,,,,,,,,,,,,,
NVDA,lighter,hyperliquid,100,2026-09-29T20:26:20+00:00,stale_decision,True,False,,,,,,,,,,,,,,,,,,,,,,,,,,,,,,,,,,,,,,,,,,,,,,,
NVDA,lighter,hyperliquid,100,2026-09-29T20:26:25+00:00,stale_decision,False,True,,,,,,,,,,,,,,,,,,,,,,,,,,,,,,,,,,,,,,,,,,,,,,,
NVDA,lighter,hyperliquid,100,2026-09-29T20:26:30+00:00,decision_skew,,,,,,,,,,,,,,,,,,,,,,,,,,,,,,,,,,,,,,,,,,,,,,,,,
NVDA,lighter,hyperliquid,100,2026-09-29T20:26:35+00:00,stale_decision,False,False,,,,,,,,,,,,,,,,,,,,,,,,,,,,,,,,,,,,,,,,,,,,,,,
NVDA,lighter,hyperliquid,100,2026-09-29T20:26:40+00:00,stale_decision,False,False,,,,,,,,,,,,,,,,,,,,,,,,,,,,,,,,,,,,,,,,,,,,,,,
NVDA,lighter,hyperliquid,100,2026-09-29T20:26:45+00:00,one_entry_leg_unresolved,,,0.438,227.819,227.75,99.78472199999999,99.7545,eligible,missing_first_quote,2026-09-29T20:26:45.400000+00:00,2026-09-29T20:26:45.100000+00:00,2026-09-29T20:26:45.922617+00:00,2026-09-29T20:26:45.854257+00:00,227.819,1.743,,,,,,,,,,,,,,,,,,,,,,,,,,,,,,,,,,
NVDA,lighter,hyperliquid,100,2026-09-29T20:26:50+00:00,stale_decision,False,False,,,,,,,,,,,,,,,,,,,,,,,,,,,,,,,,,,,,,,,,,,,,,,,
NVDA,lighter,hyperliquid,100,2026-09-29T20:26:55+00:00,stale_decision,True,False,,,,,,,,,,,,,,,,,,,,,,,,,,,,,,,,,,,,,,,,,,,,,,,
NVDA,lighter,hyperliquid,100,2026-09-29T20:27:00+00:00,stale_decision,True,False,,,,,,,,,,,,,,,,,,,,,,,,,,,,,,,,,,,,,,,,,,,,,,,
NVDA,lighter,hyperliquid,100,2026-09-29T20:27:05+00:00,stale_decision,True,False,,,,,,,,,,,,,,,,,,,,,,,,,,,,,,,,,,,,,,,,,,,,,,,
NVDA,lighter,hyperliquid,100,2026-09-29T20:27:10+00:00,stale_decision,False,False,,,,,,,,,,,,,,,,,,,,,,,,,,,,,,,,,,,,,,,,,,,,,,,
NVDA,lighter,hyperliquid,100,2026-09-29T20:27:15+00:00,stale_decision,False,False,,,,,,,,,,,,,,,,,,,,,,,,,,,,,,,,,,,,,,,,,,,,,,,
NVDA,lighter,hyperliquid,100,2026-09-29T20:27:20+00:00,stale_decision,False,False,,,,,,,,,,,,,,,,,,,,,,,,,,,,,,,,,,,,,,,,,,,,,,,
NVDA,lighter,hyperliquid,100,2026-09-29T20:27:25+00:00,stale_decision,False,False,,,,,,,,,,,,,,,,,,,,,,,,,,,,,,,,,,,,,,,,,,,,,,,
NVDA,lighter,hyperliquid,100,2026-09-29T20:27:30+00:00,stale_decision,True,False,,,,,,,,,,,,,,,,,,,,,,,,,,,,,,,,,,,,,,,,,,,,,,,
NVDA,lighter,hyperliquid,100,2026-09-29T20:27:35+00:00,stale_decision,False,False,,,,,,,,,,,,,,,,,,,,,,,,,,,,,,,,,,,,,,,,,,,,,,,
NVDA,lighter,hyperliquid,100,2026-09-29T20:27:40+00:00,one_entry_leg_unresolved,,,0.438,227.815,227.73,99.78297,99.74574,missing_first_quote,eligible,2026-09-29T20:27:40.400000+00:00,2026-09-29T20:27:40.100000+00:00,,,,,2026-09-29T20:27:40.399039+00:00,2026-09-29T20:27:40.120000+00:00,227.73,43.408,,,,,,,,,,,,,,,,,,,,,,,,,,,,,,
NVDA,lighter,hyperliquid,100,2026-09-29T20:27:45+00:00,both_entry_legs_unresolved,,,0.439,227.777,227.71,99.994103,99.96469,missing_first_quote,missing_first_quote,2026-09-29T20:27:45.400000+00:00,2026-09-29T20:27:45.100000+00:00,,,,,,,,,,,,,,,,,,,,,,,,,,,,,,,,,,,,,,
NVDA,lighter,hyperliquid,100,2026-09-29T20:27:50+00:00,decision_skew,,,,,,,,,,,,,,,,,,,,,,,,,,,,,,,,,,,,,,,,,,,,,,,,,
NVDA,lighter,hyperliquid,100,2026-09-29T20:27:55+00:00,stale_decision,False,False,,,,,,,,,,,,,,,,,,,,,,,,,,,,,,,,,,,,,,,,,,,,,,,
NVDA,lighter,hyperliquid,100,2026-09-29T20:28:00+00:00,stale_decision,False,False,,,,,,,,,,,,,,,,,,,,,,,,,,,,,,,,,,,,,,,,,,,,,,,
NVDA,lighter,hyperliquid,100,2026-09-29T20:28:05+00:00,stale_decision,False,True,,,,,,,,,,,,,,,,,,,,,,,,,,,,,,,,,,,,,,,,,,,,,,,
NVDA,lighter,hyperliquid,100,2026-09-29T20:28:10+00:00,stale_decision,False,False,,,,,,,,,,,,,,,,,,,,,,,,,,,,,,,,,,,,,,,,,,,,,,,
NVDA,lighter,hyperliquid,100,2026-09-29T20:28:15+00:00,stale_decision,False,False,,,,,,,,,,,,,,,,,,,,,,,,,,,,,,,,,,,,,,,,,,,,,,,
NVDA,lighter,hyperliquid,100,2026-09-29T20:28:20+00:00,stale_decision,False,False,,,,,,,,,,,,,,,,,,,,,,,,,,,,,,,,,,,,,,,,,,,,,,,
NVDA,lighter,hyperliquid,100,2026-09-29T20:28:25+00:00,stale_decision,False,False,,,,,,,,,,,,,,,,,,,,,,,,,,,,,,,,,,,,,,,,,,,,,,,
NVDA,lighter,hyperliquid,100,2026-09-29T20:28:30+00:00,stale_decision,False,False,,,,,,,,,,,,,,,,,,,,,,,,,,,,,,,,,,,,,,,,,,,,,,,
NVDA,lighter,hyperliquid,100,2026-09-29T20:28:35+00:00,stale_decision,False,False,,,,,,,,,,,,,,,,,,,,,,,,,,,,,,,,,,,,,,,,,,,,,,,
NVDA,lighter,hyperliquid,100,2026-09-29T20:28:40+00:00,stale_decision,True,False,,,,,,,,,,,,,,,,,,,,,,,,,,,,,,,,,,,,,,,,,,,,,,,
NVDA,lighter,hyperliquid,100,2026-09-29T20:28:45+00:00,stale_decision,False,False,,,,,,,,,,,,,,,,,,,,,,,,,,,,,,,,,,,,,,,,,,,,,,,
NVDA,lighter,hyperliquid,100,2026-09-29T20:28:50+00:00,stale_decision,True,False,,,,,,,,,,,,,,,,,,,,,,,,,,,,,,,,,,,,,,,,,,,,,,,
NVDA,lighter,hyperliquid,100,2026-09-29T20:28:55+00:00,one_entry_leg_unresolved,,,0.439,227.769,227.71,99.99059100000001,99.96469,eligible,missing_first_quote,2026-09-29T20:28:55.400000+00:00,2026-09-29T20:28:55.100000+00:00,2026-09-29T20:28:55.912585+00:00,2026-09-29T20:28:55.841136+00:00,227.766,23.451,,,,,,,,,,,,,,,,,,,,,,,,,,,,,,,,,,
NVDA,lighter,hyperliquid,100,2026-09-29T20:29:00+00:00,stale_decision,False,False,,,,,,,,,,,,,,,,,,,,,,,,,,,,,,,,,,,,,,,,,,,,,,,
NVDA,lighter,hyperliquid,100,2026-09-29T20:29:05+00:00,stale_decision,False,False,,,,,,,,,,,,,,,,,,,,,,,,,,,,,,,,,,,,,,,,,,,,,,,
NVDA,lighter,hyperliquid,100,2026-09-29T20:29:10+00:00,one_entry_leg_unresolved,,,0.439,227.766,227.72,99.989274,99.96908,missing_first_quote,eligible,2026-09-29T20:29:10.400000+00:00,2026-09-29T20:29:10.100000+00:00,,,,,2026-09-29T20:29:10.530013+00:00,2026-09-29T20:29:10.257000+00:00,227.73,4.391,,,,,,,,,,,,,,,,,,,,,,,,,,,,,,
NVDA,lighter,hyperliquid,100,2026-09-29T20:29:15+00:00,stale_decision,False,True,,,,,,,,,,,,,,,,,,,,,,,,,,,,,,,,,,,,,,,,,,,,,,,
NVDA,lighter,hyperliquid,100,2026-09-29T20:29:20+00:00,stale_decision,False,False,,,,,,,,,,,,,,,,,,,,,,,,,,,,,,,,,,,,,,,,,,,,,,,
NVDA,lighter,hyperliquid,100,2026-09-29T20:29:25+00:00,stale_decision,True,False,,,,,,,,,,,,,,,,,,,,,,,,,,,,,,,,,,,,,,,,,,,,,,,
NVDA,lighter,hyperliquid,100,2026-09-29T20:29:30+00:00,stale_decision,True,False,,,,,,,,,,,,,,,,,,,,,,,,,,,,,,,,,,,,,,,,,,,,,,,
NVDA,lighter,hyperliquid,100,2026-09-29T20:29:35+00:00,stale_decision,False,False,,,,,,,,,,,,,,,,,,,,,,,,,,,,,,,,,,,,,,,,,,,,,,,
NVDA,lighter,hyperliquid,100,2026-09-29T20:29:40+00:00,stale_decision,True,False,,,,,,,,,,,,,,,,,,,,,,,,,,,,,,,,,,,,,,,,,,,,,,,
NVDA,lighter,hyperliquid,100,2026-09-29T20:29:45+00:00,stale_decision,True,False,,,,,,,,,,,,,,,,,,,,,,,,,,,,,,,,,,,,,,,,,,,,,,,
NVDA,lighter,hyperliquid,100,2026-09-29T20:29:50+00:00,stale_decision,True,False,,,,,,,,,,,,,,,,,,,,,,,,,,,,,,,,,,,,,,,,,,,,,,,
NVDA,lighter,hyperliquid,250,2026-09-29T20:23:00+00:00,stale_decision,False,True,,,,,,,,,,,,,,,,,,,,,,,,,,,,,,,,,,,,,,,,,,,,,,,
NVDA,lighter,hyperliquid,250,2026-09-29T20:23:05+00:00,stale_decision,False,False,,,,,,,,,,,,,,,,,,,,,,,,,,,,,,,,,,,,,,,,,,,,,,,
NVDA,lighter,hyperliquid,250,2026-09-29T20:23:10+00:00,stale_decision,True,False,,,,,,,,,,,,,,,,,,,,,,,,,,,,,,,,,,,,,,,,,,,,,,,
NVDA,lighter,hyperliquid,250,2026-09-29T20:23:15+00:00,stale_decision,True,False,,,,,,,,,,,,,,,,,,,,,,,,,,,,,,,,,,,,,,,,,,,,,,,
NVDA,lighter,hyperliquid,250,2026-09-29T20:23:20+00:00,stale_decision,False,False,,,,,,,,,,,,,,,,,,,,,,,,,,,,,,,,,,,,,,,,,,,,,,,
NVDA,lighter,hyperliquid,250,2026-09-29T20:23:25+00:00,stale_decision,True,False,,,,,,,,,,,,,,,,,,,,,,,,,,,,,,,,,,,,,,,,,,,,,,,
NVDA,lighter,hyperliquid,250,2026-09-29T20:23:30+00:00,decision_skew,,,,,,,,,,,,,,,,,,,,,,,,,,,,,,,,,,,,,,,,,,,,,,,,,
NVDA,lighter,hyperliquid,250,2026-09-29T20:23:35+00:00,stale_decision,True,False,,,,,,,,,,,,,,,,,,,,,,,,,,,,,,,,,,,,,,,,,,,,,,,
NVDA,lighter,hyperliquid,250,2026-09-29T20:23:40+00:00,complete_conditional_quote_path,,,1.097,227.706,227.65,249.79348199999998,249.73205,eligible,eligible,2026-09-29T20:23:40.400000+00:00,2026-09-29T20:23:40.100000+00:00,2026-09-29T20:23:40.952576+00:00,2026-09-29T20:23:40.887875+00:00,227.706,33.562,2026-09-29T20:23:40.489309+00:00,2026-09-29T20:23:40.168000+00:00,227.65,10.284,eligible,eligible,2026-09-29T20:23:46.352576+00:00,2026-09-29T20:23:46.052576+00:00,2026-09-29T20:23:50+00:00,2026-09-29T20:23:46.502638+00:00,2026-09-29T20:23:46.438415+00:00,227.699,21.7,2026-09-29T20:23:46.713820+00:00,2026-09-29T20:23:46.433000+00:00,227.67,37.419,227.706,227.65,227.699,227.67,249.79348199999998,249.73205,-0.029618999999954355,0.0449537436,"[0.0, 0.022475884499999998, 0.0, 0.0224778591]",0.12489674099999999,4.662654082018703e-06,-2.9853758794216403,-7.985562539779816,0.463266705,0.719875,0.211181757,0.005415
NVDA,lighter,hyperliquid,250,2026-09-29T20:23:45+00:00,stale_decision,True,False,,,,,,,,,,,,,,,,,,,,,,,,,,,,,,,,,,,,,,,,,,,,,,,
NVDA,lighter,hyperliquid,250,2026-09-29T20:23:50+00:00,stale_decision,True,False,,,,,,,,,,,,,,,,,,,,,,,,,,,,,,,,,,,,,,,,,,,,,,,
NVDA,lighter,hyperliquid,250,2026-09-29T20:23:55+00:00,stale_decision,False,False,,,,,,,,,,,,,,,,,,,,,,,,,,,,,,,,,,,,,,,,,,,,,,,
NVDA,lighter,hyperliquid,250,2026-09-29T20:24:00+00:00,stale_decision,True,False,,,,,,,,,,,,,,,,,,,,,,,,,,,,,,,,,,,,,,,,,,,,,,,
NVDA,lighter,hyperliquid,250,2026-09-29T20:24:05+00:00,stale_decision,False,True,,,,,,,,,,,,,,,,,,,,,,,,,,,,,,,,,,,,,,,,,,,,,,,
NVDA,lighter,hyperliquid,250,2026-09-29T20:24:10+00:00,stale_decision,False,False,,,,,,,,,,,,,,,,,,,,,,,,,,,,,,,,,,,,,,,,,,,,,,,
NVDA,lighter,hyperliquid,250,2026-09-29T20:24:15+00:00,stale_decision,False,False,,,,,,,,,,,,,,,,,,,,,,,,,,,,,,,,,,,,,,,,,,,,,,,
NVDA,lighter,hyperliquid,250,2026-09-29T20:24:20+00:00,stale_decision,False,False,,,,,,,,,,,,,,,,,,,,,,,,,,,,,,,,,,,,,,,,,,,,,,,
NVDA,lighter,hyperliquid,250,2026-09-29T20:24:25+00:00,stale_decision,False,False,,,,,,,,,,,,,,,,,,,,,,,,,,,,,,,,,,,,,,,,,,,,,,,
NVDA,lighter,hyperliquid,250,2026-09-29T20:24:30+00:00,stale_decision,True,False,,,,,,,,,,,,,,,,,,,,,,,,,,,,,,,,,,,,,,,,,,,,,,,
NVDA,lighter,hyperliquid,250,2026-09-29T20:24:35+00:00,stale_decision,True,False,,,,,,,,,,,,,,,,,,,,,,,,,,,,,,,,,,,,,,,,,,,,,,,
NVDA,lighter,hyperliquid,250,2026-09-29T20:24:40+00:00,stale_decision,False,False,,,,,,,,,,,,,,,,,,,,,,,,,,,,,,,,,,,,,,,,,,,,,,,
NVDA,lighter,hyperliquid,250,2026-09-29T20:24:45+00:00,stale_decision,False,False,,,,,,,,,,,,,,,,,,,,,,,,,,,,,,,,,,,,,,,,,,,,,,,
NVDA,lighter,hyperliquid,250,2026-09-29T20:24:50+00:00,stale_decision,True,False,,,,,,,,,,,,,,,,,,,,,,,,,,,,,,,,,,,,,,,,,,,,,,,
NVDA,lighter,hyperliquid,250,2026-09-29T20:24:55+00:00,stale_decision,False,True,,,,,,,,,,,,,,,,,,,,,,,,,,,,,,,,,,,,,,,,,,,,,,,
NVDA,lighter,hyperliquid,250,2026-09-29T20:25:00+00:00,stale_decision,True,False,,,,,,,,,,,,,,,,,,,,,,,,,,,,,,,,,,,,,,,,,,,,,,,
NVDA,lighter,hyperliquid,250,2026-09-29T20:25:05+00:00,stale_decision,True,False,,,,,,,,,,,,,,,,,,,,,,,,,,,,,,,,,,,,,,,,,,,,,,,
NVDA,lighter,hyperliquid,250,2026-09-29T20:25:10+00:00,stale_decision,False,False,,,,,,,,,,,,,,,,,,,,,,,,,,,,,,,,,,,,,,,,,,,,,,,
NVDA,lighter,hyperliquid,250,2026-09-29T20:25:15+00:00,decision_skew,,,,,,,,,,,,,,,,,,,,,,,,,,,,,,,,,,,,,,,,,,,,,,,,,
NVDA,lighter,hyperliquid,250,2026-09-29T20:25:20+00:00,stale_decision,False,False,,,,,,,,,,,,,,,,,,,,,,,,,,,,,,,,,,,,,,,,,,,,,,,
NVDA,lighter,hyperliquid,250,2026-09-29T20:25:25+00:00,stale_decision,True,False,,,,,,,,,,,,,,,,,,,,,,,,,,,,,,,,,,,,,,,,,,,,,,,
NVDA,lighter,hyperliquid,250,2026-09-29T20:25:30+00:00,stale_decision,True,False,,,,,,,,,,,,,,,,,,,,,,,,,,,,,,,,,,,,,,,,,,,,,,,
NVDA,lighter,hyperliquid,250,2026-09-29T20:25:35+00:00,decision_skew,,,,,,,,,,,,,,,,,,,,,,,,,,,,,,,,,,,,,,,,,,,,,,,,,
NVDA,lighter,hyperliquid,250,2026-09-29T20:25:40+00:00,stale_decision,False,False,,,,,,,,,,,,,,,,,,,,,,,,,,,,,,,,,,,,,,,,,,,,,,,
NVDA,lighter,hyperliquid,250,2026-09-29T20:25:45+00:00,stale_decision,False,False,,,,,,,,,,,,,,,,,,,,,,,,,,,,,,,,,,,,,,,,,,,,,,,
NVDA,lighter,hyperliquid,250,2026-09-29T20:25:50+00:00,stale_decision,True,False,,,,,,,,,,,,,,,,,,,,,,,,,,,,,,,,,,,,,,,,,,,,,,,
NVDA,lighter,hyperliquid,250,2026-09-29T20:25:55+00:00,stale_decision,True,False,,,,,,,,,,,,,,,,,,,,,,,,,,,,,,,,,,,,,,,,,,,,,,,
NVDA,lighter,hyperliquid,250,2026-09-29T20:26:00+00:00,stale_decision,False,False,,,,,,,,,,,,,,,,,,,,,,,,,,,,,,,,,,,,,,,,,,,,,,,
NVDA,lighter,hyperliquid,250,2026-09-29T20:26:05+00:00,one_entry_leg_unresolved,,,1.097,227.816,227.74,249.914152,249.83078,eligible,missing_first_quote,2026-09-29T20:26:05.400000+00:00,2026-09-29T20:26:05.100000+00:00,2026-09-29T20:26:05.509890+00:00,2026-09-29T20:26:05.441252+00:00,227.816,187.159,,,,,,,,,,,,,,,,,,,,,,,,,,,,,,,,,,
NVDA,lighter,hyperliquid,250,2026-09-29T20:26:10+00:00,decision_skew,,,,,,,,,,,,,,,,,,,,,,,,,,,,,,,,,,,,,,,,,,,,,,,,,
NVDA,lighter,hyperliquid,250,2026-09-29T20:26:15+00:00,stale_decision,True,False,,,,,,,,,,,,,,,,,,,,,,,,,,,,,,,,,,,,,,,,,,,,,,,
NVDA,lighter,hyperliquid,250,2026-09-29T20:26:20+00:00,stale_decision,True,False,,,,,,,,,,,,,,,,,,,,,,,,,,,,,,,,,,,,,,,,,,,,,,,
NVDA,lighter,hyperliquid,250,2026-09-29T20:26:25+00:00,stale_decision,False,True,,,,,,,,,,,,,,,,,,,,,,,,,,,,,,,,,,,,,,,,,,,,,,,
NVDA,lighter,hyperliquid,250,2026-09-29T20:26:30+00:00,decision_skew,,,,,,,,,,,,,,,,,,,,,,,,,,,,,,,,,,,,,,,,,,,,,,,,,
NVDA,lighter,hyperliquid,250,2026-09-29T20:26:35+00:00,stale_decision,False,False,,,,,,,,,,,,,,,,,,,,,,,,,,,,,,,,,,,,,,,,,,,,,,,
NVDA,lighter,hyperliquid,250,2026-09-29T20:26:40+00:00,stale_decision,False,False,,,,,,,,,,,,,,,,,,,,,,,,,,,,,,,,,,,,,,,,,,,,,,,
NVDA,lighter,hyperliquid,250,2026-09-29T20:26:45+00:00,one_entry_leg_unresolved,,,1.097,227.819,227.75,249.917443,249.84175,eligible,missing_first_quote,2026-09-29T20:26:45.400000+00:00,2026-09-29T20:26:45.100000+00:00,2026-09-29T20:26:45.922617+00:00,2026-09-29T20:26:45.854257+00:00,227.819,1.743,,,,,,,,,,,,,,,,,,,,,,,,,,,,,,,,,,
NVDA,lighter,hyperliquid,250,2026-09-29T20:26:50+00:00,stale_decision,False,False,,,,,,,,,,,,,,,,,,,,,,,,,,,,,,,,,,,,,,,,,,,,,,,
NVDA,lighter,hyperliquid,250,2026-09-29T20:26:55+00:00,stale_decision,True,False,,,,,,,,,,,,,,,,,,,,,,,,,,,,,,,,,,,,,,,,,,,,,,,
NVDA,lighter,hyperliquid,250,2026-09-29T20:27:00+00:00,stale_decision,True,False,,,,,,,,,,,,,,,,,,,,,,,,,,,,,,,,,,,,,,,,,,,,,,,
NVDA,lighter,hyperliquid,250,2026-09-29T20:27:05+00:00,stale_decision,True,False,,,,,,,,,,,,,,,,,,,,,,,,,,,,,,,,,,,,,,,,,,,,,,,
NVDA,lighter,hyperliquid,250,2026-09-29T20:27:10+00:00,stale_decision,False,False,,,,,,,,,,,,,,,,,,,,,,,,,,,,,,,,,,,,,,,,,,,,,,,
NVDA,lighter,hyperliquid,250,2026-09-29T20:27:15+00:00,stale_decision,False,False,,,,,,,,,,,,,,,,,,,,,,,,,,,,,,,,,,,,,,,,,,,,,,,
NVDA,lighter,hyperliquid,250,2026-09-29T20:27:20+00:00,stale_decision,False,False,,,,,,,,,,,,,,,,,,,,,,,,,,,,,,,,,,,,,,,,,,,,,,,
NVDA,lighter,hyperliquid,250,2026-09-29T20:27:25+00:00,stale_decision,False,False,,,,,,,,,,,,,,,,,,,,,,,,,,,,,,,,,,,,,,,,,,,,,,,
NVDA,lighter,hyperliquid,250,2026-09-29T20:27:30+00:00,stale_decision,True,False,,,,,,,,,,,,,,,,,,,,,,,,,,,,,,,,,,,,,,,,,,,,,,,
NVDA,lighter,hyperliquid,250,2026-09-29T20:27:35+00:00,stale_decision,False,False,,,,,,,,,,,,,,,,,,,,,,,,,,,,,,,,,,,,,,,,,,,,,,,
NVDA,lighter,hyperliquid,250,2026-09-29T20:27:40+00:00,one_entry_leg_unresolved,,,1.097,227.815,227.73,249.91305499999999,249.81981,missing_first_quote,eligible,2026-09-29T20:27:40.400000+00:00,2026-09-29T20:27:40.100000+00:00,,,,,2026-09-29T20:27:40.399039+00:00,2026-09-29T20:27:40.120000+00:00,227.73,43.408,,,,,,,,,,,,,,,,,,,,,,,,,,,,,,
NVDA,lighter,hyperliquid,250,2026-09-29T20:27:45+00:00,both_entry_legs_unresolved,,,1.097,227.777,227.71,249.871369,249.79787,missing_first_quote,missing_first_quote,2026-09-29T20:27:45.400000+00:00,2026-09-29T20:27:45.100000+00:00,,,,,,,,,,,,,,,,,,,,,,,,,,,,,,,,,,,,,,
NVDA,lighter,hyperliquid,250,2026-09-29T20:27:50+00:00,decision_skew,,,,,,,,,,,,,,,,,,,,,,,,,,,,,,,,,,,,,,,,,,,,,,,,,
NVDA,lighter,hyperliquid,250,2026-09-29T20:27:55+00:00,stale_decision,False,False,,,,,,,,,,,,,,,,,,,,,,,,,,,,,,,,,,,,,,,,,,,,,,,
NVDA,lighter,hyperliquid,250,2026-09-29T20:28:00+00:00,stale_decision,False,False,,,,,,,,,,,,,,,,,,,,,,,,,,,,,,,,,,,,,,,,,,,,,,,
NVDA,lighter,hyperliquid,250,2026-09-29T20:28:05+00:00,stale_decision,False,True,,,,,,,,,,,,,,,,,,,,,,,,,,,,,,,,,,,,,,,,,,,,,,,
NVDA,lighter,hyperliquid,250,2026-09-29T20:28:10+00:00,stale_decision,False,False,,,,,,,,,,,,,,,,,,,,,,,,,,,,,,,,,,,,,,,,,,,,,,,
NVDA,lighter,hyperliquid,250,2026-09-29T20:28:15+00:00,stale_decision,False,False,,,,,,,,,,,,,,,,,,,,,,,,,,,,,,,,,,,,,,,,,,,,,,,
NVDA,lighter,hyperliquid,250,2026-09-29T20:28:20+00:00,stale_decision,False,False,,,,,,,,,,,,,,,,,,,,,,,,,,,,,,,,,,,,,,,,,,,,,,,
NVDA,lighter,hyperliquid,250,2026-09-29T20:28:25+00:00,stale_decision,False,False,,,,,,,,,,,,,,,,,,,,,,,,,,,,,,,,,,,,,,,,,,,,,,,
NVDA,lighter,hyperliquid,250,2026-09-29T20:28:30+00:00,stale_decision,False,False,,,,,,,,,,,,,,,,,,,,,,,,,,,,,,,,,,,,,,,,,,,,,,,
NVDA,lighter,hyperliquid,250,2026-09-29T20:28:35+00:00,stale_decision,False,False,,,,,,,,,,,,,,,,,,,,,,,,,,,,,,,,,,,,,,,,,,,,,,,
NVDA,lighter,hyperliquid,250,2026-09-29T20:28:40+00:00,stale_decision,True,False,,,,,,,,,,,,,,,,,,,,,,,,,,,,,,,,,,,,,,,,,,,,,,,
NVDA,lighter,hyperliquid,250,2026-09-29T20:28:45+00:00,stale_decision,False,False,,,,,,,,,,,,,,,,,,,,,,,,,,,,,,,,,,,,,,,,,,,,,,,
NVDA,lighter,hyperliquid,250,2026-09-29T20:28:50+00:00,stale_decision,True,False,,,,,,,,,,,,,,,,,,,,,,,,,,,,,,,,,,,,,,,,,,,,,,,
NVDA,lighter,hyperliquid,250,2026-09-29T20:28:55+00:00,one_entry_leg_unresolved,,,1.097,227.769,227.71,249.862593,249.79787,eligible,missing_first_quote,2026-09-29T20:28:55.400000+00:00,2026-09-29T20:28:55.100000+00:00,2026-09-29T20:28:55.912585+00:00,2026-09-29T20:28:55.841136+00:00,227.766,23.451,,,,,,,,,,,,,,,,,,,,,,,,,,,,,,,,,,
NVDA,lighter,hyperliquid,250,2026-09-29T20:29:00+00:00,stale_decision,False,False,,,,,,,,,,,,,,,,,,,,,,,,,,,,,,,,,,,,,,,,,,,,,,,
NVDA,lighter,hyperliquid,250,2026-09-29T20:29:05+00:00,stale_decision,False,False,,,,,,,,,,,,,,,,,,,,,,,,,,,,,,,,,,,,,,,,,,,,,,,
NVDA,lighter,hyperliquid,250,2026-09-29T20:29:10+00:00,one_entry_leg_unresolved,,,1.097,227.766,227.72,249.85930199999999,249.80884,missing_first_quote,eligible,2026-09-29T20:29:10.400000+00:00,2026-09-29T20:29:10.100000+00:00,,,,,2026-09-29T20:29:10.530013+00:00,2026-09-29T20:29:10.257000+00:00,227.73,4.391,,,,,,,,,,,,,,,,,,,,,,,,,,,,,,
NVDA,lighter,hyperliquid,250,2026-09-29T20:29:15+00:00,stale_decision,False,True,,,,,,,,,,,,,,,,,,,,,,,,,,,,,,,,,,,,,,,,,,,,,,,
NVDA,lighter,hyperliquid,250,2026-09-29T20:29:20+00:00,stale_decision,False,False,,,,,,,,,,,,,,,,,,,,,,,,,,,,,,,,,,,,,,,,,,,,,,,
NVDA,lighter,hyperliquid,250,2026-09-29T20:29:25+00:00,stale_decision,True,False,,,,,,,,,,,,,,,,,,,,,,,,,,,,,,,,,,,,,,,,,,,,,,,
NVDA,lighter,hyperliquid,250,2026-09-29T20:29:30+00:00,stale_decision,True,False,,,,,,,,,,,,,,,,,,,,,,,,,,,,,,,,,,,,,,,,,,,,,,,
NVDA,lighter,hyperliquid,250,2026-09-29T20:29:35+00:00,stale_decision,False,False,,,,,,,,,,,,,,,,,,,,,,,,,,,,,,,,,,,,,,,,,,,,,,,
NVDA,lighter,hyperliquid,250,2026-09-29T20:29:40+00:00,stale_decision,True,False,,,,,,,,,,,,,,,,,,,,,,,,,,,,,,,,,,,,,,,,,,,,,,,
NVDA,lighter,hyperliquid,250,2026-09-29T20:29:45+00:00,stale_decision,True,False,,,,,,,,,,,,,,,,,,,,,,,,,,,,,,,,,,,,,,,,,,,,,,,
NVDA,lighter,hyperliquid,250,2026-09-29T20:29:50+00:00,stale_decision,True,False,,,,,,,,,,,,,,,,,,,,,,,,,,,,,,,,,,,,,,,,,,,,,,,
NVDA,lighter,hyperliquid,1000,2026-09-29T20:23:00+00:00,stale_decision,False,True,,,,,,,,,,,,,,,,,,,,,,,,,,,,,,,,,,,,,,,,,,,,,,,
NVDA,lighter,hyperliquid,1000,2026-09-29T20:23:05+00:00,stale_decision,False,False,,,,,,,,,,,,,,,,,,,,,,,,,,,,,,,,,,,,,,,,,,,,,,,
NVDA,lighter,hyperliquid,1000,2026-09-29T20:23:10+00:00,stale_decision,True,False,,,,,,,,,,,,,,,,,,,,,,,,,,,,,,,,,,,,,,,,,,,,,,,
NVDA,lighter,hyperliquid,1000,2026-09-29T20:23:15+00:00,stale_decision,True,False,,,,,,,,,,,,,,,,,,,,,,,,,,,,,,,,,,,,,,,,,,,,,,,
NVDA,lighter,hyperliquid,1000,2026-09-29T20:23:20+00:00,stale_decision,False,False,,,,,,,,,,,,,,,,,,,,,,,,,,,,,,,,,,,,,,,,,,,,,,,
NVDA,lighter,hyperliquid,1000,2026-09-29T20:23:25+00:00,stale_decision,True,False,,,,,,,,,,,,,,,,,,,,,,,,,,,,,,,,,,,,,,,,,,,,,,,
NVDA,lighter,hyperliquid,1000,2026-09-29T20:23:30+00:00,decision_skew,,,,,,,,,,,,,,,,,,,,,,,,,,,,,,,,,,,,,,,,,,,,,,,,,
NVDA,lighter,hyperliquid,1000,2026-09-29T20:23:35+00:00,stale_decision,True,False,,,,,,,,,,,,,,,,,,,,,,,,,,,,,,,,,,,,,,,,,,,,,,,
NVDA,lighter,hyperliquid,1000,2026-09-29T20:23:40+00:00,complete_conditional_quote_path,,,4.391,227.706,227.65,999.857046,999.6111500000001,eligible,eligible,2026-09-29T20:23:40.400000+00:00,2026-09-29T20:23:40.100000+00:00,2026-09-29T20:23:40.952576+00:00,2026-09-29T20:23:40.887875+00:00,227.706,33.562,2026-09-29T20:23:40.489309+00:00,2026-09-29T20:23:40.168000+00:00,227.65,10.284,eligible,eligible,2026-09-29T20:23:46.352576+00:00,2026-09-29T20:23:46.052576+00:00,2026-09-29T20:23:50+00:00,2026-09-29T20:23:46.502638+00:00,2026-09-29T20:23:46.438415+00:00,227.699,21.7,2026-09-29T20:23:46.713820+00:00,2026-09-29T20:23:46.433000+00:00,227.67,37.419,227.706,227.65,227.699,227.67,999.857046,999.6111500000001,-0.1185569999998173,0.17993791080000002,"[0.0, 0.08996500350000002, 0.0, 0.0899729073]",0.49992852299999996,1.8663367433130468e-05,-2.9853758794216403,-7.985562539779816,0.463266705,0.719875,0.211181757,0.005415
NVDA,lighter,hyperliquid,1000,2026-09-29T20:23:45+00:00,stale_decision,True,False,,,,,,,,,,,,,,,,,,,,,,,,,,,,,,,,,,,,,,,,,,,,,,,
NVDA,lighter,hyperliquid,1000,2026-09-29T20:23:50+00:00,stale_decision,True,False,,,,,,,,,,,,,,,,,,,,,,,,,,,,,,,,,,,,,,,,,,,,,,,
NVDA,lighter,hyperliquid,1000,2026-09-29T20:23:55+00:00,stale_decision,False,False,,,,,,,,,,,,,,,,,,,,,,,,,,,,,,,,,,,,,,,,,,,,,,,
NVDA,lighter,hyperliquid,1000,2026-09-29T20:24:00+00:00,stale_decision,True,False,,,,,,,,,,,,,,,,,,,,,,,,,,,,,,,,,,,,,,,,,,,,,,,
NVDA,lighter,hyperliquid,1000,2026-09-29T20:24:05+00:00,stale_decision,False,True,,,,,,,,,,,,,,,,,,,,,,,,,,,,,,,,,,,,,,,,,,,,,,,
NVDA,lighter,hyperliquid,1000,2026-09-29T20:24:10+00:00,stale_decision,False,False,,,,,,,,,,,,,,,,,,,,,,,,,,,,,,,,,,,,,,,,,,,,,,,
NVDA,lighter,hyperliquid,1000,2026-09-29T20:24:15+00:00,stale_decision,False,False,,,,,,,,,,,,,,,,,,,,,,,,,,,,,,,,,,,,,,,,,,,,,,,
NVDA,lighter,hyperliquid,1000,2026-09-29T20:24:20+00:00,stale_decision,False,False,,,,,,,,,,,,,,,,,,,,,,,,,,,,,,,,,,,,,,,,,,,,,,,
NVDA,lighter,hyperliquid,1000,2026-09-29T20:24:25+00:00,stale_decision,False,False,,,,,,,,,,,,,,,,,,,,,,,,,,,,,,,,,,,,,,,,,,,,,,,
NVDA,lighter,hyperliquid,1000,2026-09-29T20:24:30+00:00,stale_decision,True,False,,,,,,,,,,,,,,,,,,,,,,,,,,,,,,,,,,,,,,,,,,,,,,,
NVDA,lighter,hyperliquid,1000,2026-09-29T20:24:35+00:00,stale_decision,True,False,,,,,,,,,,,,,,,,,,,,,,,,,,,,,,,,,,,,,,,,,,,,,,,
NVDA,lighter,hyperliquid,1000,2026-09-29T20:24:40+00:00,stale_decision,False,False,,,,,,,,,,,,,,,,,,,,,,,,,,,,,,,,,,,,,,,,,,,,,,,
NVDA,lighter,hyperliquid,1000,2026-09-29T20:24:45+00:00,stale_decision,False,False,,,,,,,,,,,,,,,,,,,,,,,,,,,,,,,,,,,,,,,,,,,,,,,
NVDA,lighter,hyperliquid,1000,2026-09-29T20:24:50+00:00,stale_decision,True,False,,,,,,,,,,,,,,,,,,,,,,,,,,,,,,,,,,,,,,,,,,,,,,,
NVDA,lighter,hyperliquid,1000,2026-09-29T20:24:55+00:00,stale_decision,False,True,,,,,,,,,,,,,,,,,,,,,,,,,,,,,,,,,,,,,,,,,,,,,,,
NVDA,lighter,hyperliquid,1000,2026-09-29T20:25:00+00:00,stale_decision,True,False,,,,,,,,,,,,,,,,,,,,,,,,,,,,,,,,,,,,,,,,,,,,,,,
NVDA,lighter,hyperliquid,1000,2026-09-29T20:25:05+00:00,stale_decision,True,False,,,,,,,,,,,,,,,,,,,,,,,,,,,,,,,,,,,,,,,,,,,,,,,
NVDA,lighter,hyperliquid,1000,2026-09-29T20:25:10+00:00,stale_decision,False,False,,,,,,,,,,,,,,,,,,,,,,,,,,,,,,,,,,,,,,,,,,,,,,,
NVDA,lighter,hyperliquid,1000,2026-09-29T20:25:15+00:00,decision_skew,,,,,,,,,,,,,,,,,,,,,,,,,,,,,,,,,,,,,,,,,,,,,,,,,
NVDA,lighter,hyperliquid,1000,2026-09-29T20:25:20+00:00,stale_decision,False,False,,,,,,,,,,,,,,,,,,,,,,,,,,,,,,,,,,,,,,,,,,,,,,,
NVDA,lighter,hyperliquid,1000,2026-09-29T20:25:25+00:00,stale_decision,True,False,,,,,,,,,,,,,,,,,,,,,,,,,,,,,,,,,,,,,,,,,,,,,,,
NVDA,lighter,hyperliquid,1000,2026-09-29T20:25:30+00:00,stale_decision,True,False,,,,,,,,,,,,,,,,,,,,,,,,,,,,,,,,,,,,,,,,,,,,,,,
NVDA,lighter,hyperliquid,1000,2026-09-29T20:25:35+00:00,decision_skew,,,,,,,,,,,,,,,,,,,,,,,,,,,,,,,,,,,,,,,,,,,,,,,,,
NVDA,lighter,hyperliquid,1000,2026-09-29T20:25:40+00:00,stale_decision,False,False,,,,,,,,,,,,,,,,,,,,,,,,,,,,,,,,,,,,,,,,,,,,,,,
NVDA,lighter,hyperliquid,1000,2026-09-29T20:25:45+00:00,stale_decision,False,False,,,,,,,,,,,,,,,,,,,,,,,,,,,,,,,,,,,,,,,,,,,,,,,
NVDA,lighter,hyperliquid,1000,2026-09-29T20:25:50+00:00,stale_decision,True,False,,,,,,,,,,,,,,,,,,,,,,,,,,,,,,,,,,,,,,,,,,,,,,,
NVDA,lighter,hyperliquid,1000,2026-09-29T20:25:55+00:00,stale_decision,True,False,,,,,,,,,,,,,,,,,,,,,,,,,,,,,,,,,,,,,,,,,,,,,,,
NVDA,lighter,hyperliquid,1000,2026-09-29T20:26:00+00:00,stale_decision,False,False,,,,,,,,,,,,,,,,,,,,,,,,,,,,,,,,,,,,,,,,,,,,,,,
NVDA,lighter,hyperliquid,1000,2026-09-29T20:26:05+00:00,one_entry_leg_unresolved,,,4.389,227.816,227.74,999.8844240000001,999.5508600000001,eligible,missing_first_quote,2026-09-29T20:26:05.400000+00:00,2026-09-29T20:26:05.100000+00:00,2026-09-29T20:26:05.509890+00:00,2026-09-29T20:26:05.441252+00:00,227.816,187.159,,,,,,,,,,,,,,,,,,,,,,,,,,,,,,,,,,
NVDA,lighter,hyperliquid,1000,2026-09-29T20:26:10+00:00,decision_skew,,,,,,,,,,,,,,,,,,,,,,,,,,,,,,,,,,,,,,,,,,,,,,,,,
NVDA,lighter,hyperliquid,1000,2026-09-29T20:26:15+00:00,stale_decision,True,False,,,,,,,,,,,,,,,,,,,,,,,,,,,,,,,,,,,,,,,,,,,,,,,
NVDA,lighter,hyperliquid,1000,2026-09-29T20:26:20+00:00,stale_decision,True,False,,,,,,,,,,,,,,,,,,,,,,,,,,,,,,,,,,,,,,,,,,,,,,,
NVDA,lighter,hyperliquid,1000,2026-09-29T20:26:25+00:00,stale_decision,False,True,,,,,,,,,,,,,,,,,,,,,,,,,,,,,,,,,,,,,,,,,,,,,,,
NVDA,lighter,hyperliquid,1000,2026-09-29T20:26:30+00:00,decision_skew,,,,,,,,,,,,,,,,,,,,,,,,,,,,,,,,,,,,,,,,,,,,,,,,,
NVDA,lighter,hyperliquid,1000,2026-09-29T20:26:35+00:00,stale_decision,False,False,,,,,,,,,,,,,,,,,,,,,,,,,,,,,,,,,,,,,,,,,,,,,,,
NVDA,lighter,hyperliquid,1000,2026-09-29T20:26:40+00:00,stale_decision,False,False,,,,,,,,,,,,,,,,,,,,,,,,,,,,,,,,,,,,,,,,,,,,,,,
NVDA,lighter,hyperliquid,1000,2026-09-29T20:26:45+00:00,both_entry_legs_unresolved,,,4.389,227.819,227.75,999.897591,999.5947500000001,shallow_first_quote,missing_first_quote,2026-09-29T20:26:45.400000+00:00,2026-09-29T20:26:45.100000+00:00,2026-09-29T20:26:45.922617+00:00,2026-09-29T20:26:45.854257+00:00,227.819,1.743,,,,,,,,,,,,,,,,,,,,,,,,,,,,,,,,,,
NVDA,lighter,hyperliquid,1000,2026-09-29T20:26:50+00:00,stale_decision,False,False,,,,,,,,,,,,,,,,,,,,,,,,,,,,,,,,,,,,,,,,,,,,,,,
NVDA,lighter,hyperliquid,1000,2026-09-29T20:26:55+00:00,stale_decision,True,False,,,,,,,,,,,,,,,,,,,,,,,,,,,,,,,,,,,,,,,,,,,,,,,
NVDA,lighter,hyperliquid,1000,2026-09-29T20:27:00+00:00,stale_decision,True,False,,,,,,,,,,,,,,,,,,,,,,,,,,,,,,,,,,,,,,,,,,,,,,,
NVDA,lighter,hyperliquid,1000,2026-09-29T20:27:05+00:00,stale_decision,True,False,,,,,,,,,,,,,,,,,,,,,,,,,,,,,,,,,,,,,,,,,,,,,,,
NVDA,lighter,hyperliquid,1000,2026-09-29T20:27:10+00:00,stale_decision,False,False,,,,,,,,,,,,,,,,,,,,,,,,,,,,,,,,,,,,,,,,,,,,,,,
NVDA,lighter,hyperliquid,1000,2026-09-29T20:27:15+00:00,stale_decision,False,False,,,,,,,,,,,,,,,,,,,,,,,,,,,,,,,,,,,,,,,,,,,,,,,
NVDA,lighter,hyperliquid,1000,2026-09-29T20:27:20+00:00,stale_decision,False,False,,,,,,,,,,,,,,,,,,,,,,,,,,,,,,,,,,,,,,,,,,,,,,,
NVDA,lighter,hyperliquid,1000,2026-09-29T20:27:25+00:00,stale_decision,False,False,,,,,,,,,,,,,,,,,,,,,,,,,,,,,,,,,,,,,,,,,,,,,,,
NVDA,lighter,hyperliquid,1000,2026-09-29T20:27:30+00:00,stale_decision,True,False,,,,,,,,,,,,,,,,,,,,,,,,,,,,,,,,,,,,,,,,,,,,,,,
NVDA,lighter,hyperliquid,1000,2026-09-29T20:27:35+00:00,stale_decision,False,False,,,,,,,,,,,,,,,,,,,,,,,,,,,,,,,,,,,,,,,,,,,,,,,
NVDA,lighter,hyperliquid,1000,2026-09-29T20:27:40+00:00,one_entry_leg_unresolved,,,4.389,227.815,227.73,999.880035,999.50697,missing_first_quote,eligible,2026-09-29T20:27:40.400000+00:00,2026-09-29T20:27:40.100000+00:00,,,,,2026-09-29T20:27:40.399039+00:00,2026-09-29T20:27:40.120000+00:00,227.73,43.408,,,,,,,,,,,,,,,,,,,,,,,,,,,,,,
NVDA,lighter,hyperliquid,1000,2026-09-29T20:27:45+00:00,both_entry_legs_unresolved,,,4.39,227.777,227.71,999.9410299999998,999.6469,missing_first_quote,missing_first_quote,2026-09-29T20:27:45.400000+00:00,2026-09-29T20:27:45.100000+00:00,,,,,,,,,,,,,,,,,,,,,,,,,,,,,,,,,,,,,,
NVDA,lighter,hyperliquid,1000,2026-09-29T20:27:50+00:00,decision_skew,,,,,,,,,,,,,,,,,,,,,,,,,,,,,,,,,,,,,,,,,,,,,,,,,
NVDA,lighter,hyperliquid,1000,2026-09-29T20:27:55+00:00,stale_decision,False,False,,,,,,,,,,,,,,,,,,,,,,,,,,,,,,,,,,,,,,,,,,,,,,,
NVDA,lighter,hyperliquid,1000,2026-09-29T20:28:00+00:00,stale_decision,False,False,,,,,,,,,,,,,,,,,,,,,,,,,,,,,,,,,,,,,,,,,,,,,,,
NVDA,lighter,hyperliquid,1000,2026-09-29T20:28:05+00:00,stale_decision,False,True,,,,,,,,,,,,,,,,,,,,,,,,,,,,,,,,,,,,,,,,,,,,,,,
NVDA,lighter,hyperliquid,1000,2026-09-29T20:28:10+00:00,stale_decision,False,False,,,,,,,,,,,,,,,,,,,,,,,,,,,,,,,,,,,,,,,,,,,,,,,
NVDA,lighter,hyperliquid,1000,2026-09-29T20:28:15+00:00,stale_decision,False,False,,,,,,,,,,,,,,,,,,,,,,,,,,,,,,,,,,,,,,,,,,,,,,,
NVDA,lighter,hyperliquid,1000,2026-09-29T20:28:20+00:00,stale_decision,False,False,,,,,,,,,,,,,,,,,,,,,,,,,,,,,,,,,,,,,,,,,,,,,,,
NVDA,lighter,hyperliquid,1000,2026-09-29T20:28:25+00:00,stale_decision,False,False,,,,,,,,,,,,,,,,,,,,,,,,,,,,,,,,,,,,,,,,,,,,,,,
NVDA,lighter,hyperliquid,1000,2026-09-29T20:28:30+00:00,stale_decision,False,False,,,,,,,,,,,,,,,,,,,,,,,,,,,,,,,,,,,,,,,,,,,,,,,
NVDA,lighter,hyperliquid,1000,2026-09-29T20:28:35+00:00,stale_decision,False,False,,,,,,,,,,,,,,,,,,,,,,,,,,,,,,,,,,,,,,,,,,,,,,,
NVDA,lighter,hyperliquid,1000,2026-09-29T20:28:40+00:00,stale_decision,True,False,,,,,,,,,,,,,,,,,,,,,,,,,,,,,,,,,,,,,,,,,,,,,,,
NVDA,lighter,hyperliquid,1000,2026-09-29T20:28:45+00:00,stale_decision,False,False,,,,,,,,,,,,,,,,,,,,,,,,,,,,,,,,,,,,,,,,,,,,,,,
NVDA,lighter,hyperliquid,1000,2026-09-29T20:28:50+00:00,stale_decision,True,False,,,,,,,,,,,,,,,,,,,,,,,,,,,,,,,,,,,,,,,,,,,,,,,
NVDA,lighter,hyperliquid,1000,2026-09-29T20:28:55+00:00,one_entry_leg_unresolved,,,4.39,227.769,227.71,999.90591,999.6469,eligible,missing_first_quote,2026-09-29T20:28:55.400000+00:00,2026-09-29T20:28:55.100000+00:00,2026-09-29T20:28:55.912585+00:00,2026-09-29T20:28:55.841136+00:00,227.766,23.451,,,,,,,,,,,,,,,,,,,,,,,,,,,,,,,,,,
NVDA,lighter,hyperliquid,1000,2026-09-29T20:29:00+00:00,stale_decision,False,False,,,,,,,,,,,,,,,,,,,,,,,,,,,,,,,,,,,,,,,,,,,,,,,
NVDA,lighter,hyperliquid,1000,2026-09-29T20:29:05+00:00,stale_decision,False,False,,,,,,,,,,,,,,,,,,,,,,,,,,,,,,,,,,,,,,,,,,,,,,,
NVDA,lighter,hyperliquid,1000,2026-09-29T20:29:10+00:00,one_entry_leg_unresolved,,,4.39,227.766,227.72,999.8927399999999,999.6908,missing_first_quote,eligible,2026-09-29T20:29:10.400000+00:00,2026-09-29T20:29:10.100000+00:00,,,,,2026-09-29T20:29:10.530013+00:00,2026-09-29T20:29:10.257000+00:00,227.73,4.391,,,,,,,,,,,,,,,,,,,,,,,,,,,,,,
NVDA,lighter,hyperliquid,1000,2026-09-29T20:29:15+00:00,stale_decision,False,True,,,,,,,,,,,,,,,,,,,,,,,,,,,,,,,,,,,,,,,,,,,,,,,
NVDA,lighter,hyperliquid,1000,2026-09-29T20:29:20+00:00,stale_decision,False,False,,,,,,,,,,,,,,,,,,,,,,,,,,,,,,,,,,,,,,,,,,,,,,,
NVDA,lighter,hyperliquid,1000,2026-09-29T20:29:25+00:00,stale_decision,True,False,,,,,,,,,,,,,,,,,,,,,,,,,,,,,,,,,,,,,,,,,,,,,,,
NVDA,lighter,hyperliquid,1000,2026-09-29T20:29:30+00:00,stale_decision,True,False,,,,,,,,,,,,,,,,,,,,,,,,,,,,,,,,,,,,,,,,,,,,,,,
NVDA,lighter,hyperliquid,1000,2026-09-29T20:29:35+00:00,stale_decision,False,False,,,,,,,,,,,,,,,,,,,,,,,,,,,,,,,,,,,,,,,,,,,,,,,
NVDA,lighter,hyperliquid,1000,2026-09-29T20:29:40+00:00,stale_decision,True,False,,,,,,,,,,,,,,,,,,,,,,,,,,,,,,,,,,,,,,,,,,,,,,,
NVDA,lighter,hyperliquid,1000,2026-09-29T20:29:45+00:00,stale_decision,True,False,,,,,,,,,,,,,,,,,,,,,,,,,,,,,,,,,,,,,,,,,,,,,,,
NVDA,lighter,hyperliquid,1000,2026-09-29T20:29:50+00:00,stale_decision,True,False,,,,,,,,,,,,,,,,,,,,,,,,,,,,,,,,,,,,,,,,,,,,,,,
NVDA,hyperliquid,rh_lighter,100,2026-09-29T20:23:00+00:00,stale_decision,True,False,,,,,,,,,,,,,,,,,,,,,,,,,,,,,,,,,,,,,,,,,,,,,,,
NVDA,hyperliquid,rh_lighter,100,2026-09-29T20:23:05+00:00,stale_decision,False,True,,,,,,,,,,,,,,,,,,,,,,,,,,,,,,,,,,,,,,,,,,,,,,,
NVDA,hyperliquid,rh_lighter,100,2026-09-29T20:23:10+00:00,stale_decision,False,False,,,,,,,,,,,,,,,,,,,,,,,,,,,,,,,,,,,,,,,,,,,,,,,
NVDA,hyperliquid,rh_lighter,100,2026-09-29T20:23:15+00:00,stale_decision,False,False,,,,,,,,,,,,,,,,,,,,,,,,,,,,,,,,,,,,,,,,,,,,,,,
NVDA,hyperliquid,rh_lighter,100,2026-09-29T20:23:20+00:00,stale_decision,False,True,,,,,,,,,,,,,,,,,,,,,,,,,,,,,,,,,,,,,,,,,,,,,,,
NVDA,hyperliquid,rh_lighter,100,2026-09-29T20:23:25+00:00,stale_decision,False,False,,,,,,,,,,,,,,,,,,,,,,,,,,,,,,,,,,,,,,,,,,,,,,,
NVDA,hyperliquid,rh_lighter,100,2026-09-29T20:23:30+00:00,both_entry_legs_unresolved,,,0.439,227.69,227.89,99.95591,100.04370999999999,missing_first_quote,missing_first_quote,2026-09-29T20:23:30.100000+00:00,2026-09-29T20:23:30.400000+00:00,,,,,,,,,,,,,,,,,,,,,,,,,,,,,,,,,,,,,,
NVDA,hyperliquid,rh_lighter,100,2026-09-29T20:23:35+00:00,stale_decision,False,True,,,,,,,,,,,,,,,,,,,,,,,,,,,,,,,,,,,,,,,,,,,,,,,
NVDA,hyperliquid,rh_lighter,100,2026-09-29T20:23:40+00:00,stale_decision,True,False,,,,,,,,,,,,,,,,,,,,,,,,,,,,,,,,,,,,,,,,,,,,,,,
NVDA,hyperliquid,rh_lighter,100,2026-09-29T20:23:45+00:00,stale_decision,False,False,,,,,,,,,,,,,,,,,,,,,,,,,,,,,,,,,,,,,,,,,,,,,,,
NVDA,hyperliquid,rh_lighter,100,2026-09-29T20:23:50+00:00,stale_decision,False,False,,,,,,,,,,,,,,,,,,,,,,,,,,,,,,,,,,,,,,,,,,,,,,,
NVDA,hyperliquid,rh_lighter,100,2026-09-29T20:23:55+00:00,stale_decision,False,False,,,,,,,,,,,,,,,,,,,,,,,,,,,,,,,,,,,,,,,,,,,,,,,
NVDA,hyperliquid,rh_lighter,100,2026-09-29T20:24:00+00:00,stale_decision,False,False,,,,,,,,,,,,,,,,,,,,,,,,,,,,,,,,,,,,,,,,,,,,,,,
NVDA,hyperliquid,rh_lighter,100,2026-09-29T20:24:05+00:00,stale_decision,True,False,,,,,,,,,,,,,,,,,,,,,,,,,,,,,,,,,,,,,,,,,,,,,,,
NVDA,hyperliquid,rh_lighter,100,2026-09-29T20:24:10+00:00,stale_decision,False,False,,,,,,,,,,,,,,,,,,,,,,,,,,,,,,,,,,,,,,,,,,,,,,,
NVDA,hyperliquid,rh_lighter,100,2026-09-29T20:24:15+00:00,stale_decision,False,False,,,,,,,,,,,,,,,,,,,,,,,,,,,,,,,,,,,,,,,,,,,,,,,
NVDA,hyperliquid,rh_lighter,100,2026-09-29T20:24:20+00:00,stale_decision,False,False,,,,,,,,,,,,,,,,,,,,,,,,,,,,,,,,,,,,,,,,,,,,,,,
NVDA,hyperliquid,rh_lighter,100,2026-09-29T20:24:25+00:00,stale_decision,False,True,,,,,,,,,,,,,,,,,,,,,,,,,,,,,,,,,,,,,,,,,,,,,,,
NVDA,hyperliquid,rh_lighter,100,2026-09-29T20:24:30+00:00,stale_decision,False,True,,,,,,,,,,,,,,,,,,,,,,,,,,,,,,,,,,,,,,,,,,,,,,,
NVDA,hyperliquid,rh_lighter,100,2026-09-29T20:24:35+00:00,stale_decision,False,True,,,,,,,,,,,,,,,,,,,,,,,,,,,,,,,,,,,,,,,,,,,,,,,
NVDA,hyperliquid,rh_lighter,100,2026-09-29T20:24:40+00:00,stale_decision,False,True,,,,,,,,,,,,,,,,,,,,,,,,,,,,,,,,,,,,,,,,,,,,,,,
NVDA,hyperliquid,rh_lighter,100,2026-09-29T20:24:45+00:00,stale_decision,False,False,,,,,,,,,,,,,,,,,,,,,,,,,,,,,,,,,,,,,,,,,,,,,,,
NVDA,hyperliquid,rh_lighter,100,2026-09-29T20:24:50+00:00,stale_decision,False,True,,,,,,,,,,,,,,,,,,,,,,,,,,,,,,,,,,,,,,,,,,,,,,,
NVDA,hyperliquid,rh_lighter,100,2026-09-29T20:24:55+00:00,both_entry_legs_unresolved,,,0.439,227.69,227.88,99.95591,100.03932,missing_first_quote,missing_first_quote,2026-09-29T20:24:55.100000+00:00,2026-09-29T20:24:55.400000+00:00,,,,,,,,,,,,,,,,,,,,,,,,,,,,,,,,,,,,,,
NVDA,hyperliquid,rh_lighter,100,2026-09-29T20:25:00+00:00,stale_decision,False,False,,,,,,,,,,,,,,,,,,,,,,,,,,,,,,,,,,,,,,,,,,,,,,,
NVDA,hyperliquid,rh_lighter,100,2026-09-29T20:25:05+00:00,stale_decision,False,False,,,,,,,,,,,,,,,,,,,,,,,,,,,,,,,,,,,,,,,,,,,,,,,
NVDA,hyperliquid,rh_lighter,100,2026-09-29T20:25:10+00:00,stale_decision,False,False,,,,,,,,,,,,,,,,,,,,,,,,,,,,,,,,,,,,,,,,,,,,,,,
NVDA,hyperliquid,rh_lighter,100,2026-09-29T20:25:15+00:00,decision_skew,,,,,,,,,,,,,,,,,,,,,,,,,,,,,,,,,,,,,,,,,,,,,,,,,
NVDA,hyperliquid,rh_lighter,100,2026-09-29T20:25:20+00:00,stale_decision,False,False,,,,,,,,,,,,,,,,,,,,,,,,,,,,,,,,,,,,,,,,,,,,,,,
NVDA,hyperliquid,rh_lighter,100,2026-09-29T20:25:25+00:00,stale_decision,False,False,,,,,,,,,,,,,,,,,,,,,,,,,,,,,,,,,,,,,,,,,,,,,,,
NVDA,hyperliquid,rh_lighter,100,2026-09-29T20:25:30+00:00,stale_decision,False,False,,,,,,,,,,,,,,,,,,,,,,,,,,,,,,,,,,,,,,,,,,,,,,,
NVDA,hyperliquid,rh_lighter,100,2026-09-29T20:25:35+00:00,stale_decision,True,False,,,,,,,,,,,,,,,,,,,,,,,,,,,,,,,,,,,,,,,,,,,,,,,
NVDA,hyperliquid,rh_lighter,100,2026-09-29T20:25:40+00:00,stale_decision,False,False,,,,,,,,,,,,,,,,,,,,,,,,,,,,,,,,,,,,,,,,,,,,,,,
NVDA,hyperliquid,rh_lighter,100,2026-09-29T20:25:45+00:00,stale_decision,False,False,,,,,,,,,,,,,,,,,,,,,,,,,,,,,,,,,,,,,,,,,,,,,,,
NVDA,hyperliquid,rh_lighter,100,2026-09-29T20:25:50+00:00,stale_decision,False,True,,,,,,,,,,,,,,,,,,,,,,,,,,,,,,,,,,,,,,,,,,,,,,,
NVDA,hyperliquid,rh_lighter,100,2026-09-29T20:25:55+00:00,stale_decision,False,False,,,,,,,,,,,,,,,,,,,,,,,,,,,,,,,,,,,,,,,,,,,,,,,
NVDA,hyperliquid,rh_lighter,100,2026-09-29T20:26:00+00:00,stale_decision,False,False,,,,,,,,,,,,,,,,,,,,,,,,,,,,,,,,,,,,,,,,,,,,,,,
NVDA,hyperliquid,rh_lighter,100,2026-09-29T20:26:05+00:00,one_entry_leg_unresolved,,,0.439,227.76,227.96,99.98664,100.07444000000001,missing_first_quote,eligible,2026-09-29T20:26:05.100000+00:00,2026-09-29T20:26:05.400000+00:00,,,,,2026-09-29T20:26:05.867700+00:00,2026-09-29T20:26:05.803483+00:00,227.96,80.7864,,,,,,,,,,,,,,,,,,,,,,,,,,,,,,
NVDA,hyperliquid,rh_lighter,100,2026-09-29T20:26:10+00:00,one_entry_leg_unresolved,,,0.439,227.76,227.94,99.98664,100.06566,eligible,missing_first_quote,2026-09-29T20:26:10.100000+00:00,2026-09-29T20:26:10.400000+00:00,2026-09-29T20:26:10.535858+00:00,2026-09-29T20:26:10.276000+00:00,227.76,71.297,,,,,,,,,,,,,,,,,,,,,,,,,,,,,,,,,,
NVDA,hyperliquid,rh_lighter,100,2026-09-29T20:26:15+00:00,stale_decision,False,False,,,,,,,,,,,,,,,,,,,,,,,,,,,,,,,,,,,,,,,,,,,,,,,
NVDA,hyperliquid,rh_lighter,100,2026-09-29T20:26:20+00:00,stale_decision,False,True,,,,,,,,,,,,,,,,,,,,,,,,,,,,,,,,,,,,,,,,,,,,,,,
NVDA,hyperliquid,rh_lighter,100,2026-09-29T20:26:25+00:00,stale_decision,True,False,,,,,,,,,,,,,,,,,,,,,,,,,,,,,,,,,,,,,,,,,,,,,,,
NVDA,hyperliquid,rh_lighter,100,2026-09-29T20:26:30+00:00,one_entry_leg_unresolved,,,0.439,227.76,227.95,99.98664,100.07005,missing_first_quote,eligible,2026-09-29T20:26:30.100000+00:00,2026-09-29T20:26:30.400000+00:00,,,,,2026-09-29T20:26:30.609732+00:00,2026-09-29T20:26:30.543671+00:00,227.95,3.6775,,,,,,,,,,,,,,,,,,,,,,,,,,,,,,
NVDA,hyperliquid,rh_lighter,100,2026-09-29T20:26:35+00:00,stale_decision,False,False,,,,,,,,,,,,,,,,,,,,,,,,,,,,,,,,,,,,,,,,,,,,,,,
NVDA,hyperliquid,rh_lighter,100,2026-09-29T20:26:40+00:00,stale_decision,False,True,,,,,,,,,,,,,,,,,,,,,,,,,,,,,,,,,,,,,,,,,,,,,,,
NVDA,hyperliquid,rh_lighter,100,2026-09-29T20:26:45+00:00,one_entry_leg_unresolved,,,0.439,227.76,227.94,99.98664,100.06566,missing_first_quote,eligible,2026-09-29T20:26:45.100000+00:00,2026-09-29T20:26:45.400000+00:00,,,,,2026-09-29T20:26:45.727173+00:00,2026-09-29T20:26:45.663594+00:00,227.94,250.2088,,,,,,,,,,,,,,,,,,,,,,,,,,,,,,
NVDA,hyperliquid,rh_lighter,100,2026-09-29T20:26:50+00:00,stale_decision,False,True,,,,,,,,,,,,,,,,,,,,,,,,,,,,,,,,,,,,,,,,,,,,,,,
NVDA,hyperliquid,rh_lighter,100,2026-09-29T20:26:55+00:00,stale_decision,False,False,,,,,,,,,,,,,,,,,,,,,,,,,,,,,,,,,,,,,,,,,,,,,,,
NVDA,hyperliquid,rh_lighter,100,2026-09-29T20:27:00+00:00,stale_decision,False,False,,,,,,,,,,,,,,,,,,,,,,,,,,,,,,,,,,,,,,,,,,,,,,,
NVDA,hyperliquid,rh_lighter,100,2026-09-29T20:27:05+00:00,stale_decision,False,False,,,,,,,,,,,,,,,,,,,,,,,,,,,,,,,,,,,,,,,,,,,,,,,
NVDA,hyperliquid,rh_lighter,100,2026-09-29T20:27:10+00:00,stale_decision,False,False,,,,,,,,,,,,,,,,,,,,,,,,,,,,,,,,,,,,,,,,,,,,,,,
NVDA,hyperliquid,rh_lighter,100,2026-09-29T20:27:15+00:00,stale_decision,False,True,,,,,,,,,,,,,,,,,,,,,,,,,,,,,,,,,,,,,,,,,,,,,,,
NVDA,hyperliquid,rh_lighter,100,2026-09-29T20:27:20+00:00,stale_decision,False,True,,,,,,,,,,,,,,,,,,,,,,,,,,,,,,,,,,,,,,,,,,,,,,,
NVDA,hyperliquid,rh_lighter,100,2026-09-29T20:27:25+00:00,stale_decision,False,False,,,,,,,,,,,,,,,,,,,,,,,,,,,,,,,,,,,,,,,,,,,,,,,
NVDA,hyperliquid,rh_lighter,100,2026-09-29T20:27:30+00:00,stale_decision,False,False,,,,,,,,,,,,,,,,,,,,,,,,,,,,,,,,,,,,,,,,,,,,,,,
NVDA,hyperliquid,rh_lighter,100,2026-09-29T20:27:35+00:00,stale_decision,False,False,,,,,,,,,,,,,,,,,,,,,,,,,,,,,,,,,,,,,,,,,,,,,,,
NVDA,hyperliquid,rh_lighter,100,2026-09-29T20:27:40+00:00,one_entry_leg_unresolved,,,0.439,227.74,227.94,99.97786,100.06566,eligible,missing_first_quote,2026-09-29T20:27:40.100000+00:00,2026-09-29T20:27:40.400000+00:00,2026-09-29T20:27:40.399039+00:00,2026-09-29T20:27:40.120000+00:00,227.74,53.964,,,,,,,,,,,,,,,,,,,,,,,,,,,,,,,,,,
NVDA,hyperliquid,rh_lighter,100,2026-09-29T20:27:45+00:00,one_entry_leg_unresolved,,,0.439,227.72,227.9,99.96908,100.0481,missing_first_quote,eligible,2026-09-29T20:27:45.100000+00:00,2026-09-29T20:27:45.400000+00:00,,,,,2026-09-29T20:27:45.701227+00:00,2026-09-29T20:27:45.637891+00:00,227.9,1.3529,,,,,,,,,,,,,,,,,,,,,,,,,,,,,,
NVDA,hyperliquid,rh_lighter,100,2026-09-29T20:27:50+00:00,decision_skew,,,,,,,,,,,,,,,,,,,,,,,,,,,,,,,,,,,,,,,,,,,,,,,,,
NVDA,hyperliquid,rh_lighter,100,2026-09-29T20:27:55+00:00,stale_decision,False,True,,,,,,,,,,,,,,,,,,,,,,,,,,,,,,,,,,,,,,,,,,,,,,,
NVDA,hyperliquid,rh_lighter,100,2026-09-29T20:28:00+00:00,stale_decision,False,True,,,,,,,,,,,,,,,,,,,,,,,,,,,,,,,,,,,,,,,,,,,,,,,
NVDA,hyperliquid,rh_lighter,100,2026-09-29T20:28:05+00:00,both_entry_legs_unresolved,,,0.439,227.72,227.93,99.96908,100.06127000000001,missing_first_quote,missing_first_quote,2026-09-29T20:28:05.100000+00:00,2026-09-29T20:28:05.400000+00:00,,,,,,,,,,,,,,,,,,,,,,,,,,,,,,,,,,,,,,
NVDA,hyperliquid,rh_lighter,100,2026-09-29T20:28:10+00:00,stale_decision,False,True,,,,,,,,,,,,,,,,,,,,,,,,,,,,,,,,,,,,,,,,,,,,,,,
NVDA,hyperliquid,rh_lighter,100,2026-09-29T20:28:15+00:00,stale_decision,False,False,,,,,,,,,,,,,,,,,,,,,,,,,,,,,,,,,,,,,,,,,,,,,,,
NVDA,hyperliquid,rh_lighter,100,2026-09-29T20:28:20+00:00,stale_decision,False,False,,,,,,,,,,,,,,,,,,,,,,,,,,,,,,,,,,,,,,,,,,,,,,,
NVDA,hyperliquid,rh_lighter,100,2026-09-29T20:28:25+00:00,stale_decision,False,True,,,,,,,,,,,,,,,,,,,,,,,,,,,,,,,,,,,,,,,,,,,,,,,
NVDA,hyperliquid,rh_lighter,100,2026-09-29T20:28:30+00:00,stale_decision,False,False,,,,,,,,,,,,,,,,,,,,,,,,,,,,,,,,,,,,,,,,,,,,,,,
NVDA,hyperliquid,rh_lighter,100,2026-09-29T20:28:35+00:00,stale_decision,False,True,,,,,,,,,,,,,,,,,,,,,,,,,,,,,,,,,,,,,,,,,,,,,,,
NVDA,hyperliquid,rh_lighter,100,2026-09-29T20:28:40+00:00,stale_decision,False,False,,,,,,,,,,,,,,,,,,,,,,,,,,,,,,,,,,,,,,,,,,,,,,,
NVDA,hyperliquid,rh_lighter,100,2026-09-29T20:28:45+00:00,stale_decision,False,True,,,,,,,,,,,,,,,,,,,,,,,,,,,,,,,,,,,,,,,,,,,,,,,
NVDA,hyperliquid,rh_lighter,100,2026-09-29T20:28:50+00:00,stale_decision,False,True,,,,,,,,,,,,,,,,,,,,,,,,,,,,,,,,,,,,,,,,,,,,,,,
NVDA,hyperliquid,rh_lighter,100,2026-09-29T20:28:55+00:00,decision_skew,,,,,,,,,,,,,,,,,,,,,,,,,,,,,,,,,,,,,,,,,,,,,,,,,
NVDA,hyperliquid,rh_lighter,100,2026-09-29T20:29:00+00:00,stale_decision,False,False,,,,,,,,,,,,,,,,,,,,,,,,,,,,,,,,,,,,,,,,,,,,,,,
NVDA,hyperliquid,rh_lighter,100,2026-09-29T20:29:05+00:00,stale_decision,False,False,,,,,,,,,,,,,,,,,,,,,,,,,,,,,,,,,,,,,,,,,,,,,,,
NVDA,hyperliquid,rh_lighter,100,2026-09-29T20:29:10+00:00,one_entry_leg_unresolved,,,0.439,227.74,227.92,99.97786,100.05687999999999,eligible,missing_first_quote,2026-09-29T20:29:10.100000+00:00,2026-09-29T20:29:10.400000+00:00,2026-09-29T20:29:10.530013+00:00,2026-09-29T20:29:10.257000+00:00,227.74,33.852,,,,,,,,,,,,,,,,,,,,,,,,,,,,,,,,,,
NVDA,hyperliquid,rh_lighter,100,2026-09-29T20:29:15+00:00,one_exit_leg_unresolved,,,0.439,227.76,227.93,99.98664,100.06127000000001,eligible,eligible,2026-09-29T20:29:15.100000+00:00,2026-09-29T20:29:15.400000+00:00,2026-09-29T20:29:15.648310+00:00,2026-09-29T20:29:15.336000+00:00,227.77,4.39,2026-09-29T20:29:15.522525+00:00,2026-09-29T20:29:15.459080+00:00,227.93,28.0414,eligible,missing_first_quote,2026-09-29T20:29:20.748310+00:00,2026-09-29T20:29:21.048310+00:00,2026-09-29T20:29:25+00:00,2026-09-29T20:29:21.564057+00:00,2026-09-29T20:29:21.283000+00:00,227.77,17.127,,,,,,,,,,,,,,,,,,,,,
NVDA,hyperliquid,rh_lighter,100,2026-09-29T20:29:20+00:00,stale_decision,False,False,,,,,,,,,,,,,,,,,,,,,,,,,,,,,,,,,,,,,,,,,,,,,,,
NVDA,hyperliquid,rh_lighter,100,2026-09-29T20:29:25+00:00,stale_decision,False,True,,,,,,,,,,,,,,,,,,,,,,,,,,,,,,,,,,,,,,,,,,,,,,,
NVDA,hyperliquid,rh_lighter,100,2026-09-29T20:29:30+00:00,stale_decision,False,True,,,,,,,,,,,,,,,,,,,,,,,,,,,,,,,,,,,,,,,,,,,,,,,
NVDA,hyperliquid,rh_lighter,100,2026-09-29T20:29:35+00:00,stale_decision,False,False,,,,,,,,,,,,,,,,,,,,,,,,,,,,,,,,,,,,,,,,,,,,,,,
NVDA,hyperliquid,rh_lighter,100,2026-09-29T20:29:40+00:00,stale_decision,False,True,,,,,,,,,,,,,,,,,,,,,,,,,,,,,,,,,,,,,,,,,,,,,,,
NVDA,hyperliquid,rh_lighter,100,2026-09-29T20:29:45+00:00,stale_decision,False,False,,,,,,,,,,,,,,,,,,,,,,,,,,,,,,,,,,,,,,,,,,,,,,,
NVDA,hyperliquid,rh_lighter,100,2026-09-29T20:29:50+00:00,stale_decision,False,False,,,,,,,,,,,,,,,,,,,,,,,,,,,,,,,,,,,,,,,,,,,,,,,
NVDA,hyperliquid,rh_lighter,250,2026-09-29T20:23:00+00:00,stale_decision,True,False,,,,,,,,,,,,,,,,,,,,,,,,,,,,,,,,,,,,,,,,,,,,,,,
NVDA,hyperliquid,rh_lighter,250,2026-09-29T20:23:05+00:00,stale_decision,False,True,,,,,,,,,,,,,,,,,,,,,,,,,,,,,,,,,,,,,,,,,,,,,,,
NVDA,hyperliquid,rh_lighter,250,2026-09-29T20:23:10+00:00,stale_decision,False,False,,,,,,,,,,,,,,,,,,,,,,,,,,,,,,,,,,,,,,,,,,,,,,,
NVDA,hyperliquid,rh_lighter,250,2026-09-29T20:23:15+00:00,stale_decision,False,False,,,,,,,,,,,,,,,,,,,,,,,,,,,,,,,,,,,,,,,,,,,,,,,
NVDA,hyperliquid,rh_lighter,250,2026-09-29T20:23:20+00:00,stale_decision,False,True,,,,,,,,,,,,,,,,,,,,,,,,,,,,,,,,,,,,,,,,,,,,,,,
NVDA,hyperliquid,rh_lighter,250,2026-09-29T20:23:25+00:00,stale_decision,False,False,,,,,,,,,,,,,,,,,,,,,,,,,,,,,,,,,,,,,,,,,,,,,,,
NVDA,hyperliquid,rh_lighter,250,2026-09-29T20:23:30+00:00,both_entry_legs_unresolved,,,1.097,227.69,227.89,249.77593,249.99532999999997,missing_first_quote,missing_first_quote,2026-09-29T20:23:30.100000+00:00,2026-09-29T20:23:30.400000+00:00,,,,,,,,,,,,,,,,,,,,,,,,,,,,,,,,,,,,,,
NVDA,hyperliquid,rh_lighter,250,2026-09-29T20:23:35+00:00,stale_decision,False,True,,,,,,,,,,,,,,,,,,,,,,,,,,,,,,,,,,,,,,,,,,,,,,,
NVDA,hyperliquid,rh_lighter,250,2026-09-29T20:23:40+00:00,stale_decision,True,False,,,,,,,,,,,,,,,,,,,,,,,,,,,,,,,,,,,,,,,,,,,,,,,
NVDA,hyperliquid,rh_lighter,250,2026-09-29T20:23:45+00:00,stale_decision,False,False,,,,,,,,,,,,,,,,,,,,,,,,,,,,,,,,,,,,,,,,,,,,,,,
NVDA,hyperliquid,rh_lighter,250,2026-09-29T20:23:50+00:00,stale_decision,False,False,,,,,,,,,,,,,,,,,,,,,,,,,,,,,,,,,,,,,,,,,,,,,,,
NVDA,hyperliquid,rh_lighter,250,2026-09-29T20:23:55+00:00,stale_decision,False,False,,,,,,,,,,,,,,,,,,,,,,,,,,,,,,,,,,,,,,,,,,,,,,,
NVDA,hyperliquid,rh_lighter,250,2026-09-29T20:24:00+00:00,stale_decision,False,False,,,,,,,,,,,,,,,,,,,,,,,,,,,,,,,,,,,,,,,,,,,,,,,
NVDA,hyperliquid,rh_lighter,250,2026-09-29T20:24:05+00:00,stale_decision,True,False,,,,,,,,,,,,,,,,,,,,,,,,,,,,,,,,,,,,,,,,,,,,,,,
NVDA,hyperliquid,rh_lighter,250,2026-09-29T20:24:10+00:00,stale_decision,False,False,,,,,,,,,,,,,,,,,,,,,,,,,,,,,,,,,,,,,,,,,,,,,,,
NVDA,hyperliquid,rh_lighter,250,2026-09-29T20:24:15+00:00,stale_decision,False,False,,,,,,,,,,,,,,,,,,,,,,,,,,,,,,,,,,,,,,,,,,,,,,,
NVDA,hyperliquid,rh_lighter,250,2026-09-29T20:24:20+00:00,stale_decision,False,False,,,,,,,,,,,,,,,,,,,,,,,,,,,,,,,,,,,,,,,,,,,,,,,
NVDA,hyperliquid,rh_lighter,250,2026-09-29T20:24:25+00:00,stale_decision,False,True,,,,,,,,,,,,,,,,,,,,,,,,,,,,,,,,,,,,,,,,,,,,,,,
NVDA,hyperliquid,rh_lighter,250,2026-09-29T20:24:30+00:00,stale_decision,False,True,,,,,,,,,,,,,,,,,,,,,,,,,,,,,,,,,,,,,,,,,,,,,,,
NVDA,hyperliquid,rh_lighter,250,2026-09-29T20:24:35+00:00,stale_decision,False,True,,,,,,,,,,,,,,,,,,,,,,,,,,,,,,,,,,,,,,,,,,,,,,,
NVDA,hyperliquid,rh_lighter,250,2026-09-29T20:24:40+00:00,stale_decision,False,True,,,,,,,,,,,,,,,,,,,,,,,,,,,,,,,,,,,,,,,,,,,,,,,
NVDA,hyperliquid,rh_lighter,250,2026-09-29T20:24:45+00:00,stale_decision,False,False,,,,,,,,,,,,,,,,,,,,,,,,,,,,,,,,,,,,,,,,,,,,,,,
NVDA,hyperliquid,rh_lighter,250,2026-09-29T20:24:50+00:00,stale_decision,False,True,,,,,,,,,,,,,,,,,,,,,,,,,,,,,,,,,,,,,,,,,,,,,,,
NVDA,hyperliquid,rh_lighter,250,2026-09-29T20:24:55+00:00,both_entry_legs_unresolved,,,1.097,227.69,227.88,249.77593,249.98435999999998,missing_first_quote,missing_first_quote,2026-09-29T20:24:55.100000+00:00,2026-09-29T20:24:55.400000+00:00,,,,,,,,,,,,,,,,,,,,,,,,,,,,,,,,,,,,,,
NVDA,hyperliquid,rh_lighter,250,2026-09-29T20:25:00+00:00,stale_decision,False,False,,,,,,,,,,,,,,,,,,,,,,,,,,,,,,,,,,,,,,,,,,,,,,,
NVDA,hyperliquid,rh_lighter,250,2026-09-29T20:25:05+00:00,stale_decision,False,False,,,,,,,,,,,,,,,,,,,,,,,,,,,,,,,,,,,,,,,,,,,,,,,
NVDA,hyperliquid,rh_lighter,250,2026-09-29T20:25:10+00:00,stale_decision,False,False,,,,,,,,,,,,,,,,,,,,,,,,,,,,,,,,,,,,,,,,,,,,,,,
NVDA,hyperliquid,rh_lighter,250,2026-09-29T20:25:15+00:00,decision_skew,,,,,,,,,,,,,,,,,,,,,,,,,,,,,,,,,,,,,,,,,,,,,,,,,
NVDA,hyperliquid,rh_lighter,250,2026-09-29T20:25:20+00:00,stale_decision,False,False,,,,,,,,,,,,,,,,,,,,,,,,,,,,,,,,,,,,,,,,,,,,,,,
NVDA,hyperliquid,rh_lighter,250,2026-09-29T20:25:25+00:00,stale_decision,False,False,,,,,,,,,,,,,,,,,,,,,,,,,,,,,,,,,,,,,,,,,,,,,,,
NVDA,hyperliquid,rh_lighter,250,2026-09-29T20:25:30+00:00,stale_decision,False,False,,,,,,,,,,,,,,,,,,,,,,,,,,,,,,,,,,,,,,,,,,,,,,,
NVDA,hyperliquid,rh_lighter,250,2026-09-29T20:25:35+00:00,stale_decision,True,False,,,,,,,,,,,,,,,,,,,,,,,,,,,,,,,,,,,,,,,,,,,,,,,
NVDA,hyperliquid,rh_lighter,250,2026-09-29T20:25:40+00:00,stale_decision,False,False,,,,,,,,,,,,,,,,,,,,,,,,,,,,,,,,,,,,,,,,,,,,,,,
NVDA,hyperliquid,rh_lighter,250,2026-09-29T20:25:45+00:00,stale_decision,False,False,,,,,,,,,,,,,,,,,,,,,,,,,,,,,,,,,,,,,,,,,,,,,,,
NVDA,hyperliquid,rh_lighter,250,2026-09-29T20:25:50+00:00,stale_decision,False,True,,,,,,,,,,,,,,,,,,,,,,,,,,,,,,,,,,,,,,,,,,,,,,,
NVDA,hyperliquid,rh_lighter,250,2026-09-29T20:25:55+00:00,stale_decision,False,False,,,,,,,,,,,,,,,,,,,,,,,,,,,,,,,,,,,,,,,,,,,,,,,
NVDA,hyperliquid,rh_lighter,250,2026-09-29T20:26:00+00:00,stale_decision,False,False,,,,,,,,,,,,,,,,,,,,,,,,,,,,,,,,,,,,,,,,,,,,,,,
NVDA,hyperliquid,rh_lighter,250,2026-09-29T20:26:05+00:00,one_entry_leg_unresolved,,,1.097,227.76,227.96,249.85271999999998,250.07212,missing_first_quote,eligible,2026-09-29T20:26:05.100000+00:00,2026-09-29T20:26:05.400000+00:00,,,,,2026-09-29T20:26:05.867700+00:00,2026-09-29T20:26:05.803483+00:00,227.96,80.7864,,,,,,,,,,,,,,,,,,,,,,,,,,,,,,
NVDA,hyperliquid,rh_lighter,250,2026-09-29T20:26:10+00:00,one_entry_leg_unresolved,,,1.097,227.76,227.94,249.85271999999998,250.05017999999998,eligible,missing_first_quote,2026-09-29T20:26:10.100000+00:00,2026-09-29T20:26:10.400000+00:00,2026-09-29T20:26:10.535858+00:00,2026-09-29T20:26:10.276000+00:00,227.76,71.297,,,,,,,,,,,,,,,,,,,,,,,,,,,,,,,,,,
NVDA,hyperliquid,rh_lighter,250,2026-09-29T20:26:15+00:00,stale_decision,False,False,,,,,,,,,,,,,,,,,,,,,,,,,,,,,,,,,,,,,,,,,,,,,,,
NVDA,hyperliquid,rh_lighter,250,2026-09-29T20:26:20+00:00,stale_decision,False,True,,,,,,,,,,,,,,,,,,,,,,,,,,,,,,,,,,,,,,,,,,,,,,,
NVDA,hyperliquid,rh_lighter,250,2026-09-29T20:26:25+00:00,stale_decision,True,False,,,,,,,,,,,,,,,,,,,,,,,,,,,,,,,,,,,,,,,,,,,,,,,
NVDA,hyperliquid,rh_lighter,250,2026-09-29T20:26:30+00:00,one_entry_leg_unresolved,,,1.097,227.76,227.95,249.85271999999998,250.06114999999997,missing_first_quote,eligible,2026-09-29T20:26:30.100000+00:00,2026-09-29T20:26:30.400000+00:00,,,,,2026-09-29T20:26:30.609732+00:00,2026-09-29T20:26:30.543671+00:00,227.95,3.6775,,,,,,,,,,,,,,,,,,,,,,,,,,,,,,
NVDA,hyperliquid,rh_lighter,250,2026-09-29T20:26:35+00:00,stale_decision,False,False,,,,,,,,,,,,,,,,,,,,,,,,,,,,,,,,,,,,,,,,,,,,,,,
NVDA,hyperliquid,rh_lighter,250,2026-09-29T20:26:40+00:00,stale_decision,False,True,,,,,,,,,,,,,,,,,,,,,,,,,,,,,,,,,,,,,,,,,,,,,,,
NVDA,hyperliquid,rh_lighter,250,2026-09-29T20:26:45+00:00,one_entry_leg_unresolved,,,1.097,227.76,227.94,249.85271999999998,250.05017999999998,missing_first_quote,eligible,2026-09-29T20:26:45.100000+00:00,2026-09-29T20:26:45.400000+00:00,,,,,2026-09-29T20:26:45.727173+00:00,2026-09-29T20:26:45.663594+00:00,227.94,250.2088,,,,,,,,,,,,,,,,,,,,,,,,,,,,,,
NVDA,hyperliquid,rh_lighter,250,2026-09-29T20:26:50+00:00,stale_decision,False,True,,,,,,,,,,,,,,,,,,,,,,,,,,,,,,,,,,,,,,,,,,,,,,,
NVDA,hyperliquid,rh_lighter,250,2026-09-29T20:26:55+00:00,stale_decision,False,False,,,,,,,,,,,,,,,,,,,,,,,,,,,,,,,,,,,,,,,,,,,,,,,
NVDA,hyperliquid,rh_lighter,250,2026-09-29T20:27:00+00:00,stale_decision,False,False,,,,,,,,,,,,,,,,,,,,,,,,,,,,,,,,,,,,,,,,,,,,,,,
NVDA,hyperliquid,rh_lighter,250,2026-09-29T20:27:05+00:00,stale_decision,False,False,,,,,,,,,,,,,,,,,,,,,,,,,,,,,,,,,,,,,,,,,,,,,,,
NVDA,hyperliquid,rh_lighter,250,2026-09-29T20:27:10+00:00,stale_decision,False,False,,,,,,,,,,,,,,,,,,,,,,,,,,,,,,,,,,,,,,,,,,,,,,,
NVDA,hyperliquid,rh_lighter,250,2026-09-29T20:27:15+00:00,stale_decision,False,True,,,,,,,,,,,,,,,,,,,,,,,,,,,,,,,,,,,,,,,,,,,,,,,
NVDA,hyperliquid,rh_lighter,250,2026-09-29T20:27:20+00:00,stale_decision,False,True,,,,,,,,,,,,,,,,,,,,,,,,,,,,,,,,,,,,,,,,,,,,,,,
NVDA,hyperliquid,rh_lighter,250,2026-09-29T20:27:25+00:00,stale_decision,False,False,,,,,,,,,,,,,,,,,,,,,,,,,,,,,,,,,,,,,,,,,,,,,,,
NVDA,hyperliquid,rh_lighter,250,2026-09-29T20:27:30+00:00,stale_decision,False,False,,,,,,,,,,,,,,,,,,,,,,,,,,,,,,,,,,,,,,,,,,,,,,,
NVDA,hyperliquid,rh_lighter,250,2026-09-29T20:27:35+00:00,stale_decision,False,False,,,,,,,,,,,,,,,,,,,,,,,,,,,,,,,,,,,,,,,,,,,,,,,
NVDA,hyperliquid,rh_lighter,250,2026-09-29T20:27:40+00:00,one_entry_leg_unresolved,,,1.097,227.74,227.94,249.83078,250.05017999999998,eligible,missing_first_quote,2026-09-29T20:27:40.100000+00:00,2026-09-29T20:27:40.400000+00:00,2026-09-29T20:27:40.399039+00:00,2026-09-29T20:27:40.120000+00:00,227.74,53.964,,,,,,,,,,,,,,,,,,,,,,,,,,,,,,,,,,
NVDA,hyperliquid,rh_lighter,250,2026-09-29T20:27:45+00:00,one_entry_leg_unresolved,,,1.097,227.72,227.9,249.80884,250.0063,missing_first_quote,eligible,2026-09-29T20:27:45.100000+00:00,2026-09-29T20:27:45.400000+00:00,,,,,2026-09-29T20:27:45.701227+00:00,2026-09-29T20:27:45.637891+00:00,227.9,1.3529,,,,,,,,,,,,,,,,,,,,,,,,,,,,,,
NVDA,hyperliquid,rh_lighter,250,2026-09-29T20:27:50+00:00,decision_skew,,,,,,,,,,,,,,,,,,,,,,,,,,,,,,,,,,,,,,,,,,,,,,,,,
NVDA,hyperliquid,rh_lighter,250,2026-09-29T20:27:55+00:00,stale_decision,False,True,,,,,,,,,,,,,,,,,,,,,,,,,,,,,,,,,,,,,,,,,,,,,,,
NVDA,hyperliquid,rh_lighter,250,2026-09-29T20:28:00+00:00,stale_decision,False,True,,,,,,,,,,,,,,,,,,,,,,,,,,,,,,,,,,,,,,,,,,,,,,,
NVDA,hyperliquid,rh_lighter,250,2026-09-29T20:28:05+00:00,both_entry_legs_unresolved,,,1.097,227.72,227.93,249.80884,250.03921,missing_first_quote,missing_first_quote,2026-09-29T20:28:05.100000+00:00,2026-09-29T20:28:05.400000+00:00,,,,,,,,,,,,,,,,,,,,,,,,,,,,,,,,,,,,,,
NVDA,hyperliquid,rh_lighter,250,2026-09-29T20:28:10+00:00,stale_decision,False,True,,,,,,,,,,,,,,,,,,,,,,,,,,,,,,,,,,,,,,,,,,,,,,,
NVDA,hyperliquid,rh_lighter,250,2026-09-29T20:28:15+00:00,stale_decision,False,False,,,,,,,,,,,,,,,,,,,,,,,,,,,,,,,,,,,,,,,,,,,,,,,
NVDA,hyperliquid,rh_lighter,250,2026-09-29T20:28:20+00:00,stale_decision,False,False,,,,,,,,,,,,,,,,,,,,,,,,,,,,,,,,,,,,,,,,,,,,,,,
NVDA,hyperliquid,rh_lighter,250,2026-09-29T20:28:25+00:00,stale_decision,False,True,,,,,,,,,,,,,,,,,,,,,,,,,,,,,,,,,,,,,,,,,,,,,,,
NVDA,hyperliquid,rh_lighter,250,2026-09-29T20:28:30+00:00,stale_decision,False,False,,,,,,,,,,,,,,,,,,,,,,,,,,,,,,,,,,,,,,,,,,,,,,,
NVDA,hyperliquid,rh_lighter,250,2026-09-29T20:28:35+00:00,stale_decision,False,True,,,,,,,,,,,,,,,,,,,,,,,,,,,,,,,,,,,,,,,,,,,,,,,
NVDA,hyperliquid,rh_lighter,250,2026-09-29T20:28:40+00:00,stale_decision,False,False,,,,,,,,,,,,,,,,,,,,,,,,,,,,,,,,,,,,,,,,,,,,,,,
NVDA,hyperliquid,rh_lighter,250,2026-09-29T20:28:45+00:00,stale_decision,False,True,,,,,,,,,,,,,,,,,,,,,,,,,,,,,,,,,,,,,,,,,,,,,,,
NVDA,hyperliquid,rh_lighter,250,2026-09-29T20:28:50+00:00,stale_decision,False,True,,,,,,,,,,,,,,,,,,,,,,,,,,,,,,,,,,,,,,,,,,,,,,,
NVDA,hyperliquid,rh_lighter,250,2026-09-29T20:28:55+00:00,decision_skew,,,,,,,,,,,,,,,,,,,,,,,,,,,,,,,,,,,,,,,,,,,,,,,,,
NVDA,hyperliquid,rh_lighter,250,2026-09-29T20:29:00+00:00,stale_decision,False,False,,,,,,,,,,,,,,,,,,,,,,,,,,,,,,,,,,,,,,,,,,,,,,,
NVDA,hyperliquid,rh_lighter,250,2026-09-29T20:29:05+00:00,stale_decision,False,False,,,,,,,,,,,,,,,,,,,,,,,,,,,,,,,,,,,,,,,,,,,,,,,
NVDA,hyperliquid,rh_lighter,250,2026-09-29T20:29:10+00:00,one_entry_leg_unresolved,,,1.097,227.74,227.92,249.83078,250.02823999999998,eligible,missing_first_quote,2026-09-29T20:29:10.100000+00:00,2026-09-29T20:29:10.400000+00:00,2026-09-29T20:29:10.530013+00:00,2026-09-29T20:29:10.257000+00:00,227.74,33.852,,,,,,,,,,,,,,,,,,,,,,,,,,,,,,,,,,
NVDA,hyperliquid,rh_lighter,250,2026-09-29T20:29:15+00:00,one_exit_leg_unresolved,,,1.097,227.76,227.93,249.85271999999998,250.03921,eligible,eligible,2026-09-29T20:29:15.100000+00:00,2026-09-29T20:29:15.400000+00:00,2026-09-29T20:29:15.648310+00:00,2026-09-29T20:29:15.336000+00:00,227.77,4.39,2026-09-29T20:29:15.522525+00:00,2026-09-29T20:29:15.459080+00:00,227.93,28.0414,eligible,missing_first_quote,2026-09-29T20:29:20.748310+00:00,2026-09-29T20:29:21.048310+00:00,2026-09-29T20:29:25+00:00,2026-09-29T20:29:21.564057+00:00,2026-09-29T20:29:21.283000+00:00,227.77,17.127,,,,,,,,,,,,,,,,,,,,,
NVDA,hyperliquid,rh_lighter,250,2026-09-29T20:29:20+00:00,stale_decision,False,False,,,,,,,,,,,,,,,,,,,,,,,,,,,,,,,,,,,,,,,,,,,,,,,
NVDA,hyperliquid,rh_lighter,250,2026-09-29T20:29:25+00:00,stale_decision,False,True,,,,,,,,,,,,,,,,,,,,,,,,,,,,,,,,,,,,,,,,,,,,,,,
NVDA,hyperliquid,rh_lighter,250,2026-09-29T20:29:30+00:00,stale_decision,False,True,,,,,,,,,,,,,,,,,,,,,,,,,,,,,,,,,,,,,,,,,,,,,,,
NVDA,hyperliquid,rh_lighter,250,2026-09-29T20:29:35+00:00,stale_decision,False,False,,,,,,,,,,,,,,,,,,,,,,,,,,,,,,,,,,,,,,,,,,,,,,,
NVDA,hyperliquid,rh_lighter,250,2026-09-29T20:29:40+00:00,stale_decision,False,True,,,,,,,,,,,,,,,,,,,,,,,,,,,,,,,,,,,,,,,,,,,,,,,
NVDA,hyperliquid,rh_lighter,250,2026-09-29T20:29:45+00:00,stale_decision,False,False,,,,,,,,,,,,,,,,,,,,,,,,,,,,,,,,,,,,,,,,,,,,,,,
NVDA,hyperliquid,rh_lighter,250,2026-09-29T20:29:50+00:00,stale_decision,False,False,,,,,,,,,,,,,,,,,,,,,,,,,,,,,,,,,,,,,,,,,,,,,,,
NVDA,hyperliquid,rh_lighter,1000,2026-09-29T20:23:00+00:00,stale_decision,True,False,,,,,,,,,,,,,,,,,,,,,,,,,,,,,,,,,,,,,,,,,,,,,,,
NVDA,hyperliquid,rh_lighter,1000,2026-09-29T20:23:05+00:00,stale_decision,False,True,,,,,,,,,,,,,,,,,,,,,,,,,,,,,,,,,,,,,,,,,,,,,,,
NVDA,hyperliquid,rh_lighter,1000,2026-09-29T20:23:10+00:00,stale_decision,False,False,,,,,,,,,,,,,,,,,,,,,,,,,,,,,,,,,,,,,,,,,,,,,,,
NVDA,hyperliquid,rh_lighter,1000,2026-09-29T20:23:15+00:00,stale_decision,False,False,,,,,,,,,,,,,,,,,,,,,,,,,,,,,,,,,,,,,,,,,,,,,,,
NVDA,hyperliquid,rh_lighter,1000,2026-09-29T20:23:20+00:00,stale_decision,False,True,,,,,,,,,,,,,,,,,,,,,,,,,,,,,,,,,,,,,,,,,,,,,,,
NVDA,hyperliquid,rh_lighter,1000,2026-09-29T20:23:25+00:00,stale_decision,False,False,,,,,,,,,,,,,,,,,,,,,,,,,,,,,,,,,,,,,,,,,,,,,,,
NVDA,hyperliquid,rh_lighter,1000,2026-09-29T20:23:30+00:00,both_entry_legs_unresolved,,,4.391,227.69,227.89,999.78679,1000.66499,missing_first_quote,missing_first_quote,2026-09-29T20:23:30.100000+00:00,2026-09-29T20:23:30.400000+00:00,,,,,,,,,,,,,,,,,,,,,,,,,,,,,,,,,,,,,,
NVDA,hyperliquid,rh_lighter,1000,2026-09-29T20:23:35+00:00,stale_decision,False,True,,,,,,,,,,,,,,,,,,,,,,,,,,,,,,,,,,,,,,,,,,,,,,,
NVDA,hyperliquid,rh_lighter,1000,2026-09-29T20:23:40+00:00,stale_decision,True,False,,,,,,,,,,,,,,,,,,,,,,,,,,,,,,,,,,,,,,,,,,,,,,,
NVDA,hyperliquid,rh_lighter,1000,2026-09-29T20:23:45+00:00,stale_decision,False,False,,,,,,,,,,,,,,,,,,,,,,,,,,,,,,,,,,,,,,,,,,,,,,,
NVDA,hyperliquid,rh_lighter,1000,2026-09-29T20:23:50+00:00,stale_decision,False,False,,,,,,,,,,,,,,,,,,,,,,,,,,,,,,,,,,,,,,,,,,,,,,,
NVDA,hyperliquid,rh_lighter,1000,2026-09-29T20:23:55+00:00,stale_decision,False,False,,,,,,,,,,,,,,,,,,,,,,,,,,,,,,,,,,,,,,,,,,,,,,,
NVDA,hyperliquid,rh_lighter,1000,2026-09-29T20:24:00+00:00,stale_decision,False,False,,,,,,,,,,,,,,,,,,,,,,,,,,,,,,,,,,,,,,,,,,,,,,,
NVDA,hyperliquid,rh_lighter,1000,2026-09-29T20:24:05+00:00,stale_decision,True,False,,,,,,,,,,,,,,,,,,,,,,,,,,,,,,,,,,,,,,,,,,,,,,,
NVDA,hyperliquid,rh_lighter,1000,2026-09-29T20:24:10+00:00,stale_decision,False,False,,,,,,,,,,,,,,,,,,,,,,,,,,,,,,,,,,,,,,,,,,,,,,,
NVDA,hyperliquid,rh_lighter,1000,2026-09-29T20:24:15+00:00,stale_decision,False,False,,,,,,,,,,,,,,,,,,,,,,,,,,,,,,,,,,,,,,,,,,,,,,,
NVDA,hyperliquid,rh_lighter,1000,2026-09-29T20:24:20+00:00,stale_decision,False,False,,,,,,,,,,,,,,,,,,,,,,,,,,,,,,,,,,,,,,,,,,,,,,,
NVDA,hyperliquid,rh_lighter,1000,2026-09-29T20:24:25+00:00,stale_decision,False,True,,,,,,,,,,,,,,,,,,,,,,,,,,,,,,,,,,,,,,,,,,,,,,,
NVDA,hyperliquid,rh_lighter,1000,2026-09-29T20:24:30+00:00,stale_decision,False,True,,,,,,,,,,,,,,,,,,,,,,,,,,,,,,,,,,,,,,,,,,,,,,,
NVDA,hyperliquid,rh_lighter,1000,2026-09-29T20:24:35+00:00,stale_decision,False,True,,,,,,,,,,,,,,,,,,,,,,,,,,,,,,,,,,,,,,,,,,,,,,,
NVDA,hyperliquid,rh_lighter,1000,2026-09-29T20:24:40+00:00,stale_decision,False,True,,,,,,,,,,,,,,,,,,,,,,,,,,,,,,,,,,,,,,,,,,,,,,,
NVDA,hyperliquid,rh_lighter,1000,2026-09-29T20:24:45+00:00,stale_decision,False,False,,,,,,,,,,,,,,,,,,,,,,,,,,,,,,,,,,,,,,,,,,,,,,,
NVDA,hyperliquid,rh_lighter,1000,2026-09-29T20:24:50+00:00,stale_decision,False,True,,,,,,,,,,,,,,,,,,,,,,,,,,,,,,,,,,,,,,,,,,,,,,,
NVDA,hyperliquid,rh_lighter,1000,2026-09-29T20:24:55+00:00,both_entry_legs_unresolved,,,4.391,227.69,227.88,999.78679,1000.62108,missing_first_quote,missing_first_quote,2026-09-29T20:24:55.100000+00:00,2026-09-29T20:24:55.400000+00:00,,,,,,,,,,,,,,,,,,,,,,,,,,,,,,,,,,,,,,
NVDA,hyperliquid,rh_lighter,1000,2026-09-29T20:25:00+00:00,stale_decision,False,False,,,,,,,,,,,,,,,,,,,,,,,,,,,,,,,,,,,,,,,,,,,,,,,
NVDA,hyperliquid,rh_lighter,1000,2026-09-29T20:25:05+00:00,stale_decision,False,False,,,,,,,,,,,,,,,,,,,,,,,,,,,,,,,,,,,,,,,,,,,,,,,
NVDA,hyperliquid,rh_lighter,1000,2026-09-29T20:25:10+00:00,stale_decision,False,False,,,,,,,,,,,,,,,,,,,,,,,,,,,,,,,,,,,,,,,,,,,,,,,
NVDA,hyperliquid,rh_lighter,1000,2026-09-29T20:25:15+00:00,decision_skew,,,,,,,,,,,,,,,,,,,,,,,,,,,,,,,,,,,,,,,,,,,,,,,,,
NVDA,hyperliquid,rh_lighter,1000,2026-09-29T20:25:20+00:00,stale_decision,False,False,,,,,,,,,,,,,,,,,,,,,,,,,,,,,,,,,,,,,,,,,,,,,,,
NVDA,hyperliquid,rh_lighter,1000,2026-09-29T20:25:25+00:00,stale_decision,False,False,,,,,,,,,,,,,,,,,,,,,,,,,,,,,,,,,,,,,,,,,,,,,,,
NVDA,hyperliquid,rh_lighter,1000,2026-09-29T20:25:30+00:00,stale_decision,False,False,,,,,,,,,,,,,,,,,,,,,,,,,,,,,,,,,,,,,,,,,,,,,,,
NVDA,hyperliquid,rh_lighter,1000,2026-09-29T20:25:35+00:00,stale_decision,True,False,,,,,,,,,,,,,,,,,,,,,,,,,,,,,,,,,,,,,,,,,,,,,,,
NVDA,hyperliquid,rh_lighter,1000,2026-09-29T20:25:40+00:00,stale_decision,False,False,,,,,,,,,,,,,,,,,,,,,,,,,,,,,,,,,,,,,,,,,,,,,,,
NVDA,hyperliquid,rh_lighter,1000,2026-09-29T20:25:45+00:00,stale_decision,False,False,,,,,,,,,,,,,,,,,,,,,,,,,,,,,,,,,,,,,,,,,,,,,,,
NVDA,hyperliquid,rh_lighter,1000,2026-09-29T20:25:50+00:00,stale_decision,False,True,,,,,,,,,,,,,,,,,,,,,,,,,,,,,,,,,,,,,,,,,,,,,,,
NVDA,hyperliquid,rh_lighter,1000,2026-09-29T20:25:55+00:00,stale_decision,False,False,,,,,,,,,,,,,,,,,,,,,,,,,,,,,,,,,,,,,,,,,,,,,,,
NVDA,hyperliquid,rh_lighter,1000,2026-09-29T20:26:00+00:00,stale_decision,False,False,,,,,,,,,,,,,,,,,,,,,,,,,,,,,,,,,,,,,,,,,,,,,,,
NVDA,hyperliquid,rh_lighter,1000,2026-09-29T20:26:05+00:00,one_entry_leg_unresolved,,,4.39,227.76,227.96,999.8663999999999,1000.7443999999999,missing_first_quote,eligible,2026-09-29T20:26:05.100000+00:00,2026-09-29T20:26:05.400000+00:00,,,,,2026-09-29T20:26:05.867700+00:00,2026-09-29T20:26:05.803483+00:00,227.96,80.7864,,,,,,,,,,,,,,,,,,,,,,,,,,,,,,
NVDA,hyperliquid,rh_lighter,1000,2026-09-29T20:26:10+00:00,one_entry_leg_unresolved,,,4.39,227.76,227.94,999.8663999999999,1000.6565999999999,eligible,missing_first_quote,2026-09-29T20:26:10.100000+00:00,2026-09-29T20:26:10.400000+00:00,2026-09-29T20:26:10.535858+00:00,2026-09-29T20:26:10.276000+00:00,227.76,71.297,,,,,,,,,,,,,,,,,,,,,,,,,,,,,,,,,,
NVDA,hyperliquid,rh_lighter,1000,2026-09-29T20:26:15+00:00,stale_decision,False,False,,,,,,,,,,,,,,,,,,,,,,,,,,,,,,,,,,,,,,,,,,,,,,,
NVDA,hyperliquid,rh_lighter,1000,2026-09-29T20:26:20+00:00,stale_decision,False,True,,,,,,,,,,,,,,,,,,,,,,,,,,,,,,,,,,,,,,,,,,,,,,,
NVDA,hyperliquid,rh_lighter,1000,2026-09-29T20:26:25+00:00,stale_decision,True,False,,,,,,,,,,,,,,,,,,,,,,,,,,,,,,,,,,,,,,,,,,,,,,,
NVDA,hyperliquid,rh_lighter,1000,2026-09-29T20:26:30+00:00,both_entry_legs_unresolved,,,4.39,227.76,227.95,999.8663999999999,1000.7004999999999,missing_first_quote,shallow_first_quote,2026-09-29T20:26:30.100000+00:00,2026-09-29T20:26:30.400000+00:00,,,,,2026-09-29T20:26:30.609732+00:00,2026-09-29T20:26:30.543671+00:00,227.95,3.6775,,,,,,,,,,,,,,,,,,,,,,,,,,,,,,
NVDA,hyperliquid,rh_lighter,1000,2026-09-29T20:26:35+00:00,stale_decision,False,False,,,,,,,,,,,,,,,,,,,,,,,,,,,,,,,,,,,,,,,,,,,,,,,
NVDA,hyperliquid,rh_lighter,1000,2026-09-29T20:26:40+00:00,stale_decision,False,True,,,,,,,,,,,,,,,,,,,,,,,,,,,,,,,,,,,,,,,,,,,,,,,
NVDA,hyperliquid,rh_lighter,1000,2026-09-29T20:26:45+00:00,one_entry_leg_unresolved,,,4.39,227.76,227.94,999.8663999999999,1000.6565999999999,missing_first_quote,eligible,2026-09-29T20:26:45.100000+00:00,2026-09-29T20:26:45.400000+00:00,,,,,2026-09-29T20:26:45.727173+00:00,2026-09-29T20:26:45.663594+00:00,227.94,250.2088,,,,,,,,,,,,,,,,,,,,,,,,,,,,,,
NVDA,hyperliquid,rh_lighter,1000,2026-09-29T20:26:50+00:00,stale_decision,False,True,,,,,,,,,,,,,,,,,,,,,,,,,,,,,,,,,,,,,,,,,,,,,,,
NVDA,hyperliquid,rh_lighter,1000,2026-09-29T20:26:55+00:00,stale_decision,False,False,,,,,,,,,,,,,,,,,,,,,,,,,,,,,,,,,,,,,,,,,,,,,,,
NVDA,hyperliquid,rh_lighter,1000,2026-09-29T20:27:00+00:00,stale_decision,False,False,,,,,,,,,,,,,,,,,,,,,,,,,,,,,,,,,,,,,,,,,,,,,,,
NVDA,hyperliquid,rh_lighter,1000,2026-09-29T20:27:05+00:00,stale_decision,False,False,,,,,,,,,,,,,,,,,,,,,,,,,,,,,,,,,,,,,,,,,,,,,,,
NVDA,hyperliquid,rh_lighter,1000,2026-09-29T20:27:10+00:00,stale_decision,False,False,,,,,,,,,,,,,,,,,,,,,,,,,,,,,,,,,,,,,,,,,,,,,,,
NVDA,hyperliquid,rh_lighter,1000,2026-09-29T20:27:15+00:00,stale_decision,False,True,,,,,,,,,,,,,,,,,,,,,,,,,,,,,,,,,,,,,,,,,,,,,,,
NVDA,hyperliquid,rh_lighter,1000,2026-09-29T20:27:20+00:00,stale_decision,False,True,,,,,,,,,,,,,,,,,,,,,,,,,,,,,,,,,,,,,,,,,,,,,,,
NVDA,hyperliquid,rh_lighter,1000,2026-09-29T20:27:25+00:00,stale_decision,False,False,,,,,,,,,,,,,,,,,,,,,,,,,,,,,,,,,,,,,,,,,,,,,,,
NVDA,hyperliquid,rh_lighter,1000,2026-09-29T20:27:30+00:00,stale_decision,False,False,,,,,,,,,,,,,,,,,,,,,,,,,,,,,,,,,,,,,,,,,,,,,,,
NVDA,hyperliquid,rh_lighter,1000,2026-09-29T20:27:35+00:00,stale_decision,False,False,,,,,,,,,,,,,,,,,,,,,,,,,,,,,,,,,,,,,,,,,,,,,,,
NVDA,hyperliquid,rh_lighter,1000,2026-09-29T20:27:40+00:00,one_entry_leg_unresolved,,,4.39,227.74,227.94,999.7786,1000.6565999999999,eligible,missing_first_quote,2026-09-29T20:27:40.100000+00:00,2026-09-29T20:27:40.400000+00:00,2026-09-29T20:27:40.399039+00:00,2026-09-29T20:27:40.120000+00:00,227.74,53.964,,,,,,,,,,,,,,,,,,,,,,,,,,,,,,,,,,
NVDA,hyperliquid,rh_lighter,1000,2026-09-29T20:27:45+00:00,both_entry_legs_unresolved,,,4.391,227.72,227.9,999.91852,1000.7089,missing_first_quote,shallow_first_quote,2026-09-29T20:27:45.100000+00:00,2026-09-29T20:27:45.400000+00:00,,,,,2026-09-29T20:27:45.701227+00:00,2026-09-29T20:27:45.637891+00:00,227.9,1.3529,,,,,,,,,,,,,,,,,,,,,,,,,,,,,,
NVDA,hyperliquid,rh_lighter,1000,2026-09-29T20:27:50+00:00,decision_skew,,,,,,,,,,,,,,,,,,,,,,,,,,,,,,,,,,,,,,,,,,,,,,,,,
NVDA,hyperliquid,rh_lighter,1000,2026-09-29T20:27:55+00:00,stale_decision,False,True,,,,,,,,,,,,,,,,,,,,,,,,,,,,,,,,,,,,,,,,,,,,,,,
NVDA,hyperliquid,rh_lighter,1000,2026-09-29T20:28:00+00:00,stale_decision,False,True,,,,,,,,,,,,,,,,,,,,,,,,,,,,,,,,,,,,,,,,,,,,,,,
NVDA,hyperliquid,rh_lighter,1000,2026-09-29T20:28:05+00:00,both_entry_legs_unresolved,,,4.391,227.72,227.93,999.91852,1000.84063,missing_first_quote,missing_first_quote,2026-09-29T20:28:05.100000+00:00,2026-09-29T20:28:05.400000+00:00,,,,,,,,,,,,,,,,,,,,,,,,,,,,,,,,,,,,,,
NVDA,hyperliquid,rh_lighter,1000,2026-09-29T20:28:10+00:00,stale_decision,False,True,,,,,,,,,,,,,,,,,,,,,,,,,,,,,,,,,,,,,,,,,,,,,,,
NVDA,hyperliquid,rh_lighter,1000,2026-09-29T20:28:15+00:00,stale_decision,False,False,,,,,,,,,,,,,,,,,,,,,,,,,,,,,,,,,,,,,,,,,,,,,,,
NVDA,hyperliquid,rh_lighter,1000,2026-09-29T20:28:20+00:00,stale_decision,False,False,,,,,,,,,,,,,,,,,,,,,,,,,,,,,,,,,,,,,,,,,,,,,,,
NVDA,hyperliquid,rh_lighter,1000,2026-09-29T20:28:25+00:00,stale_decision,False,True,,,,,,,,,,,,,,,,,,,,,,,,,,,,,,,,,,,,,,,,,,,,,,,
NVDA,hyperliquid,rh_lighter,1000,2026-09-29T20:28:30+00:00,stale_decision,False,False,,,,,,,,,,,,,,,,,,,,,,,,,,,,,,,,,,,,,,,,,,,,,,,
NVDA,hyperliquid,rh_lighter,1000,2026-09-29T20:28:35+00:00,stale_decision,False,True,,,,,,,,,,,,,,,,,,,,,,,,,,,,,,,,,,,,,,,,,,,,,,,
NVDA,hyperliquid,rh_lighter,1000,2026-09-29T20:28:40+00:00,stale_decision,False,False,,,,,,,,,,,,,,,,,,,,,,,,,,,,,,,,,,,,,,,,,,,,,,,
NVDA,hyperliquid,rh_lighter,1000,2026-09-29T20:28:45+00:00,stale_decision,False,True,,,,,,,,,,,,,,,,,,,,,,,,,,,,,,,,,,,,,,,,,,,,,,,
NVDA,hyperliquid,rh_lighter,1000,2026-09-29T20:28:50+00:00,stale_decision,False,True,,,,,,,,,,,,,,,,,,,,,,,,,,,,,,,,,,,,,,,,,,,,,,,
NVDA,hyperliquid,rh_lighter,1000,2026-09-29T20:28:55+00:00,decision_skew,,,,,,,,,,,,,,,,,,,,,,,,,,,,,,,,,,,,,,,,,,,,,,,,,
NVDA,hyperliquid,rh_lighter,1000,2026-09-29T20:29:00+00:00,stale_decision,False,False,,,,,,,,,,,,,,,,,,,,,,,,,,,,,,,,,,,,,,,,,,,,,,,
NVDA,hyperliquid,rh_lighter,1000,2026-09-29T20:29:05+00:00,stale_decision,False,False,,,,,,,,,,,,,,,,,,,,,,,,,,,,,,,,,,,,,,,,,,,,,,,
NVDA,hyperliquid,rh_lighter,1000,2026-09-29T20:29:10+00:00,one_entry_leg_unresolved,,,4.39,227.74,227.92,999.7786,1000.5687999999999,eligible,missing_first_quote,2026-09-29T20:29:10.100000+00:00,2026-09-29T20:29:10.400000+00:00,2026-09-29T20:29:10.530013+00:00,2026-09-29T20:29:10.257000+00:00,227.74,33.852,,,,,,,,,,,,,,,,,,,,,,,,,,,,,,,,,,
NVDA,hyperliquid,rh_lighter,1000,2026-09-29T20:29:15+00:00,one_exit_leg_unresolved,,,4.39,227.76,227.93,999.8663999999999,1000.6126999999999,eligible,eligible,2026-09-29T20:29:15.100000+00:00,2026-09-29T20:29:15.400000+00:00,2026-09-29T20:29:15.648310+00:00,2026-09-29T20:29:15.336000+00:00,227.77,4.39,2026-09-29T20:29:15.522525+00:00,2026-09-29T20:29:15.459080+00:00,227.93,28.0414,eligible,missing_first_quote,2026-09-29T20:29:20.748310+00:00,2026-09-29T20:29:21.048310+00:00,2026-09-29T20:29:25+00:00,2026-09-29T20:29:21.564057+00:00,2026-09-29T20:29:21.283000+00:00,227.77,17.127,,,,,,,,,,,,,,,,,,,,,
NVDA,hyperliquid,rh_lighter,1000,2026-09-29T20:29:20+00:00,stale_decision,False,False,,,,,,,,,,,,,,,,,,,,,,,,,,,,,,,,,,,,,,,,,,,,,,,
NVDA,hyperliquid,rh_lighter,1000,2026-09-29T20:29:25+00:00,stale_decision,False,True,,,,,,,,,,,,,,,,,,,,,,,,,,,,,,,,,,,,,,,,,,,,,,,
NVDA,hyperliquid,rh_lighter,1000,2026-09-29T20:29:30+00:00,stale_decision,False,True,,,,,,,,,,,,,,,,,,,,,,,,,,,,,,,,,,,,,,,,,,,,,,,
NVDA,hyperliquid,rh_lighter,1000,2026-09-29T20:29:35+00:00,stale_decision,False,False,,,,,,,,,,,,,,,,,,,,,,,,,,,,,,,,,,,,,,,,,,,,,,,
NVDA,hyperliquid,rh_lighter,1000,2026-09-29T20:29:40+00:00,stale_decision,False,True,,,,,,,,,,,,,,,,,,,,,,,,,,,,,,,,,,,,,,,,,,,,,,,
NVDA,hyperliquid,rh_lighter,1000,2026-09-29T20:29:45+00:00,stale_decision,False,False,,,,,,,,,,,,,,,,,,,,,,,,,,,,,,,,,,,,,,,,,,,,,,,
NVDA,hyperliquid,rh_lighter,1000,2026-09-29T20:29:50+00:00,stale_decision,False,False,,,,,,,,,,,,,,,,,,,,,,,,,,,,,,,,,,,,,,,,,,,,,,,
NVDA,rh_lighter,hyperliquid,100,2026-09-29T20:23:00+00:00,stale_decision,False,True,,,,,,,,,,,,,,,,,,,,,,,,,,,,,,,,,,,,,,,,,,,,,,,
NVDA,rh_lighter,hyperliquid,100,2026-09-29T20:23:05+00:00,stale_decision,True,False,,,,,,,,,,,,,,,,,,,,,,,,,,,,,,,,,,,,,,,,,,,,,,,
NVDA,rh_lighter,hyperliquid,100,2026-09-29T20:23:10+00:00,stale_decision,False,False,,,,,,,,,,,,,,,,,,,,,,,,,,,,,,,,,,,,,,,,,,,,,,,
NVDA,rh_lighter,hyperliquid,100,2026-09-29T20:23:15+00:00,stale_decision,False,False,,,,,,,,,,,,,,,,,,,,,,,,,,,,,,,,,,,,,,,,,,,,,,,
NVDA,rh_lighter,hyperliquid,100,2026-09-29T20:23:20+00:00,stale_decision,True,False,,,,,,,,,,,,,,,,,,,,,,,,,,,,,,,,,,,,,,,,,,,,,,,
NVDA,rh_lighter,hyperliquid,100,2026-09-29T20:23:25+00:00,stale_decision,False,False,,,,,,,,,,,,,,,,,,,,,,,,,,,,,,,,,,,,,,,,,,,,,,,
NVDA,rh_lighter,hyperliquid,100,2026-09-29T20:23:30+00:00,both_entry_legs_unresolved,,,0.438,227.91,227.68,99.82458,99.72384000000001,missing_first_quote,missing_first_quote,2026-09-29T20:23:30.400000+00:00,2026-09-29T20:23:30.100000+00:00,,,,,,,,,,,,,,,,,,,,,,,,,,,,,,,,,,,,,,
NVDA,rh_lighter,hyperliquid,100,2026-09-29T20:23:35+00:00,stale_decision,True,False,,,,,,,,,,,,,,,,,,,,,,,,,,,,,,,,,,,,,,,,,,,,,,,
NVDA,rh_lighter,hyperliquid,100,2026-09-29T20:23:40+00:00,stale_decision,False,True,,,,,,,,,,,,,,,,,,,,,,,,,,,,,,,,,,,,,,,,,,,,,,,
NVDA,rh_lighter,hyperliquid,100,2026-09-29T20:23:45+00:00,stale_decision,False,False,,,,,,,,,,,,,,,,,,,,,,,,,,,,,,,,,,,,,,,,,,,,,,,
NVDA,rh_lighter,hyperliquid,100,2026-09-29T20:23:50+00:00,stale_decision,False,False,,,,,,,,,,,,,,,,,,,,,,,,,,,,,,,,,,,,,,,,,,,,,,,
NVDA,rh_lighter,hyperliquid,100,2026-09-29T20:23:55+00:00,stale_decision,False,False,,,,,,,,,,,,,,,,,,,,,,,,,,,,,,,,,,,,,,,,,,,,,,,
NVDA,rh_lighter,hyperliquid,100,2026-09-29T20:24:00+00:00,stale_decision,False,False,,,,,,,,,,,,,,,,,,,,,,,,,,,,,,,,,,,,,,,,,,,,,,,
NVDA,rh_lighter,hyperliquid,100,2026-09-29T20:24:05+00:00,stale_decision,False,True,,,,,,,,,,,,,,,,,,,,,,,,,,,,,,,,,,,,,,,,,,,,,,,
NVDA,rh_lighter,hyperliquid,100,2026-09-29T20:24:10+00:00,stale_decision,False,False,,,,,,,,,,,,,,,,,,,,,,,,,,,,,,,,,,,,,,,,,,,,,,,
NVDA,rh_lighter,hyperliquid,100,2026-09-29T20:24:15+00:00,stale_decision,False,False,,,,,,,,,,,,,,,,,,,,,,,,,,,,,,,,,,,,,,,,,,,,,,,
NVDA,rh_lighter,hyperliquid,100,2026-09-29T20:24:20+00:00,stale_decision,False,False,,,,,,,,,,,,,,,,,,,,,,,,,,,,,,,,,,,,,,,,,,,,,,,
NVDA,rh_lighter,hyperliquid,100,2026-09-29T20:24:25+00:00,stale_decision,True,False,,,,,,,,,,,,,,,,,,,,,,,,,,,,,,,,,,,,,,,,,,,,,,,
NVDA,rh_lighter,hyperliquid,100,2026-09-29T20:24:30+00:00,stale_decision,True,False,,,,,,,,,,,,,,,,,,,,,,,,,,,,,,,,,,,,,,,,,,,,,,,
NVDA,rh_lighter,hyperliquid,100,2026-09-29T20:24:35+00:00,stale_decision,True,False,,,,,,,,,,,,,,,,,,,,,,,,,,,,,,,,,,,,,,,,,,,,,,,
NVDA,rh_lighter,hyperliquid,100,2026-09-29T20:24:40+00:00,stale_decision,True,False,,,,,,,,,,,,,,,,,,,,,,,,,,,,,,,,,,,,,,,,,,,,,,,
NVDA,rh_lighter,hyperliquid,100,2026-09-29T20:24:45+00:00,stale_decision,False,False,,,,,,,,,,,,,,,,,,,,,,,,,,,,,,,,,,,,,,,,,,,,,,,
NVDA,rh_lighter,hyperliquid,100,2026-09-29T20:24:50+00:00,stale_decision,True,False,,,,,,,,,,,,,,,,,,,,,,,,,,,,,,,,,,,,,,,,,,,,,,,
NVDA,rh_lighter,hyperliquid,100,2026-09-29T20:24:55+00:00,both_entry_legs_unresolved,,,0.438,227.91,227.68,99.82458,99.72384000000001,missing_first_quote,missing_first_quote,2026-09-29T20:24:55.400000+00:00,2026-09-29T20:24:55.100000+00:00,,,,,,,,,,,,,,,,,,,,,,,,,,,,,,,,,,,,,,
NVDA,rh_lighter,hyperliquid,100,2026-09-29T20:25:00+00:00,stale_decision,False,False,,,,,,,,,,,,,,,,,,,,,,,,,,,,,,,,,,,,,,,,,,,,,,,
NVDA,rh_lighter,hyperliquid,100,2026-09-29T20:25:05+00:00,stale_decision,False,False,,,,,,,,,,,,,,,,,,,,,,,,,,,,,,,,,,,,,,,,,,,,,,,
NVDA,rh_lighter,hyperliquid,100,2026-09-29T20:25:10+00:00,stale_decision,False,False,,,,,,,,,,,,,,,,,,,,,,,,,,,,,,,,,,,,,,,,,,,,,,,
NVDA,rh_lighter,hyperliquid,100,2026-09-29T20:25:15+00:00,decision_skew,,,,,,,,,,,,,,,,,,,,,,,,,,,,,,,,,,,,,,,,,,,,,,,,,
NVDA,rh_lighter,hyperliquid,100,2026-09-29T20:25:20+00:00,stale_decision,False,False,,,,,,,,,,,,,,,,,,,,,,,,,,,,,,,,,,,,,,,,,,,,,,,
NVDA,rh_lighter,hyperliquid,100,2026-09-29T20:25:25+00:00,stale_decision,False,False,,,,,,,,,,,,,,,,,,,,,,,,,,,,,,,,,,,,,,,,,,,,,,,
NVDA,rh_lighter,hyperliquid,100,2026-09-29T20:25:30+00:00,stale_decision,False,False,,,,,,,,,,,,,,,,,,,,,,,,,,,,,,,,,,,,,,,,,,,,,,,
NVDA,rh_lighter,hyperliquid,100,2026-09-29T20:25:35+00:00,stale_decision,False,True,,,,,,,,,,,,,,,,,,,,,,,,,,,,,,,,,,,,,,,,,,,,,,,
NVDA,rh_lighter,hyperliquid,100,2026-09-29T20:25:40+00:00,stale_decision,False,False,,,,,,,,,,,,,,,,,,,,,,,,,,,,,,,,,,,,,,,,,,,,,,,
NVDA,rh_lighter,hyperliquid,100,2026-09-29T20:25:45+00:00,stale_decision,False,False,,,,,,,,,,,,,,,,,,,,,,,,,,,,,,,,,,,,,,,,,,,,,,,
NVDA,rh_lighter,hyperliquid,100,2026-09-29T20:25:50+00:00,stale_decision,True,False,,,,,,,,,,,,,,,,,,,,,,,,,,,,,,,,,,,,,,,,,,,,,,,
NVDA,rh_lighter,hyperliquid,100,2026-09-29T20:25:55+00:00,stale_decision,False,False,,,,,,,,,,,,,,,,,,,,,,,,,,,,,,,,,,,,,,,,,,,,,,,
NVDA,rh_lighter,hyperliquid,100,2026-09-29T20:26:00+00:00,stale_decision,False,False,,,,,,,,,,,,,,,,,,,,,,,,,,,,,,,,,,,,,,,,,,,,,,,
NVDA,rh_lighter,hyperliquid,100,2026-09-29T20:26:05+00:00,one_entry_leg_unresolved,,,0.438,227.98,227.74,99.85524,99.75012000000001,eligible,missing_first_quote,2026-09-29T20:26:05.400000+00:00,2026-09-29T20:26:05.100000+00:00,2026-09-29T20:26:05.867700+00:00,2026-09-29T20:26:05.803483+00:00,228.01,60.4614,,,,,,,,,,,,,,,,,,,,,,,,,,,,,,,,,,
NVDA,rh_lighter,hyperliquid,100,2026-09-29T20:26:10+00:00,one_entry_leg_unresolved,,,0.438,227.99,227.75,99.85962,99.7545,missing_first_quote,eligible,2026-09-29T20:26:10.400000+00:00,2026-09-29T20:26:10.100000+00:00,,,,,2026-09-29T20:26:10.535858+00:00,2026-09-29T20:26:10.276000+00:00,227.75,24.708,,,,,,,,,,,,,,,,,,,,,,,,,,,,,,
NVDA,rh_lighter,hyperliquid,100,2026-09-29T20:26:15+00:00,stale_decision,False,False,,,,,,,,,,,,,,,,,,,,,,,,,,,,,,,,,,,,,,,,,,,,,,,
NVDA,rh_lighter,hyperliquid,100,2026-09-29T20:26:20+00:00,stale_decision,True,False,,,,,,,,,,,,,,,,,,,,,,,,,,,,,,,,,,,,,,,,,,,,,,,
NVDA,rh_lighter,hyperliquid,100,2026-09-29T20:26:25+00:00,stale_decision,False,True,,,,,,,,,,,,,,,,,,,,,,,,,,,,,,,,,,,,,,,,,,,,,,,
NVDA,rh_lighter,hyperliquid,100,2026-09-29T20:26:30+00:00,one_entry_leg_unresolved,,,0.438,228.0,227.75,99.864,99.7545,eligible,missing_first_quote,2026-09-29T20:26:30.400000+00:00,2026-09-29T20:26:30.100000+00:00,2026-09-29T20:26:30.609732+00:00,2026-09-29T20:26:30.543671+00:00,228.0,7.8152,,,,,,,,,,,,,,,,,,,,,,,,,,,,,,,,,,
NVDA,rh_lighter,hyperliquid,100,2026-09-29T20:26:35+00:00,stale_decision,False,False,,,,,,,,,,,,,,,,,,,,,,,,,,,,,,,,,,,,,,,,,,,,,,,
NVDA,rh_lighter,hyperliquid,100,2026-09-29T20:26:40+00:00,stale_decision,True,False,,,,,,,,,,,,,,,,,,,,,,,,,,,,,,,,,,,,,,,,,,,,,,,
NVDA,rh_lighter,hyperliquid,100,2026-09-29T20:26:45+00:00,one_entry_leg_unresolved,,,0.438,228.0,227.75,99.864,99.7545,eligible,missing_first_quote,2026-09-29T20:26:45.400000+00:00,2026-09-29T20:26:45.100000+00:00,2026-09-29T20:26:45.727173+00:00,2026-09-29T20:26:45.663594+00:00,227.99,2.632,,,,,,,,,,,,,,,,,,,,,,,,,,,,,,,,,,
NVDA,rh_lighter,hyperliquid,100,2026-09-29T20:26:50+00:00,stale_decision,True,False,,,,,,,,,,,,,,,,,,,,,,,,,,,,,,,,,,,,,,,,,,,,,,,
NVDA,rh_lighter,hyperliquid,100,2026-09-29T20:26:55+00:00,stale_decision,False,False,,,,,,,,,,,,,,,,,,,,,,,,,,,,,,,,,,,,,,,,,,,,,,,
NVDA,rh_lighter,hyperliquid,100,2026-09-29T20:27:00+00:00,stale_decision,False,False,,,,,,,,,,,,,,,,,,,,,,,,,,,,,,,,,,,,,,,,,,,,,,,
NVDA,rh_lighter,hyperliquid,100,2026-09-29T20:27:05+00:00,stale_decision,False,False,,,,,,,,,,,,,,,,,,,,,,,,,,,,,,,,,,,,,,,,,,,,,,,
NVDA,rh_lighter,hyperliquid,100,2026-09-29T20:27:10+00:00,stale_decision,False,False,,,,,,,,,,,,,,,,,,,,,,,,,,,,,,,,,,,,,,,,,,,,,,,
NVDA,rh_lighter,hyperliquid,100,2026-09-29T20:27:15+00:00,stale_decision,True,False,,,,,,,,,,,,,,,,,,,,,,,,,,,,,,,,,,,,,,,,,,,,,,,
NVDA,rh_lighter,hyperliquid,100,2026-09-29T20:27:20+00:00,stale_decision,True,False,,,,,,,,,,,,,,,,,,,,,,,,,,,,,,,,,,,,,,,,,,,,,,,
NVDA,rh_lighter,hyperliquid,100,2026-09-29T20:27:25+00:00,stale_decision,False,False,,,,,,,,,,,,,,,,,,,,,,,,,,,,,,,,,,,,,,,,,,,,,,,
NVDA,rh_lighter,hyperliquid,100,2026-09-29T20:27:30+00:00,stale_decision,False,False,,,,,,,,,,,,,,,,,,,,,,,,,,,,,,,,,,,,,,,,,,,,,,,
NVDA,rh_lighter,hyperliquid,100,2026-09-29T20:27:35+00:00,stale_decision,False,False,,,,,,,,,,,,,,,,,,,,,,,,,,,,,,,,,,,,,,,,,,,,,,,
NVDA,rh_lighter,hyperliquid,100,2026-09-29T20:27:40+00:00,one_entry_leg_unresolved,,,0.438,227.99,227.73,99.85962,99.74574,missing_first_quote,eligible,2026-09-29T20:27:40.400000+00:00,2026-09-29T20:27:40.100000+00:00,,,,,2026-09-29T20:27:40.399039+00:00,2026-09-29T20:27:40.120000+00:00,227.73,43.408,,,,,,,,,,,,,,,,,,,,,,,,,,,,,,
NVDA,rh_lighter,hyperliquid,100,2026-09-29T20:27:45+00:00,one_entry_leg_unresolved,,,0.438,227.95,227.71,99.8421,99.73698,eligible,missing_first_quote,2026-09-29T20:27:45.400000+00:00,2026-09-29T20:27:45.100000+00:00,2026-09-29T20:27:45.701227+00:00,2026-09-29T20:27:45.637891+00:00,227.95,12.2031,,,,,,,,,,,,,,,,,,,,,,,,,,,,,,,,,,
NVDA,rh_lighter,hyperliquid,100,2026-09-29T20:27:50+00:00,decision_skew,,,,,,,,,,,,,,,,,,,,,,,,,,,,,,,,,,,,,,,,,,,,,,,,,
NVDA,rh_lighter,hyperliquid,100,2026-09-29T20:27:55+00:00,stale_decision,True,False,,,,,,,,,,,,,,,,,,,,,,,,,,,,,,,,,,,,,,,,,,,,,,,
NVDA,rh_lighter,hyperliquid,100,2026-09-29T20:28:00+00:00,stale_decision,True,False,,,,,,,,,,,,,,,,,,,,,,,,,,,,,,,,,,,,,,,,,,,,,,,
NVDA,rh_lighter,hyperliquid,100,2026-09-29T20:28:05+00:00,both_entry_legs_unresolved,,,0.438,227.95,227.71,99.8421,99.73698,missing_first_quote,missing_first_quote,2026-09-29T20:28:05.400000+00:00,2026-09-29T20:28:05.100000+00:00,,,,,,,,,,,,,,,,,,,,,,,,,,,,,,,,,,,,,,
NVDA,rh_lighter,hyperliquid,100,2026-09-29T20:28:10+00:00,stale_decision,True,False,,,,,,,,,,,,,,,,,,,,,,,,,,,,,,,,,,,,,,,,,,,,,,,
NVDA,rh_lighter,hyperliquid,100,2026-09-29T20:28:15+00:00,stale_decision,False,False,,,,,,,,,,,,,,,,,,,,,,,,,,,,,,,,,,,,,,,,,,,,,,,
NVDA,rh_lighter,hyperliquid,100,2026-09-29T20:28:20+00:00,stale_decision,False,False,,,,,,,,,,,,,,,,,,,,,,,,,,,,,,,,,,,,,,,,,,,,,,,
NVDA,rh_lighter,hyperliquid,100,2026-09-29T20:28:25+00:00,stale_decision,True,False,,,,,,,,,,,,,,,,,,,,,,,,,,,,,,,,,,,,,,,,,,,,,,,
NVDA,rh_lighter,hyperliquid,100,2026-09-29T20:28:30+00:00,stale_decision,False,False,,,,,,,,,,,,,,,,,,,,,,,,,,,,,,,,,,,,,,,,,,,,,,,
NVDA,rh_lighter,hyperliquid,100,2026-09-29T20:28:35+00:00,stale_decision,True,False,,,,,,,,,,,,,,,,,,,,,,,,,,,,,,,,,,,,,,,,,,,,,,,
NVDA,rh_lighter,hyperliquid,100,2026-09-29T20:28:40+00:00,stale_decision,False,False,,,,,,,,,,,,,,,,,,,,,,,,,,,,,,,,,,,,,,,,,,,,,,,
NVDA,rh_lighter,hyperliquid,100,2026-09-29T20:28:45+00:00,stale_decision,True,False,,,,,,,,,,,,,,,,,,,,,,,,,,,,,,,,,,,,,,,,,,,,,,,
NVDA,rh_lighter,hyperliquid,100,2026-09-29T20:28:50+00:00,stale_decision,True,False,,,,,,,,,,,,,,,,,,,,,,,,,,,,,,,,,,,,,,,,,,,,,,,
NVDA,rh_lighter,hyperliquid,100,2026-09-29T20:28:55+00:00,decision_skew,,,,,,,,,,,,,,,,,,,,,,,,,,,,,,,,,,,,,,,,,,,,,,,,,
NVDA,rh_lighter,hyperliquid,100,2026-09-29T20:29:00+00:00,stale_decision,False,False,,,,,,,,,,,,,,,,,,,,,,,,,,,,,,,,,,,,,,,,,,,,,,,
NVDA,rh_lighter,hyperliquid,100,2026-09-29T20:29:05+00:00,stale_decision,False,False,,,,,,,,,,,,,,,,,,,,,,,,,,,,,,,,,,,,,,,,,,,,,,,
NVDA,rh_lighter,hyperliquid,100,2026-09-29T20:29:10+00:00,one_entry_leg_unresolved,,,0.438,227.95,227.72,99.8421,99.74136,missing_first_quote,eligible,2026-09-29T20:29:10.400000+00:00,2026-09-29T20:29:10.100000+00:00,,,,,2026-09-29T20:29:10.530013+00:00,2026-09-29T20:29:10.257000+00:00,227.73,4.391,,,,,,,,,,,,,,,,,,,,,,,,,,,,,,
NVDA,rh_lighter,hyperliquid,100,2026-09-29T20:29:15+00:00,one_exit_leg_unresolved,,,0.438,227.98,227.75,99.85524,99.7545,eligible,eligible,2026-09-29T20:29:15.400000+00:00,2026-09-29T20:29:15.100000+00:00,2026-09-29T20:29:15.522525+00:00,2026-09-29T20:29:15.459080+00:00,227.99,2.632,2026-09-29T20:29:15.648310+00:00,2026-09-29T20:29:15.336000+00:00,227.76,8.779,missing_first_quote,eligible,2026-09-29T20:29:21.048310+00:00,2026-09-29T20:29:20.748310+00:00,2026-09-29T20:29:25+00:00,,,,,2026-09-29T20:29:21.564057+00:00,2026-09-29T20:29:21.283000+00:00,227.78,42.714,,,,,,,,,,,,,,,,,
NVDA,rh_lighter,hyperliquid,100,2026-09-29T20:29:20+00:00,stale_decision,False,False,,,,,,,,,,,,,,,,,,,,,,,,,,,,,,,,,,,,,,,,,,,,,,,
NVDA,rh_lighter,hyperliquid,100,2026-09-29T20:29:25+00:00,stale_decision,True,False,,,,,,,,,,,,,,,,,,,,,,,,,,,,,,,,,,,,,,,,,,,,,,,
NVDA,rh_lighter,hyperliquid,100,2026-09-29T20:29:30+00:00,stale_decision,True,False,,,,,,,,,,,,,,,,,,,,,,,,,,,,,,,,,,,,,,,,,,,,,,,
NVDA,rh_lighter,hyperliquid,100,2026-09-29T20:29:35+00:00,stale_decision,False,False,,,,,,,,,,,,,,,,,,,,,,,,,,,,,,,,,,,,,,,,,,,,,,,
NVDA,rh_lighter,hyperliquid,100,2026-09-29T20:29:40+00:00,stale_decision,True,False,,,,,,,,,,,,,,,,,,,,,,,,,,,,,,,,,,,,,,,,,,,,,,,
NVDA,rh_lighter,hyperliquid,100,2026-09-29T20:29:45+00:00,stale_decision,False,False,,,,,,,,,,,,,,,,,,,,,,,,,,,,,,,,,,,,,,,,,,,,,,,
NVDA,rh_lighter,hyperliquid,100,2026-09-29T20:29:50+00:00,stale_decision,False,False,,,,,,,,,,,,,,,,,,,,,,,,,,,,,,,,,,,,,,,,,,,,,,,
NVDA,rh_lighter,hyperliquid,250,2026-09-29T20:23:00+00:00,stale_decision,False,True,,,,,,,,,,,,,,,,,,,,,,,,,,,,,,,,,,,,,,,,,,,,,,,
NVDA,rh_lighter,hyperliquid,250,2026-09-29T20:23:05+00:00,stale_decision,True,False,,,,,,,,,,,,,,,,,,,,,,,,,,,,,,,,,,,,,,,,,,,,,,,
NVDA,rh_lighter,hyperliquid,250,2026-09-29T20:23:10+00:00,stale_decision,False,False,,,,,,,,,,,,,,,,,,,,,,,,,,,,,,,,,,,,,,,,,,,,,,,
NVDA,rh_lighter,hyperliquid,250,2026-09-29T20:23:15+00:00,stale_decision,False,False,,,,,,,,,,,,,,,,,,,,,,,,,,,,,,,,,,,,,,,,,,,,,,,
NVDA,rh_lighter,hyperliquid,250,2026-09-29T20:23:20+00:00,stale_decision,True,False,,,,,,,,,,,,,,,,,,,,,,,,,,,,,,,,,,,,,,,,,,,,,,,
NVDA,rh_lighter,hyperliquid,250,2026-09-29T20:23:25+00:00,stale_decision,False,False,,,,,,,,,,,,,,,,,,,,,,,,,,,,,,,,,,,,,,,,,,,,,,,
NVDA,rh_lighter,hyperliquid,250,2026-09-29T20:23:30+00:00,both_entry_legs_unresolved,,,1.096,227.91,227.68,249.78936000000002,249.53728000000004,missing_first_quote,missing_first_quote,2026-09-29T20:23:30.400000+00:00,2026-09-29T20:23:30.100000+00:00,,,,,,,,,,,,,,,,,,,,,,,,,,,,,,,,,,,,,,
NVDA,rh_lighter,hyperliquid,250,2026-09-29T20:23:35+00:00,stale_decision,True,False,,,,,,,,,,,,,,,,,,,,,,,,,,,,,,,,,,,,,,,,,,,,,,,
NVDA,rh_lighter,hyperliquid,250,2026-09-29T20:23:40+00:00,stale_decision,False,True,,,,,,,,,,,,,,,,,,,,,,,,,,,,,,,,,,,,,,,,,,,,,,,
NVDA,rh_lighter,hyperliquid,250,2026-09-29T20:23:45+00:00,stale_decision,False,False,,,,,,,,,,,,,,,,,,,,,,,,,,,,,,,,,,,,,,,,,,,,,,,
NVDA,rh_lighter,hyperliquid,250,2026-09-29T20:23:50+00:00,stale_decision,False,False,,,,,,,,,,,,,,,,,,,,,,,,,,,,,,,,,,,,,,,,,,,,,,,
NVDA,rh_lighter,hyperliquid,250,2026-09-29T20:23:55+00:00,stale_decision,False,False,,,,,,,,,,,,,,,,,,,,,,,,,,,,,,,,,,,,,,,,,,,,,,,
NVDA,rh_lighter,hyperliquid,250,2026-09-29T20:24:00+00:00,stale_decision,False,False,,,,,,,,,,,,,,,,,,,,,,,,,,,,,,,,,,,,,,,,,,,,,,,
NVDA,rh_lighter,hyperliquid,250,2026-09-29T20:24:05+00:00,stale_decision,False,True,,,,,,,,,,,,,,,,,,,,,,,,,,,,,,,,,,,,,,,,,,,,,,,
NVDA,rh_lighter,hyperliquid,250,2026-09-29T20:24:10+00:00,stale_decision,False,False,,,,,,,,,,,,,,,,,,,,,,,,,,,,,,,,,,,,,,,,,,,,,,,
NVDA,rh_lighter,hyperliquid,250,2026-09-29T20:24:15+00:00,stale_decision,False,False,,,,,,,,,,,,,,,,,,,,,,,,,,,,,,,,,,,,,,,,,,,,,,,
NVDA,rh_lighter,hyperliquid,250,2026-09-29T20:24:20+00:00,stale_decision,False,False,,,,,,,,,,,,,,,,,,,,,,,,,,,,,,,,,,,,,,,,,,,,,,,
NVDA,rh_lighter,hyperliquid,250,2026-09-29T20:24:25+00:00,stale_decision,True,False,,,,,,,,,,,,,,,,,,,,,,,,,,,,,,,,,,,,,,,,,,,,,,,
NVDA,rh_lighter,hyperliquid,250,2026-09-29T20:24:30+00:00,stale_decision,True,False,,,,,,,,,,,,,,,,,,,,,,,,,,,,,,,,,,,,,,,,,,,,,,,
NVDA,rh_lighter,hyperliquid,250,2026-09-29T20:24:35+00:00,stale_decision,True,False,,,,,,,,,,,,,,,,,,,,,,,,,,,,,,,,,,,,,,,,,,,,,,,
NVDA,rh_lighter,hyperliquid,250,2026-09-29T20:24:40+00:00,stale_decision,True,False,,,,,,,,,,,,,,,,,,,,,,,,,,,,,,,,,,,,,,,,,,,,,,,
NVDA,rh_lighter,hyperliquid,250,2026-09-29T20:24:45+00:00,stale_decision,False,False,,,,,,,,,,,,,,,,,,,,,,,,,,,,,,,,,,,,,,,,,,,,,,,
NVDA,rh_lighter,hyperliquid,250,2026-09-29T20:24:50+00:00,stale_decision,True,False,,,,,,,,,,,,,,,,,,,,,,,,,,,,,,,,,,,,,,,,,,,,,,,
NVDA,rh_lighter,hyperliquid,250,2026-09-29T20:24:55+00:00,both_entry_legs_unresolved,,,1.096,227.91,227.68,249.78936000000002,249.53728000000004,missing_first_quote,missing_first_quote,2026-09-29T20:24:55.400000+00:00,2026-09-29T20:24:55.100000+00:00,,,,,,,,,,,,,,,,,,,,,,,,,,,,,,,,,,,,,,
NVDA,rh_lighter,hyperliquid,250,2026-09-29T20:25:00+00:00,stale_decision,False,False,,,,,,,,,,,,,,,,,,,,,,,,,,,,,,,,,,,,,,,,,,,,,,,
NVDA,rh_lighter,hyperliquid,250,2026-09-29T20:25:05+00:00,stale_decision,False,False,,,,,,,,,,,,,,,,,,,,,,,,,,,,,,,,,,,,,,,,,,,,,,,
NVDA,rh_lighter,hyperliquid,250,2026-09-29T20:25:10+00:00,stale_decision,False,False,,,,,,,,,,,,,,,,,,,,,,,,,,,,,,,,,,,,,,,,,,,,,,,
NVDA,rh_lighter,hyperliquid,250,2026-09-29T20:25:15+00:00,decision_skew,,,,,,,,,,,,,,,,,,,,,,,,,,,,,,,,,,,,,,,,,,,,,,,,,
NVDA,rh_lighter,hyperliquid,250,2026-09-29T20:25:20+00:00,stale_decision,False,False,,,,,,,,,,,,,,,,,,,,,,,,,,,,,,,,,,,,,,,,,,,,,,,
NVDA,rh_lighter,hyperliquid,250,2026-09-29T20:25:25+00:00,stale_decision,False,False,,,,,,,,,,,,,,,,,,,,,,,,,,,,,,,,,,,,,,,,,,,,,,,
NVDA,rh_lighter,hyperliquid,250,2026-09-29T20:25:30+00:00,stale_decision,False,False,,,,,,,,,,,,,,,,,,,,,,,,,,,,,,,,,,,,,,,,,,,,,,,
NVDA,rh_lighter,hyperliquid,250,2026-09-29T20:25:35+00:00,stale_decision,False,True,,,,,,,,,,,,,,,,,,,,,,,,,,,,,,,,,,,,,,,,,,,,,,,
NVDA,rh_lighter,hyperliquid,250,2026-09-29T20:25:40+00:00,stale_decision,False,False,,,,,,,,,,,,,,,,,,,,,,,,,,,,,,,,,,,,,,,,,,,,,,,
NVDA,rh_lighter,hyperliquid,250,2026-09-29T20:25:45+00:00,stale_decision,False,False,,,,,,,,,,,,,,,,,,,,,,,,,,,,,,,,,,,,,,,,,,,,,,,
NVDA,rh_lighter,hyperliquid,250,2026-09-29T20:25:50+00:00,stale_decision,True,False,,,,,,,,,,,,,,,,,,,,,,,,,,,,,,,,,,,,,,,,,,,,,,,
NVDA,rh_lighter,hyperliquid,250,2026-09-29T20:25:55+00:00,stale_decision,False,False,,,,,,,,,,,,,,,,,,,,,,,,,,,,,,,,,,,,,,,,,,,,,,,
NVDA,rh_lighter,hyperliquid,250,2026-09-29T20:26:00+00:00,stale_decision,False,False,,,,,,,,,,,,,,,,,,,,,,,,,,,,,,,,,,,,,,,,,,,,,,,
NVDA,rh_lighter,hyperliquid,250,2026-09-29T20:26:05+00:00,one_entry_leg_unresolved,,,1.096,227.98,227.74,249.86608,249.60304000000002,eligible,missing_first_quote,2026-09-29T20:26:05.400000+00:00,2026-09-29T20:26:05.100000+00:00,2026-09-29T20:26:05.867700+00:00,2026-09-29T20:26:05.803483+00:00,228.01,60.4614,,,,,,,,,,,,,,,,,,,,,,,,,,,,,,,,,,
NVDA,rh_lighter,hyperliquid,250,2026-09-29T20:26:10+00:00,one_entry_leg_unresolved,,,1.096,227.99,227.75,249.87704000000002,249.61400000000003,missing_first_quote,eligible,2026-09-29T20:26:10.400000+00:00,2026-09-29T20:26:10.100000+00:00,,,,,2026-09-29T20:26:10.535858+00:00,2026-09-29T20:26:10.276000+00:00,227.75,24.708,,,,,,,,,,,,,,,,,,,,,,,,,,,,,,
NVDA,rh_lighter,hyperliquid,250,2026-09-29T20:26:15+00:00,stale_decision,False,False,,,,,,,,,,,,,,,,,,,,,,,,,,,,,,,,,,,,,,,,,,,,,,,
NVDA,rh_lighter,hyperliquid,250,2026-09-29T20:26:20+00:00,stale_decision,True,False,,,,,,,,,,,,,,,,,,,,,,,,,,,,,,,,,,,,,,,,,,,,,,,
NVDA,rh_lighter,hyperliquid,250,2026-09-29T20:26:25+00:00,stale_decision,False,True,,,,,,,,,,,,,,,,,,,,,,,,,,,,,,,,,,,,,,,,,,,,,,,
NVDA,rh_lighter,hyperliquid,250,2026-09-29T20:26:30+00:00,one_entry_leg_unresolved,,,1.096,228.0,227.75,249.88800000000003,249.61400000000003,eligible,missing_first_quote,2026-09-29T20:26:30.400000+00:00,2026-09-29T20:26:30.100000+00:00,2026-09-29T20:26:30.609732+00:00,2026-09-29T20:26:30.543671+00:00,228.0,7.8152,,,,,,,,,,,,,,,,,,,,,,,,,,,,,,,,,,
NVDA,rh_lighter,hyperliquid,250,2026-09-29T20:26:35+00:00,stale_decision,False,False,,,,,,,,,,,,,,,,,,,,,,,,,,,,,,,,,,,,,,,,,,,,,,,
NVDA,rh_lighter,hyperliquid,250,2026-09-29T20:26:40+00:00,stale_decision,True,False,,,,,,,,,,,,,,,,,,,,,,,,,,,,,,,,,,,,,,,,,,,,,,,
NVDA,rh_lighter,hyperliquid,250,2026-09-29T20:26:45+00:00,one_entry_leg_unresolved,,,1.096,228.0,227.75,249.88800000000003,249.61400000000003,eligible,missing_first_quote,2026-09-29T20:26:45.400000+00:00,2026-09-29T20:26:45.100000+00:00,2026-09-29T20:26:45.727173+00:00,2026-09-29T20:26:45.663594+00:00,227.99,2.632,,,,,,,,,,,,,,,,,,,,,,,,,,,,,,,,,,
NVDA,rh_lighter,hyperliquid,250,2026-09-29T20:26:50+00:00,stale_decision,True,False,,,,,,,,,,,,,,,,,,,,,,,,,,,,,,,,,,,,,,,,,,,,,,,
NVDA,rh_lighter,hyperliquid,250,2026-09-29T20:26:55+00:00,stale_decision,False,False,,,,,,,,,,,,,,,,,,,,,,,,,,,,,,,,,,,,,,,,,,,,,,,
NVDA,rh_lighter,hyperliquid,250,2026-09-29T20:27:00+00:00,stale_decision,False,False,,,,,,,,,,,,,,,,,,,,,,,,,,,,,,,,,,,,,,,,,,,,,,,
NVDA,rh_lighter,hyperliquid,250,2026-09-29T20:27:05+00:00,stale_decision,False,False,,,,,,,,,,,,,,,,,,,,,,,,,,,,,,,,,,,,,,,,,,,,,,,
NVDA,rh_lighter,hyperliquid,250,2026-09-29T20:27:10+00:00,stale_decision,False,False,,,,,,,,,,,,,,,,,,,,,,,,,,,,,,,,,,,,,,,,,,,,,,,
NVDA,rh_lighter,hyperliquid,250,2026-09-29T20:27:15+00:00,stale_decision,True,False,,,,,,,,,,,,,,,,,,,,,,,,,,,,,,,,,,,,,,,,,,,,,,,
NVDA,rh_lighter,hyperliquid,250,2026-09-29T20:27:20+00:00,stale_decision,True,False,,,,,,,,,,,,,,,,,,,,,,,,,,,,,,,,,,,,,,,,,,,,,,,
NVDA,rh_lighter,hyperliquid,250,2026-09-29T20:27:25+00:00,stale_decision,False,False,,,,,,,,,,,,,,,,,,,,,,,,,,,,,,,,,,,,,,,,,,,,,,,
NVDA,rh_lighter,hyperliquid,250,2026-09-29T20:27:30+00:00,stale_decision,False,False,,,,,,,,,,,,,,,,,,,,,,,,,,,,,,,,,,,,,,,,,,,,,,,
NVDA,rh_lighter,hyperliquid,250,2026-09-29T20:27:35+00:00,stale_decision,False,False,,,,,,,,,,,,,,,,,,,,,,,,,,,,,,,,,,,,,,,,,,,,,,,
NVDA,rh_lighter,hyperliquid,250,2026-09-29T20:27:40+00:00,one_entry_leg_unresolved,,,1.096,227.99,227.73,249.87704000000002,249.59208,missing_first_quote,eligible,2026-09-29T20:27:40.400000+00:00,2026-09-29T20:27:40.100000+00:00,,,,,2026-09-29T20:27:40.399039+00:00,2026-09-29T20:27:40.120000+00:00,227.73,43.408,,,,,,,,,,,,,,,,,,,,,,,,,,,,,,
NVDA,rh_lighter,hyperliquid,250,2026-09-29T20:27:45+00:00,one_entry_leg_unresolved,,,1.096,227.95,227.71,249.8332,249.57016000000002,eligible,missing_first_quote,2026-09-29T20:27:45.400000+00:00,2026-09-29T20:27:45.100000+00:00,2026-09-29T20:27:45.701227+00:00,2026-09-29T20:27:45.637891+00:00,227.95,12.2031,,,,,,,,,,,,,,,,,,,,,,,,,,,,,,,,,,
NVDA,rh_lighter,hyperliquid,250,2026-09-29T20:27:50+00:00,decision_skew,,,,,,,,,,,,,,,,,,,,,,,,,,,,,,,,,,,,,,,,,,,,,,,,,
NVDA,rh_lighter,hyperliquid,250,2026-09-29T20:27:55+00:00,stale_decision,True,False,,,,,,,,,,,,,,,,,,,,,,,,,,,,,,,,,,,,,,,,,,,,,,,
NVDA,rh_lighter,hyperliquid,250,2026-09-29T20:28:00+00:00,stale_decision,True,False,,,,,,,,,,,,,,,,,,,,,,,,,,,,,,,,,,,,,,,,,,,,,,,
NVDA,rh_lighter,hyperliquid,250,2026-09-29T20:28:05+00:00,both_entry_legs_unresolved,,,1.096,227.95,227.71,249.8332,249.57016000000002,missing_first_quote,missing_first_quote,2026-09-29T20:28:05.400000+00:00,2026-09-29T20:28:05.100000+00:00,,,,,,,,,,,,,,,,,,,,,,,,,,,,,,,,,,,,,,
NVDA,rh_lighter,hyperliquid,250,2026-09-29T20:28:10+00:00,stale_decision,True,False,,,,,,,,,,,,,,,,,,,,,,,,,,,,,,,,,,,,,,,,,,,,,,,
NVDA,rh_lighter,hyperliquid,250,2026-09-29T20:28:15+00:00,stale_decision,False,False,,,,,,,,,,,,,,,,,,,,,,,,,,,,,,,,,,,,,,,,,,,,,,,
NVDA,rh_lighter,hyperliquid,250,2026-09-29T20:28:20+00:00,stale_decision,False,False,,,,,,,,,,,,,,,,,,,,,,,,,,,,,,,,,,,,,,,,,,,,,,,
NVDA,rh_lighter,hyperliquid,250,2026-09-29T20:28:25+00:00,stale_decision,True,False,,,,,,,,,,,,,,,,,,,,,,,,,,,,,,,,,,,,,,,,,,,,,,,
NVDA,rh_lighter,hyperliquid,250,2026-09-29T20:28:30+00:00,stale_decision,False,False,,,,,,,,,,,,,,,,,,,,,,,,,,,,,,,,,,,,,,,,,,,,,,,
NVDA,rh_lighter,hyperliquid,250,2026-09-29T20:28:35+00:00,stale_decision,True,False,,,,,,,,,,,,,,,,,,,,,,,,,,,,,,,,,,,,,,,,,,,,,,,
NVDA,rh_lighter,hyperliquid,250,2026-09-29T20:28:40+00:00,stale_decision,False,False,,,,,,,,,,,,,,,,,,,,,,,,,,,,,,,,,,,,,,,,,,,,,,,
NVDA,rh_lighter,hyperliquid,250,2026-09-29T20:28:45+00:00,stale_decision,True,False,,,,,,,,,,,,,,,,,,,,,,,,,,,,,,,,,,,,,,,,,,,,,,,
NVDA,rh_lighter,hyperliquid,250,2026-09-29T20:28:50+00:00,stale_decision,True,False,,,,,,,,,,,,,,,,,,,,,,,,,,,,,,,,,,,,,,,,,,,,,,,
NVDA,rh_lighter,hyperliquid,250,2026-09-29T20:28:55+00:00,decision_skew,,,,,,,,,,,,,,,,,,,,,,,,,,,,,,,,,,,,,,,,,,,,,,,,,
NVDA,rh_lighter,hyperliquid,250,2026-09-29T20:29:00+00:00,stale_decision,False,False,,,,,,,,,,,,,,,,,,,,,,,,,,,,,,,,,,,,,,,,,,,,,,,
NVDA,rh_lighter,hyperliquid,250,2026-09-29T20:29:05+00:00,stale_decision,False,False,,,,,,,,,,,,,,,,,,,,,,,,,,,,,,,,,,,,,,,,,,,,,,,
NVDA,rh_lighter,hyperliquid,250,2026-09-29T20:29:10+00:00,one_entry_leg_unresolved,,,1.096,227.95,227.72,249.8332,249.58112000000003,missing_first_quote,eligible,2026-09-29T20:29:10.400000+00:00,2026-09-29T20:29:10.100000+00:00,,,,,2026-09-29T20:29:10.530013+00:00,2026-09-29T20:29:10.257000+00:00,227.73,4.391,,,,,,,,,,,,,,,,,,,,,,,,,,,,,,
NVDA,rh_lighter,hyperliquid,250,2026-09-29T20:29:15+00:00,one_exit_leg_unresolved,,,1.096,227.98,227.75,249.86608,249.61400000000003,eligible,eligible,2026-09-29T20:29:15.400000+00:00,2026-09-29T20:29:15.100000+00:00,2026-09-29T20:29:15.522525+00:00,2026-09-29T20:29:15.459080+00:00,227.99,2.632,2026-09-29T20:29:15.648310+00:00,2026-09-29T20:29:15.336000+00:00,227.76,8.779,missing_first_quote,eligible,2026-09-29T20:29:21.048310+00:00,2026-09-29T20:29:20.748310+00:00,2026-09-29T20:29:25+00:00,,,,,2026-09-29T20:29:21.564057+00:00,2026-09-29T20:29:21.283000+00:00,227.78,42.714,,,,,,,,,,,,,,,,,
NVDA,rh_lighter,hyperliquid,250,2026-09-29T20:29:20+00:00,stale_decision,False,False,,,,,,,,,,,,,,,,,,,,,,,,,,,,,,,,,,,,,,,,,,,,,,,
NVDA,rh_lighter,hyperliquid,250,2026-09-29T20:29:25+00:00,stale_decision,True,False,,,,,,,,,,,,,,,,,,,,,,,,,,,,,,,,,,,,,,,,,,,,,,,
NVDA,rh_lighter,hyperliquid,250,2026-09-29T20:29:30+00:00,stale_decision,True,False,,,,,,,,,,,,,,,,,,,,,,,,,,,,,,,,,,,,,,,,,,,,,,,
NVDA,rh_lighter,hyperliquid,250,2026-09-29T20:29:35+00:00,stale_decision,False,False,,,,,,,,,,,,,,,,,,,,,,,,,,,,,,,,,,,,,,,,,,,,,,,
NVDA,rh_lighter,hyperliquid,250,2026-09-29T20:29:40+00:00,stale_decision,True,False,,,,,,,,,,,,,,,,,,,,,,,,,,,,,,,,,,,,,,,,,,,,,,,
NVDA,rh_lighter,hyperliquid,250,2026-09-29T20:29:45+00:00,stale_decision,False,False,,,,,,,,,,,,,,,,,,,,,,,,,,,,,,,,,,,,,,,,,,,,,,,
NVDA,rh_lighter,hyperliquid,250,2026-09-29T20:29:50+00:00,stale_decision,False,False,,,,,,,,,,,,,,,,,,,,,,,,,,,,,,,,,,,,,,,,,,,,,,,
NVDA,rh_lighter,hyperliquid,1000,2026-09-29T20:23:00+00:00,stale_decision,False,True,,,,,,,,,,,,,,,,,,,,,,,,,,,,,,,,,,,,,,,,,,,,,,,
NVDA,rh_lighter,hyperliquid,1000,2026-09-29T20:23:05+00:00,stale_decision,True,False,,,,,,,,,,,,,,,,,,,,,,,,,,,,,,,,,,,,,,,,,,,,,,,
NVDA,rh_lighter,hyperliquid,1000,2026-09-29T20:23:10+00:00,stale_decision,False,False,,,,,,,,,,,,,,,,,,,,,,,,,,,,,,,,,,,,,,,,,,,,,,,
NVDA,rh_lighter,hyperliquid,1000,2026-09-29T20:23:15+00:00,stale_decision,False,False,,,,,,,,,,,,,,,,,,,,,,,,,,,,,,,,,,,,,,,,,,,,,,,
NVDA,rh_lighter,hyperliquid,1000,2026-09-29T20:23:20+00:00,stale_decision,True,False,,,,,,,,,,,,,,,,,,,,,,,,,,,,,,,,,,,,,,,,,,,,,,,
NVDA,rh_lighter,hyperliquid,1000,2026-09-29T20:23:25+00:00,stale_decision,False,False,,,,,,,,,,,,,,,,,,,,,,,,,,,,,,,,,,,,,,,,,,,,,,,
NVDA,rh_lighter,hyperliquid,1000,2026-09-29T20:23:30+00:00,both_entry_legs_unresolved,,,4.387,227.91,227.68,999.8411699999999,998.8321599999999,missing_first_quote,missing_first_quote,2026-09-29T20:23:30.400000+00:00,2026-09-29T20:23:30.100000+00:00,,,,,,,,,,,,,,,,,,,,,,,,,,,,,,,,,,,,,,
NVDA,rh_lighter,hyperliquid,1000,2026-09-29T20:23:35+00:00,stale_decision,True,False,,,,,,,,,,,,,,,,,,,,,,,,,,,,,,,,,,,,,,,,,,,,,,,
NVDA,rh_lighter,hyperliquid,1000,2026-09-29T20:23:40+00:00,stale_decision,False,True,,,,,,,,,,,,,,,,,,,,,,,,,,,,,,,,,,,,,,,,,,,,,,,
NVDA,rh_lighter,hyperliquid,1000,2026-09-29T20:23:45+00:00,stale_decision,False,False,,,,,,,,,,,,,,,,,,,,,,,,,,,,,,,,,,,,,,,,,,,,,,,
NVDA,rh_lighter,hyperliquid,1000,2026-09-29T20:23:50+00:00,stale_decision,False,False,,,,,,,,,,,,,,,,,,,,,,,,,,,,,,,,,,,,,,,,,,,,,,,
NVDA,rh_lighter,hyperliquid,1000,2026-09-29T20:23:55+00:00,stale_decision,False,False,,,,,,,,,,,,,,,,,,,,,,,,,,,,,,,,,,,,,,,,,,,,,,,
NVDA,rh_lighter,hyperliquid,1000,2026-09-29T20:24:00+00:00,stale_decision,False,False,,,,,,,,,,,,,,,,,,,,,,,,,,,,,,,,,,,,,,,,,,,,,,,
NVDA,rh_lighter,hyperliquid,1000,2026-09-29T20:24:05+00:00,stale_decision,False,True,,,,,,,,,,,,,,,,,,,,,,,,,,,,,,,,,,,,,,,,,,,,,,,
NVDA,rh_lighter,hyperliquid,1000,2026-09-29T20:24:10+00:00,stale_decision,False,False,,,,,,,,,,,,,,,,,,,,,,,,,,,,,,,,,,,,,,,,,,,,,,,
NVDA,rh_lighter,hyperliquid,1000,2026-09-29T20:24:15+00:00,stale_decision,False,False,,,,,,,,,,,,,,,,,,,,,,,,,,,,,,,,,,,,,,,,,,,,,,,
NVDA,rh_lighter,hyperliquid,1000,2026-09-29T20:24:20+00:00,stale_decision,False,False,,,,,,,,,,,,,,,,,,,,,,,,,,,,,,,,,,,,,,,,,,,,,,,
NVDA,rh_lighter,hyperliquid,1000,2026-09-29T20:24:25+00:00,stale_decision,True,False,,,,,,,,,,,,,,,,,,,,,,,,,,,,,,,,,,,,,,,,,,,,,,,
NVDA,rh_lighter,hyperliquid,1000,2026-09-29T20:24:30+00:00,stale_decision,True,False,,,,,,,,,,,,,,,,,,,,,,,,,,,,,,,,,,,,,,,,,,,,,,,
NVDA,rh_lighter,hyperliquid,1000,2026-09-29T20:24:35+00:00,stale_decision,True,False,,,,,,,,,,,,,,,,,,,,,,,,,,,,,,,,,,,,,,,,,,,,,,,
NVDA,rh_lighter,hyperliquid,1000,2026-09-29T20:24:40+00:00,stale_decision,True,False,,,,,,,,,,,,,,,,,,,,,,,,,,,,,,,,,,,,,,,,,,,,,,,
NVDA,rh_lighter,hyperliquid,1000,2026-09-29T20:24:45+00:00,stale_decision,False,False,,,,,,,,,,,,,,,,,,,,,,,,,,,,,,,,,,,,,,,,,,,,,,,
NVDA,rh_lighter,hyperliquid,1000,2026-09-29T20:24:50+00:00,stale_decision,True,False,,,,,,,,,,,,,,,,,,,,,,,,,,,,,,,,,,,,,,,,,,,,,,,
NVDA,rh_lighter,hyperliquid,1000,2026-09-29T20:24:55+00:00,both_entry_legs_unresolved,,,4.387,227.91,227.68,999.8411699999999,998.8321599999999,missing_first_quote,missing_first_quote,2026-09-29T20:24:55.400000+00:00,2026-09-29T20:24:55.100000+00:00,,,,,,,,,,,,,,,,,,,,,,,,,,,,,,,,,,,,,,
NVDA,rh_lighter,hyperliquid,1000,2026-09-29T20:25:00+00:00,stale_decision,False,False,,,,,,,,,,,,,,,,,,,,,,,,,,,,,,,,,,,,,,,,,,,,,,,
NVDA,rh_lighter,hyperliquid,1000,2026-09-29T20:25:05+00:00,stale_decision,False,False,,,,,,,,,,,,,,,,,,,,,,,,,,,,,,,,,,,,,,,,,,,,,,,
NVDA,rh_lighter,hyperliquid,1000,2026-09-29T20:25:10+00:00,stale_decision,False,False,,,,,,,,,,,,,,,,,,,,,,,,,,,,,,,,,,,,,,,,,,,,,,,
NVDA,rh_lighter,hyperliquid,1000,2026-09-29T20:25:15+00:00,decision_skew,,,,,,,,,,,,,,,,,,,,,,,,,,,,,,,,,,,,,,,,,,,,,,,,,
NVDA,rh_lighter,hyperliquid,1000,2026-09-29T20:25:20+00:00,stale_decision,False,False,,,,,,,,,,,,,,,,,,,,,,,,,,,,,,,,,,,,,,,,,,,,,,,
NVDA,rh_lighter,hyperliquid,1000,2026-09-29T20:25:25+00:00,stale_decision,False,False,,,,,,,,,,,,,,,,,,,,,,,,,,,,,,,,,,,,,,,,,,,,,,,
NVDA,rh_lighter,hyperliquid,1000,2026-09-29T20:25:30+00:00,stale_decision,False,False,,,,,,,,,,,,,,,,,,,,,,,,,,,,,,,,,,,,,,,,,,,,,,,
NVDA,rh_lighter,hyperliquid,1000,2026-09-29T20:25:35+00:00,stale_decision,False,True,,,,,,,,,,,,,,,,,,,,,,,,,,,,,,,,,,,,,,,,,,,,,,,
NVDA,rh_lighter,hyperliquid,1000,2026-09-29T20:25:40+00:00,stale_decision,False,False,,,,,,,,,,,,,,,,,,,,,,,,,,,,,,,,,,,,,,,,,,,,,,,
NVDA,rh_lighter,hyperliquid,1000,2026-09-29T20:25:45+00:00,stale_decision,False,False,,,,,,,,,,,,,,,,,,,,,,,,,,,,,,,,,,,,,,,,,,,,,,,
NVDA,rh_lighter,hyperliquid,1000,2026-09-29T20:25:50+00:00,stale_decision,True,False,,,,,,,,,,,,,,,,,,,,,,,,,,,,,,,,,,,,,,,,,,,,,,,
NVDA,rh_lighter,hyperliquid,1000,2026-09-29T20:25:55+00:00,stale_decision,False,False,,,,,,,,,,,,,,,,,,,,,,,,,,,,,,,,,,,,,,,,,,,,,,,
NVDA,rh_lighter,hyperliquid,1000,2026-09-29T20:26:00+00:00,stale_decision,False,False,,,,,,,,,,,,,,,,,,,,,,,,,,,,,,,,,,,,,,,,,,,,,,,
NVDA,rh_lighter,hyperliquid,1000,2026-09-29T20:26:05+00:00,one_entry_leg_unresolved,,,4.386,227.98,227.74,999.9202799999999,998.86764,eligible,missing_first_quote,2026-09-29T20:26:05.400000+00:00,2026-09-29T20:26:05.100000+00:00,2026-09-29T20:26:05.867700+00:00,2026-09-29T20:26:05.803483+00:00,228.01,60.4614,,,,,,,,,,,,,,,,,,,,,,,,,,,,,,,,,,
NVDA,rh_lighter,hyperliquid,1000,2026-09-29T20:26:10+00:00,one_entry_leg_unresolved,,,4.386,227.99,227.75,999.96414,998.9115,missing_first_quote,eligible,2026-09-29T20:26:10.400000+00:00,2026-09-29T20:26:10.100000+00:00,,,,,2026-09-29T20:26:10.535858+00:00,2026-09-29T20:26:10.276000+00:00,227.75,24.708,,,,,,,,,,,,,,,,,,,,,,,,,,,,,,
NVDA,rh_lighter,hyperliquid,1000,2026-09-29T20:26:15+00:00,stale_decision,False,False,,,,,,,,,,,,,,,,,,,,,,,,,,,,,,,,,,,,,,,,,,,,,,,
NVDA,rh_lighter,hyperliquid,1000,2026-09-29T20:26:20+00:00,stale_decision,True,False,,,,,,,,,,,,,,,,,,,,,,,,,,,,,,,,,,,,,,,,,,,,,,,
NVDA,rh_lighter,hyperliquid,1000,2026-09-29T20:26:25+00:00,stale_decision,False,True,,,,,,,,,,,,,,,,,,,,,,,,,,,,,,,,,,,,,,,,,,,,,,,
NVDA,rh_lighter,hyperliquid,1000,2026-09-29T20:26:30+00:00,one_entry_leg_unresolved,,,4.385,228.0,227.75,999.78,998.6837499999999,eligible,missing_first_quote,2026-09-29T20:26:30.400000+00:00,2026-09-29T20:26:30.100000+00:00,2026-09-29T20:26:30.609732+00:00,2026-09-29T20:26:30.543671+00:00,228.0,7.8152,,,,,,,,,,,,,,,,,,,,,,,,,,,,,,,,,,
NVDA,rh_lighter,hyperliquid,1000,2026-09-29T20:26:35+00:00,stale_decision,False,False,,,,,,,,,,,,,,,,,,,,,,,,,,,,,,,,,,,,,,,,,,,,,,,
NVDA,rh_lighter,hyperliquid,1000,2026-09-29T20:26:40+00:00,stale_decision,True,False,,,,,,,,,,,,,,,,,,,,,,,,,,,,,,,,,,,,,,,,,,,,,,,
NVDA,rh_lighter,hyperliquid,1000,2026-09-29T20:26:45+00:00,both_entry_legs_unresolved,,,4.385,228.0,227.75,999.78,998.6837499999999,shallow_first_quote,missing_first_quote,2026-09-29T20:26:45.400000+00:00,2026-09-29T20:26:45.100000+00:00,2026-09-29T20:26:45.727173+00:00,2026-09-29T20:26:45.663594+00:00,227.99,2.632,,,,,,,,,,,,,,,,,,,,,,,,,,,,,,,,,,
NVDA,rh_lighter,hyperliquid,1000,2026-09-29T20:26:50+00:00,stale_decision,True,False,,,,,,,,,,,,,,,,,,,,,,,,,,,,,,,,,,,,,,,,,,,,,,,
NVDA,rh_lighter,hyperliquid,1000,2026-09-29T20:26:55+00:00,stale_decision,False,False,,,,,,,,,,,,,,,,,,,,,,,,,,,,,,,,,,,,,,,,,,,,,,,
NVDA,rh_lighter,hyperliquid,1000,2026-09-29T20:27:00+00:00,stale_decision,False,False,,,,,,,,,,,,,,,,,,,,,,,,,,,,,,,,,,,,,,,,,,,,,,,
NVDA,rh_lighter,hyperliquid,1000,2026-09-29T20:27:05+00:00,stale_decision,False,False,,,,,,,,,,,,,,,,,,,,,,,,,,,,,,,,,,,,,,,,,,,,,,,
NVDA,rh_lighter,hyperliquid,1000,2026-09-29T20:27:10+00:00,stale_decision,False,False,,,,,,,,,,,,,,,,,,,,,,,,,,,,,,,,,,,,,,,,,,,,,,,
NVDA,rh_lighter,hyperliquid,1000,2026-09-29T20:27:15+00:00,stale_decision,True,False,,,,,,,,,,,,,,,,,,,,,,,,,,,,,,,,,,,,,,,,,,,,,,,
NVDA,rh_lighter,hyperliquid,1000,2026-09-29T20:27:20+00:00,stale_decision,True,False,,,,,,,,,,,,,,,,,,,,,,,,,,,,,,,,,,,,,,,,,,,,,,,
NVDA,rh_lighter,hyperliquid,1000,2026-09-29T20:27:25+00:00,stale_decision,False,False,,,,,,,,,,,,,,,,,,,,,,,,,,,,,,,,,,,,,,,,,,,,,,,
NVDA,rh_lighter,hyperliquid,1000,2026-09-29T20:27:30+00:00,stale_decision,False,False,,,,,,,,,,,,,,,,,,,,,,,,,,,,,,,,,,,,,,,,,,,,,,,
NVDA,rh_lighter,hyperliquid,1000,2026-09-29T20:27:35+00:00,stale_decision,False,False,,,,,,,,,,,,,,,,,,,,,,,,,,,,,,,,,,,,,,,,,,,,,,,
NVDA,rh_lighter,hyperliquid,1000,2026-09-29T20:27:40+00:00,one_entry_leg_unresolved,,,4.386,227.99,227.73,999.96414,998.8237799999999,missing_first_quote,eligible,2026-09-29T20:27:40.400000+00:00,2026-09-29T20:27:40.100000+00:00,,,,,2026-09-29T20:27:40.399039+00:00,2026-09-29T20:27:40.120000+00:00,227.73,43.408,,,,,,,,,,,,,,,,,,,,,,,,,,,,,,
NVDA,rh_lighter,hyperliquid,1000,2026-09-29T20:27:45+00:00,one_entry_leg_unresolved,,,4.386,227.95,227.71,999.7887,998.7360600000001,eligible,missing_first_quote,2026-09-29T20:27:45.400000+00:00,2026-09-29T20:27:45.100000+00:00,2026-09-29T20:27:45.701227+00:00,2026-09-29T20:27:45.637891+00:00,227.95,12.2031,,,,,,,,,,,,,,,,,,,,,,,,,,,,,,,,,,
NVDA,rh_lighter,hyperliquid,1000,2026-09-29T20:27:50+00:00,decision_skew,,,,,,,,,,,,,,,,,,,,,,,,,,,,,,,,,,,,,,,,,,,,,,,,,
NVDA,rh_lighter,hyperliquid,1000,2026-09-29T20:27:55+00:00,stale_decision,True,False,,,,,,,,,,,,,,,,,,,,,,,,,,,,,,,,,,,,,,,,,,,,,,,
NVDA,rh_lighter,hyperliquid,1000,2026-09-29T20:28:00+00:00,stale_decision,True,False,,,,,,,,,,,,,,,,,,,,,,,,,,,,,,,,,,,,,,,,,,,,,,,
NVDA,rh_lighter,hyperliquid,1000,2026-09-29T20:28:05+00:00,both_entry_legs_unresolved,,,4.386,227.95,227.71,999.7887,998.7360600000001,missing_first_quote,missing_first_quote,2026-09-29T20:28:05.400000+00:00,2026-09-29T20:28:05.100000+00:00,,,,,,,,,,,,,,,,,,,,,,,,,,,,,,,,,,,,,,
NVDA,rh_lighter,hyperliquid,1000,2026-09-29T20:28:10+00:00,stale_decision,True,False,,,,,,,,,,,,,,,,,,,,,,,,,,,,,,,,,,,,,,,,,,,,,,,
NVDA,rh_lighter,hyperliquid,1000,2026-09-29T20:28:15+00:00,stale_decision,False,False,,,,,,,,,,,,,,,,,,,,,,,,,,,,,,,,,,,,,,,,,,,,,,,
NVDA,rh_lighter,hyperliquid,1000,2026-09-29T20:28:20+00:00,stale_decision,False,False,,,,,,,,,,,,,,,,,,,,,,,,,,,,,,,,,,,,,,,,,,,,,,,
NVDA,rh_lighter,hyperliquid,1000,2026-09-29T20:28:25+00:00,stale_decision,True,False,,,,,,,,,,,,,,,,,,,,,,,,,,,,,,,,,,,,,,,,,,,,,,,
NVDA,rh_lighter,hyperliquid,1000,2026-09-29T20:28:30+00:00,stale_decision,False,False,,,,,,,,,,,,,,,,,,,,,,,,,,,,,,,,,,,,,,,,,,,,,,,
NVDA,rh_lighter,hyperliquid,1000,2026-09-29T20:28:35+00:00,stale_decision,True,False,,,,,,,,,,,,,,,,,,,,,,,,,,,,,,,,,,,,,,,,,,,,,,,
NVDA,rh_lighter,hyperliquid,1000,2026-09-29T20:28:40+00:00,stale_decision,False,False,,,,,,,,,,,,,,,,,,,,,,,,,,,,,,,,,,,,,,,,,,,,,,,
NVDA,rh_lighter,hyperliquid,1000,2026-09-29T20:28:45+00:00,stale_decision,True,False,,,,,,,,,,,,,,,,,,,,,,,,,,,,,,,,,,,,,,,,,,,,,,,
NVDA,rh_lighter,hyperliquid,1000,2026-09-29T20:28:50+00:00,stale_decision,True,False,,,,,,,,,,,,,,,,,,,,,,,,,,,,,,,,,,,,,,,,,,,,,,,
NVDA,rh_lighter,hyperliquid,1000,2026-09-29T20:28:55+00:00,decision_skew,,,,,,,,,,,,,,,,,,,,,,,,,,,,,,,,,,,,,,,,,,,,,,,,,
NVDA,rh_lighter,hyperliquid,1000,2026-09-29T20:29:00+00:00,stale_decision,False,False,,,,,,,,,,,,,,,,,,,,,,,,,,,,,,,,,,,,,,,,,,,,,,,
NVDA,rh_lighter,hyperliquid,1000,2026-09-29T20:29:05+00:00,stale_decision,False,False,,,,,,,,,,,,,,,,,,,,,,,,,,,,,,,,,,,,,,,,,,,,,,,
NVDA,rh_lighter,hyperliquid,1000,2026-09-29T20:29:10+00:00,one_entry_leg_unresolved,,,4.386,227.95,227.72,999.7887,998.7799200000001,missing_first_quote,eligible,2026-09-29T20:29:10.400000+00:00,2026-09-29T20:29:10.100000+00:00,,,,,2026-09-29T20:29:10.530013+00:00,2026-09-29T20:29:10.257000+00:00,227.73,4.391,,,,,,,,,,,,,,,,,,,,,,,,,,,,,,
NVDA,rh_lighter,hyperliquid,1000,2026-09-29T20:29:15+00:00,one_entry_leg_unresolved,,,4.386,227.98,227.75,999.9202799999999,998.9115,shallow_first_quote,eligible,2026-09-29T20:29:15.400000+00:00,2026-09-29T20:29:15.100000+00:00,2026-09-29T20:29:15.522525+00:00,2026-09-29T20:29:15.459080+00:00,227.99,2.632,2026-09-29T20:29:15.648310+00:00,2026-09-29T20:29:15.336000+00:00,227.76,8.779,,,,,,,,,,,,,,,,,,,,,,,,,,,,,,
NVDA,rh_lighter,hyperliquid,1000,2026-09-29T20:29:20+00:00,stale_decision,False,False,,,,,,,,,,,,,,,,,,,,,,,,,,,,,,,,,,,,,,,,,,,,,,,
NVDA,rh_lighter,hyperliquid,1000,2026-09-29T20:29:25+00:00,stale_decision,True,False,,,,,,,,,,,,,,,,,,,,,,,,,,,,,,,,,,,,,,,,,,,,,,,
NVDA,rh_lighter,hyperliquid,1000,2026-09-29T20:29:30+00:00,stale_decision,True,False,,,,,,,,,,,,,,,,,,,,,,,,,,,,,,,,,,,,,,,,,,,,,,,
NVDA,rh_lighter,hyperliquid,1000,2026-09-29T20:29:35+00:00,stale_decision,False,False,,,,,,,,,,,,,,,,,,,,,,,,,,,,,,,,,,,,,,,,,,,,,,,
NVDA,rh_lighter,hyperliquid,1000,2026-09-29T20:29:40+00:00,stale_decision,True,False,,,,,,,,,,,,,,,,,,,,,,,,,,,,,,,,,,,,,,,,,,,,,,,
NVDA,rh_lighter,hyperliquid,1000,2026-09-29T20:29:45+00:00,stale_decision,False,False,,,,,,,,,,,,,,,,,,,,,,,,,,,,,,,,,,,,,,,,,,,,,,,
NVDA,rh_lighter,hyperliquid,1000,2026-09-29T20:29:50+00:00,stale_decision,False,False,,,,,,,,,,,,,,,,,,,,,,,,,,,,,,,,,,,,,,,,,,,,,,,
XAG,hyperliquid,lighter,100,2026-09-29T20:23:00+00:00,one_exit_leg_unresolved,,,1.62,61.398,61.4161,99.46476000000001,99.494082,eligible,eligible,2026-09-29T20:23:00.100000+00:00,2026-09-29T20:23:00.400000+00:00,2026-09-29T20:23:00.650716+00:00,2026-09-29T20:23:00.399000+00:00,61.398,122.0,2026-09-29T20:23:00.464191+00:00,2026-09-29T20:23:00.400570+00:00,61.4161,301.81,eligible,missing_first_quote,2026-09-29T20:23:05.750716+00:00,2026-09-29T20:23:06.050716+00:00,2026-09-29T20:23:10+00:00,2026-09-29T20:23:06.134279+00:00,2026-09-29T20:23:05.804000+00:00,61.395,12.01,,,,,,,,,,,,,,,,,,,,,
XAG,hyperliquid,lighter,100,2026-09-29T20:23:05+00:00,decision_skew,,,,,,,,,,,,,,,,,,,,,,,,,,,,,,,,,,,,,,,,,,,,,,,,,
XAG,hyperliquid,lighter,100,2026-09-29T20:23:10+00:00,stale_decision,False,False,,,,,,,,,,,,,,,,,,,,,,,,,,,,,,,,,,,,,,,,,,,,,,,
XAG,hyperliquid,lighter,100,2026-09-29T20:23:15+00:00,stale_decision,False,True,,,,,,,,,,,,,,,,,,,,,,,,,,,,,,,,,,,,,,,,,,,,,,,
XAG,hyperliquid,lighter,100,2026-09-29T20:23:20+00:00,decision_skew,,,,,,,,,,,,,,,,,,,,,,,,,,,,,,,,,,,,,,,,,,,,,,,,,
XAG,hyperliquid,lighter,100,2026-09-29T20:23:25+00:00,complete_conditional_quote_path,,,1.62,61.384,61.4038,99.44208,99.47415600000001,eligible,eligible,2026-09-29T20:23:25.100000+00:00,2026-09-29T20:23:25.400000+00:00,2026-09-29T20:23:25.450641+00:00,2026-09-29T20:23:25.168000+00:00,61.382,144.76,2026-09-29T20:23:25.867723+00:00,2026-09-29T20:23:25.803498+00:00,61.4013,130.31,eligible,eligible,2026-09-29T20:23:30.967724+00:00,2026-09-29T20:23:31.267724+00:00,2026-09-29T20:23:35+00:00,2026-09-29T20:23:31.389555+00:00,2026-09-29T20:23:31.136000+00:00,61.373,49.59,2026-09-29T20:23:31.342753+00:00,2026-09-29T20:23:31.278906+00:00,61.3986,232.38,61.382,61.4013,61.373,61.3986,99.43884,99.470106,-0.010206000000004992,0.017897679,"[0.0089494956, 0.0, 0.0089481834, 0.0]",0.049735053,1.7997850841019084e-06,-2.8262275585681604,-7.827980674863976,0.417082123,0.635498,0.046801602,0.142906
XAG,hyperliquid,lighter,100,2026-09-29T20:23:30+00:00,stale_decision,False,True,,,,,,,,,,,,,,,,,,,,,,,,,,,,,,,,,,,,,,,,,,,,,,,
XAG,hyperliquid,lighter,100,2026-09-29T20:23:35+00:00,decision_skew,,,,,,,,,,,,,,,,,,,,,,,,,,,,,,,,,,,,,,,,,,,,,,,,,
XAG,hyperliquid,lighter,100,2026-09-29T20:23:40+00:00,stale_decision,False,True,,,,,,,,,,,,,,,,,,,,,,,,,,,,,,,,,,,,,,,,,,,,,,,
XAG,hyperliquid,lighter,100,2026-09-29T20:23:45+00:00,decision_skew,,,,,,,,,,,,,,,,,,,,,,,,,,,,,,,,,,,,,,,,,,,,,,,,,
XAG,hyperliquid,lighter,100,2026-09-29T20:23:50+00:00,decision_skew,,,,,,,,,,,,,,,,,,,,,,,,,,,,,,,,,,,,,,,,,,,,,,,,,
XAG,hyperliquid,lighter,100,2026-09-29T20:23:55+00:00,decision_skew,,,,,,,,,,,,,,,,,,,,,,,,,,,,,,,,,,,,,,,,,,,,,,,,,
XAG,hyperliquid,lighter,100,2026-09-29T20:24:00+00:00,stale_decision,True,False,,,,,,,,,,,,,,,,,,,,,,,,,,,,,,,,,,,,,,,,,,,,,,,
XAG,hyperliquid,lighter,100,2026-09-29T20:24:05+00:00,one_entry_leg_unresolved,,,1.62,61.384,61.4057,99.44208,99.47723400000001,eligible,missing_first_quote,2026-09-29T20:24:05.100000+00:00,2026-09-29T20:24:05.400000+00:00,2026-09-29T20:24:05.651038+00:00,2026-09-29T20:24:05.331000+00:00,61.383,100.0,,,,,,,,,,,,,,,,,,,,,,,,,,,,,,,,,,
XAG,hyperliquid,lighter,100,2026-09-29T20:24:10+00:00,stale_decision,False,False,,,,,,,,,,,,,,,,,,,,,,,,,,,,,,,,,,,,,,,,,,,,,,,
XAG,hyperliquid,lighter,100,2026-09-29T20:24:15+00:00,one_entry_leg_unresolved,,,1.62,61.384,61.4026,99.44208,99.472212,missing_first_quote,eligible,2026-09-29T20:24:15.100000+00:00,2026-09-29T20:24:15.400000+00:00,,,,,2026-09-29T20:24:15.668262+00:00,2026-09-29T20:24:15.604067+00:00,61.4026,363.09,,,,,,,,,,,,,,,,,,,,,,,,,,,,,,
XAG,hyperliquid,lighter,100,2026-09-29T20:24:20+00:00,one_entry_leg_unresolved,,,1.62,61.384,61.3974,99.44208,99.46378800000001,eligible,shallow_first_quote,2026-09-29T20:24:20.100000+00:00,2026-09-29T20:24:20.400000+00:00,2026-09-29T20:24:20.474078+00:00,2026-09-29T20:24:20.124000+00:00,61.383,2463.23,2026-09-29T20:24:20.479238+00:00,2026-09-29T20:24:20.413771+00:00,61.3974,0.61,,,,,,,,,,,,,,,,,,,,,,,,,,,,,,
XAG,hyperliquid,lighter,100,2026-09-29T20:24:25+00:00,one_exit_leg_unresolved,,,1.62,61.375,61.3936,99.42750000000001,99.457632,eligible,eligible,2026-09-29T20:24:25.100000+00:00,2026-09-29T20:24:25.400000+00:00,2026-09-29T20:24:25.872859+00:00,2026-09-29T20:24:25.575000+00:00,61.374,1880.5,2026-09-29T20:24:25.479819+00:00,2026-09-29T20:24:25.414821+00:00,61.3936,1382.72,eligible,missing_first_quote,2026-09-29T20:24:30.972859+00:00,2026-09-29T20:24:31.272859+00:00,2026-09-29T20:24:35+00:00,2026-09-29T20:24:31.300661+00:00,2026-09-29T20:24:31+00:00,61.37,76.41,,,,,,,,,,,,,,,,,,,,,
XAG,hyperliquid,lighter,100,2026-09-29T20:24:30+00:00,one_entry_leg_unresolved,,,1.62,61.372,61.3938,99.42264,99.45795600000001,eligible,missing_first_quote,2026-09-29T20:24:30.100000+00:00,2026-09-29T20:24:30.400000+00:00,2026-09-29T20:24:30.662605+00:00,2026-09-29T20:24:30.330000+00:00,61.371,27.25,,,,,,,,,,,,,,,,,,,,,,,,,,,,,,,,,,
XAG,hyperliquid,lighter,100,2026-09-29T20:24:35+00:00,stale_decision,True,False,,,,,,,,,,,,,,,,,,,,,,,,,,,,,,,,,,,,,,,,,,,,,,,
XAG,hyperliquid,lighter,100,2026-09-29T20:24:40+00:00,stale_decision,False,True,,,,,,,,,,,,,,,,,,,,,,,,,,,,,,,,,,,,,,,,,,,,,,,
XAG,hyperliquid,lighter,100,2026-09-29T20:24:45+00:00,both_entry_legs_unresolved,,,1.62,61.371,61.3925,99.42102000000001,99.45585,missing_first_quote,missing_first_quote,2026-09-29T20:24:45.100000+00:00,2026-09-29T20:24:45.400000+00:00,,,,,,,,,,,,,,,,,,,,,,,,,,,,,,,,,,,,,,
XAG,hyperliquid,lighter,100,2026-09-29T20:24:50+00:00,complete_conditional_quote_path,,,1.62,61.383,61.3988,99.44046000000002,99.46605600000001,eligible,eligible,2026-09-29T20:24:50.100000+00:00,2026-09-29T20:24:50.400000+00:00,2026-09-29T20:24:50.566061+00:00,2026-09-29T20:24:50.192000+00:00,61.378,100.0,2026-09-29T20:24:50.687760+00:00,2026-09-29T20:24:50.621552+00:00,61.3929,32.99,eligible,eligible,2026-09-29T20:24:55.787760+00:00,2026-09-29T20:24:56.087760+00:00,2026-09-29T20:25:00+00:00,2026-09-29T20:24:56.056395+00:00,2026-09-29T20:24:55.817000+00:00,61.379,27.17,2026-09-29T20:24:56.339168+00:00,2026-09-29T20:24:56.275275+00:00,61.4054,41.39,61.378,61.3929,61.379,61.4054,99.43236,99.456498,-0.01863000000000838,0.0178979706,"[0.0089489124, 0.0, 0.0089490582, 0.0]",0.049728249,1.756700403324369e-06,-3.673650167813414,-8.675040630677147,0.121698155,0.429552,0.282773912,0.458275
XAG,hyperliquid,lighter,100,2026-09-29T20:24:55+00:00,stale_decision,True,False,,,,,,,,,,,,,,,,,,,,,,,,,,,,,,,,,,,,,,,,,,,,,,,
XAG,hyperliquid,lighter,100,2026-09-29T20:25:00+00:00,one_exit_leg_unresolved,,,1.62,61.379,61.4001,99.43398,99.468162,eligible,eligible,2026-09-29T20:25:00.100000+00:00,2026-09-29T20:25:00.400000+00:00,2026-09-29T20:25:00.769994+00:00,2026-09-29T20:25:00.352000+00:00,61.383,45.7,2026-09-29T20:25:00.560671+00:00,2026-09-29T20:25:00.494737+00:00,61.4001,464.81,eligible,missing_first_quote,2026-09-29T20:25:05.869994+00:00,2026-09-29T20:25:06.169995+00:00,2026-09-29T20:25:10+00:00,2026-09-29T20:25:06.699111+00:00,2026-09-29T20:25:06.322000+00:00,61.382,50.55,,,,,,,,,,,,,,,,,,,,,
XAG,hyperliquid,lighter,100,2026-09-29T20:25:05+00:00,one_entry_leg_unresolved,,,1.62,61.383,61.4035,99.44046000000002,99.47367000000001,eligible,missing_first_quote,2026-09-29T20:25:05.100000+00:00,2026-09-29T20:25:05.400000+00:00,2026-09-29T20:25:05.893667+00:00,2026-09-29T20:25:05.595000+00:00,61.383,100.0,,,,,,,,,,,,,,,,,,,,,,,,,,,,,,,,,,
XAG,hyperliquid,lighter,100,2026-09-29T20:25:10+00:00,decision_skew,,,,,,,,,,,,,,,,,,,,,,,,,,,,,,,,,,,,,,,,,,,,,,,,,
XAG,hyperliquid,lighter,100,2026-09-29T20:25:15+00:00,one_exit_leg_unresolved,,,1.62,61.395,61.409,99.4599,99.48258,eligible,eligible,2026-09-29T20:25:15.100000+00:00,2026-09-29T20:25:15.400000+00:00,2026-09-29T20:25:15.703430+00:00,2026-09-29T20:25:15.139000+00:00,61.392,25.73,2026-09-29T20:25:15.719007+00:00,2026-09-29T20:25:15.654910+00:00,61.409,260.63,missing_first_quote,eligible,2026-09-29T20:25:20.819007+00:00,2026-09-29T20:25:21.119007+00:00,2026-09-29T20:25:25+00:00,,,,,2026-09-29T20:25:21.655159+00:00,2026-09-29T20:25:21.589282+00:00,61.4052,42.21,,,,,,,,,,,,,,,,,
XAG,hyperliquid,lighter,100,2026-09-29T20:25:20+00:00,one_entry_leg_unresolved,,,1.62,61.382,61.4,99.43884,99.468,missing_first_quote,eligible,2026-09-29T20:25:20.100000+00:00,2026-09-29T20:25:20.400000+00:00,,,,,2026-09-29T20:25:20.676231+00:00,2026-09-29T20:25:20.611437+00:00,61.4,1382.72,,,,,,,,,,,,,,,,,,,,,,,,,,,,,,
XAG,hyperliquid,lighter,100,2026-09-29T20:25:25+00:00,decision_skew,,,,,,,,,,,,,,,,,,,,,,,,,,,,,,,,,,,,,,,,,,,,,,,,,
XAG,hyperliquid,lighter,100,2026-09-29T20:25:30+00:00,one_exit_leg_unresolved,,,1.62,61.383,61.4017,99.44046000000002,99.470754,eligible,eligible,2026-09-29T20:25:30.100000+00:00,2026-09-29T20:25:30.400000+00:00,2026-09-29T20:25:30.922539+00:00,2026-09-29T20:25:30.302000+00:00,61.383,117.92,2026-09-29T20:25:30.466566+00:00,2026-09-29T20:25:30.403053+00:00,61.4017,163.0,missing_first_quote,eligible,2026-09-29T20:25:36.022539+00:00,2026-09-29T20:25:36.322539+00:00,2026-09-29T20:25:40+00:00,,,,,2026-09-29T20:25:36.395067+00:00,2026-09-29T20:25:36.324375+00:00,61.4095,19.49,,,,,,,,,,,,,,,,,
XAG,hyperliquid,lighter,100,2026-09-29T20:25:35+00:00,one_entry_leg_unresolved,,,1.62,61.383,61.402,99.44046000000002,99.47124000000001,missing_first_quote,eligible,2026-09-29T20:25:35.100000+00:00,2026-09-29T20:25:35.400000+00:00,,,,,2026-09-29T20:25:36.176977+00:00,2026-09-29T20:25:36.109728+00:00,61.4041,247.98,,,,,,,,,,,,,,,,,,,,,,,,,,,,,,
XAG,hyperliquid,lighter,100,2026-09-29T20:25:40+00:00,complete_conditional_quote_path,,,1.62,61.387,61.4051,99.44694000000001,99.476262,eligible,eligible,2026-09-29T20:25:40.100000+00:00,2026-09-29T20:25:40.400000+00:00,2026-09-29T20:25:40.911183+00:00,2026-09-29T20:25:40.510000+00:00,61.387,100.0,2026-09-29T20:25:40.472687+00:00,2026-09-29T20:25:40.405032+00:00,61.4089,19.49,eligible,eligible,2026-09-29T20:25:46.011183+00:00,2026-09-29T20:25:46.311183+00:00,2026-09-29T20:25:50+00:00,2026-09-29T20:25:46.387370+00:00,2026-09-29T20:25:46.049000+00:00,61.39,22.51,2026-09-29T20:25:47.162284+00:00,2026-09-29T20:25:47.095172+00:00,61.4139,41.73,61.387,61.4089,61.39,61.4139,99.44694000000001,99.48241800000001,-0.003239999999992449,0.017900886600000002,"[0.0089502246, 0.0, 0.008950662000000002, 0.0]",0.049741209,1.9185808490127203e-06,-2.125845863129871,-7.127822553498524,0.43849635,0.104968,0.774913748,1.046172
XAG,hyperliquid,lighter,100,2026-09-29T20:25:45+00:00,stale_decision,True,False,,,,,,,,,,,,,,,,,,,,,,,,,,,,,,,,,,,,,,,,,,,,,,,
XAG,hyperliquid,lighter,100,2026-09-29T20:25:50+00:00,one_entry_leg_unresolved,,,1.62,61.391,61.4034,99.45342000000001,99.47350800000001,missing_first_quote,eligible,2026-09-29T20:25:50.100000+00:00,2026-09-29T20:25:50.400000+00:00,,,,,2026-09-29T20:25:51.231091+00:00,2026-09-29T20:25:51.163689+00:00,61.4056,259.34,,,,,,,,,,,,,,,,,,,,,,,,,,,,,,
XAG,hyperliquid,lighter,100,2026-09-29T20:25:55+00:00,both_entry_legs_unresolved,,,1.62,61.391,61.4097,99.45342000000001,99.483714,missing_first_quote,missing_first_quote,2026-09-29T20:25:55.100000+00:00,2026-09-29T20:25:55.400000+00:00,,,,,,,,,,,,,,,,,,,,,,,,,,,,,,,,,,,,,,
XAG,hyperliquid,lighter,100,2026-09-29T20:26:00+00:00,one_entry_leg_unresolved,,,1.62,61.391,61.4072,99.45342000000001,99.47966400000001,missing_first_quote,eligible,2026-09-29T20:26:00.100000+00:00,2026-09-29T20:26:00.400000+00:00,,,,,2026-09-29T20:26:00.478855+00:00,2026-09-29T20:26:00.409991+00:00,61.4072,163.0,,,,,,,,,,,,,,,,,,,,,,,,,,,,,,
XAG,hyperliquid,lighter,100,2026-09-29T20:26:05+00:00,stale_decision,False,True,,,,,,,,,,,,,,,,,,,,,,,,,,,,,,,,,,,,,,,,,,,,,,,
XAG,hyperliquid,lighter,100,2026-09-29T20:26:10+00:00,stale_decision,False,True,,,,,,,,,,,,,,,,,,,,,,,,,,,,,,,,,,,,,,,,,,,,,,,
XAG,hyperliquid,lighter,100,2026-09-29T20:26:15+00:00,one_entry_leg_unresolved,,,1.62,61.398,61.4211,99.46476000000001,99.502182,missing_first_quote,eligible,2026-09-29T20:26:15.100000+00:00,2026-09-29T20:26:15.400000+00:00,,,,,2026-09-29T20:26:15.479160+00:00,2026-09-29T20:26:15.412261+00:00,61.4199,26.24,,,,,,,,,,,,,,,,,,,,,,,,,,,,,,
XAG,hyperliquid,lighter,100,2026-09-29T20:26:20+00:00,complete_conditional_quote_path,,,1.62,61.398,61.419,99.46476000000001,99.49878,eligible,eligible,2026-09-29T20:26:20.100000+00:00,2026-09-29T20:26:20.400000+00:00,2026-09-29T20:26:20.615645+00:00,2026-09-29T20:26:20.286000+00:00,61.398,1431.82,2026-09-29T20:26:20.679631+00:00,2026-09-29T20:26:20.611936+00:00,61.4177,29.0,eligible,eligible,2026-09-29T20:26:25.779631+00:00,2026-09-29T20:26:26.079631+00:00,2026-09-29T20:26:30+00:00,2026-09-29T20:26:26.303038+00:00,2026-09-29T20:26:25.797000+00:00,61.398,20.96,2026-09-29T20:26:26.315048+00:00,2026-09-29T20:26:26.247253+00:00,61.4216,3.45,61.398,61.4177,61.398,61.4216,99.46476000000001,99.49667400000001,-0.006317999999991031,0.0179036568,"[0.0089518284, 0.0, 0.0089518284, 0.0]",0.049748337000000004,1.7858961518518738e-06,-2.4351998436422138,-7.43698368106884,0.063986474,0.325936,0.012009592,0.450253
XAG,hyperliquid,lighter,100,2026-09-29T20:26:25+00:00,one_entry_leg_unresolved,,,1.62,61.398,61.4199,99.46476000000001,99.50023800000001,eligible,shallow_first_quote,2026-09-29T20:26:25.100000+00:00,2026-09-29T20:26:25.400000+00:00,2026-09-29T20:26:25.518119+00:00,2026-09-29T20:26:25.188000+00:00,61.4,1313.61,2026-09-29T20:26:25.701038+00:00,2026-09-29T20:26:25.633617+00:00,61.42,0.78,,,,,,,,,,,,,,,,,,,,,,,,,,,,,,
XAG,hyperliquid,lighter,100,2026-09-29T20:26:30+00:00,one_entry_leg_unresolved,,,1.62,61.399,61.4199,99.46638000000002,99.50023800000001,missing_first_quote,eligible,2026-09-29T20:26:30.100000+00:00,2026-09-29T20:26:30.400000+00:00,,,,,2026-09-29T20:26:31.178071+00:00,2026-09-29T20:26:31.110891+00:00,61.4198,21.9,,,,,,,,,,,,,,,,,,,,,,,,,,,,,,
XAG,hyperliquid,lighter,100,2026-09-29T20:26:35+00:00,stale_decision,False,True,,,,,,,,,,,,,,,,,,,,,,,,,,,,,,,,,,,,,,,,,,,,,,,
XAG,hyperliquid,lighter,100,2026-09-29T20:26:40+00:00,one_entry_leg_unresolved,,,1.62,61.4,61.4172,99.468,99.49586400000001,missing_first_quote,eligible,2026-09-29T20:26:40.100000+00:00,2026-09-29T20:26:40.400000+00:00,,,,,2026-09-29T20:26:40.805022+00:00,2026-09-29T20:26:40.737938+00:00,61.4172,38.18,,,,,,,,,,,,,,,,,,,,,,,,,,,,,,
XAG,hyperliquid,lighter,100,2026-09-29T20:26:45+00:00,decision_skew,,,,,,,,,,,,,,,,,,,,,,,,,,,,,,,,,,,,,,,,,,,,,,,,,
XAG,hyperliquid,lighter,100,2026-09-29T20:26:50+00:00,one_entry_leg_unresolved,,,1.62,61.404,61.4222,99.47448000000001,99.503964,missing_first_quote,eligible,2026-09-29T20:26:50.100000+00:00,2026-09-29T20:26:50.400000+00:00,,,,,2026-09-29T20:26:50.776722+00:00,2026-09-29T20:26:50.709885+00:00,61.4215,35.44,,,,,,,,,,,,,,,,,,,,,,,,,,,,,,
XAG,hyperliquid,lighter,100,2026-09-29T20:26:55+00:00,one_entry_leg_unresolved,,,1.62,61.405,61.4227,99.4761,99.50477400000001,eligible,missing_first_quote,2026-09-29T20:26:55.100000+00:00,2026-09-29T20:26:55.400000+00:00,2026-09-29T20:26:55.383183+00:00,2026-09-29T20:26:55.124000+00:00,61.404,127.32,,,,,,,,,,,,,,,,,,,,,,,,,,,,,,,,,,
XAG,hyperliquid,lighter,100,2026-09-29T20:27:00+00:00,stale_decision,False,True,,,,,,,,,,,,,,,,,,,,,,,,,,,,,,,,,,,,,,,,,,,,,,,
XAG,hyperliquid,lighter,100,2026-09-29T20:27:05+00:00,stale_decision,False,True,,,,,,,,,,,,,,,,,,,,,,,,,,,,,,,,,,,,,,,,,,,,,,,
XAG,hyperliquid,lighter,100,2026-09-29T20:27:10+00:00,stale_decision,False,False,,,,,,,,,,,,,,,,,,,,,,,,,,,,,,,,,,,,,,,,,,,,,,,
XAG,hyperliquid,lighter,100,2026-09-29T20:27:15+00:00,stale_decision,False,True,,,,,,,,,,,,,,,,,,,,,,,,,,,,,,,,,,,,,,,,,,,,,,,
XAG,hyperliquid,lighter,100,2026-09-29T20:27:20+00:00,one_entry_leg_unresolved,,,1.62,61.404,61.4235,99.47448000000001,99.50607000000001,missing_first_quote,eligible,2026-09-29T20:27:20.100000+00:00,2026-09-29T20:27:20.400000+00:00,,,,,2026-09-29T20:27:20.468986+00:00,2026-09-29T20:27:20.402005+00:00,61.4235,182.48,,,,,,,,,,,,,,,,,,,,,,,,,,,,,,
XAG,hyperliquid,lighter,100,2026-09-29T20:27:25+00:00,stale_decision,False,True,,,,,,,,,,,,,,,,,,,,,,,,,,,,,,,,,,,,,,,,,,,,,,,
XAG,hyperliquid,lighter,100,2026-09-29T20:27:30+00:00,one_exit_leg_unresolved,,,1.62,61.405,61.4256,99.4761,99.50947200000002,eligible,eligible,2026-09-29T20:27:30.100000+00:00,2026-09-29T20:27:30.400000+00:00,2026-09-29T20:27:30.974242+00:00,2026-09-29T20:27:30.713000+00:00,61.405,100.0,2026-09-29T20:27:30.988235+00:00,2026-09-29T20:27:30.920323+00:00,61.4256,163.0,missing_first_quote,eligible,2026-09-29T20:27:36.088235+00:00,2026-09-29T20:27:36.388235+00:00,2026-09-29T20:27:40+00:00,,,,,2026-09-29T20:27:37.021652+00:00,2026-09-29T20:27:36.952768+00:00,61.4275,40.97,,,,,,,,,,,,,,,,,
XAG,hyperliquid,lighter,100,2026-09-29T20:27:35+00:00,one_entry_leg_unresolved,,,1.62,61.404,61.4235,99.47448000000001,99.50607000000001,missing_first_quote,eligible,2026-09-29T20:27:35.100000+00:00,2026-09-29T20:27:35.400000+00:00,,,,,2026-09-29T20:27:35.630187+00:00,2026-09-29T20:27:35.563488+00:00,61.4236,163.63,,,,,,,,,,,,,,,,,,,,,,,,,,,,,,
XAG,hyperliquid,lighter,100,2026-09-29T20:27:40+00:00,stale_decision,False,True,,,,,,,,,,,,,,,,,,,,,,,,,,,,,,,,,,,,,,,,,,,,,,,
XAG,hyperliquid,lighter,100,2026-09-29T20:27:45+00:00,stale_decision,False,True,,,,,,,,,,,,,,,,,,,,,,,,,,,,,,,,,,,,,,,,,,,,,,,
XAG,hyperliquid,lighter,100,2026-09-29T20:27:50+00:00,stale_decision,False,False,,,,,,,,,,,,,,,,,,,,,,,,,,,,,,,,,,,,,,,,,,,,,,,
XAG,hyperliquid,lighter,100,2026-09-29T20:27:55+00:00,one_exit_leg_unresolved,,,1.62,61.401,61.4162,99.46962,99.49424400000001,eligible,eligible,2026-09-29T20:27:55.100000+00:00,2026-09-29T20:27:55.400000+00:00,2026-09-29T20:27:55.501331+00:00,2026-09-29T20:27:55.221000+00:00,61.401,1621.02,2026-09-29T20:27:55.754804+00:00,2026-09-29T20:27:55.688247+00:00,61.4163,182.48,missing_first_quote,eligible,2026-09-29T20:28:00.854804+00:00,2026-09-29T20:28:01.154804+00:00,2026-09-29T20:28:05+00:00,,,,,2026-09-29T20:28:01.300553+00:00,2026-09-29T20:28:01.232369+00:00,61.4226,3.45,,,,,,,,,,,,,,,,,
XAG,hyperliquid,lighter,100,2026-09-29T20:28:00+00:00,stale_decision,False,True,,,,,,,,,,,,,,,,,,,,,,,,,,,,,,,,,,,,,,,,,,,,,,,
XAG,hyperliquid,lighter,100,2026-09-29T20:28:05+00:00,decision_skew,,,,,,,,,,,,,,,,,,,,,,,,,,,,,,,,,,,,,,,,,,,,,,,,,
XAG,hyperliquid,lighter,100,2026-09-29T20:28:10+00:00,stale_decision,False,False,,,,,,,,,,,,,,,,,,,,,,,,,,,,,,,,,,,,,,,,,,,,,,,
XAG,hyperliquid,lighter,100,2026-09-29T20:28:15+00:00,stale_decision,False,True,,,,,,,,,,,,,,,,,,,,,,,,,,,,,,,,,,,,,,,,,,,,,,,
XAG,hyperliquid,lighter,100,2026-09-29T20:28:20+00:00,one_entry_leg_unresolved,,,1.62,61.404,61.4225,99.47448000000001,99.50445,missing_first_quote,eligible,2026-09-29T20:28:20.100000+00:00,2026-09-29T20:28:20.400000+00:00,,,,,2026-09-29T20:28:21.190483+00:00,2026-09-29T20:28:21.123933+00:00,61.4225,163.0,,,,,,,,,,,,,,,,,,,,,,,,,,,,,,
XAG,hyperliquid,lighter,100,2026-09-29T20:28:25+00:00,stale_decision,True,False,,,,,,,,,,,,,,,,,,,,,,,,,,,,,,,,,,,,,,,,,,,,,,,
XAG,hyperliquid,lighter,100,2026-09-29T20:28:30+00:00,complete_conditional_quote_path,,,1.62,61.394,61.4169,99.45828,99.495378,eligible,eligible,2026-09-29T20:28:30.100000+00:00,2026-09-29T20:28:30.400000+00:00,2026-09-29T20:28:30.534059+00:00,2026-09-29T20:28:30.204000+00:00,61.394,116.29,2026-09-29T20:28:31.090386+00:00,2026-09-29T20:28:31.018766+00:00,61.4201,25.23,eligible,eligible,2026-09-29T20:28:36.190386+00:00,2026-09-29T20:28:36.490386+00:00,2026-09-29T20:28:40+00:00,2026-09-29T20:28:36.724432+00:00,2026-09-29T20:28:36.379000+00:00,61.394,159.86,2026-09-29T20:28:36.902074+00:00,2026-09-29T20:28:36.834881+00:00,61.4217,3.45,61.394,61.4201,61.394,61.4217,99.45828,99.500562,-0.00259200000000547,0.017902490400000002,"[0.008951245200000001, 0.0, 0.008951245200000001, 0.0]",0.049750281,1.892995366728531e-06,-2.0606117861685793,-7.062927731645087,0.556326529,0.814766,0.177641981,0.455881
XAG,hyperliquid,lighter,100,2026-09-29T20:28:35+00:00,complete_conditional_quote_path,,,1.62,61.395,61.4169,99.4599,99.495378,eligible,eligible,2026-09-29T20:28:35.100000+00:00,2026-09-29T20:28:35.400000+00:00,2026-09-29T20:28:35.637813+00:00,2026-09-29T20:28:35.345000+00:00,61.395,101.63,2026-09-29T20:28:35.589885+00:00,2026-09-29T20:28:35.520731+00:00,61.4169,35.17,eligible,eligible,2026-09-29T20:28:40.737813+00:00,2026-09-29T20:28:41.037813+00:00,2026-09-29T20:28:45+00:00,2026-09-29T20:28:41.208565+00:00,2026-09-29T20:28:40.881000+00:00,61.403,82.1,2026-09-29T20:28:41.620541+00:00,2026-09-29T20:28:41.554284+00:00,61.4307,37.77,61.395,61.4169,61.403,61.4307,99.4599,99.495378,-0.009396000000012636,0.0179039484,"[0.008951391000000001, 0.0, 0.0089525574, 0.0]",0.049747689000000005,1.8297959205339747e-06,-2.744819610718756,-7.7467871168112135,0.047927755,0.175731,0.411976114,0.673284
XAG,hyperliquid,lighter,100,2026-09-29T20:28:40+00:00,complete_conditional_quote_path,,,1.62,61.408,61.4222,99.48096000000001,99.503964,eligible,eligible,2026-09-29T20:28:40.100000+00:00,2026-09-29T20:28:40.400000+00:00,2026-09-29T20:28:40.778952+00:00,2026-09-29T20:28:40.499000+00:00,61.404,129.96,2026-09-29T20:28:40.803265+00:00,2026-09-29T20:28:40.736845+00:00,61.4225,182.58,eligible,eligible,2026-09-29T20:28:45.903265+00:00,2026-09-29T20:28:46.203265+00:00,2026-09-29T20:28:50+00:00,2026-09-29T20:28:46.316993+00:00,2026-09-29T20:28:46.022000+00:00,61.404,83.65,2026-09-29T20:28:46.294253+00:00,2026-09-29T20:28:46.226428+00:00,61.4308,301.81,61.404,61.4225,61.404,61.4308,99.47448000000001,99.50445,-0.013445999999997441,0.017905406400000004,"[0.008952703200000002, 0.0, 0.008952703200000002, 0.0]",0.049752225000000004,1.7397124584905872e-06,-3.151703472086252,-8.153384778935857,0.024313441,0.237845,0.022740637,0.204428
XAG,hyperliquid,lighter,100,2026-09-29T20:28:45+00:00,stale_decision,True,False,,,,,,,,,,,,,,,,,,,,,,,,,,,,,,,,,,,,,,,,,,,,,,,
XAG,hyperliquid,lighter,100,2026-09-29T20:28:50+00:00,stale_decision,False,True,,,,,,,,,,,,,,,,,,,,,,,,,,,,,,,,,,,,,,,,,,,,,,,
XAG,hyperliquid,lighter,100,2026-09-29T20:28:55+00:00,stale_decision,False,True,,,,,,,,,,,,,,,,,,,,,,,,,,,,,,,,,,,,,,,,,,,,,,,
XAG,hyperliquid,lighter,100,2026-09-29T20:29:00+00:00,decision_skew,,,,,,,,,,,,,,,,,,,,,,,,,,,,,,,,,,,,,,,,,,,,,,,,,
XAG,hyperliquid,lighter,100,2026-09-29T20:29:05+00:00,stale_decision,True,False,,,,,,,,,,,,,,,,,,,,,,,,,,,,,,,,,,,,,,,,,,,,,,,
XAG,hyperliquid,lighter,100,2026-09-29T20:29:10+00:00,one_exit_leg_unresolved,,,1.62,61.428,61.4441,99.51336,99.53944200000001,eligible,eligible,2026-09-29T20:29:10.100000+00:00,2026-09-29T20:29:10.400000+00:00,2026-09-29T20:29:10.478495+00:00,2026-09-29T20:29:10.186000+00:00,61.427,26.65,2026-09-29T20:29:10.496524+00:00,2026-09-29T20:29:10.429552+00:00,61.4436,1219.72,missing_first_quote,eligible,2026-09-29T20:29:15.596524+00:00,2026-09-29T20:29:15.896524+00:00,2026-09-29T20:29:20+00:00,,,,,2026-09-29T20:29:16.436639+00:00,2026-09-29T20:29:16.370296+00:00,61.4472,40.33,,,,,,,,,,,,,,,,,
XAG,hyperliquid,lighter,100,2026-09-29T20:29:15+00:00,decision_skew,,,,,,,,,,,,,,,,,,,,,,,,,,,,,,,,,,,,,,,,,,,,,,,,,
XAG,hyperliquid,lighter,100,2026-09-29T20:29:20+00:00,stale_decision,False,True,,,,,,,,,,,,,,,,,,,,,,,,,,,,,,,,,,,,,,,,,,,,,,,
XAG,hyperliquid,lighter,100,2026-09-29T20:29:25+00:00,stale_decision,False,True,,,,,,,,,,,,,,,,,,,,,,,,,,,,,,,,,,,,,,,,,,,,,,,
XAG,hyperliquid,lighter,100,2026-09-29T20:29:30+00:00,one_entry_leg_unresolved,,,1.62,61.425,61.4403,99.5085,99.533286,missing_first_quote,eligible,2026-09-29T20:29:30.100000+00:00,2026-09-29T20:29:30.400000+00:00,,,,,2026-09-29T20:29:31.064607+00:00,2026-09-29T20:29:31.000405+00:00,61.4403,28.51,,,,,,,,,,,,,,,,,,,,,,,,,,,,,,
XAG,hyperliquid,lighter,100,2026-09-29T20:29:35+00:00,one_exit_leg_unresolved,,,1.62,61.424,61.4361,99.50688000000001,99.52648200000002,eligible,eligible,2026-09-29T20:29:35.100000+00:00,2026-09-29T20:29:35.400000+00:00,2026-09-29T20:29:35.510292+00:00,2026-09-29T20:29:35.241000+00:00,61.417,44.38,2026-09-29T20:29:35.533777+00:00,2026-09-29T20:29:35.470292+00:00,61.4361,188.33,missing_first_quote,eligible,2026-09-29T20:29:40.633777+00:00,2026-09-29T20:29:40.933777+00:00,2026-09-29T20:29:45+00:00,,,,,2026-09-29T20:29:41.423045+00:00,2026-09-29T20:29:41.358921+00:00,61.4395,39.12,,,,,,,,,,,,,,,,,
XAG,hyperliquid,lighter,100,2026-09-29T20:29:40+00:00,decision_skew,,,,,,,,,,,,,,,,,,,,,,,,,,,,,,,,,,,,,,,,,,,,,,,,,
XAG,hyperliquid,lighter,100,2026-09-29T20:29:45+00:00,both_entry_legs_unresolved,,,1.62,61.414,61.4337,99.49068000000001,99.52259400000001,missing_first_quote,shallow_first_quote,2026-09-29T20:29:45.100000+00:00,2026-09-29T20:29:45.400000+00:00,,,,,2026-09-29T20:29:45.494440+00:00,2026-09-29T20:29:45.430545+00:00,61.4338,0.2,,,,,,,,,,,,,,,,,,,,,,,,,,,,,,
XAG,hyperliquid,lighter,100,2026-09-29T20:29:50+00:00,both_exit_legs_unresolved,,,1.62,61.413,61.433,99.48906,99.52146,eligible,eligible,2026-09-29T20:29:50.100000+00:00,2026-09-29T20:29:50.400000+00:00,2026-09-29T20:29:50.581776+00:00,2026-09-29T20:29:50.325000+00:00,61.413,104.08,2026-09-29T20:29:50.463490+00:00,2026-09-29T20:29:50.400284+00:00,61.4326,36.05,missing_first_quote,terminal_capture,2026-09-29T20:29:55.681776+00:00,2026-09-29T20:29:55.981776+00:00,2026-09-29T20:30:00+00:00,,,,,,,,,,,,,,,,,,,,,,,,,
XAG,hyperliquid,lighter,250,2026-09-29T20:23:00+00:00,one_exit_leg_unresolved,,,4.07,61.398,61.4161,249.88986000000003,249.96352700000003,eligible,eligible,2026-09-29T20:23:00.100000+00:00,2026-09-29T20:23:00.400000+00:00,2026-09-29T20:23:00.650716+00:00,2026-09-29T20:23:00.399000+00:00,61.398,122.0,2026-09-29T20:23:00.464191+00:00,2026-09-29T20:23:00.400570+00:00,61.4161,301.81,eligible,missing_first_quote,2026-09-29T20:23:05.750716+00:00,2026-09-29T20:23:06.050716+00:00,2026-09-29T20:23:10+00:00,2026-09-29T20:23:06.134279+00:00,2026-09-29T20:23:05.804000+00:00,61.395,12.01,,,,,,,,,,,,,,,,,,,,,
XAG,hyperliquid,lighter,250,2026-09-29T20:23:05+00:00,decision_skew,,,,,,,,,,,,,,,,,,,,,,,,,,,,,,,,,,,,,,,,,,,,,,,,,
XAG,hyperliquid,lighter,250,2026-09-29T20:23:10+00:00,stale_decision,False,False,,,,,,,,,,,,,,,,,,,,,,,,,,,,,,,,,,,,,,,,,,,,,,,
XAG,hyperliquid,lighter,250,2026-09-29T20:23:15+00:00,stale_decision,False,True,,,,,,,,,,,,,,,,,,,,,,,,,,,,,,,,,,,,,,,,,,,,,,,
XAG,hyperliquid,lighter,250,2026-09-29T20:23:20+00:00,decision_skew,,,,,,,,,,,,,,,,,,,,,,,,,,,,,,,,,,,,,,,,,,,,,,,,,
XAG,hyperliquid,lighter,250,2026-09-29T20:23:25+00:00,complete_conditional_quote_path,,,4.07,61.384,61.4038,249.83288000000002,249.913466,eligible,eligible,2026-09-29T20:23:25.100000+00:00,2026-09-29T20:23:25.400000+00:00,2026-09-29T20:23:25.450641+00:00,2026-09-29T20:23:25.168000+00:00,61.382,144.76,2026-09-29T20:23:25.867723+00:00,2026-09-29T20:23:25.803498+00:00,61.4013,130.31,eligible,eligible,2026-09-29T20:23:30.967724+00:00,2026-09-29T20:23:31.267724+00:00,2026-09-29T20:23:35+00:00,2026-09-29T20:23:31.389555+00:00,2026-09-29T20:23:31.136000+00:00,61.373,49.59,2026-09-29T20:23:31.342753+00:00,2026-09-29T20:23:31.278906+00:00,61.3986,232.38,61.382,61.4013,61.373,61.3986,249.82474000000002,249.90329100000002,-0.025641000000012543,0.044965156500000006,"[0.022484226600000004, 0.0, 0.022480929900000002, 0.0]",0.12495164550000001,4.521682279194302e-06,-2.8262275585681604,-7.8279806748639755,0.417082123,0.635498,0.046801602,0.142906
XAG,hyperliquid,lighter,250,2026-09-29T20:23:30+00:00,stale_decision,False,True,,,,,,,,,,,,,,,,,,,,,,,,,,,,,,,,,,,,,,,,,,,,,,,
XAG,hyperliquid,lighter,250,2026-09-29T20:23:35+00:00,decision_skew,,,,,,,,,,,,,,,,,,,,,,,,,,,,,,,,,,,,,,,,,,,,,,,,,
XAG,hyperliquid,lighter,250,2026-09-29T20:23:40+00:00,stale_decision,False,True,,,,,,,,,,,,,,,,,,,,,,,,,,,,,,,,,,,,,,,,,,,,,,,
XAG,hyperliquid,lighter,250,2026-09-29T20:23:45+00:00,decision_skew,,,,,,,,,,,,,,,,,,,,,,,,,,,,,,,,,,,,,,,,,,,,,,,,,
XAG,hyperliquid,lighter,250,2026-09-29T20:23:50+00:00,decision_skew,,,,,,,,,,,,,,,,,,,,,,,,,,,,,,,,,,,,,,,,,,,,,,,,,
XAG,hyperliquid,lighter,250,2026-09-29T20:23:55+00:00,decision_skew,,,,,,,,,,,,,,,,,,,,,,,,,,,,,,,,,,,,,,,,,,,,,,,,,
XAG,hyperliquid,lighter,250,2026-09-29T20:24:00+00:00,stale_decision,True,False,,,,,,,,,,,,,,,,,,,,,,,,,,,,,,,,,,,,,,,,,,,,,,,
XAG,hyperliquid,lighter,250,2026-09-29T20:24:05+00:00,one_entry_leg_unresolved,,,4.07,61.384,61.4057,249.83288000000002,249.92119900000003,eligible,missing_first_quote,2026-09-29T20:24:05.100000+00:00,2026-09-29T20:24:05.400000+00:00,2026-09-29T20:24:05.651038+00:00,2026-09-29T20:24:05.331000+00:00,61.383,100.0,,,,,,,,,,,,,,,,,,,,,,,,,,,,,,,,,,
XAG,hyperliquid,lighter,250,2026-09-29T20:24:10+00:00,stale_decision,False,False,,,,,,,,,,,,,,,,,,,,,,,,,,,,,,,,,,,,,,,,,,,,,,,
XAG,hyperliquid,lighter,250,2026-09-29T20:24:15+00:00,one_entry_leg_unresolved,,,4.07,61.384,61.4026,249.83288000000002,249.90858200000002,missing_first_quote,eligible,2026-09-29T20:24:15.100000+00:00,2026-09-29T20:24:15.400000+00:00,,,,,2026-09-29T20:24:15.668262+00:00,2026-09-29T20:24:15.604067+00:00,61.4026,363.09,,,,,,,,,,,,,,,,,,,,,,,,,,,,,,
XAG,hyperliquid,lighter,250,2026-09-29T20:24:20+00:00,one_entry_leg_unresolved,,,4.07,61.384,61.3974,249.83288000000002,249.887418,eligible,shallow_first_quote,2026-09-29T20:24:20.100000+00:00,2026-09-29T20:24:20.400000+00:00,2026-09-29T20:24:20.474078+00:00,2026-09-29T20:24:20.124000+00:00,61.383,2463.23,2026-09-29T20:24:20.479238+00:00,2026-09-29T20:24:20.413771+00:00,61.3974,0.61,,,,,,,,,,,,,,,,,,,,,,,,,,,,,,
XAG,hyperliquid,lighter,250,2026-09-29T20:24:25+00:00,one_exit_leg_unresolved,,,4.07,61.375,61.3936,249.79625000000001,249.87195200000002,eligible,eligible,2026-09-29T20:24:25.100000+00:00,2026-09-29T20:24:25.400000+00:00,2026-09-29T20:24:25.872859+00:00,2026-09-29T20:24:25.575000+00:00,61.374,1880.5,2026-09-29T20:24:25.479819+00:00,2026-09-29T20:24:25.414821+00:00,61.3936,1382.72,eligible,missing_first_quote,2026-09-29T20:24:30.972859+00:00,2026-09-29T20:24:31.272859+00:00,2026-09-29T20:24:35+00:00,2026-09-29T20:24:31.300661+00:00,2026-09-29T20:24:31+00:00,61.37,76.41,,,,,,,,,,,,,,,,,,,,,
XAG,hyperliquid,lighter,250,2026-09-29T20:24:30+00:00,one_entry_leg_unresolved,,,4.07,61.372,61.3938,249.78404,249.872766,eligible,missing_first_quote,2026-09-29T20:24:30.100000+00:00,2026-09-29T20:24:30.400000+00:00,2026-09-29T20:24:30.662605+00:00,2026-09-29T20:24:30.330000+00:00,61.371,27.25,,,,,,,,,,,,,,,,,,,,,,,,,,,,,,,,,,
XAG,hyperliquid,lighter,250,2026-09-29T20:24:35+00:00,stale_decision,True,False,,,,,,,,,,,,,,,,,,,,,,,,,,,,,,,,,,,,,,,,,,,,,,,
XAG,hyperliquid,lighter,250,2026-09-29T20:24:40+00:00,stale_decision,False,True,,,,,,,,,,,,,,,,,,,,,,,,,,,,,,,,,,,,,,,,,,,,,,,
XAG,hyperliquid,lighter,250,2026-09-29T20:24:45+00:00,both_entry_legs_unresolved,,,4.07,61.371,61.3925,249.77997000000002,249.867475,missing_first_quote,missing_first_quote,2026-09-29T20:24:45.100000+00:00,2026-09-29T20:24:45.400000+00:00,,,,,,,,,,,,,,,,,,,,,,,,,,,,,,,,,,,,,,
XAG,hyperliquid,lighter,250,2026-09-29T20:24:50+00:00,complete_conditional_quote_path,,,4.07,61.383,61.3988,249.82881000000003,249.89311600000002,eligible,eligible,2026-09-29T20:24:50.100000+00:00,2026-09-29T20:24:50.400000+00:00,2026-09-29T20:24:50.566061+00:00,2026-09-29T20:24:50.192000+00:00,61.378,100.0,2026-09-29T20:24:50.687760+00:00,2026-09-29T20:24:50.621552+00:00,61.3929,32.99,eligible,eligible,2026-09-29T20:24:55.787760+00:00,2026-09-29T20:24:56.087760+00:00,2026-09-29T20:25:00+00:00,2026-09-29T20:24:56.056395+00:00,2026-09-29T20:24:55.817000+00:00,61.379,27.17,2026-09-29T20:24:56.339168+00:00,2026-09-29T20:24:56.275275+00:00,61.4054,41.39,61.378,61.3929,61.379,61.4054,249.80846000000003,249.869103,-0.04680500000002106,0.0449658891,"[0.022482761400000002, 0.0, 0.0224831277, 0.0]",0.1249345515,4.413438667611224e-06,-3.673650167813414,-8.675040630677145,0.121698155,0.429552,0.282773912,0.458275
XAG,hyperliquid,lighter,250,2026-09-29T20:24:55+00:00,stale_decision,True,False,,,,,,,,,,,,,,,,,,,,,,,,,,,,,,,,,,,,,,,,,,,,,,,
XAG,hyperliquid,lighter,250,2026-09-29T20:25:00+00:00,one_exit_leg_unresolved,,,4.07,61.379,61.4001,249.81253,249.89840700000002,eligible,eligible,2026-09-29T20:25:00.100000+00:00,2026-09-29T20:25:00.400000+00:00,2026-09-29T20:25:00.769994+00:00,2026-09-29T20:25:00.352000+00:00,61.383,45.7,2026-09-29T20:25:00.560671+00:00,2026-09-29T20:25:00.494737+00:00,61.4001,464.81,eligible,missing_first_quote,2026-09-29T20:25:05.869994+00:00,2026-09-29T20:25:06.169995+00:00,2026-09-29T20:25:10+00:00,2026-09-29T20:25:06.699111+00:00,2026-09-29T20:25:06.322000+00:00,61.382,50.55,,,,,,,,,,,,,,,,,,,,,
XAG,hyperliquid,lighter,250,2026-09-29T20:25:05+00:00,one_entry_leg_unresolved,,,4.07,61.383,61.4035,249.82881000000003,249.912245,eligible,missing_first_quote,2026-09-29T20:25:05.100000+00:00,2026-09-29T20:25:05.400000+00:00,2026-09-29T20:25:05.893667+00:00,2026-09-29T20:25:05.595000+00:00,61.383,100.0,,,,,,,,,,,,,,,,,,,,,,,,,,,,,,,,,,
XAG,hyperliquid,lighter,250,2026-09-29T20:25:10+00:00,decision_skew,,,,,,,,,,,,,,,,,,,,,,,,,,,,,,,,,,,,,,,,,,,,,,,,,
XAG,hyperliquid,lighter,250,2026-09-29T20:25:15+00:00,one_exit_leg_unresolved,,,4.07,61.395,61.409,249.87765000000002,249.93463000000003,eligible,eligible,2026-09-29T20:25:15.100000+00:00,2026-09-29T20:25:15.400000+00:00,2026-09-29T20:25:15.703430+00:00,2026-09-29T20:25:15.139000+00:00,61.392,25.73,2026-09-29T20:25:15.719007+00:00,2026-09-29T20:25:15.654910+00:00,61.409,260.63,missing_first_quote,eligible,2026-09-29T20:25:20.819007+00:00,2026-09-29T20:25:21.119007+00:00,2026-09-29T20:25:25+00:00,,,,,2026-09-29T20:25:21.655159+00:00,2026-09-29T20:25:21.589282+00:00,61.4052,42.21,,,,,,,,,,,,,,,,,
XAG,hyperliquid,lighter,250,2026-09-29T20:25:20+00:00,one_entry_leg_unresolved,,,4.07,61.382,61.4,249.82474000000002,249.89800000000002,missing_first_quote,eligible,2026-09-29T20:25:20.100000+00:00,2026-09-29T20:25:20.400000+00:00,,,,,2026-09-29T20:25:20.676231+00:00,2026-09-29T20:25:20.611437+00:00,61.4,1382.72,,,,,,,,,,,,,,,,,,,,,,,,,,,,,,
XAG,hyperliquid,lighter,250,2026-09-29T20:25:25+00:00,decision_skew,,,,,,,,,,,,,,,,,,,,,,,,,,,,,,,,,,,,,,,,,,,,,,,,,
XAG,hyperliquid,lighter,250,2026-09-29T20:25:30+00:00,one_exit_leg_unresolved,,,4.07,61.383,61.4017,249.82881000000003,249.904919,eligible,eligible,2026-09-29T20:25:30.100000+00:00,2026-09-29T20:25:30.400000+00:00,2026-09-29T20:25:30.922539+00:00,2026-09-29T20:25:30.302000+00:00,61.383,117.92,2026-09-29T20:25:30.466566+00:00,2026-09-29T20:25:30.403053+00:00,61.4017,163.0,missing_first_quote,eligible,2026-09-29T20:25:36.022539+00:00,2026-09-29T20:25:36.322539+00:00,2026-09-29T20:25:40+00:00,,,,,2026-09-29T20:25:36.395067+00:00,2026-09-29T20:25:36.324375+00:00,61.4095,19.49,,,,,,,,,,,,,,,,,
XAG,hyperliquid,lighter,250,2026-09-29T20:25:35+00:00,one_entry_leg_unresolved,,,4.07,61.383,61.402,249.82881000000003,249.90614000000002,missing_first_quote,eligible,2026-09-29T20:25:35.100000+00:00,2026-09-29T20:25:35.400000+00:00,,,,,2026-09-29T20:25:36.176977+00:00,2026-09-29T20:25:36.109728+00:00,61.4041,247.98,,,,,,,,,,,,,,,,,,,,,,,,,,,,,,
XAG,hyperliquid,lighter,250,2026-09-29T20:25:40+00:00,complete_conditional_quote_path,,,4.07,61.387,61.4051,249.84509000000003,249.918757,eligible,eligible,2026-09-29T20:25:40.100000+00:00,2026-09-29T20:25:40.400000+00:00,2026-09-29T20:25:40.911183+00:00,2026-09-29T20:25:40.510000+00:00,61.387,100.0,2026-09-29T20:25:40.472687+00:00,2026-09-29T20:25:40.405032+00:00,61.4089,19.49,eligible,eligible,2026-09-29T20:25:46.011183+00:00,2026-09-29T20:25:46.311183+00:00,2026-09-29T20:25:50+00:00,2026-09-29T20:25:46.387370+00:00,2026-09-29T20:25:46.049000+00:00,61.39,22.51,2026-09-29T20:25:47.162284+00:00,2026-09-29T20:25:47.095172+00:00,61.4139,41.73,61.387,61.4089,61.39,61.4139,249.84509000000003,249.93422300000003,-0.00813999999998103,0.044973215100000005,"[0.0224860581, 0.0, 0.022487157, 0.0]",0.1249671115,4.820138305852946e-06,-2.125845863129871,-7.127822553498525,0.43849635,0.104968,0.774913748,1.046172
XAG,hyperliquid,lighter,250,2026-09-29T20:25:45+00:00,stale_decision,True,False,,,,,,,,,,,,,,,,,,,,,,,,,,,,,,,,,,,,,,,,,,,,,,,
XAG,hyperliquid,lighter,250,2026-09-29T20:25:50+00:00,one_entry_leg_unresolved,,,4.07,61.391,61.4034,249.86137000000002,249.91183800000002,missing_first_quote,eligible,2026-09-29T20:25:50.100000+00:00,2026-09-29T20:25:50.400000+00:00,,,,,2026-09-29T20:25:51.231091+00:00,2026-09-29T20:25:51.163689+00:00,61.4056,259.34,,,,,,,,,,,,,,,,,,,,,,,,,,,,,,
XAG,hyperliquid,lighter,250,2026-09-29T20:25:55+00:00,both_entry_legs_unresolved,,,4.07,61.391,61.4097,249.86137000000002,249.93747900000002,missing_first_quote,missing_first_quote,2026-09-29T20:25:55.100000+00:00,2026-09-29T20:25:55.400000+00:00,,,,,,,,,,,,,,,,,,,,,,,,,,,,,,,,,,,,,,
XAG,hyperliquid,lighter,250,2026-09-29T20:26:00+00:00,one_entry_leg_unresolved,,,4.07,61.391,61.4072,249.86137000000002,249.92730400000002,missing_first_quote,eligible,2026-09-29T20:26:00.100000+00:00,2026-09-29T20:26:00.400000+00:00,,,,,2026-09-29T20:26:00.478855+00:00,2026-09-29T20:26:00.409991+00:00,61.4072,163.0,,,,,,,,,,,,,,,,,,,,,,,,,,,,,,
XAG,hyperliquid,lighter,250,2026-09-29T20:26:05+00:00,stale_decision,False,True,,,,,,,,,,,,,,,,,,,,,,,,,,,,,,,,,,,,,,,,,,,,,,,
XAG,hyperliquid,lighter,250,2026-09-29T20:26:10+00:00,stale_decision,False,True,,,,,,,,,,,,,,,,,,,,,,,,,,,,,,,,,,,,,,,,,,,,,,,
XAG,hyperliquid,lighter,250,2026-09-29T20:26:15+00:00,one_entry_leg_unresolved,,,4.07,61.398,61.4211,249.88986000000003,249.98387700000004,missing_first_quote,eligible,2026-09-29T20:26:15.100000+00:00,2026-09-29T20:26:15.400000+00:00,,,,,2026-09-29T20:26:15.479160+00:00,2026-09-29T20:26:15.412261+00:00,61.4199,26.24,,,,,,,,,,,,,,,,,,,,,,,,,,,,,,
XAG,hyperliquid,lighter,250,2026-09-29T20:26:20+00:00,one_exit_leg_unresolved,,,4.07,61.398,61.419,249.88986000000003,249.97533,eligible,eligible,2026-09-29T20:26:20.100000+00:00,2026-09-29T20:26:20.400000+00:00,2026-09-29T20:26:20.615645+00:00,2026-09-29T20:26:20.286000+00:00,61.398,1431.82,2026-09-29T20:26:20.679631+00:00,2026-09-29T20:26:20.611936+00:00,61.4177,29.0,eligible,shallow_first_quote,2026-09-29T20:26:25.779631+00:00,2026-09-29T20:26:26.079631+00:00,2026-09-29T20:26:30+00:00,2026-09-29T20:26:26.303038+00:00,2026-09-29T20:26:25.797000+00:00,61.398,20.96,2026-09-29T20:26:26.315048+00:00,2026-09-29T20:26:26.247253+00:00,61.4216,3.45,,,,,,,,,,,,,,,,,
XAG,hyperliquid,lighter,250,2026-09-29T20:26:25+00:00,one_entry_leg_unresolved,,,4.07,61.398,61.4199,249.88986000000003,249.978993,eligible,shallow_first_quote,2026-09-29T20:26:25.100000+00:00,2026-09-29T20:26:25.400000+00:00,2026-09-29T20:26:25.518119+00:00,2026-09-29T20:26:25.188000+00:00,61.4,1313.61,2026-09-29T20:26:25.701038+00:00,2026-09-29T20:26:25.633617+00:00,61.42,0.78,,,,,,,,,,,,,,,,,,,,,,,,,,,,,,
XAG,hyperliquid,lighter,250,2026-09-29T20:26:30+00:00,one_entry_leg_unresolved,,,4.07,61.399,61.4199,249.89393,249.978993,missing_first_quote,eligible,2026-09-29T20:26:30.100000+00:00,2026-09-29T20:26:30.400000+00:00,,,,,2026-09-29T20:26:31.178071+00:00,2026-09-29T20:26:31.110891+00:00,61.4198,21.9,,,,,,,,,,,,,,,,,,,,,,,,,,,,,,
XAG,hyperliquid,lighter,250,2026-09-29T20:26:35+00:00,stale_decision,False,True,,,,,,,,,,,,,,,,,,,,,,,,,,,,,,,,,,,,,,,,,,,,,,,
XAG,hyperliquid,lighter,250,2026-09-29T20:26:40+00:00,one_entry_leg_unresolved,,,4.07,61.4,61.4172,249.89800000000002,249.96800400000004,missing_first_quote,eligible,2026-09-29T20:26:40.100000+00:00,2026-09-29T20:26:40.400000+00:00,,,,,2026-09-29T20:26:40.805022+00:00,2026-09-29T20:26:40.737938+00:00,61.4172,38.18,,,,,,,,,,,,,,,,,,,,,,,,,,,,,,
XAG,hyperliquid,lighter,250,2026-09-29T20:26:45+00:00,decision_skew,,,,,,,,,,,,,,,,,,,,,,,,,,,,,,,,,,,,,,,,,,,,,,,,,
XAG,hyperliquid,lighter,250,2026-09-29T20:26:50+00:00,one_entry_leg_unresolved,,,4.07,61.404,61.4222,249.91428000000002,249.98835400000002,missing_first_quote,eligible,2026-09-29T20:26:50.100000+00:00,2026-09-29T20:26:50.400000+00:00,,,,,2026-09-29T20:26:50.776722+00:00,2026-09-29T20:26:50.709885+00:00,61.4215,35.44,,,,,,,,,,,,,,,,,,,,,,,,,,,,,,
XAG,hyperliquid,lighter,250,2026-09-29T20:26:55+00:00,one_entry_leg_unresolved,,,4.07,61.405,61.4227,249.91835000000003,249.99038900000002,eligible,missing_first_quote,2026-09-29T20:26:55.100000+00:00,2026-09-29T20:26:55.400000+00:00,2026-09-29T20:26:55.383183+00:00,2026-09-29T20:26:55.124000+00:00,61.404,127.32,,,,,,,,,,,,,,,,,,,,,,,,,,,,,,,,,,
XAG,hyperliquid,lighter,250,2026-09-29T20:27:00+00:00,stale_decision,False,True,,,,,,,,,,,,,,,,,,,,,,,,,,,,,,,,,,,,,,,,,,,,,,,
XAG,hyperliquid,lighter,250,2026-09-29T20:27:05+00:00,stale_decision,False,True,,,,,,,,,,,,,,,,,,,,,,,,,,,,,,,,,,,,,,,,,,,,,,,
XAG,hyperliquid,lighter,250,2026-09-29T20:27:10+00:00,stale_decision,False,False,,,,,,,,,,,,,,,,,,,,,,,,,,,,,,,,,,,,,,,,,,,,,,,
XAG,hyperliquid,lighter,250,2026-09-29T20:27:15+00:00,stale_decision,False,True,,,,,,,,,,,,,,,,,,,,,,,,,,,,,,,,,,,,,,,,,,,,,,,
XAG,hyperliquid,lighter,250,2026-09-29T20:27:20+00:00,one_entry_leg_unresolved,,,4.07,61.404,61.4235,249.91428000000002,249.99364500000001,missing_first_quote,eligible,2026-09-29T20:27:20.100000+00:00,2026-09-29T20:27:20.400000+00:00,,,,,2026-09-29T20:27:20.468986+00:00,2026-09-29T20:27:20.402005+00:00,61.4235,182.48,,,,,,,,,,,,,,,,,,,,,,,,,,,,,,
XAG,hyperliquid,lighter,250,2026-09-29T20:27:25+00:00,stale_decision,False,True,,,,,,,,,,,,,,,,,,,,,,,,,,,,,,,,,,,,,,,,,,,,,,,
XAG,hyperliquid,lighter,250,2026-09-29T20:27:30+00:00,one_exit_leg_unresolved,,,4.07,61.405,61.4256,249.91835000000003,250.00219200000004,eligible,eligible,2026-09-29T20:27:30.100000+00:00,2026-09-29T20:27:30.400000+00:00,2026-09-29T20:27:30.974242+00:00,2026-09-29T20:27:30.713000+00:00,61.405,100.0,2026-09-29T20:27:30.988235+00:00,2026-09-29T20:27:30.920323+00:00,61.4256,163.0,missing_first_quote,eligible,2026-09-29T20:27:36.088235+00:00,2026-09-29T20:27:36.388235+00:00,2026-09-29T20:27:40+00:00,,,,,2026-09-29T20:27:37.021652+00:00,2026-09-29T20:27:36.952768+00:00,61.4275,40.97,,,,,,,,,,,,,,,,,
XAG,hyperliquid,lighter,250,2026-09-29T20:27:35+00:00,one_entry_leg_unresolved,,,4.07,61.404,61.4235,249.91428000000002,249.99364500000001,missing_first_quote,eligible,2026-09-29T20:27:35.100000+00:00,2026-09-29T20:27:35.400000+00:00,,,,,2026-09-29T20:27:35.630187+00:00,2026-09-29T20:27:35.563488+00:00,61.4236,163.63,,,,,,,,,,,,,,,,,,,,,,,,,,,,,,
XAG,hyperliquid,lighter,250,2026-09-29T20:27:40+00:00,stale_decision,False,True,,,,,,,,,,,,,,,,,,,,,,,,,,,,,,,,,,,,,,,,,,,,,,,
XAG,hyperliquid,lighter,250,2026-09-29T20:27:45+00:00,stale_decision,False,True,,,,,,,,,,,,,,,,,,,,,,,,,,,,,,,,,,,,,,,,,,,,,,,
XAG,hyperliquid,lighter,250,2026-09-29T20:27:50+00:00,stale_decision,False,False,,,,,,,,,,,,,,,,,,,,,,,,,,,,,,,,,,,,,,,,,,,,,,,
XAG,hyperliquid,lighter,250,2026-09-29T20:27:55+00:00,both_exit_legs_unresolved,,,4.07,61.401,61.4162,249.90207000000004,249.96393400000002,eligible,eligible,2026-09-29T20:27:55.100000+00:00,2026-09-29T20:27:55.400000+00:00,2026-09-29T20:27:55.501331+00:00,2026-09-29T20:27:55.221000+00:00,61.401,1621.02,2026-09-29T20:27:55.754804+00:00,2026-09-29T20:27:55.688247+00:00,61.4163,182.48,missing_first_quote,shallow_first_quote,2026-09-29T20:28:00.854804+00:00,2026-09-29T20:28:01.154804+00:00,2026-09-29T20:28:05+00:00,,,,,2026-09-29T20:28:01.300553+00:00,2026-09-29T20:28:01.232369+00:00,61.4226,3.45,,,,,,,,,,,,,,,,,
XAG,hyperliquid,lighter,250,2026-09-29T20:28:00+00:00,stale_decision,False,True,,,,,,,,,,,,,,,,,,,,,,,,,,,,,,,,,,,,,,,,,,,,,,,
XAG,hyperliquid,lighter,250,2026-09-29T20:28:05+00:00,decision_skew,,,,,,,,,,,,,,,,,,,,,,,,,,,,,,,,,,,,,,,,,,,,,,,,,
XAG,hyperliquid,lighter,250,2026-09-29T20:28:10+00:00,stale_decision,False,False,,,,,,,,,,,,,,,,,,,,,,,,,,,,,,,,,,,,,,,,,,,,,,,
XAG,hyperliquid,lighter,250,2026-09-29T20:28:15+00:00,stale_decision,False,True,,,,,,,,,,,,,,,,,,,,,,,,,,,,,,,,,,,,,,,,,,,,,,,
XAG,hyperliquid,lighter,250,2026-09-29T20:28:20+00:00,one_entry_leg_unresolved,,,4.07,61.404,61.4225,249.91428000000002,249.989575,missing_first_quote,eligible,2026-09-29T20:28:20.100000+00:00,2026-09-29T20:28:20.400000+00:00,,,,,2026-09-29T20:28:21.190483+00:00,2026-09-29T20:28:21.123933+00:00,61.4225,163.0,,,,,,,,,,,,,,,,,,,,,,,,,,,,,,
XAG,hyperliquid,lighter,250,2026-09-29T20:28:25+00:00,stale_decision,True,False,,,,,,,,,,,,,,,,,,,,,,,,,,,,,,,,,,,,,,,,,,,,,,,
XAG,hyperliquid,lighter,250,2026-09-29T20:28:30+00:00,one_exit_leg_unresolved,,,4.07,61.394,61.4169,249.87358,249.96678300000002,eligible,eligible,2026-09-29T20:28:30.100000+00:00,2026-09-29T20:28:30.400000+00:00,2026-09-29T20:28:30.534059+00:00,2026-09-29T20:28:30.204000+00:00,61.394,116.29,2026-09-29T20:28:31.090386+00:00,2026-09-29T20:28:31.018766+00:00,61.4201,25.23,eligible,shallow_first_quote,2026-09-29T20:28:36.190386+00:00,2026-09-29T20:28:36.490386+00:00,2026-09-29T20:28:40+00:00,2026-09-29T20:28:36.724432+00:00,2026-09-29T20:28:36.379000+00:00,61.394,159.86,2026-09-29T20:28:36.902074+00:00,2026-09-29T20:28:36.834881+00:00,61.4217,3.45,,,,,,,,,,,,,,,,,
XAG,hyperliquid,lighter,250,2026-09-29T20:28:35+00:00,complete_conditional_quote_path,,,4.07,61.395,61.4169,249.87765000000002,249.96678300000002,eligible,eligible,2026-09-29T20:28:35.100000+00:00,2026-09-29T20:28:35.400000+00:00,2026-09-29T20:28:35.637813+00:00,2026-09-29T20:28:35.345000+00:00,61.395,101.63,2026-09-29T20:28:35.589885+00:00,2026-09-29T20:28:35.520731+00:00,61.4169,35.17,eligible,eligible,2026-09-29T20:28:40.737813+00:00,2026-09-29T20:28:41.037813+00:00,2026-09-29T20:28:45+00:00,2026-09-29T20:28:41.208565+00:00,2026-09-29T20:28:40.881000+00:00,61.403,82.1,2026-09-29T20:28:41.620541+00:00,2026-09-29T20:28:41.554284+00:00,61.4307,37.77,61.395,61.4169,61.403,61.4307,249.87765000000002,249.96678300000002,-0.023606000000031744,0.044980907400000006,"[0.0224889885, 0.0, 0.0224919189, 0.0]",0.12498339150000001,4.597079874427949e-06,-2.7448196107187552,-7.7467871168112135,0.047927755,0.175731,0.411976114,0.673284
XAG,hyperliquid,lighter,250,2026-09-29T20:28:40+00:00,complete_conditional_quote_path,,,4.07,61.408,61.4222,249.93056,249.98835400000002,eligible,eligible,2026-09-29T20:28:40.100000+00:00,2026-09-29T20:28:40.400000+00:00,2026-09-29T20:28:40.778952+00:00,2026-09-29T20:28:40.499000+00:00,61.404,129.96,2026-09-29T20:28:40.803265+00:00,2026-09-29T20:28:40.736845+00:00,61.4225,182.58,eligible,eligible,2026-09-29T20:28:45.903265+00:00,2026-09-29T20:28:46.203265+00:00,2026-09-29T20:28:50+00:00,2026-09-29T20:28:46.316993+00:00,2026-09-29T20:28:46.022000+00:00,61.404,83.65,2026-09-29T20:28:46.294253+00:00,2026-09-29T20:28:46.226428+00:00,61.4308,301.81,61.404,61.4225,61.404,61.4308,249.91428000000002,249.989575,-0.03378099999999357,0.04498457040000001,"[0.022492285200000003, 0.0, 0.022492285200000003, 0.0]",0.12499478750000001,4.370759077812772e-06,-3.151703472086252,-8.153384778935857,0.024313441,0.237845,0.022740637,0.204428
XAG,hyperliquid,lighter,250,2026-09-29T20:28:45+00:00,stale_decision,True,False,,,,,,,,,,,,,,,,,,,,,,,,,,,,,,,,,,,,,,,,,,,,,,,
XAG,hyperliquid,lighter,250,2026-09-29T20:28:50+00:00,stale_decision,False,True,,,,,,,,,,,,,,,,,,,,,,,,,,,,,,,,,,,,,,,,,,,,,,,
XAG,hyperliquid,lighter,250,2026-09-29T20:28:55+00:00,stale_decision,False,True,,,,,,,,,,,,,,,,,,,,,,,,,,,,,,,,,,,,,,,,,,,,,,,
XAG,hyperliquid,lighter,250,2026-09-29T20:29:00+00:00,decision_skew,,,,,,,,,,,,,,,,,,,,,,,,,,,,,,,,,,,,,,,,,,,,,,,,,
XAG,hyperliquid,lighter,250,2026-09-29T20:29:05+00:00,stale_decision,True,False,,,,,,,,,,,,,,,,,,,,,,,,,,,,,,,,,,,,,,,,,,,,,,,
XAG,hyperliquid,lighter,250,2026-09-29T20:29:10+00:00,one_exit_leg_unresolved,,,4.06,61.428,61.4441,249.39767999999995,249.46304599999996,eligible,eligible,2026-09-29T20:29:10.100000+00:00,2026-09-29T20:29:10.400000+00:00,2026-09-29T20:29:10.478495+00:00,2026-09-29T20:29:10.186000+00:00,61.427,26.65,2026-09-29T20:29:10.496524+00:00,2026-09-29T20:29:10.429552+00:00,61.4436,1219.72,missing_first_quote,eligible,2026-09-29T20:29:15.596524+00:00,2026-09-29T20:29:15.896524+00:00,2026-09-29T20:29:20+00:00,,,,,2026-09-29T20:29:16.436639+00:00,2026-09-29T20:29:16.370296+00:00,61.4472,40.33,,,,,,,,,,,,,,,,,
XAG,hyperliquid,lighter,250,2026-09-29T20:29:15+00:00,decision_skew,,,,,,,,,,,,,,,,,,,,,,,,,,,,,,,,,,,,,,,,,,,,,,,,,
XAG,hyperliquid,lighter,250,2026-09-29T20:29:20+00:00,stale_decision,False,True,,,,,,,,,,,,,,,,,,,,,,,,,,,,,,,,,,,,,,,,,,,,,,,
XAG,hyperliquid,lighter,250,2026-09-29T20:29:25+00:00,stale_decision,False,True,,,,,,,,,,,,,,,,,,,,,,,,,,,,,,,,,,,,,,,,,,,,,,,
XAG,hyperliquid,lighter,250,2026-09-29T20:29:30+00:00,one_entry_leg_unresolved,,,4.07,61.425,61.4403,249.99975,250.06202100000002,missing_first_quote,eligible,2026-09-29T20:29:30.100000+00:00,2026-09-29T20:29:30.400000+00:00,,,,,2026-09-29T20:29:31.064607+00:00,2026-09-29T20:29:31.000405+00:00,61.4403,28.51,,,,,,,,,,,,,,,,,,,,,,,,,,,,,,
XAG,hyperliquid,lighter,250,2026-09-29T20:29:35+00:00,one_exit_leg_unresolved,,,4.07,61.424,61.4361,249.99568000000002,250.04492700000003,eligible,eligible,2026-09-29T20:29:35.100000+00:00,2026-09-29T20:29:35.400000+00:00,2026-09-29T20:29:35.510292+00:00,2026-09-29T20:29:35.241000+00:00,61.417,44.38,2026-09-29T20:29:35.533777+00:00,2026-09-29T20:29:35.470292+00:00,61.4361,188.33,missing_first_quote,eligible,2026-09-29T20:29:40.633777+00:00,2026-09-29T20:29:40.933777+00:00,2026-09-29T20:29:45+00:00,,,,,2026-09-29T20:29:41.423045+00:00,2026-09-29T20:29:41.358921+00:00,61.4395,39.12,,,,,,,,,,,,,,,,,
XAG,hyperliquid,lighter,250,2026-09-29T20:29:40+00:00,decision_skew,,,,,,,,,,,,,,,,,,,,,,,,,,,,,,,,,,,,,,,,,,,,,,,,,
XAG,hyperliquid,lighter,250,2026-09-29T20:29:45+00:00,both_entry_legs_unresolved,,,4.07,61.414,61.4337,249.95498000000003,250.03515900000002,missing_first_quote,shallow_first_quote,2026-09-29T20:29:45.100000+00:00,2026-09-29T20:29:45.400000+00:00,,,,,2026-09-29T20:29:45.494440+00:00,2026-09-29T20:29:45.430545+00:00,61.4338,0.2,,,,,,,,,,,,,,,,,,,,,,,,,,,,,,
XAG,hyperliquid,lighter,250,2026-09-29T20:29:50+00:00,both_exit_legs_unresolved,,,4.07,61.413,61.433,249.95091,250.03231000000002,eligible,eligible,2026-09-29T20:29:50.100000+00:00,2026-09-29T20:29:50.400000+00:00,2026-09-29T20:29:50.581776+00:00,2026-09-29T20:29:50.325000+00:00,61.413,104.08,2026-09-29T20:29:50.463490+00:00,2026-09-29T20:29:50.400284+00:00,61.4326,36.05,missing_first_quote,terminal_capture,2026-09-29T20:29:55.681776+00:00,2026-09-29T20:29:55.981776+00:00,2026-09-29T20:30:00+00:00,,,,,,,,,,,,,,,,,,,,,,,,,
XAG,hyperliquid,lighter,1000,2026-09-29T20:23:00+00:00,both_exit_legs_unresolved,,,16.28,61.398,61.4161,999.5594400000001,999.8541080000001,eligible,eligible,2026-09-29T20:23:00.100000+00:00,2026-09-29T20:23:00.400000+00:00,2026-09-29T20:23:00.650716+00:00,2026-09-29T20:23:00.399000+00:00,61.398,122.0,2026-09-29T20:23:00.464191+00:00,2026-09-29T20:23:00.400570+00:00,61.4161,301.81,shallow_first_quote,missing_first_quote,2026-09-29T20:23:05.750716+00:00,2026-09-29T20:23:06.050716+00:00,2026-09-29T20:23:10+00:00,2026-09-29T20:23:06.134279+00:00,2026-09-29T20:23:05.804000+00:00,61.395,12.01,,,,,,,,,,,,,,,,,,,,,
XAG,hyperliquid,lighter,1000,2026-09-29T20:23:05+00:00,decision_skew,,,,,,,,,,,,,,,,,,,,,,,,,,,,,,,,,,,,,,,,,,,,,,,,,
XAG,hyperliquid,lighter,1000,2026-09-29T20:23:10+00:00,stale_decision,False,False,,,,,,,,,,,,,,,,,,,,,,,,,,,,,,,,,,,,,,,,,,,,,,,
XAG,hyperliquid,lighter,1000,2026-09-29T20:23:15+00:00,stale_decision,False,True,,,,,,,,,,,,,,,,,,,,,,,,,,,,,,,,,,,,,,,,,,,,,,,
XAG,hyperliquid,lighter,1000,2026-09-29T20:23:20+00:00,decision_skew,,,,,,,,,,,,,,,,,,,,,,,,,,,,,,,,,,,,,,,,,,,,,,,,,
XAG,hyperliquid,lighter,1000,2026-09-29T20:23:25+00:00,complete_conditional_quote_path,,,16.29,61.384,61.4038,999.9453599999999,1000.2679019999999,eligible,eligible,2026-09-29T20:23:25.100000+00:00,2026-09-29T20:23:25.400000+00:00,2026-09-29T20:23:25.450641+00:00,2026-09-29T20:23:25.168000+00:00,61.382,144.76,2026-09-29T20:23:25.867723+00:00,2026-09-29T20:23:25.803498+00:00,61.4013,130.31,eligible,eligible,2026-09-29T20:23:30.967724+00:00,2026-09-29T20:23:31.267724+00:00,2026-09-29T20:23:35+00:00,2026-09-29T20:23:31.389555+00:00,2026-09-29T20:23:31.136000+00:00,61.373,49.59,2026-09-29T20:23:31.342753+00:00,2026-09-29T20:23:31.278906+00:00,61.3986,232.38,61.382,61.4013,61.373,61.3986,999.9127799999999,1000.227177,-0.10262700000005018,0.1799711055,"[0.0899921502, 0.0, 0.0899789553, 0.0]",0.5001135885,1.8097838901246968e-05,-2.82622755856816,-7.827980674863976,0.417082123,0.635498,0.046801602,0.142906
XAG,hyperliquid,lighter,1000,2026-09-29T20:23:30+00:00,stale_decision,False,True,,,,,,,,,,,,,,,,,,,,,,,,,,,,,,,,,,,,,,,,,,,,,,,
XAG,hyperliquid,lighter,1000,2026-09-29T20:23:35+00:00,decision_skew,,,,,,,,,,,,,,,,,,,,,,,,,,,,,,,,,,,,,,,,,,,,,,,,,
XAG,hyperliquid,lighter,1000,2026-09-29T20:23:40+00:00,stale_decision,False,True,,,,,,,,,,,,,,,,,,,,,,,,,,,,,,,,,,,,,,,,,,,,,,,
XAG,hyperliquid,lighter,1000,2026-09-29T20:23:45+00:00,decision_skew,,,,,,,,,,,,,,,,,,,,,,,,,,,,,,,,,,,,,,,,,,,,,,,,,
XAG,hyperliquid,lighter,1000,2026-09-29T20:23:50+00:00,decision_skew,,,,,,,,,,,,,,,,,,,,,,,,,,,,,,,,,,,,,,,,,,,,,,,,,
XAG,hyperliquid,lighter,1000,2026-09-29T20:23:55+00:00,decision_skew,,,,,,,,,,,,,,,,,,,,,,,,,,,,,,,,,,,,,,,,,,,,,,,,,
XAG,hyperliquid,lighter,1000,2026-09-29T20:24:00+00:00,stale_decision,True,False,,,,,,,,,,,,,,,,,,,,,,,,,,,,,,,,,,,,,,,,,,,,,,,
XAG,hyperliquid,lighter,1000,2026-09-29T20:24:05+00:00,one_entry_leg_unresolved,,,16.29,61.384,61.4057,999.9453599999999,1000.298853,eligible,missing_first_quote,2026-09-29T20:24:05.100000+00:00,2026-09-29T20:24:05.400000+00:00,2026-09-29T20:24:05.651038+00:00,2026-09-29T20:24:05.331000+00:00,61.383,100.0,,,,,,,,,,,,,,,,,,,,,,,,,,,,,,,,,,
XAG,hyperliquid,lighter,1000,2026-09-29T20:24:10+00:00,stale_decision,False,False,,,,,,,,,,,,,,,,,,,,,,,,,,,,,,,,,,,,,,,,,,,,,,,
XAG,hyperliquid,lighter,1000,2026-09-29T20:24:15+00:00,one_entry_leg_unresolved,,,16.29,61.384,61.4026,999.9453599999999,1000.248354,missing_first_quote,eligible,2026-09-29T20:24:15.100000+00:00,2026-09-29T20:24:15.400000+00:00,,,,,2026-09-29T20:24:15.668262+00:00,2026-09-29T20:24:15.604067+00:00,61.4026,363.09,,,,,,,,,,,,,,,,,,,,,,,,,,,,,,
XAG,hyperliquid,lighter,1000,2026-09-29T20:24:20+00:00,one_entry_leg_unresolved,,,16.29,61.384,61.3974,999.9453599999999,1000.1636459999999,eligible,shallow_first_quote,2026-09-29T20:24:20.100000+00:00,2026-09-29T20:24:20.400000+00:00,2026-09-29T20:24:20.474078+00:00,2026-09-29T20:24:20.124000+00:00,61.383,2463.23,2026-09-29T20:24:20.479238+00:00,2026-09-29T20:24:20.413771+00:00,61.3974,0.61,,,,,,,,,,,,,,,,,,,,,,,,,,,,,,
XAG,hyperliquid,lighter,1000,2026-09-29T20:24:25+00:00,one_exit_leg_unresolved,,,16.29,61.375,61.3936,999.7987499999999,1000.1017439999999,eligible,eligible,2026-09-29T20:24:25.100000+00:00,2026-09-29T20:24:25.400000+00:00,2026-09-29T20:24:25.872859+00:00,2026-09-29T20:24:25.575000+00:00,61.374,1880.5,2026-09-29T20:24:25.479819+00:00,2026-09-29T20:24:25.414821+00:00,61.3936,1382.72,eligible,missing_first_quote,2026-09-29T20:24:30.972859+00:00,2026-09-29T20:24:31.272859+00:00,2026-09-29T20:24:35+00:00,2026-09-29T20:24:31.300661+00:00,2026-09-29T20:24:31+00:00,61.37,76.41,,,,,,,,,,,,,,,,,,,,,
XAG,hyperliquid,lighter,1000,2026-09-29T20:24:30+00:00,one_entry_leg_unresolved,,,16.29,61.372,61.3938,999.74988,1000.1050019999999,eligible,missing_first_quote,2026-09-29T20:24:30.100000+00:00,2026-09-29T20:24:30.400000+00:00,2026-09-29T20:24:30.662605+00:00,2026-09-29T20:24:30.330000+00:00,61.371,27.25,,,,,,,,,,,,,,,,,,,,,,,,,,,,,,,,,,
XAG,hyperliquid,lighter,1000,2026-09-29T20:24:35+00:00,stale_decision,True,False,,,,,,,,,,,,,,,,,,,,,,,,,,,,,,,,,,,,,,,,,,,,,,,
XAG,hyperliquid,lighter,1000,2026-09-29T20:24:40+00:00,stale_decision,False,True,,,,,,,,,,,,,,,,,,,,,,,,,,,,,,,,,,,,,,,,,,,,,,,
XAG,hyperliquid,lighter,1000,2026-09-29T20:24:45+00:00,both_entry_legs_unresolved,,,16.29,61.371,61.3925,999.7335899999999,1000.0838249999999,missing_first_quote,missing_first_quote,2026-09-29T20:24:45.100000+00:00,2026-09-29T20:24:45.400000+00:00,,,,,,,,,,,,,,,,,,,,,,,,,,,,,,,,,,,,,,
XAG,hyperliquid,lighter,1000,2026-09-29T20:24:50+00:00,complete_conditional_quote_path,,,16.29,61.383,61.3988,999.92907,1000.1864519999999,eligible,eligible,2026-09-29T20:24:50.100000+00:00,2026-09-29T20:24:50.400000+00:00,2026-09-29T20:24:50.566061+00:00,2026-09-29T20:24:50.192000+00:00,61.378,100.0,2026-09-29T20:24:50.687760+00:00,2026-09-29T20:24:50.621552+00:00,61.3929,32.99,eligible,eligible,2026-09-29T20:24:55.787760+00:00,2026-09-29T20:24:56.087760+00:00,2026-09-29T20:25:00+00:00,2026-09-29T20:24:56.056395+00:00,2026-09-29T20:24:55.817000+00:00,61.379,27.17,2026-09-29T20:24:56.339168+00:00,2026-09-29T20:24:56.275275+00:00,61.4054,41.39,61.378,61.3929,61.379,61.4054,999.84762,1000.0903409999999,-0.18733500000008427,0.1799740377,"[0.08998628580000001, 0.0, 0.0899877519, 0.0]",0.5000451705,1.7664598500095043e-05,-3.673650167813414,-8.675040630677145,0.121698155,0.429552,0.282773912,0.458275
XAG,hyperliquid,lighter,1000,2026-09-29T20:24:55+00:00,stale_decision,True,False,,,,,,,,,,,,,,,,,,,,,,,,,,,,,,,,,,,,,,,,,,,,,,,
XAG,hyperliquid,lighter,1000,2026-09-29T20:25:00+00:00,one_exit_leg_unresolved,,,16.29,61.379,61.4001,999.8639099999999,1000.207629,eligible,eligible,2026-09-29T20:25:00.100000+00:00,2026-09-29T20:25:00.400000+00:00,2026-09-29T20:25:00.769994+00:00,2026-09-29T20:25:00.352000+00:00,61.383,45.7,2026-09-29T20:25:00.560671+00:00,2026-09-29T20:25:00.494737+00:00,61.4001,464.81,eligible,missing_first_quote,2026-09-29T20:25:05.869994+00:00,2026-09-29T20:25:06.169995+00:00,2026-09-29T20:25:10+00:00,2026-09-29T20:25:06.699111+00:00,2026-09-29T20:25:06.322000+00:00,61.382,50.55,,,,,,,,,,,,,,,,,,,,,
XAG,hyperliquid,lighter,1000,2026-09-29T20:25:05+00:00,one_entry_leg_unresolved,,,16.29,61.383,61.4035,999.92907,1000.263015,eligible,missing_first_quote,2026-09-29T20:25:05.100000+00:00,2026-09-29T20:25:05.400000+00:00,2026-09-29T20:25:05.893667+00:00,2026-09-29T20:25:05.595000+00:00,61.383,100.0,,,,,,,,,,,,,,,,,,,,,,,,,,,,,,,,,,
XAG,hyperliquid,lighter,1000,2026-09-29T20:25:10+00:00,decision_skew,,,,,,,,,,,,,,,,,,,,,,,,,,,,,,,,,,,,,,,,,,,,,,,,,
XAG,hyperliquid,lighter,1000,2026-09-29T20:25:15+00:00,one_exit_leg_unresolved,,,16.28,61.395,61.409,999.5106000000001,999.7385200000001,eligible,eligible,2026-09-29T20:25:15.100000+00:00,2026-09-29T20:25:15.400000+00:00,2026-09-29T20:25:15.703430+00:00,2026-09-29T20:25:15.139000+00:00,61.392,25.73,2026-09-29T20:25:15.719007+00:00,2026-09-29T20:25:15.654910+00:00,61.409,260.63,missing_first_quote,eligible,2026-09-29T20:25:20.819007+00:00,2026-09-29T20:25:21.119007+00:00,2026-09-29T20:25:25+00:00,,,,,2026-09-29T20:25:21.655159+00:00,2026-09-29T20:25:21.589282+00:00,61.4052,42.21,,,,,,,,,,,,,,,,,
XAG,hyperliquid,lighter,1000,2026-09-29T20:25:20+00:00,one_entry_leg_unresolved,,,16.29,61.382,61.4,999.9127799999999,1000.2059999999999,missing_first_quote,eligible,2026-09-29T20:25:20.100000+00:00,2026-09-29T20:25:20.400000+00:00,,,,,2026-09-29T20:25:20.676231+00:00,2026-09-29T20:25:20.611437+00:00,61.4,1382.72,,,,,,,,,,,,,,,,,,,,,,,,,,,,,,
XAG,hyperliquid,lighter,1000,2026-09-29T20:25:25+00:00,decision_skew,,,,,,,,,,,,,,,,,,,,,,,,,,,,,,,,,,,,,,,,,,,,,,,,,
XAG,hyperliquid,lighter,1000,2026-09-29T20:25:30+00:00,one_exit_leg_unresolved,,,16.29,61.383,61.4017,999.92907,1000.2336929999999,eligible,eligible,2026-09-29T20:25:30.100000+00:00,2026-09-29T20:25:30.400000+00:00,2026-09-29T20:25:30.922539+00:00,2026-09-29T20:25:30.302000+00:00,61.383,117.92,2026-09-29T20:25:30.466566+00:00,2026-09-29T20:25:30.403053+00:00,61.4017,163.0,missing_first_quote,eligible,2026-09-29T20:25:36.022539+00:00,2026-09-29T20:25:36.322539+00:00,2026-09-29T20:25:40+00:00,,,,,2026-09-29T20:25:36.395067+00:00,2026-09-29T20:25:36.324375+00:00,61.4095,19.49,,,,,,,,,,,,,,,,,
XAG,hyperliquid,lighter,1000,2026-09-29T20:25:35+00:00,one_entry_leg_unresolved,,,16.29,61.383,61.402,999.92907,1000.23858,missing_first_quote,eligible,2026-09-29T20:25:35.100000+00:00,2026-09-29T20:25:35.400000+00:00,,,,,2026-09-29T20:25:36.176977+00:00,2026-09-29T20:25:36.109728+00:00,61.4041,247.98,,,,,,,,,,,,,,,,,,,,,,,,,,,,,,
XAG,hyperliquid,lighter,1000,2026-09-29T20:25:40+00:00,complete_conditional_quote_path,,,16.29,61.387,61.4051,999.9942299999999,1000.2890789999999,eligible,eligible,2026-09-29T20:25:40.100000+00:00,2026-09-29T20:25:40.400000+00:00,2026-09-29T20:25:40.911183+00:00,2026-09-29T20:25:40.510000+00:00,61.387,100.0,2026-09-29T20:25:40.472687+00:00,2026-09-29T20:25:40.405032+00:00,61.4089,19.49,eligible,eligible,2026-09-29T20:25:46.011183+00:00,2026-09-29T20:25:46.311183+00:00,2026-09-29T20:25:50+00:00,2026-09-29T20:25:46.387370+00:00,2026-09-29T20:25:46.049000+00:00,61.39,22.51,2026-09-29T20:25:47.162284+00:00,2026-09-29T20:25:47.095172+00:00,61.4139,41.73,61.387,61.4089,61.39,61.4139,999.9942299999999,1000.350981,-0.032579999999924066,0.18000335969999998,"[0.0899994807, 0.0, 0.090003879, 0.0]",0.5001754905,1.9292396315072354e-05,-2.1258458631298707,-7.127822553498525,0.43849635,0.104968,0.774913748,1.046172
XAG,hyperliquid,lighter,1000,2026-09-29T20:25:45+00:00,stale_decision,True,False,,,,,,,,,,,,,,,,,,,,,,,,,,,,,,,,,,,,,,,,,,,,,,,
XAG,hyperliquid,lighter,1000,2026-09-29T20:25:50+00:00,one_entry_leg_unresolved,,,16.28,61.391,61.4034,999.4454800000001,999.6473520000001,missing_first_quote,eligible,2026-09-29T20:25:50.100000+00:00,2026-09-29T20:25:50.400000+00:00,,,,,2026-09-29T20:25:51.231091+00:00,2026-09-29T20:25:51.163689+00:00,61.4056,259.34,,,,,,,,,,,,,,,,,,,,,,,,,,,,,,
XAG,hyperliquid,lighter,1000,2026-09-29T20:25:55+00:00,both_entry_legs_unresolved,,,16.28,61.391,61.4097,999.4454800000001,999.7499160000001,missing_first_quote,missing_first_quote,2026-09-29T20:25:55.100000+00:00,2026-09-29T20:25:55.400000+00:00,,,,,,,,,,,,,,,,,,,,,,,,,,,,,,,,,,,,,,
XAG,hyperliquid,lighter,1000,2026-09-29T20:26:00+00:00,one_entry_leg_unresolved,,,16.28,61.391,61.4072,999.4454800000001,999.7092160000001,missing_first_quote,eligible,2026-09-29T20:26:00.100000+00:00,2026-09-29T20:26:00.400000+00:00,,,,,2026-09-29T20:26:00.478855+00:00,2026-09-29T20:26:00.409991+00:00,61.4072,163.0,,,,,,,,,,,,,,,,,,,,,,,,,,,,,,
XAG,hyperliquid,lighter,1000,2026-09-29T20:26:05+00:00,stale_decision,False,True,,,,,,,,,,,,,,,,,,,,,,,,,,,,,,,,,,,,,,,,,,,,,,,
XAG,hyperliquid,lighter,1000,2026-09-29T20:26:10+00:00,stale_decision,False,True,,,,,,,,,,,,,,,,,,,,,,,,,,,,,,,,,,,,,,,,,,,,,,,
XAG,hyperliquid,lighter,1000,2026-09-29T20:26:15+00:00,one_entry_leg_unresolved,,,16.28,61.398,61.4211,999.5594400000001,999.9355080000001,missing_first_quote,eligible,2026-09-29T20:26:15.100000+00:00,2026-09-29T20:26:15.400000+00:00,,,,,2026-09-29T20:26:15.479160+00:00,2026-09-29T20:26:15.412261+00:00,61.4199,26.24,,,,,,,,,,,,,,,,,,,,,,,,,,,,,,
XAG,hyperliquid,lighter,1000,2026-09-29T20:26:20+00:00,one_exit_leg_unresolved,,,16.28,61.398,61.419,999.5594400000001,999.90132,eligible,eligible,2026-09-29T20:26:20.100000+00:00,2026-09-29T20:26:20.400000+00:00,2026-09-29T20:26:20.615645+00:00,2026-09-29T20:26:20.286000+00:00,61.398,1431.82,2026-09-29T20:26:20.679631+00:00,2026-09-29T20:26:20.611936+00:00,61.4177,29.0,eligible,shallow_first_quote,2026-09-29T20:26:25.779631+00:00,2026-09-29T20:26:26.079631+00:00,2026-09-29T20:26:30+00:00,2026-09-29T20:26:26.303038+00:00,2026-09-29T20:26:25.797000+00:00,61.398,20.96,2026-09-29T20:26:26.315048+00:00,2026-09-29T20:26:26.247253+00:00,61.4216,3.45,,,,,,,,,,,,,,,,,
XAG,hyperliquid,lighter,1000,2026-09-29T20:26:25+00:00,one_entry_leg_unresolved,,,16.28,61.398,61.4199,999.5594400000001,999.915972,eligible,shallow_first_quote,2026-09-29T20:26:25.100000+00:00,2026-09-29T20:26:25.400000+00:00,2026-09-29T20:26:25.518119+00:00,2026-09-29T20:26:25.188000+00:00,61.4,1313.61,2026-09-29T20:26:25.701038+00:00,2026-09-29T20:26:25.633617+00:00,61.42,0.78,,,,,,,,,,,,,,,,,,,,,,,,,,,,,,
XAG,hyperliquid,lighter,1000,2026-09-29T20:26:30+00:00,one_entry_leg_unresolved,,,16.28,61.399,61.4199,999.57572,999.915972,missing_first_quote,eligible,2026-09-29T20:26:30.100000+00:00,2026-09-29T20:26:30.400000+00:00,,,,,2026-09-29T20:26:31.178071+00:00,2026-09-29T20:26:31.110891+00:00,61.4198,21.9,,,,,,,,,,,,,,,,,,,,,,,,,,,,,,
XAG,hyperliquid,lighter,1000,2026-09-29T20:26:35+00:00,stale_decision,False,True,,,,,,,,,,,,,,,,,,,,,,,,,,,,,,,,,,,,,,,,,,,,,,,
XAG,hyperliquid,lighter,1000,2026-09-29T20:26:40+00:00,one_entry_leg_unresolved,,,16.28,61.4,61.4172,999.5920000000001,999.8720160000001,missing_first_quote,eligible,2026-09-29T20:26:40.100000+00:00,2026-09-29T20:26:40.400000+00:00,,,,,2026-09-29T20:26:40.805022+00:00,2026-09-29T20:26:40.737938+00:00,61.4172,38.18,,,,,,,,,,,,,,,,,,,,,,,,,,,,,,
XAG,hyperliquid,lighter,1000,2026-09-29T20:26:45+00:00,decision_skew,,,,,,,,,,,,,,,,,,,,,,,,,,,,,,,,,,,,,,,,,,,,,,,,,
XAG,hyperliquid,lighter,1000,2026-09-29T20:26:50+00:00,one_entry_leg_unresolved,,,16.28,61.404,61.4222,999.6571200000001,999.9534160000001,missing_first_quote,eligible,2026-09-29T20:26:50.100000+00:00,2026-09-29T20:26:50.400000+00:00,,,,,2026-09-29T20:26:50.776722+00:00,2026-09-29T20:26:50.709885+00:00,61.4215,35.44,,,,,,,,,,,,,,,,,,,,,,,,,,,,,,
XAG,hyperliquid,lighter,1000,2026-09-29T20:26:55+00:00,one_entry_leg_unresolved,,,16.28,61.405,61.4227,999.6734000000001,999.9615560000001,eligible,missing_first_quote,2026-09-29T20:26:55.100000+00:00,2026-09-29T20:26:55.400000+00:00,2026-09-29T20:26:55.383183+00:00,2026-09-29T20:26:55.124000+00:00,61.404,127.32,,,,,,,,,,,,,,,,,,,,,,,,,,,,,,,,,,
XAG,hyperliquid,lighter,1000,2026-09-29T20:27:00+00:00,stale_decision,False,True,,,,,,,,,,,,,,,,,,,,,,,,,,,,,,,,,,,,,,,,,,,,,,,
XAG,hyperliquid,lighter,1000,2026-09-29T20:27:05+00:00,stale_decision,False,True,,,,,,,,,,,,,,,,,,,,,,,,,,,,,,,,,,,,,,,,,,,,,,,
XAG,hyperliquid,lighter,1000,2026-09-29T20:27:10+00:00,stale_decision,False,False,,,,,,,,,,,,,,,,,,,,,,,,,,,,,,,,,,,,,,,,,,,,,,,
XAG,hyperliquid,lighter,1000,2026-09-29T20:27:15+00:00,stale_decision,False,True,,,,,,,,,,,,,,,,,,,,,,,,,,,,,,,,,,,,,,,,,,,,,,,
XAG,hyperliquid,lighter,1000,2026-09-29T20:27:20+00:00,one_entry_leg_unresolved,,,16.28,61.404,61.4235,999.6571200000001,999.9745800000001,missing_first_quote,eligible,2026-09-29T20:27:20.100000+00:00,2026-09-29T20:27:20.400000+00:00,,,,,2026-09-29T20:27:20.468986+00:00,2026-09-29T20:27:20.402005+00:00,61.4235,182.48,,,,,,,,,,,,,,,,,,,,,,,,,,,,,,
XAG,hyperliquid,lighter,1000,2026-09-29T20:27:25+00:00,stale_decision,False,True,,,,,,,,,,,,,,,,,,,,,,,,,,,,,,,,,,,,,,,,,,,,,,,
XAG,hyperliquid,lighter,1000,2026-09-29T20:27:30+00:00,one_exit_leg_unresolved,,,16.28,61.405,61.4256,999.6734000000001,1000.0087680000001,eligible,eligible,2026-09-29T20:27:30.100000+00:00,2026-09-29T20:27:30.400000+00:00,2026-09-29T20:27:30.974242+00:00,2026-09-29T20:27:30.713000+00:00,61.405,100.0,2026-09-29T20:27:30.988235+00:00,2026-09-29T20:27:30.920323+00:00,61.4256,163.0,missing_first_quote,eligible,2026-09-29T20:27:36.088235+00:00,2026-09-29T20:27:36.388235+00:00,2026-09-29T20:27:40+00:00,,,,,2026-09-29T20:27:37.021652+00:00,2026-09-29T20:27:36.952768+00:00,61.4275,40.97,,,,,,,,,,,,,,,,,
XAG,hyperliquid,lighter,1000,2026-09-29T20:27:35+00:00,one_entry_leg_unresolved,,,16.28,61.404,61.4235,999.6571200000001,999.9745800000001,missing_first_quote,eligible,2026-09-29T20:27:35.100000+00:00,2026-09-29T20:27:35.400000+00:00,,,,,2026-09-29T20:27:35.630187+00:00,2026-09-29T20:27:35.563488+00:00,61.4236,163.63,,,,,,,,,,,,,,,,,,,,,,,,,,,,,,
XAG,hyperliquid,lighter,1000,2026-09-29T20:27:40+00:00,stale_decision,False,True,,,,,,,,,,,,,,,,,,,,,,,,,,,,,,,,,,,,,,,,,,,,,,,
XAG,hyperliquid,lighter,1000,2026-09-29T20:27:45+00:00,stale_decision,False,True,,,,,,,,,,,,,,,,,,,,,,,,,,,,,,,,,,,,,,,,,,,,,,,
XAG,hyperliquid,lighter,1000,2026-09-29T20:27:50+00:00,stale_decision,False,False,,,,,,,,,,,,,,,,,,,,,,,,,,,,,,,,,,,,,,,,,,,,,,,
XAG,hyperliquid,lighter,1000,2026-09-29T20:27:55+00:00,both_exit_legs_unresolved,,,16.28,61.401,61.4162,999.6082800000001,999.8557360000001,eligible,eligible,2026-09-29T20:27:55.100000+00:00,2026-09-29T20:27:55.400000+00:00,2026-09-29T20:27:55.501331+00:00,2026-09-29T20:27:55.221000+00:00,61.401,1621.02,2026-09-29T20:27:55.754804+00:00,2026-09-29T20:27:55.688247+00:00,61.4163,182.48,missing_first_quote,shallow_first_quote,2026-09-29T20:28:00.854804+00:00,2026-09-29T20:28:01.154804+00:00,2026-09-29T20:28:05+00:00,,,,,2026-09-29T20:28:01.300553+00:00,2026-09-29T20:28:01.232369+00:00,61.4226,3.45,,,,,,,,,,,,,,,,,
XAG,hyperliquid,lighter,1000,2026-09-29T20:28:00+00:00,stale_decision,False,True,,,,,,,,,,,,,,,,,,,,,,,,,,,,,,,,,,,,,,,,,,,,,,,
XAG,hyperliquid,lighter,1000,2026-09-29T20:28:05+00:00,decision_skew,,,,,,,,,,,,,,,,,,,,,,,,,,,,,,,,,,,,,,,,,,,,,,,,,
XAG,hyperliquid,lighter,1000,2026-09-29T20:28:10+00:00,stale_decision,False,False,,,,,,,,,,,,,,,,,,,,,,,,,,,,,,,,,,,,,,,,,,,,,,,
XAG,hyperliquid,lighter,1000,2026-09-29T20:28:15+00:00,stale_decision,False,True,,,,,,,,,,,,,,,,,,,,,,,,,,,,,,,,,,,,,,,,,,,,,,,
XAG,hyperliquid,lighter,1000,2026-09-29T20:28:20+00:00,one_entry_leg_unresolved,,,16.28,61.404,61.4225,999.6571200000001,999.9583,missing_first_quote,eligible,2026-09-29T20:28:20.100000+00:00,2026-09-29T20:28:20.400000+00:00,,,,,2026-09-29T20:28:21.190483+00:00,2026-09-29T20:28:21.123933+00:00,61.4225,163.0,,,,,,,,,,,,,,,,,,,,,,,,,,,,,,
XAG,hyperliquid,lighter,1000,2026-09-29T20:28:25+00:00,stale_decision,True,False,,,,,,,,,,,,,,,,,,,,,,,,,,,,,,,,,,,,,,,,,,,,,,,
XAG,hyperliquid,lighter,1000,2026-09-29T20:28:30+00:00,one_exit_leg_unresolved,,,16.28,61.394,61.4169,999.49432,999.8671320000001,eligible,eligible,2026-09-29T20:28:30.100000+00:00,2026-09-29T20:28:30.400000+00:00,2026-09-29T20:28:30.534059+00:00,2026-09-29T20:28:30.204000+00:00,61.394,116.29,2026-09-29T20:28:31.090386+00:00,2026-09-29T20:28:31.018766+00:00,61.4201,25.23,eligible,shallow_first_quote,2026-09-29T20:28:36.190386+00:00,2026-09-29T20:28:36.490386+00:00,2026-09-29T20:28:40+00:00,2026-09-29T20:28:36.724432+00:00,2026-09-29T20:28:36.379000+00:00,61.394,159.86,2026-09-29T20:28:36.902074+00:00,2026-09-29T20:28:36.834881+00:00,61.4217,3.45,,,,,,,,,,,,,,,,,
XAG,hyperliquid,lighter,1000,2026-09-29T20:28:35+00:00,complete_conditional_quote_path,,,16.28,61.395,61.4169,999.5106000000001,999.8671320000001,eligible,eligible,2026-09-29T20:28:35.100000+00:00,2026-09-29T20:28:35.400000+00:00,2026-09-29T20:28:35.637813+00:00,2026-09-29T20:28:35.345000+00:00,61.395,101.63,2026-09-29T20:28:35.589885+00:00,2026-09-29T20:28:35.520731+00:00,61.4169,35.17,eligible,eligible,2026-09-29T20:28:40.737813+00:00,2026-09-29T20:28:41.037813+00:00,2026-09-29T20:28:45+00:00,2026-09-29T20:28:41.208565+00:00,2026-09-29T20:28:40.881000+00:00,61.403,82.1,2026-09-29T20:28:41.620541+00:00,2026-09-29T20:28:41.554284+00:00,61.4307,37.77,61.395,61.4169,61.403,61.4307,999.5106000000001,999.8671320000001,-0.09442400000012698,0.17992362960000002,"[0.089955954, 0.0, 0.0899676756, 0.0]",0.49993356600000005,1.8388319497711796e-05,-2.7448196107187552,-7.7467871168112135,0.047927755,0.175731,0.411976114,0.673284
XAG,hyperliquid,lighter,1000,2026-09-29T20:28:40+00:00,complete_conditional_quote_path,,,16.28,61.408,61.4222,999.72224,999.9534160000001,eligible,eligible,2026-09-29T20:28:40.100000+00:00,2026-09-29T20:28:40.400000+00:00,2026-09-29T20:28:40.778952+00:00,2026-09-29T20:28:40.499000+00:00,61.404,129.96,2026-09-29T20:28:40.803265+00:00,2026-09-29T20:28:40.736845+00:00,61.4225,182.58,eligible,eligible,2026-09-29T20:28:45.903265+00:00,2026-09-29T20:28:46.203265+00:00,2026-09-29T20:28:50+00:00,2026-09-29T20:28:46.316993+00:00,2026-09-29T20:28:46.022000+00:00,61.404,83.65,2026-09-29T20:28:46.294253+00:00,2026-09-29T20:28:46.226428+00:00,61.4308,301.81,61.404,61.4225,61.404,61.4308,999.6571200000001,999.9583,-0.1351239999999743,0.17993828160000003,"[0.08996914080000001, 0.0, 0.08996914080000001, 0.0]",0.49997915000000004,1.748303631125109e-05,-3.151703472086252,-8.153384778935857,0.024313441,0.237845,0.022740637,0.204428
XAG,hyperliquid,lighter,1000,2026-09-29T20:28:45+00:00,stale_decision,True,False,,,,,,,,,,,,,,,,,,,,,,,,,,,,,,,,,,,,,,,,,,,,,,,
XAG,hyperliquid,lighter,1000,2026-09-29T20:28:50+00:00,stale_decision,False,True,,,,,,,,,,,,,,,,,,,,,,,,,,,,,,,,,,,,,,,,,,,,,,,
XAG,hyperliquid,lighter,1000,2026-09-29T20:28:55+00:00,stale_decision,False,True,,,,,,,,,,,,,,,,,,,,,,,,,,,,,,,,,,,,,,,,,,,,,,,
XAG,hyperliquid,lighter,1000,2026-09-29T20:29:00+00:00,decision_skew,,,,,,,,,,,,,,,,,,,,,,,,,,,,,,,,,,,,,,,,,,,,,,,,,
XAG,hyperliquid,lighter,1000,2026-09-29T20:29:05+00:00,stale_decision,True,False,,,,,,,,,,,,,,,,,,,,,,,,,,,,,,,,,,,,,,,,,,,,,,,
XAG,hyperliquid,lighter,1000,2026-09-29T20:29:10+00:00,one_exit_leg_unresolved,,,16.27,61.428,61.4441,999.4335599999999,999.6955069999999,eligible,eligible,2026-09-29T20:29:10.100000+00:00,2026-09-29T20:29:10.400000+00:00,2026-09-29T20:29:10.478495+00:00,2026-09-29T20:29:10.186000+00:00,61.427,26.65,2026-09-29T20:29:10.496524+00:00,2026-09-29T20:29:10.429552+00:00,61.4436,1219.72,missing_first_quote,eligible,2026-09-29T20:29:15.596524+00:00,2026-09-29T20:29:15.896524+00:00,2026-09-29T20:29:20+00:00,,,,,2026-09-29T20:29:16.436639+00:00,2026-09-29T20:29:16.370296+00:00,61.4472,40.33,,,,,,,,,,,,,,,,,
XAG,hyperliquid,lighter,1000,2026-09-29T20:29:15+00:00,decision_skew,,,,,,,,,,,,,,,,,,,,,,,,,,,,,,,,,,,,,,,,,,,,,,,,,
XAG,hyperliquid,lighter,1000,2026-09-29T20:29:20+00:00,stale_decision,False,True,,,,,,,,,,,,,,,,,,,,,,,,,,,,,,,,,,,,,,,,,,,,,,,
XAG,hyperliquid,lighter,1000,2026-09-29T20:29:25+00:00,stale_decision,False,True,,,,,,,,,,,,,,,,,,,,,,,,,,,,,,,,,,,,,,,,,,,,,,,
XAG,hyperliquid,lighter,1000,2026-09-29T20:29:30+00:00,one_entry_leg_unresolved,,,16.28,61.425,61.4403,999.999,1000.2480840000001,missing_first_quote,eligible,2026-09-29T20:29:30.100000+00:00,2026-09-29T20:29:30.400000+00:00,,,,,2026-09-29T20:29:31.064607+00:00,2026-09-29T20:29:31.000405+00:00,61.4403,28.51,,,,,,,,,,,,,,,,,,,,,,,,,,,,,,
XAG,hyperliquid,lighter,1000,2026-09-29T20:29:35+00:00,one_exit_leg_unresolved,,,16.28,61.424,61.4361,999.9827200000001,1000.1797080000001,eligible,eligible,2026-09-29T20:29:35.100000+00:00,2026-09-29T20:29:35.400000+00:00,2026-09-29T20:29:35.510292+00:00,2026-09-29T20:29:35.241000+00:00,61.417,44.38,2026-09-29T20:29:35.533777+00:00,2026-09-29T20:29:35.470292+00:00,61.4361,188.33,missing_first_quote,eligible,2026-09-29T20:29:40.633777+00:00,2026-09-29T20:29:40.933777+00:00,2026-09-29T20:29:45+00:00,,,,,2026-09-29T20:29:41.423045+00:00,2026-09-29T20:29:41.358921+00:00,61.4395,39.12,,,,,,,,,,,,,,,,,
XAG,hyperliquid,lighter,1000,2026-09-29T20:29:40+00:00,decision_skew,,,,,,,,,,,,,,,,,,,,,,,,,,,,,,,,,,,,,,,,,,,,,,,,,
XAG,hyperliquid,lighter,1000,2026-09-29T20:29:45+00:00,both_entry_legs_unresolved,,,16.28,61.414,61.4337,999.8199200000001,1000.1406360000001,missing_first_quote,shallow_first_quote,2026-09-29T20:29:45.100000+00:00,2026-09-29T20:29:45.400000+00:00,,,,,2026-09-29T20:29:45.494440+00:00,2026-09-29T20:29:45.430545+00:00,61.4338,0.2,,,,,,,,,,,,,,,,,,,,,,,,,,,,,,
XAG,hyperliquid,lighter,1000,2026-09-29T20:29:50+00:00,both_exit_legs_unresolved,,,16.28,61.413,61.433,999.80364,1000.1292400000001,eligible,eligible,2026-09-29T20:29:50.100000+00:00,2026-09-29T20:29:50.400000+00:00,2026-09-29T20:29:50.581776+00:00,2026-09-29T20:29:50.325000+00:00,61.413,104.08,2026-09-29T20:29:50.463490+00:00,2026-09-29T20:29:50.400284+00:00,61.4326,36.05,missing_first_quote,terminal_capture,2026-09-29T20:29:55.681776+00:00,2026-09-29T20:29:55.981776+00:00,2026-09-29T20:30:00+00:00,,,,,,,,,,,,,,,,,,,,,,,,,
XAG,lighter,hyperliquid,100,2026-09-29T20:23:00+00:00,one_entry_leg_unresolved,,,1.62,61.4202,61.397,99.500724,99.46314000000001,eligible,shallow_first_quote,2026-09-29T20:23:00.400000+00:00,2026-09-29T20:23:00.100000+00:00,2026-09-29T20:23:00.464191+00:00,2026-09-29T20:23:00.400570+00:00,61.4162,40.09,2026-09-29T20:23:00.650716+00:00,2026-09-29T20:23:00.399000+00:00,61.396,0.17,,,,,,,,,,,,,,,,,,,,,,,,,,,,,,
XAG,lighter,hyperliquid,100,2026-09-29T20:23:05+00:00,decision_skew,,,,,,,,,,,,,,,,,,,,,,,,,,,,,,,,,,,,,,,,,,,,,,,,,
XAG,lighter,hyperliquid,100,2026-09-29T20:23:10+00:00,stale_decision,False,False,,,,,,,,,,,,,,,,,,,,,,,,,,,,,,,,,,,,,,,,,,,,,,,
XAG,lighter,hyperliquid,100,2026-09-29T20:23:15+00:00,stale_decision,True,False,,,,,,,,,,,,,,,,,,,,,,,,,,,,,,,,,,,,,,,,,,,,,,,
XAG,lighter,hyperliquid,100,2026-09-29T20:23:20+00:00,decision_skew,,,,,,,,,,,,,,,,,,,,,,,,,,,,,,,,,,,,,,,,,,,,,,,,,
XAG,lighter,hyperliquid,100,2026-09-29T20:23:25+00:00,complete_conditional_quote_path,,,1.62,61.4039,61.383,99.47431800000001,99.44046000000002,eligible,eligible,2026-09-29T20:23:25.400000+00:00,2026-09-29T20:23:25.100000+00:00,2026-09-29T20:23:25.867723+00:00,2026-09-29T20:23:25.803498+00:00,61.4039,307.94,2026-09-29T20:23:25.450641+00:00,2026-09-29T20:23:25.168000+00:00,61.381,49.62,eligible,eligible,2026-09-29T20:23:31.267724+00:00,2026-09-29T20:23:30.967724+00:00,2026-09-29T20:23:35+00:00,2026-09-29T20:23:31.342753+00:00,2026-09-29T20:23:31.278906+00:00,61.3936,199.31,2026-09-29T20:23:31.389555+00:00,2026-09-29T20:23:31.136000+00:00,61.374,147.3,61.4039,61.381,61.3936,61.374,99.47431800000001,99.43722000000001,-0.005346000000004807,0.017897679,"[0.0, 0.0089493498, 0.0, 0.0089483292]",0.04973715900000001,1.7998063927418302e-06,-2.336651255051058,-7.336832186816054,0.417082123,0.635498,0.046801602,0.142906
XAG,lighter,hyperliquid,100,2026-09-29T20:23:30+00:00,stale_decision,True,False,,,,,,,,,,,,,,,,,,,,,,,,,,,,,,,,,,,,,,,,,,,,,,,
XAG,lighter,hyperliquid,100,2026-09-29T20:23:35+00:00,decision_skew,,,,,,,,,,,,,,,,,,,,,,,,,,,,,,,,,,,,,,,,,,,,,,,,,
XAG,lighter,hyperliquid,100,2026-09-29T20:23:40+00:00,stale_decision,True,False,,,,,,,,,,,,,,,,,,,,,,,,,,,,,,,,,,,,,,,,,,,,,,,
XAG,lighter,hyperliquid,100,2026-09-29T20:23:45+00:00,decision_skew,,,,,,,,,,,,,,,,,,,,,,,,,,,,,,,,,,,,,,,,,,,,,,,,,
XAG,lighter,hyperliquid,100,2026-09-29T20:23:50+00:00,decision_skew,,,,,,,,,,,,,,,,,,,,,,,,,,,,,,,,,,,,,,,,,,,,,,,,,
XAG,lighter,hyperliquid,100,2026-09-29T20:23:55+00:00,decision_skew,,,,,,,,,,,,,,,,,,,,,,,,,,,,,,,,,,,,,,,,,,,,,,,,,
XAG,lighter,hyperliquid,100,2026-09-29T20:24:00+00:00,stale_decision,False,True,,,,,,,,,,,,,,,,,,,,,,,,,,,,,,,,,,,,,,,,,,,,,,,
XAG,lighter,hyperliquid,100,2026-09-29T20:24:05+00:00,one_entry_leg_unresolved,,,1.62,61.4063,61.382,99.47820600000001,99.43884,missing_first_quote,eligible,2026-09-29T20:24:05.400000+00:00,2026-09-29T20:24:05.100000+00:00,,,,,2026-09-29T20:24:05.651038+00:00,2026-09-29T20:24:05.331000+00:00,61.382,344.93,,,,,,,,,,,,,,,,,,,,,,,,,,,,,,
XAG,lighter,hyperliquid,100,2026-09-29T20:24:10+00:00,stale_decision,False,False,,,,,,,,,,,,,,,,,,,,,,,,,,,,,,,,,,,,,,,,,,,,,,,
XAG,lighter,hyperliquid,100,2026-09-29T20:24:15+00:00,one_entry_leg_unresolved,,,1.62,61.4063,61.383,99.47820600000001,99.44046000000002,eligible,missing_first_quote,2026-09-29T20:24:15.400000+00:00,2026-09-29T20:24:15.100000+00:00,2026-09-29T20:24:15.668262+00:00,2026-09-29T20:24:15.604067+00:00,61.4063,40.76,,,,,,,,,,,,,,,,,,,,,,,,,,,,,,,,,,
XAG,lighter,hyperliquid,100,2026-09-29T20:24:20+00:00,one_entry_leg_unresolved,,,1.62,61.4014,61.383,99.470268,99.44046000000002,eligible,shallow_first_quote,2026-09-29T20:24:20.400000+00:00,2026-09-29T20:24:20.100000+00:00,2026-09-29T20:24:20.479238+00:00,2026-09-29T20:24:20.413771+00:00,61.4011,20.73,2026-09-29T20:24:20.474078+00:00,2026-09-29T20:24:20.124000+00:00,61.374,0.17,,,,,,,,,,,,,,,,,,,,,,,,,,,,,,
XAG,lighter,hyperliquid,100,2026-09-29T20:24:25+00:00,one_exit_leg_unresolved,,,1.62,61.3996,61.373,99.467352,99.42426,eligible,eligible,2026-09-29T20:24:25.400000+00:00,2026-09-29T20:24:25.100000+00:00,2026-09-29T20:24:25.479819+00:00,2026-09-29T20:24:25.414821+00:00,61.3995,37.25,2026-09-29T20:24:25.872859+00:00,2026-09-29T20:24:25.575000+00:00,61.373,38.25,missing_first_quote,eligible,2026-09-29T20:24:31.272859+00:00,2026-09-29T20:24:30.972859+00:00,2026-09-29T20:24:35+00:00,,,,,2026-09-29T20:24:31.300661+00:00,2026-09-29T20:24:31+00:00,61.371,1399.08,,,,,,,,,,,,,,,,,
XAG,lighter,hyperliquid,100,2026-09-29T20:24:30+00:00,one_entry_leg_unresolved,,,1.62,61.3967,61.371,99.46265400000001,99.42102000000001,missing_first_quote,eligible,2026-09-29T20:24:30.400000+00:00,2026-09-29T20:24:30.100000+00:00,,,,,2026-09-29T20:24:30.662605+00:00,2026-09-29T20:24:30.330000+00:00,61.37,48.7,,,,,,,,,,,,,,,,,,,,,,,,,,,,,,
XAG,lighter,hyperliquid,100,2026-09-29T20:24:35+00:00,stale_decision,False,True,,,,,,,,,,,,,,,,,,,,,,,,,,,,,,,,,,,,,,,,,,,,,,,
XAG,lighter,hyperliquid,100,2026-09-29T20:24:40+00:00,stale_decision,True,False,,,,,,,,,,,,,,,,,,,,,,,,,,,,,,,,,,,,,,,,,,,,,,,
XAG,lighter,hyperliquid,100,2026-09-29T20:24:45+00:00,both_entry_legs_unresolved,,,1.62,61.3961,61.37,99.461682,99.4194,missing_first_quote,missing_first_quote,2026-09-29T20:24:45.400000+00:00,2026-09-29T20:24:45.100000+00:00,,,,,,,,,,,,,,,,,,,,,,,,,,,,,,,,,,,,,,
XAG,lighter,hyperliquid,100,2026-09-29T20:24:50+00:00,complete_conditional_quote_path,,,1.62,61.4022,61.373,99.471564,99.42426,eligible,eligible,2026-09-29T20:24:50.400000+00:00,2026-09-29T20:24:50.100000+00:00,2026-09-29T20:24:50.687760+00:00,2026-09-29T20:24:50.621552+00:00,61.4011,6.02,2026-09-29T20:24:50.566061+00:00,2026-09-29T20:24:50.192000+00:00,61.376,29.23,eligible,eligible,2026-09-29T20:24:56.087760+00:00,2026-09-29T20:24:55.787760+00:00,2026-09-29T20:25:00+00:00,2026-09-29T20:24:56.339168+00:00,2026-09-29T20:24:56.275275+00:00,61.4005,254.12,2026-09-29T20:24:56.056395+00:00,2026-09-29T20:24:55.817000+00:00,61.38,26.66,61.4011,61.376,61.4005,61.38,99.46978200000001,99.42912,-0.007452000000005655,0.017897824800000003,"[0.0, 0.008948620800000001, 0.0, 0.008949204]",0.049734891,1.7567912275163486e-06,-2.5484950595353326,-7.548671675105629,0.121698155,0.429552,0.282773912,0.458275
XAG,lighter,hyperliquid,100,2026-09-29T20:24:55+00:00,stale_decision,False,True,,,,,,,,,,,,,,,,,,,,,,,,,,,,,,,,,,,,,,,,,,,,,,,
XAG,lighter,hyperliquid,100,2026-09-29T20:25:00+00:00,one_exit_leg_unresolved,,,1.62,61.4053,61.378,99.476586,99.43236,eligible,eligible,2026-09-29T20:25:00.400000+00:00,2026-09-29T20:25:00.100000+00:00,2026-09-29T20:25:00.560671+00:00,2026-09-29T20:25:00.494737+00:00,61.4053,42.2,2026-09-29T20:25:00.769994+00:00,2026-09-29T20:25:00.352000+00:00,61.379,24.31,missing_first_quote,eligible,2026-09-29T20:25:06.169995+00:00,2026-09-29T20:25:05.869994+00:00,2026-09-29T20:25:10+00:00,,,,,2026-09-29T20:25:06.699111+00:00,2026-09-29T20:25:06.322000+00:00,61.383,100.0,,,,,,,,,,,,,,,,,
XAG,lighter,hyperliquid,100,2026-09-29T20:25:05+00:00,one_entry_leg_unresolved,,,1.62,61.4098,61.382,99.483876,99.43884,missing_first_quote,eligible,2026-09-29T20:25:05.400000+00:00,2026-09-29T20:25:05.100000+00:00,,,,,2026-09-29T20:25:05.893667+00:00,2026-09-29T20:25:05.595000+00:00,61.382,77.33,,,,,,,,,,,,,,,,,,,,,,,,,,,,,,
XAG,lighter,hyperliquid,100,2026-09-29T20:25:10+00:00,decision_skew,,,,,,,,,,,,,,,,,,,,,,,,,,,,,,,,,,,,,,,,,,,,,,,,,
XAG,lighter,hyperliquid,100,2026-09-29T20:25:15+00:00,one_exit_leg_unresolved,,,1.62,61.414,61.391,99.49068000000001,99.45342000000001,eligible,eligible,2026-09-29T20:25:15.400000+00:00,2026-09-29T20:25:15.100000+00:00,2026-09-29T20:25:15.719007+00:00,2026-09-29T20:25:15.654910+00:00,61.4139,40.31,2026-09-29T20:25:15.703430+00:00,2026-09-29T20:25:15.139000+00:00,61.391,56.63,eligible,missing_first_quote,2026-09-29T20:25:21.119007+00:00,2026-09-29T20:25:20.819007+00:00,2026-09-29T20:25:25+00:00,2026-09-29T20:25:21.655159+00:00,2026-09-29T20:25:21.589282+00:00,61.4,1382.72,,,,,,,,,,,,,,,,,,,,,
XAG,lighter,hyperliquid,100,2026-09-29T20:25:20+00:00,one_entry_leg_unresolved,,,1.62,61.4052,61.381,99.47642400000001,99.43722000000001,eligible,missing_first_quote,2026-09-29T20:25:20.400000+00:00,2026-09-29T20:25:20.100000+00:00,2026-09-29T20:25:20.676231+00:00,2026-09-29T20:25:20.611437+00:00,61.4035,38.95,,,,,,,,,,,,,,,,,,,,,,,,,,,,,,,,,,
XAG,lighter,hyperliquid,100,2026-09-29T20:25:25+00:00,decision_skew,,,,,,,,,,,,,,,,,,,,,,,,,,,,,,,,,,,,,,,,,,,,,,,,,
XAG,lighter,hyperliquid,100,2026-09-29T20:25:30+00:00,one_exit_leg_unresolved,,,1.62,61.4053,61.382,99.476586,99.43884,eligible,eligible,2026-09-29T20:25:30.400000+00:00,2026-09-29T20:25:30.100000+00:00,2026-09-29T20:25:30.466566+00:00,2026-09-29T20:25:30.403053+00:00,61.4048,22.54,2026-09-29T20:25:30.922539+00:00,2026-09-29T20:25:30.302000+00:00,61.382,216.82,eligible,missing_first_quote,2026-09-29T20:25:36.322539+00:00,2026-09-29T20:25:36.022539+00:00,2026-09-29T20:25:40+00:00,2026-09-29T20:25:36.395067+00:00,2026-09-29T20:25:36.324375+00:00,61.3992,18.5,,,,,,,,,,,,,,,,,,,,,
XAG,lighter,hyperliquid,100,2026-09-29T20:25:35+00:00,one_entry_leg_unresolved,,,1.62,61.4079,61.382,99.48079800000001,99.43884,eligible,missing_first_quote,2026-09-29T20:25:35.400000+00:00,2026-09-29T20:25:35.100000+00:00,2026-09-29T20:25:36.176977+00:00,2026-09-29T20:25:36.109728+00:00,61.4089,34.83,,,,,,,,,,,,,,,,,,,,,,,,,,,,,,,,,,
XAG,lighter,hyperliquid,100,2026-09-29T20:25:40+00:00,complete_conditional_quote_path,,,1.62,61.4099,61.385,99.48403800000001,99.4437,eligible,eligible,2026-09-29T20:25:40.400000+00:00,2026-09-29T20:25:40.100000+00:00,2026-09-29T20:25:40.472687+00:00,2026-09-29T20:25:40.405032+00:00,61.4145,42.68,2026-09-29T20:25:40.911183+00:00,2026-09-29T20:25:40.510000+00:00,61.386,377.97,eligible,eligible,2026-09-29T20:25:46.311183+00:00,2026-09-29T20:25:46.011183+00:00,2026-09-29T20:25:50+00:00,2026-09-29T20:25:47.162284+00:00,2026-09-29T20:25:47.095172+00:00,61.4099,464.81,2026-09-29T20:25:46.387370+00:00,2026-09-29T20:25:46.049000+00:00,61.394,100.0,61.4145,61.386,61.4099,61.394,99.49149,99.44532000000001,-0.02041199999998696,0.017901324000000003,"[0.0, 0.008950078800000002, 0.0, 0.008951245200000001]",0.049745745,1.918663003694863e-06,-3.850914686269847,-8.851107533216224,0.43849635,0.104968,0.774913748,1.046172
XAG,lighter,hyperliquid,100,2026-09-29T20:25:45+00:00,stale_decision,False,True,,,,,,,,,,,,,,,,,,,,,,,,,,,,,,,,,,,,,,,,,,,,,,,
XAG,lighter,hyperliquid,100,2026-09-29T20:25:50+00:00,one_entry_leg_unresolved,,,1.62,61.408,61.39,99.48096000000001,99.4518,eligible,missing_first_quote,2026-09-29T20:25:50.400000+00:00,2026-09-29T20:25:50.100000+00:00,2026-09-29T20:25:51.231091+00:00,2026-09-29T20:25:51.163689+00:00,61.408,17.78,,,,,,,,,,,,,,,,,,,,,,,,,,,,,,,,,,
XAG,lighter,hyperliquid,100,2026-09-29T20:25:55+00:00,both_entry_legs_unresolved,,,1.62,61.4138,61.39,99.490356,99.4518,missing_first_quote,missing_first_quote,2026-09-29T20:25:55.400000+00:00,2026-09-29T20:25:55.100000+00:00,,,,,,,,,,,,,,,,,,,,,,,,,,,,,,,,,,,,,,
XAG,lighter,hyperliquid,100,2026-09-29T20:26:00+00:00,one_entry_leg_unresolved,,,1.62,61.4136,61.39,99.49003200000001,99.4518,eligible,missing_first_quote,2026-09-29T20:26:00.400000+00:00,2026-09-29T20:26:00.100000+00:00,2026-09-29T20:26:00.478855+00:00,2026-09-29T20:26:00.409991+00:00,61.4137,19.49,,,,,,,,,,,,,,,,,,,,,,,,,,,,,,,,,,
XAG,lighter,hyperliquid,100,2026-09-29T20:26:05+00:00,stale_decision,True,False,,,,,,,,,,,,,,,,,,,,,,,,,,,,,,,,,,,,,,,,,,,,,,,
XAG,lighter,hyperliquid,100,2026-09-29T20:26:10+00:00,stale_decision,True,False,,,,,,,,,,,,,,,,,,,,,,,,,,,,,,,,,,,,,,,,,,,,,,,
XAG,lighter,hyperliquid,100,2026-09-29T20:26:15+00:00,one_entry_leg_unresolved,,,1.62,61.4225,61.397,99.50445,99.46314000000001,eligible,missing_first_quote,2026-09-29T20:26:15.400000+00:00,2026-09-29T20:26:15.100000+00:00,2026-09-29T20:26:15.479160+00:00,2026-09-29T20:26:15.412261+00:00,61.4225,3.45,,,,,,,,,,,,,,,,,,,,,,,,,,,,,,,,,,
XAG,lighter,hyperliquid,100,2026-09-29T20:26:20+00:00,complete_conditional_quote_path,,,1.62,61.4208,61.397,99.50169600000001,99.46314000000001,eligible,eligible,2026-09-29T20:26:20.400000+00:00,2026-09-29T20:26:20.100000+00:00,2026-09-29T20:26:20.679631+00:00,2026-09-29T20:26:20.611936+00:00,61.4208,1219.72,2026-09-29T20:26:20.615645+00:00,2026-09-29T20:26:20.286000+00:00,61.397,44.6,eligible,eligible,2026-09-29T20:26:26.079631+00:00,2026-09-29T20:26:25.779631+00:00,2026-09-29T20:26:30+00:00,2026-09-29T20:26:26.315048+00:00,2026-09-29T20:26:26.247253+00:00,61.4202,265.78,2026-09-29T20:26:26.303038+00:00,2026-09-29T20:26:25.797000+00:00,61.399,100.0,61.4208,61.397,61.4202,61.399,99.50169600000001,99.46314000000001,-0.004212000000001694,0.0179036568,"[0.0, 0.0089516826, 0.0, 0.008951974200000002]",0.04975084800000001,1.7859264148599693e-06,-2.2226411899553646,-7.222820676987914,0.063986474,0.325936,0.012009592,0.450253
XAG,lighter,hyperliquid,100,2026-09-29T20:26:25+00:00,one_exit_leg_unresolved,,,1.62,61.4208,61.395,99.50169600000001,99.4599,eligible,eligible,2026-09-29T20:26:25.400000+00:00,2026-09-29T20:26:25.100000+00:00,2026-09-29T20:26:25.701038+00:00,2026-09-29T20:26:25.633617+00:00,61.4216,3.45,2026-09-29T20:26:25.518119+00:00,2026-09-29T20:26:25.188000+00:00,61.397,123.34,eligible,missing_first_quote,2026-09-29T20:26:31.101038+00:00,2026-09-29T20:26:30.801038+00:00,2026-09-29T20:26:35+00:00,2026-09-29T20:26:31.178071+00:00,2026-09-29T20:26:31.110891+00:00,61.4198,21.9,,,,,,,,,,,,,,,,,,,,,
XAG,lighter,hyperliquid,100,2026-09-29T20:26:30+00:00,one_entry_leg_unresolved,,,1.62,61.42,61.398,99.50040000000001,99.46476000000001,eligible,missing_first_quote,2026-09-29T20:26:30.400000+00:00,2026-09-29T20:26:30.100000+00:00,2026-09-29T20:26:31.178071+00:00,2026-09-29T20:26:31.110891+00:00,61.421,1219.72,,,,,,,,,,,,,,,,,,,,,,,,,,,,,,,,,,
XAG,lighter,hyperliquid,100,2026-09-29T20:26:35+00:00,stale_decision,True,False,,,,,,,,,,,,,,,,,,,,,,,,,,,,,,,,,,,,,,,,,,,,,,,
XAG,lighter,hyperliquid,100,2026-09-29T20:26:40+00:00,one_entry_leg_unresolved,,,1.62,61.4225,61.399,99.50445,99.46638000000002,eligible,missing_first_quote,2026-09-29T20:26:40.400000+00:00,2026-09-29T20:26:40.100000+00:00,2026-09-29T20:26:40.805022+00:00,2026-09-29T20:26:40.737938+00:00,61.4226,3.45,,,,,,,,,,,,,,,,,,,,,,,,,,,,,,,,,,
XAG,lighter,hyperliquid,100,2026-09-29T20:26:45+00:00,decision_skew,,,,,,,,,,,,,,,,,,,,,,,,,,,,,,,,,,,,,,,,,,,,,,,,,
XAG,lighter,hyperliquid,100,2026-09-29T20:26:50+00:00,one_entry_leg_unresolved,,,1.62,61.4275,61.403,99.51255,99.47286000000001,eligible,missing_first_quote,2026-09-29T20:26:50.400000+00:00,2026-09-29T20:26:50.100000+00:00,2026-09-29T20:26:50.776722+00:00,2026-09-29T20:26:50.709885+00:00,61.4275,42.31,,,,,,,,,,,,,,,,,,,,,,,,,,,,,,,,,,
XAG,lighter,hyperliquid,100,2026-09-29T20:26:55+00:00,one_entry_leg_unresolved,,,1.62,61.4263,61.403,99.51060600000001,99.47286000000001,missing_first_quote,eligible,2026-09-29T20:26:55.400000+00:00,2026-09-29T20:26:55.100000+00:00,,,,,2026-09-29T20:26:55.383183+00:00,2026-09-29T20:26:55.124000+00:00,61.403,157.21,,,,,,,,,,,,,,,,,,,,,,,,,,,,,,
XAG,lighter,hyperliquid,100,2026-09-29T20:27:00+00:00,stale_decision,True,False,,,,,,,,,,,,,,,,,,,,,,,,,,,,,,,,,,,,,,,,,,,,,,,
XAG,lighter,hyperliquid,100,2026-09-29T20:27:05+00:00,stale_decision,True,False,,,,,,,,,,,,,,,,,,,,,,,,,,,,,,,,,,,,,,,,,,,,,,,
XAG,lighter,hyperliquid,100,2026-09-29T20:27:10+00:00,stale_decision,False,False,,,,,,,,,,,,,,,,,,,,,,,,,,,,,,,,,,,,,,,,,,,,,,,
XAG,lighter,hyperliquid,100,2026-09-29T20:27:15+00:00,stale_decision,True,False,,,,,,,,,,,,,,,,,,,,,,,,,,,,,,,,,,,,,,,,,,,,,,,
XAG,lighter,hyperliquid,100,2026-09-29T20:27:20+00:00,one_entry_leg_unresolved,,,1.62,61.4289,61.403,99.514818,99.47286000000001,eligible,missing_first_quote,2026-09-29T20:27:20.400000+00:00,2026-09-29T20:27:20.100000+00:00,2026-09-29T20:27:20.468986+00:00,2026-09-29T20:27:20.402005+00:00,61.4289,38.59,,,,,,,,,,,,,,,,,,,,,,,,,,,,,,,,,,
XAG,lighter,hyperliquid,100,2026-09-29T20:27:25+00:00,stale_decision,True,False,,,,,,,,,,,,,,,,,,,,,,,,,,,,,,,,,,,,,,,,,,,,,,,
XAG,lighter,hyperliquid,100,2026-09-29T20:27:30+00:00,one_exit_leg_unresolved,,,1.62,61.4298,61.403,99.516276,99.47286000000001,eligible,eligible,2026-09-29T20:27:30.400000+00:00,2026-09-29T20:27:30.100000+00:00,2026-09-29T20:27:30.988235+00:00,2026-09-29T20:27:30.920323+00:00,61.4292,35.11,2026-09-29T20:27:30.974242+00:00,2026-09-29T20:27:30.713000+00:00,61.404,97.72,eligible,missing_first_quote,2026-09-29T20:27:36.388235+00:00,2026-09-29T20:27:36.088235+00:00,2026-09-29T20:27:40+00:00,2026-09-29T20:27:37.021652+00:00,2026-09-29T20:27:36.952768+00:00,61.4237,182.48,,,,,,,,,,,,,,,,,,,,,
XAG,lighter,hyperliquid,100,2026-09-29T20:27:35+00:00,one_entry_leg_unresolved,,,1.62,61.4296,61.403,99.51595200000001,99.47286000000001,eligible,missing_first_quote,2026-09-29T20:27:35.400000+00:00,2026-09-29T20:27:35.100000+00:00,2026-09-29T20:27:35.630187+00:00,2026-09-29T20:27:35.563488+00:00,61.4296,17.59,,,,,,,,,,,,,,,,,,,,,,,,,,,,,,,,,,
XAG,lighter,hyperliquid,100,2026-09-29T20:27:40+00:00,stale_decision,True,False,,,,,,,,,,,,,,,,,,,,,,,,,,,,,,,,,,,,,,,,,,,,,,,
XAG,lighter,hyperliquid,100,2026-09-29T20:27:45+00:00,stale_decision,True,False,,,,,,,,,,,,,,,,,,,,,,,,,,,,,,,,,,,,,,,,,,,,,,,
XAG,lighter,hyperliquid,100,2026-09-29T20:27:50+00:00,stale_decision,False,False,,,,,,,,,,,,,,,,,,,,,,,,,,,,,,,,,,,,,,,,,,,,,,,
XAG,lighter,hyperliquid,100,2026-09-29T20:27:55+00:00,one_exit_leg_unresolved,,,1.62,61.4226,61.398,99.50461200000001,99.46476000000001,eligible,eligible,2026-09-29T20:27:55.400000+00:00,2026-09-29T20:27:55.100000+00:00,2026-09-29T20:27:55.754804+00:00,2026-09-29T20:27:55.688247+00:00,61.4226,3.45,2026-09-29T20:27:55.501331+00:00,2026-09-29T20:27:55.221000+00:00,61.4,27.13,eligible,missing_first_quote,2026-09-29T20:28:01.154804+00:00,2026-09-29T20:28:00.854804+00:00,2026-09-29T20:28:05+00:00,2026-09-29T20:28:01.300553+00:00,2026-09-29T20:28:01.232369+00:00,61.4225,17.24,,,,,,,,,,,,,,,,,,,,,
XAG,lighter,hyperliquid,100,2026-09-29T20:28:00+00:00,stale_decision,True,False,,,,,,,,,,,,,,,,,,,,,,,,,,,,,,,,,,,,,,,,,,,,,,,
XAG,lighter,hyperliquid,100,2026-09-29T20:28:05+00:00,decision_skew,,,,,,,,,,,,,,,,,,,,,,,,,,,,,,,,,,,,,,,,,,,,,,,,,
XAG,lighter,hyperliquid,100,2026-09-29T20:28:10+00:00,stale_decision,False,False,,,,,,,,,,,,,,,,,,,,,,,,,,,,,,,,,,,,,,,,,,,,,,,
XAG,lighter,hyperliquid,100,2026-09-29T20:28:15+00:00,stale_decision,True,False,,,,,,,,,,,,,,,,,,,,,,,,,,,,,,,,,,,,,,,,,,,,,,,
XAG,lighter,hyperliquid,100,2026-09-29T20:28:20+00:00,one_entry_leg_unresolved,,,1.62,61.4269,61.402,99.51157800000001,99.47124000000001,eligible,missing_first_quote,2026-09-29T20:28:20.400000+00:00,2026-09-29T20:28:20.100000+00:00,2026-09-29T20:28:21.190483+00:00,2026-09-29T20:28:21.123933+00:00,61.4269,39.77,,,,,,,,,,,,,,,,,,,,,,,,,,,,,,,,,,
XAG,lighter,hyperliquid,100,2026-09-29T20:28:25+00:00,stale_decision,False,True,,,,,,,,,,,,,,,,,,,,,,,,,,,,,,,,,,,,,,,,,,,,,,,
XAG,lighter,hyperliquid,100,2026-09-29T20:28:30+00:00,complete_conditional_quote_path,,,1.62,61.4215,61.393,99.50283,99.45666000000001,eligible,eligible,2026-09-29T20:28:30.400000+00:00,2026-09-29T20:28:30.100000+00:00,2026-09-29T20:28:31.090386+00:00,2026-09-29T20:28:31.018766+00:00,61.4215,3.45,2026-09-29T20:28:30.534059+00:00,2026-09-29T20:28:30.204000+00:00,61.393,80.24,eligible,eligible,2026-09-29T20:28:36.490386+00:00,2026-09-29T20:28:36.190386+00:00,2026-09-29T20:28:40+00:00,2026-09-29T20:28:36.902074+00:00,2026-09-29T20:28:36.834881+00:00,61.4199,39.74,2026-09-29T20:28:36.724432+00:00,2026-09-29T20:28:36.379000+00:00,61.395,128.26,61.4215,61.393,61.4199,61.395,99.50283,99.45666000000001,-0.00583200000000943,0.017902490400000002,"[0.0, 0.0089510994, 0.0, 0.008951391000000001]",0.049751415,1.8930003649922404e-06,-2.3853080761632035,-7.385498322045154,0.556326529,0.814766,0.177641981,0.455881
XAG,lighter,hyperliquid,100,2026-09-29T20:28:35+00:00,complete_conditional_quote_path,,,1.62,61.4207,61.394,99.501534,99.45828,eligible,eligible,2026-09-29T20:28:35.400000+00:00,2026-09-29T20:28:35.100000+00:00,2026-09-29T20:28:35.589885+00:00,2026-09-29T20:28:35.520731+00:00,61.4207,3.45,2026-09-29T20:28:35.637813+00:00,2026-09-29T20:28:35.345000+00:00,61.394,154.62,eligible,eligible,2026-09-29T20:28:41.037813+00:00,2026-09-29T20:28:40.737813+00:00,2026-09-29T20:28:45+00:00,2026-09-29T20:28:41.620541+00:00,2026-09-29T20:28:41.554284+00:00,61.4225,182.58,2026-09-29T20:28:41.208565+00:00,2026-09-29T20:28:40.881000+00:00,61.404,100.0,61.4207,61.394,61.4225,61.404,99.501534,99.45828,-0.013284000000003574,0.0179039484,"[0.0, 0.008951245200000001, 0.0, 0.008952703200000002]",0.049750767,1.8298404729513352e-06,-3.134418852276546,-8.134602753006453,0.047927755,0.175731,0.411976114,0.673284
XAG,lighter,hyperliquid,100,2026-09-29T20:28:40+00:00,complete_conditional_quote_path,,,1.62,61.4268,61.403,99.51141600000001,99.47286000000001,eligible,eligible,2026-09-29T20:28:40.400000+00:00,2026-09-29T20:28:40.100000+00:00,2026-09-29T20:28:40.803265+00:00,2026-09-29T20:28:40.736845+00:00,61.4289,1219.72,2026-09-29T20:28:40.778952+00:00,2026-09-29T20:28:40.499000+00:00,61.403,4.32,eligible,eligible,2026-09-29T20:28:46.203265+00:00,2026-09-29T20:28:45.903265+00:00,2026-09-29T20:28:50+00:00,2026-09-29T20:28:46.294253+00:00,2026-09-29T20:28:46.226428+00:00,61.4259,18.9,2026-09-29T20:28:46.316993+00:00,2026-09-29T20:28:46.022000+00:00,61.405,100.0,61.4289,61.403,61.4259,61.405,99.514818,99.47286000000001,-0.008100000000004144,0.0179054064,"[0.0, 0.0089525574, 0.0, 0.008952849]",0.049757409,1.7397884968730754e-06,-2.613219510686754,-7.613394337765962,0.024313441,0.237845,0.022740637,0.204428
XAG,lighter,hyperliquid,100,2026-09-29T20:28:45+00:00,stale_decision,False,True,,,,,,,,,,,,,,,,,,,,,,,,,,,,,,,,,,,,,,,,,,,,,,,
XAG,lighter,hyperliquid,100,2026-09-29T20:28:50+00:00,stale_decision,True,False,,,,,,,,,,,,,,,,,,,,,,,,,,,,,,,,,,,,,,,,,,,,,,,
XAG,lighter,hyperliquid,100,2026-09-29T20:28:55+00:00,stale_decision,True,False,,,,,,,,,,,,,,,,,,,,,,,,,,,,,,,,,,,,,,,,,,,,,,,
XAG,lighter,hyperliquid,100,2026-09-29T20:29:00+00:00,decision_skew,,,,,,,,,,,,,,,,,,,,,,,,,,,,,,,,,,,,,,,,,,,,,,,,,
XAG,lighter,hyperliquid,100,2026-09-29T20:29:05+00:00,stale_decision,False,True,,,,,,,,,,,,,,,,,,,,,,,,,,,,,,,,,,,,,,,,,,,,,,,
XAG,lighter,hyperliquid,100,2026-09-29T20:29:10+00:00,one_exit_leg_unresolved,,,1.62,61.449,61.424,99.54738,99.50688000000001,eligible,eligible,2026-09-29T20:29:10.400000+00:00,2026-09-29T20:29:10.100000+00:00,2026-09-29T20:29:10.496524+00:00,2026-09-29T20:29:10.429552+00:00,61.4481,301.81,2026-09-29T20:29:10.478495+00:00,2026-09-29T20:29:10.186000+00:00,61.426,1.63,eligible,missing_first_quote,2026-09-29T20:29:15.896524+00:00,2026-09-29T20:29:15.596524+00:00,2026-09-29T20:29:20+00:00,2026-09-29T20:29:16.436639+00:00,2026-09-29T20:29:16.370296+00:00,61.4416,164.99,,,,,,,,,,,,,,,,,,,,,
XAG,lighter,hyperliquid,100,2026-09-29T20:29:15+00:00,decision_skew,,,,,,,,,,,,,,,,,,,,,,,,,,,,,,,,,,,,,,,,,,,,,,,,,
XAG,lighter,hyperliquid,100,2026-09-29T20:29:20+00:00,stale_decision,True,False,,,,,,,,,,,,,,,,,,,,,,,,,,,,,,,,,,,,,,,,,,,,,,,
XAG,lighter,hyperliquid,100,2026-09-29T20:29:25+00:00,stale_decision,True,False,,,,,,,,,,,,,,,,,,,,,,,,,,,,,,,,,,,,,,,,,,,,,,,
XAG,lighter,hyperliquid,100,2026-09-29T20:29:30+00:00,one_entry_leg_unresolved,,,1.62,61.4458,61.424,99.542196,99.50688000000001,eligible,missing_first_quote,2026-09-29T20:29:30.400000+00:00,2026-09-29T20:29:30.100000+00:00,2026-09-29T20:29:31.064607+00:00,2026-09-29T20:29:31.000405+00:00,61.4419,38.48,,,,,,,,,,,,,,,,,,,,,,,,,,,,,,,,,,
XAG,lighter,hyperliquid,100,2026-09-29T20:29:35+00:00,one_exit_leg_unresolved,,,1.62,61.441,61.423,99.53442000000001,99.50526,eligible,eligible,2026-09-29T20:29:35.400000+00:00,2026-09-29T20:29:35.100000+00:00,2026-09-29T20:29:35.533777+00:00,2026-09-29T20:29:35.470292+00:00,61.441,163.0,2026-09-29T20:29:35.510292+00:00,2026-09-29T20:29:35.241000+00:00,61.414,27.63,eligible,missing_first_quote,2026-09-29T20:29:40.933777+00:00,2026-09-29T20:29:40.633777+00:00,2026-09-29T20:29:45+00:00,2026-09-29T20:29:41.423045+00:00,2026-09-29T20:29:41.358921+00:00,61.4324,464.81,,,,,,,,,,,,,,,,,,,,,
XAG,lighter,hyperliquid,100,2026-09-29T20:29:40+00:00,decision_skew,,,,,,,,,,,,,,,,,,,,,,,,,,,,,,,,,,,,,,,,,,,,,,,,,
XAG,lighter,hyperliquid,100,2026-09-29T20:29:45+00:00,one_entry_leg_unresolved,,,1.62,61.4393,61.413,99.53166600000002,99.48906,eligible,missing_first_quote,2026-09-29T20:29:45.400000+00:00,2026-09-29T20:29:45.100000+00:00,2026-09-29T20:29:45.494440+00:00,2026-09-29T20:29:45.430545+00:00,61.4375,37.4,,,,,,,,,,,,,,,,,,,,,,,,,,,,,,,,,,
XAG,lighter,hyperliquid,100,2026-09-29T20:29:50+00:00,both_exit_legs_unresolved,,,1.62,61.4393,61.412,99.53166600000002,99.48744,eligible,eligible,2026-09-29T20:29:50.400000+00:00,2026-09-29T20:29:50.100000+00:00,2026-09-29T20:29:50.463490+00:00,2026-09-29T20:29:50.400284+00:00,61.4393,41.2,2026-09-29T20:29:50.581776+00:00,2026-09-29T20:29:50.325000+00:00,61.412,36.41,terminal_capture,missing_first_quote,2026-09-29T20:29:55.981776+00:00,2026-09-29T20:29:55.681776+00:00,2026-09-29T20:30:00+00:00,,,,,,,,,,,,,,,,,,,,,,,,,
XAG,lighter,hyperliquid,250,2026-09-29T20:23:00+00:00,one_entry_leg_unresolved,,,4.07,61.4202,61.397,249.98021400000002,249.88579000000001,eligible,shallow_first_quote,2026-09-29T20:23:00.400000+00:00,2026-09-29T20:23:00.100000+00:00,2026-09-29T20:23:00.464191+00:00,2026-09-29T20:23:00.400570+00:00,61.4162,40.09,2026-09-29T20:23:00.650716+00:00,2026-09-29T20:23:00.399000+00:00,61.396,0.17,,,,,,,,,,,,,,,,,,,,,,,,,,,,,,
XAG,lighter,hyperliquid,250,2026-09-29T20:23:05+00:00,decision_skew,,,,,,,,,,,,,,,,,,,,,,,,,,,,,,,,,,,,,,,,,,,,,,,,,
XAG,lighter,hyperliquid,250,2026-09-29T20:23:10+00:00,stale_decision,False,False,,,,,,,,,,,,,,,,,,,,,,,,,,,,,,,,,,,,,,,,,,,,,,,
XAG,lighter,hyperliquid,250,2026-09-29T20:23:15+00:00,stale_decision,True,False,,,,,,,,,,,,,,,,,,,,,,,,,,,,,,,,,,,,,,,,,,,,,,,
XAG,lighter,hyperliquid,250,2026-09-29T20:23:20+00:00,decision_skew,,,,,,,,,,,,,,,,,,,,,,,,,,,,,,,,,,,,,,,,,,,,,,,,,
XAG,lighter,hyperliquid,250,2026-09-29T20:23:25+00:00,complete_conditional_quote_path,,,4.07,61.4039,61.383,249.91387300000002,249.82881000000003,eligible,eligible,2026-09-29T20:23:25.400000+00:00,2026-09-29T20:23:25.100000+00:00,2026-09-29T20:23:25.867723+00:00,2026-09-29T20:23:25.803498+00:00,61.4039,307.94,2026-09-29T20:23:25.450641+00:00,2026-09-29T20:23:25.168000+00:00,61.381,49.62,eligible,eligible,2026-09-29T20:23:31.267724+00:00,2026-09-29T20:23:30.967724+00:00,2026-09-29T20:23:35+00:00,2026-09-29T20:23:31.342753+00:00,2026-09-29T20:23:31.278906+00:00,61.3936,199.31,2026-09-29T20:23:31.389555+00:00,2026-09-29T20:23:31.136000+00:00,61.374,147.3,61.4039,61.381,61.3936,61.374,249.91387300000002,249.82067,-0.013431000000012077,0.044965156500000006,"[0.0, 0.022483860300000002, 0.0, 0.022481296200000004]",0.1249569365,4.521735813863734e-06,-2.3366512550510583,-7.3368321868160535,0.417082123,0.635498,0.046801602,0.142906
XAG,lighter,hyperliquid,250,2026-09-29T20:23:30+00:00,stale_decision,True,False,,,,,,,,,,,,,,,,,,,,,,,,,,,,,,,,,,,,,,,,,,,,,,,
XAG,lighter,hyperliquid,250,2026-09-29T20:23:35+00:00,decision_skew,,,,,,,,,,,,,,,,,,,,,,,,,,,,,,,,,,,,,,,,,,,,,,,,,
XAG,lighter,hyperliquid,250,2026-09-29T20:23:40+00:00,stale_decision,True,False,,,,,,,,,,,,,,,,,,,,,,,,,,,,,,,,,,,,,,,,,,,,,,,
XAG,lighter,hyperliquid,250,2026-09-29T20:23:45+00:00,decision_skew,,,,,,,,,,,,,,,,,,,,,,,,,,,,,,,,,,,,,,,,,,,,,,,,,
XAG,lighter,hyperliquid,250,2026-09-29T20:23:50+00:00,decision_skew,,,,,,,,,,,,,,,,,,,,,,,,,,,,,,,,,,,,,,,,,,,,,,,,,
XAG,lighter,hyperliquid,250,2026-09-29T20:23:55+00:00,decision_skew,,,,,,,,,,,,,,,,,,,,,,,,,,,,,,,,,,,,,,,,,,,,,,,,,
XAG,lighter,hyperliquid,250,2026-09-29T20:24:00+00:00,stale_decision,False,True,,,,,,,,,,,,,,,,,,,,,,,,,,,,,,,,,,,,,,,,,,,,,,,
XAG,lighter,hyperliquid,250,2026-09-29T20:24:05+00:00,one_entry_leg_unresolved,,,4.07,61.4063,61.382,249.92364100000003,249.82474000000002,missing_first_quote,eligible,2026-09-29T20:24:05.400000+00:00,2026-09-29T20:24:05.100000+00:00,,,,,2026-09-29T20:24:05.651038+00:00,2026-09-29T20:24:05.331000+00:00,61.382,344.93,,,,,,,,,,,,,,,,,,,,,,,,,,,,,,
XAG,lighter,hyperliquid,250,2026-09-29T20:24:10+00:00,stale_decision,False,False,,,,,,,,,,,,,,,,,,,,,,,,,,,,,,,,,,,,,,,,,,,,,,,
XAG,lighter,hyperliquid,250,2026-09-29T20:24:15+00:00,one_entry_leg_unresolved,,,4.07,61.4063,61.383,249.92364100000003,249.82881000000003,eligible,missing_first_quote,2026-09-29T20:24:15.400000+00:00,2026-09-29T20:24:15.100000+00:00,2026-09-29T20:24:15.668262+00:00,2026-09-29T20:24:15.604067+00:00,61.4063,40.76,,,,,,,,,,,,,,,,,,,,,,,,,,,,,,,,,,
XAG,lighter,hyperliquid,250,2026-09-29T20:24:20+00:00,one_entry_leg_unresolved,,,4.07,61.4014,61.383,249.90369800000002,249.82881000000003,eligible,shallow_first_quote,2026-09-29T20:24:20.400000+00:00,2026-09-29T20:24:20.100000+00:00,2026-09-29T20:24:20.479238+00:00,2026-09-29T20:24:20.413771+00:00,61.4011,20.73,2026-09-29T20:24:20.474078+00:00,2026-09-29T20:24:20.124000+00:00,61.374,0.17,,,,,,,,,,,,,,,,,,,,,,,,,,,,,,
XAG,lighter,hyperliquid,250,2026-09-29T20:24:25+00:00,one_exit_leg_unresolved,,,4.07,61.3996,61.373,249.896372,249.78811000000002,eligible,eligible,2026-09-29T20:24:25.400000+00:00,2026-09-29T20:24:25.100000+00:00,2026-09-29T20:24:25.479819+00:00,2026-09-29T20:24:25.414821+00:00,61.3995,37.25,2026-09-29T20:24:25.872859+00:00,2026-09-29T20:24:25.575000+00:00,61.373,38.25,missing_first_quote,eligible,2026-09-29T20:24:31.272859+00:00,2026-09-29T20:24:30.972859+00:00,2026-09-29T20:24:35+00:00,,,,,2026-09-29T20:24:31.300661+00:00,2026-09-29T20:24:31+00:00,61.371,1399.08,,,,,,,,,,,,,,,,,
XAG,lighter,hyperliquid,250,2026-09-29T20:24:30+00:00,one_entry_leg_unresolved,,,4.07,61.3967,61.371,249.88456900000003,249.77997000000002,missing_first_quote,eligible,2026-09-29T20:24:30.400000+00:00,2026-09-29T20:24:30.100000+00:00,,,,,2026-09-29T20:24:30.662605+00:00,2026-09-29T20:24:30.330000+00:00,61.37,48.7,,,,,,,,,,,,,,,,,,,,,,,,,,,,,,
XAG,lighter,hyperliquid,250,2026-09-29T20:24:35+00:00,stale_decision,False,True,,,,,,,,,,,,,,,,,,,,,,,,,,,,,,,,,,,,,,,,,,,,,,,
XAG,lighter,hyperliquid,250,2026-09-29T20:24:40+00:00,stale_decision,True,False,,,,,,,,,,,,,,,,,,,,,,,,,,,,,,,,,,,,,,,,,,,,,,,
XAG,lighter,hyperliquid,250,2026-09-29T20:24:45+00:00,both_entry_legs_unresolved,,,4.07,61.3961,61.37,249.882127,249.7759,missing_first_quote,missing_first_quote,2026-09-29T20:24:45.400000+00:00,2026-09-29T20:24:45.100000+00:00,,,,,,,,,,,,,,,,,,,,,,,,,,,,,,,,,,,,,,
XAG,lighter,hyperliquid,250,2026-09-29T20:24:50+00:00,complete_conditional_quote_path,,,4.07,61.4022,61.373,249.906954,249.78811000000002,eligible,eligible,2026-09-29T20:24:50.400000+00:00,2026-09-29T20:24:50.100000+00:00,2026-09-29T20:24:50.687760+00:00,2026-09-29T20:24:50.621552+00:00,61.4011,6.02,2026-09-29T20:24:50.566061+00:00,2026-09-29T20:24:50.192000+00:00,61.376,29.23,eligible,eligible,2026-09-29T20:24:56.087760+00:00,2026-09-29T20:24:55.787760+00:00,2026-09-29T20:25:00+00:00,2026-09-29T20:24:56.339168+00:00,2026-09-29T20:24:56.275275+00:00,61.4005,254.12,2026-09-29T20:24:56.056395+00:00,2026-09-29T20:24:55.817000+00:00,61.38,26.66,61.4011,61.376,61.4005,61.38,249.902477,249.80032,-0.018722000000014206,0.044965522800000005,"[0.0, 0.0224820288, 0.0, 0.022483494000000003]",0.1249512385,4.413666849377494e-06,-2.5484950595353326,-7.548671675105629,0.121698155,0.429552,0.282773912,0.458275
XAG,lighter,hyperliquid,250,2026-09-29T20:24:55+00:00,stale_decision,False,True,,,,,,,,,,,,,,,,,,,,,,,,,,,,,,,,,,,,,,,,,,,,,,,
XAG,lighter,hyperliquid,250,2026-09-29T20:25:00+00:00,one_exit_leg_unresolved,,,4.07,61.4053,61.378,249.919571,249.80846000000003,eligible,eligible,2026-09-29T20:25:00.400000+00:00,2026-09-29T20:25:00.100000+00:00,2026-09-29T20:25:00.560671+00:00,2026-09-29T20:25:00.494737+00:00,61.4053,42.2,2026-09-29T20:25:00.769994+00:00,2026-09-29T20:25:00.352000+00:00,61.379,24.31,missing_first_quote,eligible,2026-09-29T20:25:06.169995+00:00,2026-09-29T20:25:05.869994+00:00,2026-09-29T20:25:10+00:00,,,,,2026-09-29T20:25:06.699111+00:00,2026-09-29T20:25:06.322000+00:00,61.383,100.0,,,,,,,,,,,,,,,,,
XAG,lighter,hyperliquid,250,2026-09-29T20:25:05+00:00,one_entry_leg_unresolved,,,4.07,61.4098,61.382,249.937886,249.82474000000002,missing_first_quote,eligible,2026-09-29T20:25:05.400000+00:00,2026-09-29T20:25:05.100000+00:00,,,,,2026-09-29T20:25:05.893667+00:00,2026-09-29T20:25:05.595000+00:00,61.382,77.33,,,,,,,,,,,,,,,,,,,,,,,,,,,,,,
XAG,lighter,hyperliquid,250,2026-09-29T20:25:10+00:00,decision_skew,,,,,,,,,,,,,,,,,,,,,,,,,,,,,,,,,,,,,,,,,,,,,,,,,
XAG,lighter,hyperliquid,250,2026-09-29T20:25:15+00:00,one_exit_leg_unresolved,,,4.07,61.414,61.391,249.95498000000003,249.86137000000002,eligible,eligible,2026-09-29T20:25:15.400000+00:00,2026-09-29T20:25:15.100000+00:00,2026-09-29T20:25:15.719007+00:00,2026-09-29T20:25:15.654910+00:00,61.4139,40.31,2026-09-29T20:25:15.703430+00:00,2026-09-29T20:25:15.139000+00:00,61.391,56.63,eligible,missing_first_quote,2026-09-29T20:25:21.119007+00:00,2026-09-29T20:25:20.819007+00:00,2026-09-29T20:25:25+00:00,2026-09-29T20:25:21.655159+00:00,2026-09-29T20:25:21.589282+00:00,61.4,1382.72,,,,,,,,,,,,,,,,,,,,,
XAG,lighter,hyperliquid,250,2026-09-29T20:25:20+00:00,one_entry_leg_unresolved,,,4.07,61.4052,61.381,249.91916400000002,249.82067,eligible,missing_first_quote,2026-09-29T20:25:20.400000+00:00,2026-09-29T20:25:20.100000+00:00,2026-09-29T20:25:20.676231+00:00,2026-09-29T20:25:20.611437+00:00,61.4035,38.95,,,,,,,,,,,,,,,,,,,,,,,,,,,,,,,,,,
XAG,lighter,hyperliquid,250,2026-09-29T20:25:25+00:00,decision_skew,,,,,,,,,,,,,,,,,,,,,,,,,,,,,,,,,,,,,,,,,,,,,,,,,
XAG,lighter,hyperliquid,250,2026-09-29T20:25:30+00:00,one_exit_leg_unresolved,,,4.07,61.4053,61.382,249.919571,249.82474000000002,eligible,eligible,2026-09-29T20:25:30.400000+00:00,2026-09-29T20:25:30.100000+00:00,2026-09-29T20:25:30.466566+00:00,2026-09-29T20:25:30.403053+00:00,61.4048,22.54,2026-09-29T20:25:30.922539+00:00,2026-09-29T20:25:30.302000+00:00,61.382,216.82,eligible,missing_first_quote,2026-09-29T20:25:36.322539+00:00,2026-09-29T20:25:36.022539+00:00,2026-09-29T20:25:40+00:00,2026-09-29T20:25:36.395067+00:00,2026-09-29T20:25:36.324375+00:00,61.3992,18.5,,,,,,,,,,,,,,,,,,,,,
XAG,lighter,hyperliquid,250,2026-09-29T20:25:35+00:00,one_entry_leg_unresolved,,,4.07,61.4079,61.382,249.93015300000002,249.82474000000002,eligible,missing_first_quote,2026-09-29T20:25:35.400000+00:00,2026-09-29T20:25:35.100000+00:00,2026-09-29T20:25:36.176977+00:00,2026-09-29T20:25:36.109728+00:00,61.4089,34.83,,,,,,,,,,,,,,,,,,,,,,,,,,,,,,,,,,
XAG,lighter,hyperliquid,250,2026-09-29T20:25:40+00:00,complete_conditional_quote_path,,,4.07,61.4099,61.385,249.93829300000002,249.83695,eligible,eligible,2026-09-29T20:25:40.400000+00:00,2026-09-29T20:25:40.100000+00:00,2026-09-29T20:25:40.472687+00:00,2026-09-29T20:25:40.405032+00:00,61.4145,42.68,2026-09-29T20:25:40.911183+00:00,2026-09-29T20:25:40.510000+00:00,61.386,377.97,eligible,eligible,2026-09-29T20:25:46.311183+00:00,2026-09-29T20:25:46.011183+00:00,2026-09-29T20:25:50+00:00,2026-09-29T20:25:47.162284+00:00,2026-09-29T20:25:47.095172+00:00,61.4099,464.81,2026-09-29T20:25:46.387370+00:00,2026-09-29T20:25:46.049000+00:00,61.394,100.0,61.4145,61.386,61.4099,61.394,249.957015,249.84102000000004,-0.05128199999996724,0.044974314,"[0.0, 0.022485691800000002, 0.0, 0.0224886222]",0.1249785075,4.820344706813637e-06,-3.8509146862698467,-8.851107533216224,0.43849635,0.104968,0.774913748,1.046172
XAG,lighter,hyperliquid,250,2026-09-29T20:25:45+00:00,stale_decision,False,True,,,,,,,,,,,,,,,,,,,,,,,,,,,,,,,,,,,,,,,,,,,,,,,
XAG,lighter,hyperliquid,250,2026-09-29T20:25:50+00:00,one_entry_leg_unresolved,,,4.07,61.408,61.39,249.93056,249.8573,eligible,missing_first_quote,2026-09-29T20:25:50.400000+00:00,2026-09-29T20:25:50.100000+00:00,2026-09-29T20:25:51.231091+00:00,2026-09-29T20:25:51.163689+00:00,61.408,17.78,,,,,,,,,,,,,,,,,,,,,,,,,,,,,,,,,,
XAG,lighter,hyperliquid,250,2026-09-29T20:25:55+00:00,both_entry_legs_unresolved,,,4.07,61.4138,61.39,249.95416600000001,249.8573,missing_first_quote,missing_first_quote,2026-09-29T20:25:55.400000+00:00,2026-09-29T20:25:55.100000+00:00,,,,,,,,,,,,,,,,,,,,,,,,,,,,,,,,,,,,,,
XAG,lighter,hyperliquid,250,2026-09-29T20:26:00+00:00,one_entry_leg_unresolved,,,4.07,61.4136,61.39,249.95335200000002,249.8573,eligible,missing_first_quote,2026-09-29T20:26:00.400000+00:00,2026-09-29T20:26:00.100000+00:00,2026-09-29T20:26:00.478855+00:00,2026-09-29T20:26:00.409991+00:00,61.4137,19.49,,,,,,,,,,,,,,,,,,,,,,,,,,,,,,,,,,
XAG,lighter,hyperliquid,250,2026-09-29T20:26:05+00:00,stale_decision,True,False,,,,,,,,,,,,,,,,,,,,,,,,,,,,,,,,,,,,,,,,,,,,,,,
XAG,lighter,hyperliquid,250,2026-09-29T20:26:10+00:00,stale_decision,True,False,,,,,,,,,,,,,,,,,,,,,,,,,,,,,,,,,,,,,,,,,,,,,,,
XAG,lighter,hyperliquid,250,2026-09-29T20:26:15+00:00,both_entry_legs_unresolved,,,4.07,61.4225,61.397,249.989575,249.88579000000001,shallow_first_quote,missing_first_quote,2026-09-29T20:26:15.400000+00:00,2026-09-29T20:26:15.100000+00:00,2026-09-29T20:26:15.479160+00:00,2026-09-29T20:26:15.412261+00:00,61.4225,3.45,,,,,,,,,,,,,,,,,,,,,,,,,,,,,,,,,,
XAG,lighter,hyperliquid,250,2026-09-29T20:26:20+00:00,complete_conditional_quote_path,,,4.07,61.4208,61.397,249.98265600000002,249.88579000000001,eligible,eligible,2026-09-29T20:26:20.400000+00:00,2026-09-29T20:26:20.100000+00:00,2026-09-29T20:26:20.679631+00:00,2026-09-29T20:26:20.611936+00:00,61.4208,1219.72,2026-09-29T20:26:20.615645+00:00,2026-09-29T20:26:20.286000+00:00,61.397,44.6,eligible,eligible,2026-09-29T20:26:26.079631+00:00,2026-09-29T20:26:25.779631+00:00,2026-09-29T20:26:30+00:00,2026-09-29T20:26:26.315048+00:00,2026-09-29T20:26:26.247253+00:00,61.4202,265.78,2026-09-29T20:26:26.303038+00:00,2026-09-29T20:26:25.797000+00:00,61.399,100.0,61.4208,61.397,61.4202,61.399,249.98265600000002,249.88579000000001,-0.010582000000004258,0.0449801748,"[0.0, 0.022489721100000002, 0.0, 0.0224904537]",0.12499132800000003,4.486864511407454e-06,-2.2226411899553646,-7.222820676987914,0.063986474,0.325936,0.012009592,0.450253
XAG,lighter,hyperliquid,250,2026-09-29T20:26:25+00:00,one_entry_leg_unresolved,,,4.07,61.4208,61.395,249.98265600000002,249.87765000000002,shallow_first_quote,eligible,2026-09-29T20:26:25.400000+00:00,2026-09-29T20:26:25.100000+00:00,2026-09-29T20:26:25.701038+00:00,2026-09-29T20:26:25.633617+00:00,61.4216,3.45,2026-09-29T20:26:25.518119+00:00,2026-09-29T20:26:25.188000+00:00,61.397,123.34,,,,,,,,,,,,,,,,,,,,,,,,,,,,,,
XAG,lighter,hyperliquid,250,2026-09-29T20:26:30+00:00,one_entry_leg_unresolved,,,4.07,61.42,61.398,249.97940000000003,249.88986000000003,eligible,missing_first_quote,2026-09-29T20:26:30.400000+00:00,2026-09-29T20:26:30.100000+00:00,2026-09-29T20:26:31.178071+00:00,2026-09-29T20:26:31.110891+00:00,61.421,1219.72,,,,,,,,,,,,,,,,,,,,,,,,,,,,,,,,,,
XAG,lighter,hyperliquid,250,2026-09-29T20:26:35+00:00,stale_decision,True,False,,,,,,,,,,,,,,,,,,,,,,,,,,,,,,,,,,,,,,,,,,,,,,,
XAG,lighter,hyperliquid,250,2026-09-29T20:26:40+00:00,both_entry_legs_unresolved,,,4.07,61.4225,61.399,249.989575,249.89393,shallow_first_quote,missing_first_quote,2026-09-29T20:26:40.400000+00:00,2026-09-29T20:26:40.100000+00:00,2026-09-29T20:26:40.805022+00:00,2026-09-29T20:26:40.737938+00:00,61.4226,3.45,,,,,,,,,,,,,,,,,,,,,,,,,,,,,,,,,,
XAG,lighter,hyperliquid,250,2026-09-29T20:26:45+00:00,decision_skew,,,,,,,,,,,,,,,,,,,,,,,,,,,,,,,,,,,,,,,,,,,,,,,,,
XAG,lighter,hyperliquid,250,2026-09-29T20:26:50+00:00,one_entry_leg_unresolved,,,4.06,61.4275,61.403,249.39565,249.29617999999996,eligible,missing_first_quote,2026-09-29T20:26:50.400000+00:00,2026-09-29T20:26:50.100000+00:00,2026-09-29T20:26:50.776722+00:00,2026-09-29T20:26:50.709885+00:00,61.4275,42.31,,,,,,,,,,,,,,,,,,,,,,,,,,,,,,,,,,
XAG,lighter,hyperliquid,250,2026-09-29T20:26:55+00:00,one_entry_leg_unresolved,,,4.06,61.4263,61.403,249.39077799999995,249.29617999999996,missing_first_quote,eligible,2026-09-29T20:26:55.400000+00:00,2026-09-29T20:26:55.100000+00:00,,,,,2026-09-29T20:26:55.383183+00:00,2026-09-29T20:26:55.124000+00:00,61.403,157.21,,,,,,,,,,,,,,,,,,,,,,,,,,,,,,
XAG,lighter,hyperliquid,250,2026-09-29T20:27:00+00:00,stale_decision,True,False,,,,,,,,,,,,,,,,,,,,,,,,,,,,,,,,,,,,,,,,,,,,,,,
XAG,lighter,hyperliquid,250,2026-09-29T20:27:05+00:00,stale_decision,True,False,,,,,,,,,,,,,,,,,,,,,,,,,,,,,,,,,,,,,,,,,,,,,,,
XAG,lighter,hyperliquid,250,2026-09-29T20:27:10+00:00,stale_decision,False,False,,,,,,,,,,,,,,,,,,,,,,,,,,,,,,,,,,,,,,,,,,,,,,,
XAG,lighter,hyperliquid,250,2026-09-29T20:27:15+00:00,stale_decision,True,False,,,,,,,,,,,,,,,,,,,,,,,,,,,,,,,,,,,,,,,,,,,,,,,
XAG,lighter,hyperliquid,250,2026-09-29T20:27:20+00:00,one_entry_leg_unresolved,,,4.06,61.4289,61.403,249.40133399999996,249.29617999999996,eligible,missing_first_quote,2026-09-29T20:27:20.400000+00:00,2026-09-29T20:27:20.100000+00:00,2026-09-29T20:27:20.468986+00:00,2026-09-29T20:27:20.402005+00:00,61.4289,38.59,,,,,,,,,,,,,,,,,,,,,,,,,,,,,,,,,,
XAG,lighter,hyperliquid,250,2026-09-29T20:27:25+00:00,stale_decision,True,False,,,,,,,,,,,,,,,,,,,,,,,,,,,,,,,,,,,,,,,,,,,,,,,
XAG,lighter,hyperliquid,250,2026-09-29T20:27:30+00:00,one_exit_leg_unresolved,,,4.06,61.4298,61.403,249.40498799999997,249.29617999999996,eligible,eligible,2026-09-29T20:27:30.400000+00:00,2026-09-29T20:27:30.100000+00:00,2026-09-29T20:27:30.988235+00:00,2026-09-29T20:27:30.920323+00:00,61.4292,35.11,2026-09-29T20:27:30.974242+00:00,2026-09-29T20:27:30.713000+00:00,61.404,97.72,eligible,missing_first_quote,2026-09-29T20:27:36.388235+00:00,2026-09-29T20:27:36.088235+00:00,2026-09-29T20:27:40+00:00,2026-09-29T20:27:37.021652+00:00,2026-09-29T20:27:36.952768+00:00,61.4237,182.48,,,,,,,,,,,,,,,,,,,,,
XAG,lighter,hyperliquid,250,2026-09-29T20:27:35+00:00,one_entry_leg_unresolved,,,4.06,61.4296,61.403,249.40417599999998,249.29617999999996,eligible,missing_first_quote,2026-09-29T20:27:35.400000+00:00,2026-09-29T20:27:35.100000+00:00,2026-09-29T20:27:35.630187+00:00,2026-09-29T20:27:35.563488+00:00,61.4296,17.59,,,,,,,,,,,,,,,,,,,,,,,,,,,,,,,,,,
XAG,lighter,hyperliquid,250,2026-09-29T20:27:40+00:00,stale_decision,True,False,,,,,,,,,,,,,,,,,,,,,,,,,,,,,,,,,,,,,,,,,,,,,,,
XAG,lighter,hyperliquid,250,2026-09-29T20:27:45+00:00,stale_decision,True,False,,,,,,,,,,,,,,,,,,,,,,,,,,,,,,,,,,,,,,,,,,,,,,,
XAG,lighter,hyperliquid,250,2026-09-29T20:27:50+00:00,stale_decision,False,False,,,,,,,,,,,,,,,,,,,,,,,,,,,,,,,,,,,,,,,,,,,,,,,
XAG,lighter,hyperliquid,250,2026-09-29T20:27:55+00:00,one_entry_leg_unresolved,,,4.07,61.4226,61.398,249.98998200000003,249.88986000000003,shallow_first_quote,eligible,2026-09-29T20:27:55.400000+00:00,2026-09-29T20:27:55.100000+00:00,2026-09-29T20:27:55.754804+00:00,2026-09-29T20:27:55.688247+00:00,61.4226,3.45,2026-09-29T20:27:55.501331+00:00,2026-09-29T20:27:55.221000+00:00,61.4,27.13,,,,,,,,,,,,,,,,,,,,,,,,,,,,,,
XAG,lighter,hyperliquid,250,2026-09-29T20:28:00+00:00,stale_decision,True,False,,,,,,,,,,,,,,,,,,,,,,,,,,,,,,,,,,,,,,,,,,,,,,,
XAG,lighter,hyperliquid,250,2026-09-29T20:28:05+00:00,decision_skew,,,,,,,,,,,,,,,,,,,,,,,,,,,,,,,,,,,,,,,,,,,,,,,,,
XAG,lighter,hyperliquid,250,2026-09-29T20:28:10+00:00,stale_decision,False,False,,,,,,,,,,,,,,,,,,,,,,,,,,,,,,,,,,,,,,,,,,,,,,,
XAG,lighter,hyperliquid,250,2026-09-29T20:28:15+00:00,stale_decision,True,False,,,,,,,,,,,,,,,,,,,,,,,,,,,,,,,,,,,,,,,,,,,,,,,
XAG,lighter,hyperliquid,250,2026-09-29T20:28:20+00:00,one_entry_leg_unresolved,,,4.06,61.4269,61.402,249.393214,249.29211999999998,eligible,missing_first_quote,2026-09-29T20:28:20.400000+00:00,2026-09-29T20:28:20.100000+00:00,2026-09-29T20:28:21.190483+00:00,2026-09-29T20:28:21.123933+00:00,61.4269,39.77,,,,,,,,,,,,,,,,,,,,,,,,,,,,,,,,,,
XAG,lighter,hyperliquid,250,2026-09-29T20:28:25+00:00,stale_decision,False,True,,,,,,,,,,,,,,,,,,,,,,,,,,,,,,,,,,,,,,,,,,,,,,,
XAG,lighter,hyperliquid,250,2026-09-29T20:28:30+00:00,one_entry_leg_unresolved,,,4.07,61.4215,61.393,249.98550500000002,249.86951000000002,shallow_first_quote,eligible,2026-09-29T20:28:30.400000+00:00,2026-09-29T20:28:30.100000+00:00,2026-09-29T20:28:31.090386+00:00,2026-09-29T20:28:31.018766+00:00,61.4215,3.45,2026-09-29T20:28:30.534059+00:00,2026-09-29T20:28:30.204000+00:00,61.393,80.24,,,,,,,,,,,,,,,,,,,,,,,,,,,,,,
XAG,lighter,hyperliquid,250,2026-09-29T20:28:35+00:00,one_entry_leg_unresolved,,,4.07,61.4207,61.394,249.982249,249.87358,shallow_first_quote,eligible,2026-09-29T20:28:35.400000+00:00,2026-09-29T20:28:35.100000+00:00,2026-09-29T20:28:35.589885+00:00,2026-09-29T20:28:35.520731+00:00,61.4207,3.45,2026-09-29T20:28:35.637813+00:00,2026-09-29T20:28:35.345000+00:00,61.394,154.62,,,,,,,,,,,,,,,,,,,,,,,,,,,,,,
XAG,lighter,hyperliquid,250,2026-09-29T20:28:40+00:00,complete_conditional_quote_path,,,4.06,61.4268,61.403,249.39280799999997,249.29617999999996,eligible,eligible,2026-09-29T20:28:40.400000+00:00,2026-09-29T20:28:40.100000+00:00,2026-09-29T20:28:40.803265+00:00,2026-09-29T20:28:40.736845+00:00,61.4289,1219.72,2026-09-29T20:28:40.778952+00:00,2026-09-29T20:28:40.499000+00:00,61.403,4.32,eligible,eligible,2026-09-29T20:28:46.203265+00:00,2026-09-29T20:28:45.903265+00:00,2026-09-29T20:28:50+00:00,2026-09-29T20:28:46.294253+00:00,2026-09-29T20:28:46.226428+00:00,61.4259,18.9,2026-09-29T20:28:46.316993+00:00,2026-09-29T20:28:46.022000+00:00,61.405,100.0,61.4289,61.403,61.4259,61.405,249.40133399999996,249.29617999999996,-0.020300000000010383,0.04487404319999999,"[0.0, 0.022436656199999995, 0.0, 0.022437387]",0.12470066699999997,4.360210677348571e-06,-2.613219510686754,-7.613394337765961,0.024313441,0.237845,0.022740637,0.204428
XAG,lighter,hyperliquid,250,2026-09-29T20:28:45+00:00,stale_decision,False,True,,,,,,,,,,,,,,,,,,,,,,,,,,,,,,,,,,,,,,,,,,,,,,,
XAG,lighter,hyperliquid,250,2026-09-29T20:28:50+00:00,stale_decision,True,False,,,,,,,,,,,,,,,,,,,,,,,,,,,,,,,,,,,,,,,,,,,,,,,
XAG,lighter,hyperliquid,250,2026-09-29T20:28:55+00:00,stale_decision,True,False,,,,,,,,,,,,,,,,,,,,,,,,,,,,,,,,,,,,,,,,,,,,,,,
XAG,lighter,hyperliquid,250,2026-09-29T20:29:00+00:00,decision_skew,,,,,,,,,,,,,,,,,,,,,,,,,,,,,,,,,,,,,,,,,,,,,,,,,
XAG,lighter,hyperliquid,250,2026-09-29T20:29:05+00:00,stale_decision,False,True,,,,,,,,,,,,,,,,,,,,,,,,,,,,,,,,,,,,,,,,,,,,,,,
XAG,lighter,hyperliquid,250,2026-09-29T20:29:10+00:00,one_entry_leg_unresolved,,,4.06,61.449,61.424,249.48293999999996,249.38143999999997,eligible,shallow_first_quote,2026-09-29T20:29:10.400000+00:00,2026-09-29T20:29:10.100000+00:00,2026-09-29T20:29:10.496524+00:00,2026-09-29T20:29:10.429552+00:00,61.4481,301.81,2026-09-29T20:29:10.478495+00:00,2026-09-29T20:29:10.186000+00:00,61.426,1.63,,,,,,,,,,,,,,,,,,,,,,,,,,,,,,
XAG,lighter,hyperliquid,250,2026-09-29T20:29:15+00:00,decision_skew,,,,,,,,,,,,,,,,,,,,,,,,,,,,,,,,,,,,,,,,,,,,,,,,,
XAG,lighter,hyperliquid,250,2026-09-29T20:29:20+00:00,stale_decision,True,False,,,,,,,,,,,,,,,,,,,,,,,,,,,,,,,,,,,,,,,,,,,,,,,
XAG,lighter,hyperliquid,250,2026-09-29T20:29:25+00:00,stale_decision,True,False,,,,,,,,,,,,,,,,,,,,,,,,,,,,,,,,,,,,,,,,,,,,,,,
XAG,lighter,hyperliquid,250,2026-09-29T20:29:30+00:00,one_entry_leg_unresolved,,,4.06,61.4458,61.424,249.46994799999996,249.38143999999997,eligible,missing_first_quote,2026-09-29T20:29:30.400000+00:00,2026-09-29T20:29:30.100000+00:00,2026-09-29T20:29:31.064607+00:00,2026-09-29T20:29:31.000405+00:00,61.4419,38.48,,,,,,,,,,,,,,,,,,,,,,,,,,,,,,,,,,
XAG,lighter,hyperliquid,250,2026-09-29T20:29:35+00:00,one_exit_leg_unresolved,,,4.06,61.441,61.423,249.45046,249.37738,eligible,eligible,2026-09-29T20:29:35.400000+00:00,2026-09-29T20:29:35.100000+00:00,2026-09-29T20:29:35.533777+00:00,2026-09-29T20:29:35.470292+00:00,61.441,163.0,2026-09-29T20:29:35.510292+00:00,2026-09-29T20:29:35.241000+00:00,61.414,27.63,eligible,missing_first_quote,2026-09-29T20:29:40.933777+00:00,2026-09-29T20:29:40.633777+00:00,2026-09-29T20:29:45+00:00,2026-09-29T20:29:41.423045+00:00,2026-09-29T20:29:41.358921+00:00,61.4324,464.81,,,,,,,,,,,,,,,,,,,,,
XAG,lighter,hyperliquid,250,2026-09-29T20:29:40+00:00,decision_skew,,,,,,,,,,,,,,,,,,,,,,,,,,,,,,,,,,,,,,,,,,,,,,,,,
XAG,lighter,hyperliquid,250,2026-09-29T20:29:45+00:00,one_entry_leg_unresolved,,,4.06,61.4393,61.413,249.443558,249.33677999999998,eligible,missing_first_quote,2026-09-29T20:29:45.400000+00:00,2026-09-29T20:29:45.100000+00:00,2026-09-29T20:29:45.494440+00:00,2026-09-29T20:29:45.430545+00:00,61.4375,37.4,,,,,,,,,,,,,,,,,,,,,,,,,,,,,,,,,,
XAG,lighter,hyperliquid,250,2026-09-29T20:29:50+00:00,both_exit_legs_unresolved,,,4.06,61.4393,61.412,249.443558,249.33271999999997,eligible,eligible,2026-09-29T20:29:50.400000+00:00,2026-09-29T20:29:50.100000+00:00,2026-09-29T20:29:50.463490+00:00,2026-09-29T20:29:50.400284+00:00,61.4393,41.2,2026-09-29T20:29:50.581776+00:00,2026-09-29T20:29:50.325000+00:00,61.412,36.41,terminal_capture,missing_first_quote,2026-09-29T20:29:55.981776+00:00,2026-09-29T20:29:55.681776+00:00,2026-09-29T20:30:00+00:00,,,,,,,,,,,,,,,,,,,,,,,,,
XAG,lighter,hyperliquid,1000,2026-09-29T20:23:00+00:00,one_entry_leg_unresolved,,,16.28,61.4202,61.397,999.9208560000001,999.5431600000001,eligible,shallow_first_quote,2026-09-29T20:23:00.400000+00:00,2026-09-29T20:23:00.100000+00:00,2026-09-29T20:23:00.464191+00:00,2026-09-29T20:23:00.400570+00:00,61.4162,40.09,2026-09-29T20:23:00.650716+00:00,2026-09-29T20:23:00.399000+00:00,61.396,0.17,,,,,,,,,,,,,,,,,,,,,,,,,,,,,,
XAG,lighter,hyperliquid,1000,2026-09-29T20:23:05+00:00,decision_skew,,,,,,,,,,,,,,,,,,,,,,,,,,,,,,,,,,,,,,,,,,,,,,,,,
XAG,lighter,hyperliquid,1000,2026-09-29T20:23:10+00:00,stale_decision,False,False,,,,,,,,,,,,,,,,,,,,,,,,,,,,,,,,,,,,,,,,,,,,,,,
XAG,lighter,hyperliquid,1000,2026-09-29T20:23:15+00:00,stale_decision,True,False,,,,,,,,,,,,,,,,,,,,,,,,,,,,,,,,,,,,,,,,,,,,,,,
XAG,lighter,hyperliquid,1000,2026-09-29T20:23:20+00:00,decision_skew,,,,,,,,,,,,,,,,,,,,,,,,,,,,,,,,,,,,,,,,,,,,,,,,,
XAG,lighter,hyperliquid,1000,2026-09-29T20:23:25+00:00,complete_conditional_quote_path,,,16.28,61.4039,61.383,999.6554920000001,999.3152400000001,eligible,eligible,2026-09-29T20:23:25.400000+00:00,2026-09-29T20:23:25.100000+00:00,2026-09-29T20:23:25.867723+00:00,2026-09-29T20:23:25.803498+00:00,61.4039,307.94,2026-09-29T20:23:25.450641+00:00,2026-09-29T20:23:25.168000+00:00,61.381,49.62,eligible,eligible,2026-09-29T20:23:31.267724+00:00,2026-09-29T20:23:30.967724+00:00,2026-09-29T20:23:35+00:00,2026-09-29T20:23:31.342753+00:00,2026-09-29T20:23:31.278906+00:00,61.3936,199.31,2026-09-29T20:23:31.389555+00:00,2026-09-29T20:23:31.136000+00:00,61.374,147.3,61.4039,61.381,61.3936,61.374,999.6554920000001,999.28268,-0.05372400000004831,0.17986062600000002,"[0.0, 0.08993544120000001, 0.0, 0.08992518480000002]",0.499827746,1.8086943255454937e-05,-2.3366512550510583,-7.3368321868160535,0.417082123,0.635498,0.046801602,0.142906
XAG,lighter,hyperliquid,1000,2026-09-29T20:23:30+00:00,stale_decision,True,False,,,,,,,,,,,,,,,,,,,,,,,,,,,,,,,,,,,,,,,,,,,,,,,
XAG,lighter,hyperliquid,1000,2026-09-29T20:23:35+00:00,decision_skew,,,,,,,,,,,,,,,,,,,,,,,,,,,,,,,,,,,,,,,,,,,,,,,,,
XAG,lighter,hyperliquid,1000,2026-09-29T20:23:40+00:00,stale_decision,True,False,,,,,,,,,,,,,,,,,,,,,,,,,,,,,,,,,,,,,,,,,,,,,,,
XAG,lighter,hyperliquid,1000,2026-09-29T20:23:45+00:00,decision_skew,,,,,,,,,,,,,,,,,,,,,,,,,,,,,,,,,,,,,,,,,,,,,,,,,
XAG,lighter,hyperliquid,1000,2026-09-29T20:23:50+00:00,decision_skew,,,,,,,,,,,,,,,,,,,,,,,,,,,,,,,,,,,,,,,,,,,,,,,,,
XAG,lighter,hyperliquid,1000,2026-09-29T20:23:55+00:00,decision_skew,,,,,,,,,,,,,,,,,,,,,,,,,,,,,,,,,,,,,,,,,,,,,,,,,
XAG,lighter,hyperliquid,1000,2026-09-29T20:24:00+00:00,stale_decision,False,True,,,,,,,,,,,,,,,,,,,,,,,,,,,,,,,,,,,,,,,,,,,,,,,
XAG,lighter,hyperliquid,1000,2026-09-29T20:24:05+00:00,one_entry_leg_unresolved,,,16.28,61.4063,61.382,999.6945640000001,999.2989600000001,missing_first_quote,eligible,2026-09-29T20:24:05.400000+00:00,2026-09-29T20:24:05.100000+00:00,,,,,2026-09-29T20:24:05.651038+00:00,2026-09-29T20:24:05.331000+00:00,61.382,344.93,,,,,,,,,,,,,,,,,,,,,,,,,,,,,,
XAG,lighter,hyperliquid,1000,2026-09-29T20:24:10+00:00,stale_decision,False,False,,,,,,,,,,,,,,,,,,,,,,,,,,,,,,,,,,,,,,,,,,,,,,,
XAG,lighter,hyperliquid,1000,2026-09-29T20:24:15+00:00,one_entry_leg_unresolved,,,16.28,61.4063,61.383,999.6945640000001,999.3152400000001,eligible,missing_first_quote,2026-09-29T20:24:15.400000+00:00,2026-09-29T20:24:15.100000+00:00,2026-09-29T20:24:15.668262+00:00,2026-09-29T20:24:15.604067+00:00,61.4063,40.76,,,,,,,,,,,,,,,,,,,,,,,,,,,,,,,,,,
XAG,lighter,hyperliquid,1000,2026-09-29T20:24:20+00:00,one_entry_leg_unresolved,,,16.28,61.4014,61.383,999.6147920000001,999.3152400000001,eligible,shallow_first_quote,2026-09-29T20:24:20.400000+00:00,2026-09-29T20:24:20.100000+00:00,2026-09-29T20:24:20.479238+00:00,2026-09-29T20:24:20.413771+00:00,61.4011,20.73,2026-09-29T20:24:20.474078+00:00,2026-09-29T20:24:20.124000+00:00,61.374,0.17,,,,,,,,,,,,,,,,,,,,,,,,,,,,,,
XAG,lighter,hyperliquid,1000,2026-09-29T20:24:25+00:00,one_exit_leg_unresolved,,,16.28,61.3996,61.373,999.585488,999.1524400000001,eligible,eligible,2026-09-29T20:24:25.400000+00:00,2026-09-29T20:24:25.100000+00:00,2026-09-29T20:24:25.479819+00:00,2026-09-29T20:24:25.414821+00:00,61.3995,37.25,2026-09-29T20:24:25.872859+00:00,2026-09-29T20:24:25.575000+00:00,61.373,38.25,missing_first_quote,eligible,2026-09-29T20:24:31.272859+00:00,2026-09-29T20:24:30.972859+00:00,2026-09-29T20:24:35+00:00,,,,,2026-09-29T20:24:31.300661+00:00,2026-09-29T20:24:31+00:00,61.371,1399.08,,,,,,,,,,,,,,,,,
XAG,lighter,hyperliquid,1000,2026-09-29T20:24:30+00:00,one_entry_leg_unresolved,,,16.28,61.3967,61.371,999.5382760000001,999.1198800000001,missing_first_quote,eligible,2026-09-29T20:24:30.400000+00:00,2026-09-29T20:24:30.100000+00:00,,,,,2026-09-29T20:24:30.662605+00:00,2026-09-29T20:24:30.330000+00:00,61.37,48.7,,,,,,,,,,,,,,,,,,,,,,,,,,,,,,
XAG,lighter,hyperliquid,1000,2026-09-29T20:24:35+00:00,stale_decision,False,True,,,,,,,,,,,,,,,,,,,,,,,,,,,,,,,,,,,,,,,,,,,,,,,
XAG,lighter,hyperliquid,1000,2026-09-29T20:24:40+00:00,stale_decision,True,False,,,,,,,,,,,,,,,,,,,,,,,,,,,,,,,,,,,,,,,,,,,,,,,
XAG,lighter,hyperliquid,1000,2026-09-29T20:24:45+00:00,both_entry_legs_unresolved,,,16.28,61.3961,61.37,999.528508,999.1036,missing_first_quote,missing_first_quote,2026-09-29T20:24:45.400000+00:00,2026-09-29T20:24:45.100000+00:00,,,,,,,,,,,,,,,,,,,,,,,,,,,,,,,,,,,,,,
XAG,lighter,hyperliquid,1000,2026-09-29T20:24:50+00:00,one_entry_leg_unresolved,,,16.28,61.4022,61.373,999.627816,999.1524400000001,shallow_first_quote,eligible,2026-09-29T20:24:50.400000+00:00,2026-09-29T20:24:50.100000+00:00,2026-09-29T20:24:50.687760+00:00,2026-09-29T20:24:50.621552+00:00,61.4011,6.02,2026-09-29T20:24:50.566061+00:00,2026-09-29T20:24:50.192000+00:00,61.376,29.23,,,,,,,,,,,,,,,,,,,,,,,,,,,,,,
XAG,lighter,hyperliquid,1000,2026-09-29T20:24:55+00:00,stale_decision,False,True,,,,,,,,,,,,,,,,,,,,,,,,,,,,,,,,,,,,,,,,,,,,,,,
XAG,lighter,hyperliquid,1000,2026-09-29T20:25:00+00:00,one_exit_leg_unresolved,,,16.28,61.4053,61.378,999.678284,999.2338400000001,eligible,eligible,2026-09-29T20:25:00.400000+00:00,2026-09-29T20:25:00.100000+00:00,2026-09-29T20:25:00.560671+00:00,2026-09-29T20:25:00.494737+00:00,61.4053,42.2,2026-09-29T20:25:00.769994+00:00,2026-09-29T20:25:00.352000+00:00,61.379,24.31,missing_first_quote,eligible,2026-09-29T20:25:06.169995+00:00,2026-09-29T20:25:05.869994+00:00,2026-09-29T20:25:10+00:00,,,,,2026-09-29T20:25:06.699111+00:00,2026-09-29T20:25:06.322000+00:00,61.383,100.0,,,,,,,,,,,,,,,,,
XAG,lighter,hyperliquid,1000,2026-09-29T20:25:05+00:00,one_entry_leg_unresolved,,,16.28,61.4098,61.382,999.751544,999.2989600000001,missing_first_quote,eligible,2026-09-29T20:25:05.400000+00:00,2026-09-29T20:25:05.100000+00:00,,,,,2026-09-29T20:25:05.893667+00:00,2026-09-29T20:25:05.595000+00:00,61.382,77.33,,,,,,,,,,,,,,,,,,,,,,,,,,,,,,
XAG,lighter,hyperliquid,1000,2026-09-29T20:25:10+00:00,decision_skew,,,,,,,,,,,,,,,,,,,,,,,,,,,,,,,,,,,,,,,,,,,,,,,,,
XAG,lighter,hyperliquid,1000,2026-09-29T20:25:15+00:00,one_exit_leg_unresolved,,,16.28,61.414,61.391,999.8199200000001,999.4454800000001,eligible,eligible,2026-09-29T20:25:15.400000+00:00,2026-09-29T20:25:15.100000+00:00,2026-09-29T20:25:15.719007+00:00,2026-09-29T20:25:15.654910+00:00,61.4139,40.31,2026-09-29T20:25:15.703430+00:00,2026-09-29T20:25:15.139000+00:00,61.391,56.63,eligible,missing_first_quote,2026-09-29T20:25:21.119007+00:00,2026-09-29T20:25:20.819007+00:00,2026-09-29T20:25:25+00:00,2026-09-29T20:25:21.655159+00:00,2026-09-29T20:25:21.589282+00:00,61.4,1382.72,,,,,,,,,,,,,,,,,,,,,
XAG,lighter,hyperliquid,1000,2026-09-29T20:25:20+00:00,one_entry_leg_unresolved,,,16.28,61.4052,61.381,999.6766560000001,999.28268,eligible,missing_first_quote,2026-09-29T20:25:20.400000+00:00,2026-09-29T20:25:20.100000+00:00,2026-09-29T20:25:20.676231+00:00,2026-09-29T20:25:20.611437+00:00,61.4035,38.95,,,,,,,,,,,,,,,,,,,,,,,,,,,,,,,,,,
XAG,lighter,hyperliquid,1000,2026-09-29T20:25:25+00:00,decision_skew,,,,,,,,,,,,,,,,,,,,,,,,,,,,,,,,,,,,,,,,,,,,,,,,,
XAG,lighter,hyperliquid,1000,2026-09-29T20:25:30+00:00,one_exit_leg_unresolved,,,16.28,61.4053,61.382,999.678284,999.2989600000001,eligible,eligible,2026-09-29T20:25:30.400000+00:00,2026-09-29T20:25:30.100000+00:00,2026-09-29T20:25:30.466566+00:00,2026-09-29T20:25:30.403053+00:00,61.4048,22.54,2026-09-29T20:25:30.922539+00:00,2026-09-29T20:25:30.302000+00:00,61.382,216.82,eligible,missing_first_quote,2026-09-29T20:25:36.322539+00:00,2026-09-29T20:25:36.022539+00:00,2026-09-29T20:25:40+00:00,2026-09-29T20:25:36.395067+00:00,2026-09-29T20:25:36.324375+00:00,61.3992,18.5,,,,,,,,,,,,,,,,,,,,,
XAG,lighter,hyperliquid,1000,2026-09-29T20:25:35+00:00,one_entry_leg_unresolved,,,16.28,61.4079,61.382,999.7206120000001,999.2989600000001,eligible,missing_first_quote,2026-09-29T20:25:35.400000+00:00,2026-09-29T20:25:35.100000+00:00,2026-09-29T20:25:36.176977+00:00,2026-09-29T20:25:36.109728+00:00,61.4089,34.83,,,,,,,,,,,,,,,,,,,,,,,,,,,,,,,,,,
XAG,lighter,hyperliquid,1000,2026-09-29T20:25:40+00:00,complete_conditional_quote_path,,,16.28,61.4099,61.385,999.7531720000001,999.3478,eligible,eligible,2026-09-29T20:25:40.400000+00:00,2026-09-29T20:25:40.100000+00:00,2026-09-29T20:25:40.472687+00:00,2026-09-29T20:25:40.405032+00:00,61.4145,42.68,2026-09-29T20:25:40.911183+00:00,2026-09-29T20:25:40.510000+00:00,61.386,377.97,eligible,eligible,2026-09-29T20:25:46.311183+00:00,2026-09-29T20:25:46.011183+00:00,2026-09-29T20:25:50+00:00,2026-09-29T20:25:47.162284+00:00,2026-09-29T20:25:47.095172+00:00,61.4099,464.81,2026-09-29T20:25:46.387370+00:00,2026-09-29T20:25:46.049000+00:00,61.394,100.0,61.4145,61.386,61.4099,61.394,999.82806,999.3640800000002,-0.20512799999986897,0.179897256,"[0.0, 0.08994276720000001, 0.0, 0.0899544888]",0.49991403,1.928137882725455e-05,-3.8509146862698467,-8.851107533216224,0.43849635,0.104968,0.774913748,1.046172
XAG,lighter,hyperliquid,1000,2026-09-29T20:25:45+00:00,stale_decision,False,True,,,,,,,,,,,,,,,,,,,,,,,,,,,,,,,,,,,,,,,,,,,,,,,
XAG,lighter,hyperliquid,1000,2026-09-29T20:25:50+00:00,one_entry_leg_unresolved,,,16.28,61.408,61.39,999.72224,999.4292,eligible,missing_first_quote,2026-09-29T20:25:50.400000+00:00,2026-09-29T20:25:50.100000+00:00,2026-09-29T20:25:51.231091+00:00,2026-09-29T20:25:51.163689+00:00,61.408,17.78,,,,,,,,,,,,,,,,,,,,,,,,,,,,,,,,,,
XAG,lighter,hyperliquid,1000,2026-09-29T20:25:55+00:00,both_entry_legs_unresolved,,,16.28,61.4138,61.39,999.8166640000001,999.4292,missing_first_quote,missing_first_quote,2026-09-29T20:25:55.400000+00:00,2026-09-29T20:25:55.100000+00:00,,,,,,,,,,,,,,,,,,,,,,,,,,,,,,,,,,,,,,
XAG,lighter,hyperliquid,1000,2026-09-29T20:26:00+00:00,one_entry_leg_unresolved,,,16.28,61.4136,61.39,999.8134080000001,999.4292,eligible,missing_first_quote,2026-09-29T20:26:00.400000+00:00,2026-09-29T20:26:00.100000+00:00,2026-09-29T20:26:00.478855+00:00,2026-09-29T20:26:00.409991+00:00,61.4137,19.49,,,,,,,,,,,,,,,,,,,,,,,,,,,,,,,,,,
XAG,lighter,hyperliquid,1000,2026-09-29T20:26:05+00:00,stale_decision,True,False,,,,,,,,,,,,,,,,,,,,,,,,,,,,,,,,,,,,,,,,,,,,,,,
XAG,lighter,hyperliquid,1000,2026-09-29T20:26:10+00:00,stale_decision,True,False,,,,,,,,,,,,,,,,,,,,,,,,,,,,,,,,,,,,,,,,,,,,,,,
XAG,lighter,hyperliquid,1000,2026-09-29T20:26:15+00:00,both_entry_legs_unresolved,,,16.28,61.4225,61.397,999.9583,999.5431600000001,shallow_first_quote,missing_first_quote,2026-09-29T20:26:15.400000+00:00,2026-09-29T20:26:15.100000+00:00,2026-09-29T20:26:15.479160+00:00,2026-09-29T20:26:15.412261+00:00,61.4225,3.45,,,,,,,,,,,,,,,,,,,,,,,,,,,,,,,,,,
XAG,lighter,hyperliquid,1000,2026-09-29T20:26:20+00:00,complete_conditional_quote_path,,,16.28,61.4208,61.397,999.9306240000001,999.5431600000001,eligible,eligible,2026-09-29T20:26:20.400000+00:00,2026-09-29T20:26:20.100000+00:00,2026-09-29T20:26:20.679631+00:00,2026-09-29T20:26:20.611936+00:00,61.4208,1219.72,2026-09-29T20:26:20.615645+00:00,2026-09-29T20:26:20.286000+00:00,61.397,44.6,eligible,eligible,2026-09-29T20:26:26.079631+00:00,2026-09-29T20:26:25.779631+00:00,2026-09-29T20:26:30+00:00,2026-09-29T20:26:26.315048+00:00,2026-09-29T20:26:26.247253+00:00,61.4202,265.78,2026-09-29T20:26:26.303038+00:00,2026-09-29T20:26:25.797000+00:00,61.399,100.0,61.4208,61.397,61.4202,61.399,999.9306240000001,999.5431600000001,-0.04232800000001703,0.1799206992,"[0.0, 0.08995888440000001, 0.0, 0.0899618148]",0.4999653120000001,1.7947458045629816e-05,-2.2226411899553646,-7.222820676987914,0.063986474,0.325936,0.012009592,0.450253
XAG,lighter,hyperliquid,1000,2026-09-29T20:26:25+00:00,one_entry_leg_unresolved,,,16.28,61.4208,61.395,999.9306240000001,999.5106000000001,shallow_first_quote,eligible,2026-09-29T20:26:25.400000+00:00,2026-09-29T20:26:25.100000+00:00,2026-09-29T20:26:25.701038+00:00,2026-09-29T20:26:25.633617+00:00,61.4216,3.45,2026-09-29T20:26:25.518119+00:00,2026-09-29T20:26:25.188000+00:00,61.397,123.34,,,,,,,,,,,,,,,,,,,,,,,,,,,,,,
XAG,lighter,hyperliquid,1000,2026-09-29T20:26:30+00:00,one_entry_leg_unresolved,,,16.28,61.42,61.398,999.9176000000001,999.5594400000001,eligible,missing_first_quote,2026-09-29T20:26:30.400000+00:00,2026-09-29T20:26:30.100000+00:00,2026-09-29T20:26:31.178071+00:00,2026-09-29T20:26:31.110891+00:00,61.421,1219.72,,,,,,,,,,,,,,,,,,,,,,,,,,,,,,,,,,
XAG,lighter,hyperliquid,1000,2026-09-29T20:26:35+00:00,stale_decision,True,False,,,,,,,,,,,,,,,,,,,,,,,,,,,,,,,,,,,,,,,,,,,,,,,
XAG,lighter,hyperliquid,1000,2026-09-29T20:26:40+00:00,both_entry_legs_unresolved,,,16.28,61.4225,61.399,999.9583,999.57572,shallow_first_quote,missing_first_quote,2026-09-29T20:26:40.400000+00:00,2026-09-29T20:26:40.100000+00:00,2026-09-29T20:26:40.805022+00:00,2026-09-29T20:26:40.737938+00:00,61.4226,3.45,,,,,,,,,,,,,,,,,,,,,,,,,,,,,,,,,,
XAG,lighter,hyperliquid,1000,2026-09-29T20:26:45+00:00,decision_skew,,,,,,,,,,,,,,,,,,,,,,,,,,,,,,,,,,,,,,,,,,,,,,,,,
XAG,lighter,hyperliquid,1000,2026-09-29T20:26:50+00:00,one_entry_leg_unresolved,,,16.27,61.4275,61.403,999.425425,999.02681,eligible,missing_first_quote,2026-09-29T20:26:50.400000+00:00,2026-09-29T20:26:50.100000+00:00,2026-09-29T20:26:50.776722+00:00,2026-09-29T20:26:50.709885+00:00,61.4275,42.31,,,,,,,,,,,,,,,,,,,,,,,,,,,,,,,,,,
XAG,lighter,hyperliquid,1000,2026-09-29T20:26:55+00:00,one_entry_leg_unresolved,,,16.27,61.4263,61.403,999.405901,999.02681,missing_first_quote,eligible,2026-09-29T20:26:55.400000+00:00,2026-09-29T20:26:55.100000+00:00,,,,,2026-09-29T20:26:55.383183+00:00,2026-09-29T20:26:55.124000+00:00,61.403,157.21,,,,,,,,,,,,,,,,,,,,,,,,,,,,,,
XAG,lighter,hyperliquid,1000,2026-09-29T20:27:00+00:00,stale_decision,True,False,,,,,,,,,,,,,,,,,,,,,,,,,,,,,,,,,,,,,,,,,,,,,,,
XAG,lighter,hyperliquid,1000,2026-09-29T20:27:05+00:00,stale_decision,True,False,,,,,,,,,,,,,,,,,,,,,,,,,,,,,,,,,,,,,,,,,,,,,,,
XAG,lighter,hyperliquid,1000,2026-09-29T20:27:10+00:00,stale_decision,False,False,,,,,,,,,,,,,,,,,,,,,,,,,,,,,,,,,,,,,,,,,,,,,,,
XAG,lighter,hyperliquid,1000,2026-09-29T20:27:15+00:00,stale_decision,True,False,,,,,,,,,,,,,,,,,,,,,,,,,,,,,,,,,,,,,,,,,,,,,,,
XAG,lighter,hyperliquid,1000,2026-09-29T20:27:20+00:00,one_entry_leg_unresolved,,,16.27,61.4289,61.403,999.4482029999999,999.02681,eligible,missing_first_quote,2026-09-29T20:27:20.400000+00:00,2026-09-29T20:27:20.100000+00:00,2026-09-29T20:27:20.468986+00:00,2026-09-29T20:27:20.402005+00:00,61.4289,38.59,,,,,,,,,,,,,,,,,,,,,,,,,,,,,,,,,,
XAG,lighter,hyperliquid,1000,2026-09-29T20:27:25+00:00,stale_decision,True,False,,,,,,,,,,,,,,,,,,,,,,,,,,,,,,,,,,,,,,,,,,,,,,,
XAG,lighter,hyperliquid,1000,2026-09-29T20:27:30+00:00,one_exit_leg_unresolved,,,16.27,61.4298,61.403,999.462846,999.02681,eligible,eligible,2026-09-29T20:27:30.400000+00:00,2026-09-29T20:27:30.100000+00:00,2026-09-29T20:27:30.988235+00:00,2026-09-29T20:27:30.920323+00:00,61.4292,35.11,2026-09-29T20:27:30.974242+00:00,2026-09-29T20:27:30.713000+00:00,61.404,97.72,eligible,missing_first_quote,2026-09-29T20:27:36.388235+00:00,2026-09-29T20:27:36.088235+00:00,2026-09-29T20:27:40+00:00,2026-09-29T20:27:37.021652+00:00,2026-09-29T20:27:36.952768+00:00,61.4237,182.48,,,,,,,,,,,,,,,,,,,,,
XAG,lighter,hyperliquid,1000,2026-09-29T20:27:35+00:00,one_entry_leg_unresolved,,,16.27,61.4296,61.403,999.4595919999999,999.02681,eligible,missing_first_quote,2026-09-29T20:27:35.400000+00:00,2026-09-29T20:27:35.100000+00:00,2026-09-29T20:27:35.630187+00:00,2026-09-29T20:27:35.563488+00:00,61.4296,17.59,,,,,,,,,,,,,,,,,,,,,,,,,,,,,,,,,,
XAG,lighter,hyperliquid,1000,2026-09-29T20:27:40+00:00,stale_decision,True,False,,,,,,,,,,,,,,,,,,,,,,,,,,,,,,,,,,,,,,,,,,,,,,,
XAG,lighter,hyperliquid,1000,2026-09-29T20:27:45+00:00,stale_decision,True,False,,,,,,,,,,,,,,,,,,,,,,,,,,,,,,,,,,,,,,,,,,,,,,,
XAG,lighter,hyperliquid,1000,2026-09-29T20:27:50+00:00,stale_decision,False,False,,,,,,,,,,,,,,,,,,,,,,,,,,,,,,,,,,,,,,,,,,,,,,,
XAG,lighter,hyperliquid,1000,2026-09-29T20:27:55+00:00,one_entry_leg_unresolved,,,16.28,61.4226,61.398,999.9599280000001,999.5594400000001,shallow_first_quote,eligible,2026-09-29T20:27:55.400000+00:00,2026-09-29T20:27:55.100000+00:00,2026-09-29T20:27:55.754804+00:00,2026-09-29T20:27:55.688247+00:00,61.4226,3.45,2026-09-29T20:27:55.501331+00:00,2026-09-29T20:27:55.221000+00:00,61.4,27.13,,,,,,,,,,,,,,,,,,,,,,,,,,,,,,
XAG,lighter,hyperliquid,1000,2026-09-29T20:28:00+00:00,stale_decision,True,False,,,,,,,,,,,,,,,,,,,,,,,,,,,,,,,,,,,,,,,,,,,,,,,
XAG,lighter,hyperliquid,1000,2026-09-29T20:28:05+00:00,decision_skew,,,,,,,,,,,,,,,,,,,,,,,,,,,,,,,,,,,,,,,,,,,,,,,,,
XAG,lighter,hyperliquid,1000,2026-09-29T20:28:10+00:00,stale_decision,False,False,,,,,,,,,,,,,,,,,,,,,,,,,,,,,,,,,,,,,,,,,,,,,,,
XAG,lighter,hyperliquid,1000,2026-09-29T20:28:15+00:00,stale_decision,True,False,,,,,,,,,,,,,,,,,,,,,,,,,,,,,,,,,,,,,,,,,,,,,,,
XAG,lighter,hyperliquid,1000,2026-09-29T20:28:20+00:00,one_entry_leg_unresolved,,,16.27,61.4269,61.402,999.415663,999.01054,eligible,missing_first_quote,2026-09-29T20:28:20.400000+00:00,2026-09-29T20:28:20.100000+00:00,2026-09-29T20:28:21.190483+00:00,2026-09-29T20:28:21.123933+00:00,61.4269,39.77,,,,,,,,,,,,,,,,,,,,,,,,,,,,,,,,,,
XAG,lighter,hyperliquid,1000,2026-09-29T20:28:25+00:00,stale_decision,False,True,,,,,,,,,,,,,,,,,,,,,,,,,,,,,,,,,,,,,,,,,,,,,,,
XAG,lighter,hyperliquid,1000,2026-09-29T20:28:30+00:00,one_entry_leg_unresolved,,,16.28,61.4215,61.393,999.9420200000001,999.4780400000001,shallow_first_quote,eligible,2026-09-29T20:28:30.400000+00:00,2026-09-29T20:28:30.100000+00:00,2026-09-29T20:28:31.090386+00:00,2026-09-29T20:28:31.018766+00:00,61.4215,3.45,2026-09-29T20:28:30.534059+00:00,2026-09-29T20:28:30.204000+00:00,61.393,80.24,,,,,,,,,,,,,,,,,,,,,,,,,,,,,,
XAG,lighter,hyperliquid,1000,2026-09-29T20:28:35+00:00,one_entry_leg_unresolved,,,16.28,61.4207,61.394,999.928996,999.49432,shallow_first_quote,eligible,2026-09-29T20:28:35.400000+00:00,2026-09-29T20:28:35.100000+00:00,2026-09-29T20:28:35.589885+00:00,2026-09-29T20:28:35.520731+00:00,61.4207,3.45,2026-09-29T20:28:35.637813+00:00,2026-09-29T20:28:35.345000+00:00,61.394,154.62,,,,,,,,,,,,,,,,,,,,,,,,,,,,,,
XAG,lighter,hyperliquid,1000,2026-09-29T20:28:40+00:00,one_entry_leg_unresolved,,,16.27,61.4268,61.403,999.414036,999.02681,eligible,shallow_first_quote,2026-09-29T20:28:40.400000+00:00,2026-09-29T20:28:40.100000+00:00,2026-09-29T20:28:40.803265+00:00,2026-09-29T20:28:40.736845+00:00,61.4289,1219.72,2026-09-29T20:28:40.778952+00:00,2026-09-29T20:28:40.499000+00:00,61.403,4.32,,,,,,,,,,,,,,,,,,,,,,,,,,,,,,
XAG,lighter,hyperliquid,1000,2026-09-29T20:28:45+00:00,stale_decision,False,True,,,,,,,,,,,,,,,,,,,,,,,,,,,,,,,,,,,,,,,,,,,,,,,
XAG,lighter,hyperliquid,1000,2026-09-29T20:28:50+00:00,stale_decision,True,False,,,,,,,,,,,,,,,,,,,,,,,,,,,,,,,,,,,,,,,,,,,,,,,
XAG,lighter,hyperliquid,1000,2026-09-29T20:28:55+00:00,stale_decision,True,False,,,,,,,,,,,,,,,,,,,,,,,,,,,,,,,,,,,,,,,,,,,,,,,
XAG,lighter,hyperliquid,1000,2026-09-29T20:29:00+00:00,decision_skew,,,,,,,,,,,,,,,,,,,,,,,,,,,,,,,,,,,,,,,,,,,,,,,,,
XAG,lighter,hyperliquid,1000,2026-09-29T20:29:05+00:00,stale_decision,False,True,,,,,,,,,,,,,,,,,,,,,,,,,,,,,,,,,,,,,,,,,,,,,,,
XAG,lighter,hyperliquid,1000,2026-09-29T20:29:10+00:00,one_entry_leg_unresolved,,,16.27,61.449,61.424,999.77523,999.36848,eligible,shallow_first_quote,2026-09-29T20:29:10.400000+00:00,2026-09-29T20:29:10.100000+00:00,2026-09-29T20:29:10.496524+00:00,2026-09-29T20:29:10.429552+00:00,61.4481,301.81,2026-09-29T20:29:10.478495+00:00,2026-09-29T20:29:10.186000+00:00,61.426,1.63,,,,,,,,,,,,,,,,,,,,,,,,,,,,,,
XAG,lighter,hyperliquid,1000,2026-09-29T20:29:15+00:00,decision_skew,,,,,,,,,,,,,,,,,,,,,,,,,,,,,,,,,,,,,,,,,,,,,,,,,
XAG,lighter,hyperliquid,1000,2026-09-29T20:29:20+00:00,stale_decision,True,False,,,,,,,,,,,,,,,,,,,,,,,,,,,,,,,,,,,,,,,,,,,,,,,
XAG,lighter,hyperliquid,1000,2026-09-29T20:29:25+00:00,stale_decision,True,False,,,,,,,,,,,,,,,,,,,,,,,,,,,,,,,,,,,,,,,,,,,,,,,
XAG,lighter,hyperliquid,1000,2026-09-29T20:29:30+00:00,one_entry_leg_unresolved,,,16.27,61.4458,61.424,999.723166,999.36848,eligible,missing_first_quote,2026-09-29T20:29:30.400000+00:00,2026-09-29T20:29:30.100000+00:00,2026-09-29T20:29:31.064607+00:00,2026-09-29T20:29:31.000405+00:00,61.4419,38.48,,,,,,,,,,,,,,,,,,,,,,,,,,,,,,,,,,
XAG,lighter,hyperliquid,1000,2026-09-29T20:29:35+00:00,one_exit_leg_unresolved,,,16.27,61.441,61.423,999.64507,999.35221,eligible,eligible,2026-09-29T20:29:35.400000+00:00,2026-09-29T20:29:35.100000+00:00,2026-09-29T20:29:35.533777+00:00,2026-09-29T20:29:35.470292+00:00,61.441,163.0,2026-09-29T20:29:35.510292+00:00,2026-09-29T20:29:35.241000+00:00,61.414,27.63,eligible,missing_first_quote,2026-09-29T20:29:40.933777+00:00,2026-09-29T20:29:40.633777+00:00,2026-09-29T20:29:45+00:00,2026-09-29T20:29:41.423045+00:00,2026-09-29T20:29:41.358921+00:00,61.4324,464.81,,,,,,,,,,,,,,,,,,,,,
XAG,lighter,hyperliquid,1000,2026-09-29T20:29:40+00:00,decision_skew,,,,,,,,,,,,,,,,,,,,,,,,,,,,,,,,,,,,,,,,,,,,,,,,,
XAG,lighter,hyperliquid,1000,2026-09-29T20:29:45+00:00,one_entry_leg_unresolved,,,16.27,61.4393,61.413,999.6174110000001,999.1895099999999,eligible,missing_first_quote,2026-09-29T20:29:45.400000+00:00,2026-09-29T20:29:45.100000+00:00,2026-09-29T20:29:45.494440+00:00,2026-09-29T20:29:45.430545+00:00,61.4375,37.4,,,,,,,,,,,,,,,,,,,,,,,,,,,,,,,,,,
XAG,lighter,hyperliquid,1000,2026-09-29T20:29:50+00:00,both_exit_legs_unresolved,,,16.27,61.4393,61.412,999.6174110000001,999.17324,eligible,eligible,2026-09-29T20:29:50.400000+00:00,2026-09-29T20:29:50.100000+00:00,2026-09-29T20:29:50.463490+00:00,2026-09-29T20:29:50.400284+00:00,61.4393,41.2,2026-09-29T20:29:50.581776+00:00,2026-09-29T20:29:50.325000+00:00,61.412,36.41,terminal_capture,missing_first_quote,2026-09-29T20:29:55.981776+00:00,2026-09-29T20:29:55.681776+00:00,2026-09-29T20:30:00+00:00,,,,,,,,,,,,,,,,,,,,,,,,,
XAG,hyperliquid,rh_lighter,100,2026-09-29T20:23:00+00:00,stale_decision,True,False,,,,,,,,,,,,,,,,,,,,,,,,,,,,,,,,,,,,,,,,,,,,,,,
XAG,hyperliquid,rh_lighter,100,2026-09-29T20:23:05+00:00,stale_decision,True,False,,,,,,,,,,,,,,,,,,,,,,,,,,,,,,,,,,,,,,,,,,,,,,,
XAG,hyperliquid,rh_lighter,100,2026-09-29T20:23:10+00:00,stale_decision,False,False,,,,,,,,,,,,,,,,,,,,,,,,,,,,,,,,,,,,,,,,,,,,,,,
XAG,hyperliquid,rh_lighter,100,2026-09-29T20:23:15+00:00,stale_decision,False,False,,,,,,,,,,,,,,,,,,,,,,,,,,,,,,,,,,,,,,,,,,,,,,,
XAG,hyperliquid,rh_lighter,100,2026-09-29T20:23:20+00:00,stale_decision,True,False,,,,,,,,,,,,,,,,,,,,,,,,,,,,,,,,,,,,,,,,,,,,,,,
XAG,hyperliquid,rh_lighter,100,2026-09-29T20:23:25+00:00,both_exit_legs_unresolved,,,1.62,61.384,61.4393,99.44208,99.53166600000002,eligible,eligible,2026-09-29T20:23:25.100000+00:00,2026-09-29T20:23:25.400000+00:00,2026-09-29T20:23:25.450641+00:00,2026-09-29T20:23:25.168000+00:00,61.382,144.76,2026-09-29T20:23:26.100909+00:00,2026-09-29T20:23:26.034161+00:00,61.4387,8.13,missing_first_quote,missing_first_quote,2026-09-29T20:23:31.200909+00:00,2026-09-29T20:23:31.500909+00:00,2026-09-29T20:23:35+00:00,,,,,,,,,,,,,,,,,,,,,,,,,
XAG,hyperliquid,rh_lighter,100,2026-09-29T20:23:30+00:00,stale_decision,False,False,,,,,,,,,,,,,,,,,,,,,,,,,,,,,,,,,,,,,,,,,,,,,,,
XAG,hyperliquid,rh_lighter,100,2026-09-29T20:23:35+00:00,stale_decision,True,False,,,,,,,,,,,,,,,,,,,,,,,,,,,,,,,,,,,,,,,,,,,,,,,
XAG,hyperliquid,rh_lighter,100,2026-09-29T20:23:40+00:00,stale_decision,False,False,,,,,,,,,,,,,,,,,,,,,,,,,,,,,,,,,,,,,,,,,,,,,,,
XAG,hyperliquid,rh_lighter,100,2026-09-29T20:23:45+00:00,stale_decision,True,False,,,,,,,,,,,,,,,,,,,,,,,,,,,,,,,,,,,,,,,,,,,,,,,
XAG,hyperliquid,rh_lighter,100,2026-09-29T20:23:50+00:00,decision_skew,,,,,,,,,,,,,,,,,,,,,,,,,,,,,,,,,,,,,,,,,,,,,,,,,
XAG,hyperliquid,rh_lighter,100,2026-09-29T20:23:55+00:00,stale_decision,True,False,,,,,,,,,,,,,,,,,,,,,,,,,,,,,,,,,,,,,,,,,,,,,,,
XAG,hyperliquid,rh_lighter,100,2026-09-29T20:24:00+00:00,stale_decision,True,False,,,,,,,,,,,,,,,,,,,,,,,,,,,,,,,,,,,,,,,,,,,,,,,
XAG,hyperliquid,rh_lighter,100,2026-09-29T20:24:05+00:00,stale_decision,True,False,,,,,,,,,,,,,,,,,,,,,,,,,,,,,,,,,,,,,,,,,,,,,,,
XAG,hyperliquid,rh_lighter,100,2026-09-29T20:24:10+00:00,stale_decision,False,False,,,,,,,,,,,,,,,,,,,,,,,,,,,,,,,,,,,,,,,,,,,,,,,
XAG,hyperliquid,rh_lighter,100,2026-09-29T20:24:15+00:00,stale_decision,True,False,,,,,,,,,,,,,,,,,,,,,,,,,,,,,,,,,,,,,,,,,,,,,,,
XAG,hyperliquid,rh_lighter,100,2026-09-29T20:24:20+00:00,one_entry_leg_unresolved,,,1.62,61.384,61.4281,99.44208,99.51352200000001,eligible,missing_first_quote,2026-09-29T20:24:20.100000+00:00,2026-09-29T20:24:20.400000+00:00,2026-09-29T20:24:20.474078+00:00,2026-09-29T20:24:20.124000+00:00,61.383,2463.23,,,,,,,,,,,,,,,,,,,,,,,,,,,,,,,,,,
XAG,hyperliquid,rh_lighter,100,2026-09-29T20:24:25+00:00,stale_decision,True,False,,,,,,,,,,,,,,,,,,,,,,,,,,,,,,,,,,,,,,,,,,,,,,,
XAG,hyperliquid,rh_lighter,100,2026-09-29T20:24:30+00:00,stale_decision,True,False,,,,,,,,,,,,,,,,,,,,,,,,,,,,,,,,,,,,,,,,,,,,,,,
XAG,hyperliquid,rh_lighter,100,2026-09-29T20:24:35+00:00,one_entry_leg_unresolved,,,1.62,61.372,61.4281,99.42264,99.51352200000001,eligible,missing_first_quote,2026-09-29T20:24:35.100000+00:00,2026-09-29T20:24:35.400000+00:00,2026-09-29T20:24:35.715949+00:00,2026-09-29T20:24:35.427000+00:00,61.371,100.0,,,,,,,,,,,,,,,,,,,,,,,,,,,,,,,,,,
XAG,hyperliquid,rh_lighter,100,2026-09-29T20:24:40+00:00,stale_decision,False,False,,,,,,,,,,,,,,,,,,,,,,,,,,,,,,,,,,,,,,,,,,,,,,,
XAG,hyperliquid,rh_lighter,100,2026-09-29T20:24:45+00:00,stale_decision,True,False,,,,,,,,,,,,,,,,,,,,,,,,,,,,,,,,,,,,,,,,,,,,,,,
XAG,hyperliquid,rh_lighter,100,2026-09-29T20:24:50+00:00,decision_skew,,,,,,,,,,,,,,,,,,,,,,,,,,,,,,,,,,,,,,,,,,,,,,,,,
XAG,hyperliquid,rh_lighter,100,2026-09-29T20:24:55+00:00,stale_decision,True,False,,,,,,,,,,,,,,,,,,,,,,,,,,,,,,,,,,,,,,,,,,,,,,,
XAG,hyperliquid,rh_lighter,100,2026-09-29T20:25:00+00:00,one_entry_leg_unresolved,,,1.62,61.379,61.4366,99.43398,99.527292,eligible,missing_first_quote,2026-09-29T20:25:00.100000+00:00,2026-09-29T20:25:00.400000+00:00,2026-09-29T20:25:00.769994+00:00,2026-09-29T20:25:00.352000+00:00,61.383,45.7,,,,,,,,,,,,,,,,,,,,,,,,,,,,,,,,,,
XAG,hyperliquid,rh_lighter,100,2026-09-29T20:25:05+00:00,stale_decision,True,False,,,,,,,,,,,,,,,,,,,,,,,,,,,,,,,,,,,,,,,,,,,,,,,
XAG,hyperliquid,rh_lighter,100,2026-09-29T20:25:10+00:00,stale_decision,True,False,,,,,,,,,,,,,,,,,,,,,,,,,,,,,,,,,,,,,,,,,,,,,,,
XAG,hyperliquid,rh_lighter,100,2026-09-29T20:25:15+00:00,decision_skew,,,,,,,,,,,,,,,,,,,,,,,,,,,,,,,,,,,,,,,,,,,,,,,,,
XAG,hyperliquid,rh_lighter,100,2026-09-29T20:25:20+00:00,one_entry_leg_unresolved,,,1.62,61.382,61.4367,99.43884,99.527454,missing_first_quote,eligible,2026-09-29T20:25:20.100000+00:00,2026-09-29T20:25:20.400000+00:00,,,,,2026-09-29T20:25:20.963959+00:00,2026-09-29T20:25:20.888612+00:00,61.4367,171.8,,,,,,,,,,,,,,,,,,,,,,,,,,,,,,
XAG,hyperliquid,rh_lighter,100,2026-09-29T20:25:25+00:00,decision_skew,,,,,,,,,,,,,,,,,,,,,,,,,,,,,,,,,,,,,,,,,,,,,,,,,
XAG,hyperliquid,rh_lighter,100,2026-09-29T20:25:30+00:00,stale_decision,True,False,,,,,,,,,,,,,,,,,,,,,,,,,,,,,,,,,,,,,,,,,,,,,,,
XAG,hyperliquid,rh_lighter,100,2026-09-29T20:25:35+00:00,one_entry_leg_unresolved,,,1.62,61.383,61.4368,99.44046000000002,99.52761600000001,missing_first_quote,eligible,2026-09-29T20:25:35.100000+00:00,2026-09-29T20:25:35.400000+00:00,,,,,2026-09-29T20:25:36.396446+00:00,2026-09-29T20:25:36.322273+00:00,61.4368,697.43,,,,,,,,,,,,,,,,,,,,,,,,,,,,,,
XAG,hyperliquid,rh_lighter,100,2026-09-29T20:25:40+00:00,one_entry_leg_unresolved,,,1.62,61.387,61.4368,99.44694000000001,99.52761600000001,eligible,missing_first_quote,2026-09-29T20:25:40.100000+00:00,2026-09-29T20:25:40.400000+00:00,2026-09-29T20:25:40.911183+00:00,2026-09-29T20:25:40.510000+00:00,61.387,100.0,,,,,,,,,,,,,,,,,,,,,,,,,,,,,,,,,,
XAG,hyperliquid,rh_lighter,100,2026-09-29T20:25:45+00:00,stale_decision,True,False,,,,,,,,,,,,,,,,,,,,,,,,,,,,,,,,,,,,,,,,,,,,,,,
XAG,hyperliquid,rh_lighter,100,2026-09-29T20:25:50+00:00,decision_skew,,,,,,,,,,,,,,,,,,,,,,,,,,,,,,,,,,,,,,,,,,,,,,,,,
XAG,hyperliquid,rh_lighter,100,2026-09-29T20:25:55+00:00,both_entry_legs_unresolved,,,1.62,61.391,61.4382,99.45342000000001,99.52988400000001,missing_first_quote,missing_first_quote,2026-09-29T20:25:55.100000+00:00,2026-09-29T20:25:55.400000+00:00,,,,,,,,,,,,,,,,,,,,,,,,,,,,,,,,,,,,,,
XAG,hyperliquid,rh_lighter,100,2026-09-29T20:26:00+00:00,one_entry_leg_unresolved,,,1.62,61.391,61.4381,99.45342000000001,99.529722,missing_first_quote,eligible,2026-09-29T20:26:00.100000+00:00,2026-09-29T20:26:00.400000+00:00,,,,,2026-09-29T20:26:00.497823+00:00,2026-09-29T20:26:00.432555+00:00,61.4448,697.42,,,,,,,,,,,,,,,,,,,,,,,,,,,,,,
XAG,hyperliquid,rh_lighter,100,2026-09-29T20:26:05+00:00,stale_decision,False,False,,,,,,,,,,,,,,,,,,,,,,,,,,,,,,,,,,,,,,,,,,,,,,,
XAG,hyperliquid,rh_lighter,100,2026-09-29T20:26:10+00:00,stale_decision,False,True,,,,,,,,,,,,,,,,,,,,,,,,,,,,,,,,,,,,,,,,,,,,,,,
XAG,hyperliquid,rh_lighter,100,2026-09-29T20:26:15+00:00,both_entry_legs_unresolved,,,1.62,61.398,61.4466,99.46476000000001,99.543492,missing_first_quote,missing_first_quote,2026-09-29T20:26:15.100000+00:00,2026-09-29T20:26:15.400000+00:00,,,,,,,,,,,,,,,,,,,,,,,,,,,,,,,,,,,,,,
XAG,hyperliquid,rh_lighter,100,2026-09-29T20:26:20+00:00,one_entry_leg_unresolved,,,1.62,61.398,61.4468,99.46476000000001,99.543816,eligible,missing_first_quote,2026-09-29T20:26:20.100000+00:00,2026-09-29T20:26:20.400000+00:00,2026-09-29T20:26:20.615645+00:00,2026-09-29T20:26:20.286000+00:00,61.398,1431.82,,,,,,,,,,,,,,,,,,,,,,,,,,,,,,,,,,
XAG,hyperliquid,rh_lighter,100,2026-09-29T20:26:25+00:00,one_entry_leg_unresolved,,,1.62,61.398,61.4532,99.46476000000001,99.554184,eligible,missing_first_quote,2026-09-29T20:26:25.100000+00:00,2026-09-29T20:26:25.400000+00:00,2026-09-29T20:26:25.518119+00:00,2026-09-29T20:26:25.188000+00:00,61.4,1313.61,,,,,,,,,,,,,,,,,,,,,,,,,,,,,,,,,,
XAG,hyperliquid,rh_lighter,100,2026-09-29T20:26:30+00:00,one_entry_leg_unresolved,,,1.62,61.399,61.4532,99.46638000000002,99.554184,missing_first_quote,eligible,2026-09-29T20:26:30.100000+00:00,2026-09-29T20:26:30.400000+00:00,,,,,2026-09-29T20:26:30.609977+00:00,2026-09-29T20:26:30.543911+00:00,61.4532,697.36,,,,,,,,,,,,,,,,,,,,,,,,,,,,,,
XAG,hyperliquid,rh_lighter,100,2026-09-29T20:26:35+00:00,stale_decision,False,False,,,,,,,,,,,,,,,,,,,,,,,,,,,,,,,,,,,,,,,,,,,,,,,
XAG,hyperliquid,rh_lighter,100,2026-09-29T20:26:40+00:00,both_entry_legs_unresolved,,,1.62,61.4,61.4532,99.468,99.554184,missing_first_quote,missing_first_quote,2026-09-29T20:26:40.100000+00:00,2026-09-29T20:26:40.400000+00:00,,,,,,,,,,,,,,,,,,,,,,,,,,,,,,,,,,,,,,
XAG,hyperliquid,rh_lighter,100,2026-09-29T20:26:45+00:00,decision_skew,,,,,,,,,,,,,,,,,,,,,,,,,,,,,,,,,,,,,,,,,,,,,,,,,
XAG,hyperliquid,rh_lighter,100,2026-09-29T20:26:50+00:00,stale_decision,True,False,,,,,,,,,,,,,,,,,,,,,,,,,,,,,,,,,,,,,,,,,,,,,,,
XAG,hyperliquid,rh_lighter,100,2026-09-29T20:26:55+00:00,one_entry_leg_unresolved,,,1.62,61.405,61.457,99.4761,99.56034000000001,eligible,missing_first_quote,2026-09-29T20:26:55.100000+00:00,2026-09-29T20:26:55.400000+00:00,2026-09-29T20:26:55.383183+00:00,2026-09-29T20:26:55.124000+00:00,61.404,127.32,,,,,,,,,,,,,,,,,,,,,,,,,,,,,,,,,,
XAG,hyperliquid,rh_lighter,100,2026-09-29T20:27:00+00:00,stale_decision,False,True,,,,,,,,,,,,,,,,,,,,,,,,,,,,,,,,,,,,,,,,,,,,,,,
XAG,hyperliquid,rh_lighter,100,2026-09-29T20:27:05+00:00,stale_decision,False,False,,,,,,,,,,,,,,,,,,,,,,,,,,,,,,,,,,,,,,,,,,,,,,,
XAG,hyperliquid,rh_lighter,100,2026-09-29T20:27:10+00:00,stale_decision,False,False,,,,,,,,,,,,,,,,,,,,,,,,,,,,,,,,,,,,,,,,,,,,,,,
XAG,hyperliquid,rh_lighter,100,2026-09-29T20:27:15+00:00,stale_decision,False,False,,,,,,,,,,,,,,,,,,,,,,,,,,,,,,,,,,,,,,,,,,,,,,,
XAG,hyperliquid,rh_lighter,100,2026-09-29T20:27:20+00:00,both_entry_legs_unresolved,,,1.62,61.404,61.4574,99.47448000000001,99.56098800000001,missing_first_quote,missing_first_quote,2026-09-29T20:27:20.100000+00:00,2026-09-29T20:27:20.400000+00:00,,,,,,,,,,,,,,,,,,,,,,,,,,,,,,,,,,,,,,
XAG,hyperliquid,rh_lighter,100,2026-09-29T20:27:25+00:00,stale_decision,False,False,,,,,,,,,,,,,,,,,,,,,,,,,,,,,,,,,,,,,,,,,,,,,,,
XAG,hyperliquid,rh_lighter,100,2026-09-29T20:27:30+00:00,stale_decision,True,False,,,,,,,,,,,,,,,,,,,,,,,,,,,,,,,,,,,,,,,,,,,,,,,
XAG,hyperliquid,rh_lighter,100,2026-09-29T20:27:35+00:00,stale_decision,True,False,,,,,,,,,,,,,,,,,,,,,,,,,,,,,,,,,,,,,,,,,,,,,,,
XAG,hyperliquid,rh_lighter,100,2026-09-29T20:27:40+00:00,stale_decision,False,False,,,,,,,,,,,,,,,,,,,,,,,,,,,,,,,,,,,,,,,,,,,,,,,
XAG,hyperliquid,rh_lighter,100,2026-09-29T20:27:45+00:00,stale_decision,False,True,,,,,,,,,,,,,,,,,,,,,,,,,,,,,,,,,,,,,,,,,,,,,,,
XAG,hyperliquid,rh_lighter,100,2026-09-29T20:27:50+00:00,stale_decision,False,False,,,,,,,,,,,,,,,,,,,,,,,,,,,,,,,,,,,,,,,,,,,,,,,
XAG,hyperliquid,rh_lighter,100,2026-09-29T20:27:55+00:00,stale_decision,True,False,,,,,,,,,,,,,,,,,,,,,,,,,,,,,,,,,,,,,,,,,,,,,,,
XAG,hyperliquid,rh_lighter,100,2026-09-29T20:28:00+00:00,stale_decision,False,False,,,,,,,,,,,,,,,,,,,,,,,,,,,,,,,,,,,,,,,,,,,,,,,
XAG,hyperliquid,rh_lighter,100,2026-09-29T20:28:05+00:00,decision_skew,,,,,,,,,,,,,,,,,,,,,,,,,,,,,,,,,,,,,,,,,,,,,,,,,
XAG,hyperliquid,rh_lighter,100,2026-09-29T20:28:10+00:00,stale_decision,False,False,,,,,,,,,,,,,,,,,,,,,,,,,,,,,,,,,,,,,,,,,,,,,,,
XAG,hyperliquid,rh_lighter,100,2026-09-29T20:28:15+00:00,stale_decision,False,False,,,,,,,,,,,,,,,,,,,,,,,,,,,,,,,,,,,,,,,,,,,,,,,
XAG,hyperliquid,rh_lighter,100,2026-09-29T20:28:20+00:00,stale_decision,True,False,,,,,,,,,,,,,,,,,,,,,,,,,,,,,,,,,,,,,,,,,,,,,,,
XAG,hyperliquid,rh_lighter,100,2026-09-29T20:28:25+00:00,stale_decision,True,False,,,,,,,,,,,,,,,,,,,,,,,,,,,,,,,,,,,,,,,,,,,,,,,
XAG,hyperliquid,rh_lighter,100,2026-09-29T20:28:30+00:00,stale_decision,True,False,,,,,,,,,,,,,,,,,,,,,,,,,,,,,,,,,,,,,,,,,,,,,,,
XAG,hyperliquid,rh_lighter,100,2026-09-29T20:28:35+00:00,stale_decision,True,False,,,,,,,,,,,,,,,,,,,,,,,,,,,,,,,,,,,,,,,,,,,,,,,
XAG,hyperliquid,rh_lighter,100,2026-09-29T20:28:40+00:00,stale_decision,True,False,,,,,,,,,,,,,,,,,,,,,,,,,,,,,,,,,,,,,,,,,,,,,,,
XAG,hyperliquid,rh_lighter,100,2026-09-29T20:28:45+00:00,stale_decision,True,False,,,,,,,,,,,,,,,,,,,,,,,,,,,,,,,,,,,,,,,,,,,,,,,
XAG,hyperliquid,rh_lighter,100,2026-09-29T20:28:50+00:00,stale_decision,False,True,,,,,,,,,,,,,,,,,,,,,,,,,,,,,,,,,,,,,,,,,,,,,,,
XAG,hyperliquid,rh_lighter,100,2026-09-29T20:28:55+00:00,stale_decision,False,False,,,,,,,,,,,,,,,,,,,,,,,,,,,,,,,,,,,,,,,,,,,,,,,
XAG,hyperliquid,rh_lighter,100,2026-09-29T20:29:00+00:00,stale_decision,True,False,,,,,,,,,,,,,,,,,,,,,,,,,,,,,,,,,,,,,,,,,,,,,,,
XAG,hyperliquid,rh_lighter,100,2026-09-29T20:29:05+00:00,decision_skew,,,,,,,,,,,,,,,,,,,,,,,,,,,,,,,,,,,,,,,,,,,,,,,,,
XAG,hyperliquid,rh_lighter,100,2026-09-29T20:29:10+00:00,decision_skew,,,,,,,,,,,,,,,,,,,,,,,,,,,,,,,,,,,,,,,,,,,,,,,,,
XAG,hyperliquid,rh_lighter,100,2026-09-29T20:29:15+00:00,stale_decision,True,False,,,,,,,,,,,,,,,,,,,,,,,,,,,,,,,,,,,,,,,,,,,,,,,
XAG,hyperliquid,rh_lighter,100,2026-09-29T20:29:20+00:00,stale_decision,False,True,,,,,,,,,,,,,,,,,,,,,,,,,,,,,,,,,,,,,,,,,,,,,,,
XAG,hyperliquid,rh_lighter,100,2026-09-29T20:29:25+00:00,stale_decision,False,False,,,,,,,,,,,,,,,,,,,,,,,,,,,,,,,,,,,,,,,,,,,,,,,
XAG,hyperliquid,rh_lighter,100,2026-09-29T20:29:30+00:00,stale_decision,True,False,,,,,,,,,,,,,,,,,,,,,,,,,,,,,,,,,,,,,,,,,,,,,,,
XAG,hyperliquid,rh_lighter,100,2026-09-29T20:29:35+00:00,one_entry_leg_unresolved,,,1.62,61.424,61.4705,99.50688000000001,99.58221,eligible,missing_first_quote,2026-09-29T20:29:35.100000+00:00,2026-09-29T20:29:35.400000+00:00,2026-09-29T20:29:35.510292+00:00,2026-09-29T20:29:35.241000+00:00,61.417,44.38,,,,,,,,,,,,,,,,,,,,,,,,,,,,,,,,,,
XAG,hyperliquid,rh_lighter,100,2026-09-29T20:29:40+00:00,decision_skew,,,,,,,,,,,,,,,,,,,,,,,,,,,,,,,,,,,,,,,,,,,,,,,,,
XAG,hyperliquid,rh_lighter,100,2026-09-29T20:29:45+00:00,stale_decision,True,False,,,,,,,,,,,,,,,,,,,,,,,,,,,,,,,,,,,,,,,,,,,,,,,
XAG,hyperliquid,rh_lighter,100,2026-09-29T20:29:50+00:00,stale_decision,True,False,,,,,,,,,,,,,,,,,,,,,,,,,,,,,,,,,,,,,,,,,,,,,,,
XAG,hyperliquid,rh_lighter,250,2026-09-29T20:23:00+00:00,stale_decision,True,False,,,,,,,,,,,,,,,,,,,,,,,,,,,,,,,,,,,,,,,,,,,,,,,
XAG,hyperliquid,rh_lighter,250,2026-09-29T20:23:05+00:00,stale_decision,True,False,,,,,,,,,,,,,,,,,,,,,,,,,,,,,,,,,,,,,,,,,,,,,,,
XAG,hyperliquid,rh_lighter,250,2026-09-29T20:23:10+00:00,stale_decision,False,False,,,,,,,,,,,,,,,,,,,,,,,,,,,,,,,,,,,,,,,,,,,,,,,
XAG,hyperliquid,rh_lighter,250,2026-09-29T20:23:15+00:00,stale_decision,False,False,,,,,,,,,,,,,,,,,,,,,,,,,,,,,,,,,,,,,,,,,,,,,,,
XAG,hyperliquid,rh_lighter,250,2026-09-29T20:23:20+00:00,stale_decision,True,False,,,,,,,,,,,,,,,,,,,,,,,,,,,,,,,,,,,,,,,,,,,,,,,
XAG,hyperliquid,rh_lighter,250,2026-09-29T20:23:25+00:00,both_exit_legs_unresolved,,,4.07,61.384,61.4393,249.83288000000002,250.05795100000003,eligible,eligible,2026-09-29T20:23:25.100000+00:00,2026-09-29T20:23:25.400000+00:00,2026-09-29T20:23:25.450641+00:00,2026-09-29T20:23:25.168000+00:00,61.382,144.76,2026-09-29T20:23:26.100909+00:00,2026-09-29T20:23:26.034161+00:00,61.4387,8.13,missing_first_quote,missing_first_quote,2026-09-29T20:23:31.200909+00:00,2026-09-29T20:23:31.500909+00:00,2026-09-29T20:23:35+00:00,,,,,,,,,,,,,,,,,,,,,,,,,
XAG,hyperliquid,rh_lighter,250,2026-09-29T20:23:30+00:00,stale_decision,False,False,,,,,,,,,,,,,,,,,,,,,,,,,,,,,,,,,,,,,,,,,,,,,,,
XAG,hyperliquid,rh_lighter,250,2026-09-29T20:23:35+00:00,stale_decision,True,False,,,,,,,,,,,,,,,,,,,,,,,,,,,,,,,,,,,,,,,,,,,,,,,
XAG,hyperliquid,rh_lighter,250,2026-09-29T20:23:40+00:00,stale_decision,False,False,,,,,,,,,,,,,,,,,,,,,,,,,,,,,,,,,,,,,,,,,,,,,,,
XAG,hyperliquid,rh_lighter,250,2026-09-29T20:23:45+00:00,stale_decision,True,False,,,,,,,,,,,,,,,,,,,,,,,,,,,,,,,,,,,,,,,,,,,,,,,
XAG,hyperliquid,rh_lighter,250,2026-09-29T20:23:50+00:00,decision_skew,,,,,,,,,,,,,,,,,,,,,,,,,,,,,,,,,,,,,,,,,,,,,,,,,
XAG,hyperliquid,rh_lighter,250,2026-09-29T20:23:55+00:00,stale_decision,True,False,,,,,,,,,,,,,,,,,,,,,,,,,,,,,,,,,,,,,,,,,,,,,,,
XAG,hyperliquid,rh_lighter,250,2026-09-29T20:24:00+00:00,stale_decision,True,False,,,,,,,,,,,,,,,,,,,,,,,,,,,,,,,,,,,,,,,,,,,,,,,
XAG,hyperliquid,rh_lighter,250,2026-09-29T20:24:05+00:00,stale_decision,True,False,,,,,,,,,,,,,,,,,,,,,,,,,,,,,,,,,,,,,,,,,,,,,,,
XAG,hyperliquid,rh_lighter,250,2026-09-29T20:24:10+00:00,stale_decision,False,False,,,,,,,,,,,,,,,,,,,,,,,,,,,,,,,,,,,,,,,,,,,,,,,
XAG,hyperliquid,rh_lighter,250,2026-09-29T20:24:15+00:00,stale_decision,True,False,,,,,,,,,,,,,,,,,,,,,,,,,,,,,,,,,,,,,,,,,,,,,,,
XAG,hyperliquid,rh_lighter,250,2026-09-29T20:24:20+00:00,one_entry_leg_unresolved,,,4.07,61.384,61.4281,249.83288000000002,250.012367,eligible,missing_first_quote,2026-09-29T20:24:20.100000+00:00,2026-09-29T20:24:20.400000+00:00,2026-09-29T20:24:20.474078+00:00,2026-09-29T20:24:20.124000+00:00,61.383,2463.23,,,,,,,,,,,,,,,,,,,,,,,,,,,,,,,,,,
XAG,hyperliquid,rh_lighter,250,2026-09-29T20:24:25+00:00,stale_decision,True,False,,,,,,,,,,,,,,,,,,,,,,,,,,,,,,,,,,,,,,,,,,,,,,,
XAG,hyperliquid,rh_lighter,250,2026-09-29T20:24:30+00:00,stale_decision,True,False,,,,,,,,,,,,,,,,,,,,,,,,,,,,,,,,,,,,,,,,,,,,,,,
XAG,hyperliquid,rh_lighter,250,2026-09-29T20:24:35+00:00,one_entry_leg_unresolved,,,4.07,61.372,61.4281,249.78404,250.012367,eligible,missing_first_quote,2026-09-29T20:24:35.100000+00:00,2026-09-29T20:24:35.400000+00:00,2026-09-29T20:24:35.715949+00:00,2026-09-29T20:24:35.427000+00:00,61.371,100.0,,,,,,,,,,,,,,,,,,,,,,,,,,,,,,,,,,
XAG,hyperliquid,rh_lighter,250,2026-09-29T20:24:40+00:00,stale_decision,False,False,,,,,,,,,,,,,,,,,,,,,,,,,,,,,,,,,,,,,,,,,,,,,,,
XAG,hyperliquid,rh_lighter,250,2026-09-29T20:24:45+00:00,stale_decision,True,False,,,,,,,,,,,,,,,,,,,,,,,,,,,,,,,,,,,,,,,,,,,,,,,
XAG,hyperliquid,rh_lighter,250,2026-09-29T20:24:50+00:00,decision_skew,,,,,,,,,,,,,,,,,,,,,,,,,,,,,,,,,,,,,,,,,,,,,,,,,
XAG,hyperliquid,rh_lighter,250,2026-09-29T20:24:55+00:00,stale_decision,True,False,,,,,,,,,,,,,,,,,,,,,,,,,,,,,,,,,,,,,,,,,,,,,,,
XAG,hyperliquid,rh_lighter,250,2026-09-29T20:25:00+00:00,one_entry_leg_unresolved,,,4.07,61.379,61.4366,249.81253,250.046962,eligible,missing_first_quote,2026-09-29T20:25:00.100000+00:00,2026-09-29T20:25:00.400000+00:00,2026-09-29T20:25:00.769994+00:00,2026-09-29T20:25:00.352000+00:00,61.383,45.7,,,,,,,,,,,,,,,,,,,,,,,,,,,,,,,,,,
XAG,hyperliquid,rh_lighter,250,2026-09-29T20:25:05+00:00,stale_decision,True,False,,,,,,,,,,,,,,,,,,,,,,,,,,,,,,,,,,,,,,,,,,,,,,,
XAG,hyperliquid,rh_lighter,250,2026-09-29T20:25:10+00:00,stale_decision,True,False,,,,,,,,,,,,,,,,,,,,,,,,,,,,,,,,,,,,,,,,,,,,,,,
XAG,hyperliquid,rh_lighter,250,2026-09-29T20:25:15+00:00,decision_skew,,,,,,,,,,,,,,,,,,,,,,,,,,,,,,,,,,,,,,,,,,,,,,,,,
XAG,hyperliquid,rh_lighter,250,2026-09-29T20:25:20+00:00,one_entry_leg_unresolved,,,4.07,61.382,61.4367,249.82474000000002,250.04736900000003,missing_first_quote,eligible,2026-09-29T20:25:20.100000+00:00,2026-09-29T20:25:20.400000+00:00,,,,,2026-09-29T20:25:20.963959+00:00,2026-09-29T20:25:20.888612+00:00,61.4367,171.8,,,,,,,,,,,,,,,,,,,,,,,,,,,,,,
XAG,hyperliquid,rh_lighter,250,2026-09-29T20:25:25+00:00,decision_skew,,,,,,,,,,,,,,,,,,,,,,,,,,,,,,,,,,,,,,,,,,,,,,,,,
XAG,hyperliquid,rh_lighter,250,2026-09-29T20:25:30+00:00,stale_decision,True,False,,,,,,,,,,,,,,,,,,,,,,,,,,,,,,,,,,,,,,,,,,,,,,,
XAG,hyperliquid,rh_lighter,250,2026-09-29T20:25:35+00:00,one_entry_leg_unresolved,,,4.07,61.383,61.4368,249.82881000000003,250.047776,missing_first_quote,eligible,2026-09-29T20:25:35.100000+00:00,2026-09-29T20:25:35.400000+00:00,,,,,2026-09-29T20:25:36.396446+00:00,2026-09-29T20:25:36.322273+00:00,61.4368,697.43,,,,,,,,,,,,,,,,,,,,,,,,,,,,,,
XAG,hyperliquid,rh_lighter,250,2026-09-29T20:25:40+00:00,one_entry_leg_unresolved,,,4.07,61.387,61.4368,249.84509000000003,250.047776,eligible,missing_first_quote,2026-09-29T20:25:40.100000+00:00,2026-09-29T20:25:40.400000+00:00,2026-09-29T20:25:40.911183+00:00,2026-09-29T20:25:40.510000+00:00,61.387,100.0,,,,,,,,,,,,,,,,,,,,,,,,,,,,,,,,,,
XAG,hyperliquid,rh_lighter,250,2026-09-29T20:25:45+00:00,stale_decision,True,False,,,,,,,,,,,,,,,,,,,,,,,,,,,,,,,,,,,,,,,,,,,,,,,
XAG,hyperliquid,rh_lighter,250,2026-09-29T20:25:50+00:00,decision_skew,,,,,,,,,,,,,,,,,,,,,,,,,,,,,,,,,,,,,,,,,,,,,,,,,
XAG,hyperliquid,rh_lighter,250,2026-09-29T20:25:55+00:00,both_entry_legs_unresolved,,,4.07,61.391,61.4382,249.86137000000002,250.05347400000002,missing_first_quote,missing_first_quote,2026-09-29T20:25:55.100000+00:00,2026-09-29T20:25:55.400000+00:00,,,,,,,,,,,,,,,,,,,,,,,,,,,,,,,,,,,,,,
XAG,hyperliquid,rh_lighter,250,2026-09-29T20:26:00+00:00,one_entry_leg_unresolved,,,4.07,61.391,61.4381,249.86137000000002,250.053067,missing_first_quote,eligible,2026-09-29T20:26:00.100000+00:00,2026-09-29T20:26:00.400000+00:00,,,,,2026-09-29T20:26:00.497823+00:00,2026-09-29T20:26:00.432555+00:00,61.4448,697.42,,,,,,,,,,,,,,,,,,,,,,,,,,,,,,
XAG,hyperliquid,rh_lighter,250,2026-09-29T20:26:05+00:00,stale_decision,False,False,,,,,,,,,,,,,,,,,,,,,,,,,,,,,,,,,,,,,,,,,,,,,,,
XAG,hyperliquid,rh_lighter,250,2026-09-29T20:26:10+00:00,stale_decision,False,True,,,,,,,,,,,,,,,,,,,,,,,,,,,,,,,,,,,,,,,,,,,,,,,
XAG,hyperliquid,rh_lighter,250,2026-09-29T20:26:15+00:00,both_entry_legs_unresolved,,,4.07,61.398,61.4466,249.88986000000003,250.087662,missing_first_quote,missing_first_quote,2026-09-29T20:26:15.100000+00:00,2026-09-29T20:26:15.400000+00:00,,,,,,,,,,,,,,,,,,,,,,,,,,,,,,,,,,,,,,
XAG,hyperliquid,rh_lighter,250,2026-09-29T20:26:20+00:00,one_entry_leg_unresolved,,,4.07,61.398,61.4468,249.88986000000003,250.08847600000004,eligible,missing_first_quote,2026-09-29T20:26:20.100000+00:00,2026-09-29T20:26:20.400000+00:00,2026-09-29T20:26:20.615645+00:00,2026-09-29T20:26:20.286000+00:00,61.398,1431.82,,,,,,,,,,,,,,,,,,,,,,,,,,,,,,,,,,
XAG,hyperliquid,rh_lighter,250,2026-09-29T20:26:25+00:00,one_entry_leg_unresolved,,,4.07,61.398,61.4532,249.88986000000003,250.11452400000002,eligible,missing_first_quote,2026-09-29T20:26:25.100000+00:00,2026-09-29T20:26:25.400000+00:00,2026-09-29T20:26:25.518119+00:00,2026-09-29T20:26:25.188000+00:00,61.4,1313.61,,,,,,,,,,,,,,,,,,,,,,,,,,,,,,,,,,
XAG,hyperliquid,rh_lighter,250,2026-09-29T20:26:30+00:00,one_entry_leg_unresolved,,,4.07,61.399,61.4532,249.89393,250.11452400000002,missing_first_quote,eligible,2026-09-29T20:26:30.100000+00:00,2026-09-29T20:26:30.400000+00:00,,,,,2026-09-29T20:26:30.609977+00:00,2026-09-29T20:26:30.543911+00:00,61.4532,697.36,,,,,,,,,,,,,,,,,,,,,,,,,,,,,,
XAG,hyperliquid,rh_lighter,250,2026-09-29T20:26:35+00:00,stale_decision,False,False,,,,,,,,,,,,,,,,,,,,,,,,,,,,,,,,,,,,,,,,,,,,,,,
XAG,hyperliquid,rh_lighter,250,2026-09-29T20:26:40+00:00,both_entry_legs_unresolved,,,4.07,61.4,61.4532,249.89800000000002,250.11452400000002,missing_first_quote,missing_first_quote,2026-09-29T20:26:40.100000+00:00,2026-09-29T20:26:40.400000+00:00,,,,,,,,,,,,,,,,,,,,,,,,,,,,,,,,,,,,,,
XAG,hyperliquid,rh_lighter,250,2026-09-29T20:26:45+00:00,decision_skew,,,,,,,,,,,,,,,,,,,,,,,,,,,,,,,,,,,,,,,,,,,,,,,,,
XAG,hyperliquid,rh_lighter,250,2026-09-29T20:26:50+00:00,stale_decision,True,False,,,,,,,,,,,,,,,,,,,,,,,,,,,,,,,,,,,,,,,,,,,,,,,
XAG,hyperliquid,rh_lighter,250,2026-09-29T20:26:55+00:00,one_entry_leg_unresolved,,,4.07,61.405,61.457,249.91835000000003,250.12999000000002,eligible,missing_first_quote,2026-09-29T20:26:55.100000+00:00,2026-09-29T20:26:55.400000+00:00,2026-09-29T20:26:55.383183+00:00,2026-09-29T20:26:55.124000+00:00,61.404,127.32,,,,,,,,,,,,,,,,,,,,,,,,,,,,,,,,,,
XAG,hyperliquid,rh_lighter,250,2026-09-29T20:27:00+00:00,stale_decision,False,True,,,,,,,,,,,,,,,,,,,,,,,,,,,,,,,,,,,,,,,,,,,,,,,
XAG,hyperliquid,rh_lighter,250,2026-09-29T20:27:05+00:00,stale_decision,False,False,,,,,,,,,,,,,,,,,,,,,,,,,,,,,,,,,,,,,,,,,,,,,,,
XAG,hyperliquid,rh_lighter,250,2026-09-29T20:27:10+00:00,stale_decision,False,False,,,,,,,,,,,,,,,,,,,,,,,,,,,,,,,,,,,,,,,,,,,,,,,
XAG,hyperliquid,rh_lighter,250,2026-09-29T20:27:15+00:00,stale_decision,False,False,,,,,,,,,,,,,,,,,,,,,,,,,,,,,,,,,,,,,,,,,,,,,,,
XAG,hyperliquid,rh_lighter,250,2026-09-29T20:27:20+00:00,both_entry_legs_unresolved,,,4.07,61.404,61.4574,249.91428000000002,250.131618,missing_first_quote,missing_first_quote,2026-09-29T20:27:20.100000+00:00,2026-09-29T20:27:20.400000+00:00,,,,,,,,,,,,,,,,,,,,,,,,,,,,,,,,,,,,,,
XAG,hyperliquid,rh_lighter,250,2026-09-29T20:27:25+00:00,stale_decision,False,False,,,,,,,,,,,,,,,,,,,,,,,,,,,,,,,,,,,,,,,,,,,,,,,
XAG,hyperliquid,rh_lighter,250,2026-09-29T20:27:30+00:00,stale_decision,True,False,,,,,,,,,,,,,,,,,,,,,,,,,,,,,,,,,,,,,,,,,,,,,,,
XAG,hyperliquid,rh_lighter,250,2026-09-29T20:27:35+00:00,stale_decision,True,False,,,,,,,,,,,,,,,,,,,,,,,,,,,,,,,,,,,,,,,,,,,,,,,
XAG,hyperliquid,rh_lighter,250,2026-09-29T20:27:40+00:00,stale_decision,False,False,,,,,,,,,,,,,,,,,,,,,,,,,,,,,,,,,,,,,,,,,,,,,,,
XAG,hyperliquid,rh_lighter,250,2026-09-29T20:27:45+00:00,stale_decision,False,True,,,,,,,,,,,,,,,,,,,,,,,,,,,,,,,,,,,,,,,,,,,,,,,
XAG,hyperliquid,rh_lighter,250,2026-09-29T20:27:50+00:00,stale_decision,False,False,,,,,,,,,,,,,,,,,,,,,,,,,,,,,,,,,,,,,,,,,,,,,,,
XAG,hyperliquid,rh_lighter,250,2026-09-29T20:27:55+00:00,stale_decision,True,False,,,,,,,,,,,,,,,,,,,,,,,,,,,,,,,,,,,,,,,,,,,,,,,
XAG,hyperliquid,rh_lighter,250,2026-09-29T20:28:00+00:00,stale_decision,False,False,,,,,,,,,,,,,,,,,,,,,,,,,,,,,,,,,,,,,,,,,,,,,,,
XAG,hyperliquid,rh_lighter,250,2026-09-29T20:28:05+00:00,decision_skew,,,,,,,,,,,,,,,,,,,,,,,,,,,,,,,,,,,,,,,,,,,,,,,,,
XAG,hyperliquid,rh_lighter,250,2026-09-29T20:28:10+00:00,stale_decision,False,False,,,,,,,,,,,,,,,,,,,,,,,,,,,,,,,,,,,,,,,,,,,,,,,
XAG,hyperliquid,rh_lighter,250,2026-09-29T20:28:15+00:00,stale_decision,False,False,,,,,,,,,,,,,,,,,,,,,,,,,,,,,,,,,,,,,,,,,,,,,,,
XAG,hyperliquid,rh_lighter,250,2026-09-29T20:28:20+00:00,stale_decision,True,False,,,,,,,,,,,,,,,,,,,,,,,,,,,,,,,,,,,,,,,,,,,,,,,
XAG,hyperliquid,rh_lighter,250,2026-09-29T20:28:25+00:00,stale_decision,True,False,,,,,,,,,,,,,,,,,,,,,,,,,,,,,,,,,,,,,,,,,,,,,,,
XAG,hyperliquid,rh_lighter,250,2026-09-29T20:28:30+00:00,stale_decision,True,False,,,,,,,,,,,,,,,,,,,,,,,,,,,,,,,,,,,,,,,,,,,,,,,
XAG,hyperliquid,rh_lighter,250,2026-09-29T20:28:35+00:00,stale_decision,True,False,,,,,,,,,,,,,,,,,,,,,,,,,,,,,,,,,,,,,,,,,,,,,,,
XAG,hyperliquid,rh_lighter,250,2026-09-29T20:28:40+00:00,stale_decision,True,False,,,,,,,,,,,,,,,,,,,,,,,,,,,,,,,,,,,,,,,,,,,,,,,
XAG,hyperliquid,rh_lighter,250,2026-09-29T20:28:45+00:00,stale_decision,True,False,,,,,,,,,,,,,,,,,,,,,,,,,,,,,,,,,,,,,,,,,,,,,,,
XAG,hyperliquid,rh_lighter,250,2026-09-29T20:28:50+00:00,stale_decision,False,True,,,,,,,,,,,,,,,,,,,,,,,,,,,,,,,,,,,,,,,,,,,,,,,
XAG,hyperliquid,rh_lighter,250,2026-09-29T20:28:55+00:00,stale_decision,False,False,,,,,,,,,,,,,,,,,,,,,,,,,,,,,,,,,,,,,,,,,,,,,,,
XAG,hyperliquid,rh_lighter,250,2026-09-29T20:29:00+00:00,stale_decision,True,False,,,,,,,,,,,,,,,,,,,,,,,,,,,,,,,,,,,,,,,,,,,,,,,
XAG,hyperliquid,rh_lighter,250,2026-09-29T20:29:05+00:00,decision_skew,,,,,,,,,,,,,,,,,,,,,,,,,,,,,,,,,,,,,,,,,,,,,,,,,
XAG,hyperliquid,rh_lighter,250,2026-09-29T20:29:10+00:00,decision_skew,,,,,,,,,,,,,,,,,,,,,,,,,,,,,,,,,,,,,,,,,,,,,,,,,
XAG,hyperliquid,rh_lighter,250,2026-09-29T20:29:15+00:00,stale_decision,True,False,,,,,,,,,,,,,,,,,,,,,,,,,,,,,,,,,,,,,,,,,,,,,,,
XAG,hyperliquid,rh_lighter,250,2026-09-29T20:29:20+00:00,stale_decision,False,True,,,,,,,,,,,,,,,,,,,,,,,,,,,,,,,,,,,,,,,,,,,,,,,
XAG,hyperliquid,rh_lighter,250,2026-09-29T20:29:25+00:00,stale_decision,False,False,,,,,,,,,,,,,,,,,,,,,,,,,,,,,,,,,,,,,,,,,,,,,,,
XAG,hyperliquid,rh_lighter,250,2026-09-29T20:29:30+00:00,stale_decision,True,False,,,,,,,,,,,,,,,,,,,,,,,,,,,,,,,,,,,,,,,,,,,,,,,
XAG,hyperliquid,rh_lighter,250,2026-09-29T20:29:35+00:00,one_entry_leg_unresolved,,,4.07,61.424,61.4705,249.99568000000002,250.18493500000002,eligible,missing_first_quote,2026-09-29T20:29:35.100000+00:00,2026-09-29T20:29:35.400000+00:00,2026-09-29T20:29:35.510292+00:00,2026-09-29T20:29:35.241000+00:00,61.417,44.38,,,,,,,,,,,,,,,,,,,,,,,,,,,,,,,,,,
XAG,hyperliquid,rh_lighter,250,2026-09-29T20:29:40+00:00,decision_skew,,,,,,,,,,,,,,,,,,,,,,,,,,,,,,,,,,,,,,,,,,,,,,,,,
XAG,hyperliquid,rh_lighter,250,2026-09-29T20:29:45+00:00,stale_decision,True,False,,,,,,,,,,,,,,,,,,,,,,,,,,,,,,,,,,,,,,,,,,,,,,,
XAG,hyperliquid,rh_lighter,250,2026-09-29T20:29:50+00:00,stale_decision,True,False,,,,,,,,,,,,,,,,,,,,,,,,,,,,,,,,,,,,,,,,,,,,,,,
XAG,hyperliquid,rh_lighter,1000,2026-09-29T20:23:00+00:00,stale_decision,True,False,,,,,,,,,,,,,,,,,,,,,,,,,,,,,,,,,,,,,,,,,,,,,,,
XAG,hyperliquid,rh_lighter,1000,2026-09-29T20:23:05+00:00,stale_decision,True,False,,,,,,,,,,,,,,,,,,,,,,,,,,,,,,,,,,,,,,,,,,,,,,,
XAG,hyperliquid,rh_lighter,1000,2026-09-29T20:23:10+00:00,stale_decision,False,False,,,,,,,,,,,,,,,,,,,,,,,,,,,,,,,,,,,,,,,,,,,,,,,
XAG,hyperliquid,rh_lighter,1000,2026-09-29T20:23:15+00:00,stale_decision,False,False,,,,,,,,,,,,,,,,,,,,,,,,,,,,,,,,,,,,,,,,,,,,,,,
XAG,hyperliquid,rh_lighter,1000,2026-09-29T20:23:20+00:00,stale_decision,True,False,,,,,,,,,,,,,,,,,,,,,,,,,,,,,,,,,,,,,,,,,,,,,,,
XAG,hyperliquid,rh_lighter,1000,2026-09-29T20:23:25+00:00,one_entry_leg_unresolved,,,16.29,61.384,61.4393,999.9453599999999,1000.846197,eligible,shallow_first_quote,2026-09-29T20:23:25.100000+00:00,2026-09-29T20:23:25.400000+00:00,2026-09-29T20:23:25.450641+00:00,2026-09-29T20:23:25.168000+00:00,61.382,144.76,2026-09-29T20:23:26.100909+00:00,2026-09-29T20:23:26.034161+00:00,61.4387,8.13,,,,,,,,,,,,,,,,,,,,,,,,,,,,,,
XAG,hyperliquid,rh_lighter,1000,2026-09-29T20:23:30+00:00,stale_decision,False,False,,,,,,,,,,,,,,,,,,,,,,,,,,,,,,,,,,,,,,,,,,,,,,,
XAG,hyperliquid,rh_lighter,1000,2026-09-29T20:23:35+00:00,stale_decision,True,False,,,,,,,,,,,,,,,,,,,,,,,,,,,,,,,,,,,,,,,,,,,,,,,
XAG,hyperliquid,rh_lighter,1000,2026-09-29T20:23:40+00:00,stale_decision,False,False,,,,,,,,,,,,,,,,,,,,,,,,,,,,,,,,,,,,,,,,,,,,,,,
XAG,hyperliquid,rh_lighter,1000,2026-09-29T20:23:45+00:00,stale_decision,True,False,,,,,,,,,,,,,,,,,,,,,,,,,,,,,,,,,,,,,,,,,,,,,,,
XAG,hyperliquid,rh_lighter,1000,2026-09-29T20:23:50+00:00,decision_skew,,,,,,,,,,,,,,,,,,,,,,,,,,,,,,,,,,,,,,,,,,,,,,,,,
XAG,hyperliquid,rh_lighter,1000,2026-09-29T20:23:55+00:00,stale_decision,True,False,,,,,,,,,,,,,,,,,,,,,,,,,,,,,,,,,,,,,,,,,,,,,,,
XAG,hyperliquid,rh_lighter,1000,2026-09-29T20:24:00+00:00,stale_decision,True,False,,,,,,,,,,,,,,,,,,,,,,,,,,,,,,,,,,,,,,,,,,,,,,,
XAG,hyperliquid,rh_lighter,1000,2026-09-29T20:24:05+00:00,stale_decision,True,False,,,,,,,,,,,,,,,,,,,,,,,,,,,,,,,,,,,,,,,,,,,,,,,
XAG,hyperliquid,rh_lighter,1000,2026-09-29T20:24:10+00:00,stale_decision,False,False,,,,,,,,,,,,,,,,,,,,,,,,,,,,,,,,,,,,,,,,,,,,,,,
XAG,hyperliquid,rh_lighter,1000,2026-09-29T20:24:15+00:00,stale_decision,True,False,,,,,,,,,,,,,,,,,,,,,,,,,,,,,,,,,,,,,,,,,,,,,,,
XAG,hyperliquid,rh_lighter,1000,2026-09-29T20:24:20+00:00,one_entry_leg_unresolved,,,16.29,61.384,61.4281,999.9453599999999,1000.6637489999999,eligible,missing_first_quote,2026-09-29T20:24:20.100000+00:00,2026-09-29T20:24:20.400000+00:00,2026-09-29T20:24:20.474078+00:00,2026-09-29T20:24:20.124000+00:00,61.383,2463.23,,,,,,,,,,,,,,,,,,,,,,,,,,,,,,,,,,
XAG,hyperliquid,rh_lighter,1000,2026-09-29T20:24:25+00:00,stale_decision,True,False,,,,,,,,,,,,,,,,,,,,,,,,,,,,,,,,,,,,,,,,,,,,,,,
XAG,hyperliquid,rh_lighter,1000,2026-09-29T20:24:30+00:00,stale_decision,True,False,,,,,,,,,,,,,,,,,,,,,,,,,,,,,,,,,,,,,,,,,,,,,,,
XAG,hyperliquid,rh_lighter,1000,2026-09-29T20:24:35+00:00,one_entry_leg_unresolved,,,16.29,61.372,61.4281,999.74988,1000.6637489999999,eligible,missing_first_quote,2026-09-29T20:24:35.100000+00:00,2026-09-29T20:24:35.400000+00:00,2026-09-29T20:24:35.715949+00:00,2026-09-29T20:24:35.427000+00:00,61.371,100.0,,,,,,,,,,,,,,,,,,,,,,,,,,,,,,,,,,
XAG,hyperliquid,rh_lighter,1000,2026-09-29T20:24:40+00:00,stale_decision,False,False,,,,,,,,,,,,,,,,,,,,,,,,,,,,,,,,,,,,,,,,,,,,,,,
XAG,hyperliquid,rh_lighter,1000,2026-09-29T20:24:45+00:00,stale_decision,True,False,,,,,,,,,,,,,,,,,,,,,,,,,,,,,,,,,,,,,,,,,,,,,,,
XAG,hyperliquid,rh_lighter,1000,2026-09-29T20:24:50+00:00,decision_skew,,,,,,,,,,,,,,,,,,,,,,,,,,,,,,,,,,,,,,,,,,,,,,,,,
XAG,hyperliquid,rh_lighter,1000,2026-09-29T20:24:55+00:00,stale_decision,True,False,,,,,,,,,,,,,,,,,,,,,,,,,,,,,,,,,,,,,,,,,,,,,,,
XAG,hyperliquid,rh_lighter,1000,2026-09-29T20:25:00+00:00,one_entry_leg_unresolved,,,16.29,61.379,61.4366,999.8639099999999,1000.8022139999999,eligible,missing_first_quote,2026-09-29T20:25:00.100000+00:00,2026-09-29T20:25:00.400000+00:00,2026-09-29T20:25:00.769994+00:00,2026-09-29T20:25:00.352000+00:00,61.383,45.7,,,,,,,,,,,,,,,,,,,,,,,,,,,,,,,,,,
XAG,hyperliquid,rh_lighter,1000,2026-09-29T20:25:05+00:00,stale_decision,True,False,,,,,,,,,,,,,,,,,,,,,,,,,,,,,,,,,,,,,,,,,,,,,,,
XAG,hyperliquid,rh_lighter,1000,2026-09-29T20:25:10+00:00,stale_decision,True,False,,,,,,,,,,,,,,,,,,,,,,,,,,,,,,,,,,,,,,,,,,,,,,,
XAG,hyperliquid,rh_lighter,1000,2026-09-29T20:25:15+00:00,decision_skew,,,,,,,,,,,,,,,,,,,,,,,,,,,,,,,,,,,,,,,,,,,,,,,,,
XAG,hyperliquid,rh_lighter,1000,2026-09-29T20:25:20+00:00,one_entry_leg_unresolved,,,16.29,61.382,61.4367,999.9127799999999,1000.803843,missing_first_quote,eligible,2026-09-29T20:25:20.100000+00:00,2026-09-29T20:25:20.400000+00:00,,,,,2026-09-29T20:25:20.963959+00:00,2026-09-29T20:25:20.888612+00:00,61.4367,171.8,,,,,,,,,,,,,,,,,,,,,,,,,,,,,,
XAG,hyperliquid,rh_lighter,1000,2026-09-29T20:25:25+00:00,decision_skew,,,,,,,,,,,,,,,,,,,,,,,,,,,,,,,,,,,,,,,,,,,,,,,,,
XAG,hyperliquid,rh_lighter,1000,2026-09-29T20:25:30+00:00,stale_decision,True,False,,,,,,,,,,,,,,,,,,,,,,,,,,,,,,,,,,,,,,,,,,,,,,,
XAG,hyperliquid,rh_lighter,1000,2026-09-29T20:25:35+00:00,one_entry_leg_unresolved,,,16.29,61.383,61.4368,999.92907,1000.8054719999999,missing_first_quote,eligible,2026-09-29T20:25:35.100000+00:00,2026-09-29T20:25:35.400000+00:00,,,,,2026-09-29T20:25:36.396446+00:00,2026-09-29T20:25:36.322273+00:00,61.4368,697.43,,,,,,,,,,,,,,,,,,,,,,,,,,,,,,
XAG,hyperliquid,rh_lighter,1000,2026-09-29T20:25:40+00:00,one_entry_leg_unresolved,,,16.29,61.387,61.4368,999.9942299999999,1000.8054719999999,eligible,missing_first_quote,2026-09-29T20:25:40.100000+00:00,2026-09-29T20:25:40.400000+00:00,2026-09-29T20:25:40.911183+00:00,2026-09-29T20:25:40.510000+00:00,61.387,100.0,,,,,,,,,,,,,,,,,,,,,,,,,,,,,,,,,,
XAG,hyperliquid,rh_lighter,1000,2026-09-29T20:25:45+00:00,stale_decision,True,False,,,,,,,,,,,,,,,,,,,,,,,,,,,,,,,,,,,,,,,,,,,,,,,
XAG,hyperliquid,rh_lighter,1000,2026-09-29T20:25:50+00:00,decision_skew,,,,,,,,,,,,,,,,,,,,,,,,,,,,,,,,,,,,,,,,,,,,,,,,,
XAG,hyperliquid,rh_lighter,1000,2026-09-29T20:25:55+00:00,both_entry_legs_unresolved,,,16.28,61.391,61.4382,999.4454800000001,1000.2138960000001,missing_first_quote,missing_first_quote,2026-09-29T20:25:55.100000+00:00,2026-09-29T20:25:55.400000+00:00,,,,,,,,,,,,,,,,,,,,,,,,,,,,,,,,,,,,,,
XAG,hyperliquid,rh_lighter,1000,2026-09-29T20:26:00+00:00,one_entry_leg_unresolved,,,16.28,61.391,61.4381,999.4454800000001,1000.212268,missing_first_quote,eligible,2026-09-29T20:26:00.100000+00:00,2026-09-29T20:26:00.400000+00:00,,,,,2026-09-29T20:26:00.497823+00:00,2026-09-29T20:26:00.432555+00:00,61.4448,697.42,,,,,,,,,,,,,,,,,,,,,,,,,,,,,,
XAG,hyperliquid,rh_lighter,1000,2026-09-29T20:26:05+00:00,stale_decision,False,False,,,,,,,,,,,,,,,,,,,,,,,,,,,,,,,,,,,,,,,,,,,,,,,
XAG,hyperliquid,rh_lighter,1000,2026-09-29T20:26:10+00:00,stale_decision,False,True,,,,,,,,,,,,,,,,,,,,,,,,,,,,,,,,,,,,,,,,,,,,,,,
XAG,hyperliquid,rh_lighter,1000,2026-09-29T20:26:15+00:00,both_entry_legs_unresolved,,,16.28,61.398,61.4466,999.5594400000001,1000.350648,missing_first_quote,missing_first_quote,2026-09-29T20:26:15.100000+00:00,2026-09-29T20:26:15.400000+00:00,,,,,,,,,,,,,,,,,,,,,,,,,,,,,,,,,,,,,,
XAG,hyperliquid,rh_lighter,1000,2026-09-29T20:26:20+00:00,one_entry_leg_unresolved,,,16.28,61.398,61.4468,999.5594400000001,1000.3539040000002,eligible,missing_first_quote,2026-09-29T20:26:20.100000+00:00,2026-09-29T20:26:20.400000+00:00,2026-09-29T20:26:20.615645+00:00,2026-09-29T20:26:20.286000+00:00,61.398,1431.82,,,,,,,,,,,,,,,,,,,,,,,,,,,,,,,,,,
XAG,hyperliquid,rh_lighter,1000,2026-09-29T20:26:25+00:00,one_entry_leg_unresolved,,,16.28,61.398,61.4532,999.5594400000001,1000.4580960000001,eligible,missing_first_quote,2026-09-29T20:26:25.100000+00:00,2026-09-29T20:26:25.400000+00:00,2026-09-29T20:26:25.518119+00:00,2026-09-29T20:26:25.188000+00:00,61.4,1313.61,,,,,,,,,,,,,,,,,,,,,,,,,,,,,,,,,,
XAG,hyperliquid,rh_lighter,1000,2026-09-29T20:26:30+00:00,one_entry_leg_unresolved,,,16.28,61.399,61.4532,999.57572,1000.4580960000001,missing_first_quote,eligible,2026-09-29T20:26:30.100000+00:00,2026-09-29T20:26:30.400000+00:00,,,,,2026-09-29T20:26:30.609977+00:00,2026-09-29T20:26:30.543911+00:00,61.4532,697.36,,,,,,,,,,,,,,,,,,,,,,,,,,,,,,
XAG,hyperliquid,rh_lighter,1000,2026-09-29T20:26:35+00:00,stale_decision,False,False,,,,,,,,,,,,,,,,,,,,,,,,,,,,,,,,,,,,,,,,,,,,,,,
XAG,hyperliquid,rh_lighter,1000,2026-09-29T20:26:40+00:00,both_entry_legs_unresolved,,,16.28,61.4,61.4532,999.5920000000001,1000.4580960000001,missing_first_quote,missing_first_quote,2026-09-29T20:26:40.100000+00:00,2026-09-29T20:26:40.400000+00:00,,,,,,,,,,,,,,,,,,,,,,,,,,,,,,,,,,,,,,
XAG,hyperliquid,rh_lighter,1000,2026-09-29T20:26:45+00:00,decision_skew,,,,,,,,,,,,,,,,,,,,,,,,,,,,,,,,,,,,,,,,,,,,,,,,,
XAG,hyperliquid,rh_lighter,1000,2026-09-29T20:26:50+00:00,stale_decision,True,False,,,,,,,,,,,,,,,,,,,,,,,,,,,,,,,,,,,,,,,,,,,,,,,
XAG,hyperliquid,rh_lighter,1000,2026-09-29T20:26:55+00:00,one_entry_leg_unresolved,,,16.28,61.405,61.457,999.6734000000001,1000.5199600000001,eligible,missing_first_quote,2026-09-29T20:26:55.100000+00:00,2026-09-29T20:26:55.400000+00:00,2026-09-29T20:26:55.383183+00:00,2026-09-29T20:26:55.124000+00:00,61.404,127.32,,,,,,,,,,,,,,,,,,,,,,,,,,,,,,,,,,
XAG,hyperliquid,rh_lighter,1000,2026-09-29T20:27:00+00:00,stale_decision,False,True,,,,,,,,,,,,,,,,,,,,,,,,,,,,,,,,,,,,,,,,,,,,,,,
XAG,hyperliquid,rh_lighter,1000,2026-09-29T20:27:05+00:00,stale_decision,False,False,,,,,,,,,,,,,,,,,,,,,,,,,,,,,,,,,,,,,,,,,,,,,,,
XAG,hyperliquid,rh_lighter,1000,2026-09-29T20:27:10+00:00,stale_decision,False,False,,,,,,,,,,,,,,,,,,,,,,,,,,,,,,,,,,,,,,,,,,,,,,,
XAG,hyperliquid,rh_lighter,1000,2026-09-29T20:27:15+00:00,stale_decision,False,False,,,,,,,,,,,,,,,,,,,,,,,,,,,,,,,,,,,,,,,,,,,,,,,
XAG,hyperliquid,rh_lighter,1000,2026-09-29T20:27:20+00:00,both_entry_legs_unresolved,,,16.28,61.404,61.4574,999.6571200000001,1000.526472,missing_first_quote,missing_first_quote,2026-09-29T20:27:20.100000+00:00,2026-09-29T20:27:20.400000+00:00,,,,,,,,,,,,,,,,,,,,,,,,,,,,,,,,,,,,,,
XAG,hyperliquid,rh_lighter,1000,2026-09-29T20:27:25+00:00,stale_decision,False,False,,,,,,,,,,,,,,,,,,,,,,,,,,,,,,,,,,,,,,,,,,,,,,,
XAG,hyperliquid,rh_lighter,1000,2026-09-29T20:27:30+00:00,stale_decision,True,False,,,,,,,,,,,,,,,,,,,,,,,,,,,,,,,,,,,,,,,,,,,,,,,
XAG,hyperliquid,rh_lighter,1000,2026-09-29T20:27:35+00:00,stale_decision,True,False,,,,,,,,,,,,,,,,,,,,,,,,,,,,,,,,,,,,,,,,,,,,,,,
XAG,hyperliquid,rh_lighter,1000,2026-09-29T20:27:40+00:00,stale_decision,False,False,,,,,,,,,,,,,,,,,,,,,,,,,,,,,,,,,,,,,,,,,,,,,,,
XAG,hyperliquid,rh_lighter,1000,2026-09-29T20:27:45+00:00,stale_decision,False,True,,,,,,,,,,,,,,,,,,,,,,,,,,,,,,,,,,,,,,,,,,,,,,,
XAG,hyperliquid,rh_lighter,1000,2026-09-29T20:27:50+00:00,stale_decision,False,False,,,,,,,,,,,,,,,,,,,,,,,,,,,,,,,,,,,,,,,,,,,,,,,
XAG,hyperliquid,rh_lighter,1000,2026-09-29T20:27:55+00:00,stale_decision,True,False,,,,,,,,,,,,,,,,,,,,,,,,,,,,,,,,,,,,,,,,,,,,,,,
XAG,hyperliquid,rh_lighter,1000,2026-09-29T20:28:00+00:00,stale_decision,False,False,,,,,,,,,,,,,,,,,,,,,,,,,,,,,,,,,,,,,,,,,,,,,,,
XAG,hyperliquid,rh_lighter,1000,2026-09-29T20:28:05+00:00,decision_skew,,,,,,,,,,,,,,,,,,,,,,,,,,,,,,,,,,,,,,,,,,,,,,,,,
XAG,hyperliquid,rh_lighter,1000,2026-09-29T20:28:10+00:00,stale_decision,False,False,,,,,,,,,,,,,,,,,,,,,,,,,,,,,,,,,,,,,,,,,,,,,,,
XAG,hyperliquid,rh_lighter,1000,2026-09-29T20:28:15+00:00,stale_decision,False,False,,,,,,,,,,,,,,,,,,,,,,,,,,,,,,,,,,,,,,,,,,,,,,,
XAG,hyperliquid,rh_lighter,1000,2026-09-29T20:28:20+00:00,stale_decision,True,False,,,,,,,,,,,,,,,,,,,,,,,,,,,,,,,,,,,,,,,,,,,,,,,
XAG,hyperliquid,rh_lighter,1000,2026-09-29T20:28:25+00:00,stale_decision,True,False,,,,,,,,,,,,,,,,,,,,,,,,,,,,,,,,,,,,,,,,,,,,,,,
XAG,hyperliquid,rh_lighter,1000,2026-09-29T20:28:30+00:00,stale_decision,True,False,,,,,,,,,,,,,,,,,,,,,,,,,,,,,,,,,,,,,,,,,,,,,,,
XAG,hyperliquid,rh_lighter,1000,2026-09-29T20:28:35+00:00,stale_decision,True,False,,,,,,,,,,,,,,,,,,,,,,,,,,,,,,,,,,,,,,,,,,,,,,,
XAG,hyperliquid,rh_lighter,1000,2026-09-29T20:28:40+00:00,stale_decision,True,False,,,,,,,,,,,,,,,,,,,,,,,,,,,,,,,,,,,,,,,,,,,,,,,
XAG,hyperliquid,rh_lighter,1000,2026-09-29T20:28:45+00:00,stale_decision,True,False,,,,,,,,,,,,,,,,,,,,,,,,,,,,,,,,,,,,,,,,,,,,,,,
XAG,hyperliquid,rh_lighter,1000,2026-09-29T20:28:50+00:00,stale_decision,False,True,,,,,,,,,,,,,,,,,,,,,,,,,,,,,,,,,,,,,,,,,,,,,,,
XAG,hyperliquid,rh_lighter,1000,2026-09-29T20:28:55+00:00,stale_decision,False,False,,,,,,,,,,,,,,,,,,,,,,,,,,,,,,,,,,,,,,,,,,,,,,,
XAG,hyperliquid,rh_lighter,1000,2026-09-29T20:29:00+00:00,stale_decision,True,False,,,,,,,,,,,,,,,,,,,,,,,,,,,,,,,,,,,,,,,,,,,,,,,
XAG,hyperliquid,rh_lighter,1000,2026-09-29T20:29:05+00:00,decision_skew,,,,,,,,,,,,,,,,,,,,,,,,,,,,,,,,,,,,,,,,,,,,,,,,,
XAG,hyperliquid,rh_lighter,1000,2026-09-29T20:29:10+00:00,decision_skew,,,,,,,,,,,,,,,,,,,,,,,,,,,,,,,,,,,,,,,,,,,,,,,,,
XAG,hyperliquid,rh_lighter,1000,2026-09-29T20:29:15+00:00,stale_decision,True,False,,,,,,,,,,,,,,,,,,,,,,,,,,,,,,,,,,,,,,,,,,,,,,,
XAG,hyperliquid,rh_lighter,1000,2026-09-29T20:29:20+00:00,stale_decision,False,True,,,,,,,,,,,,,,,,,,,,,,,,,,,,,,,,,,,,,,,,,,,,,,,
XAG,hyperliquid,rh_lighter,1000,2026-09-29T20:29:25+00:00,stale_decision,False,False,,,,,,,,,,,,,,,,,,,,,,,,,,,,,,,,,,,,,,,,,,,,,,,
XAG,hyperliquid,rh_lighter,1000,2026-09-29T20:29:30+00:00,stale_decision,True,False,,,,,,,,,,,,,,,,,,,,,,,,,,,,,,,,,,,,,,,,,,,,,,,
XAG,hyperliquid,rh_lighter,1000,2026-09-29T20:29:35+00:00,one_entry_leg_unresolved,,,16.28,61.424,61.4705,999.9827200000001,1000.7397400000001,eligible,missing_first_quote,2026-09-29T20:29:35.100000+00:00,2026-09-29T20:29:35.400000+00:00,2026-09-29T20:29:35.510292+00:00,2026-09-29T20:29:35.241000+00:00,61.417,44.38,,,,,,,,,,,,,,,,,,,,,,,,,,,,,,,,,,
XAG,hyperliquid,rh_lighter,1000,2026-09-29T20:29:40+00:00,decision_skew,,,,,,,,,,,,,,,,,,,,,,,,,,,,,,,,,,,,,,,,,,,,,,,,,
XAG,hyperliquid,rh_lighter,1000,2026-09-29T20:29:45+00:00,stale_decision,True,False,,,,,,,,,,,,,,,,,,,,,,,,,,,,,,,,,,,,,,,,,,,,,,,
XAG,hyperliquid,rh_lighter,1000,2026-09-29T20:29:50+00:00,stale_decision,True,False,,,,,,,,,,,,,,,,,,,,,,,,,,,,,,,,,,,,,,,,,,,,,,,
XAG,rh_lighter,hyperliquid,100,2026-09-29T20:23:00+00:00,stale_decision,False,True,,,,,,,,,,,,,,,,,,,,,,,,,,,,,,,,,,,,,,,,,,,,,,,
XAG,rh_lighter,hyperliquid,100,2026-09-29T20:23:05+00:00,stale_decision,False,True,,,,,,,,,,,,,,,,,,,,,,,,,,,,,,,,,,,,,,,,,,,,,,,
XAG,rh_lighter,hyperliquid,100,2026-09-29T20:23:10+00:00,stale_decision,False,False,,,,,,,,,,,,,,,,,,,,,,,,,,,,,,,,,,,,,,,,,,,,,,,
XAG,rh_lighter,hyperliquid,100,2026-09-29T20:23:15+00:00,stale_decision,False,False,,,,,,,,,,,,,,,,,,,,,,,,,,,,,,,,,,,,,,,,,,,,,,,
XAG,rh_lighter,hyperliquid,100,2026-09-29T20:23:20+00:00,stale_decision,False,True,,,,,,,,,,,,,,,,,,,,,,,,,,,,,,,,,,,,,,,,,,,,,,,
XAG,rh_lighter,hyperliquid,100,2026-09-29T20:23:25+00:00,both_exit_legs_unresolved,,,1.62,61.4576,61.383,99.561312,99.44046000000002,eligible,eligible,2026-09-29T20:23:25.400000+00:00,2026-09-29T20:23:25.100000+00:00,2026-09-29T20:23:26.100909+00:00,2026-09-29T20:23:26.034161+00:00,61.4576,76.05,2026-09-29T20:23:25.450641+00:00,2026-09-29T20:23:25.168000+00:00,61.381,49.62,missing_first_quote,missing_first_quote,2026-09-29T20:23:31.500909+00:00,2026-09-29T20:23:31.200909+00:00,2026-09-29T20:23:35+00:00,,,,,,,,,,,,,,,,,,,,,,,,,
XAG,rh_lighter,hyperliquid,100,2026-09-29T20:23:30+00:00,stale_decision,False,False,,,,,,,,,,,,,,,,,,,,,,,,,,,,,,,,,,,,,,,,,,,,,,,
XAG,rh_lighter,hyperliquid,100,2026-09-29T20:23:35+00:00,stale_decision,False,True,,,,,,,,,,,,,,,,,,,,,,,,,,,,,,,,,,,,,,,,,,,,,,,
XAG,rh_lighter,hyperliquid,100,2026-09-29T20:23:40+00:00,stale_decision,False,False,,,,,,,,,,,,,,,,,,,,,,,,,,,,,,,,,,,,,,,,,,,,,,,
XAG,rh_lighter,hyperliquid,100,2026-09-29T20:23:45+00:00,stale_decision,False,True,,,,,,,,,,,,,,,,,,,,,,,,,,,,,,,,,,,,,,,,,,,,,,,
XAG,rh_lighter,hyperliquid,100,2026-09-29T20:23:50+00:00,decision_skew,,,,,,,,,,,,,,,,,,,,,,,,,,,,,,,,,,,,,,,,,,,,,,,,,
XAG,rh_lighter,hyperliquid,100,2026-09-29T20:23:55+00:00,stale_decision,False,True,,,,,,,,,,,,,,,,,,,,,,,,,,,,,,,,,,,,,,,,,,,,,,,
XAG,rh_lighter,hyperliquid,100,2026-09-29T20:24:00+00:00,stale_decision,False,True,,,,,,,,,,,,,,,,,,,,,,,,,,,,,,,,,,,,,,,,,,,,,,,
XAG,rh_lighter,hyperliquid,100,2026-09-29T20:24:05+00:00,stale_decision,False,True,,,,,,,,,,,,,,,,,,,,,,,,,,,,,,,,,,,,,,,,,,,,,,,
XAG,rh_lighter,hyperliquid,100,2026-09-29T20:24:10+00:00,stale_decision,False,False,,,,,,,,,,,,,,,,,,,,,,,,,,,,,,,,,,,,,,,,,,,,,,,
XAG,rh_lighter,hyperliquid,100,2026-09-29T20:24:15+00:00,stale_decision,False,True,,,,,,,,,,,,,,,,,,,,,,,,,,,,,,,,,,,,,,,,,,,,,,,
XAG,rh_lighter,hyperliquid,100,2026-09-29T20:24:20+00:00,both_entry_legs_unresolved,,,1.62,61.4522,61.383,99.552564,99.44046000000002,missing_first_quote,shallow_first_quote,2026-09-29T20:24:20.400000+00:00,2026-09-29T20:24:20.100000+00:00,,,,,2026-09-29T20:24:20.474078+00:00,2026-09-29T20:24:20.124000+00:00,61.374,0.17,,,,,,,,,,,,,,,,,,,,,,,,,,,,,,
XAG,rh_lighter,hyperliquid,100,2026-09-29T20:24:25+00:00,stale_decision,False,True,,,,,,,,,,,,,,,,,,,,,,,,,,,,,,,,,,,,,,,,,,,,,,,
XAG,rh_lighter,hyperliquid,100,2026-09-29T20:24:30+00:00,stale_decision,False,True,,,,,,,,,,,,,,,,,,,,,,,,,,,,,,,,,,,,,,,,,,,,,,,
XAG,rh_lighter,hyperliquid,100,2026-09-29T20:24:35+00:00,one_entry_leg_unresolved,,,1.62,61.4525,61.371,99.55305000000001,99.42102000000001,missing_first_quote,eligible,2026-09-29T20:24:35.400000+00:00,2026-09-29T20:24:35.100000+00:00,,,,,2026-09-29T20:24:35.715949+00:00,2026-09-29T20:24:35.427000+00:00,61.37,210.1,,,,,,,,,,,,,,,,,,,,,,,,,,,,,,
XAG,rh_lighter,hyperliquid,100,2026-09-29T20:24:40+00:00,stale_decision,False,False,,,,,,,,,,,,,,,,,,,,,,,,,,,,,,,,,,,,,,,,,,,,,,,
XAG,rh_lighter,hyperliquid,100,2026-09-29T20:24:45+00:00,stale_decision,False,True,,,,,,,,,,,,,,,,,,,,,,,,,,,,,,,,,,,,,,,,,,,,,,,
XAG,rh_lighter,hyperliquid,100,2026-09-29T20:24:50+00:00,decision_skew,,,,,,,,,,,,,,,,,,,,,,,,,,,,,,,,,,,,,,,,,,,,,,,,,
XAG,rh_lighter,hyperliquid,100,2026-09-29T20:24:55+00:00,stale_decision,False,True,,,,,,,,,,,,,,,,,,,,,,,,,,,,,,,,,,,,,,,,,,,,,,,
XAG,rh_lighter,hyperliquid,100,2026-09-29T20:25:00+00:00,one_entry_leg_unresolved,,,1.62,61.4543,61.378,99.55596600000001,99.43236,missing_first_quote,eligible,2026-09-29T20:25:00.400000+00:00,2026-09-29T20:25:00.100000+00:00,,,,,2026-09-29T20:25:00.769994+00:00,2026-09-29T20:25:00.352000+00:00,61.379,24.31,,,,,,,,,,,,,,,,,,,,,,,,,,,,,,
XAG,rh_lighter,hyperliquid,100,2026-09-29T20:25:05+00:00,stale_decision,False,True,,,,,,,,,,,,,,,,,,,,,,,,,,,,,,,,,,,,,,,,,,,,,,,
XAG,rh_lighter,hyperliquid,100,2026-09-29T20:25:10+00:00,stale_decision,False,True,,,,,,,,,,,,,,,,,,,,,,,,,,,,,,,,,,,,,,,,,,,,,,,
XAG,rh_lighter,hyperliquid,100,2026-09-29T20:25:15+00:00,decision_skew,,,,,,,,,,,,,,,,,,,,,,,,,,,,,,,,,,,,,,,,,,,,,,,,,
XAG,rh_lighter,hyperliquid,100,2026-09-29T20:25:20+00:00,one_entry_leg_unresolved,,,1.62,61.4629,61.381,99.56989800000001,99.43722000000001,eligible,missing_first_quote,2026-09-29T20:25:20.400000+00:00,2026-09-29T20:25:20.100000+00:00,2026-09-29T20:25:20.963959+00:00,2026-09-29T20:25:20.888612+00:00,61.463,8.13,,,,,,,,,,,,,,,,,,,,,,,,,,,,,,,,,,
XAG,rh_lighter,hyperliquid,100,2026-09-29T20:25:25+00:00,decision_skew,,,,,,,,,,,,,,,,,,,,,,,,,,,,,,,,,,,,,,,,,,,,,,,,,
XAG,rh_lighter,hyperliquid,100,2026-09-29T20:25:30+00:00,stale_decision,False,True,,,,,,,,,,,,,,,,,,,,,,,,,,,,,,,,,,,,,,,,,,,,,,,
XAG,rh_lighter,hyperliquid,100,2026-09-29T20:25:35+00:00,one_entry_leg_unresolved,,,1.62,61.4627,61.382,99.569574,99.43884,eligible,missing_first_quote,2026-09-29T20:25:35.400000+00:00,2026-09-29T20:25:35.100000+00:00,2026-09-29T20:25:36.396446+00:00,2026-09-29T20:25:36.322273+00:00,61.4627,75.84,,,,,,,,,,,,,,,,,,,,,,,,,,,,,,,,,,
XAG,rh_lighter,hyperliquid,100,2026-09-29T20:25:40+00:00,one_entry_leg_unresolved,,,1.62,61.4627,61.385,99.569574,99.4437,missing_first_quote,eligible,2026-09-29T20:25:40.400000+00:00,2026-09-29T20:25:40.100000+00:00,,,,,2026-09-29T20:25:40.911183+00:00,2026-09-29T20:25:40.510000+00:00,61.386,377.97,,,,,,,,,,,,,,,,,,,,,,,,,,,,,,
XAG,rh_lighter,hyperliquid,100,2026-09-29T20:25:45+00:00,stale_decision,False,True,,,,,,,,,,,,,,,,,,,,,,,,,,,,,,,,,,,,,,,,,,,,,,,
XAG,rh_lighter,hyperliquid,100,2026-09-29T20:25:50+00:00,decision_skew,,,,,,,,,,,,,,,,,,,,,,,,,,,,,,,,,,,,,,,,,,,,,,,,,
XAG,rh_lighter,hyperliquid,100,2026-09-29T20:25:55+00:00,both_entry_legs_unresolved,,,1.62,61.4621,61.39,99.56860200000001,99.4518,missing_first_quote,missing_first_quote,2026-09-29T20:25:55.400000+00:00,2026-09-29T20:25:55.100000+00:00,,,,,,,,,,,,,,,,,,,,,,,,,,,,,,,,,,,,,,
XAG,rh_lighter,hyperliquid,100,2026-09-29T20:26:00+00:00,one_entry_leg_unresolved,,,1.62,61.4621,61.39,99.56860200000001,99.4518,eligible,missing_first_quote,2026-09-29T20:26:00.400000+00:00,2026-09-29T20:26:00.100000+00:00,2026-09-29T20:26:00.497823+00:00,2026-09-29T20:26:00.432555+00:00,61.4621,155.41,,,,,,,,,,,,,,,,,,,,,,,,,,,,,,,,,,
XAG,rh_lighter,hyperliquid,100,2026-09-29T20:26:05+00:00,stale_decision,False,False,,,,,,,,,,,,,,,,,,,,,,,,,,,,,,,,,,,,,,,,,,,,,,,
XAG,rh_lighter,hyperliquid,100,2026-09-29T20:26:10+00:00,stale_decision,True,False,,,,,,,,,,,,,,,,,,,,,,,,,,,,,,,,,,,,,,,,,,,,,,,
XAG,rh_lighter,hyperliquid,100,2026-09-29T20:26:15+00:00,both_entry_legs_unresolved,,,1.62,61.4724,61.397,99.585288,99.46314000000001,missing_first_quote,missing_first_quote,2026-09-29T20:26:15.400000+00:00,2026-09-29T20:26:15.100000+00:00,,,,,,,,,,,,,,,,,,,,,,,,,,,,,,,,,,,,,,
XAG,rh_lighter,hyperliquid,100,2026-09-29T20:26:20+00:00,one_entry_leg_unresolved,,,1.62,61.472,61.397,99.58464000000001,99.46314000000001,missing_first_quote,eligible,2026-09-29T20:26:20.400000+00:00,2026-09-29T20:26:20.100000+00:00,,,,,2026-09-29T20:26:20.615645+00:00,2026-09-29T20:26:20.286000+00:00,61.397,44.6,,,,,,,,,,,,,,,,,,,,,,,,,,,,,,
XAG,rh_lighter,hyperliquid,100,2026-09-29T20:26:25+00:00,one_entry_leg_unresolved,,,1.62,61.472,61.395,99.58464000000001,99.4599,missing_first_quote,eligible,2026-09-29T20:26:25.400000+00:00,2026-09-29T20:26:25.100000+00:00,,,,,2026-09-29T20:26:25.518119+00:00,2026-09-29T20:26:25.188000+00:00,61.397,123.34,,,,,,,,,,,,,,,,,,,,,,,,,,,,,,
XAG,rh_lighter,hyperliquid,100,2026-09-29T20:26:30+00:00,one_entry_leg_unresolved,,,1.62,61.4721,61.398,99.584802,99.46476000000001,eligible,missing_first_quote,2026-09-29T20:26:30.400000+00:00,2026-09-29T20:26:30.100000+00:00,2026-09-29T20:26:30.609977+00:00,2026-09-29T20:26:30.543911+00:00,61.472,20.09,,,,,,,,,,,,,,,,,,,,,,,,,,,,,,,,,,
XAG,rh_lighter,hyperliquid,100,2026-09-29T20:26:35+00:00,stale_decision,False,False,,,,,,,,,,,,,,,,,,,,,,,,,,,,,,,,,,,,,,,,,,,,,,,
XAG,rh_lighter,hyperliquid,100,2026-09-29T20:26:40+00:00,both_entry_legs_unresolved,,,1.62,61.472,61.399,99.58464000000001,99.46638000000002,missing_first_quote,missing_first_quote,2026-09-29T20:26:40.400000+00:00,2026-09-29T20:26:40.100000+00:00,,,,,,,,,,,,,,,,,,,,,,,,,,,,,,,,,,,,,,
XAG,rh_lighter,hyperliquid,100,2026-09-29T20:26:45+00:00,decision_skew,,,,,,,,,,,,,,,,,,,,,,,,,,,,,,,,,,,,,,,,,,,,,,,,,
XAG,rh_lighter,hyperliquid,100,2026-09-29T20:26:50+00:00,stale_decision,False,True,,,,,,,,,,,,,,,,,,,,,,,,,,,,,,,,,,,,,,,,,,,,,,,
XAG,rh_lighter,hyperliquid,100,2026-09-29T20:26:55+00:00,one_entry_leg_unresolved,,,1.62,61.4755,61.403,99.59031,99.47286000000001,missing_first_quote,eligible,2026-09-29T20:26:55.400000+00:00,2026-09-29T20:26:55.100000+00:00,,,,,2026-09-29T20:26:55.383183+00:00,2026-09-29T20:26:55.124000+00:00,61.403,157.21,,,,,,,,,,,,,,,,,,,,,,,,,,,,,,
XAG,rh_lighter,hyperliquid,100,2026-09-29T20:27:00+00:00,stale_decision,True,False,,,,,,,,,,,,,,,,,,,,,,,,,,,,,,,,,,,,,,,,,,,,,,,
XAG,rh_lighter,hyperliquid,100,2026-09-29T20:27:05+00:00,stale_decision,False,False,,,,,,,,,,,,,,,,,,,,,,,,,,,,,,,,,,,,,,,,,,,,,,,
XAG,rh_lighter,hyperliquid,100,2026-09-29T20:27:10+00:00,stale_decision,False,False,,,,,,,,,,,,,,,,,,,,,,,,,,,,,,,,,,,,,,,,,,,,,,,
XAG,rh_lighter,hyperliquid,100,2026-09-29T20:27:15+00:00,stale_decision,False,False,,,,,,,,,,,,,,,,,,,,,,,,,,,,,,,,,,,,,,,,,,,,,,,
XAG,rh_lighter,hyperliquid,100,2026-09-29T20:27:20+00:00,both_entry_legs_unresolved,,,1.62,61.4754,61.403,99.59014800000001,99.47286000000001,missing_first_quote,missing_first_quote,2026-09-29T20:27:20.400000+00:00,2026-09-29T20:27:20.100000+00:00,,,,,,,,,,,,,,,,,,,,,,,,,,,,,,,,,,,,,,
XAG,rh_lighter,hyperliquid,100,2026-09-29T20:27:25+00:00,stale_decision,False,False,,,,,,,,,,,,,,,,,,,,,,,,,,,,,,,,,,,,,,,,,,,,,,,
XAG,rh_lighter,hyperliquid,100,2026-09-29T20:27:30+00:00,stale_decision,False,True,,,,,,,,,,,,,,,,,,,,,,,,,,,,,,,,,,,,,,,,,,,,,,,
XAG,rh_lighter,hyperliquid,100,2026-09-29T20:27:35+00:00,stale_decision,False,True,,,,,,,,,,,,,,,,,,,,,,,,,,,,,,,,,,,,,,,,,,,,,,,
XAG,rh_lighter,hyperliquid,100,2026-09-29T20:27:40+00:00,stale_decision,False,False,,,,,,,,,,,,,,,,,,,,,,,,,,,,,,,,,,,,,,,,,,,,,,,
XAG,rh_lighter,hyperliquid,100,2026-09-29T20:27:45+00:00,stale_decision,True,False,,,,,,,,,,,,,,,,,,,,,,,,,,,,,,,,,,,,,,,,,,,,,,,
XAG,rh_lighter,hyperliquid,100,2026-09-29T20:27:50+00:00,stale_decision,False,False,,,,,,,,,,,,,,,,,,,,,,,,,,,,,,,,,,,,,,,,,,,,,,,
XAG,rh_lighter,hyperliquid,100,2026-09-29T20:27:55+00:00,stale_decision,False,True,,,,,,,,,,,,,,,,,,,,,,,,,,,,,,,,,,,,,,,,,,,,,,,
XAG,rh_lighter,hyperliquid,100,2026-09-29T20:28:00+00:00,stale_decision,False,False,,,,,,,,,,,,,,,,,,,,,,,,,,,,,,,,,,,,,,,,,,,,,,,
XAG,rh_lighter,hyperliquid,100,2026-09-29T20:28:05+00:00,decision_skew,,,,,,,,,,,,,,,,,,,,,,,,,,,,,,,,,,,,,,,,,,,,,,,,,
XAG,rh_lighter,hyperliquid,100,2026-09-29T20:28:10+00:00,stale_decision,False,False,,,,,,,,,,,,,,,,,,,,,,,,,,,,,,,,,,,,,,,,,,,,,,,
XAG,rh_lighter,hyperliquid,100,2026-09-29T20:28:15+00:00,stale_decision,False,False,,,,,,,,,,,,,,,,,,,,,,,,,,,,,,,,,,,,,,,,,,,,,,,
XAG,rh_lighter,hyperliquid,100,2026-09-29T20:28:20+00:00,stale_decision,False,True,,,,,,,,,,,,,,,,,,,,,,,,,,,,,,,,,,,,,,,,,,,,,,,
XAG,rh_lighter,hyperliquid,100,2026-09-29T20:28:25+00:00,stale_decision,False,True,,,,,,,,,,,,,,,,,,,,,,,,,,,,,,,,,,,,,,,,,,,,,,,
XAG,rh_lighter,hyperliquid,100,2026-09-29T20:28:30+00:00,stale_decision,False,True,,,,,,,,,,,,,,,,,,,,,,,,,,,,,,,,,,,,,,,,,,,,,,,
XAG,rh_lighter,hyperliquid,100,2026-09-29T20:28:35+00:00,stale_decision,False,True,,,,,,,,,,,,,,,,,,,,,,,,,,,,,,,,,,,,,,,,,,,,,,,
XAG,rh_lighter,hyperliquid,100,2026-09-29T20:28:40+00:00,stale_decision,False,True,,,,,,,,,,,,,,,,,,,,,,,,,,,,,,,,,,,,,,,,,,,,,,,
XAG,rh_lighter,hyperliquid,100,2026-09-29T20:28:45+00:00,stale_decision,False,True,,,,,,,,,,,,,,,,,,,,,,,,,,,,,,,,,,,,,,,,,,,,,,,
XAG,rh_lighter,hyperliquid,100,2026-09-29T20:28:50+00:00,stale_decision,True,False,,,,,,,,,,,,,,,,,,,,,,,,,,,,,,,,,,,,,,,,,,,,,,,
XAG,rh_lighter,hyperliquid,100,2026-09-29T20:28:55+00:00,stale_decision,False,False,,,,,,,,,,,,,,,,,,,,,,,,,,,,,,,,,,,,,,,,,,,,,,,
XAG,rh_lighter,hyperliquid,100,2026-09-29T20:29:00+00:00,stale_decision,False,True,,,,,,,,,,,,,,,,,,,,,,,,,,,,,,,,,,,,,,,,,,,,,,,
XAG,rh_lighter,hyperliquid,100,2026-09-29T20:29:05+00:00,decision_skew,,,,,,,,,,,,,,,,,,,,,,,,,,,,,,,,,,,,,,,,,,,,,,,,,
XAG,rh_lighter,hyperliquid,100,2026-09-29T20:29:10+00:00,decision_skew,,,,,,,,,,,,,,,,,,,,,,,,,,,,,,,,,,,,,,,,,,,,,,,,,
XAG,rh_lighter,hyperliquid,100,2026-09-29T20:29:15+00:00,stale_decision,False,True,,,,,,,,,,,,,,,,,,,,,,,,,,,,,,,,,,,,,,,,,,,,,,,
XAG,rh_lighter,hyperliquid,100,2026-09-29T20:29:20+00:00,stale_decision,True,False,,,,,,,,,,,,,,,,,,,,,,,,,,,,,,,,,,,,,,,,,,,,,,,
XAG,rh_lighter,hyperliquid,100,2026-09-29T20:29:25+00:00,stale_decision,False,False,,,,,,,,,,,,,,,,,,,,,,,,,,,,,,,,,,,,,,,,,,,,,,,
XAG,rh_lighter,hyperliquid,100,2026-09-29T20:29:30+00:00,stale_decision,False,True,,,,,,,,,,,,,,,,,,,,,,,,,,,,,,,,,,,,,,,,,,,,,,,
XAG,rh_lighter,hyperliquid,100,2026-09-29T20:29:35+00:00,one_entry_leg_unresolved,,,1.62,61.4862,61.423,99.60764400000001,99.50526,missing_first_quote,eligible,2026-09-29T20:29:35.400000+00:00,2026-09-29T20:29:35.100000+00:00,,,,,2026-09-29T20:29:35.510292+00:00,2026-09-29T20:29:35.241000+00:00,61.414,27.63,,,,,,,,,,,,,,,,,,,,,,,,,,,,,,
XAG,rh_lighter,hyperliquid,100,2026-09-29T20:29:40+00:00,decision_skew,,,,,,,,,,,,,,,,,,,,,,,,,,,,,,,,,,,,,,,,,,,,,,,,,
XAG,rh_lighter,hyperliquid,100,2026-09-29T20:29:45+00:00,stale_decision,False,True,,,,,,,,,,,,,,,,,,,,,,,,,,,,,,,,,,,,,,,,,,,,,,,
XAG,rh_lighter,hyperliquid,100,2026-09-29T20:29:50+00:00,stale_decision,False,True,,,,,,,,,,,,,,,,,,,,,,,,,,,,,,,,,,,,,,,,,,,,,,,
XAG,rh_lighter,hyperliquid,250,2026-09-29T20:23:00+00:00,stale_decision,False,True,,,,,,,,,,,,,,,,,,,,,,,,,,,,,,,,,,,,,,,,,,,,,,,
XAG,rh_lighter,hyperliquid,250,2026-09-29T20:23:05+00:00,stale_decision,False,True,,,,,,,,,,,,,,,,,,,,,,,,,,,,,,,,,,,,,,,,,,,,,,,
XAG,rh_lighter,hyperliquid,250,2026-09-29T20:23:10+00:00,stale_decision,False,False,,,,,,,,,,,,,,,,,,,,,,,,,,,,,,,,,,,,,,,,,,,,,,,
XAG,rh_lighter,hyperliquid,250,2026-09-29T20:23:15+00:00,stale_decision,False,False,,,,,,,,,,,,,,,,,,,,,,,,,,,,,,,,,,,,,,,,,,,,,,,
XAG,rh_lighter,hyperliquid,250,2026-09-29T20:23:20+00:00,stale_decision,False,True,,,,,,,,,,,,,,,,,,,,,,,,,,,,,,,,,,,,,,,,,,,,,,,
XAG,rh_lighter,hyperliquid,250,2026-09-29T20:23:25+00:00,both_exit_legs_unresolved,,,4.06,61.4576,61.383,249.51785599999997,249.21498,eligible,eligible,2026-09-29T20:23:25.400000+00:00,2026-09-29T20:23:25.100000+00:00,2026-09-29T20:23:26.100909+00:00,2026-09-29T20:23:26.034161+00:00,61.4576,76.05,2026-09-29T20:23:25.450641+00:00,2026-09-29T20:23:25.168000+00:00,61.381,49.62,missing_first_quote,missing_first_quote,2026-09-29T20:23:31.500909+00:00,2026-09-29T20:23:31.200909+00:00,2026-09-29T20:23:35+00:00,,,,,,,,,,,,,,,,,,,,,,,,,
XAG,rh_lighter,hyperliquid,250,2026-09-29T20:23:30+00:00,stale_decision,False,False,,,,,,,,,,,,,,,,,,,,,,,,,,,,,,,,,,,,,,,,,,,,,,,
XAG,rh_lighter,hyperliquid,250,2026-09-29T20:23:35+00:00,stale_decision,False,True,,,,,,,,,,,,,,,,,,,,,,,,,,,,,,,,,,,,,,,,,,,,,,,
XAG,rh_lighter,hyperliquid,250,2026-09-29T20:23:40+00:00,stale_decision,False,False,,,,,,,,,,,,,,,,,,,,,,,,,,,,,,,,,,,,,,,,,,,,,,,
XAG,rh_lighter,hyperliquid,250,2026-09-29T20:23:45+00:00,stale_decision,False,True,,,,,,,,,,,,,,,,,,,,,,,,,,,,,,,,,,,,,,,,,,,,,,,
XAG,rh_lighter,hyperliquid,250,2026-09-29T20:23:50+00:00,decision_skew,,,,,,,,,,,,,,,,,,,,,,,,,,,,,,,,,,,,,,,,,,,,,,,,,
XAG,rh_lighter,hyperliquid,250,2026-09-29T20:23:55+00:00,stale_decision,False,True,,,,,,,,,,,,,,,,,,,,,,,,,,,,,,,,,,,,,,,,,,,,,,,
XAG,rh_lighter,hyperliquid,250,2026-09-29T20:24:00+00:00,stale_decision,False,True,,,,,,,,,,,,,,,,,,,,,,,,,,,,,,,,,,,,,,,,,,,,,,,
XAG,rh_lighter,hyperliquid,250,2026-09-29T20:24:05+00:00,stale_decision,False,True,,,,,,,,,,,,,,,,,,,,,,,,,,,,,,,,,,,,,,,,,,,,,,,
XAG,rh_lighter,hyperliquid,250,2026-09-29T20:24:10+00:00,stale_decision,False,False,,,,,,,,,,,,,,,,,,,,,,,,,,,,,,,,,,,,,,,,,,,,,,,
XAG,rh_lighter,hyperliquid,250,2026-09-29T20:24:15+00:00,stale_decision,False,True,,,,,,,,,,,,,,,,,,,,,,,,,,,,,,,,,,,,,,,,,,,,,,,
XAG,rh_lighter,hyperliquid,250,2026-09-29T20:24:20+00:00,both_entry_legs_unresolved,,,4.06,61.4522,61.383,249.49593199999995,249.21498,missing_first_quote,shallow_first_quote,2026-09-29T20:24:20.400000+00:00,2026-09-29T20:24:20.100000+00:00,,,,,2026-09-29T20:24:20.474078+00:00,2026-09-29T20:24:20.124000+00:00,61.374,0.17,,,,,,,,,,,,,,,,,,,,,,,,,,,,,,
XAG,rh_lighter,hyperliquid,250,2026-09-29T20:24:25+00:00,stale_decision,False,True,,,,,,,,,,,,,,,,,,,,,,,,,,,,,,,,,,,,,,,,,,,,,,,
XAG,rh_lighter,hyperliquid,250,2026-09-29T20:24:30+00:00,stale_decision,False,True,,,,,,,,,,,,,,,,,,,,,,,,,,,,,,,,,,,,,,,,,,,,,,,
XAG,rh_lighter,hyperliquid,250,2026-09-29T20:24:35+00:00,one_entry_leg_unresolved,,,4.06,61.4525,61.371,249.49714999999998,249.16626,missing_first_quote,eligible,2026-09-29T20:24:35.400000+00:00,2026-09-29T20:24:35.100000+00:00,,,,,2026-09-29T20:24:35.715949+00:00,2026-09-29T20:24:35.427000+00:00,61.37,210.1,,,,,,,,,,,,,,,,,,,,,,,,,,,,,,
XAG,rh_lighter,hyperliquid,250,2026-09-29T20:24:40+00:00,stale_decision,False,False,,,,,,,,,,,,,,,,,,,,,,,,,,,,,,,,,,,,,,,,,,,,,,,
XAG,rh_lighter,hyperliquid,250,2026-09-29T20:24:45+00:00,stale_decision,False,True,,,,,,,,,,,,,,,,,,,,,,,,,,,,,,,,,,,,,,,,,,,,,,,
XAG,rh_lighter,hyperliquid,250,2026-09-29T20:24:50+00:00,decision_skew,,,,,,,,,,,,,,,,,,,,,,,,,,,,,,,,,,,,,,,,,,,,,,,,,
XAG,rh_lighter,hyperliquid,250,2026-09-29T20:24:55+00:00,stale_decision,False,True,,,,,,,,,,,,,,,,,,,,,,,,,,,,,,,,,,,,,,,,,,,,,,,
XAG,rh_lighter,hyperliquid,250,2026-09-29T20:25:00+00:00,one_entry_leg_unresolved,,,4.06,61.4543,61.378,249.504458,249.19467999999998,missing_first_quote,eligible,2026-09-29T20:25:00.400000+00:00,2026-09-29T20:25:00.100000+00:00,,,,,2026-09-29T20:25:00.769994+00:00,2026-09-29T20:25:00.352000+00:00,61.379,24.31,,,,,,,,,,,,,,,,,,,,,,,,,,,,,,
XAG,rh_lighter,hyperliquid,250,2026-09-29T20:25:05+00:00,stale_decision,False,True,,,,,,,,,,,,,,,,,,,,,,,,,,,,,,,,,,,,,,,,,,,,,,,
XAG,rh_lighter,hyperliquid,250,2026-09-29T20:25:10+00:00,stale_decision,False,True,,,,,,,,,,,,,,,,,,,,,,,,,,,,,,,,,,,,,,,,,,,,,,,
XAG,rh_lighter,hyperliquid,250,2026-09-29T20:25:15+00:00,decision_skew,,,,,,,,,,,,,,,,,,,,,,,,,,,,,,,,,,,,,,,,,,,,,,,,,
XAG,rh_lighter,hyperliquid,250,2026-09-29T20:25:20+00:00,one_entry_leg_unresolved,,,4.06,61.4629,61.381,249.53937399999995,249.20685999999998,eligible,missing_first_quote,2026-09-29T20:25:20.400000+00:00,2026-09-29T20:25:20.100000+00:00,2026-09-29T20:25:20.963959+00:00,2026-09-29T20:25:20.888612+00:00,61.463,8.13,,,,,,,,,,,,,,,,,,,,,,,,,,,,,,,,,,
XAG,rh_lighter,hyperliquid,250,2026-09-29T20:25:25+00:00,decision_skew,,,,,,,,,,,,,,,,,,,,,,,,,,,,,,,,,,,,,,,,,,,,,,,,,
XAG,rh_lighter,hyperliquid,250,2026-09-29T20:25:30+00:00,stale_decision,False,True,,,,,,,,,,,,,,,,,,,,,,,,,,,,,,,,,,,,,,,,,,,,,,,
XAG,rh_lighter,hyperliquid,250,2026-09-29T20:25:35+00:00,one_entry_leg_unresolved,,,4.06,61.4627,61.382,249.53856199999996,249.21091999999996,eligible,missing_first_quote,2026-09-29T20:25:35.400000+00:00,2026-09-29T20:25:35.100000+00:00,2026-09-29T20:25:36.396446+00:00,2026-09-29T20:25:36.322273+00:00,61.4627,75.84,,,,,,,,,,,,,,,,,,,,,,,,,,,,,,,,,,
XAG,rh_lighter,hyperliquid,250,2026-09-29T20:25:40+00:00,one_entry_leg_unresolved,,,4.06,61.4627,61.385,249.53856199999996,249.22309999999996,missing_first_quote,eligible,2026-09-29T20:25:40.400000+00:00,2026-09-29T20:25:40.100000+00:00,,,,,2026-09-29T20:25:40.911183+00:00,2026-09-29T20:25:40.510000+00:00,61.386,377.97,,,,,,,,,,,,,,,,,,,,,,,,,,,,,,
XAG,rh_lighter,hyperliquid,250,2026-09-29T20:25:45+00:00,stale_decision,False,True,,,,,,,,,,,,,,,,,,,,,,,,,,,,,,,,,,,,,,,,,,,,,,,
XAG,rh_lighter,hyperliquid,250,2026-09-29T20:25:50+00:00,decision_skew,,,,,,,,,,,,,,,,,,,,,,,,,,,,,,,,,,,,,,,,,,,,,,,,,
XAG,rh_lighter,hyperliquid,250,2026-09-29T20:25:55+00:00,both_entry_legs_unresolved,,,4.06,61.4621,61.39,249.53612599999997,249.24339999999998,missing_first_quote,missing_first_quote,2026-09-29T20:25:55.400000+00:00,2026-09-29T20:25:55.100000+00:00,,,,,,,,,,,,,,,,,,,,,,,,,,,,,,,,,,,,,,
XAG,rh_lighter,hyperliquid,250,2026-09-29T20:26:00+00:00,one_entry_leg_unresolved,,,4.06,61.4621,61.39,249.53612599999997,249.24339999999998,eligible,missing_first_quote,2026-09-29T20:26:00.400000+00:00,2026-09-29T20:26:00.100000+00:00,2026-09-29T20:26:00.497823+00:00,2026-09-29T20:26:00.432555+00:00,61.4621,155.41,,,,,,,,,,,,,,,,,,,,,,,,,,,,,,,,,,
XAG,rh_lighter,hyperliquid,250,2026-09-29T20:26:05+00:00,stale_decision,False,False,,,,,,,,,,,,,,,,,,,,,,,,,,,,,,,,,,,,,,,,,,,,,,,
XAG,rh_lighter,hyperliquid,250,2026-09-29T20:26:10+00:00,stale_decision,True,False,,,,,,,,,,,,,,,,,,,,,,,,,,,,,,,,,,,,,,,,,,,,,,,
XAG,rh_lighter,hyperliquid,250,2026-09-29T20:26:15+00:00,both_entry_legs_unresolved,,,4.06,61.4724,61.397,249.57794399999997,249.27181999999996,missing_first_quote,missing_first_quote,2026-09-29T20:26:15.400000+00:00,2026-09-29T20:26:15.100000+00:00,,,,,,,,,,,,,,,,,,,,,,,,,,,,,,,,,,,,,,
XAG,rh_lighter,hyperliquid,250,2026-09-29T20:26:20+00:00,one_entry_leg_unresolved,,,4.06,61.472,61.397,249.57631999999998,249.27181999999996,missing_first_quote,eligible,2026-09-29T20:26:20.400000+00:00,2026-09-29T20:26:20.100000+00:00,,,,,2026-09-29T20:26:20.615645+00:00,2026-09-29T20:26:20.286000+00:00,61.397,44.6,,,,,,,,,,,,,,,,,,,,,,,,,,,,,,
XAG,rh_lighter,hyperliquid,250,2026-09-29T20:26:25+00:00,one_entry_leg_unresolved,,,4.06,61.472,61.395,249.57631999999998,249.2637,missing_first_quote,eligible,2026-09-29T20:26:25.400000+00:00,2026-09-29T20:26:25.100000+00:00,,,,,2026-09-29T20:26:25.518119+00:00,2026-09-29T20:26:25.188000+00:00,61.397,123.34,,,,,,,,,,,,,,,,,,,,,,,,,,,,,,
XAG,rh_lighter,hyperliquid,250,2026-09-29T20:26:30+00:00,one_entry_leg_unresolved,,,4.06,61.4721,61.398,249.57672599999998,249.27588,eligible,missing_first_quote,2026-09-29T20:26:30.400000+00:00,2026-09-29T20:26:30.100000+00:00,2026-09-29T20:26:30.609977+00:00,2026-09-29T20:26:30.543911+00:00,61.472,20.09,,,,,,,,,,,,,,,,,,,,,,,,,,,,,,,,,,
XAG,rh_lighter,hyperliquid,250,2026-09-29T20:26:35+00:00,stale_decision,False,False,,,,,,,,,,,,,,,,,,,,,,,,,,,,,,,,,,,,,,,,,,,,,,,
XAG,rh_lighter,hyperliquid,250,2026-09-29T20:26:40+00:00,both_entry_legs_unresolved,,,4.06,61.472,61.399,249.57631999999998,249.27993999999998,missing_first_quote,missing_first_quote,2026-09-29T20:26:40.400000+00:00,2026-09-29T20:26:40.100000+00:00,,,,,,,,,,,,,,,,,,,,,,,,,,,,,,,,,,,,,,
XAG,rh_lighter,hyperliquid,250,2026-09-29T20:26:45+00:00,decision_skew,,,,,,,,,,,,,,,,,,,,,,,,,,,,,,,,,,,,,,,,,,,,,,,,,
XAG,rh_lighter,hyperliquid,250,2026-09-29T20:26:50+00:00,stale_decision,False,True,,,,,,,,,,,,,,,,,,,,,,,,,,,,,,,,,,,,,,,,,,,,,,,
XAG,rh_lighter,hyperliquid,250,2026-09-29T20:26:55+00:00,one_entry_leg_unresolved,,,4.06,61.4755,61.403,249.59052999999997,249.29617999999996,missing_first_quote,eligible,2026-09-29T20:26:55.400000+00:00,2026-09-29T20:26:55.100000+00:00,,,,,2026-09-29T20:26:55.383183+00:00,2026-09-29T20:26:55.124000+00:00,61.403,157.21,,,,,,,,,,,,,,,,,,,,,,,,,,,,,,
XAG,rh_lighter,hyperliquid,250,2026-09-29T20:27:00+00:00,stale_decision,True,False,,,,,,,,,,,,,,,,,,,,,,,,,,,,,,,,,,,,,,,,,,,,,,,
XAG,rh_lighter,hyperliquid,250,2026-09-29T20:27:05+00:00,stale_decision,False,False,,,,,,,,,,,,,,,,,,,,,,,,,,,,,,,,,,,,,,,,,,,,,,,
XAG,rh_lighter,hyperliquid,250,2026-09-29T20:27:10+00:00,stale_decision,False,False,,,,,,,,,,,,,,,,,,,,,,,,,,,,,,,,,,,,,,,,,,,,,,,
XAG,rh_lighter,hyperliquid,250,2026-09-29T20:27:15+00:00,stale_decision,False,False,,,,,,,,,,,,,,,,,,,,,,,,,,,,,,,,,,,,,,,,,,,,,,,
XAG,rh_lighter,hyperliquid,250,2026-09-29T20:27:20+00:00,both_entry_legs_unresolved,,,4.06,61.4754,61.403,249.59012399999997,249.29617999999996,missing_first_quote,missing_first_quote,2026-09-29T20:27:20.400000+00:00,2026-09-29T20:27:20.100000+00:00,,,,,,,,,,,,,,,,,,,,,,,,,,,,,,,,,,,,,,
XAG,rh_lighter,hyperliquid,250,2026-09-29T20:27:25+00:00,stale_decision,False,False,,,,,,,,,,,,,,,,,,,,,,,,,,,,,,,,,,,,,,,,,,,,,,,
XAG,rh_lighter,hyperliquid,250,2026-09-29T20:27:30+00:00,stale_decision,False,True,,,,,,,,,,,,,,,,,,,,,,,,,,,,,,,,,,,,,,,,,,,,,,,
XAG,rh_lighter,hyperliquid,250,2026-09-29T20:27:35+00:00,stale_decision,False,True,,,,,,,,,,,,,,,,,,,,,,,,,,,,,,,,,,,,,,,,,,,,,,,
XAG,rh_lighter,hyperliquid,250,2026-09-29T20:27:40+00:00,stale_decision,False,False,,,,,,,,,,,,,,,,,,,,,,,,,,,,,,,,,,,,,,,,,,,,,,,
XAG,rh_lighter,hyperliquid,250,2026-09-29T20:27:45+00:00,stale_decision,True,False,,,,,,,,,,,,,,,,,,,,,,,,,,,,,,,,,,,,,,,,,,,,,,,
XAG,rh_lighter,hyperliquid,250,2026-09-29T20:27:50+00:00,stale_decision,False,False,,,,,,,,,,,,,,,,,,,,,,,,,,,,,,,,,,,,,,,,,,,,,,,
XAG,rh_lighter,hyperliquid,250,2026-09-29T20:27:55+00:00,stale_decision,False,True,,,,,,,,,,,,,,,,,,,,,,,,,,,,,,,,,,,,,,,,,,,,,,,
XAG,rh_lighter,hyperliquid,250,2026-09-29T20:28:00+00:00,stale_decision,False,False,,,,,,,,,,,,,,,,,,,,,,,,,,,,,,,,,,,,,,,,,,,,,,,
XAG,rh_lighter,hyperliquid,250,2026-09-29T20:28:05+00:00,decision_skew,,,,,,,,,,,,,,,,,,,,,,,,,,,,,,,,,,,,,,,,,,,,,,,,,
XAG,rh_lighter,hyperliquid,250,2026-09-29T20:28:10+00:00,stale_decision,False,False,,,,,,,,,,,,,,,,,,,,,,,,,,,,,,,,,,,,,,,,,,,,,,,
XAG,rh_lighter,hyperliquid,250,2026-09-29T20:28:15+00:00,stale_decision,False,False,,,,,,,,,,,,,,,,,,,,,,,,,,,,,,,,,,,,,,,,,,,,,,,
XAG,rh_lighter,hyperliquid,250,2026-09-29T20:28:20+00:00,stale_decision,False,True,,,,,,,,,,,,,,,,,,,,,,,,,,,,,,,,,,,,,,,,,,,,,,,
XAG,rh_lighter,hyperliquid,250,2026-09-29T20:28:25+00:00,stale_decision,False,True,,,,,,,,,,,,,,,,,,,,,,,,,,,,,,,,,,,,,,,,,,,,,,,
XAG,rh_lighter,hyperliquid,250,2026-09-29T20:28:30+00:00,stale_decision,False,True,,,,,,,,,,,,,,,,,,,,,,,,,,,,,,,,,,,,,,,,,,,,,,,
XAG,rh_lighter,hyperliquid,250,2026-09-29T20:28:35+00:00,stale_decision,False,True,,,,,,,,,,,,,,,,,,,,,,,,,,,,,,,,,,,,,,,,,,,,,,,
XAG,rh_lighter,hyperliquid,250,2026-09-29T20:28:40+00:00,stale_decision,False,True,,,,,,,,,,,,,,,,,,,,,,,,,,,,,,,,,,,,,,,,,,,,,,,
XAG,rh_lighter,hyperliquid,250,2026-09-29T20:28:45+00:00,stale_decision,False,True,,,,,,,,,,,,,,,,,,,,,,,,,,,,,,,,,,,,,,,,,,,,,,,
XAG,rh_lighter,hyperliquid,250,2026-09-29T20:28:50+00:00,stale_decision,True,False,,,,,,,,,,,,,,,,,,,,,,,,,,,,,,,,,,,,,,,,,,,,,,,
XAG,rh_lighter,hyperliquid,250,2026-09-29T20:28:55+00:00,stale_decision,False,False,,,,,,,,,,,,,,,,,,,,,,,,,,,,,,,,,,,,,,,,,,,,,,,
XAG,rh_lighter,hyperliquid,250,2026-09-29T20:29:00+00:00,stale_decision,False,True,,,,,,,,,,,,,,,,,,,,,,,,,,,,,,,,,,,,,,,,,,,,,,,
XAG,rh_lighter,hyperliquid,250,2026-09-29T20:29:05+00:00,decision_skew,,,,,,,,,,,,,,,,,,,,,,,,,,,,,,,,,,,,,,,,,,,,,,,,,
XAG,rh_lighter,hyperliquid,250,2026-09-29T20:29:10+00:00,decision_skew,,,,,,,,,,,,,,,,,,,,,,,,,,,,,,,,,,,,,,,,,,,,,,,,,
XAG,rh_lighter,hyperliquid,250,2026-09-29T20:29:15+00:00,stale_decision,False,True,,,,,,,,,,,,,,,,,,,,,,,,,,,,,,,,,,,,,,,,,,,,,,,
XAG,rh_lighter,hyperliquid,250,2026-09-29T20:29:20+00:00,stale_decision,True,False,,,,,,,,,,,,,,,,,,,,,,,,,,,,,,,,,,,,,,,,,,,,,,,
XAG,rh_lighter,hyperliquid,250,2026-09-29T20:29:25+00:00,stale_decision,False,False,,,,,,,,,,,,,,,,,,,,,,,,,,,,,,,,,,,,,,,,,,,,,,,
XAG,rh_lighter,hyperliquid,250,2026-09-29T20:29:30+00:00,stale_decision,False,True,,,,,,,,,,,,,,,,,,,,,,,,,,,,,,,,,,,,,,,,,,,,,,,
XAG,rh_lighter,hyperliquid,250,2026-09-29T20:29:35+00:00,one_entry_leg_unresolved,,,4.06,61.4862,61.423,249.63397199999997,249.37738,missing_first_quote,eligible,2026-09-29T20:29:35.400000+00:00,2026-09-29T20:29:35.100000+00:00,,,,,2026-09-29T20:29:35.510292+00:00,2026-09-29T20:29:35.241000+00:00,61.414,27.63,,,,,,,,,,,,,,,,,,,,,,,,,,,,,,
XAG,rh_lighter,hyperliquid,250,2026-09-29T20:29:40+00:00,decision_skew,,,,,,,,,,,,,,,,,,,,,,,,,,,,,,,,,,,,,,,,,,,,,,,,,
XAG,rh_lighter,hyperliquid,250,2026-09-29T20:29:45+00:00,stale_decision,False,True,,,,,,,,,,,,,,,,,,,,,,,,,,,,,,,,,,,,,,,,,,,,,,,
XAG,rh_lighter,hyperliquid,250,2026-09-29T20:29:50+00:00,stale_decision,False,True,,,,,,,,,,,,,,,,,,,,,,,,,,,,,,,,,,,,,,,,,,,,,,,
XAG,rh_lighter,hyperliquid,1000,2026-09-29T20:23:00+00:00,stale_decision,False,True,,,,,,,,,,,,,,,,,,,,,,,,,,,,,,,,,,,,,,,,,,,,,,,
XAG,rh_lighter,hyperliquid,1000,2026-09-29T20:23:05+00:00,stale_decision,False,True,,,,,,,,,,,,,,,,,,,,,,,,,,,,,,,,,,,,,,,,,,,,,,,
XAG,rh_lighter,hyperliquid,1000,2026-09-29T20:23:10+00:00,stale_decision,False,False,,,,,,,,,,,,,,,,,,,,,,,,,,,,,,,,,,,,,,,,,,,,,,,
XAG,rh_lighter,hyperliquid,1000,2026-09-29T20:23:15+00:00,stale_decision,False,False,,,,,,,,,,,,,,,,,,,,,,,,,,,,,,,,,,,,,,,,,,,,,,,
XAG,rh_lighter,hyperliquid,1000,2026-09-29T20:23:20+00:00,stale_decision,False,True,,,,,,,,,,,,,,,,,,,,,,,,,,,,,,,,,,,,,,,,,,,,,,,
XAG,rh_lighter,hyperliquid,1000,2026-09-29T20:23:25+00:00,both_exit_legs_unresolved,,,16.27,61.4576,61.383,999.9151519999999,998.70141,eligible,eligible,2026-09-29T20:23:25.400000+00:00,2026-09-29T20:23:25.100000+00:00,2026-09-29T20:23:26.100909+00:00,2026-09-29T20:23:26.034161+00:00,61.4576,76.05,2026-09-29T20:23:25.450641+00:00,2026-09-29T20:23:25.168000+00:00,61.381,49.62,missing_first_quote,missing_first_quote,2026-09-29T20:23:31.500909+00:00,2026-09-29T20:23:31.200909+00:00,2026-09-29T20:23:35+00:00,,,,,,,,,,,,,,,,,,,,,,,,,
XAG,rh_lighter,hyperliquid,1000,2026-09-29T20:23:30+00:00,stale_decision,False,False,,,,,,,,,,,,,,,,,,,,,,,,,,,,,,,,,,,,,,,,,,,,,,,
XAG,rh_lighter,hyperliquid,1000,2026-09-29T20:23:35+00:00,stale_decision,False,True,,,,,,,,,,,,,,,,,,,,,,,,,,,,,,,,,,,,,,,,,,,,,,,
XAG,rh_lighter,hyperliquid,1000,2026-09-29T20:23:40+00:00,stale_decision,False,False,,,,,,,,,,,,,,,,,,,,,,,,,,,,,,,,,,,,,,,,,,,,,,,
XAG,rh_lighter,hyperliquid,1000,2026-09-29T20:23:45+00:00,stale_decision,False,True,,,,,,,,,,,,,,,,,,,,,,,,,,,,,,,,,,,,,,,,,,,,,,,
XAG,rh_lighter,hyperliquid,1000,2026-09-29T20:23:50+00:00,decision_skew,,,,,,,,,,,,,,,,,,,,,,,,,,,,,,,,,,,,,,,,,,,,,,,,,
XAG,rh_lighter,hyperliquid,1000,2026-09-29T20:23:55+00:00,stale_decision,False,True,,,,,,,,,,,,,,,,,,,,,,,,,,,,,,,,,,,,,,,,,,,,,,,
XAG,rh_lighter,hyperliquid,1000,2026-09-29T20:24:00+00:00,stale_decision,False,True,,,,,,,,,,,,,,,,,,,,,,,,,,,,,,,,,,,,,,,,,,,,,,,
XAG,rh_lighter,hyperliquid,1000,2026-09-29T20:24:05+00:00,stale_decision,False,True,,,,,,,,,,,,,,,,,,,,,,,,,,,,,,,,,,,,,,,,,,,,,,,
XAG,rh_lighter,hyperliquid,1000,2026-09-29T20:24:10+00:00,stale_decision,False,False,,,,,,,,,,,,,,,,,,,,,,,,,,,,,,,,,,,,,,,,,,,,,,,
XAG,rh_lighter,hyperliquid,1000,2026-09-29T20:24:15+00:00,stale_decision,False,True,,,,,,,,,,,,,,,,,,,,,,,,,,,,,,,,,,,,,,,,,,,,,,,
XAG,rh_lighter,hyperliquid,1000,2026-09-29T20:24:20+00:00,both_entry_legs_unresolved,,,16.27,61.4522,61.383,999.8272939999999,998.70141,missing_first_quote,shallow_first_quote,2026-09-29T20:24:20.400000+00:00,2026-09-29T20:24:20.100000+00:00,,,,,2026-09-29T20:24:20.474078+00:00,2026-09-29T20:24:20.124000+00:00,61.374,0.17,,,,,,,,,,,,,,,,,,,,,,,,,,,,,,
XAG,rh_lighter,hyperliquid,1000,2026-09-29T20:24:25+00:00,stale_decision,False,True,,,,,,,,,,,,,,,,,,,,,,,,,,,,,,,,,,,,,,,,,,,,,,,
XAG,rh_lighter,hyperliquid,1000,2026-09-29T20:24:30+00:00,stale_decision,False,True,,,,,,,,,,,,,,,,,,,,,,,,,,,,,,,,,,,,,,,,,,,,,,,
XAG,rh_lighter,hyperliquid,1000,2026-09-29T20:24:35+00:00,one_entry_leg_unresolved,,,16.27,61.4525,61.371,999.832175,998.50617,missing_first_quote,eligible,2026-09-29T20:24:35.400000+00:00,2026-09-29T20:24:35.100000+00:00,,,,,2026-09-29T20:24:35.715949+00:00,2026-09-29T20:24:35.427000+00:00,61.37,210.1,,,,,,,,,,,,,,,,,,,,,,,,,,,,,,
XAG,rh_lighter,hyperliquid,1000,2026-09-29T20:24:40+00:00,stale_decision,False,False,,,,,,,,,,,,,,,,,,,,,,,,,,,,,,,,,,,,,,,,,,,,,,,
XAG,rh_lighter,hyperliquid,1000,2026-09-29T20:24:45+00:00,stale_decision,False,True,,,,,,,,,,,,,,,,,,,,,,,,,,,,,,,,,,,,,,,,,,,,,,,
XAG,rh_lighter,hyperliquid,1000,2026-09-29T20:24:50+00:00,decision_skew,,,,,,,,,,,,,,,,,,,,,,,,,,,,,,,,,,,,,,,,,,,,,,,,,
XAG,rh_lighter,hyperliquid,1000,2026-09-29T20:24:55+00:00,stale_decision,False,True,,,,,,,,,,,,,,,,,,,,,,,,,,,,,,,,,,,,,,,,,,,,,,,
XAG,rh_lighter,hyperliquid,1000,2026-09-29T20:25:00+00:00,one_entry_leg_unresolved,,,16.27,61.4543,61.378,999.8614610000001,998.62006,missing_first_quote,eligible,2026-09-29T20:25:00.400000+00:00,2026-09-29T20:25:00.100000+00:00,,,,,2026-09-29T20:25:00.769994+00:00,2026-09-29T20:25:00.352000+00:00,61.379,24.31,,,,,,,,,,,,,,,,,,,,,,,,,,,,,,
XAG,rh_lighter,hyperliquid,1000,2026-09-29T20:25:05+00:00,stale_decision,False,True,,,,,,,,,,,,,,,,,,,,,,,,,,,,,,,,,,,,,,,,,,,,,,,
XAG,rh_lighter,hyperliquid,1000,2026-09-29T20:25:10+00:00,stale_decision,False,True,,,,,,,,,,,,,,,,,,,,,,,,,,,,,,,,,,,,,,,,,,,,,,,
XAG,rh_lighter,hyperliquid,1000,2026-09-29T20:25:15+00:00,decision_skew,,,,,,,,,,,,,,,,,,,,,,,,,,,,,,,,,,,,,,,,,,,,,,,,,
XAG,rh_lighter,hyperliquid,1000,2026-09-29T20:25:20+00:00,both_entry_legs_unresolved,,,16.26,61.4629,61.381,999.3867540000001,998.0550600000001,shallow_first_quote,missing_first_quote,2026-09-29T20:25:20.400000+00:00,2026-09-29T20:25:20.100000+00:00,2026-09-29T20:25:20.963959+00:00,2026-09-29T20:25:20.888612+00:00,61.463,8.13,,,,,,,,,,,,,,,,,,,,,,,,,,,,,,,,,,
XAG,rh_lighter,hyperliquid,1000,2026-09-29T20:25:25+00:00,decision_skew,,,,,,,,,,,,,,,,,,,,,,,,,,,,,,,,,,,,,,,,,,,,,,,,,
XAG,rh_lighter,hyperliquid,1000,2026-09-29T20:25:30+00:00,stale_decision,False,True,,,,,,,,,,,,,,,,,,,,,,,,,,,,,,,,,,,,,,,,,,,,,,,
XAG,rh_lighter,hyperliquid,1000,2026-09-29T20:25:35+00:00,one_entry_leg_unresolved,,,16.27,61.4627,61.382,999.998129,998.6851399999999,eligible,missing_first_quote,2026-09-29T20:25:35.400000+00:00,2026-09-29T20:25:35.100000+00:00,2026-09-29T20:25:36.396446+00:00,2026-09-29T20:25:36.322273+00:00,61.4627,75.84,,,,,,,,,,,,,,,,,,,,,,,,,,,,,,,,,,
XAG,rh_lighter,hyperliquid,1000,2026-09-29T20:25:40+00:00,one_entry_leg_unresolved,,,16.27,61.4627,61.385,999.998129,998.7339499999999,missing_first_quote,eligible,2026-09-29T20:25:40.400000+00:00,2026-09-29T20:25:40.100000+00:00,,,,,2026-09-29T20:25:40.911183+00:00,2026-09-29T20:25:40.510000+00:00,61.386,377.97,,,,,,,,,,,,,,,,,,,,,,,,,,,,,,
XAG,rh_lighter,hyperliquid,1000,2026-09-29T20:25:45+00:00,stale_decision,False,True,,,,,,,,,,,,,,,,,,,,,,,,,,,,,,,,,,,,,,,,,,,,,,,
XAG,rh_lighter,hyperliquid,1000,2026-09-29T20:25:50+00:00,decision_skew,,,,,,,,,,,,,,,,,,,,,,,,,,,,,,,,,,,,,,,,,,,,,,,,,
XAG,rh_lighter,hyperliquid,1000,2026-09-29T20:25:55+00:00,both_entry_legs_unresolved,,,16.27,61.4621,61.39,999.9883669999999,998.8153,missing_first_quote,missing_first_quote,2026-09-29T20:25:55.400000+00:00,2026-09-29T20:25:55.100000+00:00,,,,,,,,,,,,,,,,,,,,,,,,,,,,,,,,,,,,,,
XAG,rh_lighter,hyperliquid,1000,2026-09-29T20:26:00+00:00,one_entry_leg_unresolved,,,16.27,61.4621,61.39,999.9883669999999,998.8153,eligible,missing_first_quote,2026-09-29T20:26:00.400000+00:00,2026-09-29T20:26:00.100000+00:00,2026-09-29T20:26:00.497823+00:00,2026-09-29T20:26:00.432555+00:00,61.4621,155.41,,,,,,,,,,,,,,,,,,,,,,,,,,,,,,,,,,
XAG,rh_lighter,hyperliquid,1000,2026-09-29T20:26:05+00:00,stale_decision,False,False,,,,,,,,,,,,,,,,,,,,,,,,,,,,,,,,,,,,,,,,,,,,,,,
XAG,rh_lighter,hyperliquid,1000,2026-09-29T20:26:10+00:00,stale_decision,True,False,,,,,,,,,,,,,,,,,,,,,,,,,,,,,,,,,,,,,,,,,,,,,,,
XAG,rh_lighter,hyperliquid,1000,2026-09-29T20:26:15+00:00,both_entry_legs_unresolved,,,16.26,61.4724,61.397,999.541224,998.3152200000001,missing_first_quote,missing_first_quote,2026-09-29T20:26:15.400000+00:00,2026-09-29T20:26:15.100000+00:00,,,,,,,,,,,,,,,,,,,,,,,,,,,,,,,,,,,,,,
XAG,rh_lighter,hyperliquid,1000,2026-09-29T20:26:20+00:00,one_entry_leg_unresolved,,,16.26,61.472,61.397,999.5347200000001,998.3152200000001,missing_first_quote,eligible,2026-09-29T20:26:20.400000+00:00,2026-09-29T20:26:20.100000+00:00,,,,,2026-09-29T20:26:20.615645+00:00,2026-09-29T20:26:20.286000+00:00,61.397,44.6,,,,,,,,,,,,,,,,,,,,,,,,,,,,,,
XAG,rh_lighter,hyperliquid,1000,2026-09-29T20:26:25+00:00,one_entry_leg_unresolved,,,16.26,61.472,61.395,999.5347200000001,998.2827000000001,missing_first_quote,eligible,2026-09-29T20:26:25.400000+00:00,2026-09-29T20:26:25.100000+00:00,,,,,2026-09-29T20:26:25.518119+00:00,2026-09-29T20:26:25.188000+00:00,61.397,123.34,,,,,,,,,,,,,,,,,,,,,,,,,,,,,,
XAG,rh_lighter,hyperliquid,1000,2026-09-29T20:26:30+00:00,one_entry_leg_unresolved,,,16.26,61.4721,61.398,999.5363460000001,998.3314800000002,eligible,missing_first_quote,2026-09-29T20:26:30.400000+00:00,2026-09-29T20:26:30.100000+00:00,2026-09-29T20:26:30.609977+00:00,2026-09-29T20:26:30.543911+00:00,61.472,20.09,,,,,,,,,,,,,,,,,,,,,,,,,,,,,,,,,,
XAG,rh_lighter,hyperliquid,1000,2026-09-29T20:26:35+00:00,stale_decision,False,False,,,,,,,,,,,,,,,,,,,,,,,,,,,,,,,,,,,,,,,,,,,,,,,
XAG,rh_lighter,hyperliquid,1000,2026-09-29T20:26:40+00:00,both_entry_legs_unresolved,,,16.26,61.472,61.399,999.5347200000001,998.3477400000002,missing_first_quote,missing_first_quote,2026-09-29T20:26:40.400000+00:00,2026-09-29T20:26:40.100000+00:00,,,,,,,,,,,,,,,,,,,,,,,,,,,,,,,,,,,,,,
XAG,rh_lighter,hyperliquid,1000,2026-09-29T20:26:45+00:00,decision_skew,,,,,,,,,,,,,,,,,,,,,,,,,,,,,,,,,,,,,,,,,,,,,,,,,
XAG,rh_lighter,hyperliquid,1000,2026-09-29T20:26:50+00:00,stale_decision,False,True,,,,,,,,,,,,,,,,,,,,,,,,,,,,,,,,,,,,,,,,,,,,,,,
XAG,rh_lighter,hyperliquid,1000,2026-09-29T20:26:55+00:00,one_entry_leg_unresolved,,,16.26,61.4755,61.403,999.59163,998.4127800000001,missing_first_quote,eligible,2026-09-29T20:26:55.400000+00:00,2026-09-29T20:26:55.100000+00:00,,,,,2026-09-29T20:26:55.383183+00:00,2026-09-29T20:26:55.124000+00:00,61.403,157.21,,,,,,,,,,,,,,,,,,,,,,,,,,,,,,
XAG,rh_lighter,hyperliquid,1000,2026-09-29T20:27:00+00:00,stale_decision,True,False,,,,,,,,,,,,,,,,,,,,,,,,,,,,,,,,,,,,,,,,,,,,,,,
XAG,rh_lighter,hyperliquid,1000,2026-09-29T20:27:05+00:00,stale_decision,False,False,,,,,,,,,,,,,,,,,,,,,,,,,,,,,,,,,,,,,,,,,,,,,,,
XAG,rh_lighter,hyperliquid,1000,2026-09-29T20:27:10+00:00,stale_decision,False,False,,,,,,,,,,,,,,,,,,,,,,,,,,,,,,,,,,,,,,,,,,,,,,,
XAG,rh_lighter,hyperliquid,1000,2026-09-29T20:27:15+00:00,stale_decision,False,False,,,,,,,,,,,,,,,,,,,,,,,,,,,,,,,,,,,,,,,,,,,,,,,
XAG,rh_lighter,hyperliquid,1000,2026-09-29T20:27:20+00:00,both_entry_legs_unresolved,,,16.26,61.4754,61.403,999.5900040000001,998.4127800000001,missing_first_quote,missing_first_quote,2026-09-29T20:27:20.400000+00:00,2026-09-29T20:27:20.100000+00:00,,,,,,,,,,,,,,,,,,,,,,,,,,,,,,,,,,,,,,
XAG,rh_lighter,hyperliquid,1000,2026-09-29T20:27:25+00:00,stale_decision,False,False,,,,,,,,,,,,,,,,,,,,,,,,,,,,,,,,,,,,,,,,,,,,,,,
XAG,rh_lighter,hyperliquid,1000,2026-09-29T20:27:30+00:00,stale_decision,False,True,,,,,,,,,,,,,,,,,,,,,,,,,,,,,,,,,,,,,,,,,,,,,,,
XAG,rh_lighter,hyperliquid,1000,2026-09-29T20:27:35+00:00,stale_decision,False,True,,,,,,,,,,,,,,,,,,,,,,,,,,,,,,,,,,,,,,,,,,,,,,,
XAG,rh_lighter,hyperliquid,1000,2026-09-29T20:27:40+00:00,stale_decision,False,False,,,,,,,,,,,,,,,,,,,,,,,,,,,,,,,,,,,,,,,,,,,,,,,
XAG,rh_lighter,hyperliquid,1000,2026-09-29T20:27:45+00:00,stale_decision,True,False,,,,,,,,,,,,,,,,,,,,,,,,,,,,,,,,,,,,,,,,,,,,,,,
XAG,rh_lighter,hyperliquid,1000,2026-09-29T20:27:50+00:00,stale_decision,False,False,,,,,,,,,,,,,,,,,,,,,,,,,,,,,,,,,,,,,,,,,,,,,,,
XAG,rh_lighter,hyperliquid,1000,2026-09-29T20:27:55+00:00,stale_decision,False,True,,,,,,,,,,,,,,,,,,,,,,,,,,,,,,,,,,,,,,,,,,,,,,,
XAG,rh_lighter,hyperliquid,1000,2026-09-29T20:28:00+00:00,stale_decision,False,False,,,,,,,,,,,,,,,,,,,,,,,,,,,,,,,,,,,,,,,,,,,,,,,
XAG,rh_lighter,hyperliquid,1000,2026-09-29T20:28:05+00:00,decision_skew,,,,,,,,,,,,,,,,,,,,,,,,,,,,,,,,,,,,,,,,,,,,,,,,,
XAG,rh_lighter,hyperliquid,1000,2026-09-29T20:28:10+00:00,stale_decision,False,False,,,,,,,,,,,,,,,,,,,,,,,,,,,,,,,,,,,,,,,,,,,,,,,
XAG,rh_lighter,hyperliquid,1000,2026-09-29T20:28:15+00:00,stale_decision,False,False,,,,,,,,,,,,,,,,,,,,,,,,,,,,,,,,,,,,,,,,,,,,,,,
XAG,rh_lighter,hyperliquid,1000,2026-09-29T20:28:20+00:00,stale_decision,False,True,,,,,,,,,,,,,,,,,,,,,,,,,,,,,,,,,,,,,,,,,,,,,,,
XAG,rh_lighter,hyperliquid,1000,2026-09-29T20:28:25+00:00,stale_decision,False,True,,,,,,,,,,,,,,,,,,,,,,,,,,,,,,,,,,,,,,,,,,,,,,,
XAG,rh_lighter,hyperliquid,1000,2026-09-29T20:28:30+00:00,stale_decision,False,True,,,,,,,,,,,,,,,,,,,,,,,,,,,,,,,,,,,,,,,,,,,,,,,
XAG,rh_lighter,hyperliquid,1000,2026-09-29T20:28:35+00:00,stale_decision,False,True,,,,,,,,,,,,,,,,,,,,,,,,,,,,,,,,,,,,,,,,,,,,,,,
XAG,rh_lighter,hyperliquid,1000,2026-09-29T20:28:40+00:00,stale_decision,False,True,,,,,,,,,,,,,,,,,,,,,,,,,,,,,,,,,,,,,,,,,,,,,,,
XAG,rh_lighter,hyperliquid,1000,2026-09-29T20:28:45+00:00,stale_decision,False,True,,,,,,,,,,,,,,,,,,,,,,,,,,,,,,,,,,,,,,,,,,,,,,,
XAG,rh_lighter,hyperliquid,1000,2026-09-29T20:28:50+00:00,stale_decision,True,False,,,,,,,,,,,,,,,,,,,,,,,,,,,,,,,,,,,,,,,,,,,,,,,
XAG,rh_lighter,hyperliquid,1000,2026-09-29T20:28:55+00:00,stale_decision,False,False,,,,,,,,,,,,,,,,,,,,,,,,,,,,,,,,,,,,,,,,,,,,,,,
XAG,rh_lighter,hyperliquid,1000,2026-09-29T20:29:00+00:00,stale_decision,False,True,,,,,,,,,,,,,,,,,,,,,,,,,,,,,,,,,,,,,,,,,,,,,,,
XAG,rh_lighter,hyperliquid,1000,2026-09-29T20:29:05+00:00,decision_skew,,,,,,,,,,,,,,,,,,,,,,,,,,,,,,,,,,,,,,,,,,,,,,,,,
XAG,rh_lighter,hyperliquid,1000,2026-09-29T20:29:10+00:00,decision_skew,,,,,,,,,,,,,,,,,,,,,,,,,,,,,,,,,,,,,,,,,,,,,,,,,
XAG,rh_lighter,hyperliquid,1000,2026-09-29T20:29:15+00:00,stale_decision,False,True,,,,,,,,,,,,,,,,,,,,,,,,,,,,,,,,,,,,,,,,,,,,,,,
XAG,rh_lighter,hyperliquid,1000,2026-09-29T20:29:20+00:00,stale_decision,True,False,,,,,,,,,,,,,,,,,,,,,,,,,,,,,,,,,,,,,,,,,,,,,,,
XAG,rh_lighter,hyperliquid,1000,2026-09-29T20:29:25+00:00,stale_decision,False,False,,,,,,,,,,,,,,,,,,,,,,,,,,,,,,,,,,,,,,,,,,,,,,,
XAG,rh_lighter,hyperliquid,1000,2026-09-29T20:29:30+00:00,stale_decision,False,True,,,,,,,,,,,,,,,,,,,,,,,,,,,,,,,,,,,,,,,,,,,,,,,
XAG,rh_lighter,hyperliquid,1000,2026-09-29T20:29:35+00:00,one_entry_leg_unresolved,,,16.26,61.4862,61.423,999.765612,998.7379800000001,missing_first_quote,eligible,2026-09-29T20:29:35.400000+00:00,2026-09-29T20:29:35.100000+00:00,,,,,2026-09-29T20:29:35.510292+00:00,2026-09-29T20:29:35.241000+00:00,61.414,27.63,,,,,,,,,,,,,,,,,,,,,,,,,,,,,,
XAG,rh_lighter,hyperliquid,1000,2026-09-29T20:29:40+00:00,decision_skew,,,,,,,,,,,,,,,,,,,,,,,,,,,,,,,,,,,,,,,,,,,,,,,,,
XAG,rh_lighter,hyperliquid,1000,2026-09-29T20:29:45+00:00,stale_decision,False,True,,,,,,,,,,,,,,,,,,,,,,,,,,,,,,,,,,,,,,,,,,,,,,,
XAG,rh_lighter,hyperliquid,1000,2026-09-29T20:29:50+00:00,stale_decision,False,True,,,,,,,,,,,,,,,,,,,,,,,,,,,,,,,,,,,,,,,,,,,,,,,
