asset,budget_usd,anchor_ns,exit_due_ns,exit_observed_ns,q,rh_maker_bid,rh_exit_proceeds,hl_fee_bps_per_taker,core_standard_fee_bps_per_taker,hl_gross,hl_fee,hl_reserve,hl_net_before_reserve,hl_net_after_reserve,hl_rh_entry,hl_rh_exit,hl_hedge_entry,hl_hedge_exit,core_gross,core_fee,core_reserve,core_net_before_reserve,core_net_after_reserve,core_rh_entry,core_rh_exit,core_hedge_entry,core_hedge_exit,core_minus_hl_net_after_reserve,core_premium_2p8_net_after_reserve
BTC,100,1790710750929539848,1790710760929539848,1790710761687070954,0.00119,83504.2,99.383802,4.5,0,-0.000756,0.089452188,0.04969202,-0.090208188,-0.139900208,99.369998,99.383802,99.384040,99.398600,0.003689,0.000000,0.0496902945,0.003689,-0.0460012945,99.369998,99.383802,99.380589,99.390704,0.0938989135,-0.10165725654
BTC,250,1790710750929539848,1790710760929539848,1790710761687070954,0.00299,83504.2,249.712242,4.5,0,-0.003276,0.224758638,0.12485642,-0.228034638,-0.352891058,249.677558,249.712242,249.712840,249.750800,0.009269,0.000000,0.1248520845,0.009269,-0.1155830845,249.677558,249.712242,249.704169,249.729584,0.2373079735,-0.25542453534
BTC,500,1790710750929539848,1790710760929539848,1790710761687070954,0.00598,83504.2,499.416644,4.5,0,-0.015302,0.4495176855,0.24971284,-0.4648196855,-0.7145325255,499.355116,499.416644,499.425680,499.502510,0.010698,0.000000,0.249704169,0.010698,-0.239006169,499.355116,499.416644,499.408338,499.459168,0.4755263565,-0.51868907068
BTC,1000,1790710750929539848,1790710760929539848,1790710761687070954,0.01197,83504.2,999.628366,4.5,0,-0.071608,0.899787483,0.49984326,-0.971395483,-1.471238743,999.545274,999.628366,999.686520,999.841220,-0.018653,0.000000,0.4998259035,-0.018653,-0.5184789035,999.545274,999.628366,999.651807,999.753552,0.9527598395,-1.07831240402
BTC,100,1790710756285382378,1790710766285382378,1790710767129856352,0.00119,83505.0,99.370117,4.5,0,-0.002023,0.0894515265,0.049694995,-0.0914745265,-0.1411695215,99.370950,99.370117,99.389990,99.391180,0.000000,0.000000,0.0496907705,0.000000,-0.0496907705,99.370950,99.370117,99.381541,99.380708,0.0914787510,-0.10534420022
BTC,250,1790710756285382378,1790710766285382378,1790710767129856352,0.00299,83505.0,249.677857,4.5,0,-0.005083,0.2247563565,0.124863895,-0.2298393565,-0.3547032515,249.679950,249.677857,249.727790,249.730780,0.000000,0.000000,0.1248532805,0.000000,-0.1248532805,249.679950,249.677857,249.706561,249.704468,0.2298499710,-0.26468836862
BTC,500,1790710756285382378,1790710766285382378,1790710767129856352,0.00598,83505.0,499.352970,4.5,0,-0.012910,0.449512713,0.24972779,-0.462422713,-0.712150503,499.359900,499.352970,499.455580,499.461560,-0.002744,0.000000,0.249706561,-0.002744,-0.252450561,499.359900,499.352970,499.413122,499.408936,0.459699942,-0.53212073724
BTC,1000,1790710756285382378,1790710766285382378,1790710767129856352,0.01197,83505.0,999.526955,4.5,0,-0.039865,0.8997771195,0.499873185,-0.9396421195,-1.4395153045,999.554850,999.526955,999.746370,999.758340,-0.019516,0.000000,0.4998306915,-0.019516,-0.5193466915,999.554850,999.526955,999.661383,999.653004,0.9201686130,-1.07915471986
BTC,100,1790710761687070954,1790710771687070954,1790710772183386939,0.00119,83515.8,99.371327,4.5,0,-0.013665,0.0894515265,0.049694995,-0.1031165265,-0.1528115215,99.383802,99.371327,99.389990,99.391180,-0.006406,0.000000,0.049692377,-0.006406,-0.056098377,99.383802,99.371327,99.384754,99.378685,0.0967131445,-0.11175213992
BTC,250,1790710761687070954,1790710771687070954,1790710772183386939,0.00299,83515.8,249.680867,4.5,0,-0.034365,0.2247563565,0.124863895,-0.2591213565,-0.3839852515,249.712242,249.680867,249.727790,249.730780,-0.016126,0.000000,0.124857317,-0.016126,-0.140983317,249.712242,249.680867,249.714634,249.699385,0.2430019345,-0.28081924232
BTC,500,1790710761687070954,1790710771687070954,1790710772183386939,0.00598,83515.8,499.358750,4.5,0,-0.071714,0.449512713,0.24972779,-0.521226713,-0.770954503,499.424484,499.358750,499.455580,499.461560,-0.036426,0.000000,0.249714634,-0.036426,-0.286140634,499.424484,499.358750,499.429268,499.399960,0.484813869,-0.56581281784
BTC,1000,1790710761687070954,1790710771687070954,1790710772183386939,0.01197,83515.8,999.532735,4.5,0,-0.163361,0.8997771195,0.499873185,-1.0631381195,-1.5630113045,999.684126,999.532735,999.746370,999.758340,-0.100124,0.000000,0.499845551,-0.100124,-0.599969551,999.684126,999.532735,999.691102,999.639835,0.9630417535,-1.15978221336
BTC,100,1790710767129856352,1790710777129856352,1790710777469444661,0.00119,83504.3,99.369661,4.5,0,-0.001646,0.0894515265,0.049694995,-0.0910975265,-0.1407925215,99.370117,99.369661,99.389990,99.391180,-0.005216,0.000000,0.049686903,-0.005216,-0.054902903,99.370117,99.369661,99.373806,99.378566,0.0858896185,-0.11055356716
BTC,250,1790710767129856352,1790710777129856352,1790710777469444661,0.00299,83504.3,249.676681,4.5,0,-0.004166,0.2247563565,0.124863895,-0.2289223565,-0.3537862515,249.677857,249.676681,249.727790,249.730780,-0.013136,0.000000,0.124843563,-0.013136,-0.137979563,249.677857,249.676681,249.687126,249.699086,0.2158066885,-0.27780770236
BTC,500,1790710767129856352,1790710777129856352,1790710777469444661,0.00598,83504.3,499.351470,4.5,0,-0.010224,0.449512713,0.24972779,-0.459736713,-0.709464503,499.355714,499.351470,499.455580,499.461560,-0.028164,0.000000,0.249687126,-0.028164,-0.277851126,499.355714,499.351470,499.374252,499.398172,0.431613377,-0.55750740472
BTC,1000,1790710767129856352,1790710777129856352,1790710777469444661,0.01197,83504.3,999.525455,4.5,0,-0.032986,0.8997771195,0.499873185,-0.9327631195,-1.4326363045,999.546471,999.525455,999.746370,999.758340,-0.068896,0.000000,0.499791789,-0.068896,-0.568687789,999.546471,999.525455,999.583578,999.631458,0.8639485155,-1.12846799908
BTC,100,1790710772183386939,1790710782183386939,1790710782485272446,0.00119,83505.4,99.360002,4.5,0,-0.012614,0.0894515265,0.049694995,-0.1020655265,-0.1517605215,99.371426,99.360002,99.389990,99.391180,-0.008449,0.000000,0.0496864865,-0.008449,-0.0581354865,99.371426,99.360002,99.372973,99.369998,0.0936250350,-0.11378351838
BTC,250,1790710772183386939,1790710782183386939,1790710782485272446,0.00299,83505.4,249.652442,4.5,0,-0.031694,0.2247563565,0.124863895,-0.2564503565,-0.3813142515,249.681146,249.652442,249.727790,249.730780,-0.021229,0.000000,0.1248425165,-0.021229,-0.1460715165,249.681146,249.652442,249.685033,249.677558,0.2352427350,-0.28589304198
BTC,500,1790710772183386939,1790710782183386939,1790710782485272446,0.00598,83505.4,499.304884,4.5,0,-0.063388,0.449512713,0.24972779,-0.512900713,-0.762628503,499.362292,499.304884,499.455580,499.461560,-0.042458,0.000000,0.249685033,-0.042458,-0.292143033,499.362292,499.304884,499.370066,499.355116,0.470485470,-0.57178608396
BTC,1000,1790710772183386939,1790710782183386939,1790710782485272446,0.01197,83505.4,999.444726,4.5,0,-0.126882,0.8997771195,0.499873185,-1.0266591195,-1.5265323045,999.559638,999.444726,999.746370,999.758340,-0.084987,0.000000,0.4997875995,-0.084987,-0.5847745995,999.559638,999.444726,999.575199,999.545274,0.9417577050,-1.14452833194
BTC,100,1790710777469444661,1790710787469444661,1790710787918242314,0.00119,83504.0,99.360002,4.5,0,-0.010948,0.0894515265,0.049694995,-0.1003995265,-0.1500945215,99.369760,99.360002,99.389990,99.391180,-0.007021,0.000000,0.049686427,-0.007021,-0.056707427,99.369760,99.360002,99.372854,99.370117,0.0933870945,-0.11235545888
BTC,250,1790710777469444661,1790710787469444661,1790710787918242314,0.00299,83504.0,249.652442,4.5,0,-0.027508,0.2247563565,0.124863895,-0.2522643565,-0.3771282515,249.676960,249.652442,249.727790,249.730780,-0.017641,0.000000,0.124842367,-0.017641,-0.142483367,249.676960,249.652442,249.684734,249.677857,0.2346448845,-0.28230489248
BTC,500,1790710777469444661,1790710787469444661,1790710787918242314,0.00598,83504.0,499.304884,4.5,0,-0.055016,0.449512713,0.24972779,-0.504528713,-0.754256503,499.353920,499.304884,499.455580,499.461560,-0.035282,0.000000,0.249684734,-0.035282,-0.284966734,499.353920,499.304884,499.369468,499.355714,0.469289769,-0.56460978496
BTC,1000,1790710777469444661,1790710787469444661,1790710787918242314,0.01197,83504.0,999.444726,4.5,0,-0.110124,0.8997771195,0.499873185,-1.0099011195,-1.5097743045,999.542880,999.444726,999.746370,999.758340,-0.070623,0.000000,0.499787001,-0.070623,-0.570410001,999.542880,999.444726,999.574002,999.546471,0.9393643035,-1.13016373344
BTC,100,1790710782485272446,1790710792485272446,1790710793323321752,0.00119,83495.8,99.360420,4.5,0,0.004478,0.089448534,0.049694645,-0.084970534,-0.134665179,99.360002,99.360420,99.389290,99.385230,-0.010411,0.000000,0.0496817265,-0.010411,-0.0600927265,99.360002,99.360420,99.363453,99.374282,0.0745724525,-0.1157392923
BTC,250,1790710782485272446,1790710792485272446,1790710793323321752,0.00299,83495.8,249.653220,4.5,0,0.003728,0.2247455745,0.12485939,-0.2210175745,-0.3458769645,249.652442,249.653220,249.718780,249.715830,-0.026431,0.000000,0.1248305565,-0.026431,-0.1512615565,249.652442,249.653220,249.661113,249.688322,0.1946154080,-0.2910793983
BTC,500,1790710782485272446,1790710792485272446,1790710793323321752,0.00598,83495.8,499.306260,4.5,0,0.001336,0.449488476,0.24971581,-0.448152476,-0.697868286,499.304884,499.306260,499.431620,499.431660,-0.053042,0.000000,0.249661113,-0.053042,-0.302703113,499.304884,499.306260,499.322226,499.376644,0.395165173,-0.5823387966
BTC,1000,1790710782485272446,1790710792485272446,1790710793323321752,0.01197,83495.8,999.447300,4.5,0,-0.003456,0.8997259275,0.49984623,-0.9031819275,-1.4030281575,999.444726,999.447300,999.692460,999.698490,-0.106353,0.000000,0.4997397195,-0.106353,-0.6060927195,999.444726,999.447300,999.479439,999.588366,0.7969354380,-1.1658317049
BTC,100,1790710787918242314,1790710797918242314,1790710798761801552,0.00119,83495.8,99.364643,4.5,0,0.008701,0.089448534,0.049694645,-0.080747534,-0.130442179,99.360002,99.364643,99.389290,99.385230,-0.003570,0.000000,0.0496823215,-0.003570,-0.0532523215,99.360002,99.364643,99.364643,99.372854,0.0771898575,-0.10889882066
BTC,250,1790710787918242314,1790710797918242314,1790710798761801552,0.00299,83495.8,249.664103,4.5,0,0.014611,0.2247455745,0.12485939,-0.2101345745,-0.3349939645,249.652442,249.664103,249.718780,249.715830,-0.008970,0.000000,0.1248320515,-0.008970,-0.1338020515,249.652442,249.664103,249.664103,249.684734,0.2011919130,-0.27361972586
BTC,500,1790710787918242314,1790710797918242314,1790710798761801552,0.00598,83495.8,499.324918,4.5,0,0.019994,0.449488476,0.24971581,-0.429494476,-0.679210286,499.304884,499.324918,499.431620,499.431660,-0.021228,0.000000,0.249664103,-0.021228,-0.270892103,499.304884,499.324918,499.328206,499.369468,0.408318183,-0.55052745172
BTC,1000,1790710787918242314,1790710797918242314,1790710798761801552,0.01197,83495.8,999.447062,4.5,0,-0.003694,0.8997259275,0.49984623,-0.9034199275,-1.4032661575,999.444726,999.447062,999.692460,999.698490,-0.080257,0.000000,0.4997457045,-0.080257,-0.5800027045,999.444726,999.447062,999.491409,999.574002,0.8232634530,-1.13974101958
BTC,100,1790710793323321752,1790710803323321752,1790710804134437563,0.00119,83496.5,99.363572,4.5,0,0.001547,0.0894461715,0.04969202,-0.0878991715,-0.1375911915,99.360835,99.363572,99.384040,99.385230,0.006783,0.000000,0.0496870815,0.006783,-0.0429040815,99.360835,99.363572,99.374163,99.370117,0.0946871100,-0.0985524799
BTC,250,1790710793323321752,1790710803323321752,1790710804134437563,0.00299,83496.5,249.661412,4.5,0,0.003887,0.2247429015,0.12485642,-0.2208559015,-0.3457123215,249.654535,249.661412,249.712840,249.715830,0.014691,0.000000,0.1248428355,0.014691,-0.1101518355,249.654535,249.661412,249.685671,249.677857,0.2355604860,-0.24997362334
BTC,500,1790710793323321752,1790710803323321752,1790710804134437563,0.00598,83496.5,499.319388,4.5,0,0.004338,0.449485803,0.24971284,-0.445147803,-0.694860643,499.309070,499.319388,499.425680,499.431660,0.021122,0.000000,0.249683259,0.021122,-0.228561259,499.309070,499.319388,499.366518,499.355714,0.466299384,-0.50820348396
BTC,1000,1790710793323321752,1790710803323321752,1790710804134437563,0.01197,83496.5,999.440062,4.5,0,-0.025013,0.8997232545,0.49984326,-0.9247362545,-1.4245795145,999.453105,999.440062,999.686520,999.698490,0.003751,0.000000,0.4997816325,0.003751,-0.4960306325,999.453105,999.440062,999.563265,999.546471,0.9285488820,-1.05578135858
BTC,100,1790710798761801552,1790710808761801552,1790710809504393896,0.00119,83499.7,99.336341,4.5,0,-0.003312,0.0894343905,0.04969202,-0.0927463905,-0.1424384105,99.364643,99.336341,99.384040,99.359050,-0.005348,0.000000,0.049685409,-0.005348,-0.055033409,99.364643,99.336341,99.370818,99.347864,0.0874050015,-0.11067463996
BTC,250,1790710798761801552,1790710808761801552,1790710809504393896,0.00299,83499.7,249.592961,4.5,0,-0.008352,0.2247133005,0.12485642,-0.2330653005,-0.3579217205,249.664103,249.592961,249.712840,249.650050,-0.016148,0.000000,0.124838469,-0.016148,-0.140986469,249.664103,249.592961,249.676938,249.621944,0.2169352515,-0.28079015596
BTC,500,1790710798761801552,1790710808761801552,1790710809504393896,0.00598,83499.7,499.185902,4.5,0,-0.016724,0.449426601,0.24971284,-0.466150601,-0.715863441,499.328206,499.185902,499.425680,499.300100,-0.034088,0.000000,0.249676052,-0.034088,-0.283764052,499.328206,499.185902,499.352104,499.243888,0.432099389,-0.56337092976
BTC,1000,1790710798761801552,1790710808761801552,1790710809504393896,0.01197,83499.7,999.206543,4.5,0,-0.033496,0.8996047515,0.49984326,-0.9331007515,-1.4329440115,999.491409,999.206543,999.686520,999.435150,-0.070028,0.000000,0.499768735,-0.070028,-0.569796735,999.491409,999.206543,999.537470,999.322632,0.8631472765,-1.12947756356
BTC,100,1790710804134437563,1790710814134437563,1790710815005780287,0.00119,83498.8,99.312878,4.5,0,-0.009044,0.0894268935,0.04969202,-0.0984708935,-0.1481629135,99.363572,99.312878,99.384040,99.342390,-0.015470,0.000000,0.049681786,-0.015470,-0.065151786,99.363572,99.312878,99.363215,99.327991,0.0830111275,-0.12078532368
BTC,250,1790710804134437563,1790710814134437563,1790710815005780287,0.00299,83498.8,249.534038,4.5,0,-0.022724,0.2246944635,0.12485642,-0.2474184635,-0.3722748835,249.661412,249.534038,249.712840,249.608190,-0.038870,0.000000,0.124830706,-0.038870,-0.163700706,249.661412,249.534038,249.660515,249.572011,0.2085741775,-0.30348581328
BTC,500,1790710804134437563,1790710814134437563,1790710815005780287,0.00598,83498.8,499.068076,4.5,0,-0.045448,0.449388927,0.24971284,-0.494836927,-0.744549767,499.322824,499.068076,499.425680,499.216380,-0.077740,0.000000,0.249661412,-0.077740,-0.327401412,499.322824,499.068076,499.321030,499.144022,0.417148355,-0.60697162656
BTC,1000,1790710804134437563,1790710814134437563,1790710815005780287,0.01197,83498.8,998.970714,4.5,0,-0.090972,0.8995293405,0.49984326,-0.9905013405,-1.4903446005,999.480636,998.970714,999.686520,999.267570,-0.155610,0.000000,0.499740318,-0.155610,-0.655350318,999.480636,998.970714,999.477045,999.122733,0.8349942825,-1.21495825584
BTC,100,1790710809504393896,1790710819504393896,1790710820304252094,0.00119,83476.0,99.321684,4.5,0,0.000714,0.0894151125,0.04967893,-0.0887011125,-0.1383800425,99.336440,99.321684,99.357860,99.342390,-0.009401,0.000000,0.049671195,-0.009401,-0.059072195,99.336440,99.321684,99.342390,99.337035,0.0793078475,-0.114702434
BTC,250,1790710809504393896,1790710819504393896,1790710820304252094,0.00299,83476.0,249.556164,4.5,0,0.001004,0.224665218,0.12482353,-0.223661218,-0.348484748,249.593240,249.556164,249.647060,249.608980,-0.023621,0.000000,0.124804095,-0.023621,-0.148425095,249.593240,249.556164,249.608190,249.594735,0.200059653,-0.288201914
BTC,500,1790710809504393896,1790710819504393896,1790710820304252094,0.00598,83476.0,499.112328,4.5,0,-0.000192,0.449331426,0.24964706,-0.449523426,-0.699170486,499.186480,499.112328,499.294120,499.220160,-0.047242,0.000000,0.24960819,-0.047242,-0.29685019,499.186480,499.112328,499.216380,499.189470,0.402320296,-0.576403828
BTC,1000,1790710809504393896,1790710819504393896,1790710820304252094,0.01197,83476.0,999.059292,4.5,0,-0.002588,0.899415234,0.49971159,-0.902003234,-1.401714824,999.207720,999.059292,999.423180,999.277340,-0.094563,0.000000,0.499633785,-0.094563,-0.594196785,999.207720,999.059292,999.267570,999.213705,0.807518039,-1.153771542
BTC,100,1790710815005780287,1790710825005780287,1790710825749766037,0.00119,83456.2,99.322636,4.5,0,0.002618,0.089410293,0.0496706,-0.086792293,-0.136462893,99.312878,99.322636,99.341200,99.348340,0.000000,0.000000,0.049661794,0.000000,-0.049661794,99.312878,99.322636,99.323588,99.333346,0.086801099,-0.10528573552
BTC,250,1790710815005780287,1790710825005780287,1790710825749766037,0.00299,83456.2,249.558307,4.5,0,0.006329,0.224652753,0.1248026,-0.218323753,-0.343126353,249.534038,249.558307,249.605200,249.623140,-0.000249,0.000000,0.124780474,-0.000249,-0.125029474,249.534038,249.558307,249.560948,249.585466,0.218096879,-0.26479046992
BTC,500,1790710815005780287,1790710825005780287,1790710825749766037,0.00599,83456.2,499.950607,4.5,0,0.012029,0.450056853,0.2500226,-0.438027853,-0.688050453,499.902638,499.950607,500.045200,500.081140,-0.001149,0.000000,0.249978274,-0.001149,-0.251127274,499.902638,499.950607,499.956548,500.005666,0.436923179,-0.53111669392
BTC,1000,1790710815005780287,1790710825005780287,1790710825749766037,0.01198,83456.2,999.896228,4.5,0,0.019072,0.900113706,0.5000452,-0.881041706,-1.381086906,999.805276,999.896228,1000.090400,1000.162280,-0.007284,0.000000,0.499956548,-0.007284,-0.507240548,999.805276,999.896228,999.913096,1000.011332,0.873846358,-1.06721938784
BTC,100,1790710820304252094,1790710830304252094,1790710831148027463,0.00119,83463.6,99.326563,4.5,0,-0.002261,0.089410293,0.0496706,-0.091671293,-0.141341893,99.321684,99.326563,99.341200,99.348340,-0.002020,0.000000,0.0496672695,-0.002020,-0.0516872695,99.321684,99.326563,99.334539,99.341438,0.0896546235,-0.10731654306
BTC,250,1790710820304252094,1790710830304252094,1790710831148027463,0.00299,83463.6,249.568048,4.5,0,-0.006056,0.224652753,0.1248026,-0.230708753,-0.355511353,249.556164,249.568048,249.605200,249.623140,-0.005995,0.000000,0.1247939595,-0.005995,-0.1307889595,249.556164,249.568048,249.587919,249.605798,0.2247223935,-0.27056320026
BTC,500,1790710820304252094,1790710830304252094,1790710831148027463,0.00598,83463.6,499.134976,4.5,0,-0.013232,0.449305506,0.2496052,-0.462537506,-0.712142706,499.112328,499.134976,499.210400,499.246280,-0.013470,0.000000,0.249587739,-0.013470,-0.263057739,499.112328,499.134976,499.175478,499.211596,0.449084967,-0.54260611972
BTC,1000,1790710820304252094,1790710830304252094,1790710831148027463,0.01197,83463.6,999.103504,4.5,0,-0.027608,0.899362359,0.4996278,-0.926970359,-1.426598159,999.059292,999.103504,999.255600,999.327420,-0.028445,0.000000,0.4995926685,-0.028445,-0.5280376685,999.059292,999.103504,999.185337,999.257994,0.8985604905,-1.08760180118
BTC,100,1790710825749766037,1790710835749766037,1790710836474189649,0.00119,83464.4,99.329320,4.5,0,-0.000456,0.089415648,0.049673575,-0.089871648,-0.139545223,99.322636,99.329320,99.347150,99.354290,-0.011404,0.000000,0.0496632815,-0.011404,-0.0610672815,99.322636,99.329320,99.326563,99.344651,0.0784779415,-0.11669522142
BTC,250,1790710825749766037,1790710835749766037,1790710836474189649,0.00299,83464.4,249.575131,4.5,0,-0.001365,0.224666208,0.124810075,-0.226031208,-0.350841283,249.558556,249.575131,249.620150,249.638090,-0.028873,0.000000,0.1247842115,-0.028873,-0.1536572115,249.558556,249.575131,249.568423,249.613871,0.1971840715,-0.29342825382
BTC,500,1790710825749766037,1790710835749766037,1790710836474189649,0.00598,83464.4,499.149534,4.5,0,-0.003458,0.449332416,0.24962015,-0.452790416,-0.702410566,499.117112,499.149534,499.240300,499.276180,-0.058474,0.000000,0.249568423,-0.058474,-0.308042423,499.117112,499.149534,499.136846,499.227742,0.394368143,-0.58758450764
BTC,1000,1790710825749766037,1790710835749766037,1790710836474189649,0.01197,83464.4,999.133037,4.5,0,-0.007651,0.899416224,0.499657725,-0.907067224,-1.406724949,999.068868,999.133037,999.315450,999.387270,-0.117775,0.000000,0.4995541845,-0.117775,-0.6173291845,999.068868,999.133037,999.108369,999.290313,0.7893957645,-1.17688081546
BTC,100,1790710831148027463,1790710841148027463,1790710841939317437,0.00119,83467.7,99.329776,4.5,0,-0.003927,0.089415648,0.049673575,-0.093342648,-0.143016223,99.326563,99.329776,99.347150,99.354290,0.003094,0.000000,0.0496698265,0.003094,-0.0465758265,99.326563,99.329776,99.339653,99.339772,0.0964403965,-0.1022060655
BTC,250,1790710831148027463,1790710841148027463,1790710841939317437,0.00299,83467.7,249.576247,4.5,0,-0.010116,0.224666208,0.124810075,-0.234782208,-0.359592283,249.568423,249.576247,249.620150,249.638090,0.007525,0.000000,0.1248006565,0.007525,-0.1172756565,249.568423,249.576247,249.601313,249.601612,0.2423166265,-0.2570524755
BTC,500,1790710831148027463,1790710841148027463,1790710841939317437,0.00598,83467.7,499.151038,4.5,0,-0.021688,0.449332416,0.24962015,-0.471020416,-0.720640566,499.136846,499.151038,499.240300,499.276180,0.013594,0.000000,0.249601313,0.013594,-0.236007313,499.136846,499.151038,499.202626,499.203224,0.484633253,-0.515560951
BTC,1000,1790710831148027463,1790710841148027463,1790710841939317437,0.01197,83467.7,999.134541,4.5,0,-0.045648,0.899416224,0.499657725,-0.945064224,-1.444721949,999.108369,999.134541,999.315450,999.387270,0.024975,0.000000,0.4996200195,0.024975,-0.4746450195,999.108369,999.134541,999.240039,999.241236,0.9700769295,-1.0342197765
BTC,100,1790710836474189649,1790710846474189649,1790710846998008613,0.00119,83470.1,99.331323,4.5,0,0.000714,0.0894183255,0.04967655,-0.0887043255,-0.1383808755,99.329419,99.331323,99.353100,99.354290,0.000680,0.000000,0.049669274,0.000680,-0.048989274,99.329419,99.331323,99.338548,99.339772,0.0893916015,-0.1046192036
BTC,250,1790710836474189649,1790710846474189649,1790710846998008613,0.00299,83470.1,249.580134,4.5,0,0.001545,0.2246729355,0.12481755,-0.2231279355,-0.3479454855,249.575599,249.580134,249.635100,249.638090,0.000071,0.000000,0.124798574,0.000071,-0.124727574,249.575599,249.580134,249.597148,249.601612,0.2232179115,-0.2645032268
BTC,500,1790710836474189649,1790710846474189649,1790710846998008613,0.00598,83470.1,499.159620,4.5,0,0.002442,0.449345871,0.2496351,-0.446903871,-0.696538971,499.151198,499.159620,499.270200,499.276180,-0.001424,0.000000,0.249596689,-0.001424,-0.251020689,499.151198,499.159620,499.193378,499.203224,0.445518282,-0.53057173756
BTC,1000,1790710836474189649,1790710846474189649,1790710846998008613,0.01197,83470.1,999.146269,4.5,0,-0.002798,0.8994431565,0.49968765,-0.9022411565,-1.4019288065,999.137097,999.146269,999.375300,999.387270,-0.011456,0.000000,0.499610304,-0.011456,-0.511066304,999.137097,999.146269,999.220608,999.241236,0.8908625025,-1.07063562032
BTC,100,1790710841939317437,1790710851939317437,1790710852747164180,0.00119,83470.4,99.294195,4.5,0,-0.036771,0.0894183255,0.04967655,-0.1261893255,-0.1758658755,99.329776,99.294195,99.353100,99.354290,-0.004879,0.000000,0.049667149,-0.004879,-0.054546149,99.329776,99.294195,99.334298,99.303596,0.1213197265,-0.11016475932
BTC,250,1790710841939317437,1790710851939317437,1790710852747164180,0.00299,83470.4,249.487095,4.5,0,-0.092391,0.2246729355,0.12481755,-0.3170639355,-0.4418814855,249.576496,249.487095,249.635100,249.638090,-0.012259,0.000000,0.124793929,-0.012259,-0.137052929,249.576496,249.487095,249.587858,249.510716,0.3048285565,-0.27680052972
BTC,500,1790710841939317437,1790710851939317437,1790710852747164180,0.00598,83470.4,498.972905,4.5,0,-0.186067,0.449345871,0.2496351,-0.635412871,-0.885047971,499.152992,498.972905,499.270200,499.276180,-0.025803,0.000000,0.249587858,-0.025803,-0.275390858,499.152992,498.972905,499.175716,499.021432,0.609657113,-0.55488605944
BTC,1000,1790710841939317437,1790710851939317437,1790710852747164180,0.01197,83470.4,998.774875,4.5,0,-0.377783,0.8994431565,0.49968765,-1.2772261565,-1.7769138065,999.140688,998.774875,999.375300,999.387270,-0.056987,0.000000,0.499593087,-0.056987,-0.556580087,999.140688,998.774875,999.186174,998.877348,1.2203337195,-1.11603787316
BTC,100,1790710846998008613,1790710856998008613,1790710857862966034,0.00119,83471.7,99.302168,4.5,0,0.004275,0.0894027465,0.04967655,-0.0851277465,-0.1348042965,99.331323,99.302168,99.353100,99.319670,-0.014756,0.000000,0.049667149,-0.014756,-0.064423149,99.331323,99.302168,99.334298,99.319899,0.0703811475,-0.12004632416
BTC,250,1790710846998008613,1790710856998008613,1790710857862966034,0.00299,83471.7,249.507035,4.5,0,0.010482,0.2246338665,0.12481755,-0.2141518665,-0.3389694165,249.580383,249.507035,249.635100,249.551270,-0.037218,0.000000,0.1247939045,-0.037218,-0.1620119045,249.580383,249.507035,249.587809,249.551679,0.1769575120,-0.30177096114
BTC,500,1790710846998008613,1790710856998008613,1790710857862966034,0.00598,83471.7,499.013266,4.5,0,0.020050,0.4492677825,0.2496351,-0.4292177825,-0.6788528825,499.160766,499.013266,499.270200,499.102650,-0.075599,0.000000,0.2495876295,-0.075599,-0.3251866295,499.160766,499.013266,499.175259,499.103358,0.3536662530,-0.60470464226
BTC,1000,1790710846998008613,1790710856998008613,1790710857862966034,0.01197,83471.7,998.860197,4.5,0,0.039218,0.8992868985,0.49968765,-0.8600688985,-1.3597565485,999.156249,998.860197,999.375300,999.040030,-0.152870,0.000000,0.4995922595,-0.152870,-0.6524622595,999.156249,998.860197,999.184519,999.041337,0.7072942890,-1.21196549918
BTC,100,1790710852747164180,1790710862747164180,1790710863262543133,0.00119,83440.5,99.302406,4.5,0,0.006071,0.089388765,0.04965989,-0.083317765,-0.132977655,99.294195,99.302406,99.319780,99.321920,-0.013685,0.000000,0.049648347,-0.013685,-0.063333347,99.294195,99.302406,99.296694,99.318590,0.069644308,-0.11894562652
BTC,250,1790710852747164180,1790710862747164180,1790710863262543133,0.00299,83440.5,249.507726,4.5,0,0.012911,0.224597934,0.1247747,-0.211686934,-0.336461634,249.487095,249.507726,249.549400,249.557120,-0.034385,0.000000,0.124746687,-0.034385,-0.159131687,249.487095,249.507726,249.493374,249.548390,0.177329947,-0.29886338092
BTC,500,1790710852747164180,1790710862747164180,1790710863262543133,0.00599,83440.5,499.849926,4.5,0,0.021611,0.449945334,0.2499647,-0.428334334,-0.678299034,499.808595,499.849926,499.929400,499.949120,-0.068885,0.000000,0.249910587,-0.068885,-0.318795587,499.808595,499.849926,499.821174,499.931390,0.359503447,-0.59872630492
BTC,1000,1790710852747164180,1790710862747164180,1790710863262543133,0.01198,83440.5,999.699852,4.5,0,0.038982,0.899888976,0.4999274,-0.860906976,-1.360834376,999.617190,999.699852,999.854800,999.898480,-0.137770,0.000000,0.499821174,-0.137770,-0.637591174,999.617190,999.699852,999.642348,999.862780,0.723243202,-1.19745260984
BTC,100,1790710857862966034,1790710867862966034,1790710868647195479,0.00119,83447.2,99.305381,4.5,0,-0.012257,0.0893926215,0.0496587,-0.1016496215,-0.1513083215,99.302168,99.305381,99.317400,99.332870,-0.000357,0.000000,0.0496579265,-0.000357,-0.0500149265,99.302168,99.305381,99.315853,99.319423,0.1012933950,-0.10563280378
BTC,250,1790710857862966034,1790710867862966034,1790710868647195479,0.00299,83447.2,249.515108,4.5,0,-0.030890,0.2246083515,0.1247727,-0.2554983515,-0.3802710515,249.507128,249.515108,249.545400,249.584270,-0.000990,0.000000,0.1247707565,-0.000990,-0.1257607565,249.507128,249.515108,249.541513,249.550483,0.2545102950,-0.26550651538
BTC,500,1790710857862966034,1790710867862966034,1790710868647195479,0.00599,83447.2,499.863908,4.5,0,-0.062690,0.4499679015,0.2499627,-0.5126579015,-0.7626206015,499.848728,499.863908,499.925400,500.003270,-0.002790,0.000000,0.2499588065,-0.002790,-0.2527488065,499.848728,499.863908,499.917613,499.935583,0.5098717950,-0.53270770138
BTC,1000,1790710857862966034,1790710867862966034,1790710868647195479,0.01198,83447.2,999.721112,4.5,0,-0.132084,0.899935803,0.4999254,-1.032019803,-1.531945203,999.697456,999.721112,999.850800,1000.006540,-0.012284,0.000000,0.499917613,-0.012284,-0.512201613,999.697456,999.721112,999.835226,999.871166,1.019743590,-1.07211940276
BTC,100,1790710863262543133,1790710873262543133,1790710874007313043,0.00119,83447.4,99.310260,4.5,0,-0.005236,0.0893936925,0.04965989,-0.0946296925,-0.1442895825,99.302406,99.310260,99.319780,99.332870,0.011662,0.000000,0.049657391,0.011662,-0.037995391,99.302406,99.310260,99.314782,99.310974,0.1062941915,-0.09361060268
BTC,250,1790710863262543133,1790710873262543133,1790710874007313043,0.00299,83447.4,249.527460,4.5,0,-0.013156,0.2246110425,0.12477569,-0.2377670425,-0.3625427325,249.507726,249.527460,249.551380,249.584270,0.029302,0.000000,0.124769411,0.029302,-0.095467411,249.507726,249.527460,249.538822,249.529254,0.2670753215,-0.23520647228
BTC,500,1790710863262543133,1790710873262543133,1790710874007313043,0.00599,83447.4,499.889460,4.5,0,-0.026356,0.4499732925,0.24996869,-0.4763292925,-0.7262979825,499.849926,499.889460,499.937380,500.003270,0.058702,0.000000,0.249956111,0.058702,-0.191254111,499.849926,499.889460,499.912222,499.893054,0.5350438715,-0.47119958828
BTC,1000,1790710863262543133,1790710873262543133,1790710874007313043,0.01198,83447.4,999.778920,4.5,0,-0.052712,0.899946585,0.49993738,-0.952658585,-1.452595965,999.699852,999.778920,999.874760,1000.006540,0.117071,0.000000,0.4999120555,0.117071,-0.3828410555,999.699852,999.778920,999.824111,999.786108,1.0697549095,-0.94273191682
BTC,100,1790710868647195479,1790710878647195479,1790710879100619045,0.00119,83449.9,99.311331,4.5,0,0.004760,0.0893990475,0.04966584,-0.0846390475,-0.1343048875,99.305381,99.311331,99.331680,99.332870,0.008687,0.000000,0.0496579265,0.008687,-0.0409709265,99.305381,99.311331,99.315853,99.313116,0.0933339610,-0.09658703782
BTC,250,1790710868647195479,1790710878647195479,1790710879100619045,0.00299,83449.9,249.530151,4.5,0,0.011960,0.2246244975,0.12479064,-0.2126644975,-0.3374551375,249.515201,249.530151,249.581280,249.584270,0.021827,0.000000,0.1247707565,0.021827,-0.1029437565,249.515201,249.530151,249.541513,249.534636,0.2345113810,-0.24268507822
BTC,500,1790710868647195479,1790710878647195479,1790710879100619045,0.00599,83449.9,499.894851,4.5,0,0.023960,0.4500002475,0.24999864,-0.4260402475,-0.6760388875,499.864901,499.894851,499.997280,500.003270,0.043727,0.000000,0.2499588065,0.043727,-0.2062318065,499.864901,499.894851,499.917613,499.903836,0.4698070810,-0.48618181222
BTC,1000,1790710868647195479,1790710878647195479,1790710879100619045,0.01198,83449.9,999.789702,4.5,0,0.047920,0.900000495,0.49999728,-0.852080495,-1.352077775,999.729802,999.789702,999.994560,1000.006540,0.087454,0.000000,0.499917613,0.087454,-0.412463613,999.729802,999.789702,999.835226,999.807672,0.939614162,-0.97236362444
BTC,100,1790710874007313043,1790710884007313043,1790710884510122618,0.00119,83454.0,99.311331,4.5,0,-0.000119,0.0893990475,0.04966584,-0.0895180475,-0.1391838875,99.310260,99.311331,99.331680,99.332870,-0.002953,0.000000,0.04965513,-0.002953,-0.05260813,99.310260,99.311331,99.310141,99.314165,0.0865757575,-0.10822293568
BTC,250,1790710874007313043,1790710884007313043,1790710884510122618,0.00299,83454.0,249.530151,4.5,0,-0.000299,0.2246244975,0.12479064,-0.2249234975,-0.3497141375,249.527460,249.530151,249.581280,249.584270,-0.012257,0.000000,0.12476373,-0.012257,-0.13702073,249.527460,249.530151,249.523068,249.538016,0.2126934075,-0.27675783352
BTC,500,1790710874007313043,1790710884007313043,1790710884510122618,0.00599,83454.0,499.894851,4.5,0,-0.000599,0.4500002475,0.24999864,-0.4505992475,-0.7005978875,499.889460,499.894851,499.997280,500.003270,-0.032957,0.000000,0.24994473,-0.032957,-0.28290173,499.889460,499.894851,499.872768,499.911116,0.4176961575,-0.56284121752
BTC,1000,1790710874007313043,1790710884007313043,1790710884510122618,0.01198,83454.0,999.789702,4.5,0,-0.001198,0.900000495,0.49999728,-0.901198495,-1.401195775,999.778920,999.789702,999.994560,1000.006540,-0.074288,0.000000,0.49988946,-0.074288,-0.57417746,999.778920,999.789702,999.737669,999.822739,0.827018315,-1.13405437424
BTC,100,1790710879100619045,1790710889100619045,1790710889934755492,0.00119,83454.9,99.311331,4.5,0,-0.001190,0.0893990475,0.04966584,-0.0905890475,-0.1402548875,99.311331,99.311331,99.331680,99.332870,-0.010437,0.000000,0.0496556655,-0.010437,-0.0600926655,99.311331,99.311331,99.305976,99.316413,0.0801622220,-0.11570693442
BTC,250,1790710879100619045,1790710889100619045,1790710889934755492,0.00299,83454.9,249.530151,4.5,0,-0.002990,0.2246244975,0.12479064,-0.2276144975,-0.3524051375,249.530151,249.530151,249.581280,249.584270,-0.026637,0.000000,0.1247650755,-0.026637,-0.1514020755,249.530151,249.530151,249.516696,249.543333,0.2010030620,-0.29113888362
BTC,500,1790710879100619045,1790710889100619045,1790710889934755492,0.00599,83454.9,499.894851,4.5,0,-0.005990,0.4500002475,0.24999864,-0.4559902475,-0.7059888875,499.894851,499.894851,499.997280,500.003270,-0.053760,0.000000,0.2499474255,-0.053760,-0.3037074255,499.894851,499.894851,499.867773,499.921533,0.4022814620,-0.58364843118
BTC,1000,1790710879100619045,1790710889100619045,1790710889934755492,0.01198,83454.9,999.789702,4.5,0,-0.011980,0.900000495,0.49999728,-0.911980495,-1.411977775,999.789702,999.789702,999.994560,1000.006540,-0.108269,0.000000,0.499894851,-0.108269,-0.608163851,999.789702,999.789702,999.735070,999.843339,0.803813924,-1.16804580552
BTC,100,1790710884510122618,1790710894510122618,1790710895612594155,0.00119,83454.9,99.313354,4.5,0,0.000833,0.0893990475,0.04966584,-0.0885660475,-0.1382318875,99.311331,99.313354,99.331680,99.332870,-0.005991,0.000000,0.0496556655,-0.005991,-0.0556466655,99.311331,99.313354,99.308475,99.316489,0.0825852220,-0.11126165542
BTC,250,1790710884510122618,1790710894510122618,1790710895612594155,0.00299,83454.9,249.535234,4.5,0,0.002093,0.2246244975,0.12479064,-0.2225314975,-0.3473221375,249.530151,249.535234,249.581280,249.584270,-0.015171,0.000000,0.1247650755,-0.015171,-0.1399360755,249.530151,249.535234,249.522975,249.543229,0.2073860620,-0.27967461262
BTC,500,1790710884510122618,1790710894510122618,1790710895612594155,0.00599,83454.9,499.905034,4.5,0,0.004193,0.4500002475,0.24999864,-0.4458072475,-0.6958058875,499.894851,499.905034,499.997280,500.003270,-0.030471,0.000000,0.2499474255,-0.030471,-0.2804184255,499.894851,499.905034,499.880475,499.921129,0.4153874620,-0.56036287462
BTC,1000,1790710884510122618,1790710894510122618,1790710895612594155,0.01198,83454.9,999.810068,4.5,0,0.008386,0.900000495,0.49999728,-0.891614495,-1.391611775,999.789702,999.810068,999.994560,1000.006540,-0.061020,0.000000,0.499894851,-0.061020,-0.560914851,999.789702,999.810068,999.760950,999.842336,0.830696924,-1.12080377108
BTC,100,1790710889934755492,1790710899934755492,1790710900801749615,0.00119,83454.9,99.313354,4.5,0,0.000833,0.0893990475,0.04966584,-0.0885660475,-0.1382318875,99.311331,99.313354,99.331680,99.332870,-0.001309,0.000000,0.049655844,-0.001309,-0.050964844,99.311331,99.313354,99.311688,99.315020,0.0872670435,-0.10658032224
BTC,250,1790710889934755492,1790710899934755492,1790710900801749615,0.00299,83454.9,249.535234,4.5,0,0.002093,0.2246244975,0.12479064,-0.2225314975,-0.3473221375,249.530151,249.535234,249.581280,249.584270,-0.003289,0.000000,0.124765524,-0.003289,-0.128054524,249.530151,249.535234,249.531048,249.539420,0.2192676135,-0.26779425504
BTC,500,1790710889934755492,1790710899934755492,1790710900801749615,0.00599,83454.9,499.905034,4.5,0,0.004193,0.4500002475,0.24999864,-0.4458072475,-0.6958058875,499.894851,499.905034,499.997280,500.003270,-0.006589,0.000000,0.249948324,-0.006589,-0.256537324,499.894851,499.905034,499.896648,499.913420,0.4392685635,-0.53648414304
BTC,1000,1790710889934755492,1790710899934755492,1790710900801749615,0.01198,83454.9,999.810068,4.5,0,0.008386,0.900000495,0.49999728,-0.891614495,-1.391611775,999.789702,999.810068,999.994560,1000.006540,-0.015950,0.000000,0.499896648,-0.015950,-0.515846648,999.789702,999.810068,999.793296,999.829612,0.875765127,-1.07574106224
BTC,100,1790710895612594155,1790710905612594155,1790710906171281896,0.00119,83456.6,99.313354,4.5,0,-0.001190,0.0893990475,0.04966584,-0.0905890475,-0.1402548875,99.313354,99.313354,99.331680,99.332870,-0.005671,0.000000,0.049656677,-0.005671,-0.055327677,99.313354,99.313354,99.310539,99.316210,0.0849272105,-0.11094316672
BTC,250,1790710895612594155,1790710905612594155,1790710906171281896,0.00299,83456.6,249.535234,4.5,0,-0.002990,0.2246244975,0.12479064,-0.2276144975,-0.3524051375,249.535234,249.535234,249.581280,249.584270,-0.016881,0.000000,0.124767617,-0.016881,-0.141648617,249.535234,249.535234,249.528099,249.544980,0.2107565205,-0.28138907912
BTC,500,1790710895612594155,1790710905612594155,1790710906171281896,0.00599,83456.6,499.905034,4.5,0,-0.005990,0.4500002475,0.24999864,-0.4559902475,-0.7059888875,499.905034,499.905034,499.997280,500.003270,-0.038058,0.000000,0.249952517,-0.038058,-0.288010517,499.905034,499.905034,499.888422,499.926480,0.4179783705,-0.56795868956
BTC,1000,1790710895612594155,1790710905612594155,1790710906171281896,0.01198,83456.6,999.810068,4.5,0,-0.011980,0.900000495,0.49999728,-0.911980495,-1.411977775,999.810068,999.810068,999.994560,1000.006540,-0.091333,0.000000,0.499905034,-0.091333,-0.591238034,999.810068,999.810068,999.765303,999.856636,0.820739741,-1.15113217692
BTC,100,1790710900801749615,1790710910801749615,1790710911571232866,0.00119,83456.6,99.313354,4.5,0,-0.001190,0.0893990475,0.04966584,-0.0905890475,-0.1402548875,99.313354,99.313354,99.331680,99.332870,-0.008092,0.000000,0.049656677,-0.008092,-0.057748677,99.313354,99.313354,99.311926,99.320018,0.0825062105,-0.11336562132
BTC,250,1790710900801749615,1790710910801749615,1790710911571232866,0.00299,83456.6,249.535234,4.5,0,-0.002990,0.2246244975,0.12479064,-0.2276144975,-0.3524051375,249.535234,249.535234,249.581280,249.584270,-0.022046,0.000000,0.124767617,-0.022046,-0.146813617,249.535234,249.535234,249.529932,249.551978,0.2055915205,-0.2865565518
BTC,500,1790710900801749615,1790710910801749615,1790710911571232866,0.00599,83456.6,499.905034,4.5,0,-0.005990,0.4500002475,0.24999864,-0.4559902475,-0.7059888875,499.905034,499.905034,499.997280,500.003270,-0.045446,0.000000,0.249952517,-0.045446,-0.295398517,499.905034,499.905034,499.893132,499.938578,0.4105903705,-0.5753513958
BTC,1000,1790710900801749615,1790710910801749615,1790710911571232866,0.01198,83456.6,999.810068,4.5,0,-0.011980,0.900000495,0.49999728,-0.911980495,-1.411977775,999.810068,999.810068,999.994560,1000.006540,-0.092168,0.000000,0.499905034,-0.092168,-0.592073034,999.810068,999.810068,999.784988,999.877156,0.819904741,-1.15197843432
BTC,100,1790710906171281896,1790710916171281896,1790710916603086002,0.00119,83456.6,99.318828,4.5,0,0.004284,0.0893990475,0.04966584,-0.0851150475,-0.1347808875,99.313354,99.318828,99.331680,99.332870,-0.010353,0.000000,0.049656677,-0.010353,-0.060009677,99.313354,99.318828,99.312045,99.327872,0.0747712105,-0.11562885376
BTC,250,1790710906171281896,1790710916171281896,1790710916603086002,0.00299,83456.6,249.548988,4.5,0,0.010764,0.2246244975,0.12479064,-0.2138604975,-0.3386511375,249.535234,249.548988,249.581280,249.584270,-0.026073,0.000000,0.124767617,-0.026073,-0.150840617,249.535234,249.548988,249.531885,249.571712,0.1878105205,-0.29058962416
BTC,500,1790710906171281896,1790710916171281896,1790710916603086002,0.00599,83456.6,499.931499,4.5,0,0.020475,0.4500002475,0.24999864,-0.4295252475,-0.6795238875,499.905034,499.931499,499.997280,500.003270,-0.053562,0.000000,0.249952517,-0.053562,-0.303514517,499.905034,499.931499,499.898085,499.978112,0.3760093705,-0.58347985216
BTC,1000,1790710906171281896,1790710916171281896,1790710916603086002,0.01198,83456.6,999.843758,4.5,0,0.021710,0.900000495,0.49999728,-0.878290495,-1.378287775,999.810068,999.843758,999.994560,1000.006540,-0.126603,0.000000,0.499905034,-0.126603,-0.626508034,999.810068,999.843758,999.795931,999.956224,0.751779741,-1.1864386374
BTC,100,1790710911571232866,1790710921571232866,1790710921967484165,0.00119,83456.6,99.323945,4.5,0,0.009401,0.0893990475,0.04966584,-0.0799980475,-0.1296638875,99.313354,99.323945,99.331680,99.332870,-0.004284,0.000000,0.0496567365,-0.004284,-0.0539407365,99.313354,99.323945,99.313473,99.328348,0.0757231510,-0.10956044638
BTC,250,1790710911571232866,1790710921571232866,1790710921967484165,0.00299,83456.6,249.561845,4.5,0,0.023621,0.2246244975,0.12479064,-0.2010034975,-0.3257941375,249.535234,249.561845,249.581280,249.584270,-0.010764,0.000000,0.1247677665,-0.010764,-0.1355317665,249.535234,249.561845,249.535533,249.572908,0.1902623710,-0.27528212998
BTC,500,1790710911571232866,1790710921571232866,1790710921967484165,0.00599,83456.6,499.952999,4.5,0,0.041975,0.4500002475,0.24999864,-0.4080252475,-0.6580238875,499.905034,499.952999,499.997280,500.003270,-0.028386,0.000000,0.2499528165,-0.028386,-0.2783388165,499.905034,499.952999,499.905633,499.981984,0.3796850710,-0.55830734926
BTC,1000,1790710911571232866,1790710921571232866,1790710921967484165,0.01198,83456.6,999.878082,4.5,0,0.056034,0.900000495,0.49999728,-0.843966495,-1.343963775,999.810068,999.878082,999.994560,1000.006540,-0.092197,0.000000,0.499905633,-0.092197,-0.592102633,999.810068,999.878082,999.811266,999.971477,0.751861142,-1.15204180104
BTC,100,1790710916603086002,1790710926603086002,1790710927367835691,0.00119,83461.2,99.318352,4.5,0,-0.001666,0.0893990475,0.04966584,-0.0910650475,-0.1407308875,99.318828,99.318352,99.331680,99.332870,-0.005941,0.000000,0.049661144,-0.005941,-0.055602144,99.318828,99.318352,99.322288,99.327753,0.0851287435,-0.11122415548
BTC,250,1790710916603086002,1790710926603086002,1790710927367835691,0.00299,83461.2,249.547792,4.5,0,-0.004186,0.2246244975,0.12479064,-0.2288104975,-0.3536011375,249.548988,249.547792,249.581280,249.584270,-0.016021,0.000000,0.124778294,-0.016021,-0.140799294,249.548988,249.547792,249.556588,249.571413,0.2128018435,-0.28055513428
BTC,500,1790710916603086002,1790710926603086002,1790710927367835691,0.00599,83461.2,499.926628,4.5,0,-0.011950,0.4500002475,0.24999864,-0.4619502475,-0.7119488875,499.932588,499.926628,499.997280,500.003270,-0.036385,0.000000,0.249973544,-0.036385,-0.286358544,499.932588,499.926628,499.947088,499.977513,0.4255903435,-0.56633743228
BTC,1000,1790710916603086002,1790710926603086002,1790710927367835691,0.01198,83461.2,999.835256,4.5,0,-0.041900,0.900000495,0.49999728,-0.941900495,-1.441897775,999.865176,999.835256,999.994560,1000.006540,-0.091493,0.000000,0.4999467265,-0.091493,-0.5914397265,999.865176,999.835256,999.893453,999.955026,0.8504580485,-1.15139730062
BTC,100,1790710921967484165,1790710931967484165,1790710932911956204,0.00119,83465.5,99.294552,4.5,0,-0.010353,0.089389944,0.04966584,-0.099742944,-0.149408784,99.323945,99.294552,99.331680,99.312640,-0.017102,0.000000,0.0496619725,-0.017102,-0.0667639725,99.323945,99.294552,99.323146,99.310855,0.0826448115,-0.12238149278
BTC,250,1790710921967484165,1790710931967484165,1790710932911956204,0.00299,83465.5,249.487992,4.5,0,-0.026013,0.224601624,0.12479064,-0.250614624,-0.375405264,249.561845,249.487992,249.581280,249.533440,-0.044822,0.000000,0.1247809225,-0.044822,-0.1696029225,249.561845,249.487992,249.557986,249.528955,0.2058023415,-0.30934726598
BTC,500,1790710921967484165,1790710931967484165,1790710932911956204,0.00599,83465.5,499.810392,4.5,0,-0.052113,0.449954424,0.24999864,-0.502067424,-0.752066064,499.958345,499.810392,499.997280,499.901440,-0.091022,0.000000,0.2499791725,-0.091022,-0.3410011725,499.958345,499.810392,499.949386,499.892455,0.4110648915,-0.62095688798
BTC,1000,1790710921967484165,1790710931967484165,1790710932911956204,0.01198,83465.5,999.620784,4.5,0,-0.104226,0.899908848,0.49999728,-1.004134848,-1.504132128,999.916690,999.620784,999.994560,999.802880,-0.183720,0.000000,0.499958345,-0.183720,-0.683678345,999.916690,999.620784,999.897096,999.784910,0.820453783,-1.24358930668
BTC,100,1790710927367835691,1790710937367835691,1790710938323112086,0.00119,83460.8,99.293739,4.5,0,-0.005573,0.089389944,0.04966584,-0.094962944,-0.144628784,99.318352,99.293739,99.331680,99.312640,-0.009081,0.000000,0.0496609325,-0.009081,-0.0587419325,99.318352,99.293739,99.321865,99.306333,0.0858868515,-0.11435782794
BTC,250,1790710927367835691,1790710937367835691,1790710938323112086,0.00299,83460.8,249.485919,4.5,0,-0.014033,0.224601624,0.12479064,-0.238634624,-0.363425264,249.547792,249.485919,249.581280,249.533440,-0.022941,0.000000,0.1247782625,-0.022941,-0.1477192625,249.547792,249.485919,249.556525,249.517593,0.2157060015,-0.28746001554
BTC,500,1790710927367835691,1790710937367835691,1790710938323112086,0.00599,83460.8,499.806219,4.5,0,-0.028133,0.449954424,0.24999864,-0.478087424,-0.728086064,499.930192,499.806219,499.997280,499.901440,-0.047018,0.000000,0.249973324,-0.047018,-0.296991324,499.930192,499.806219,499.946648,499.869693,0.431094740,-0.57693989948
BTC,1000,1790710927367835691,1790710937367835691,1790710938323112086,0.01198,83460.8,999.612418,4.5,0,-0.056286,0.899908848,0.49999728,-0.956194848,-1.456192128,999.860384,999.612418,999.994560,999.802880,-0.096136,0.000000,0.499945608,-0.096136,-0.596081608,999.860384,999.612418,999.891216,999.739386,0.860110520,-1.15597817656
BTC,100,1790710932911956204,1790710942911956204,1790710943697628429,0.00119,83440.8,99.293719,4.5,0,-0.012733,0.08938566,0.049655725,-0.10211866,-0.151774385,99.294552,99.293719,99.311450,99.323350,0.002499,0.000000,0.049653702,0.002499,-0.047154702,99.294552,99.293719,99.307404,99.304072,0.104619683,-0.10276591528
BTC,250,1790710932911956204,1790710942911956204,1790710943697628429,0.00299,83440.8,249.485899,4.5,0,-0.031993,0.22459086,0.124765225,-0.25658386,-0.381349085,249.487992,249.485899,249.530450,249.560350,0.003060,0.000000,0.124760142,0.003060,-0.121700142,249.487992,249.485899,249.520284,249.515131,0.259648943,-0.2614300582
BTC,500,1790710932911956204,1790710942911956204,1790710943697628429,0.00599,83440.8,499.806199,4.5,0,-0.064093,0.44993286,0.249947725,-0.51402586,-0.763973585,499.810392,499.806199,499.895450,499.955350,0.002460,0.000000,0.249937542,0.002460,-0.247477542,499.810392,499.806199,499.875084,499.868431,0.516496043,-0.5274057262
BTC,1000,1790710932911956204,1790710942911956204,1790710943697628429,0.01198,83440.8,999.612398,4.5,0,-0.128186,0.89986572,0.49989545,-1.02805172,-1.52794717,999.620784,999.612398,999.790900,999.910700,0.000943,0.000000,0.4998749245,0.000943,-0.4989319245,999.620784,999.612398,999.749849,999.740520,1.0290152455,-1.05878922782
BTC,100,1790710938323112086,1790710948323112086,1790710949192199686,0.00119,83440.2,99.313493,4.5,0,-0.001765,0.089389944,0.049655725,-0.091154944,-0.140810669,99.293838,99.313493,99.311450,99.332870,-0.004978,0.000000,0.049651084,-0.004978,-0.054629084,99.293838,99.313493,99.302168,99.326801,0.086181585,-0.11024519532
BTC,250,1790710938323112086,1790710948323112086,1790710949192199686,0.00299,83440.2,249.535553,4.5,0,-0.004465,0.224601624,0.124765225,-0.229066624,-0.353831849,249.486198,249.535553,249.530450,249.584270,-0.012538,0.000000,0.124753564,-0.012538,-0.137291564,249.486198,249.535553,249.507128,249.569021,0.216540285,-0.27703288572
BTC,500,1790710938323112086,1790710948323112086,1790710949192199686,0.00599,83440.2,499.904777,4.5,0,-0.009841,0.449954424,0.249947725,-0.459795424,-0.709743149,499.806798,499.904777,499.895450,500.003270,-0.026014,0.000000,0.249924364,-0.026014,-0.275938364,499.806798,499.904777,499.848728,499.972721,0.433804785,-0.55588836972
BTC,1000,1790710938323112086,1790710948323112086,1790710949192199686,0.01198,83440.2,999.796034,4.5,0,-0.033202,0.899908848,0.49989545,-0.933110848,-1.433006298,999.613596,999.796034,999.790900,1000.006540,-0.065548,0.000000,0.499848728,-0.065548,-0.565396728,999.613596,999.796034,999.697456,999.945442,0.867609570,-1.12529673944
BTC,100,1790710943697628429,1790710953697628429,1790710954167360497,0.00119,83440.1,99.318471,4.5,0,0.014042,0.0893947635,0.04966108,-0.0753527635,-0.1250138435,99.293719,99.318471,99.322160,99.332870,-0.004932,0.000000,0.0496497485,-0.004932,-0.0545817485,99.293719,99.318471,99.299497,99.329181,0.0704320950,-0.11019777834
BTC,250,1790710943697628429,1790710953697628429,1790710954167360497,0.00299,83440.1,249.548091,4.5,0,0.035282,0.2246137335,0.12477868,-0.1893317335,-0.3141104135,249.485899,249.548091,249.557360,249.584270,-0.013572,0.000000,0.1247496185,-0.013572,-0.1383216185,249.485899,249.548091,249.499237,249.575001,0.1757887950,-0.27806240514
BTC,500,1790710943697628429,1790710953697628429,1790710954167360497,0.00599,83440.1,499.930791,4.5,0,0.070682,0.4499786835,0.24997468,-0.3792966835,-0.6292713635,499.806199,499.930791,499.949360,500.003270,-0.027972,0.000000,0.2499160685,-0.027972,-0.2778880685,499.806199,499.930791,499.832137,499.984701,0.3513832950,-0.55783678314
BTC,1000,1790710943697628429,1790710953697628429,1790710954167360497,0.01198,83440.1,999.836718,4.5,0,0.116500,0.899957367,0.49994936,-0.783457367,-1.283406727,999.612398,999.836718,999.898720,1000.006540,-0.081588,0.000000,0.499831747,-0.081588,-0.581419747,999.612398,999.836718,999.663494,999.969402,0.701986980,-1.14131695788
BTC,100,1790710949192199686,1790710959192199686,1790710959653301860,0.00119,83456.8,99.291339,4.5,0,-0.023443,0.0893990475,0.04966584,-0.1128420475,-0.1625078875,99.313592,99.291339,99.331680,99.332870,-0.005474,0.000000,0.0496604255,-0.005474,-0.0551344255,99.313592,99.291339,99.320851,99.304072,0.1073734620,-0.11074940394
BTC,250,1790710949192199686,1790710959192199686,1790710959653301860,0.00299,83456.8,249.479919,4.5,0,-0.058903,0.2246244975,0.12479064,-0.2835274975,-0.4083181375,249.535832,249.479919,249.581280,249.584270,-0.013754,0.000000,0.1247770355,-0.013754,-0.1385310355,249.535832,249.479919,249.554071,249.511912,0.2697871020,-0.27826951074
BTC,500,1790710949192199686,1790710959192199686,1790710959653301860,0.00599,83456.8,499.793107,4.5,0,-0.119115,0.4500002475,0.24999864,-0.5691152475,-0.8191138875,499.906232,499.793107,499.997280,500.003270,-0.028666,0.000000,0.2499713855,-0.028666,-0.2786373855,499.906232,499.793107,499.942771,499.858312,0.5404765020,-0.55858168874
BTC,1000,1790710949192199686,1790710959192199686,1790710959653301860,0.01198,83456.8,999.582534,4.5,0,-0.241910,0.900000495,0.49999728,-1.141910495,-1.641907775,999.812464,999.582534,999.994560,1000.006540,-0.061012,0.000000,0.499942771,-0.061012,-0.560954771,999.812464,999.582534,999.885542,999.716624,1.080953004,-1.12084337748
BTC,100,1790710959653301860,1790710969653301860,1790710970473194667,0.00119,83438.1,99.306571,4.5,0,0.022372,0.089395299,0.04966584,-0.067023299,-0.116689139,99.291339,99.306571,99.331680,99.324540,0.000567,0.000000,0.0496506535,0.000567,-0.0490836535,99.291339,99.306571,99.301307,99.315972,0.0676054855,-0.10469649162
BTC,250,1790710959653301860,1790710969653301860,1790710970473194667,0.00299,83438.1,249.518191,4.5,0,0.052462,0.2246167665,0.12479064,-0.1721547665,-0.2969454065,249.479919,249.518191,249.581280,249.567090,-0.000759,0.000000,0.1247513905,-0.000759,-0.1255103905,249.479919,249.518191,249.502781,249.541812,0.1714350160,-0.26524287654
BTC,500,1790710959653301860,1790710969653301860,1790710970473194667,0.00599,83438.1,499.870891,4.5,0,0.093862,0.4499898165,0.24999864,-0.3561278165,-0.6061264565,499.794219,499.870891,499.997280,499.980090,-0.010959,0.000000,0.2499152905,-0.010959,-0.2608742905,499.794219,499.870891,499.830581,499.918212,0.3452521660,-0.54080395254
BTC,1000,1790710959653301860,1790710969653301860,1790710970473194667,0.01198,83438.1,999.741782,4.5,0,0.176524,0.899984673,0.49999728,-0.723460673,-1.223457953,999.588438,999.741782,999.994560,999.971380,-0.031325,0.000000,0.4998258775,-0.031325,-0.5311508775,999.588438,999.741782,999.651755,999.836424,0.6923070755,-1.09100756762
BTC,100,1790710965051671172,1790710975051671172,1790710975787485187,0.00119,83445.1,99.306571,4.5,0,-0.001428,0.0893936925,0.04966108,-0.0908216925,-0.1404827725,99.299669,99.306571,99.322160,99.330490,-0.001428,0.000000,0.049653821,-0.001428,-0.051081821,99.299669,99.306571,99.307642,99.315972,0.0894009515,-0.10669643292
BTC,250,1790710965051671172,1790710975051671172,1790710975787485187,0.00299,83445.1,249.518191,4.5,0,-0.003588,0.2246110425,0.12477868,-0.2281990425,-0.3529777225,249.500849,249.518191,249.557360,249.578290,-0.003588,0.000000,0.124760441,-0.003588,-0.128348441,249.500849,249.518191,249.520882,249.541812,0.2246292815,-0.26808599532
BTC,500,1790710965051671172,1790710975051671172,1790710975787485187,0.00599,83445.1,499.870891,4.5,0,-0.007188,0.4499732925,0.24997468,-0.4571612925,-0.7071359725,499.836149,499.870891,499.949360,499.991290,-0.007188,0.000000,0.249938141,-0.007188,-0.257126141,499.836149,499.870891,499.876282,499.918212,0.4500098315,-0.53706859932
BTC,1000,1790710965051671172,1790710975051671172,1790710975787485187,0.01198,83445.1,999.741782,4.5,0,-0.014376,0.899946585,0.49994936,-0.914322585,-1.414271945,999.672298,999.741782,999.898720,999.982580,-0.016427,0.000000,0.499876282,-0.016427,-0.516303282,999.672298,999.741782,999.752564,999.838475,0.897968663,-1.07618877292
BTC,100,1790710970473194667,1790710980473194667,1790710981361545434,0.00119,83450.9,99.312640,4.5,0,-0.001071,0.089394228,0.049661675,-0.090465228,-0.140126903,99.306571,99.312640,99.323350,99.330490,-0.009044,0.000000,0.0496572125,-0.009044,-0.0587012125,99.306571,99.312640,99.314425,99.329538,0.0814256905,-0.11432152214
BTC,250,1790710970473194667,1790710980473194667,1790710981361545434,0.00299,83450.9,249.533440,4.5,0,-0.005441,0.2246136255,0.124780175,-0.2300546255,-0.3548348005,249.518191,249.533440,249.560350,249.581040,-0.022724,0.000000,0.1247689625,-0.022724,-0.1474929625,249.518191,249.533440,249.537925,249.575898,0.2073418380,-0.28724483294
BTC,500,1790710970473194667,1790710980473194667,1790710981361545434,0.00599,83450.9,499.901440,4.5,0,-0.014141,0.4499799255,0.249977675,-0.4641209255,-0.7140986005,499.870891,499.901440,499.955350,500.000040,-0.045524,0.000000,0.2499552125,-0.045524,-0.2954792125,499.870891,499.901440,499.910425,499.986498,0.4186193880,-0.57545035094
BTC,1000,1790710970473194667,1790710980473194667,1790710981361545434,0.01198,83450.9,999.802880,4.5,0,-0.031512,0.8999613045,0.49995535,-0.9314733045,-1.4314286545,999.741782,999.802880,999.910700,1000.003310,-0.091048,0.000000,0.499910425,-0.091048,-0.590958425,999.741782,999.802880,999.820850,999.972996,0.8404702295,-1.15090070188
BTC,100,1790710975787485187,1790710985787485187,1790710986743868135,0.00119,83450.9,99.300740,4.5,0,-0.003451,0.089395299,0.04966465,-0.092846299,-0.142510949,99.306571,99.300740,99.329300,99.326920,-0.001904,0.000000,0.0496572125,-0.001904,-0.0515612125,99.306571,99.300740,99.314425,99.310498,0.0909497365,-0.10717619094
BTC,250,1790710975787485187,1790710985787485187,1790710986743868135,0.00299,83450.9,249.503540,4.5,0,-0.008671,0.224615079,0.12478765,-0.233286079,-0.358073729,249.518191,249.503540,249.575300,249.569320,-0.004784,0.000000,0.1247689625,-0.004784,-0.1295529625,249.518191,249.503540,249.537925,249.528058,0.2285207665,-0.26929143774
BTC,500,1790710975787485187,1790710985787485187,1790710986743868135,0.00599,83450.9,499.841540,4.5,0,-0.017371,0.449981379,0.24999265,-0.467352379,-0.717345029,499.870891,499.841540,499.985300,499.973320,-0.009584,0.000000,0.2499552125,-0.009584,-0.2595392125,499.870891,499.841540,499.910425,499.890658,0.4578058165,-0.53948351574
BTC,1000,1790710975787485187,1790710985787485187,1790710986743868135,0.01198,83450.9,999.683080,4.5,0,-0.034742,0.899962758,0.4999853,-0.934704758,-1.434690058,999.741782,999.683080,999.970600,999.946640,-0.019168,0.000000,0.499910425,-0.019168,-0.519078425,999.741782,999.683080,999.820850,999.781316,0.915611633,-1.07896703148
BTC,100,1790710981361545434,1790710991361545434,1790710992205503037,0.00119,83456.0,99.301454,4.5,0,-0.008806,0.089395299,0.04966465,-0.098201299,-0.147865949,99.312640,99.301454,99.329300,99.326920,-0.001813,0.000000,0.0496627915,-0.001813,-0.0514757915,99.312640,99.301454,99.325583,99.316210,0.0963901575,-0.10709549354
BTC,250,1790710981361545434,1790710991361545434,1790710992205503037,0.00299,83456.0,249.505334,4.5,0,-0.022126,0.224615079,0.12478765,-0.246741079,-0.371528729,249.533440,249.505334,249.575300,249.569320,-0.010273,0.000000,0.1247801215,-0.010273,-0.1350531215,249.533440,249.505334,249.560243,249.542410,0.2364756075,-0.27480186434
BTC,500,1790710981361545434,1790710991361545434,1790710992205503037,0.00599,83456.0,499.845134,4.5,0,-0.044326,0.449981379,0.24999265,-0.494307379,-0.744300029,499.901440,499.845134,499.985300,499.973320,-0.024373,0.000000,0.2499756715,-0.024373,-0.2743486715,499.901440,499.845134,499.951343,499.919410,0.4699513575,-0.55431248234
BTC,1000,1790710981361545434,1790710991361545434,1790710992205503037,0.01198,83456.0,999.690268,4.5,0,-0.088652,0.899962758,0.4999853,-0.988614758,-1.488600058,999.802880,999.690268,999.970600,999.946640,-0.052526,0.000000,0.499949453,-0.052526,-0.552475453,999.802880,999.690268,999.898906,999.838820,0.936124605,-1.11240201628
BTC,100,1790710986743868135,1790710996743868135,1790710997612195457,0.00119,83446.0,99.303239,4.5,0,0.001309,0.0893936925,0.049662865,-0.0880846925,-0.1377475575,99.300740,99.303239,99.325730,99.326920,-0.006639,0.000000,0.0496533575,-0.006639,-0.0562923575,99.300740,99.303239,99.306715,99.315853,0.0814552000,-0.11190667654
BTC,250,1790710986743868135,1790710996743868135,1790710997612195457,0.00299,83446.0,249.509819,4.5,0,0.003289,0.2246110425,0.124783165,-0.2213220425,-0.3461052075,249.503540,249.509819,249.566330,249.569320,-0.019820,0.000000,0.1247580395,-0.019820,-0.1445780395,249.503540,249.509819,249.516079,249.542178,0.2015271680,-0.28431435146
BTC,500,1790710986743868135,1790710996743868135,1790710997612195457,0.00599,83446.0,499.853619,4.5,0,0.006089,0.4499732925,0.249983665,-0.4438842925,-0.6938679575,499.841540,499.853619,499.967330,499.973320,-0.047620,0.000000,0.2499303395,-0.047620,-0.2975503395,499.841540,499.853619,499.860679,499.920378,0.3963176180,-0.57748903546
BTC,1000,1790710986743868135,1790710996743868135,1790710997612195457,0.01198,83446.0,999.695758,4.5,0,0.000698,0.899946585,0.49996733,-0.899248585,-1.399215915,999.683080,999.695758,999.934660,999.946640,-0.114109,0.000000,0.4998576985,-0.114109,-0.6139666985,999.683080,999.695758,999.715397,999.842184,0.7852492165,-1.17384282118
BTC,100,1790710992205503037,1790711002205503037,1790711003036498375,0.00119,83446.6,99.321109,4.5,0,0.017275,0.089394228,0.049662865,-0.072119228,-0.121782093,99.301454,99.321109,99.325730,99.328110,-0.006287,0.000000,0.0496541185,-0.006287,-0.0559411185,99.301454,99.321109,99.308237,99.334179,0.0658409745,-0.11156099498
BTC,250,1790710992205503037,1790711002205503037,1790711003036498375,0.00299,83446.6,249.554656,4.5,0,0.040102,0.224613846,0.124783165,-0.184511846,-0.309295011,249.505334,249.554656,249.566330,249.575550,-0.015860,0.000000,0.1247611885,-0.015860,-0.1406211885,249.505334,249.554656,249.522377,249.587559,0.1686738225,-0.28037197058
BTC,500,1790710992205503037,1790711002205503037,1790711003036498375,0.00599,83446.6,499.943056,4.5,0,0.070702,0.449982846,0.249983665,-0.379280846,-0.629264511,499.845134,499.943056,499.967330,499.994550,-0.032660,0.000000,0.2499396385,-0.032660,-0.2825996385,499.845134,499.943056,499.879277,500.009859,0.3466648725,-0.56256859658
BTC,1000,1790710992205503037,1790711002205503037,1790711003036498375,0.01198,83446.6,999.885228,4.5,0,0.131800,0.899969616,0.49996733,-0.768169616,-1.268136946,999.690268,999.885228,999.934660,999.997820,-0.066204,0.000000,0.499879277,-0.066204,-0.566083277,999.690268,999.885228,999.758554,1000.019718,0.702053669,-1.12602119316
BTC,100,1790710997612195457,1790711007612195457,1790711008432763629,0.00119,83448.1,99.316210,4.5,0,0.005831,0.08939637,0.049662865,-0.08356537,-0.133228235,99.303239,99.316210,99.325730,99.332870,-0.004641,0.000000,0.0496553085,-0.004641,-0.0542963085,99.303239,99.316210,99.310617,99.328229,0.0789319265,-0.10991518538
BTC,250,1790710997612195457,1790711007612195457,1790711008432763629,0.00299,83448.1,249.542410,4.5,0,0.014651,0.22461777,0.124783165,-0.20996677,-0.334749935,249.509819,249.542410,249.566330,249.584270,-0.011661,0.000000,0.1247641785,-0.011661,-0.1364251785,249.509819,249.542410,249.528357,249.572609,0.1983247565,-0.27617344898
BTC,500,1790710997612195457,1790711007612195457,1790711008432763629,0.00599,83448.1,499.919410,4.5,0,0.029351,0.44998677,0.249983665,-0.42063577,-0.670619435,499.854119,499.919410,499.967330,500.003270,-0.023361,0.000000,0.2499456285,-0.023361,-0.2733066285,499.854119,499.919410,499.891257,499.979909,0.3973128065,-0.55327055498
BTC,1000,1790710997612195457,1790711007612195457,1790711008432763629,0.01198,83448.1,999.838820,4.5,0,0.058702,0.89997354,0.49996733,-0.84127154,-1.34123887,999.708238,999.838820,999.934660,1000.006540,-0.050064,0.000000,0.499889586,-0.050064,-0.549953586,999.708238,999.838820,999.779172,999.959818,0.791285284,-1.1098805032
BTC,100,1790711003036498375,1790711013036498375,1790711013610833564,0.00119,83463.2,99.317063,4.5,0,-0.010095,0.0893969055,0.04966346,-0.0994919055,-0.1491553655,99.321208,99.317063,99.326920,99.332870,0.003709,0.000000,0.04966584,0.003709,-0.04595684,99.321208,99.317063,99.331680,99.323826,0.1031985255,-0.10158038168
BTC,250,1790711003036498375,1790711013036498375,1790711013610833564,0.00299,83463.2,249.544523,4.5,0,-0.025395,0.2246191155,0.12478466,-0.2500141155,-0.3747987755,249.554968,249.544523,249.569320,249.584270,0.009289,0.000000,0.12479064,0.009289,-0.11550164,249.554968,249.544523,249.581280,249.561546,0.2592971355,-0.25526163128
BTC,500,1790711003036498375,1790711013036498375,1790711013610833564,0.00599,83463.2,499.923623,4.5,0,-0.050895,0.4499894655,0.24998666,-0.5008844655,-0.7508711255,499.944568,499.923623,499.973320,500.003270,0.018589,0.000000,0.24999864,0.018589,-0.23140964,499.944568,499.923623,499.997280,499.957746,0.5194614855,-0.51139704728
BTC,1000,1790711003036498375,1790711013036498375,1790711013610833564,0.01198,83463.2,999.847226,4.5,0,-0.101810,0.899978931,0.49997332,-1.001788931,-1.501762251,999.889136,999.847226,999.946640,1000.006540,0.037158,0.000000,0.49999728,0.037158,-0.46283928,999.889136,999.847226,999.994560,999.915492,1.038922971,-1.02281409456
BTC,100,1790711008432763629,1790711018432763629,1790711018950613833,0.00119,83459.0,99.310280,4.5,0,-0.007120,0.0893990475,0.04966584,-0.0965190475,-0.1461848875,99.316210,99.310280,99.331680,99.332870,-0.003431,0.000000,0.0496610205,-0.003431,-0.0530920205,99.316210,99.310280,99.322041,99.319542,0.0930928670,-0.10871166374
BTC,250,1790711008432763629,1790711018432763629,1790711018950613833,0.00299,83459.0,249.527480,4.5,0,-0.017920,0.2246244975,0.12479064,-0.2425444975,-0.3673351375,249.542410,249.527480,249.581280,249.584270,-0.008651,0.000000,0.1247785305,-0.008651,-0.1334295305,249.542410,249.527480,249.557061,249.550782,0.2339056070,-0.27317972654
BTC,500,1790711008432763629,1790711018432763629,1790711018950613833,0.00599,83459.0,499.888647,4.5,0,-0.036753,0.4500002475,0.24999864,-0.4867532475,-0.7367518875,499.919410,499.888647,499.997280,500.003270,-0.022098,0.000000,0.2499743805,-0.022098,-0.2720723805,499.919410,499.888647,499.948761,499.940096,0.4646795070,-0.55204126046
BTC,1000,1790711008432763629,1790711018432763629,1790711018950613833,0.01198,83459.0,999.766284,4.5,0,-0.084516,0.900000495,0.49999728,-0.984516495,-1.484513775,999.838820,999.766284,999.994560,1000.006540,-0.062673,0.000000,0.499948761,-0.062673,-0.562621761,999.838820,999.766284,999.897522,999.887659,0.921892014,-1.12256161168
BTC,100,1790711013610833564,1790711023610833564,1790711024445591877,0.00119,83459.8,99.300879,4.5,0,-0.011523,0.08939637,0.04966584,-0.10091937,-0.15058521,99.317162,99.300879,99.331680,99.326920,-0.004978,0.000000,0.0496604255,-0.004978,-0.0546384255,99.317162,99.300879,99.320851,99.309546,0.0959467845,-0.11025493666
BTC,250,1790711013610833564,1790711023610833564,1790711024445591877,0.00299,83459.8,249.503859,4.5,0,-0.028983,0.22461777,0.12479064,-0.25360077,-0.37839141,249.544802,249.503859,249.581280,249.569320,-0.012538,0.000000,0.1247770355,-0.012538,-0.1373150355,249.544802,249.503859,249.554071,249.525666,0.2410763745,-0.27705736186
BTC,500,1790711013610833564,1790711023610833564,1790711024445591877,0.00599,83459.8,499.842159,4.5,0,-0.058083,0.44998677,0.24999864,-0.50806977,-0.75806841,499.924202,499.842159,499.997280,499.973320,-0.025138,0.000000,0.2499713855,-0.025138,-0.2751093855,499.924202,499.842159,499.942771,499.885866,0.4829590245,-0.55506140386
BTC,1000,1790711013610833564,1790711023610833564,1790711024445591877,0.01198,83459.8,999.684298,4.5,0,-0.116186,0.89997354,0.49999728,-1.01615954,-1.51615682,999.848404,999.684298,999.994560,999.946640,-0.050296,0.000000,0.499942771,-0.050296,-0.550238771,999.848404,999.684298,999.885542,999.771732,0.965918049,-1.11014280772
BTC,100,1790711018950613833,1790711028950613833,1790711029852429216,0.00119,83454.1,99.302287,4.5,0,-0.003332,0.08939637,0.04966584,-0.09272837,-0.14239421,99.310379,99.302287,99.331680,99.326920,-0.002142,0.000000,0.0496576885,-0.002142,-0.0517996885,99.310379,99.302287,99.315377,99.309427,0.0905945215,-0.10741463362
BTC,250,1790711018950613833,1790711028950613833,1790711029852429216,0.00299,83454.1,249.507427,4.5,0,-0.008372,0.22461777,0.12479064,-0.23298977,-0.35778041,249.527759,249.507427,249.581280,249.569320,-0.005382,0.000000,0.1247701585,-0.005382,-0.1301521585,249.527759,249.507427,249.540317,249.525367,0.2276282515,-0.26989055002
BTC,500,1790711018950613833,1790711028950613833,1790711029852429216,0.00599,83454.1,499.849228,4.5,0,-0.016871,0.44998677,0.24999864,-0.46685777,-0.71685641,499.890059,499.849228,499.997280,499.973320,-0.010881,0.000000,0.2499576085,-0.010881,-0.2608386085,499.890059,499.849228,499.915217,499.885267,0.4560178015,-0.54078274402
BTC,1000,1790711018950613833,1790711028950613833,1790711029852429216,0.01198,83454.1,999.697956,4.5,0,-0.034242,0.89997354,0.49999728,-0.93421554,-1.43421282,999.780118,999.697956,999.994560,999.946640,-0.022262,0.000000,0.499915217,-0.022262,-0.522177217,999.780118,999.697956,999.830434,999.770534,0.912035603,-1.08206548804
BTC,100,1790711024445591877,1790711034445591877,1790711035268709615,0.00119,83446.2,99.304905,4.5,0,0.002737,0.0893936925,0.049662865,-0.0866566925,-0.1363195575,99.300978,99.304905,99.325730,99.326920,0.001190,0.000000,0.0496547135,0.001190,-0.0484647135,99.300978,99.304905,99.309427,99.312164,0.0878548440,-0.10407875898
BTC,250,1790711024445591877,1790711034445591877,1790711035268709615,0.00299,83446.2,249.514005,4.5,0,0.006877,0.2246110425,0.124783165,-0.2177340425,-0.3425172075,249.504138,249.514005,249.566330,249.569320,0.002990,0.000000,0.1247626835,0.002990,-0.1217726835,249.504138,249.514005,249.525367,249.532244,0.2207445240,-0.26150881458
BTC,500,1790711024445591877,1790711034445591877,1790711035268709615,0.00599,83446.2,499.860228,4.5,0,0.011500,0.4499732925,0.249983665,-0.4384732925,-0.6884569575,499.842738,499.860228,499.967330,499.973320,0.001547,0.000000,0.2499415505,0.001547,-0.2483945505,499.842738,499.860228,499.883101,499.899044,0.4400624070,-0.5283335511
BTC,1000,1790711024445591877,1790711034445591877,1790711035268709615,0.01198,83446.2,999.708956,4.5,0,0.011500,0.899946585,0.49996733,-0.888446585,-1.388413915,999.685476,999.708956,999.934660,999.946640,-0.012829,0.000000,0.4998808895,-0.012829,-0.5127098895,999.685476,999.708956,999.761779,999.798088,0.8757040255,-1.07258665226
BTC,100,1790711029852429216,1790711039852429216,1790711040599472609,0.00119,83447.3,99.294909,4.5,0,-0.002618,0.089391015,0.049662865,-0.092009015,-0.141671880,99.302287,99.294909,99.325730,99.320970,-0.003213,0.000000,0.0496532855,-0.003213,-0.0528662855,99.302287,99.294909,99.306571,99.302406,0.0888055945,-0.10847679906
BTC,250,1790711029852429216,1790711039852429216,1790711040599472609,0.00299,83447.3,249.488889,4.5,0,-0.006578,0.224604315,0.124783165,-0.231182315,-0.355965480,249.507427,249.488889,249.566330,249.554370,-0.009127,0.000000,0.1247590955,-0.009127,-0.1338860955,249.507427,249.488889,249.518191,249.508780,0.2220793845,-0.27361364738
BTC,500,1790711029852429216,1790711039852429216,1790711040599472609,0.00599,83447.3,499.811298,4.5,0,-0.014069,0.449959815,0.249983665,-0.464028815,-0.714012480,499.849327,499.811298,499.967330,499.943370,-0.019918,0.000000,0.2499354455,-0.019918,-0.2698534455,499.849327,499.811298,499.870891,499.852780,0.4441590345,-0.54977607338
BTC,1000,1790711029852429216,1790711039852429216,1790711040599472609,0.01198,83447.3,999.618096,4.5,0,-0.032638,0.89991963,0.49996733,-0.93255763,-1.43252496,999.698654,999.618096,999.934660,999.886740,-0.045076,0.000000,0.499870891,-0.045076,-0.544946891,999.698654,999.618096,999.741782,999.706300,0.887578069,-1.10479235396
BTC,100,1790711035268709615,1790711045268709615,1790711046024519566,0.00119,83449.5,99.286579,4.5,0,-0.000476,0.0893851245,0.049662865,-0.0898611245,-0.1395239895,99.304905,99.286579,99.325730,99.307880,-0.000714,0.000000,0.0496547135,-0.000714,-0.0503687135,99.304905,99.286579,99.309427,99.291815,0.0891552760,-0.10597706126
BTC,250,1790711035268709615,1790711045268709615,1790711046024519566,0.00299,83449.5,249.467866,4.5,0,-0.001289,0.2245895145,0.124783165,-0.2258785145,-0.3506616795,249.514005,249.467866,249.566330,249.521480,-0.002851,0.000000,0.1247622015,-0.002851,-0.1276132015,249.514005,249.467866,249.524403,249.481115,0.2230484780,-0.26733474654
BTC,500,1790711035268709615,1790711045268709615,1790711046024519566,0.00599,83449.5,499.766566,4.5,0,-0.006089,0.4499301645,0.249983665,-0.4560191645,-0.7060028295,499.862505,499.766566,499.967330,499.877480,-0.014697,0.000000,0.2499397515,-0.014697,-0.2646367515,499.862505,499.766566,499.879503,499.798261,0.4413660780,-0.54454652542
BTC,1000,1790711035268709615,1790711045268709615,1790711046024519566,0.01198,83449.5,999.524246,4.5,0,-0.021064,0.899860329,0.49996733,-0.920924329,-1.420891659,999.725010,999.524246,999.934660,999.754960,-0.046444,0.000000,0.499877593,-0.046444,-0.546321593,999.725010,999.524246,999.755186,999.600866,0.874570066,-1.10614128756
BTC,100,1790711040599472609,1790711050599472609,1790711051256202947,0.00119,83441.1,99.289911,4.5,0,-0.000238,0.08938566,0.04965989,-0.08962366,-0.13928355,99.294909,99.289911,99.319780,99.315020,-0.012138,0.000000,0.049647514,-0.012138,-0.061785514,99.294909,99.289911,99.295028,99.302168,0.077498036,-0.11739272888
BTC,250,1790711040599472609,1790711050599472609,1790711051256202947,0.00299,83441.1,249.476238,4.5,0,-0.000691,0.22459086,0.12477569,-0.22528186,-0.35005755,249.488889,249.476238,249.551380,249.539420,-0.030591,0.000000,0.124744594,-0.030591,-0.155335594,249.488889,249.476238,249.489188,249.507128,0.194721956,-0.29505456248
BTC,500,1790711040599472609,1790711050599472609,1790711051256202947,0.00599,83441.1,499.786038,4.5,0,-0.002191,0.44993286,0.24996869,-0.45212386,-0.70209255,499.812189,499.786038,499.937380,499.913420,-0.062091,0.000000,0.249906394,-0.062091,-0.311997394,499.812189,499.786038,499.812788,499.848728,0.390095156,-0.59190261848
BTC,1000,1790711040599472609,1790711050599472609,1790711051256202947,0.01198,83441.1,999.571272,4.5,0,-0.005186,0.89986572,0.49993738,-0.90505172,-1.40498910,999.624378,999.571272,999.874760,999.826840,-0.124986,0.000000,0.499812788,-0.124986,-0.624798788,999.624378,999.571272,999.625576,999.697456,0.780190312,-1.18460923696
BTC,100,1790711046024519566,1790711056024519566,1790711056294811108,0.00119,83434.1,99.286222,4.5,0,-0.008687,0.0893797695,0.049653345,-0.0980667695,-0.1477201145,99.286579,99.286222,99.306690,99.315020,-0.005355,0.000000,0.0496451935,-0.005355,-0.0550001935,99.286579,99.286222,99.290387,99.295385,0.0927199210,-0.11060420966
BTC,250,1790711046024519566,1790711056024519566,1790711056294811108,0.00299,83434.1,249.466236,4.5,0,-0.022653,0.2245760595,0.124759245,-0.2472290595,-0.3719883045,249.467959,249.466236,249.518490,249.539420,-0.014281,0.000000,0.1247387635,-0.014281,-0.1390197635,249.467959,249.466236,249.477527,249.490085,0.2329685410,-0.27873069486
BTC,500,1790711046024519566,1790711056024519566,1790711056294811108,0.00599,83434.1,499.765536,4.5,0,-0.046653,0.4499032095,0.249935745,-0.4965562095,-0.7464919545,499.770259,499.765536,499.871490,499.913420,-0.029881,0.000000,0.2498947135,-0.029881,-0.2797757135,499.770259,499.765536,499.789427,499.814585,0.4667162410,-0.55966483686
BTC,1000,1790711046024519566,1790711056024519566,1790711056294811108,0.01198,83434.1,999.529805,4.5,0,-0.094573,0.899806419,0.49987149,-0.994379419,-1.494250909,999.540518,999.529805,999.742980,999.826840,-0.061029,0.000000,0.499789427,-0.061029,-0.560818427,999.540518,999.529805,999.578854,999.629170,0.933432482,-1.12059667372
BTC,100,1790711051256202947,1790711061256202947,1790711061850312812,0.00119,83436.9,99.287293,4.5,0,0.004522,0.089379234,0.049656915,-0.084857234,-0.134514149,99.289911,99.287293,99.313830,99.306690,-0.002499,0.000000,0.049647633,-0.002499,-0.052146633,99.289911,99.287293,99.295266,99.295147,0.082367516,-0.10775194864
BTC,250,1790711051256202947,1790711061256202947,1790711061850312812,0.00299,83436.9,249.469753,4.5,0,0.011362,0.224574714,0.124768215,-0.213212714,-0.337980929,249.476331,249.469753,249.536430,249.518490,-0.006279,0.000000,0.124744893,-0.006279,-0.131023893,249.476331,249.469753,249.489786,249.489487,0.206957036,-0.27073808944
BTC,500,1790711051256202947,1790711061256202947,1790711061850312812,0.00599,83436.9,499.773061,4.5,0,0.021970,0.449900514,0.249953715,-0.427930514,-0.677884229,499.787031,499.773061,499.907430,499.871490,-0.013371,0.000000,0.249906993,-0.013371,-0.263277993,499.787031,499.773061,499.813986,499.813387,0.414606236,-0.54317365744
BTC,1000,1790711051256202947,1790711061256202947,1790711061850312812,0.01198,83436.9,999.537438,4.5,0,0.035256,0.899801028,0.49990743,-0.864545028,-1.364452458,999.574062,999.537438,999.814860,999.742980,-0.035426,0.000000,0.499813986,-0.035426,-0.535239986,999.574062,999.537438,999.627972,999.626774,0.829212472,-1.09503131488
BTC,100,1790711056294811108,1790711066294811108,1790711067059836742,0.00119,83433.8,99.280272,4.5,0,0.001190,0.089379234,0.049656915,-0.088189234,-0.137846149,99.286222,99.280272,99.313830,99.306690,-0.004760,0.000000,0.0496456695,-0.004760,-0.0544056695,99.286222,99.280272,99.291339,99.290149,0.0834404795,-0.11000848614
BTC,250,1790711056294811108,1790711066294811108,1790711067059836742,0.00299,83433.8,249.452112,4.5,0,0.002990,0.224574714,0.124768215,-0.221584714,-0.346352929,249.467062,249.452112,249.536430,249.518490,-0.011960,0.000000,0.1247399595,-0.011960,-0.1366999595,249.467062,249.452112,249.479919,249.476929,0.2096529695,-0.27640787694
BTC,500,1790711056294811108,1790711066294811108,1790711067059836742,0.00599,83433.8,499.738413,4.5,0,0.005891,0.449900514,0.249953715,-0.444009514,-0.693963229,499.768462,499.738413,499.907430,499.871490,-0.024059,0.000000,0.2498971095,-0.024059,-0.2739561095,499.768462,499.738413,499.794219,499.788229,0.4200071195,-0.55383919494
BTC,1000,1790711056294811108,1790711066294811108,1790711067059836742,0.01198,83433.8,999.476326,4.5,0,0.011282,0.899801028,0.49990743,-0.888519028,-1.388426458,999.536924,999.476326,999.814860,999.742980,-0.048618,0.000000,0.499794219,-0.048618,-0.548412219,999.536924,999.476326,999.588438,999.576458,0.840014239,-1.10817838988
BTC,100,1790711061850312812,1790711071850312812,1790711072531413170,0.00119,83434.7,99.271036,4.5,0,-0.011497,0.089372808,0.04965275,-0.100869808,-0.150522558,99.287293,99.271036,99.305500,99.300740,-0.005309,0.000000,0.049644658,-0.005309,-0.054953658,99.287293,99.271036,99.289316,99.278368,0.095568900,-0.11055260952
BTC,250,1790711061850312812,1790711071850312812,1790711072531413170,0.00299,83434.7,249.428296,4.5,0,-0.029497,0.224558568,0.12475775,-0.254055568,-0.378813318,249.469753,249.428296,249.515500,249.503540,-0.017362,0.000000,0.124737418,-0.017362,-0.142099418,249.469753,249.428296,249.474836,249.450741,0.236713900,-0.28179857956
BTC,500,1790711061850312812,1790711071850312812,1790711072531413170,0.00599,83434.7,499.690396,4.5,0,-0.059497,0.449868168,0.24993275,-0.509365168,-0.759297918,499.773853,499.690396,499.865500,499.841540,-0.038662,0.000000,0.249892018,-0.038662,-0.288554018,499.773853,499.690396,499.784036,499.739241,0.470743900,-0.56842053556
BTC,1000,1790711061850312812,1790711071850312812,1790711072531413170,0.01198,83434.7,999.380389,4.5,0,-0.119397,0.899736336,0.4998655,-1.019133336,-1.518998836,999.547706,999.380389,999.731000,999.683080,-0.081191,0.000000,0.499784036,-0.081191,-0.580975036,999.547706,999.380389,999.568072,999.481946,0.938023800,-1.14070904104
BTC,100,1790711067059836742,1790711077059836742,1790711077827109787,0.00119,83428.8,99.262898,4.5,0,0.002856,0.0893658465,0.04965275,-0.0865098465,-0.1361625965,99.280272,99.262898,99.305500,99.285270,0.008224,0.000000,0.049642463,0.008224,-0.041418463,99.280272,99.262898,99.284926,99.259328,0.0947441335,-0.09701085412
BTC,250,1790711067059836742,1790711077059836742,1790711077827109787,0.00299,83428.8,249.408458,4.5,0,0.007176,0.2245410765,0.12475775,-0.2173650765,-0.3421228265,249.452112,249.408458,249.515500,249.464670,0.019412,0.000000,0.124731277,0.019412,-0.105319277,249.452112,249.408458,249.462554,249.399488,0.2368035495,-0.24500064876
BTC,500,1790711067059836742,1790711077059836742,1790711077827109787,0.00599,83428.8,499.651058,4.5,0,0.014376,0.4498331265,0.24993275,-0.4354571265,-0.6853898765,499.738512,499.651058,499.865500,499.763670,0.038012,0.000000,0.249879277,0.038012,-0.211867277,499.738512,499.651058,499.758554,499.633088,0.4735225995,-0.49169693676
BTC,1000,1790711067059836742,1790711077059836742,1790711077827109787,0.01198,83428.8,999.302116,4.5,0,0.028752,0.899666253,0.4998655,-0.870914253,-1.370779753,999.477024,999.302116,999.731000,999.527340,0.075150,0.000000,0.499758117,0.075150,-0.424608117,999.477024,999.302116,999.516234,999.266176,0.946171636,-0.9842671918
BTC,100,1790711072531413170,1790711082531413170,1790711083259442326,0.00119,83422.0,99.240616,4.5,0,0.013656,0.089349246,0.049649775,-0.075693246,-0.125343021,99.272180,99.240616,99.299550,99.254330,-0.002685,0.000000,0.0496383915,-0.002685,-0.0523233915,99.272180,99.240616,99.276783,99.247904,0.0730196295,-0.10791030386
BTC,250,1790711072531413170,1790711082531413170,1790711083259442326,0.00299,83422.0,249.351436,4.5,0,0.033276,0.224499366,0.124750275,-0.191223366,-0.315973641,249.431780,249.351436,249.500550,249.386930,-0.009174,0.000000,0.124720977,-0.009174,-0.133894977,249.431780,249.351436,249.441954,249.370784,0.182078664,-0.27356254364
BTC,500,1790711072531413170,1790711082531413170,1790711083259442326,0.00599,83422.0,499.536136,4.5,0,0.064986,0.4497500115,0.249917775,-0.3847640115,-0.6346817865,499.697780,499.536136,499.835550,499.608920,-0.021474,0.000000,0.249857877,-0.021474,-0.271331877,499.697780,499.536136,499.715754,499.575584,0.3633499095,-0.55113345164
BTC,1000,1790711072531413170,1790711082531413170,1790711083259442326,0.01198,83422.0,999.071587,4.5,0,0.124287,0.899502273,0.49983555,-0.775215273,-1.275050823,999.395560,999.071587,999.671100,999.222840,-0.046033,0.000000,0.499714554,-0.046033,-0.545747554,999.395560,999.071587,999.429108,999.151168,0.729303269,-1.10535003128
BTC,100,1790711077827109787,1790711087827109787,1790711088550931210,0.00119,83414.2,99.241486,4.5,0,0.006938,0.0893416545,0.04964134,-0.0824036545,-0.1320449945,99.262898,99.241486,99.282680,99.254330,-0.017842,0.000000,0.049631449,-0.017842,-0.067473449,99.262898,99.241486,99.256353,99.252783,0.0645715455,-0.12305600708
BTC,250,1790711077827109787,1790711087827109787,1790711088550931210,0.00299,83414.2,249.353206,4.5,0,0.014498,0.2244796245,0.12472834,-0.2099816245,-0.3347099645,249.408458,249.353206,249.456680,249.386930,-0.046282,0.000000,0.124704229,-0.046282,-0.170986229,249.408458,249.353206,249.392013,249.383043,0.1637237355,-0.31064324468
BTC,500,1790711077827109787,1790711087827109787,1790711088550931210,0.00599,83414.2,499.539406,4.5,0,0.024958,0.4497086115,0.24987227,-0.4247506115,-0.6746228815,499.651058,499.539406,499.744540,499.607930,-0.093682,0.000000,0.249825529,-0.093682,-0.343507529,499.651058,499.539406,499.618113,499.600143,0.3311153525,-0.62328864068
BTC,1000,1790711077827109787,1790711087827109787,1790711088550931210,0.01198,83414.2,999.077852,4.5,0,0.039386,0.8994129165,0.499739755,-0.8600269165,-1.3597666715,999.302116,999.077852,999.479510,999.215860,-0.195949,0.000000,0.499651058,-0.195949,-0.695600058,999.302116,999.077852,999.228601,999.200286,0.6641666135,-1.25516014636
BTC,100,1790711083259442326,1790711093259442326,1790711093871007941,0.00119,83396.0,99.239931,4.5,0,0.009401,0.0893230065,0.04962657,-0.0799220065,-0.1295485765,99.241240,99.239931,99.253140,99.242430,0.006545,0.000000,0.0496231785,0.006545,-0.0430781785,99.241240,99.239931,99.246357,99.238503,0.0864703980,-0.0986539393
BTC,250,1790711083259442326,1790711093259442326,1790711093871007941,0.00299,83396.0,249.350751,4.5,0,0.023621,0.2244334365,0.12469197,-0.2008124365,-0.3255044065,249.354040,249.350751,249.383940,249.357030,0.016445,0.000000,0.1246834485,0.016445,-0.1082384485,249.354040,249.350751,249.366897,249.347163,0.2172659580,-0.2478783853
BTC,500,1790711083259442326,1790711093259442326,1790711093871007941,0.00599,83396.0,499.535451,4.5,0,0.047321,0.4496174865,0.24980097,-0.4022964865,-0.6520974565,499.542040,499.535451,499.601940,499.548030,0.032945,0.000000,0.2497838985,0.032945,-0.2168388985,499.542040,499.535451,499.567797,499.528263,0.4352585580,-0.4965857953
BTC,1000,1790711083259442326,1790711093259442326,1790711093871007941,0.01198,83396.0,999.070902,4.5,0,0.094642,0.899234973,0.49960194,-0.804592973,-1.304194913,999.084080,999.070902,999.203880,999.096060,0.065890,0.000000,0.499567797,0.065890,-0.433677797,999.084080,999.070902,999.135594,999.056526,0.870517116,-0.9931715906
BTC,100,1790711088550931210,1790711098550931210,1790711099076400100,0.00119,83400.2,99.231006,4.5,0,-0.005712,0.089323542,0.04962657,-0.095035542,-0.144662112,99.246238,99.231006,99.253140,99.243620,-0.001309,0.000000,0.0496240115,-0.001309,-0.0509330115,99.246238,99.231006,99.248023,99.234100,0.0937291005,-0.10650800594
BTC,250,1790711088550931210,1790711098550931210,1790711099076400100,0.00299,83400.2,249.328326,4.5,0,-0.014352,0.224434782,0.12469197,-0.238786782,-0.363478752,249.366598,249.328326,249.383940,249.360020,-0.003289,0.000000,0.1246855415,-0.003289,-0.1279745415,249.366598,249.328326,249.371083,249.336100,0.2355042105,-0.26761255274
BTC,500,1790711088550931210,1790711098550931210,1790711099076400100,0.00599,83400.2,499.488315,4.5,0,-0.030963,0.449620182,0.24980097,-0.480583182,-0.730384152,499.567198,499.488315,499.601940,499.554020,-0.008800,0.000000,0.2497880915,-0.008800,-0.2585880915,499.567198,499.488315,499.576183,499.506100,0.4717960605,-0.53833113074
BTC,1000,1790711088550931210,1790711098550931210,1790711099076400100,0.01198,83400.2,998.962668,4.5,0,-0.075888,0.899240364,0.49960194,-0.975128364,-1.474730304,999.134396,998.962668,999.203880,999.108040,-0.031958,0.000000,0.499576183,-0.031958,-0.531534183,999.134396,998.962668,999.152366,999.012596,0.943196121,-1.09102037236
BTC,100,1790711093871007941,1790711103871007941,1790711104524928761,0.00119,83394.9,99.226603,4.5,0,-0.004998,0.0893133675,0.04962062,-0.0943113675,-0.1439319875,99.239931,99.226603,99.241240,99.232910,-0.009422,0.000000,0.0496199655,-0.009422,-0.0590419655,99.239931,99.226603,99.235150,99.231244,0.0848900220,-0.11461255582
BTC,250,1790711093871007941,1790711103871007941,1790711104524928761,0.00299,83394.9,249.317263,4.5,0,-0.012558,0.2244092175,0.12467702,-0.2369672175,-0.3616442375,249.350751,249.317263,249.354040,249.333110,-0.025250,0.000000,0.1246753755,-0.025250,-0.1499253755,249.350751,249.317263,249.337162,249.328924,0.2117188620,-0.28955187958
BTC,500,1790711093871007941,1790711103871007941,1790711104524928761,0.00599,83394.9,499.467670,4.5,0,-0.025851,0.4495689675,0.24977102,-0.4754199675,-0.7251909875,499.535451,499.467670,499.542040,499.500110,-0.058643,0.000000,0.2497677255,-0.058643,-0.3084107255,499.535451,499.467670,499.500862,499.491724,0.4167802620,-0.58812864958
BTC,1000,1790711093871007941,1790711103871007941,1790711104524928761,0.01199,83394.9,999.765670,4.5,0,-0.055251,0.8998884675,0.49995902,-0.9551394675,-1.4550984875,999.904851,999.765670,999.918040,999.834110,-0.128243,0.000000,0.4999524255,-0.128243,-0.6281954255,999.904851,999.765670,999.828262,999.817324,0.8269030620,-1.18809618958
BTC,100,1790711099076400100,1790711109076400100,1790711110010075383,0.00119,83387.4,99.239931,4.5,0,0.007735,0.0893187225,0.049621215,-0.0815837225,-0.1312049375,99.231006,99.239931,99.242430,99.243620,-0.009639,0.000000,0.049615503,-0.009639,-0.059254503,99.231006,99.239931,99.230411,99.248975,0.0719504345,-0.11482873108
BTC,250,1790711099076400100,1790711109076400100,1790711110010075383,0.00299,83387.4,249.349697,4.5,0,0.018381,0.2244226725,0.124678515,-0.2060416725,-0.3307201875,249.328326,249.349697,249.357030,249.360020,-0.025273,0.000000,0.124664163,-0.025273,-0.149937163,249.328326,249.349697,249.326831,249.373475,0.1807830245,-0.28957324868
BTC,500,1790711099076400100,1790711109076400100,1790711110010075383,0.00599,83387.4,499.524197,4.5,0,0.027681,0.4495959225,0.249774015,-0.4219149225,-0.6716889375,499.490526,499.524197,499.548030,499.554020,-0.059773,0.000000,0.249745263,-0.059773,-0.309518263,499.490526,499.524197,499.487531,499.580975,0.3621706745,-0.58925744468
BTC,1000,1790711099076400100,1790711109076400100,1790711110010075383,0.01199,83387.4,999.873197,4.5,0,0.046281,0.8999424225,0.499965015,-0.8536614225,-1.3536264375,999.814926,999.873197,999.930030,999.942020,-0.129130,0.000000,0.499907463,-0.129130,-0.629037463,999.814926,999.873197,999.808574,999.995975,0.7245889745,-1.18898273672
BTC,100,1790711104524928761,1790711114524928761,1790711115448593745,0.00119,83383.7,99.239931,4.5,0,0.001428,0.089313903,0.04961586,-0.087885903,-0.137501763,99.226603,99.239931,99.231720,99.243620,-0.009758,0.000000,0.0496133015,-0.009758,-0.0593713015,99.226603,99.239931,99.224818,99.247904,0.0781304615,-0.11494366366
BTC,250,1790711104524928761,1790711114524928761,1790711115448593745,0.00299,83383.7,249.350751,4.5,0,0.003588,0.224410563,0.12466506,-0.220822563,-0.345487623,249.317263,249.350751,249.330120,249.360020,-0.024518,0.000000,0.1246586315,-0.024518,-0.1491766315,249.317263,249.350751,249.312778,249.370784,0.1963109915,-0.28880802886
BTC,500,1790711104524928761,1790711114524928761,1790711115448593745,0.00599,83383.7,499.535451,4.5,0,0.007188,0.449571663,0.24974706,-0.442383663,-0.692130723,499.468363,499.535451,499.494120,499.554020,-0.049118,0.000000,0.2497341815,-0.049118,-0.2988521815,499.468363,499.535451,499.459378,499.575584,0.3932785415,-0.57858197086
BTC,1000,1790711104524928761,1790711114524928761,1790711115448593745,0.01199,83383.7,999.904851,4.5,0,0.014388,0.899893863,0.49991106,-0.885505863,-1.385416923,999.770563,999.904851,999.822120,999.942020,-0.098318,0.000000,0.4998852815,-0.098318,-0.5982032815,999.770563,999.904851,999.752578,999.985184,0.7872136415,-1.15812985486
BTC,100,1790711110010075383,1790711120010075383,1790711120731806739,0.00119,83394.9,99.242906,4.5,0,0.001785,0.0893187225,0.049621215,-0.0875337225,-0.1371549375,99.239931,99.242906,99.242430,99.243620,0.002975,0.000000,0.04962181,0.002975,-0.04664681,99.239931,99.242906,99.243620,99.243620,0.0905081275,-0.1022232372
BTC,250,1790711110010075383,1790711120010075383,1790711120731806739,0.00299,83394.9,249.358133,4.5,0,0.004392,0.2244226725,0.124678515,-0.2200306725,-0.3447091875,249.350751,249.358133,249.357030,249.360020,0.001303,0.000000,0.12468001,0.001303,-0.12337701,249.350751,249.358133,249.360020,249.366099,0.2213321775,-0.26302032332
BTC,500,1790711110010075383,1790711120010075383,1790711120731806739,0.00599,83394.9,499.549433,4.5,0,0.007992,0.4495959225,0.249774015,-0.4416039225,-0.6913779375,499.535451,499.549433,499.548030,499.554020,-0.005297,0.000000,0.24977701,-0.005297,-0.25507401,499.535451,499.549433,499.554020,499.573299,0.4363039275,-0.53482965932
BTC,1000,1790711110010075383,1790711120010075383,1790711120731806739,0.01199,83394.9,999.932033,4.5,0,0.015192,0.8999424225,0.499965015,-0.8847504225,-1.3847154375,999.904851,999.932033,999.930030,999.942020,-0.018497,0.000000,0.49997101,-0.018497,-0.51846801,999.904851,999.932033,999.942020,999.987699,0.8662474275,-1.07844833132
BTC,100,1790711115448593745,1790711125448593745,1790711126225622825,0.00119,83394.9,99.244453,4.5,0,0.003332,0.0893187225,0.049621215,-0.0859867225,-0.1356079375,99.239931,99.244453,99.242430,99.243620,-0.000763,0.000000,0.049621131,-0.000763,-0.050384131,99.239931,99.244453,99.242262,99.247547,0.0852238065,-0.10596127752
BTC,250,1790711115448593745,1790711125448593745,1790711126225622825,0.00299,83394.9,249.362113,4.5,0,0.008372,0.2244226725,0.124678515,-0.2160506725,-0.3407291875,249.350751,249.362113,249.357030,249.360020,-0.003463,0.000000,0.124677531,-0.003463,-0.128140531,249.350751,249.362113,249.355062,249.369887,0.2125886565,-0.26778351672
BTC,500,1790711115448593745,1790711125448593745,1790711126225622825,0.00599,83394.9,499.556253,4.5,0,0.014812,0.4495959225,0.249774015,-0.4347839225,-0.6845579375,499.535451,499.556253,499.548030,499.554020,-0.010223,0.000000,0.249771381,-0.010223,-0.259994381,499.535451,499.556253,499.542762,499.573787,0.4245635565,-0.53974701472
BTC,1000,1790711115448593745,1790711125448593745,1790711126225622825,0.01199,83394.9,999.936453,4.5,0,0.019612,0.8999424225,0.499965015,-0.8803304225,-1.3802954375,999.904851,999.936453,999.930030,999.942020,-0.031823,0.000000,0.499959081,-0.031823,-0.531782081,999.904851,999.936453,999.918162,999.981587,0.8485133565,-1.09175401072
BTC,100,1790711120731806739,1790711130731806739,1790711131629830480,0.00119,83397.4,99.243025,4.5,0,-0.003451,0.0893197935,0.049621453,-0.0927707935,-0.1423922465,99.242906,99.243025,99.242430,99.246000,-0.002261,0.000000,0.0496217505,-0.002261,-0.0518827505,99.242906,99.243025,99.243501,99.245881,0.0905094960,-0.10745977746
BTC,250,1790711120731806739,1790711130731806739,1790711131629830480,0.00299,83397.4,249.358525,4.5,0,-0.008671,0.2244253635,0.124679113,-0.2330963635,-0.3577754765,249.358226,249.358525,249.357030,249.366000,-0.005681,0.000000,0.1246798605,-0.005681,-0.1303608605,249.358226,249.358525,249.359721,249.365701,0.2274146160,-0.27000397866
BTC,500,1790711120731806739,1790711130731806739,1790711131629830480,0.00599,83397.4,499.543402,4.5,0,-0.024994,0.4496013135,0.249775213,-0.4745953135,-0.7243705265,499.550426,499.543402,499.548030,499.566000,-0.019004,0.000000,0.2497767105,-0.019004,-0.2687807105,499.550426,499.543402,499.553421,499.565401,0.4555898160,-0.54853398066
BTC,1000,1790711120731806739,1790711130731806739,1790711131629830480,0.01199,83397.4,999.882202,4.5,0,-0.088594,0.8999532135,0.499967413,-0.9885472135,-1.4885146265,999.934826,999.882202,999.930030,999.966000,-0.077017,0.000000,0.499970204,-0.077017,-0.576987204,999.934826,999.882202,999.940408,999.964801,0.9115274225,-1.13696066252
BTC,100,1790711126225622825,1790711136225622825,1790711137082241041,0.00119,83398.7,99.243025,4.5,0,-0.004998,0.0893197935,0.0496222265,-0.0943177935,-0.1439400200,99.244453,99.243025,99.242430,99.246000,0.004284,0.000000,0.0496222265,0.004284,-0.0453382265,99.244453,99.243025,99.243025,99.237313,0.0986017935,-0.10091272114
BTC,250,1790711126225622825,1790711136225622825,1790711137082241041,0.00299,83398.7,249.358525,4.5,0,-0.012558,0.2244253635,0.1246810565,-0.2369833635,-0.3616644200,249.362113,249.358525,249.357030,249.366000,0.010764,0.000000,0.1246810565,0.010764,-0.1139170565,249.362113,249.358525,249.358525,249.344173,0.2477473635,-0.25355381194
BTC,500,1790711126225622825,1790711136225622825,1790711137082241041,0.00599,83398.7,499.551025,4.5,0,-0.025158,0.4496013135,0.2497791065,-0.4747593135,-0.7245384200,499.558213,499.551025,499.548030,499.566000,0.021529,0.000000,0.2497791065,0.021529,-0.2282501065,499.558213,499.551025,499.550990,499.522273,0.4962883135,-0.50799062014
BTC,1000,1790711126225622825,1790711136225622825,1790711137082241041,0.01199,83398.7,999.936025,4.5,0,-0.050358,0.8999532135,0.4999752065,-0.9503112135,-1.4502864200,999.950413,999.936025,999.930030,999.966000,0.042512,0.000000,0.4999752065,0.042512,-0.4574632065,999.950413,999.936025,999.935373,999.878473,0.9928232135,-1.01741108338
BTC,100,1790711131629830480,1790711141629830480,1790711142584593905,0.00119,83397.5,99.230887,4.5,0,-0.013328,0.0893208645,0.049622405,-0.1026488645,-0.1522712695,99.243025,99.230887,99.244810,99.246000,-0.012019,0.000000,0.0496215125,-0.012019,-0.0616405125,99.243025,99.230887,99.239693,99.239574,0.0906307570,-0.11721470726
BTC,250,1790711131629830480,1790711141629830480,1790711142584593905,0.00299,83397.5,249.328027,4.5,0,-0.033488,0.2244280545,0.124681505,-0.2579160545,-0.3825975595,249.358525,249.328027,249.363010,249.366000,-0.030199,0.000000,0.1246792625,-0.030199,-0.1548782625,249.358525,249.328027,249.350153,249.349854,0.2277192970,-0.29451426446
BTC,500,1790711131629830480,1790711141629830480,1790711142584593905,0.00599,83397.5,499.488244,4.5,0,-0.068771,0.4496067045,0.249780005,-0.5183777045,-0.7681577095,499.551025,499.488244,499.560010,499.566000,-0.062182,0.000000,0.2497755125,-0.062182,-0.3119575125,499.551025,499.488244,499.534253,499.533654,0.4562001970,-0.59169652646
BTC,1000,1790711131629830480,1790711141629830480,1790711142584593905,0.01199,83397.5,999.795630,4.5,0,-0.152385,0.8999640045,0.499977005,-1.0523490045,-1.5523260095,999.936025,999.795630,999.954010,999.966000,-0.139196,0.000000,0.4999680125,-0.139196,-0.6391640125,999.936025,999.795630,999.902453,999.901254,0.9131619970,-1.19910905046
BTC,100,1790711137082241041,1790711147082241041,1790711147939574265,0.00119,83397.5,99.228864,4.5,0,-0.015351,0.0893208645,0.049622405,-0.1046718645,-0.1542942695,99.243025,99.228864,99.244810,99.246000,-0.019278,0.000000,0.0496215125,-0.019278,-0.0688995125,99.243025,99.228864,99.234338,99.239455,0.0853947570,-0.12447217454
BTC,250,1790711137082241041,1790711147082241041,1790711147939574265,0.00299,83397.5,249.322944,4.5,0,-0.038571,0.2244280545,0.124681505,-0.2629990545,-0.3876805595,249.358525,249.322944,249.363010,249.366000,-0.048523,0.000000,0.1246792625,-0.048523,-0.1732022625,249.358525,249.322944,249.336613,249.349555,0.2144782970,-0.31283438954
BTC,500,1790711137082241041,1790711147082241041,1790711147939574265,0.00599,83397.5,499.477798,4.5,0,-0.079217,0.4496067045,0.249780005,-0.5288237045,-0.7786037095,499.551025,499.477798,499.560010,499.566000,-0.099369,0.000000,0.2497755125,-0.099369,-0.3491445125,499.551025,499.477798,499.506913,499.533055,0.4294591970,-0.62887570354
BTC,1000,1790711137082241041,1790711147082241041,1790711147939574265,0.01199,83397.5,999.780369,4.5,0,-0.167646,0.8999640045,0.499977005,-1.0676100045,-1.5675870095,999.936025,999.780369,999.954010,999.966000,-0.208198,0.000000,0.4999680125,-0.208198,-0.7081660125,999.936025,999.780369,999.847513,999.900055,0.8594209970,-1.26809533154
BTC,100,1790711142584593905,1790711152584593905,1790711153378311953,0.00119,83387.3,99.225124,4.5,0,-0.006953,0.0893208645,0.049622405,-0.0962738645,-0.1458962695,99.230887,99.225124,99.244810,99.246000,-0.002193,0.000000,0.049617288,-0.002193,-0.051810288,99.230887,99.225124,99.234576,99.231006,0.0940859815,-0.10738065096
BTC,250,1790711142584593905,1790711152584593905,1790711153378311953,0.00299,83387.3,249.311464,4.5,0,-0.019553,0.2244280545,0.124681505,-0.2439810545,-0.3686625595,249.328027,249.311464,249.363010,249.366000,-0.007593,0.000000,0.124668648,-0.007593,-0.132261648,249.328027,249.311464,249.337296,249.328326,0.2364009115,-0.27188802216
BTC,500,1790711142584593905,1790711152584593905,1790711153378311953,0.00599,83387.3,499.455058,4.5,0,-0.040859,0.4496067045,0.249780005,-0.4904657045,-0.7402457095,499.489927,499.455058,499.560010,499.566000,-0.016899,0.000000,0.249754248,-0.016899,-0.266653248,499.489927,499.455058,499.508496,499.490526,0.4735924615,-0.54637297416
BTC,1000,1790711142584593905,1790711152584593905,1790711153378311953,0.01199,83387.3,999.732658,4.5,0,-0.093059,0.8999640045,0.499977005,-0.9930230045,-1.4930000095,999.813727,999.732658,999.954010,999.966000,-0.046293,0.000000,0.499925448,-0.046293,-0.546218448,999.813727,999.732658,999.850896,999.816120,0.9467815615,-1.10612521248
BTC,100,1790711147939574265,1790711157939574265,1790711158801982068,0.00119,83385.6,99.224818,4.5,0,-0.005236,0.0893208645,0.049622405,-0.0945568645,-0.1441792695,99.228864,99.224818,99.244810,99.246000,0.002485,0.000000,0.0496166265,0.002485,-0.0471316265,99.228864,99.224818,99.233253,99.226722,0.0970476430,-0.1027004195
BTC,250,1790711147939574265,1790711157939574265,1790711158801982068,0.00299,83385.6,249.312778,4.5,0,-0.013156,0.2244280545,0.124681505,-0.2375840545,-0.3622655595,249.322944,249.312778,249.363010,249.366000,0.004645,0.000000,0.1246661865,0.004645,-0.1200211865,249.322944,249.312778,249.332373,249.317562,0.2422443730,-0.2596431683
BTC,500,1790711147939574265,1790711157939574265,1790711158801982068,0.00599,83385.6,499.456804,4.5,0,-0.028930,0.4496067045,0.249780005,-0.4785367045,-0.7283167095,499.479744,499.456804,499.560010,499.566000,0.005671,0.000000,0.2497487865,0.005671,-0.2440777865,499.479744,499.456804,499.497573,499.468962,0.4842389230,-0.5237884163
BTC,1000,1790711147939574265,1790711157939574265,1790711158801982068,0.01199,83385.6,999.734404,4.5,0,-0.070930,0.8999640045,0.499977005,-0.9708940045,-1.4708710095,999.793344,999.734404,999.954010,999.966000,-0.002729,0.000000,0.4999139865,-0.002729,-0.5026429865,999.793344,999.734404,999.827973,999.771762,0.9682280230,-1.0625309123
BTC,100,1790711153378311953,1790711163378311953,1790711164215563169,0.00119,83383.0,99.216131,4.5,0,0.007021,0.089312832,0.049622405,-0.082291832,-0.131914237,99.225770,99.216131,99.244810,99.228150,-0.007973,0.000000,0.049612885,-0.007973,-0.057585885,99.225770,99.216131,99.225413,99.223747,0.074328352,-0.1131516498
BTC,250,1790711153378311953,1790711163378311953,1790711164215563169,0.00299,83383.0,249.290951,4.5,0,0.017641,0.224407872,0.124681505,-0.206766872,-0.331448377,249.315170,249.290951,249.363010,249.321150,-0.020033,0.000000,0.124657585,-0.020033,-0.144690585,249.315170,249.290951,249.314273,249.310087,0.186757792,-0.2843054058
BTC,500,1790711153378311953,1790711163378311953,1790711164215563169,0.00599,83383.0,499.415651,4.5,0,0.035341,0.449566272,0.249780005,-0.414225272,-0.664005277,499.464170,499.415651,499.560010,499.476150,-0.040133,0.000000,0.249732085,-0.040133,-0.289865085,499.464170,499.415651,499.462373,499.453987,0.374140192,-0.5695616658
BTC,1000,1790711153378311953,1790711163378311953,1790711164215563169,0.01199,83383.0,999.665051,4.5,0,0.070741,0.899883072,0.499977005,-0.829142072,-1.329119077,999.762170,999.665051,999.954010,999.786150,-0.080333,0.000000,0.499881085,-0.080333,-0.580214085,999.762170,999.665051,999.758573,999.741787,0.748904992,-1.1400741858
ETH,100,1790710750929683958,1790710760929683958,1790710761687198484,0.0371,2694.51,99.975596,4.5,0,-0.016695,0.0900544995,0.050023785,-0.1067494995,-0.1567732845,99.966321,99.975596,100.04757,100.07354,0.007791,0.000000,0.0499902095,0.007791,-0.0421992095,99.966321,99.975596,99.980419,99.981903,0.1145740750,-0.09818865966
ETH,250,1790710750929683958,1790710760929683958,1790710761687198484,0.0927,2694.51,249.804252,4.5,0,-0.041715,0.2250148815,0.124992045,-0.2667298815,-0.3917219265,249.781077,249.804252,249.98409,250.04898,0.019467,0.000000,0.1249081515,0.019467,-0.1054411515,249.781077,249.804252,249.816303,249.820011,0.2862807750,-0.24533931942
ETH,500,1790710750929683958,1790710760929683958,1790710761687198484,0.1855,2694.51,499.877980,4.5,0,-0.083475,0.4502724975,0.250118925,-0.5337474975,-0.7838664225,499.831605,499.877980,500.23785,500.36770,0.038955,0.000000,0.2499510475,0.038955,-0.2109960475,499.831605,499.877980,499.902095,499.909515,0.5728703750,-0.4909432983
ETH,1000,1790710750929683958,1790710760929683958,1790710761687198484,0.3710,2694.51,999.755960,4.5,0,-0.166950,0.900544995,0.50023785,-1.067494995,-1.567732845,999.663210,999.755960,1000.47570,1000.73540,0.077910,0.000000,0.499902095,0.077910,-0.421992095,999.663210,999.755960,999.804190,999.819030,1.145740750,-0.9818865966
ETH,100,1790710756285666538,1790710766285666538,1790710767129979862,0.0371,2694.56,99.968176,4.5,0,-0.025970,0.0900544995,0.050023785,-0.1160244995,-0.1660482845,99.968176,99.968176,100.04757,100.07354,-0.001855,0.000000,0.049990024,-0.001855,-0.051845024,99.968176,99.968176,99.980048,99.981903,0.1142032605,-0.10783437028
ETH,250,1790710756285666538,1790710766285666538,1790710767129979862,0.0927,2694.56,249.785712,4.5,0,-0.064890,0.2250148815,0.124992045,-0.2899048815,-0.4148969265,249.785712,249.785712,249.98409,250.04898,-0.004635,0.000000,0.124907688,-0.004635,-0.129542688,249.785712,249.785712,249.815376,249.820011,0.2853542385,-0.26944059636
ETH,500,1790710756285666538,1790710766285666538,1790710767129979862,0.1855,2694.56,499.840880,4.5,0,-0.129850,0.4502724975,0.250118925,-0.5801224975,-0.8302414225,499.840880,499.840880,500.23785,500.36770,-0.009275,0.000000,0.24995012,-0.009275,-0.25922512,499.840880,499.840880,499.900240,499.909515,0.5710163025,-0.5391718514
ETH,1000,1790710756285666538,1790710766285666538,1790710767129979862,0.3710,2694.56,999.681760,4.5,0,-0.259700,0.900544995,0.50023785,-1.160244995,-1.660482845,999.681760,999.681760,1000.47570,1000.73540,-0.018550,0.000000,0.49990024,-0.018550,-0.51845024,999.681760,999.681760,999.800480,999.819030,1.142032605,-1.0783437028
ETH,100,1790710761687198484,1790710771687198484,1790710772183696249,0.0371,2694.76,99.968176,4.5,0,-0.011130,0.0900645165,0.050034915,-0.1011945165,-0.1512294315,99.975596,99.968176,100.06983,100.07354,-0.007791,0.000000,0.049990766,-0.007791,-0.057781766,99.975596,99.968176,99.981532,99.981903,0.0934476655,-0.1137715278
ETH,250,1790710761687198484,1790710771687198484,1790710772183696249,0.0927,2694.76,249.785712,4.5,0,-0.027810,0.2250399105,0.125019855,-0.2528499105,-0.3778697655,249.804252,249.785712,250.03971,250.04898,-0.019467,0.000000,0.124909542,-0.019467,-0.144376542,249.804252,249.785712,249.819084,249.820011,0.2334932235,-0.2842754886
ETH,500,1790710761687198484,1790710771687198484,1790710772183696249,0.1855,2694.76,499.840880,4.5,0,-0.055650,0.4503225825,0.250174575,-0.5059725825,-0.7561471575,499.877980,499.840880,500.34915,500.36770,-0.038955,0.000000,0.24995383,-0.038955,-0.28890883,499.877980,499.840880,499.907660,499.909515,0.4672383275,-0.568857639
ETH,1000,1790710761687198484,1790710771687198484,1790710772183696249,0.3710,2694.76,999.681760,4.5,0,-0.111300,0.900645165,0.50034915,-1.011945165,-1.512294315,999.755960,999.681760,1000.69830,1000.73540,-0.077910,0.000000,0.49990766,-0.077910,-0.57781766,999.755960,999.681760,999.815320,999.819030,0.934476655,-1.137715278
ETH,100,1790710767129979862,1790710777129979862,1790710777469576200,0.0371,2694.56,99.967805,4.5,0,-0.004081,0.0900645165,0.050034915,-0.0941455165,-0.1441804315,99.968176,99.967805,100.06983,100.07354,-0.001113,0.000000,0.0499898385,-0.001113,-0.0511028385,99.968176,99.967805,99.979677,99.980419,0.0930775930,-0.10709166538
ETH,250,1790710767129979862,1790710777129979862,1790710777469576200,0.0927,2694.56,249.784785,4.5,0,-0.010197,0.2250399105,0.125019855,-0.2352369105,-0.3602567655,249.785712,249.784785,250.03971,250.04898,-0.002781,0.000000,0.1249072245,-0.002781,-0.1276882245,249.785712,249.784785,249.814449,249.816303,0.2325685410,-0.26758483506
ETH,500,1790710767129979862,1790710777129979862,1790710777469576200,0.1855,2694.56,499.839025,4.5,0,-0.020405,0.4503225825,0.250174575,-0.4707275825,-0.7209021575,499.840880,499.839025,500.34915,500.36770,-0.005565,0.000000,0.2499491925,-0.005565,-0.2555141925,499.840880,499.839025,499.898385,499.902095,0.4653879650,-0.5354583269
ETH,1000,1790710767129979862,1790710777129979862,1790710777469576200,0.3710,2694.56,999.678050,4.5,0,-0.040810,0.900645165,0.50034915,-0.941455165,-1.441804315,999.681760,999.678050,1000.69830,1000.73540,-0.011130,0.000000,0.499898385,-0.011130,-0.511028385,999.681760,999.678050,999.796770,999.804190,0.930775930,-1.0709166538
ETH,100,1790710772183696249,1790710782183696249,1790710782485619995,0.0371,2694.56,99.963753,4.5,0,0.010417,0.090056169,0.050034915,-0.079639169,-0.129674084,99.968176,99.963753,100.06983,100.05499,-0.003310,0.000000,0.049989653,-0.003310,-0.053299653,99.968176,99.963753,99.979306,99.978193,0.076374431,-0.10928775272
ETH,250,1790710772183696249,1790710782183696249,1790710782485619995,0.0927,2694.56,249.774061,4.5,0,0.025429,0.225019053,0.125019855,-0.199590053,-0.324609908,249.785712,249.774061,250.03971,250.00263,-0.008870,0.000000,0.124906761,-0.008870,-0.133776761,249.785712,249.774061,249.813522,249.810741,0.190833147,-0.27367155464
ETH,500,1790710772183696249,1790710782183696249,1790710782485619995,0.1855,2694.56,499.817165,4.5,0,0.050485,0.450280845,0.250174575,-0.399795845,-0.649970420,499.840880,499.817165,500.34915,500.27495,-0.018150,0.000000,0.249948265,-0.018150,-0.268098265,499.840880,499.817165,499.896530,499.890965,0.381872155,-0.5480387636
ETH,1000,1790710772183696249,1790710782183696249,1790710782485619995,0.3710,2694.56,999.633930,4.5,0,0.100570,0.90056169,0.50034915,-0.79999169,-1.30034084,999.681760,999.633930,1000.69830,1000.54990,-0.036700,0.000000,0.49989653,-0.036700,-0.53659653,999.681760,999.633930,999.793060,999.781930,0.76374431,-1.0964775272
ETH,100,1790710777469576200,1790710787469576200,1790710787918370004,0.0371,2694.55,99.963753,4.5,0,0.010788,0.090056169,0.050034915,-0.079268169,-0.129303084,99.967805,99.963753,100.06983,100.05499,-0.003310,0.000000,0.0499894675,-0.003310,-0.0532994675,99.967805,99.963753,99.978935,99.978193,0.0760036165,-0.10928746334
ETH,250,1790710777469576200,1790710787469576200,1790710787918370004,0.0927,2694.55,249.774061,4.5,0,0.026356,0.225019053,0.125019855,-0.198663053,-0.323682908,249.784785,249.774061,250.03971,250.00263,-0.008870,0.000000,0.1249062975,-0.008870,-0.1337762975,249.784785,249.774061,249.812595,249.810741,0.1899066105,-0.27367083158
ETH,500,1790710777469576200,1790710787469576200,1790710787918370004,0.1855,2694.55,499.817165,4.5,0,0.052340,0.450280845,0.250174575,-0.397940845,-0.648115420,499.839025,499.817165,500.34915,500.27495,-0.018150,0.000000,0.2499473375,-0.018150,-0.2680973375,499.839025,499.817165,499.894675,499.890965,0.3800180825,-0.5480373167
ETH,1000,1790710777469576200,1790710787469576200,1790710787918370004,0.3710,2694.55,999.633930,4.5,0,0.104280,0.90056169,0.50034915,-0.79628169,-1.29663084,999.678050,999.633930,1000.69830,1000.54990,-0.036700,0.000000,0.499894675,-0.036700,-0.536594675,999.678050,999.633930,999.789350,999.781930,0.760036165,-1.0964746334
ETH,100,1790710782485619995,1790710792485619995,1790710793323488362,0.0371,2694.46,99.969289,4.5,0,0.001113,0.0900478215,0.05002564,-0.0889348215,-0.1389604615,99.964466,99.969289,100.05128,100.05499,0.000742,0.000000,0.049988911,0.000742,-0.049246911,99.964466,99.969289,99.977822,99.981903,0.0897135505,-0.105235634
ETH,250,1790710782485619995,1790710792485619995,1790710793323488362,0.0927,2694.46,249.788493,4.5,0,0.002781,0.2249981955,0.12499668,-0.2222171955,-0.3472138755,249.776442,249.788493,249.99336,250.00263,0.001854,0.000000,0.124904907,0.001854,-0.123050907,249.776442,249.788493,249.809814,249.820011,0.2241629685,-0.262947258
ETH,500,1790710782485619995,1790710792485619995,1790710793323488362,0.1855,2694.46,499.846445,4.5,0,0.005565,0.4502391075,0.2501282,-0.4446741075,-0.6948023075,499.822330,499.846445,500.25640,500.27495,0.003710,0.000000,0.249944555,0.003710,-0.246234555,499.822330,499.846445,499.889110,499.909515,0.4485677525,-0.526178170
ETH,1000,1790710782485619995,1790710792485619995,1790710793323488362,0.3710,2694.46,999.692890,4.5,0,0.011130,0.900478215,0.5002564,-0.889348215,-1.389604615,999.644660,999.692890,1000.51280,1000.54990,0.007420,0.000000,0.49988911,0.007420,-0.49246911,999.644660,999.692890,999.778220,999.819030,0.897135505,-1.05235634
ETH,100,1790710787918370004,1790710797918370004,1790710798761936511,0.0371,2694.46,99.963924,4.5,0,-0.022802,0.090056169,0.05002564,-0.112858169,-0.162883809,99.964466,99.963924,100.05128,100.07354,-0.002768,0.000000,0.049988911,-0.002768,-0.052756911,99.964466,99.963924,99.977822,99.980048,0.110126898,-0.1087451146
ETH,250,1790710787918370004,1790710797918370004,1790710798761936511,0.0927,2694.46,249.774788,4.5,0,-0.057274,0.225019053,0.12499668,-0.282293053,-0.407289733,249.776442,249.774788,249.99336,250.04898,-0.007216,0.000000,0.124904907,-0.007216,-0.132120907,249.776442,249.774788,249.809814,249.815376,0.275168826,-0.2720159602
ETH,500,1790710787918370004,1790710797918370004,1790710798761936511,0.1855,2694.46,499.818820,4.5,0,-0.114810,0.450280845,0.2501282,-0.565090845,-0.815219045,499.822330,499.818820,500.25640,500.36770,-0.014640,0.000000,0.249944555,-0.014640,-0.264584555,499.822330,499.818820,499.889110,499.900240,0.550634490,-0.544525573
ETH,1000,1790710787918370004,1790710797918370004,1790710798761936511,0.3710,2694.46,999.637440,4.5,0,-0.229820,0.90056169,0.5002564,-1.13038169,-1.63063809,999.644660,999.637440,1000.51280,1000.73540,-0.029480,0.000000,0.49988911,-0.029480,-0.52936911,999.644660,999.637440,999.778220,999.800480,1.10126898,-1.089251146
ETH,100,1790710793323488362,1790710803323488362,1790710804134560913,0.0371,2694.59,99.961256,4.5,0,-0.011743,0.0900478215,0.05002564,-0.1017908215,-0.1518164615,99.969289,99.961256,100.05128,100.05499,-0.005436,0.000000,0.049990766,-0.005436,-0.055426766,99.969289,99.961256,99.981532,99.978935,0.0963896955,-0.11141569676
ETH,250,1790710793323488362,1790710803323488362,1790710804134560913,0.0927,2694.59,249.767672,4.5,0,-0.030091,0.2249981955,0.12499668,-0.2550891955,-0.3800858755,249.788493,249.767672,249.99336,250.00263,-0.014332,0.000000,0.124909542,-0.014332,-0.139241542,249.788493,249.767672,249.819084,249.812595,0.2408443335,-0.27913841212
ETH,500,1790710793323488362,1790710803323488362,1790710804134560913,0.1855,2694.59,499.804280,4.5,0,-0.060715,0.4502391075,0.2501282,-0.5109541075,-0.7610823075,499.846445,499.804280,500.25640,500.27495,-0.029180,0.000000,0.24995383,-0.029180,-0.27913383,499.846445,499.804280,499.907660,499.894675,0.4819484775,-0.5590784838
ETH,1000,1790710793323488362,1790710803323488362,1790710804134560913,0.3710,2694.59,999.608060,4.5,0,-0.121930,0.900478215,0.5002564,-1.022408215,-1.522664615,999.692890,999.608060,1000.51280,1000.54990,-0.058860,0.000000,0.49990766,-0.058860,-0.55876766,999.692890,999.608060,999.815320,999.789350,0.963896955,-1.1186569676
ETH,100,1790710798761936511,1790710808761936511,1790710809504523906,0.0371,2694.46,99.938867,4.5,0,0.018921,0.090042813,0.050034915,-0.071121813,-0.121156728,99.964466,99.938867,100.06983,100.02531,-0.006678,0.000000,0.0499883545,-0.006678,-0.0566663545,99.964466,99.938867,99.976709,99.957788,0.0644903735,-0.11264801366
ETH,250,1790710798761936511,1790710808761936511,1790710809504523906,0.0927,2694.46,249.712479,4.5,0,0.047277,0.224985681,0.125019855,-0.177708681,-0.302728536,249.776442,249.712479,250.03971,249.92847,-0.016686,0.000000,0.1249035165,-0.016686,-0.1415895165,249.776442,249.712479,249.807033,249.759756,0.1611390195,-0.28146821742
ETH,500,1790710798761936511,1790710808761936511,1790710809504523906,0.1855,2694.46,499.694335,4.5,0,0.094605,0.450214065,0.250174575,-0.355609065,-0.605783640,499.822330,499.694335,500.34915,500.12655,-0.034004,0.000000,0.2499417725,-0.034004,-0.2839457725,499.822330,499.694335,499.883545,499.789554,0.3218378675,-0.56385424022
ETH,1000,1790710798761936511,1790710808761936511,1790710809504523906,0.3710,2694.46,999.388670,4.5,0,0.189210,0.90042813,0.50034915,-0.71121813,-1.21156728,999.644660,999.388670,1000.69830,1000.25310,-0.070027,0.000000,0.4998833865,-0.070027,-0.5699103865,999.644660,999.388670,999.766773,999.580810,0.6416568935,-1.12972770974
ETH,100,1790710804134560913,1790710814134560913,1790710815005894636,0.0371,2694.41,99.913268,4.5,0,-0.023373,0.0900344655,0.05002564,-0.1134074655,-0.1634331055,99.962611,99.913268,100.05128,100.02531,-0.010759,0.000000,0.049988169,-0.010759,-0.060747169,99.962611,99.913268,99.976338,99.937754,0.1026859365,-0.11672311476
ETH,250,1790710804134560913,1790710814134560913,1790710815005894636,0.0927,2694.41,249.648516,4.5,0,-0.058401,0.2249648235,0.12499668,-0.2833658235,-0.4083625035,249.771807,249.648516,249.99336,249.92847,-0.026883,0.000000,0.124903053,-0.026883,-0.151786053,249.771807,249.648516,249.806106,249.709698,0.2565764505,-0.29165047812
ETH,500,1790710804134560913,1790710814134560913,1790710815005894636,0.1855,2694.41,499.566340,4.5,0,-0.116865,0.4501723275,0.2501282,-0.5670373275,-0.8171655275,499.813055,499.566340,500.25640,500.12655,-0.053795,0.000000,0.249940845,-0.053795,-0.303735845,499.813055,499.566340,499.881690,499.688770,0.5134296825,-0.5836155738
ETH,1000,1790710804134560913,1790710814134560913,1790710815005894636,0.3710,2694.41,999.132680,4.5,0,-0.233730,0.900344655,0.5002564,-1.134074655,-1.634331055,999.626110,999.132680,1000.51280,1000.25310,-0.107590,0.000000,0.49988169,-0.107590,-0.60747169,999.626110,999.132680,999.763380,999.377540,1.026859365,-1.1672311476
ETH,100,1790710809504523906,1790710819504523906,1790710820304389224,0.0371,2693.77,99.932931,4.5,0,-0.009646,0.0900211095,0.0500108,-0.0996671095,-0.1496779095,99.938867,99.932931,100.02160,100.02531,-0.007791,0.000000,0.0499772245,-0.007791,-0.0577682245,99.938867,99.932931,99.954449,99.956304,0.0919096850,-0.11374323534
ETH,250,1790710809504523906,1790710819504523906,1790710820304389224,0.0927,2693.77,249.697647,4.5,0,-0.024102,0.2249314515,0.1249596,-0.2490334515,-0.3739930515,249.712479,249.697647,249.91920,249.92847,-0.019467,0.000000,0.1248757065,-0.019467,-0.1443427065,249.712479,249.697647,249.751413,249.756048,0.2296503450,-0.28420479558
ETH,500,1790710809504523906,1790710819504523906,1790710820304389224,0.1855,2693.77,499.664655,4.5,0,-0.048230,0.4501055475,0.250054,-0.4983355475,-0.7483895475,499.694335,499.664655,500.10800,500.12655,-0.038955,0.000000,0.2498861225,-0.038955,-0.2888411225,499.694335,499.664655,499.772245,499.781520,0.4595484250,-0.5687161767
ETH,1000,1790710809504523906,1790710819504523906,1790710820304389224,0.3711,2693.77,999.598671,4.5,0,-0.096486,0.9004537395,0.5002428,-0.9969397395,-1.4971825395,999.658047,999.598671,1000.48560,1000.52271,-0.077931,0.000000,0.4999069545,-0.077931,-0.5778379545,999.658047,999.598671,999.813909,999.832464,0.9193445850,-1.13773893894
ETH,100,1790710815005894636,1790710825005894636,1790710825749905927,0.0371,2693.08,99.924769,4.5,0,0.007791,0.0900211095,0.0500108,-0.0822301095,-0.1322409095,99.913268,99.924769,100.02160,100.02531,0.000000,0.000000,0.0499660945,0.000000,-0.0499660945,99.913268,99.924769,99.932189,99.94369,0.0822748150,-0.10593134062
ETH,250,1790710815005894636,1790710825005894636,1790710825749905927,0.0928,2693.08,249.946592,4.5,0,0.019488,0.225174096,0.1250944,-0.205686096,-0.330780496,249.917824,249.946592,250.18880,250.19808,0.000000,0.000000,0.124982576,0.000000,-0.124982576,249.917824,249.946592,249.965152,249.99392,0.205797920,-0.26497111616
ETH,500,1790710815005894636,1790710825005894636,1790710825749905927,0.1856,2693.08,499.893184,4.5,0,0.038976,0.450348192,0.2501888,-0.411372192,-0.661560992,499.835648,499.893184,500.37760,500.39616,0.000000,0.000000,0.249965152,0.000000,-0.249965152,499.835648,499.893184,499.930304,499.98784,0.411595840,-0.52994223232
ETH,1000,1790710815005894636,1790710825005894636,1790710825749905927,0.3712,2693.08,999.786368,4.5,0,0.077952,0.900696384,0.5003776,-0.822744384,-1.323121984,999.671296,999.786368,1000.75520,1000.79232,-0.000244,0.000000,0.499930304,-0.000244,-0.500174304,999.671296,999.786368,999.860608,999.975924,0.822947680,-1.06012853296
ETH,100,1790710820304389224,1790710830304389224,1790710831148148282,0.0371,2693.61,99.938125,4.5,0,0.001484,0.0900211095,0.0500108,-0.0885371095,-0.1385479095,99.932931,99.938125,100.02160,100.02531,-0.003339,0.000000,0.0499764825,-0.003339,-0.0533154825,99.932931,99.938125,99.952965,99.961498,0.0852324270,-0.10929153214
ETH,250,1790710820304389224,1790710830304389224,1790710831148148282,0.0927,2693.61,249.710625,4.5,0,0.003708,0.2249314515,0.1249596,-0.2212234515,-0.3461830515,249.697647,249.710625,249.91920,249.92847,-0.008343,0.000000,0.1248738525,-0.008343,-0.1332168525,249.697647,249.710625,249.747705,249.769026,0.2129661990,-0.27308153718
ETH,500,1790710820304389224,1790710830304389224,1790710831148148282,0.1855,2693.61,499.690625,4.5,0,0.007420,0.4501055475,0.250054,-0.4426855475,-0.6927395475,499.664655,499.690625,500.10800,500.12655,-0.016695,0.000000,0.2498824125,-0.016695,-0.2665774125,499.664655,499.690625,499.764825,499.807490,0.4261621350,-0.5464576607
ETH,1000,1790710820304389224,1790710830304389224,1790710831148148282,0.3711,2693.61,999.650625,4.5,0,0.014844,0.9004537395,0.5002428,-0.8856097395,-1.3858525395,999.598671,999.650625,1000.48560,1000.52271,-0.034474,0.000000,0.499898995,-0.034474,-0.534372995,999.598671,999.650625,999.797990,999.884418,0.8514795445,-1.09428406924
ETH,100,1790710825749905927,1790710835749905927,1790710836474346429,0.0371,2693.39,99.944432,4.5,0,0.008533,0.0900244485,0.0500108,-0.0814914485,-0.1315022485,99.924769,99.944432,100.02160,100.03273,-0.003339,0.000000,0.0499698045,-0.003339,-0.0533088045,99.924769,99.944432,99.939609,99.962611,0.0781934440,-0.1092814261
ETH,250,1790710825749905927,1790710835749905927,1790710836474346429,0.0928,2693.39,249.995776,4.5,0,0.021344,0.225182448,0.1250944,-0.203838448,-0.328932848,249.946592,249.995776,250.18880,250.21664,-0.008352,0.000000,0.124991856,-0.008352,-0.133343856,249.946592,249.995776,249.983712,250.041248,0.195588992,-0.2733508448
ETH,500,1790710825749905927,1790710835749905927,1790710836474346429,0.1856,2693.39,499.991552,4.5,0,0.042688,0.450364896,0.2501888,-0.407676896,-0.657865696,499.893184,499.991552,500.37760,500.43328,-0.016704,0.000000,0.249983712,-0.016704,-0.266687712,499.893184,499.991552,499.967424,500.082496,0.391177984,-0.5467016896
ETH,1000,1790710825749905927,1790710835749905927,1790710836474346429,0.3712,2693.39,999.983104,4.5,0,0.085376,0.900729792,0.5003776,-0.815353792,-1.315731392,999.786368,999.983104,1000.75520,1000.86656,-0.033408,0.000000,0.499967424,-0.033408,-0.533375424,999.786368,999.983104,999.934848,1000.164992,0.782355968,-1.0934033792
ETH,100,1790710831148148282,1790710841148148282,1790710841939457157,0.0371,2693.75,99.938496,4.5,0,-0.010759,0.0900244485,0.0500108,-0.1007834485,-0.1507942485,99.938125,99.938496,100.02160,100.03273,-0.003339,0.000000,0.0499779665,-0.003339,-0.0533169665,99.938125,99.938496,99.955933,99.959643,0.0974772820,-0.10929332778
ETH,250,1790710831148148282,1790710841148148282,1790710841939457157,0.0927,2693.75,249.711552,4.5,0,-0.026883,0.2249397945,0.1249596,-0.2518227945,-0.3767823945,249.710625,249.711552,249.91920,249.94701,-0.008343,0.000000,0.1248775605,-0.008343,-0.1332205605,249.710625,249.711552,249.755121,249.764391,0.2435618340,-0.27308602386
ETH,500,1790710831148148282,1790710841148148282,1790710841939457157,0.1855,2693.75,499.692480,4.5,0,-0.053795,0.4501222425,0.250054,-0.5039172425,-0.7539712425,499.690625,499.692480,500.10800,500.16365,-0.016695,0.000000,0.2498898325,-0.016695,-0.2665848325,499.690625,499.692480,499.779665,499.798215,0.4873864100,-0.5464666389
ETH,1000,1790710831148148282,1790710841148148282,1790710841939457157,0.3711,2693.75,999.654336,4.5,0,-0.107619,0.9004871385,0.5002428,-1.0081061385,-1.5083489385,999.650625,999.654336,1000.48560,1000.59693,-0.034416,0.000000,0.499913868,-0.034416,-0.534329868,999.650625,999.654336,999.827736,999.865863,0.9740190705,-1.09424407572
ETH,100,1790710836474346429,1790710846474346429,1790710846998292932,0.0371,2693.92,99.947771,4.5,0,-0.000371,0.0900277875,0.05001451,-0.0903987875,-0.1404132975,99.944432,99.947771,100.02902,100.03273,0.002597,0.000000,0.0499779665,0.002597,-0.0473809665,99.944432,99.947771,99.955933,99.956675,0.0930323310,-0.10335649674
ETH,250,1790710836474346429,1790710846474346429,1790710846998292932,0.0927,2693.92,249.734727,4.5,0,-0.000927,0.2249481375,0.12496887,-0.2258751375,-0.3508440075,249.726384,249.734727,249.93774,249.94701,0.006489,0.000000,0.1248775605,0.006489,-0.1183885605,249.726384,249.734727,249.755121,249.756975,0.2324554470,-0.25825194738
ETH,500,1790710836474346429,1790710846474346429,1790710846998292932,0.1855,2693.92,499.738855,4.5,0,-0.001855,0.4501389375,0.25007255,-0.4519939375,-0.7020664875,499.722160,499.738855,500.14510,500.16365,0.012985,0.000000,0.2498898325,0.012985,-0.2369048325,499.722160,499.738855,499.779665,499.783375,0.4651616550,-0.5167824837
ETH,1000,1790710836474346429,1790710846474346429,1790710846998292932,0.3711,2693.92,999.747111,4.5,0,-0.003711,0.9005205375,0.50027991,-0.9042315375,-1.4045114475,999.713712,999.747111,1000.55982,1000.59693,0.025823,0.000000,0.4999142995,0.025823,-0.4740912995,999.713712,999.747111,999.828599,999.836175,0.9304201480,-1.03399743622
ETH,100,1790710841939457157,1790710851939457157,1790710852747306050,0.0371,2693.76,99.884701,4.5,0,-0.057505,0.0900277875,0.05001451,-0.1475327875,-0.1975472975,99.938496,99.884701,100.02902,100.03273,0.005565,0.000000,0.049978152,0.005565,-0.044413152,99.938496,99.884701,99.956304,99.896944,0.1531341455,-0.10037206144
ETH,250,1790710841939457157,1790710851939457157,1790710852747306050,0.0927,2693.76,249.566639,4.5,0,-0.154183,0.2249481375,0.12496887,-0.3791311375,-0.5041000075,249.711552,249.566639,249.93774,249.94701,0.002207,0.000000,0.124877424,0.002207,-0.122670424,249.711552,249.566639,249.754848,249.607728,0.3814295835,-0.26249194528
ETH,500,1790710841939457157,1790710851939457157,1790710852747306050,0.1855,2693.76,499.380091,4.5,0,-0.330939,0.4501389375,0.25007255,-0.7810779375,-1.0311504875,499.692480,499.380091,500.14510,500.16365,-0.019573,0.000000,0.249888768,-0.019573,-0.269461768,499.692480,499.380091,499.777536,499.484720,0.7616887195,-0.54925519968
ETH,1000,1790710841939457157,1790710851939457157,1790710852747306050,0.3711,2693.76,998.983739,4.5,0,-0.707707,0.9005205375,0.50027991,-1.6082275375,-2.1085074475,999.654336,998.983739,1000.55982,1000.59693,-0.086389,0.000000,0.499911456,-0.086389,-0.586300456,999.654336,998.983739,999.822912,999.238704,1.5222069915,-1.14603770848
ETH,100,1790710846998292932,1790710856998292932,1790710857863254834,0.0371,2694.01,99.901396,4.5,0,0.001855,0.0900044145,0.05001451,-0.0881494145,-0.1381639245,99.947771,99.901396,100.02902,99.98079,-0.003866,0.000000,0.0499775175,-0.003866,-0.0538435175,99.947771,99.901396,99.955035,99.912526,0.0843204070,-0.10980643458
ETH,250,1790710846998292932,1790710856998292932,1790710857863254834,0.0927,2694.01,249.618852,4.5,0,0.004635,0.2248897365,0.12496887,-0.2202547365,-0.3452236065,249.734727,249.618852,249.93774,249.81723,-0.012762,0.000000,0.1248748875,-0.012762,-0.1376368875,249.734727,249.618852,249.749775,249.646662,0.2075867190,-0.27746788986
ETH,500,1790710846998292932,1790710856998292932,1790710857863254834,0.1855,2694.01,499.506980,4.5,0,0.009275,0.4500220725,0.25007255,-0.4407470725,-0.6908196225,499.738855,499.506980,500.14510,499.90395,-0.027610,0.000000,0.2498834475,-0.027610,-0.2774934475,499.738855,499.506980,499.766895,499.562630,0.4133261750,-0.5573057145
ETH,1000,1790710846998292932,1790710856998292932,1790710857863254834,0.3711,2694.01,999.245594,4.5,0,-0.019087,0.9002867445,0.50027991,-0.9193737445,-1.4196536545,999.747111,999.245594,1000.55982,1000.07739,-0.095064,0.000000,0.4999005675,-0.095064,-0.5949645675,999.747111,999.245594,999.801135,999.394682,0.8246890870,-1.15473939626
ETH,100,1790710852747306050,1790710862747306050,1790710863262742523,0.0371,2692.31,99.887298,4.5,0,0.043407,0.0900010755,0.0500108,-0.0465940755,-0.0966048755,99.884701,99.887298,100.02160,99.98079,-0.008533,0.000000,0.0499482865,-0.008533,-0.0584812865,99.884701,99.887298,99.896573,99.907703,0.0381235890,-0.11442648378
ETH,250,1790710852747306050,1790710862747306050,1790710863262742523,0.0928,2692.31,249.852864,4.5,0,0.108576,0.225123984,0.1250944,-0.116547984,-0.241642384,249.846368,249.852864,250.18880,250.08672,-0.021344,0.000000,0.124938032,-0.021344,-0.146282032,249.846368,249.852864,249.876064,249.903904,0.095360352,-0.28622042304
ETH,500,1790710852747306050,1790710862747306050,1790710863262742523,0.1857,2692.31,499.974966,4.5,0,0.217269,0.4504905585,0.2503236,-0.2332215585,-0.4835451585,499.961967,499.974966,500.64720,500.44293,-0.042711,0.000000,0.2500106955,-0.042711,-0.2927216955,499.961967,499.974966,500.021391,500.077101,0.1908234630,-0.57274927326
ETH,1000,1790710852747306050,1790710862747306050,1790710863262742523,0.3714,2692.31,999.949932,4.5,0,0.434538,0.900981117,0.5006472,-0.466443117,-0.967090317,999.923934,999.949932,1001.29440,1000.88586,-0.108292,0.000000,0.500009956,-0.108292,-0.608301956,999.923934,999.949932,1000.019912,1000.154202,0.358788361,-1.16835070792
ETH,100,1790710857863254834,1790710867863254834,1790710868647324519,0.0371,2692.76,99.899541,4.5,0,-0.005565,0.0899810415,0.04998854,-0.0955460415,-0.1455345815,99.901396,99.899541,99.97708,99.98079,-0.000371,0.000000,0.0499545935,-0.000371,-0.0503255935,99.901396,99.899541,99.909187,99.907703,0.0952089880,-0.1062743227
ETH,250,1790710857863254834,1790710867863254834,1790710868647324519,0.0928,2692.76,249.866221,4.5,0,-0.031187,0.225073872,0.12503872,-0.256260872,-0.381299592,249.888128,249.866221,250.07744,250.08672,-0.018195,0.000000,0.124953808,-0.018195,-0.143148808,249.888128,249.866221,249.907616,249.903904,0.238150784,-0.2830960336
ETH,500,1790710857863254834,1790710867863254834,1790710868647324519,0.1856,2692.76,499.720941,4.5,0,-0.073875,0.450147744,0.25007744,-0.524022744,-0.774100184,499.776256,499.720941,500.15488,500.17344,-0.047893,0.000000,0.249907615,-0.047893,-0.297800615,499.776256,499.720941,499.815230,499.807808,0.476299569,-0.57769506564
ETH,1000,1790710857863254834,1790710867863254834,1790710868647324519,0.3713,2692.76,999.699621,4.5,0,-0.159297,0.9005380245,0.50028962,-1.0598350245,-1.5601246445,999.821788,999.699621,1000.57924,1000.61637,-0.112854,0.000000,0.4999480225,-0.112854,-0.6128020225,999.821788,999.699621,999.896045,999.886732,0.9473226220,-1.17274120006
ETH,100,1790710863262742523,1790710873262742523,1790710874007505402,0.0371,2692.38,99.899912,4.5,0,0.008904,0.0899810415,0.04998854,-0.0810770415,-0.1310655815,99.887298,99.899912,99.97708,99.98079,0.020405,0.000000,0.049953666,0.020405,-0.029548666,99.887298,99.899912,99.907332,99.899541,0.1015169155,-0.08549459044
ETH,250,1790710863262742523,1790710873262742523,1790710874007505402,0.0928,2692.38,249.884416,4.5,0,0.022272,0.225073872,0.12503872,-0.202801872,-0.327840592,249.852864,249.884416,250.07744,250.08672,0.051040,0.000000,0.124951488,0.051040,-0.073911488,249.852864,249.884416,249.902976,249.883488,0.253929104,-0.21385169792
ETH,500,1790710863262742523,1790710873262742523,1790710874007505402,0.1856,2692.38,499.768832,4.5,0,0.044544,0.450147744,0.25007744,-0.405603744,-0.655681184,499.705728,499.768832,500.15488,500.17344,0.102080,0.000000,0.249902976,0.102080,-0.147822976,499.705728,499.768832,499.805952,499.766976,0.507858208,-0.42770339584
ETH,1000,1790710863262742523,1790710873262742523,1790710874007505402,0.3713,2692.38,999.806936,4.5,0,0.089112,0.9005380245,0.50028962,-0.8114260245,-1.3117156445,999.680694,999.806936,1000.57924,1000.61637,0.201911,0.000000,0.499940598,0.201911,-0.298029598,999.680694,999.806936,999.881196,999.805527,1.0136860465,-0.85794188044
ETH,100,1790710868647324519,1790710878647324519,1790710879100917705,0.0371,2692.71,99.877342,4.5,0,-0.025909,0.0899810415,0.04998854,-0.1158900415,-0.1658785815,99.899541,99.877342,99.97708,99.98079,-0.010773,0.000000,0.049953666,-0.010773,-0.060726666,99.899541,99.877342,99.907332,99.895906,0.1051519155,-0.11667157264
ETH,250,1790710868647324519,1790710878647324519,1790710879100917705,0.0928,2692.71,249.827312,4.5,0,-0.065456,0.225073872,0.12503872,-0.290529872,-0.415568592,249.883488,249.827312,250.07744,250.08672,-0.028040,0.000000,0.124951488,-0.028040,-0.152991488,249.883488,249.827312,249.902976,249.874840,0.262577104,-0.29292927648
ETH,500,1790710868647324519,1790710878647324519,1790710879100917705,0.1856,2692.71,499.654192,4.5,0,-0.131344,0.450147744,0.25007744,-0.581491744,-0.831569184,499.766976,499.654192,500.15488,500.17344,-0.056808,0.000000,0.249902976,-0.056808,-0.306710976,499.766976,499.654192,499.805952,499.749976,0.524858208,-0.58658663584
ETH,1000,1790710868647324519,1790710878647324519,1790710879100917705,0.3713,2692.71,999.577162,4.5,0,-0.263191,0.9005380245,0.50028962,-1.1637290245,-1.6640186445,999.803223,999.577162,1000.57924,1000.61637,-0.115635,0.000000,0.499939968,-0.115635,-0.615574968,999.803223,999.577162,999.879936,999.769510,1.0484436765,-1.17547681288
ETH,100,1790710874007505402,1790710884007505402,1790710884510408698,0.0371,2692.72,99.88433,4.5,0,-0.019292,0.0899810415,0.04998854,-0.1092730415,-0.1592615815,99.899912,99.88433,99.97708,99.98079,-0.011130,0.000000,0.049949956,-0.011130,-0.061079956,99.899912,99.88433,99.89917,99.894718,0.0981816255,-0.11702224464
ETH,250,1790710874007505402,1790710884007505402,1790710884510408698,0.0928,2692.72,249.84544,4.5,0,-0.048256,0.225073872,0.12503872,-0.273329872,-0.398368592,249.884416,249.84544,250.07744,250.08672,-0.027840,0.000000,0.124942208,-0.027840,-0.152782208,249.884416,249.84544,249.88256,249.871424,0.245586384,-0.29271332352
ETH,500,1790710874007505402,1790710884007505402,1790710884510408698,0.1856,2692.72,499.69088,4.5,0,-0.096512,0.450147744,0.25007744,-0.546659744,-0.796737184,499.768832,499.69088,500.15488,500.17344,-0.055680,0.000000,0.249884416,-0.055680,-0.305564416,499.768832,499.69088,499.76512,499.742848,0.491172768,-0.58542664704
ETH,1000,1790710874007505402,1790710884007505402,1790710884510408698,0.3713,2692.72,999.65099,4.5,0,-0.193076,0.9005380245,0.50028962,-1.0936140245,-1.5939036445,999.806936,999.65099,1000.57924,1000.61637,-0.111390,0.000000,0.499903468,-0.111390,-0.611293468,999.806936,999.65099,999.79951,999.754954,0.9826101765,-1.17116871792
ETH,100,1790710879100917705,1790710889100917705,1790710889934982011,0.0371,2692.18,99.881362,4.5,0,-0.002226,0.0899810415,0.04998854,-0.0922070415,-0.1421955815,99.879878,99.881362,99.97708,99.98079,-0.005194,0.000000,0.049946988,-0.005194,-0.055140988,99.879878,99.881362,99.893976,99.900654,0.0870545935,-0.1110834844
ETH,250,1790710879100917705,1790710889100917705,1790710889934982011,0.0928,2692.18,249.838016,4.5,0,-0.005568,0.225073872,0.12503872,-0.230641872,-0.355680592,249.834304,249.838016,250.07744,250.08672,-0.012992,0.000000,0.124934784,-0.012992,-0.137926784,249.834304,249.838016,249.869568,249.886272,0.217753808,-0.2778584192
ETH,500,1790710879100917705,1790710889100917705,1790710889934982011,0.1856,2692.18,499.676032,4.5,0,-0.011136,0.450147744,0.25007744,-0.461283744,-0.711361184,499.668608,499.676032,500.15488,500.17344,-0.025984,0.000000,0.249869568,-0.025984,-0.275853568,499.668608,499.676032,499.739136,499.772544,0.435507616,-0.5557168384
ETH,1000,1790710879100917705,1790710889100917705,1790710889934982011,0.3713,2692.18,999.621286,4.5,0,-0.022278,0.9005380245,0.50028962,-0.9228160245,-1.4231056445,999.606434,999.621286,1000.57924,1000.61637,-0.051982,0.000000,0.499873764,-0.051982,-0.551855764,999.606434,999.621286,999.747528,999.814362,0.8712498805,-1.1117330932
ETH,100,1790710884510408698,1790710894510408698,1790710895612866904,0.0371,2692.3,99.880991,4.5,0,-0.007049,0.0899810415,0.04998854,-0.0970300415,-0.1470185815,99.88433,99.880991,99.97708,99.98079,-0.013356,0.000000,0.0499453185,-0.013356,-0.0633013185,99.88433,99.880991,99.890637,99.900654,0.0837172630,-0.11924287998
ETH,250,1790710884510408698,1790710894510408698,1790710895612866904,0.0928,2692.3,249.837088,4.5,0,-0.017632,0.225073872,0.12503872,-0.242705872,-0.367744592,249.84544,249.837088,250.07744,250.08672,-0.033408,0.000000,0.124930608,-0.033408,-0.158338608,249.84544,249.837088,249.861216,249.886272,0.209405984,-0.29826790464
ETH,500,1790710884510408698,1790710894510408698,1790710895612866904,0.1856,2692.3,499.674176,4.5,0,-0.035264,0.450147744,0.25007744,-0.485411744,-0.735489184,499.69088,499.674176,500.15488,500.17344,-0.066816,0.000000,0.249861216,-0.066816,-0.316677216,499.69088,499.674176,499.722432,499.772544,0.418811968,-0.59653580928
ETH,1000,1790710884510408698,1790710894510408698,1790710895612866904,0.3713,2692.3,999.617573,4.5,0,-0.070547,0.9005380245,0.50028962,-0.9710850245,-1.4713746445,999.65099,999.617573,1000.57924,1000.61637,-0.133668,0.000000,0.4998570555,-0.133668,-0.6335250555,999.65099,999.617573,999.714111,999.814362,0.8378495890,-1.19339302794
ETH,100,1790710889934982011,1790710899934982011,1790710900802050145,0.0371,2692.22,99.892121,4.5,0,0.007049,0.0899810415,0.04998854,-0.0829320415,-0.1329205815,99.881362,99.892121,99.97708,99.98079,0.004907,0.000000,0.0499475865,0.004907,-0.0450405865,99.881362,99.892121,99.895173,99.901025,0.0878799950,-0.10098352194
ETH,250,1790710889934982011,1790710899934982011,1790710900802050145,0.0928,2692.22,249.864928,4.5,0,0.017632,0.225073872,0.12503872,-0.207441872,-0.332480592,249.838016,249.864928,250.07744,250.08672,0.012148,0.000000,0.124936218,0.012148,-0.112788218,249.838016,249.864928,249.872436,249.887200,0.219692374,-0.25272091608
ETH,500,1790710889934982011,1790710899934982011,1790710900802050145,0.1856,2692.22,499.729856,4.5,0,0.035264,0.450147744,0.25007744,-0.414883744,-0.664961184,499.676032,499.729856,500.15488,500.17344,0.024212,0.000000,0.249872394,0.024212,-0.225660394,499.676032,499.729856,499.744788,499.774400,0.439300790,-0.50552576664
ETH,1000,1790710889934982011,1790710899934982011,1790710900802050145,0.3713,2692.22,999.728963,4.5,0,0.070547,0.9005380245,0.50028962,-0.8299910245,-1.3302806445,999.621286,999.728963,1000.57924,1000.61637,0.047284,0.000000,0.4998793755,0.047284,-0.4525953755,999.621286,999.728963,999.758751,999.819144,0.8776852690,-1.0124771861
ETH,100,1790710895612866904,1790710905612866904,1790710906171641916,0.0371,2692.21,99.876539,4.5,0,-0.008162,0.0899810415,0.04998854,-0.0981430415,-0.1481315815,99.880991,99.876539,99.97708,99.98079,-0.003710,0.000000,0.04994773,-0.003710,-0.05365773,99.880991,99.876539,99.89546,99.894718,0.0944738515,-0.10959897984
ETH,250,1790710895612866904,1790710905612866904,1790710906171641916,0.0928,2692.21,249.825952,4.5,0,-0.020416,0.225073872,0.12503872,-0.245489872,-0.370528592,249.837088,249.825952,250.07744,250.08672,-0.009280,0.000000,0.12493664,-0.009280,-0.13421664,249.837088,249.825952,249.87328,249.871424,0.236311952,-0.27414515712
ETH,500,1790710895612866904,1790710905612866904,1790710906171641916,0.1856,2692.21,499.651904,4.5,0,-0.040832,0.450147744,0.25007744,-0.490979744,-0.741057184,499.674176,499.651904,500.15488,500.17344,-0.018560,0.000000,0.24987328,-0.018560,-0.26843328,499.674176,499.651904,499.74656,499.742848,0.472623904,-0.54829031424
ETH,1000,1790710895612866904,1790710905612866904,1790710906171641916,0.3713,2692.21,999.573017,4.5,0,-0.081686,0.9005380245,0.50028962,-0.9822240245,-1.4825136445,999.617573,999.573017,1000.57924,1000.61637,-0.037130,0.000000,0.49988119,-0.037130,-0.53701119,999.617573,999.573017,999.76238,999.754954,0.9455024545,-1.09687604352
ETH,100,1790710900802050145,1790710910802050145,1790710911571388036,0.0371,2692.51,99.878765,4.5,0,-0.017066,0.0899810415,0.04998854,-0.1070470415,-0.1570355815,99.892121,99.878765,99.97708,99.98079,-0.011501,0.000000,0.0499490285,-0.011501,-0.0614500285,99.892121,99.878765,99.898057,99.896202,0.0955855530,-0.11739242102
ETH,250,1790710900802050145,1790710910802050145,1790710911571388036,0.0928,2692.51,249.831520,4.5,0,-0.042688,0.225073872,0.12503872,-0.267761872,-0.392800592,249.864928,249.831520,250.07744,250.08672,-0.030938,0.000000,0.124939383,-0.030938,-0.155877383,249.864928,249.831520,249.878766,249.876296,0.236923209,-0.29580880036
ETH,500,1790710900802050145,1790710910802050145,1790710911571388036,0.1856,2692.51,499.663040,4.5,0,-0.085376,0.450147744,0.25007744,-0.535523744,-0.785601184,499.729856,499.663040,500.15488,500.17344,-0.066202,0.000000,0.249878343,-0.066202,-0.316080343,499.729856,499.663040,499.756686,499.756072,0.469520841,-0.59594391524
ETH,1000,1790710900802050145,1790710910802050145,1790710911571388036,0.3713,2692.51,999.595295,4.5,0,-0.170798,0.9005380245,0.50028962,-1.0713360245,-1.5716256445,999.728963,999.595295,1000.57924,1000.61637,-0.136768,0.000000,0.4998908955,-0.136768,-0.6366588955,999.728963,999.595295,999.781791,999.784891,0.9349667490,-1.19653756646
ETH,100,1790710906171641916,1790710916171641916,1790710916603351742,0.0371,2692.09,99.883959,4.5,0,0.003710,0.0899810415,0.04998854,-0.0862710415,-0.1362595815,99.876539,99.883959,99.97708,99.98079,-0.007420,0.000000,0.0499445765,-0.007420,-0.0573645765,99.876539,99.883959,99.889153,99.903993,0.0788950050,-0.11330665738
ETH,250,1790710906171641916,1790710916171641916,1790710916603351742,0.0928,2692.09,249.844512,4.5,0,0.009280,0.225073872,0.12503872,-0.215793872,-0.340832592,249.825952,249.844512,250.07744,250.08672,-0.018560,0.000000,0.124928752,-0.018560,-0.143488752,249.825952,249.844512,249.857504,249.894624,0.197343840,-0.28341934784
ETH,500,1790710906171641916,1790710916171641916,1790710916603351742,0.1856,2692.09,499.689024,4.5,0,0.018560,0.450147744,0.25007744,-0.431587744,-0.681665184,499.651904,499.689024,500.15488,500.17344,-0.037120,0.000000,0.249857504,-0.037120,-0.286977504,499.651904,499.689024,499.715008,499.789248,0.394687680,-0.56683869568
ETH,1000,1790710906171641916,1790710916171641916,1790710916603351742,0.3713,2692.09,999.647277,4.5,0,0.037130,0.9005380245,0.50028962,-0.8634080245,-1.3636976445,999.573017,999.647277,1000.57924,1000.61637,-0.074260,0.000000,0.4998496295,-0.074260,-0.5741096295,999.573017,999.647277,999.699259,999.847779,0.7895880150,-1.13398280014
ETH,100,1790710911571388036,1790710921571388036,1790710921967764275,0.0371,2692.15,99.885072,4.5,0,0.002597,0.0899810415,0.04998854,-0.0873840415,-0.1373725815,99.878765,99.885072,99.97708,99.98079,-0.007475,0.000000,0.049944762,-0.007475,-0.057419762,99.878765,99.885072,99.889524,99.903306,0.0799528195,-0.1133617544
ETH,250,1790710911571388036,1790710921571388036,1790710921967764275,0.0928,2692.15,249.847296,4.5,0,0.006496,0.225073872,0.12503872,-0.218577872,-0.343616592,249.831520,249.847296,250.07744,250.08672,-0.019374,0.000000,0.124929216,-0.019374,-0.144303216,249.831520,249.847296,249.858432,249.893582,0.199313376,-0.28423377992
ETH,500,1790710911571388036,1790710921571388036,1790710921967764275,0.1856,2692.15,499.694592,4.5,0,0.012992,0.450147744,0.25007744,-0.437155744,-0.687233184,499.663040,499.694592,500.15488,500.17344,-0.040718,0.000000,0.249858432,-0.040718,-0.290576432,499.663040,499.694592,499.716864,499.789134,0.396656752,-0.57043811144
ETH,1000,1790710911571388036,1790710921571388036,1790710921967764275,0.3713,2692.15,999.658416,4.5,0,0.025991,0.9005380245,0.50028962,-0.8745470245,-1.3748366445,999.595295,999.658416,1000.57924,1000.61637,-0.083547,0.000000,0.499851427,-0.083547,-0.583398427,999.595295,999.658416,999.702854,999.849522,0.7914382175,-1.14327309228
ETH,100,1790710916603351742,1790710926603351742,1790710927368045211,0.0371,2692.29,99.87610,4.5,0,-0.011569,0.0899810415,0.04998854,-0.1015500415,-0.1515385815,99.883959,99.87610,99.97708,99.98079,-0.005262,0.000000,0.0499486575,-0.005262,-0.0552106575,99.883959,99.87610,99.897315,99.894718,0.0963279240,-0.11115242674
ETH,250,1790710916603351742,1790710926603351742,1790710927368045211,0.0928,2692.29,249.82050,4.5,0,-0.033292,0.225073872,0.12503872,-0.258365872,-0.383404592,249.844512,249.82050,250.07744,250.08672,-0.017516,0.000000,0.12493896,-0.017516,-0.14245496,249.844512,249.82050,249.877920,249.871424,0.240949632,-0.28238477632
ETH,500,1790710916603351742,1790710926603351742,1790710927368045211,0.1856,2692.29,499.636788,4.5,0,-0.070796,0.450147744,0.25007744,-0.520943744,-0.771021184,499.689024,499.636788,500.15488,500.17344,-0.039244,0.000000,0.24987792,-0.039244,-0.28912192,499.689024,499.636788,499.755840,499.742848,0.481899264,-0.56898155264
ETH,1000,1790710916603351742,1790710926603351742,1790710927368045211,0.3713,2692.29,999.537086,4.5,0,-0.147321,0.9005380245,0.50028962,-1.0478590245,-1.5481486445,999.647277,999.537086,1000.57924,1000.61637,-0.084200,0.000000,0.4998904725,-0.084200,-0.5840904725,999.647277,999.537086,999.780945,999.754954,0.9640581720,-1.14396052422
ETH,100,1790710921967764275,1790710931967764275,1790710932912138224,0.0371,2692.32,99.861328,4.5,0,-0.016324,0.089976033,0.04998854,-0.106300033,-0.156288573,99.885072,99.861328,99.97708,99.96966,-0.007791,0.000000,0.049948843,-0.007791,-0.057739843,99.885072,99.861328,99.897686,99.881733,0.098548730,-0.11367808032
ETH,250,1790710921967764275,1790710931967764275,1790710932912138224,0.0928,2692.32,249.787904,4.5,0,-0.040832,0.225061344,0.12503872,-0.265893344,-0.390932064,249.847296,249.787904,250.07744,250.05888,-0.019488,0.000000,0.124939424,-0.019488,-0.144427424,249.847296,249.787904,249.878848,249.838944,0.246504640,-0.28434840576
ETH,500,1790710921967764275,1790710931967764275,1790710932912138224,0.1856,2692.32,499.575808,4.5,0,-0.081664,0.450122688,0.25007744,-0.531786688,-0.781864128,499.694592,499.575808,500.15488,500.11776,-0.038976,0.000000,0.249878848,-0.038976,-0.288854848,499.694592,499.575808,499.757696,499.677888,0.493009280,-0.56869681152
ETH,1000,1790710921967764275,1790710931967764275,1790710932912138224,0.3713,2692.32,999.420784,4.5,0,-0.163372,0.900487899,0.50028962,-1.063859899,-1.564149519,999.658416,999.420784,1000.57924,1000.50498,-0.077973,0.000000,0.499892329,-0.077973,-0.577865329,999.658416,999.420784,999.784658,999.624999,0.986284190,-1.13770003296
ETH,100,1790710927368045211,1790710937368045211,1790710938323252196,0.0371,2692.26,99.856134,4.5,0,-0.011872,0.089972694,0.04998854,-0.101844694,-0.151833234,99.882846,99.856134,99.97708,99.96224,-0.014469,0.000000,0.0499438345,-0.014469,-0.0644128345,99.882846,99.856134,99.887669,99.875426,0.0874203995,-0.1203465011
ETH,250,1790710927368045211,1790710937368045211,1790710938323252196,0.0928,2692.26,249.774912,4.5,0,-0.029696,0.225052992,0.12503872,-0.254748992,-0.379787712,249.841728,249.774912,250.07744,250.04032,-0.036192,0.000000,0.124926896,-0.036192,-0.161118896,249.841728,249.774912,249.853792,249.823168,0.218668816,-0.3010284448
ETH,500,1790710927368045211,1790710937368045211,1790710938323252196,0.1856,2692.26,499.549824,4.5,0,-0.059392,0.450105984,0.25007744,-0.509497984,-0.759575424,499.683456,499.549824,500.15488,500.08064,-0.072384,0.000000,0.249853792,-0.072384,-0.322237792,499.683456,499.549824,499.707584,499.646336,0.437337632,-0.6020568896
ETH,1000,1790710927368045211,1790710937368045211,1790710938323252196,0.3713,2692.26,999.368802,4.5,0,-0.118816,0.900454482,0.50028962,-1.019270482,-1.519560102,999.636138,999.368802,1000.57924,1000.43072,-0.145053,0.000000,0.4998420805,-0.145053,-0.6448950805,999.636138,999.368802,999.684161,999.561878,0.8746650215,-1.20468397142
ETH,100,1790710932912138224,1790710942912138224,1790710943697923739,0.0371,2691.68,99.852211,4.5,0,-0.002027,0.0899625285,0.049980955,-0.0919895285,-0.1419704835,99.861328,99.852211,99.96191,99.95482,-0.000584,0.000000,0.049939939,-0.000584,-0.050523939,99.861328,99.852211,99.879878,99.871345,0.0914465445,-0.10645428144
ETH,250,1790710932912138224,1790710942912138224,1790710943697923739,0.0928,2691.68,249.763748,4.5,0,-0.011496,0.225025281,0.12501721,-0.236521281,-0.361538491,249.787904,249.763748,250.03442,250.02176,-0.002812,0.000000,0.124917152,-0.002812,-0.127729152,249.787904,249.763748,249.834304,249.812960,0.233809339,-0.26763038592
ETH,500,1790710932912138224,1790710942912138224,1790710943697923739,0.1857,2691.68,499.795737,4.5,0,-0.027289,0.4502915235,0.250167445,-0.4775805235,-0.7277479685,499.844976,499.795737,500.33489,500.31294,-0.008988,0.000000,0.249967683,-0.008988,-0.258955683,499.844976,499.795737,499.935366,499.895115,0.4687922855,-0.53890821768
ETH,1000,1790710932912138224,1790710942912138224,1790710943697923739,0.3714,2691.68,999.590574,4.5,0,-0.058858,0.900581526,0.5003332,-0.959439526,-1.459772726,999.689952,999.590574,1000.66640,1000.62588,-0.025892,0.000000,0.4999319535,-0.025892,-0.5258239535,999.689952,999.590574,999.863907,999.790421,0.9339487725,-1.08572716534
ETH,100,1790710938323252196,1790710948323252196,1790710949192327766,0.0371,2691.54,99.872458,4.5,0,0.012614,0.0899643465,0.049979265,-0.0773503465,-0.1273296115,99.856134,99.872458,99.95853,99.96224,-0.007420,0.000000,0.049935487,-0.007420,-0.057355487,99.856134,99.872458,99.870974,99.894718,0.0699741245,-0.11328988076
ETH,250,1790710938323252196,1790710948323252196,1790710949192327766,0.0928,2691.54,249.815744,4.5,0,0.031552,0.225032112,0.12501552,-0.193480112,-0.318495632,249.774912,249.815744,250.03104,250.04032,-0.018560,0.000000,0.124906016,-0.018560,-0.143466016,249.774912,249.815744,249.812032,249.871424,0.175029616,-0.28337738368
ETH,500,1790710938323252196,1790710948323252196,1790710949192327766,0.1857,2691.54,499.900686,4.5,0,0.063138,0.4503067155,0.250165755,-0.3871687155,-0.6373344705,499.818978,499.900686,500.33151,500.35008,-0.037140,0.000000,0.249946629,-0.037140,-0.287086629,499.818978,499.900686,499.893258,500.012106,0.3502478415,-0.56706013092
ETH,1000,1790710938323252196,1790710948323252196,1790710949192327766,0.3714,2691.54,999.801372,4.5,0,0.126276,0.900613431,0.50033151,-0.774337431,-1.274668941,999.637956,999.801372,1000.66302,1000.70016,-0.075986,0.000000,0.499892405,-0.075986,-0.575878405,999.637956,999.801372,999.784810,1000.024212,0.698790536,-1.13582493116
ETH,100,1790710943697923739,1790710953697923739,1790710954167521107,0.0371,2691.5,99.882846,4.5,0,0.002966,0.0899673525,0.049975555,-0.0870013525,-0.1369769075,99.85465,99.882846,99.95111,99.97634,-0.005911,0.000000,0.0499351285,-0.005911,-0.0558461285,99.85465,99.882846,99.870257,99.904364,0.0811307790,-0.11178302238
ETH,250,1790710943697923739,1790710953697923739,1790710954167521107,0.0928,2691.5,249.841728,4.5,0,0.006308,0.225040131,0.12500624,-0.218732131,-0.343738371,249.77120,249.841728,250.01248,250.07670,-0.016379,0.000000,0.1249043225,-0.016379,-0.1412833225,249.77120,249.841728,249.808645,249.895552,0.2024550485,-0.28120049766
ETH,500,1790710943697923739,1790710953697923739,1790710954167521107,0.1857,2691.5,499.952682,4.5,0,0.011882,0.4503230955,0.250147185,-0.4384410955,-0.6885882805,499.81155,499.952682,500.29437,500.42362,-0.034030,0.000000,0.249942613,-0.034030,-0.283972613,499.81155,499.952682,499.885226,500.060388,0.4046156675,-0.56395738492
ETH,1000,1790710943697923739,1790710953697923739,1790710954167521107,0.3714,2691.5,999.905364,4.5,0,0.023024,0.900646524,0.50029437,-0.877622524,-1.377916894,999.62310,999.905364,1000.58874,1000.84798,-0.069313,0.000000,0.4998845995,-0.069313,-0.5691975995,999.62310,999.905364,999.769199,1000.120776,0.8087192945,-1.1291667925
ETH,100,1790710949192327766,1790710959192327766,1790710959653427000,0.0371,2691.98,99.855766,4.5,0,-0.012982,0.0899610075,0.049979265,-0.1029430075,-0.1529222725,99.872458,99.855766,99.95853,99.95482,0.005939,0.000000,0.049945875,0.005939,-0.044006875,99.872458,99.855766,99.89175,99.869119,0.1089153975,-0.09993991832
ETH,250,1790710949192327766,1790710959192327766,1790710959653427000,0.0928,2691.98,249.770088,4.5,0,-0.036376,0.22502376,0.12501552,-0.26139976,-0.38641528,249.815744,249.770088,250.03104,250.02176,0.010172,0.000000,0.124932,0.010172,-0.114760,249.815744,249.770088,249.86400,249.808172,0.27165528,-0.25466820816
ETH,500,1790710949192327766,1790710959192327766,1790710959653427000,0.1857,2691.98,499.806722,4.5,0,-0.075394,0.4502900025,0.250165755,-0.5256840025,-0.7758497575,499.900686,499.806722,500.33151,500.31294,0.015746,0.000000,0.249998625,0.015746,-0.234252625,499.900686,499.806722,499.99725,499.887540,0.5415971325,-0.5142203662
ETH,1000,1790710949192327766,1790710959192327766,1790710959653427000,0.3714,2691.98,999.610844,4.5,0,-0.153388,0.900580005,0.50033151,-1.053968005,-1.554299515,999.801372,999.610844,1000.66302,1000.62588,0.019573,0.000000,0.49999725,0.019573,-0.48042425,999.801372,999.610844,999.99450,999.784399,1.073875265,-1.04036234172
ETH,100,1790710959653427000,1790710969653427000,1790710970473330106,0.0371,2691.68,99.866893,4.5,0,0.001855,0.0899576685,0.049975555,-0.0881026685,-0.1380782235,99.861328,99.866893,99.95111,99.95482,-0.007420,0.000000,0.049934374,-0.007420,-0.057354374,99.861328,99.866893,99.868748,99.881733,0.0807238495,-0.11328450868
ETH,250,1790710959653427000,1790710969653427000,1790710970473330106,0.0928,2691.68,249.801824,4.5,0,0.004640,0.225015408,0.12500624,-0.220375408,-0.345381648,249.787904,249.801824,250.01248,250.02176,-0.018560,0.000000,0.124903232,-0.018560,-0.143463232,249.787904,249.801824,249.806464,249.838944,0.201918416,-0.28336394624
ETH,500,1790710959653427000,1790710969653427000,1790710970473330106,0.1857,2691.68,499.872831,4.5,0,0.009285,0.4502732895,0.250147185,-0.4409882895,-0.6911354745,499.844976,499.872831,500.29437,500.31294,-0.037140,0.000000,0.249941058,-0.037140,-0.287081058,499.844976,499.872831,499.882116,499.947111,0.4040544165,-0.56703324156
ETH,1000,1790710959653427000,1790710969653427000,1790710970473330106,0.3714,2691.68,999.745662,4.5,0,0.018570,0.900546579,0.50029437,-0.881976579,-1.382270949,999.689952,999.745662,1000.58874,1000.62588,-0.074280,0.000000,0.499882116,-0.074280,-0.574162116,999.689952,999.745662,999.764232,999.894222,0.808108833,-1.13406648312
ETH,100,1790710965052006402,1790710975052006402,1790710975787628737,0.0371,2691.72,99.867264,4.5,0,0.000742,0.0899576685,0.049975555,-0.0892156685,-0.1391912235,99.862812,99.867264,99.95111,99.95482,-0.007791,0.000000,0.049935487,-0.007791,-0.057726487,99.862812,99.867264,99.870974,99.883217,0.0814647365,-0.11365766048
ETH,250,1790710965052006402,1790710975052006402,1790710975787628737,0.0928,2691.72,249.802752,4.5,0,0.001856,0.225015408,0.12500624,-0.223159408,-0.348165648,249.791616,249.802752,250.01248,250.02176,-0.019488,0.000000,0.124906016,-0.019488,-0.144394016,249.791616,249.802752,249.812032,249.842656,0.203771632,-0.28429732864
ETH,500,1790710965052006402,1790710975052006402,1790710975787628737,0.1857,2691.72,499.874688,4.5,0,0.003714,0.4502732895,0.250147185,-0.4465592895,-0.6967064745,499.852404,499.874688,500.29437,500.31294,-0.038997,0.000000,0.249946629,-0.038997,-0.288943629,499.852404,499.874688,499.893258,499.954539,0.4077628455,-0.56890101216
ETH,1000,1790710965052006402,1790710975052006402,1790710975787628737,0.3714,2691.72,999.749376,4.5,0,0.007428,0.900546579,0.50029437,-0.893118579,-1.393412949,999.704808,999.749376,1000.58874,1000.62588,-0.077994,0.000000,0.499893258,-0.077994,-0.577887258,999.704808,999.749376,999.786516,999.909078,0.815525691,-1.13780202432
ETH,100,1790710970473330106,1790710980473330106,1790710981361811764,0.0371,2691.83,99.880249,4.5,0,-0.001484,0.089962677,0.049975555,-0.091446677,-0.141422232,99.866893,99.880249,99.95111,99.96595,-0.005194,0.000000,0.049940681,-0.005194,-0.055134681,99.866893,99.880249,99.881362,99.899912,0.086287551,-0.11107343772
ETH,250,1790710970473330106,1790710980473330106,1790710981361811764,0.0928,2691.83,249.835232,4.5,0,-0.003712,0.225027936,0.12500624,-0.228739936,-0.353746176,249.801824,249.835232,250.01248,250.04960,-0.012992,0.000000,0.124919008,-0.012992,-0.137911008,249.801824,249.835232,249.838016,249.884416,0.215835168,-0.27783328896
ETH,500,1790710970473330106,1790710980473330106,1790710981361811764,0.1857,2691.83,499.939683,4.5,0,-0.007428,0.450298359,0.250147185,-0.457726359,-0.707873544,499.872831,499.939683,500.29437,500.36865,-0.025998,0.000000,0.249972627,-0.025998,-0.275970627,499.872831,499.939683,499.945254,500.038104,0.431902917,-0.55596596724
ETH,1000,1790710970473330106,1790710980473330106,1790710981361811764,0.3714,2691.83,999.879366,4.5,0,-0.014856,0.900596718,0.50029437,-0.915452718,-1.415747088,999.745662,999.879366,1000.58874,1000.73730,-0.051996,0.000000,0.499945254,-0.051996,-0.551941254,999.745662,999.879366,999.890508,1000.076208,0.863805834,-1.11193193448
ETH,100,1790710975787628737,1790710985787628737,1790710986743983034,0.0371,2691.84,99.866738,4.5,0,-0.007946,0.089959338,0.049975555,-0.097905338,-0.147880893,99.867264,99.866738,99.95111,99.95853,-0.003865,0.000000,0.049939568,-0.003865,-0.053804568,99.867264,99.866738,99.879136,99.882475,0.094076325,-0.10973781908
ETH,250,1790710975787628737,1790710985787628737,1790710986743983034,0.0928,2691.84,249.798884,4.5,0,-0.022428,0.225019584,0.12500624,-0.247447584,-0.372453824,249.802752,249.798884,250.01248,250.03104,-0.012220,0.000000,0.124916224,-0.012220,-0.137136224,249.802752,249.798884,249.832448,249.840800,0.235317600,-0.27704473344
ETH,500,1790710975787628737,1790710985787628737,1790710986743983034,0.1857,2691.84,499.865246,4.5,0,-0.046582,0.450281646,0.250147185,-0.496863646,-0.747010831,499.874688,499.865246,500.29437,500.33151,-0.026155,0.000000,0.249967056,-0.026155,-0.276122056,499.874688,499.865246,499.934112,499.950825,0.470888775,-0.55608983836
ETH,1000,1790710975787628737,1790710985787628737,1790710986743983034,0.3714,2691.84,999.728792,4.5,0,-0.094864,0.900563292,0.50029437,-0.995427292,-1.495721662,999.749376,999.728792,1000.58874,1000.66302,-0.054303,0.000000,0.499934112,-0.054303,-0.554237112,999.749376,999.728792,999.868224,999.901943,0.941484550,-1.11417275876
ETH,100,1790710981361811764,1790710991361811764,1790710992205862497,0.0371,2692.19,99.869177,4.5,0,-0.007362,0.0899643465,0.04998112,-0.0973263465,-0.1473074665,99.880249,99.869177,99.96224,99.95853,0.001542,0.000000,0.04994773,0.001542,-0.04840573,99.880249,99.869177,99.89546,99.882846,0.0989017365,-0.10434365568
ETH,250,1790710981361811764,1790710991361811764,1790710992205862497,0.0928,2692.19,249.806336,4.5,0,-0.019616,0.225032112,0.12502016,-0.244648112,-0.369668272,249.835232,249.806336,250.04032,250.03104,0.002656,0.000000,0.12493664,0.002656,-0.12228064,249.835232,249.806336,249.87328,249.841728,0.247387632,-0.26220084224
ETH,500,1790710981361811764,1790710991361811764,1790710992205862497,0.1856,2692.19,499.611872,4.5,0,-0.040032,0.450064224,0.25004032,-0.490096224,-0.740136544,499.670464,499.611872,500.08064,500.06208,0.004512,0.000000,0.24987328,0.004512,-0.24536128,499.670464,499.611872,499.74656,499.683456,0.494775264,-0.52520168448
ETH,1000,1790710981361811764,1790710991361811764,1790710992205862497,0.3713,2692.19,999.492131,4.5,0,-0.080886,0.9003709395,0.50021536,-0.9812569395,-1.4814722995,999.610147,999.492131,1000.43072,1000.39359,0.008226,0.000000,0.49988119,0.008226,-0.49165519,999.610147,999.492131,999.76238,999.636138,0.9898171095,-1.05148677504
ETH,100,1790710986743983034,1790710996743983034,1790710997612453787,0.0371,2691.95,99.866738,4.5,0,-0.008317,0.0899610075,0.04997741,-0.0982780075,-0.1482554175,99.871345,99.866738,99.95482,99.95853,-0.011656,0.000000,0.0499390115,-0.011656,-0.0615950115,99.871345,99.866738,99.878023,99.885072,0.0866604060,-0.1175286781
ETH,250,1790710986743983034,1790710996743983034,1790710997612453787,0.0928,2691.95,249.798884,4.5,0,-0.023356,0.22502376,0.12501088,-0.24837976,-0.37339064,249.812960,249.798884,250.02176,250.03104,-0.031708,0.000000,0.124914832,-0.031708,-0.156622832,249.812960,249.798884,249.829664,249.847296,0.216767808,-0.2965323808
ETH,500,1790710986743983034,1790710996743983034,1790710997612453787,0.1857,2691.95,499.865246,4.5,0,-0.048439,0.4502900025,0.25015647,-0.4987290025,-0.7488854725,499.895115,499.865246,500.31294,500.33151,-0.065152,0.000000,0.2499642705,-0.065152,-0.3151162705,499.895115,499.865246,499.928541,499.963824,0.4337692020,-0.5950861327
ETH,1000,1790710986743983034,1790710996743983034,1790710997612453787,0.3714,2691.95,999.728792,4.5,0,-0.098578,0.900580005,0.50031294,-0.999158005,-1.499470945,999.790230,999.728792,1000.62588,1000.66302,-0.132004,0.000000,0.499928541,-0.132004,-0.631932541,999.790230,999.728792,999.857082,999.927648,0.867538404,-1.1918722654
ETH,100,1790710992205862497,1790711002205862497,1790711003036832294,0.0371,2691.95,99.886556,4.5,0,-0.003339,0.0899676855,0.04997741,-0.0933066855,-0.1432840955,99.871345,99.886556,99.95482,99.97337,-0.012985,0.000000,0.0499390115,-0.012985,-0.0629240115,99.871345,99.886556,99.878023,99.906219,0.0803600840,-0.11886359926
ETH,250,1790710992205862497,1790711002205862497,1790711003036832294,0.0928,2691.95,249.851008,4.5,0,-0.008352,0.225040464,0.12501088,-0.233392464,-0.358403344,249.812960,249.851008,250.02176,250.06816,-0.032480,0.000000,0.124914832,-0.032480,-0.157394832,249.812960,249.851008,249.829664,249.900192,0.201008512,-0.29731919168
ETH,500,1790710992205862497,1790711002205862497,1790711003036832294,0.1857,2691.95,499.971252,4.5,0,-0.016713,0.4503234285,0.25015647,-0.4670364285,-0.7171928985,499.895115,499.971252,500.31294,500.40579,-0.064995,0.000000,0.2499642705,-0.064995,-0.3149592705,499.895115,499.971252,499.928541,500.069673,0.4022336280,-0.59495877042
ETH,1000,1790710992205862497,1790711002205862497,1790711003036832294,0.3714,2691.95,999.942504,4.5,0,-0.036646,0.900648306,0.50031294,-0.937294306,-1.437607246,999.790230,999.942504,1000.62588,1000.81480,-0.129990,0.000000,0.499928541,-0.129990,-0.629918541,999.790230,999.942504,999.857082,1000.139346,0.807688705,-1.18991754084
ETH,100,1790710997612453787,1790711007612453787,1790711008432904139,0.0371,2691.95,99.878023,4.5,0,-0.011872,0.0899676855,0.04997741,-0.1018396855,-0.1518170955,99.871345,99.878023,99.95482,99.97337,-0.006307,0.000000,0.0499390115,-0.006307,-0.0562460115,99.871345,99.878023,99.878023,99.891008,0.0955710840,-0.11218134018
ETH,250,1790710997612453787,1790711007612453787,1790711008432904139,0.0928,2691.95,249.829664,4.5,0,-0.029696,0.225040464,0.12501088,-0.254736464,-0.379747344,249.812960,249.829664,250.02176,250.06816,-0.015776,0.000000,0.124914832,-0.015776,-0.140690832,249.812960,249.829664,249.829664,249.862144,0.239056512,-0.28060453824
ETH,500,1790710997612453787,1790711007612453787,1790711008432904139,0.1857,2691.95,499.928541,4.5,0,-0.059424,0.4503234285,0.25015647,-0.5097474285,-0.7599038985,499.895115,499.928541,500.31294,500.40579,-0.031569,0.000000,0.2499642705,-0.031569,-0.2815332705,499.895115,499.928541,499.928541,499.993536,0.4783706280,-0.56151145206
ETH,1000,1790710997612453787,1790711007612453787,1790711008432904139,0.3714,2691.95,999.857082,4.5,0,-0.118848,0.900646857,0.50031294,-1.019494857,-1.519807797,999.790230,999.857082,1000.62588,1000.81158,-0.063138,0.000000,0.499928541,-0.063138,-0.563066541,999.790230,999.857082,999.857082,999.987072,0.956741256,-1.12302290412
ETH,100,1790711003036832294,1790711013036832294,1790711013610969094,0.0371,2692.36,99.879136,4.5,0,-0.011130,0.0899743635,0.04998483,-0.1011043635,-0.1510891935,99.886556,99.879136,99.96966,99.97337,-0.007791,0.000000,0.049948472,-0.007791,-0.057739472,99.886556,99.879136,99.896944,99.897315,0.0933497215,-0.11368186452
ETH,250,1790711003036832294,1790711013036832294,1790711013610969094,0.0928,2692.36,249.832448,4.5,0,-0.027840,0.225057168,0.12502944,-0.252897168,-0.377926608,249.851008,249.832448,250.05888,250.06816,-0.019488,0.000000,0.124938496,-0.019488,-0.144426496,249.851008,249.832448,249.876992,249.877920,0.233500112,-0.28435787136
ETH,500,1790711003036832294,1790711013036832294,1790711013610969094,0.1856,2692.36,499.664896,4.5,0,-0.055680,0.450114336,0.25005888,-0.505794336,-0.755853216,499.702016,499.664896,500.11776,500.13632,-0.038977,0.000000,0.249876992,-0.038977,-0.288853992,499.702016,499.664896,499.753984,499.755841,0.466999224,-0.568716743
ETH,1000,1790711003036832294,1790711013036832294,1790711013610969094,0.3713,2692.36,999.599008,4.5,0,-0.111390,0.9004711905,0.50025249,-1.0118611905,-1.5121136805,999.673268,999.599008,1000.50498,1000.54211,-0.079837,0.000000,0.499888616,-0.079837,-0.579725616,999.673268,999.599008,999.777232,999.782809,0.9323880645,-1.13960242748
ETH,100,1790711008432904139,1790711018432904139,1790711018950850003,0.0371,2692.13,99.876539,4.5,0,-0.005194,0.0899743635,0.04998483,-0.0951683635,-0.1451531935,99.878023,99.876539,99.96966,99.97337,-0.009275,0.000000,0.049943278,-0.009275,-0.059218278,99.878023,99.876539,99.886556,99.894347,0.0859349155,-0.11515693084
ETH,250,1790711008432904139,1790711018432904139,1790711018950850003,0.0928,2692.13,249.825952,4.5,0,-0.012992,0.225057168,0.12502944,-0.238049168,-0.363078608,249.829664,249.825952,250.05888,250.06816,-0.023200,0.000000,0.124925504,-0.023200,-0.148125504,249.829664,249.825952,249.851008,249.870496,0.214953104,-0.28804752512
ETH,500,1790711008432904139,1790711018432904139,1790711018950850003,0.1857,2692.13,499.921113,4.5,0,-0.025998,0.4503568545,0.25019361,-0.4763548545,-0.7265484645,499.928541,499.921113,500.38722,500.40579,-0.046641,0.000000,0.249985626,-0.046641,-0.296626626,499.928541,499.921113,499.971252,500.010465,0.4299218385,-0.57662150676
ETH,1000,1790711008432904139,1790711018432904139,1790711018950850003,0.3714,2692.13,999.842226,4.5,0,-0.051996,0.900713709,0.50038722,-0.952709709,-1.453096929,999.857082,999.842226,1000.77444,1000.81158,-0.096780,0.000000,0.499971252,-0.096780,-0.596751252,999.857082,999.842226,999.942504,1000.024428,0.856345677,-1.15674199296
ETH,100,1790711013610969094,1790711023610969094,1790711024445731067,0.0371,2692.16,99.864667,4.5,0,0.000371,0.089966016,0.04998483,-0.089595016,-0.139579846,99.879136,99.864667,99.96966,99.95482,0.000742,0.000000,0.0499468025,0.000742,-0.0492048025,99.879136,99.864667,99.893605,99.878394,0.0903750435,-0.10514096222
ETH,250,1790711013610969094,1790711023610969094,1790711024445731067,0.0928,2692.16,249.796256,4.5,0,0.000928,0.225036288,0.12502944,-0.224108288,-0.349137728,249.832448,249.796256,250.05888,250.02176,0.001856,0.000000,0.12493432,0.001856,-0.12307832,249.832448,249.796256,249.868640,249.830592,0.226059408,-0.26299410496
ETH,500,1790711013610969094,1790711023610969094,1790711024445731067,0.1856,2692.16,499.592512,4.5,0,0.001856,0.450072576,0.25005888,-0.448216576,-0.698275456,499.664896,499.592512,500.11776,500.04352,0.003712,0.000000,0.24986864,0.003712,-0.24615664,499.664896,499.592512,499.737280,499.661184,0.452118816,-0.52598820992
ETH,1000,1790711013610969094,1790711023610969094,1790711024445731067,0.3713,2692.16,999.454201,4.5,0,0.003713,0.900387648,0.50025249,-0.896674648,-1.396927138,999.599008,999.454201,1000.50498,1000.35646,0.007426,0.000000,0.4998719075,0.007426,-0.4924459075,999.599008,999.454201,999.743815,999.591582,0.9044812305,-1.05225981866
ETH,100,1790711018950850003,1790711028950850003,1790711029852573016,0.0371,2692.09,99.863183,4.5,0,0.001484,0.089966016,0.04998483,-0.088482016,-0.138466846,99.876539,99.863183,99.96966,99.95482,-0.008162,0.000000,0.049943278,-0.008162,-0.058105278,99.876539,99.863183,99.886556,99.881362,0.080361568,-0.11404029504
ETH,250,1790711018950850003,1790711028950850003,1790711029852573016,0.0928,2692.09,249.792544,4.5,0,0.003712,0.225036288,0.12502944,-0.221324288,-0.346353728,249.825952,249.792544,250.05888,250.02176,-0.020416,0.000000,0.124925504,-0.020416,-0.145341504,249.825952,249.792544,249.851008,249.838016,0.201012224,-0.28525443072
ETH,500,1790711018950850003,1790711028950850003,1790711029852573016,0.1856,2692.09,499.585088,4.5,0,0.007424,0.450072576,0.25005888,-0.442648576,-0.692707456,499.651904,499.585088,500.11776,500.04352,-0.040832,0.000000,0.249851008,-0.040832,-0.290683008,499.651904,499.585088,499.702016,499.676032,0.402024448,-0.57050886144
ETH,1000,1790711018950850003,1790711028950850003,1790711029852573016,0.3713,2692.09,999.439349,4.5,0,0.014852,0.900387648,0.50025249,-0.885535648,-1.385788138,999.573017,999.439349,1000.50498,1000.35646,-0.081686,0.000000,0.499836634,-0.081686,-0.581522634,999.573017,999.439349,999.673268,999.621286,0.804265504,-1.14132510912
ETH,100,1790711024445731067,1790711034445731067,1790711035268909244,0.0371,2691.77,99.864296,4.5,0,-0.004081,0.0899576685,0.049975555,-0.0940386685,-0.1440142235,99.864667,99.864296,99.95111,99.95482,-0.003339,0.000000,0.0499382695,-0.003339,-0.0532772695,99.864667,99.864296,99.876539,99.879507,0.0907369540,-0.10920896238
ETH,250,1790711024445731067,1790711034445731067,1790711035268909244,0.0928,2691.77,249.795328,4.5,0,-0.010208,0.225015408,0.12500624,-0.235223408,-0.360229648,249.796256,249.795328,250.01248,250.02176,-0.008352,0.000000,0.124912976,-0.008352,-0.133264976,249.796256,249.795328,249.825952,249.833376,0.226964672,-0.27316958784
ETH,500,1790711024445731067,1790711034445731067,1790711035268909244,0.1857,2691.77,499.859832,4.5,0,-0.020427,0.4502732895,0.250147185,-0.4707002895,-0.7208474745,499.861689,499.859832,500.29437,500.31294,-0.016713,0.000000,0.2499605565,-0.016713,-0.2666735565,499.861689,499.859832,499.921113,499.935969,0.4541739180,-0.54663353946
ETH,1000,1790711024445731067,1790711034445731067,1790711035268909244,0.3714,2691.77,999.719664,4.5,0,-0.040854,0.900546579,0.50029437,-0.941400579,-1.441694949,999.723378,999.719664,1000.58874,1000.62588,-0.033426,0.000000,0.499921113,-0.033426,-0.533347113,999.723378,999.719664,999.842226,999.871938,0.908347836,-1.09326707892
ETH,100,1790711029852573016,1790711039852573016,1790711040599598679,0.0371,2691.73,99.852482,4.5,0,-0.014411,0.0899576685,0.049975555,-0.1043686685,-0.1543442235,99.863183,99.852482,99.95111,99.95482,0.002284,0.000000,0.049938455,0.002284,-0.047654455,99.863183,99.852482,99.87691,99.863925,0.1066897685,-0.1035818888
ETH,250,1790711029852573016,1790711039852573016,1790711040599598679,0.0928,2691.73,249.764576,4.5,0,-0.037248,0.225015408,0.12500624,-0.262263408,-0.387269648,249.792544,249.764576,250.01248,250.02176,0.004512,0.000000,0.12491344,0.004512,-0.12040144,249.792544,249.764576,249.82688,249.794400,0.266868208,-0.2602953984
ETH,500,1790711029852573016,1790711039852573016,1790711040599598679,0.1857,2691.73,499.797494,4.5,0,-0.075337,0.4502732895,0.250147185,-0.5256102895,-0.7757574745,499.854261,499.797494,500.29437,500.31294,0.008228,0.000000,0.249961485,0.008228,-0.241733485,499.854261,499.797494,499.92297,499.857975,0.5340239895,-0.5216721496
ETH,1000,1790711029852573016,1790711039852573016,1790711040599598679,0.3714,2691.73,999.594188,4.5,0,-0.151474,0.900546579,0.50029437,-1.052020579,-1.552314949,999.708522,999.594188,1000.58874,1000.62588,0.015507,0.000000,0.4999228955,0.015507,-0.4844158955,999.708522,999.594188,999.845791,999.715950,1.0678990535,-1.04429318298
ETH,100,1790711035268909244,1790711045268909244,1790711046024757876,0.0371,2691.76,99.836471,4.5,0,-0.009275,0.0899476515,0.049975555,-0.0992226515,-0.1491982065,99.864296,99.836471,99.95111,99.93256,-0.001855,0.000000,0.0499382695,-0.001855,-0.0517932695,99.864296,99.836471,99.876539,99.850569,0.0974049370,-0.10771685974
ETH,250,1790711035268909244,1790711045268909244,1790711046024757876,0.0928,2691.76,249.725728,4.5,0,-0.023200,0.224990352,0.12500624,-0.248190352,-0.373196592,249.795328,249.725728,250.01248,249.96608,-0.004640,0.000000,0.124912976,-0.004640,-0.129552976,249.795328,249.725728,249.825952,249.760992,0.243643616,-0.26943732032
ETH,500,1790711035268909244,1790711045268909244,1790711046024757876,0.1857,2691.76,499.720557,4.5,0,-0.046425,0.4502231505,0.250147185,-0.4966481505,-0.7467953355,499.859832,499.720557,500.29437,500.20152,-0.009285,0.000000,0.2499605565,-0.009285,-0.2592455565,499.859832,499.720557,499.921113,499.791123,0.4875497790,-0.53916498258
ETH,1000,1790711035268909244,1790711045268909244,1790711046024757876,0.3714,2691.76,999.441114,4.5,0,-0.092850,0.900446301,0.50029437,-0.993296301,-1.493590671,999.719664,999.441114,1000.58874,1000.40304,-0.018570,0.000000,0.499921113,-0.018570,-0.518491113,999.719664,999.441114,999.842226,999.582246,0.975099558,-1.07832996516
ETH,100,1790711040599598679,1790711050599598679,1790711051256474137,0.0371,2691.5,99.84352,4.5,0,0.00742,0.0899476515,0.049975555,-0.0825276515,-0.1325032065,99.85465,99.84352,99.95111,99.93256,-0.007420,0.000000,0.0499297365,-0.007420,-0.0573497365,99.85465,99.84352,99.859473,99.855763,0.0751534700,-0.11327000258
ETH,250,1790711040599598679,1790711050599598679,1790711051256474137,0.0928,2691.5,249.74336,4.5,0,0.01856,0.224990352,0.12500624,-0.206430352,-0.331436592,249.77120,249.74336,250.01248,249.96608,-0.018560,0.000000,0.124891632,-0.018560,-0.143451632,249.77120,249.74336,249.783264,249.773984,0.187984960,-0.28332766144
ETH,500,1790711040599598679,1790711050599598679,1790711051256474137,0.1857,2691.5,499.75584,4.5,0,0.03714,0.4502231505,0.250147185,-0.4130831505,-0.6632303355,499.81155,499.75584,500.29437,500.20152,-0.037140,0.000000,0.2499178455,-0.037140,-0.2870578455,499.81155,499.75584,499.835691,499.817121,0.3761724900,-0.56696063286
ETH,1000,1790711040599598679,1790711050599598679,1790711051256474137,0.3715,2691.5,999.78080,4.5,0,0.07430,0.9006887475,0.500429075,-0.8263887475,-1.3268178225,999.89225,999.78080,1000.85815,1000.67240,-0.074300,0.000000,0.4999702725,-0.074300,-0.5742702725,999.89225,999.78080,999.940545,999.903395,0.7525475500,-1.1342265757
ETH,100,1790711046024757876,1790711056024757876,1790711056294941848,0.0371,2691.01,99.81755,4.5,0,-0.022631,0.0899376345,0.049964425,-0.1125686345,-0.1625330595,99.836471,99.81755,99.92885,99.93256,-0.002597,0.000000,0.049925099,-0.002597,-0.052522099,99.836471,99.81755,99.850198,99.833874,0.1100109605,-0.10843363916
ETH,250,1790711046024757876,1790711056024757876,1790711056294941848,0.0928,2691.01,249.67840,4.5,0,-0.056608,0.224965296,0.1249784,-0.281573296,-0.406551696,249.725728,249.67840,249.95680,249.96608,-0.006496,0.000000,0.124880032,-0.006496,-0.131376032,249.725728,249.67840,249.760064,249.719232,0.275175664,-0.27123023488
ETH,500,1790711046024757876,1790711056024757876,1790711056294941848,0.1857,2691.01,499.62585,4.5,0,-0.113277,0.4501730115,0.250091475,-0.5634500115,-0.8135414865,499.720557,499.62585,500.18295,500.20152,-0.012999,0.000000,0.249894633,-0.012999,-0.262893633,499.720557,499.62585,499.789266,499.707558,0.5506478535,-0.54275274372
ETH,1000,1790711046024757876,1790711056024757876,1790711056294941848,0.3715,2691.01,999.52075,4.5,0,-0.226615,0.9005884425,0.500317625,-1.1272034425,-1.6275210675,999.710215,999.52075,1000.63525,1000.67240,-0.026005,0.000000,0.499923835,-0.026005,-0.525928835,999.710215,999.52075,999.847670,999.684210,1.1015922325,-1.0857977614
ETH,100,1790711051256474137,1790711061256474137,1790711061850488051,0.0371,2691.2,99.807533,4.5,0,-0.010017,0.0899242785,0.049964425,-0.0999412785,-0.1499057035,99.84352,99.807533,99.92885,99.90288,-0.003710,0.000000,0.0499256555,-0.003710,-0.0536356555,99.84352,99.807533,99.851311,99.819034,0.0962700480,-0.1095433521
ETH,250,1790711051256474137,1790711061256474137,1790711061850488051,0.0928,2691.2,249.653344,4.5,0,-0.025056,0.224931888,0.1249784,-0.249987888,-0.374966288,249.74336,249.653344,249.95680,249.89184,-0.009280,0.000000,0.124881424,-0.009280,-0.134161424,249.74336,249.653344,249.762848,249.682112,0.240804864,-0.2740060128
ETH,500,1790711051256474137,1790711061256474137,1790711061850488051,0.1857,2691.2,499.575711,4.5,0,-0.050139,0.4501061595,0.250091475,-0.5002451595,-0.7503366345,499.75584,499.575711,500.18295,500.05296,-0.018570,0.000000,0.2498974185,-0.018570,-0.2684674185,499.75584,499.575711,499.794837,499.633278,0.4818692160,-0.5483072907
ETH,1000,1790711051256474137,1790711061256474137,1790711061850488051,0.3715,2691.2,999.386145,4.5,0,-0.134605,0.9004547025,0.500317625,-1.0350597025,-1.5353773275,999.78080,999.386145,1000.63525,1000.37520,-0.075164,0.000000,0.4999294075,-0.075164,-0.5750934075,999.78080,999.386145,999.858815,999.539324,0.9602839200,-1.13492488642
ETH,100,1790711056294941848,1790711066294941848,1790711067060012942,0.0371,2690.5,99.781934,4.5,0,0.008904,0.089915931,0.049964425,-0.081011931,-0.130976356,99.81755,99.781934,99.92885,99.88433,-0.004452,0.000000,0.049915824,-0.004452,-0.054367824,99.81755,99.781934,99.831648,99.800484,0.076608532,-0.11026482096
ETH,250,1790711056294941848,1790711066294941848,1790711067060012942,0.0929,2690.5,249.858266,4.5,0,0.022296,0.225153369,0.125113075,-0.202857369,-0.327970444,249.94745,249.858266,250.22615,250.11467,-0.011316,0.000000,0.124991376,-0.011316,-0.136307376,249.94745,249.858266,249.982752,249.904884,0.191663068,-0.27627591408
ETH,500,1790711056294941848,1790711066294941848,1790711067060012942,0.1858,2690.5,499.716532,4.5,0,0.044592,0.450306738,0.25022615,-0.405714738,-0.655940888,499.89490,499.716532,500.45230,500.22934,-0.024322,0.000000,0.249982752,-0.024322,-0.274304752,499.89490,499.716532,499.965504,499.811458,0.381636136,-0.55424230136
ETH,1000,1790711056294941848,1790711066294941848,1790711067060012942,0.3716,2690.5,999.433064,4.5,0,0.089184,0.900613476,0.5004523,-0.811429476,-1.311881776,999.78980,999.433064,1000.90460,1000.45868,-0.051763,0.000000,0.499965504,-0.051763,-0.551728504,999.78980,999.433064,999.931008,999.626035,0.760153272,-1.11160447604
ETH,100,1790711061850488051,1790711071850488051,1790711072531545240,0.0371,2690.23,99.790096,4.5,0,0.001113,0.0899009055,0.049949585,-0.0887879055,-0.1387374905,99.807533,99.790096,99.89917,99.88062,-0.015582,0.000000,0.0499063635,-0.015582,-0.0654883635,99.807533,99.790096,99.812727,99.810872,0.0732491270,-0.12138297122
ETH,250,1790711061850488051,1790711071850488051,1790711072531545240,0.0929,2690.23,249.878704,4.5,0,0.002787,0.2251157445,0.125075915,-0.2223287445,-0.3474046595,249.922367,249.878704,250.15183,250.10538,-0.039018,0.000000,0.1249676865,-0.039018,-0.1639856865,249.922367,249.878704,249.935373,249.930728,0.1834189730,-0.30394819478
ETH,500,1790711061850488051,1790711071850488051,1790711072531545240,0.1858,2690.23,499.757408,4.5,0,0.005574,0.450231489,0.25015183,-0.444657489,-0.694809319,499.844734,499.757408,500.30366,500.21076,-0.078036,0.000000,0.249935373,-0.078036,-0.327971373,499.844734,499.757408,499.870746,499.861456,0.366837946,-0.60789638956
ETH,1000,1790711061850488051,1790711071850488051,1790711072531545240,0.3716,2690.23,999.514816,4.5,0,0.011148,0.900462978,0.50030366,-0.889314978,-1.389618638,999.689468,999.514816,1000.60732,1000.42152,-0.156072,0.000000,0.499870746,-0.156072,-0.655942746,999.689468,999.514816,999.741492,999.722912,0.733675892,-1.21579277912
ETH,100,1790711067060012942,1790711077060012942,1790711077827261127,0.0371,2689.54,99.765239,4.5,0,0.005565,0.089882541,0.04994031,-0.084317541,-0.134257851,99.781934,99.765239,99.88062,99.85836,0.000000,0.000000,0.049897274,0.000000,-0.049897274,99.781934,99.765239,99.794548,99.777853,0.084360577,-0.10577754628
ETH,250,1790711067060012942,1790711077060012942,1790711077827261127,0.0929,2689.54,249.816461,4.5,0,0.013935,0.225069759,0.12505269,-0.211134759,-0.336187449,249.858266,249.816461,250.10538,250.04964,0.000000,0.000000,0.124944926,0.000000,-0.124944926,249.858266,249.816461,249.889852,249.848047,0.211242523,-0.26487153772
ETH,500,1790711067060012942,1790711077060012942,1790711077827261127,0.1858,2689.54,499.632922,4.5,0,0.027870,0.450139518,0.25010538,-0.422269518,-0.672374898,499.716532,499.632922,500.21076,500.09928,0.000000,0.000000,0.249889852,0.000000,-0.249889852,499.716532,499.632922,499.779704,499.696094,0.422485046,-0.52974307544
ETH,1000,1790711067060012942,1790711077060012942,1790711077827261127,0.3717,2689.54,999.534753,4.5,0,0.055755,0.900521307,0.50034537,-0.844766307,-1.345111677,999.702018,999.534753,1000.69074,1000.46772,0.000000,0.000000,0.499914198,0.000000,-0.499914198,999.702018,999.534753,999.828396,999.661131,0.845197479,-1.05977126556
ETH,100,1790711072531545240,1790711082531545240,1790711083259685316,0.0371,2689.76,99.749286,4.5,0,-0.014840,0.0898775325,0.049938455,-0.1047175325,-0.1546559875,99.790096,99.749286,99.87691,99.85094,-0.000371,0.000000,0.049904323,-0.000371,-0.050275323,99.790096,99.749286,99.808646,99.768207,0.1043806645,-0.10615684184
ETH,250,1790711072531545240,1790711082531545240,1790711083259685316,0.0929,2689.76,249.776514,4.5,0,-0.037160,0.2250572175,0.125048045,-0.2622172175,-0.3872652625,249.878704,249.776514,250.09609,250.03106,-0.000929,0.000000,0.124962577,-0.000929,-0.125891577,249.878704,249.776514,249.925154,249.823893,0.2613736855,-0.26582131016
ETH,500,1790711072531545240,1790711082531545240,1790711083259685316,0.1858,2689.76,499.553028,4.5,0,-0.074320,0.450114435,0.25009609,-0.524434435,-0.774530525,499.757408,499.553028,500.19218,500.06212,-0.001858,0.000000,0.249925154,-0.001858,-0.251783154,499.757408,499.553028,499.850308,499.647786,0.522747371,-0.53164262032
ETH,1000,1790711072531545240,1790711082531545240,1790711083259685316,0.3717,2689.76,999.374922,4.5,0,-0.148680,0.9004711275,0.500326785,-1.0491511275,-1.5494779125,999.783792,999.374922,1000.65357,1000.39338,-0.003827,0.000000,0.499984766,-0.003827,-0.503811766,999.783792,999.374922,999.969532,999.564489,1.0456661465,-1.06368129188
ETH,100,1790711077827261127,1790711087827261127,1790711088551164980,0.0371,2689.09,99.753367,4.5,0,0.002968,0.089862507,0.049927325,-0.086894507,-0.136821832,99.765239,99.753367,99.85465,99.83981,-0.007420,0.000000,0.049886515,-0.007420,-0.057306515,99.765239,99.753367,99.77303,99.768578,0.079515317,-0.11317816524
ETH,250,1790711077827261127,1790711087827261127,1790711088551164980,0.0929,2689.09,249.786733,4.5,0,0.007432,0.225019593,0.125020175,-0.217587593,-0.342607768,249.816461,249.786733,250.04035,250.00319,-0.018580,0.000000,0.124917985,-0.018580,-0.143497985,249.816461,249.786733,249.83597,249.824822,0.199109783,-0.28340300676
ETH,500,1790711077827261127,1790711087827261127,1790711088551164980,0.1859,2689.09,499.842343,4.5,0,0.014872,0.450281403,0.250174925,-0.435409403,-0.685584328,499.901831,499.842343,500.34985,500.27549,-0.037180,0.000000,0.249970435,-0.037180,-0.287150435,499.901831,499.842343,499.94087,499.918562,0.398433893,-0.56711107596
ETH,1000,1790711077827261127,1790711087827261127,1790711088551164980,0.3718,2689.09,999.684686,4.5,0,0.029744,0.900562806,0.50034985,-0.870818806,-1.371168656,999.803662,999.684686,1000.69970,1000.55098,-0.075816,0.000000,0.49994087,-0.075816,-0.57575687,999.803662,999.684686,999.88174,999.838580,0.795411786,-1.1356785596
ETH,100,1790711083259685316,1790711093259685316,1790711093871529730,0.0371,2688.66,99.741124,4.5,0,-0.000742,0.089859168,0.049923615,-0.090601168,-0.140524783,99.749286,99.741124,99.84723,99.83981,0.000742,0.000000,0.049882805,0.000742,-0.049140805,99.749286,99.741124,99.76561,99.756706,0.091383978,-0.10500705348
ETH,250,1790711083259685316,1790711093259685316,1790711093871529730,0.0929,2688.66,249.756076,4.5,0,-0.001858,0.225011232,0.125010885,-0.226869232,-0.351880117,249.776514,249.756076,250.02177,250.00319,0.001858,0.000000,0.124908695,0.001858,-0.123050695,249.776514,249.756076,249.81739,249.795094,0.228829422,-0.26294219052
ETH,500,1790711083259685316,1790711093259685316,1790711093871529730,0.1859,2688.66,499.780996,4.5,0,-0.003718,0.450264672,0.250156335,-0.453982672,-0.704139007,499.821894,499.780996,500.31267,500.27549,0.003718,0.000000,0.249951845,0.003718,-0.246233845,499.821894,499.780996,499.90369,499.859074,0.457905162,-0.52616741892
ETH,1000,1790711083259685316,1790711093259685316,1790711093871529730,0.3718,2688.66,999.561992,4.5,0,-0.007436,0.900529344,0.50031267,-0.907965344,-1.408278014,999.643788,999.561992,1000.62534,1000.55098,0.006812,0.000000,0.499903378,0.006812,-0.493091378,999.643788,999.561992,999.806756,999.718148,0.915186636,-1.05295835112
ETH,100,1790711088551164980,1790711098551164980,1790711099076555680,0.0371,2688.77,99.734075,4.5,0,-0.011872,0.089849151,0.04991805,-0.101721151,-0.151639201,99.753367,99.734075,99.83610,99.82868,-0.006723,0.000000,0.0498818775,-0.006723,-0.0566048775,99.753367,99.734075,99.763755,99.751186,0.0950343235,-0.11246906098
ETH,250,1790711088551164980,1790711098551164980,1790711099076555680,0.0929,2688.77,249.738425,4.5,0,-0.029728,0.224986149,0.12499695,-0.254714149,-0.379711099,249.786733,249.738425,249.99390,249.97532,-0.017325,0.000000,0.1249063725,-0.017325,-0.1422313725,249.786733,249.738425,249.812745,249.781762,0.2374797265,-0.28211783446
ETH,500,1790711088551164980,1790711098551164980,1790711099076555680,0.1859,2688.77,499.745675,4.5,0,-0.059488,0.450214479,0.25012845,-0.509702479,-0.759830929,499.842343,499.745675,500.25690,500.21972,-0.034995,0.000000,0.2499471975,-0.034995,-0.2849421975,499.842343,499.745675,499.894395,499.832722,0.4748887315,-0.56486579026
ETH,1000,1790711088551164980,1790711098551164980,1790711099076555680,0.3718,2688.77,999.491350,4.5,0,-0.118976,0.900428958,0.5002569,-1.019404958,-1.519661858,999.684686,999.491350,1000.51380,1000.43944,-0.070316,0.000000,0.499894395,-0.070316,-0.570210395,999.684686,999.491350,999.788790,999.665770,0.949451463,-1.1300576718
ETH,100,1790711093871529730,1790711103871529730,1790711104525233871,0.0371,2688.44,99.704024,4.5,0,-0.011130,0.0898408035,0.04991805,-0.1009708035,-0.1508888535,99.741124,99.704024,99.83610,99.81013,-0.002226,0.000000,0.0498781675,-0.002226,-0.0521041675,99.741124,99.704024,99.756335,99.721461,0.0987846860,-0.10795795038
ETH,250,1790711093871529730,1790711103871529730,1790711104525233871,0.0929,2688.44,249.663176,4.5,0,-0.027870,0.2249652465,0.12499695,-0.2528352465,-0.3778321965,249.756076,249.663176,249.99390,249.92887,-0.008566,0.000000,0.1248961165,-0.008566,-0.1334621165,249.756076,249.663176,249.792233,249.707899,0.2443700800,-0.27332215346
ETH,500,1790711093871529730,1790711103871529730,1790711104525233871,0.1859,2688.44,499.595096,4.5,0,-0.055770,0.4501726515,0.25012845,-0.5059426515,-0.7560711015,499.780996,499.595096,500.25690,500.12677,-0.021076,0.000000,0.2499257815,-0.021076,-0.2710017815,499.780996,499.595096,499.851563,499.686739,0.4850693200,-0.55087250606
ETH,1000,1790711093871529730,1790711103871529730,1790711104525233871,0.3719,2688.44,999.458936,4.5,0,-0.111570,0.9005874615,0.50039145,-1.0121574615,-1.5125489115,999.830836,999.458936,1000.78290,1000.52257,-0.047116,0.000000,0.4999851115,-0.047116,-0.5471011115,999.830836,999.458936,999.970223,999.645439,0.9654478000,-1.10699349686
ETH,100,1790711099076555680,1790711109076555680,1790711110010202793,0.0371,2688.25,99.738156,4.5,0,0.000371,0.0898441425,0.049912485,-0.0894731425,-0.1393856275,99.734075,99.738156,99.82497,99.82868,-0.004081,0.000000,0.0498748285,-0.004081,-0.0539558285,99.734075,99.738156,99.749657,99.757819,0.0854297990,-0.10981792178
ETH,250,1790711099076555680,1790711109076555680,1790711110010202793,0.0929,2688.25,249.748644,4.5,0,0.000929,0.2249736075,0.124983015,-0.2240446075,-0.3490276225,249.738425,249.748644,249.96603,249.97532,-0.010219,0.000000,0.1248887215,-0.010219,-0.1351077215,249.738425,249.748644,249.777443,249.797881,0.2139199010,-0.27498881222
ETH,500,1790711099076555680,1790711109076555680,1790711110010202793,0.1859,2688.25,499.766124,4.5,0,0.001859,0.4501893825,0.250100565,-0.4483303825,-0.6984309475,499.745675,499.766124,500.20113,500.21972,-0.020449,0.000000,0.2499118765,-0.020449,-0.2703608765,499.745675,499.766124,499.823753,499.864651,0.4280700710,-0.55027362962
ETH,1000,1790711099076555680,1790711109076555680,1790711110010202793,0.3719,2688.25,999.801084,4.5,0,0.003719,0.9006209325,0.500335665,-0.8969019325,-1.3972375975,999.760175,999.801084,1000.67133,1000.70852,-0.040937,0.000000,0.4999581725,-0.040937,-0.5408951725,999.760175,999.801084,999.916345,999.998191,0.8563424250,-1.10087124258
ETH,100,1790711104525233871,1790711114525233871,1790711115448924505,0.0372,2687.44,99.995502,4.5,0,-0.010746,0.090066222,0.05002842,-0.100812222,-0.150840642,99.972768,99.995502,100.05684,100.09032,-0.001818,0.000000,0.04999494,-0.001818,-0.05181294,99.972768,99.995502,99.98988,100.014432,0.099027702,-0.10781414736
ETH,250,1790711104525233871,1790711114525233871,1790711115448924505,0.0930,2687.44,249.986460,4.5,0,-0.029160,0.225165555,0.12507105,-0.254325555,-0.379396605,249.931920,249.986460,250.14210,250.22580,-0.010712,0.000000,0.124985414,-0.010712,-0.135697414,249.931920,249.986460,249.970828,250.036080,0.243699191,-0.27569934824
ETH,500,1790711104525233871,1790711114525233871,1790711115448924505,0.1860,2687.44,499.971390,4.5,0,-0.059850,0.45033111,0.2501421,-0.51018111,-0.76032321,499.863840,499.971390,500.28420,500.45160,-0.026522,0.000000,0.249969044,-0.026522,-0.276491044,499.863840,499.971390,499.938088,500.072160,0.483832166,-0.55649391344
ETH,1000,1790711104525233871,1790711114525233871,1790711115448924505,0.3720,2687.44,999.941250,4.5,0,-0.121230,0.90066222,0.5002842,-1.02189222,-1.52217642,999.727680,999.941250,1000.56840,1000.90320,-0.058142,0.000000,0.499936304,-0.058142,-0.558078304,999.727680,999.941250,999.872608,1000.144320,0.964098116,-1.11808304384
ETH,100,1790711110010202793,1790711120010202793,1790711120732157299,0.0371,2688.36,99.722574,4.5,0,-0.011872,0.0898408035,0.049912485,-0.1017128035,-0.1516252885,99.738156,99.722574,99.82497,99.82126,-0.004205,0.000000,0.049875756,-0.004205,-0.054080756,99.738156,99.722574,99.751512,99.740135,0.0975445325,-0.10993841716
ETH,250,1790711110010202793,1790711120010202793,1790711120732157299,0.0929,2688.36,249.709626,4.5,0,-0.029728,0.2249652465,0.124983015,-0.2546932465,-0.3796762615,249.748644,249.709626,249.96603,249.95674,-0.011459,0.000000,0.124891044,-0.011459,-0.136350044,249.748644,249.709626,249.782088,249.754529,0.2433262175,-0.27622029676
ETH,500,1790711110010202793,1790711120010202793,1790711120732157299,0.1859,2688.36,499.688046,4.5,0,-0.059488,0.4501726515,0.250100565,-0.5096606515,-0.7597612165,499.766124,499.688046,500.20113,500.18254,-0.023549,0.000000,0.249916524,-0.023549,-0.273465524,499.766124,499.688046,499.833048,499.778519,0.4862956925,-0.55335676276
ETH,1000,1790711110010202793,1790711120010202793,1790711120732157299,0.3719,2688.36,999.644886,4.5,0,-0.119008,0.9005874615,0.500335665,-1.0195954615,-1.5199311265,999.801084,999.644886,1000.67133,1000.63414,-0.047729,0.000000,0.499967484,-0.047729,-0.547696484,999.801084,999.644886,999.934968,999.826499,0.9722346425,-1.10762969476
ETH,100,1790711115448924505,1790711125448924505,1790711126225904885,0.0371,2688.16,99.708105,4.5,0,-0.015211,0.089832456,0.049908775,-0.105043456,-0.154952231,99.730736,99.708105,99.81755,99.81013,-0.005194,0.000000,0.0498726025,-0.005194,-0.0550666025,99.730736,99.708105,99.745205,99.727768,0.0998856285,-0.11091903494
ETH,250,1790711115448924505,1790711125448924505,1790711126225904885,0.0929,2688.16,249.673395,4.5,0,-0.038089,0.224944344,0.124973725,-0.263033344,-0.388007069,249.730064,249.673395,249.94745,249.92887,-0.013006,0.000000,0.1248831475,-0.013006,-0.1378891475,249.730064,249.673395,249.766295,249.722632,0.2501179215,-0.27774604706
ETH,500,1790711115448924505,1790711125448924505,1790711126225904885,0.1859,2688.16,499.615545,4.5,0,-0.076219,0.450130824,0.250081975,-0.526349824,-0.776431799,499.728944,499.615545,500.16395,500.12677,-0.026026,0.000000,0.2499007225,-0.026026,-0.2759267225,499.728944,499.615545,499.801445,499.714072,0.5005050765,-0.55579106726
ETH,1000,1790711115448924505,1790711125448924505,1790711126225904885,0.3719,2688.16,999.499845,4.5,0,-0.152479,0.900503784,0.500298475,-1.052982784,-1.553281259,999.726704,999.499845,1000.59695,1000.52257,-0.052066,0.000000,0.4999358725,-0.052066,-0.5520018725,999.726704,999.499845,999.871745,999.696952,1.0012793865,-1.11188110766
ETH,100,1790711120732157299,1790711130732157299,1790711131630097360,0.0371,2687.94,99.701798,4.5,0,-0.013356,0.089832456,0.049908775,-0.103188456,-0.153097231,99.722574,99.701798,99.81755,99.81013,-0.005194,0.000000,0.049867965,-0.005194,-0.055061965,99.722574,99.701798,99.73593,99.720348,0.098035266,-0.11090972284
ETH,250,1790711120732157299,1790711130732157299,1790711131630097360,0.0929,2687.94,249.657602,4.5,0,-0.045164,0.22493907,0.124967865,-0.27010307,-0.395070935,249.709626,249.657602,249.93573,249.92887,-0.013006,0.000000,0.124871535,-0.013006,-0.137877535,249.709626,249.657602,249.74307,249.704052,0.257193400,-0.27772272916
ETH,500,1790711120732157299,1790711130732157299,1790711131630097360,0.1859,2687.94,499.583942,4.5,0,-0.115844,0.45010881,0.250057515,-0.56595281,-0.816010325,499.688046,499.583942,500.11503,500.12677,-0.026026,0.000000,0.249877485,-0.026026,-0.275903485,499.688046,499.583942,499.75497,499.676892,0.540106840,-0.55574440636
ETH,1000,1790711120732157299,1790711130732157299,1790711131630097360,0.3719,2687.94,999.436622,4.5,0,-0.257204,0.90044829,0.500236815,-1.15765229,-1.657889105,999.644886,999.436622,1000.47363,1000.52257,-0.052463,0.000000,0.4998891865,-0.052463,-0.5523521865,999.644886,999.436622,999.778373,999.622572,1.1055369185,-1.1121844511
ETH,100,1790711126225904885,1790711136225904885,1790711137082660755,0.0372,2687.55,99.965778,4.5,0,0.007518,0.090059526,0.05003772,-0.082541526,-0.132579246,99.976860,99.965778,100.07544,100.05684,-0.002154,0.000000,0.04999587,-0.002154,-0.05214987,99.976860,99.965778,99.991740,99.982812,0.080429376,-0.10814274456
ETH,250,1790711126225904885,1790711136225904885,1790711137082660755,0.0930,2687.55,249.913770,4.5,0,0.018120,0.225148815,0.1250943,-0.207028815,-0.332123115,249.942150,249.913770,250.18860,250.14210,-0.009240,0.000000,0.124989675,-0.009240,-0.134229675,249.942150,249.913770,249.979350,249.960210,0.197893440,-0.2742127518
ETH,500,1790711126225904885,1790711136225904885,1790711137082660755,0.1860,2687.55,499.827090,4.5,0,0.035790,0.45029763,0.2501886,-0.41450763,-0.66469623,499.884300,499.827090,500.37720,500.28420,-0.026910,0.000000,0.24997935,-0.026910,-0.27688935,499.884300,499.827090,499.958700,499.928400,0.38780688,-0.556857738
ETH,1000,1790711126225904885,1790711136225904885,1790711137082660755,0.3720,2687.55,999.653730,4.5,0,0.071130,0.90059526,0.5003772,-0.82946526,-1.32984246,999.768600,999.653730,1000.75440,1000.56840,-0.063884,0.000000,0.4999587,-0.063884,-0.5638427,999.768600,999.653730,999.917400,999.866414,0.76599976,-1.12378216792
ETH,100,1790711131630097360,1790711141630097360,1790711142584859815,0.0372,2687.38,99.977232,4.5,0,0.017956,0.090056223,0.05003405,-0.072100223,-0.122134273,99.970536,99.977232,100.06810,100.05684,-0.000372,0.000000,0.04999215,-0.000372,-0.05036415,99.970536,99.977232,99.984300,99.991368,0.071770123,-0.10635733704
ETH,250,1790711131630097360,1790711141630097360,1790711142584859815,0.0930,2687.38,249.943080,4.5,0,0.044740,0.22514049,0.12508505,-0.18040049,-0.30548554,249.926340,249.943080,250.17010,250.14210,-0.000930,0.000000,0.124980375,-0.000930,-0.125910375,249.926340,249.943080,249.960750,249.978420,0.179575165,-0.2658933426
ETH,500,1790711131630097360,1790711141630097360,1790711142584859815,0.1860,2687.38,499.886160,4.5,0,0.089380,0.450280935,0.25017005,-0.360900935,-0.611070985,499.852680,499.886160,500.34010,500.28420,-0.001860,0.000000,0.24996075,-0.001860,-0.25182075,499.852680,499.886160,499.921500,499.956840,0.359250235,-0.5317866852
ETH,1000,1790711131630097360,1790711141630097360,1790711142584859815,0.3720,2687.38,999.772320,4.5,0,0.178660,0.900561825,0.50034005,-0.721901825,-1.222241875,999.705360,999.772320,1000.68010,1000.56840,-0.003720,0.000000,0.4999215,-0.003720,-0.5036415,999.705360,999.772320,999.843000,999.913680,0.718600375,-1.0635733704
ETH,100,1790711137082660755,1790711147082660755,1790711147939750386,0.0372,2687.33,99.95805,4.5,0,-0.006906,0.090046134,0.05002656,-0.096952134,-0.146978694,99.968676,99.95805,100.05312,100.04940,-0.004302,0.000000,0.049990662,-0.004302,-0.054292662,99.968676,99.95805,99.981324,99.97500,0.092686032,-0.11028043272
ETH,250,1790711137082660755,1790711147082660755,1790711147939750386,0.0930,2687.33,249.89265,4.5,0,-0.019740,0.225115335,0.1250664,-0.244855335,-0.369921735,249.921690,249.89265,250.13280,250.12350,-0.013230,0.000000,0.124976655,-0.013230,-0.138206655,249.921690,249.89265,249.953310,249.93750,0.231715080,-0.2781760818
ETH,500,1790711137082660755,1790711147082660755,1790711147939750386,0.1860,2687.33,499.782840,4.5,0,-0.041940,0.45023067,0.2501328,-0.49217067,-0.74230347,499.843380,499.782840,500.26560,500.24700,-0.028920,0.000000,0.24995331,-0.028920,-0.27887331,499.843380,499.782840,499.906620,499.87500,0.46343016,-0.5588121636
ETH,1000,1790711137082660755,1790711147082660755,1790711147939750386,0.3720,2687.33,999.562980,4.5,0,-0.086580,0.90046134,0.5002656,-0.98704134,-1.48730694,999.686760,999.562980,1000.53120,1000.49400,-0.060540,0.000000,0.49990662,-0.060540,-0.56044662,999.686760,999.562980,999.813240,999.75000,0.92686032,-1.1203243272
ETH,100,1790711142584859815,1790711152584859815,1790711153378450123,0.0372,2687.56,99.932592,4.5,0,-0.022320,0.090037764,0.05002656,-0.112357764,-0.162384324,99.977232,99.932592,100.05312,100.03080,-0.010788,0.000000,0.04999308,-0.010788,-0.06078108,99.977232,99.932592,99.98616,99.952308,0.101603244,-0.11676385104
ETH,250,1790711142584859815,1790711152584859815,1790711153378450123,0.0930,2687.56,249.831480,4.5,0,-0.055800,0.22509441,0.1250664,-0.28089441,-0.40596081,249.943080,249.831480,250.13280,250.07700,-0.026970,0.000000,0.1249827,-0.026970,-0.1519527,249.943080,249.831480,249.96540,249.880770,0.25400811,-0.2919096276
ETH,500,1790711142584859815,1790711152584859815,1790711153378450123,0.1860,2687.56,499.662960,4.5,0,-0.111600,0.45018882,0.2501328,-0.56178882,-0.81192162,499.886160,499.662960,500.26560,500.15400,-0.053940,0.000000,0.2499654,-0.053940,-0.3039054,499.886160,499.662960,499.93080,499.761540,0.50801622,-0.5838192552
ETH,1000,1790711142584859815,1790711152584859815,1790711153378450123,0.3720,2687.56,999.325920,4.5,0,-0.223200,0.90037764,0.5002656,-1.12357764,-1.62384324,999.772320,999.325920,1000.53120,1000.30800,-0.107880,0.000000,0.4999308,-0.107880,-0.6078108,999.772320,999.325920,999.86160,999.523080,1.01603244,-1.1676385104
ETH,100,1790711147939750386,1790711157939750386,1790711158802164848,0.0372,2687.33,99.932220,4.5,0,-0.002976,0.090026046,0.05002284,-0.093002046,-0.143024886,99.968676,99.932220,100.04568,100.01220,-0.012516,0.000000,0.049985268,-0.012516,-0.062501268,99.968676,99.932220,99.970536,99.946596,0.080523618,-0.11847806496
ETH,250,1790711147939750386,1790711157939750386,1790711158802164848,0.0930,2687.33,249.830550,4.5,0,-0.007440,0.225065115,0.1250571,-0.232505115,-0.357562215,249.921690,249.830550,250.11420,250.03050,-0.032477,0.000000,0.12496317,-0.032477,-0.15744017,249.921690,249.830550,249.926340,249.867677,0.200122045,-0.29738249476
ETH,500,1790711147939750386,1790711157939750386,1790711158802164848,0.1860,2687.33,499.661100,4.5,0,-0.014880,0.45013023,0.2501142,-0.46501023,-0.71512443,499.843380,499.661100,500.22840,500.06100,-0.065957,0.000000,0.24992634,-0.065957,-0.31588334,499.843380,499.661100,499.852680,499.736357,0.39924109,-0.59576827036
ETH,1000,1790711147939750386,1790711157939750386,1790711158802164848,0.3721,2687.33,999.590835,4.5,0,-0.029768,0.9005024655,0.50036287,-0.9302704655,-1.4306333355,999.955493,999.590835,1000.72574,1000.39085,-0.132953,0.000000,0.499987049,-0.132953,-0.632940049,999.955493,999.590835,999.974098,999.742393,0.7976932865,-1.19286066648
ETH,100,1790711153378450123,1790711163378450123,1790711164215698789,0.0372,2686.36,99.929988,4.5,0,-0.010044,0.090007632,0.05000238,-0.100051632,-0.150054012,99.932592,99.929988,100.00476,100.01220,-0.001116,0.000000,0.04997355,-0.001116,-0.05108955,99.932592,99.929988,99.947100,99.945612,0.098964462,-0.10705950936
ETH,250,1790711153378450123,1790711163378450123,1790711164215698789,0.0930,2686.36,249.824970,4.5,0,-0.025110,0.22501908,0.12500595,-0.25012908,-0.37513503,249.831480,249.824970,250.01190,250.03050,-0.002790,0.000000,0.124933875,-0.002790,-0.127723875,249.831480,249.824970,249.867750,249.864030,0.247411155,-0.2676487734
ETH,500,1790711153378450123,1790711163378450123,1790711164215698789,0.1860,2686.36,499.649940,4.5,0,-0.050220,0.45003816,0.2500119,-0.50025816,-0.75027006,499.662960,499.649940,500.02380,500.06100,-0.005580,0.000000,0.24986775,-0.005580,-0.25544775,499.662960,499.649940,499.735500,499.728060,0.49482231,-0.5352975468
ETH,1000,1790711153378450123,1790711163378450123,1790711164215698789,0.3721,2686.36,999.568509,4.5,0,-0.100467,0.900318276,0.500158215,-1.000785276,-1.500943491,999.594556,999.568509,1000.31643,1000.39085,-0.011163,0.000000,0.4998698375,-0.011163,-0.5110328375,999.594556,999.568509,999.739675,999.724791,0.9899106535,-1.07088288798
NVDA,100,1790713384758512789,1790713394758512789,1790713395326372478,0.438,227.91,99.82458,0.900,0,-0.00438,0.0179522622,0.04991229,-0.0223322622,-0.0722445522,99.82458,99.82458,99.7326,99.73698,-0.005256,0.000000,0.04991229,-0.005256,-0.05516829,99.82458,99.82458,99.753186,99.758442,0.0170762622,-0.11103154584
NVDA,250,1790713384758512789,1790713394758512789,1790713395326372478,1.096,227.91,249.78936,0.900,0,-0.01096,0.0449216424,0.12489468,-0.0558816424,-0.1807763224,249.78936,249.78936,249.5592,249.57016,-0.013152,0.000000,0.12489468,-0.013152,-0.13804668,249.78936,249.78936,249.610712,249.623864,0.0427296424,-0.27783236128
NVDA,500,1790713384758512789,1790713394758512789,1790713395326372478,2.193,227.91,499.80663,0.900,0,-0.02193,0.0898842717,0.249903315,-0.1118142717,-0.3617175867,499.80663,499.80663,499.3461,499.36803,-0.026758,0.000000,0.249903315,-0.026758,-0.276661315,499.80663,499.80663,499.449171,499.475929,0.0850562717,-0.556360343
NVDA,1000,1790713384758512789,1790713394758512789,1790713395326372478,4.387,227.91,999.84117,0.900,0,-0.04387,0.1798095303,0.499920585,-0.2236795303,-0.7236001153,999.84117,999.84117,998.9199,998.96377,-0.055280,0.000000,0.499920585,-0.055280,-0.555200585,999.84117,999.84117,999.126089,999.181369,0.1683995303,-1.11472667324
NVDA,100,1790713395326372478,1790713405326372478,1790713406111685090,0.438,227.91,99.8202,0.900,0,-0.00876,0.0179522622,0.04991229,-0.0267122622,-0.0766245522,99.82458,99.8202,99.7326,99.73698,-0.003942,0.000000,0.04991229,-0.003942,-0.05385429,99.82458,99.8202,99.753186,99.752748,0.0227702622,-0.10971595152
NVDA,250,1790713395326372478,1790713405326372478,1790713406111685090,1.096,227.91,249.7784,0.900,0,-0.02192,0.0449216424,0.12489468,-0.0668416424,-0.1917363224,249.78936,249.7784,249.5592,249.57016,-0.009864,0.000000,0.12489468,-0.009864,-0.13475868,249.78936,249.7784,249.610712,249.609616,0.0569776424,-0.27454037184
NVDA,500,1790713395326372478,1790713405326372478,1790713406111685090,2.193,227.91,499.7847,0.900,0,-0.04386,0.0898842717,0.249903315,-0.1337442717,-0.3836475867,499.80663,499.7847,499.3461,499.36803,-0.019737,0.000000,0.249903315,-0.019737,-0.269640315,499.80663,499.7847,499.449171,499.446978,0.1140072717,-0.54933123672
NVDA,1000,1790713395326372478,1790713405326372478,1790713406111685090,4.387,227.91,999.7973,0.900,0,-0.08774,0.1798095303,0.499920585,-0.2675495303,-0.7674701153,999.84117,999.7973,998.9199,998.96377,-0.039483,0.000000,0.499920585,-0.039483,-0.539403585,999.84117,999.7973,999.126089,999.121702,0.2280665303,-1.09891296648
NVDA,100,1790713400714869845,1790713410714869845,1790713411595805665,0.438,227.9,99.81582,0.900,0,0.00876,0.0179506854,0.0499101,-0.0091906854,-0.0591007854,99.8202,99.81582,99.7326,99.71946,0.008760,0.000000,0.0499101,0.008760,-0.0411501,99.8202,99.81582,99.753186,99.740046,0.0179506854,-0.09700820496
NVDA,250,1790713400714869845,1790713410714869845,1790713411595805665,1.096,227.9,249.76744,0.900,0,0.02192,0.0449176968,0.1248892,-0.0229976968,-0.1478868968,249.7784,249.76744,249.5592,249.52632,0.021920,0.000000,0.1248892,0.021920,-0.1029692,249.7784,249.76744,249.610712,249.577832,0.0449176968,-0.24274199232
NVDA,500,1790713400714869845,1790713410714869845,1790713411595805665,2.193,227.9,499.76277,0.900,0,0.04386,0.0898763769,0.24989235,-0.0460163769,-0.2959087269,499.7847,499.76277,499.3461,499.28031,0.043860,0.000000,0.24989235,0.043860,-0.20603235,499.7847,499.76277,499.449171,499.383381,0.0898763769,-0.48570546456
NVDA,1000,1790713400714869845,1790713410714869845,1790713411595805665,4.387,227.9,999.735885,0.900,0,0.070195,0.1797937371,0.49989865,-0.1095987371,-0.6094973871,999.7973,999.735885,998.9199,998.78829,0.070195,0.000000,0.49989865,0.070195,-0.42970365,999.7973,999.735885,999.126089,998.994479,0.1797937371,-0.98917740904
NVDA,100,1790713406111685090,1790713416111685090,1790713417056266884,0.438,227.9,99.81144,0.900,0,0.00438,0.0179506854,0.0499101,-0.0135706854,-0.0634807854,99.8202,99.81144,99.7326,99.71946,-0.000876,0.000000,0.0499101,-0.000876,-0.0507861,99.8202,99.81144,99.744864,99.73698,0.0126946854,-0.10664101632
NVDA,250,1790713406111685090,1790713416111685090,1790713417056266884,1.096,227.9,249.75648,0.900,0,0.01096,0.0449176968,0.1248892,-0.0339576968,-0.1588468968,249.7784,249.75648,249.5592,249.52632,-0.002192,0.000000,0.1248892,-0.002192,-0.1270812,249.7784,249.75648,249.589888,249.57016,0.0317656968,-0.26684601344
NVDA,500,1790713406111685090,1790713416111685090,1790713417056266884,2.193,227.9,499.74084,0.900,0,0.02193,0.0898763769,0.24989235,-0.0679463769,-0.3178387269,499.7847,499.74084,499.3461,499.28031,-0.004386,0.000000,0.24989235,-0.004386,-0.25427835,499.7847,499.74084,499.407504,499.36803,0.0635603769,-0.53393549952
NVDA,1000,1790713406111685090,1790713416111685090,1790713417056266884,4.387,227.9,999.70956,0.900,0,0.04387,0.1797937371,0.49989865,-0.1359237371,-0.6358223871,999.7973,999.70956,998.9199,998.78829,-0.008774,0.000000,0.49989865,-0.008774,-0.50867265,999.7973,999.70956,999.042736,998.96377,0.1271497371,-1.06811447168
NVDA,100,1790713411595805665,1790713421595805665,1790713422128687536,0.438,227.89,99.81144,0.900,0,-0.01314,0.0179487144,0.04990791,-0.0310887144,-0.0809966244,99.81582,99.81144,99.71070,99.71946,-0.012702,0.000000,0.04990791,-0.012702,-0.06260991,99.81582,99.81144,99.726906,99.735228,0.0183867144,-0.11845930752
NVDA,250,1790713411595805665,1790713421595805665,1790713422128687536,1.096,227.89,249.75648,0.900,0,-0.03288,0.0449127648,0.12488372,-0.0777927648,-0.2026764848,249.76744,249.75648,249.50440,249.52632,-0.031784,0.000000,0.12488372,-0.031784,-0.15666772,249.76744,249.75648,249.544952,249.565776,0.0460087648,-0.29641872384
NVDA,500,1790713411595805665,1790713421595805665,1790713422128687536,2.193,227.89,499.74084,0.900,0,-0.06579,0.0898665084,0.249881385,-0.1556565084,-0.4055378934,499.76277,499.74084,499.23645,499.28031,-0.063597,0.000000,0.249881385,-0.063597,-0.313478385,499.76277,499.74084,499.317591,499.359258,0.0920595084,-0.59310790272
NVDA,1000,1790713411595805665,1790713421595805665,1790713422128687536,4.387,227.89,999.70956,0.900,0,-0.13161,0.1797739956,0.499876715,-0.3113839956,-0.8112607106,999.75343,999.70956,998.70055,998.78829,-0.127223,0.000000,0.499876715,-0.127223,-0.627099715,999.75343,999.70956,998.862869,998.946222,0.1841609956,-1.18648626048
NVDA,100,1790713417056266884,1790713427056266884,1790713427493222266,0.438,227.88,99.81144,0.900,0,-0.00876,0.0179487144,0.04990572,-0.0267087144,-0.0766144344,99.81144,99.81144,99.71070,99.71946,-0.007884,0.000000,0.04990572,-0.007884,-0.05778972,99.81144,99.81144,99.727344,99.735228,0.0188247144,-0.11363924016
NVDA,250,1790713417056266884,1790713427056266884,1790713427493222266,1.096,227.88,249.75648,0.900,0,-0.02192,0.0449127648,0.12487824,-0.0668327648,-0.1917110048,249.75648,249.75648,249.50440,249.52632,-0.019728,0.000000,0.12487824,-0.019728,-0.14460624,249.75648,249.75648,249.546048,249.565776,0.0471047648,-0.28435755072
NVDA,500,1790713417056266884,1790713427056266884,1790713427493222266,2.193,227.88,499.74084,0.900,0,-0.04386,0.0898665084,0.24987042,-0.1337265084,-0.3835969284,499.74084,499.74084,499.23645,499.28031,-0.039474,0.000000,0.24987042,-0.039474,-0.28934442,499.74084,499.74084,499.319784,499.359258,0.0942525084,-0.56897455176
NVDA,1000,1790713417056266884,1790713427056266884,1790713427493222266,4.387,227.88,999.70956,0.900,0,-0.08774,0.1797739956,0.49985478,-0.2675139956,-0.7673687756,999.70956,999.70956,998.70055,998.78829,-0.078966,0.000000,0.49985478,-0.078966,-0.57882078,999.70956,999.70956,998.867256,998.946222,0.1885479956,-1.13820855384
NVDA,100,1790713422128687536,1790713432128687536,1790713433054144333,0.438,227.88,99.81144,0.900,0,-0.00438,0.0179491086,0.04990572,-0.0223291086,-0.0722348286,99.81144,99.81144,99.71508,99.71946,-0.003066,0.000000,0.04990572,-0.003066,-0.05297172,99.81144,99.81144,99.732162,99.735228,0.0192631086,-0.1088225892
NVDA,250,1790713422128687536,1790713432128687536,1790713433054144333,1.096,227.88,249.75648,0.900,0,-0.01096,0.0449137512,0.12487824,-0.0558737512,-0.1807519912,249.75648,249.75648,249.51536,249.52632,-0.007672,0.000000,0.12487824,-0.007672,-0.13255024,249.75648,249.75648,249.558104,249.565776,0.0482017512,-0.2723049264
NVDA,500,1790713422128687536,1790713432128687536,1790713433054144333,2.193,227.88,499.74084,0.900,0,-0.02193,0.0898684821,0.24987042,-0.1117984821,-0.3616689021,499.74084,499.74084,499.25838,499.28031,-0.015351,0.000000,0.24987042,-0.015351,-0.26522142,499.74084,499.74084,499.343907,499.359258,0.0964474821,-0.5448583062
NVDA,1000,1790713422128687536,1790713432128687536,1790713433054144333,4.387,227.88,999.70956,0.900,0,-0.04387,0.1797779439,0.49985478,-0.2236479439,-0.7235027239,999.70956,999.70956,998.74442,998.78829,-0.030709,0.000000,0.49985478,-0.030709,-0.53056378,999.70956,999.70956,998.915513,998.946222,0.1929389439,-1.0899650658
NVDA,100,1790713427493222266,1790713437493222266,1790713438554625577,0.438,227.88,99.81144,0.900,0,-0.00438,0.0179491086,0.04990572,-0.0223291086,-0.0722348286,99.81144,99.81144,99.71508,99.71946,-0.003066,0.000000,0.04990572,-0.003066,-0.05297172,99.81144,99.81144,99.732162,99.735228,0.0192631086,-0.1088225892
NVDA,250,1790713427493222266,1790713437493222266,1790713438554625577,1.096,227.88,249.75648,0.900,0,-0.01096,0.0449137512,0.12487824,-0.0558737512,-0.1807519912,249.75648,249.75648,249.51536,249.52632,-0.007672,0.000000,0.12487824,-0.007672,-0.13255024,249.75648,249.75648,249.558104,249.565776,0.0482017512,-0.2723049264
NVDA,500,1790713427493222266,1790713437493222266,1790713438554625577,2.193,227.88,499.74084,0.900,0,-0.02193,0.0898684821,0.24987042,-0.1117984821,-0.3616689021,499.74084,499.74084,499.25838,499.28031,-0.015351,0.000000,0.24987042,-0.015351,-0.26522142,499.74084,499.74084,499.343907,499.359258,0.0964474821,-0.5448583062
NVDA,1000,1790713427493222266,1790713437493222266,1790713438554625577,4.387,227.88,999.70956,0.900,0,-0.04387,0.1797779439,0.49985478,-0.2236479439,-0.7235027239,999.70956,999.70956,998.74442,998.78829,-0.030709,0.000000,0.49985478,-0.030709,-0.53056378,999.70956,999.70956,998.915513,998.946222,0.1929389439,-1.0899650658
NVDA,100,1790713459696781513,1790713469696781513,1790713470554956234,0.438,227.88,99.811444,0.900,0,0.000004,0.0179487144,0.04990572,-0.0179447144,-0.0678504344,99.81144,99.811444,99.71508,99.71508,-0.003500,0.000000,0.04990572,-0.003500,-0.05340572,99.81144,99.811444,99.731724,99.735228,0.0144447144,-0.10925646656
NVDA,250,1790713459696781513,1790713469696781513,1790713470554956234,1.096,227.88,249.756484,0.900,0,0.000004,0.0449127648,0.12487824,-0.0449087648,-0.1697870048,249.75648,249.756484,249.51536,249.51536,-0.008764,0.000000,0.12487824,-0.008764,-0.13364224,249.75648,249.756484,249.557008,249.565776,0.0361447648,-0.27339661952
NVDA,500,1790713459696781513,1790713469696781513,1790713470554956234,2.193,227.88,499.740844,0.900,0,-0.000466,0.0898665507,0.24987042,-0.0903325507,-0.3402029707,499.74084,499.740844,499.25838,499.25885,-0.019340,0.000000,0.24987042,-0.019340,-0.26921042,499.74084,499.740844,499.341714,499.361058,0.0709925507,-0.54884719616
NVDA,1000,1790713459696781513,1790713469696781513,1790713470554956234,4.387,227.88,999.709564,0.900,0,-0.030596,0.1797752754,0.49985478,-0.2103712754,-0.7102260554,999.70956,999.709564,998.73623,998.76683,-0.045668,0.000000,0.49985478,-0.045668,-0.54552278,999.70956,999.709564,998.911126,998.956798,0.1647032754,-1.10492579872
NVDA,100,1790713486628770069,1790713496628770069,1790713497451749675,0.438,227.85,99.81144,0.900,0,-0.00438,0.0179495028,0.04989915,-0.0223295028,-0.0722286528,99.79830,99.81144,99.71070,99.72822,0.001752,0.000000,0.04989915,0.001752,-0.04814715,99.79830,99.81144,99.734352,99.74574,0.0240815028,-0.10400157576
NVDA,250,1790713486628770069,1790713496628770069,1790713497451749675,1.096,227.85,249.75648,0.900,0,-0.01096,0.0449147376,0.1248618,-0.0558747376,-0.1807365376,249.72360,249.75648,249.50440,249.54824,0.004384,0.000000,0.1248618,0.004384,-0.1204778,249.72360,249.75648,249.563584,249.59208,0.0602587376,-0.26024138592
NVDA,500,1790713486628770069,1790713496628770069,1790713497451749675,2.193,227.85,499.74084,0.900,0,-0.02193,0.0898704558,0.249837525,-0.1118004558,-0.3616379808,499.67505,499.74084,499.23645,499.32417,-0.002931,0.000000,0.249837525,-0.002931,-0.252768525,499.67505,499.74084,499.354872,499.423593,0.1088694558,-0.5324264952
NVDA,1000,1790713486628770069,1790713496628770069,1790713497451749675,4.387,227.85,999.70956,0.900,0,-0.04387,0.1797818922,0.499788975,-0.2236518922,-0.7234408672,999.57795,999.70956,998.70055,998.87603,-0.074873,0.000000,0.499788975,-0.074873,-0.574661975,999.57795,999.70956,998.930858,999.137341,0.1487788922,-1.13412107072
NVDA,100,1790713491994620381,1790713501994620381,1790713502832060001,0.438,227.88,99.81582,0.900,0,-0.00876,0.0179506854,0.04990572,-0.0267106854,-0.0766164054,99.81144,99.81582,99.71946,99.7326,-0.001752,0.000000,0.04990572,-0.001752,-0.05165772,99.81144,99.81582,99.739608,99.74574,0.0249586854,-0.10751361744
NVDA,250,1790713491994620381,1790713501994620381,1790713502832060001,1.096,227.88,249.76744,0.900,0,-0.02192,0.0449176968,0.12487824,-0.0668376968,-0.1917159368,249.75648,249.76744,249.52632,249.5592,-0.004384,0.000000,0.12487824,-0.004384,-0.12926224,249.75648,249.76744,249.576736,249.59208,0.0624536968,-0.26902950848
NVDA,500,1790713491994620381,1790713501994620381,1790713502832060001,2.193,227.88,499.76277,0.900,0,-0.04386,0.0898763769,0.24987042,-0.1337363769,-0.3836067969,499.74084,499.76277,499.28031,499.3461,-0.013722,0.000000,0.24987042,-0.013722,-0.26359242,499.74084,499.76277,499.381188,499.416840,0.1200143769,-0.54325586784
NVDA,1000,1790713491994620381,1790713501994620381,1790713502832060001,4.387,227.88,999.73149,0.900,0,-0.10968,0.1797937371,0.49985478,-0.2894737371,-0.7893285171,999.70956,999.73149,998.78829,998.9199,-0.070330,0.000000,0.49985478,-0.070330,-0.57018478,999.70956,999.73149,998.988334,999.080594,0.2191437371,-1.12964407984
NVDA,100,1790713497451749675,1790713507451749675,1790713508116010105,0.438,227.88,99.81582,0.900,0,-0.00438,0.0179510796,0.04990572,-0.0223310796,-0.0722367996,99.81144,99.81582,99.72384,99.7326,0.003942,0.000000,0.04990572,0.003942,-0.04596372,99.81144,99.81582,99.745302,99.74574,0.0262730796,-0.10182121176
NVDA,250,1790713497451749675,1790713507451749675,1790713508116010105,1.096,227.88,249.76744,0.900,0,-0.01096,0.0449186832,0.12487824,-0.0558786832,-0.1807569232,249.75648,249.76744,249.53728,249.5592,0.009864,0.000000,0.12487824,0.009864,-0.11501424,249.75648,249.76744,249.590984,249.59208,0.0657426832,-0.25478549792
NVDA,500,1790713497451749675,1790713507451749675,1790713508116010105,2.193,227.88,499.76277,0.900,0,-0.02193,0.0898783506,0.24987042,-0.1118083506,-0.3616787706,499.74084,499.76277,499.30224,499.3461,0.009387,0.000000,0.24987042,0.009387,-0.24048342,499.74084,499.76277,499.409697,499.422240,0.1211953506,-0.52015636236
NVDA,1000,1790713497451749675,1790713507451749675,1790713508116010105,4.387,227.88,999.75343,0.900,0,-0.04387,0.1797976854,0.49985478,-0.2236676854,-0.7235224654,999.70956,999.75343,998.83216,998.9199,-0.022815,0.000000,0.49985478,-0.022815,-0.52266978,999.70956,999.75343,999.045637,999.112322,0.2008526854,-1.08215400852
NVDA,100,1790713502832060001,1790713512832060001,1790713513562552270,0.438,227.89,99.81582,0.900,0,-0.00438,0.0179514738,0.04990791,-0.0223314738,-0.0722393838,99.81582,99.81582,99.72822,99.7326,-0.000438,0.000000,0.04990791,-0.000438,-0.05034591,99.81582,99.81582,99.745302,99.74574,0.0218934738,-0.10620340176
NVDA,250,1790713502832060001,1790713512832060001,1790713513562552270,1.096,227.89,249.76744,0.900,0,-0.01096,0.0449196696,0.12488372,-0.0558796696,-0.1807633896,249.76744,249.76744,249.54824,249.5592,-0.001096,0.000000,0.12488372,-0.001096,-0.12597972,249.76744,249.76744,249.590984,249.59208,0.0547836696,-0.26575097792
NVDA,500,1790713502832060001,1790713512832060001,1790713513562552270,2.193,227.89,499.76277,0.900,0,-0.02193,0.0898803243,0.249881385,-0.1118103243,-0.3616917093,499.76277,499.76277,499.32417,499.3461,-0.012543,0.000000,0.249881385,-0.012543,-0.262424385,499.76277,499.76277,499.409697,499.422240,0.0992673243,-0.54209732736
NVDA,1000,1790713502832060001,1790713512832060001,1790713513562552270,4.387,227.89,999.75343,0.900,0,-0.04387,0.1798016337,0.499876715,-0.2236716337,-0.7235483487,999.75343,999.75343,998.87603,998.9199,-0.066813,0.000000,0.499876715,-0.066813,-0.566689715,999.75343,999.75343,999.045509,999.112322,0.1568586337,-1.12617390768
NVDA,100,1790713508116010105,1790713518116010105,1790713519021415463,0.438,227.89,99.8202,0.900,0,0.00000,0.0179514738,0.04990791,-0.0179514738,-0.0678593838,99.81582,99.8202,99.72822,99.7326,0.003942,0.000000,0.04990791,0.003942,-0.04596591,99.81582,99.8202,99.745302,99.74574,0.0218934738,-0.10182340176
NVDA,250,1790713508116010105,1790713518116010105,1790713519021415463,1.096,227.89,249.7784,0.900,0,0.00000,0.0449196696,0.12488372,-0.0449196696,-0.1698033896,249.76744,249.7784,249.54824,249.5592,0.009864,0.000000,0.12488372,0.009864,-0.11501972,249.76744,249.7784,249.590984,249.59208,0.0547836696,-0.25479097792
NVDA,500,1790713508116010105,1790713518116010105,1790713519021415463,2.193,227.89,499.7847,0.900,0,0.00000,0.0898803243,0.249881385,-0.0898803243,-0.3397617093,499.76277,499.7847,499.32417,499.3461,0.004437,0.000000,0.249881385,0.004437,-0.245444385,499.76277,499.7847,499.409697,499.427190,0.0943173243,-0.52511871336
NVDA,1000,1790713508116010105,1790713518116010105,1790713519021415463,4.387,227.89,999.7973,0.900,0,0.00000,0.1798016337,0.499876715,-0.1798016337,-0.6796783487,999.75343,999.7973,998.87603,998.9199,-0.050413,0.000000,0.499876715,-0.050413,-0.550289715,999.75343,999.7973,999.047123,999.141406,0.1293886337,-1.10978250312
NVDA,100,1790713513562552270,1790713523562552270,1790713524152565311,0.438,227.89,99.81582,0.900,0,-0.00438,0.0179514738,0.04990791,-0.0223314738,-0.0722393838,99.81582,99.81582,99.72822,99.7326,-0.000438,0.000000,0.04990791,-0.000438,-0.05034591,99.81582,99.81582,99.745302,99.74574,0.0218934738,-0.10620340176
NVDA,250,1790713513562552270,1790713523562552270,1790713524152565311,1.096,227.89,249.76744,0.900,0,-0.01096,0.0449196696,0.12488372,-0.0558796696,-0.1807633896,249.76744,249.76744,249.54824,249.5592,-0.001096,0.000000,0.12488372,-0.001096,-0.12597972,249.76744,249.76744,249.590984,249.59208,0.0547836696,-0.26575097792
NVDA,500,1790713513562552270,1790713523562552270,1790713524152565311,2.193,227.89,499.76277,0.900,0,-0.02193,0.0898803243,0.249881385,-0.1118103243,-0.3616917093,499.76277,499.76277,499.32417,499.3461,-0.013443,0.000000,0.249881385,-0.013443,-0.263324385,499.76277,499.76277,499.409697,499.423140,0.0983673243,-0.54299757936
NVDA,1000,1790713513562552270,1790713523562552270,1790713524152565311,4.387,227.89,999.75343,0.900,0,-0.04387,0.1798016337,0.499876715,-0.2236716337,-0.7235483487,999.75343,999.75343,998.87603,998.9199,-0.070487,0.000000,0.499876715,-0.070487,-0.570363715,999.75343,999.75343,999.047123,999.117610,0.1531846337,-1.12984984024
NVDA,100,1790713519021415463,1790713529021415463,1790713534854962518,0.438,227.9,99.81582,0.900,0,-0.00876,0.0179514738,0.0499101,-0.0267114738,-0.0766215738,99.8202,99.81582,99.72822,99.7326,-0.004818,0.000000,0.0499101,-0.004818,-0.0547281,99.8202,99.81582,99.745302,99.74574,0.0218934738,-0.11058559176
NVDA,250,1790713519021415463,1790713529021415463,1790713534854962518,1.096,227.9,249.76744,0.900,0,-0.02192,0.0449196696,0.1248892,-0.0668396696,-0.1917288696,249.7784,249.76744,249.54824,249.5592,-0.012056,0.000000,0.1248892,-0.012056,-0.1369452,249.7784,249.76744,249.590984,249.59208,0.0547836696,-0.27671645792
NVDA,500,1790713519021415463,1790713529021415463,1790713534854962518,2.193,227.9,499.76277,0.900,0,-0.04386,0.0898803243,0.24989235,-0.1337403243,-0.3836326743,499.7847,499.76277,499.32417,499.3461,-0.035373,0.000000,0.24989235,-0.035373,-0.28526535,499.7847,499.76277,499.409697,499.423140,0.0983673243,-0.56493854436
NVDA,1000,1790713519021415463,1790713529021415463,1790713534854962518,4.387,227.9,999.75343,0.900,0,-0.08774,0.1798016337,0.49989865,-0.2675416337,-0.7674402837,999.7973,999.75343,998.87603,998.9199,-0.114357,0.000000,0.49989865,-0.114357,-0.61425565,999.7973,999.75343,999.047123,999.117610,0.1531846337,-1.17374177524
NVDA,100,1790713540261011208,1790713550261011208,1790713551207260019,0.438,227.89,99.82458,0.900,0,-0.00438,0.0179522622,0.04990791,-0.0223322622,-0.0722401722,99.81582,99.82458,99.72822,99.74136,-0.011826,0.000000,0.04990791,-0.011826,-0.06173391,99.81582,99.82458,99.745302,99.765888,0.0105062622,-0.1175970432
NVDA,250,1790713540261011208,1790713550261011208,1790713551207260019,1.096,227.89,249.78936,0.900,0,-0.01096,0.0449216424,0.12488372,-0.0558816424,-0.1807653624,249.76744,249.78936,249.54824,249.58112,-0.029592,0.000000,0.12488372,-0.029592,-0.15447572,249.76744,249.78936,249.590984,249.642496,0.0262896424,-0.2942610944
NVDA,500,1790713540261011208,1790713550261011208,1790713551207260019,2.193,227.89,499.80663,0.900,0,-0.02193,0.0898842717,0.249881385,-0.1118142717,-0.3616956567,499.76277,499.80663,499.32417,499.38996,-0.061011,0.000000,0.249881385,-0.061011,-0.310892385,499.76277,499.80663,499.409697,499.514568,0.0508032717,-0.5905911792
NVDA,1000,1790713540261011208,1790713550261011208,1790713551207260019,4.387,227.89,999.84117,0.900,0,-0.04387,0.1798095303,0.499876715,-0.2236795303,-0.7235562453,999.75343,999.84117,998.87603,999.00764,-0.129025,0.000000,0.499876715,-0.129025,-0.628901715,999.75343,999.84117,999.047123,999.263888,0.0946545303,-1.18842879808
NVDA,100,1790713551207260019,1790713561207260019,1790713562061390442,0.438,227.91,99.82458,0.900,0,-0.01752,0.0179542332,0.04991229,-0.0354742332,-0.0853865232,99.82458,99.82458,99.73698,99.75450,-0.015768,0.000000,0.04991229,-0.015768,-0.06568029,99.82458,99.82458,99.762384,99.778152,0.0197062332,-0.12155164008
NVDA,250,1790713551207260019,1790713561207260019,1790713562061390442,1.096,227.91,249.78936,0.900,0,-0.04384,0.0449265744,0.12489468,-0.0887665744,-0.2136612544,249.78936,249.78936,249.57016,249.61400,-0.039456,0.000000,0.12489468,-0.039456,-0.16435068,249.78936,249.78936,249.633728,249.673184,0.0493105744,-0.30415661536
NVDA,500,1790713551207260019,1790713561207260019,1790713562061390442,2.193,227.91,499.80663,0.900,0,-0.08772,0.0898941402,0.249903315,-0.1776141402,-0.4275174552,499.80663,499.80663,499.36803,499.45575,-0.078948,0.000000,0.249903315,-0.078948,-0.328851315,499.80663,499.80663,499.495224,499.574172,0.0986661402,-0.60859074588
NVDA,1000,1790713551207260019,1790713561207260019,1790713562061390442,4.387,227.91,999.84117,0.900,0,-0.17548,0.1798292718,0.499920585,-0.3553092718,-0.8552298568,999.84117,999.84117,998.96377,999.13925,-0.170434,0.000000,0.499920585,-0.170434,-0.670354585,999.84117,999.84117,999.205714,999.376148,0.1848752718,-1.22995750636
NVDA,100,1790713556495122018,1790713566495122018,1790713567417219195,0.438,227.91,99.84648,0.900,0,0.00000,0.0179546274,0.04991229,-0.0179546274,-0.0678669174,99.82458,99.84648,99.73698,99.75888,0.000438,0.000000,0.04991229,0.000438,-0.04947429,99.82458,99.84648,99.761946,99.783408,0.0183926274,-0.10534698912
NVDA,250,1790713556495122018,1790713566495122018,1790713567417219195,1.096,227.91,249.84416,0.900,0,0.00000,0.0449275608,0.12489468,-0.0449275608,-0.1698222408,249.78936,249.84416,249.57016,249.62496,0.001096,0.000000,0.12489468,0.001096,-0.12379868,249.78936,249.84416,249.632632,249.686336,0.0460235608,-0.26360799104
NVDA,500,1790713556495122018,1790713566495122018,1790713567417219195,2.193,227.91,499.91628,0.900,0,0.00000,0.0898961139,0.249903315,-0.0898961139,-0.3397994289,499.80663,499.91628,499.36803,499.47768,0.002193,0.000000,0.249903315,0.002193,-0.247710315,499.80663,499.91628,499.493031,499.600488,0.0920891139,-0.52745650032
NVDA,1000,1790713556495122018,1790713566495122018,1790713567417219195,4.387,227.91,1000.06052,0.900,0,0.00000,0.1798332201,0.499920585,-0.1798332201,-0.6797538051,999.84117,1000.06052,998.96377,999.18312,0.004387,0.000000,0.499920585,0.004387,-0.495533585,999.84117,1000.06052,999.213829,999.428792,0.1842202201,-1.05515351888
NVDA,100,1790713562061390442,1790713572061390442,1790713572869358119,0.438,227.91,99.83772,0.900,0,-0.00876,0.0179546274,0.04991229,-0.0267146274,-0.0766269174,99.82458,99.83772,99.73698,99.75888,-0.014454,0.000000,0.04991229,-0.014454,-0.06436629,99.82458,99.83772,99.755376,99.782970,0.0122606274,-0.12023702688
NVDA,250,1790713562061390442,1790713572061390442,1790713572869358119,1.096,227.91,249.82224,0.900,0,-0.02192,0.0449275608,0.12489468,-0.0668475608,-0.1917422408,249.78936,249.82224,249.57016,249.62496,-0.036168,0.000000,0.12489468,-0.036168,-0.16106268,249.78936,249.82224,249.616192,249.685240,0.0306795608,-0.30086708096
NVDA,500,1790713562061390442,1790713572061390442,1790713572869358119,2.193,227.91,499.87242,0.900,0,-0.04386,0.0898961139,0.249903315,-0.1337561139,-0.3836594289,499.80663,499.87242,499.36803,499.47768,-0.072369,0.000000,0.249903315,-0.072369,-0.322272315,499.80663,499.87242,499.460136,499.598295,0.0613871139,-0.60200867568
NVDA,1000,1790713562061390442,1790713572061390442,1790713572869358119,4.387,227.91,999.97278,0.900,0,-0.08774,0.1798332201,0.499920585,-0.2675732201,-0.7674938051,999.84117,999.97278,998.96377,999.18312,-0.146154,0.000000,0.499920585,-0.146154,-0.646074585,999.84117,999.97278,999.146641,999.424405,0.1214192201,-1.20567447788
NVDA,100,1790713567417219195,1790713577417219195,1790713578335298790,0.438,227.96,99.83772,0.900,0,-0.01314,0.0179562042,0.04992324,-0.0310962042,-0.0810194442,99.84648,99.83772,99.75450,99.75888,-0.023214,0.000000,0.04992324,-0.023214,-0.07313724,99.84648,99.83772,99.768516,99.782970,0.0078822042,-0.12901165608
NVDA,250,1790713567417219195,1790713577417219195,1790713578335298790,1.096,227.96,249.82224,0.900,0,-0.03288,0.0449315064,0.12492208,-0.0778115064,-0.2027335864,249.84416,249.82224,249.61400,249.62496,-0.058088,0.000000,0.12492208,-0.058088,-0.18301008,249.84416,249.82224,249.649072,249.685240,0.0197235064,-0.32282368736
NVDA,500,1790713567417219195,1790713577417219195,1790713578335298790,2.192,227.96,499.64448,0.900,0,-0.06576,0.0898630128,0.24984416,-0.1556230128,-0.4054671728,499.68832,499.64448,499.22800,499.24992,-0.116625,0.000000,0.24984416,-0.116625,-0.36646916,499.68832,499.64448,499.298144,499.370929,0.0389980128,-0.64609650044
NVDA,1000,1790713567417219195,1790713577417219195,1790713578335298790,4.385,227.96,999.51690,0.900,0,-0.13155,0.1797670215,0.4998023,-0.3113170215,-0.8111193215,999.60460,999.51690,998.68375,998.72760,-0.240024,0.000000,0.4998023,-0.240024,-0.7398263,999.60460,999.51690,998.819093,998.971417,0.0712930215,-1.2992076428
NVDA,100,1790713572869358119,1790713582869358119,1790713583740823495,0.438,227.94,99.84210,0.900,0,0.00000,0.0179562042,0.04991886,-0.0179562042,-0.0678750642,99.83772,99.84210,99.75450,99.75888,-0.010074,0.000000,0.04991886,-0.010074,-0.05999286,99.83772,99.84210,99.772458,99.786912,0.0078822042,-0.1158694836
NVDA,250,1790713572869358119,1790713582869358119,1790713583740823495,1.096,227.94,249.83320,0.900,0,0.00000,0.0449315064,0.12491112,-0.0449315064,-0.1698426264,249.82224,249.83320,249.61400,249.62496,-0.025208,0.000000,0.12491112,-0.025208,-0.15011912,249.82224,249.83320,249.658936,249.695104,0.0197235064,-0.2899382512
NVDA,500,1790713572869358119,1790713582869358119,1790713583740823495,2.192,227.94,499.66640,0.900,0,0.00000,0.0898630128,0.24982224,-0.0898630128,-0.3396852528,499.64448,499.66640,499.22800,499.24992,-0.050879,0.000000,0.24982224,-0.050879,-0.30070124,499.64448,499.66640,499.317872,499.390671,0.0389840128,-0.58033963204
NVDA,1000,1790713572869358119,1790713582869358119,1790713583740823495,4.385,227.94,999.56075,0.900,0,0.00000,0.1797670215,0.49975845,-0.1797670215,-0.6795254715,999.51690,999.56075,998.68375,998.72760,-0.104750,0.000000,0.49975845,-0.104750,-0.60450845,999.51690,999.56075,998.862296,999.010896,0.0750170215,-1.16391294376
NVDA,100,1790713578335298790,1790713588335298790,1790713589148642185,0.438,227.94,99.84210,0.900,0,0.00000,0.0179562042,0.04991886,-0.0179562042,-0.0678750642,99.83772,99.84210,99.75450,99.75888,-0.004380,0.000000,0.04991886,-0.004380,-0.05429886,99.83772,99.84210,99.775962,99.784722,0.0135762042,-0.11017585152
NVDA,250,1790713578335298790,1790713588335298790,1790713589148642185,1.096,227.94,249.83320,0.900,0,0.00000,0.0449315064,0.12491112,-0.0449315064,-0.1698426264,249.82224,249.83320,249.61400,249.62496,-0.010960,0.000000,0.12491112,-0.010960,-0.13587112,249.82224,249.83320,249.667704,249.689624,0.0339715064,-0.27569117184
NVDA,500,1790713578335298790,1790713588335298790,1790713589148642185,2.192,227.94,499.66640,0.900,0,0.00000,0.0898630128,0.24982224,-0.0898630128,-0.3396852528,499.64448,499.66640,499.22800,499.24992,-0.022369,0.000000,0.24982224,-0.022369,-0.27219124,499.64448,499.66640,499.335408,499.379697,0.0674940128,-0.5518314694
NVDA,1000,1790713578335298790,1790713588335298790,1790713589148642185,4.385,227.94,999.553675,0.900,0,-0.007075,0.1797670215,0.49975845,-0.1868420215,-0.6866004715,999.51690,999.553675,998.68375,998.72760,-0.054852,0.000000,0.49975845,-0.054852,-0.55461045,999.51690,999.553675,998.897330,998.988957,0.1319900215,-1.11401861036
NVDA,100,1790713583740823495,1790713593740823495,1790713594176354857,0.438,227.95,99.84210,0.900,0,-0.00438,0.0179562042,0.04992105,-0.0223362042,-0.0722572542,99.84210,99.84210,99.75450,99.75888,-0.004818,0.000000,0.04992105,-0.004818,-0.05473905,99.84210,99.84210,99.779904,99.784722,0.0175182042,-0.11061714528
NVDA,250,1790713583740823495,1790713593740823495,1790713594176354857,1.096,227.95,249.83320,0.900,0,-0.01096,0.0449315064,0.1249166,-0.0558915064,-0.1808081064,249.83320,249.83320,249.61400,249.62496,-0.012056,0.000000,0.1249166,-0.012056,-0.1369726,249.83320,249.83320,249.677568,249.689624,0.0438355064,-0.27679541376
NVDA,500,1790713583740823495,1790713593740823495,1790713594176354857,2.192,227.95,499.66640,0.900,0,-0.02192,0.0898630128,0.2498332,-0.1117830128,-0.3616162128,499.66640,499.66640,499.22800,499.24992,-0.024561,0.000000,0.2498332,-0.024561,-0.2743942,499.66640,499.66640,499.355136,499.379697,0.0872220128,-0.55403995324
NVDA,1000,1790713583740823495,1790713593740823495,1790713594176354857,4.385,227.95,999.553675,0.900,0,-0.050925,0.1797670215,0.499780375,-0.2306920215,-0.7304723965,999.56075,999.553675,998.68375,998.72760,-0.057952,0.000000,0.499780375,-0.057952,-0.557732375,999.56075,999.553675,998.938080,998.988957,0.1727400215,-1.11715194536
NVDA,100,1790713589148642185,1790713599148642185,1790713599190937421,0.438,227.95,99.85524,0.900,0,0.00876,0.0179562042,0.04992105,-0.0091962042,-0.0591172542,99.84210,99.85524,99.75450,99.75888,0.008322,0.000000,0.04992105,0.008322,-0.04159905,99.84210,99.85524,99.779904,99.784722,0.0175182042,-0.09747714528
NVDA,250,1790713589148642185,1790713599148642185,1790713599190937421,1.096,227.95,249.843132,0.900,0,-0.001028,0.0449315064,0.1249166,-0.0459595064,-0.1708761064,249.83320,249.843132,249.61400,249.62496,-0.002124,0.000000,0.1249166,-0.002124,-0.1270406,249.83320,249.843132,249.677568,249.689624,0.0438355064,-0.26686341376
NVDA,500,1790713589148642185,1790713599148642185,1790713599190937421,2.192,227.95,499.665372,0.900,0,-0.022948,0.0898630128,0.2498332,-0.1128110128,-0.3626442128,499.66640,499.665372,499.22800,499.24992,-0.025589,0.000000,0.2498332,-0.025589,-0.2754222,499.66640,499.665372,499.355136,499.379697,0.0872220128,-0.55506795324
NVDA,1000,1790713589148642185,1790713599148642185,1790713599190937421,4.385,227.95,999.537792,0.900,0,-0.066808,0.1797670215,0.499780375,-0.2465750215,-0.7463553965,999.56075,999.537792,998.68375,998.72760,-0.073835,0.000000,0.499780375,-0.073835,-0.573615375,999.56075,999.537792,998.938080,998.988957,0.1727400215,-1.13303494536
NVDA,100,1790713594176354857,1790713604176354857,1790713604502943554,0.438,227.95,99.83772,0.900,0,-0.00876,0.0179562042,0.04992105,-0.0267162042,-0.0766372542,99.84210,99.83772,99.75450,99.75888,-0.009198,0.000000,0.04992105,-0.009198,-0.05911905,99.84210,99.83772,99.779904,99.784722,0.0175182042,-0.11499714528
NVDA,250,1790713594176354857,1790713604176354857,1790713604502943554,1.096,227.95,249.82224,0.900,0,-0.02192,0.0449315064,0.1249166,-0.0668515064,-0.1917681064,249.83320,249.82224,249.61400,249.62496,-0.023016,0.000000,0.1249166,-0.023016,-0.1479326,249.83320,249.82224,249.677568,249.689624,0.0438355064,-0.28775541376
NVDA,500,1790713594176354857,1790713604176354857,1790713604502943554,2.192,227.95,499.64448,0.900,0,-0.04384,0.0898630128,0.2498332,-0.1337030128,-0.3835362128,499.66640,499.64448,499.22800,499.24992,-0.050522,0.000000,0.2498332,-0.050522,-0.3003552,499.66640,499.64448,499.355136,499.383738,0.0831810128,-0.58000208472
NVDA,1000,1790713594176354857,1790713604176354857,1790713604502943554,4.385,227.95,999.51690,0.900,0,-0.08770,0.1797670215,0.499780375,-0.2674670215,-0.7672473965,999.56075,999.51690,998.68375,998.72760,-0.118505,0.000000,0.499780375,-0.118505,-0.618285375,999.56075,999.51690,998.938080,999.012735,0.1489620215,-1.1777116032
NVDA,100,1790713599190937421,1790713609190937421,1790713609562818523,0.438,227.98,99.83772,0.900,0,-0.02190,0.0179562042,0.04992762,-0.0398562042,-0.0897838242,99.85524,99.83772,99.75450,99.75888,-0.029784,0.000000,0.04992762,-0.029784,-0.07971162,99.85524,99.83772,99.772458,99.784722,0.0100722042,-0.1355876304
NVDA,250,1790713599190937421,1790713609190937421,1790713609562818523,1.096,227.98,249.82224,0.900,0,-0.05480,0.0449315064,0.12493304,-0.0997315064,-0.2246645464,249.86608,249.82224,249.61400,249.62496,-0.074528,0.000000,0.12493304,-0.074528,-0.19946104,249.86608,249.82224,249.658936,249.689624,0.0252035064,-0.3392786368
NVDA,500,1790713599190937421,1790713609190937421,1790713609562818523,2.192,227.98,499.64448,0.900,0,-0.10960,0.0898630128,0.24986608,-0.1994630128,-0.4493290928,499.73216,499.64448,499.22800,499.24992,-0.153546,0.000000,0.24986608,-0.153546,-0.40341208,499.73216,499.64448,499.317872,499.383738,0.0459170128,-0.6830485308
NVDA,1000,1790713599190937421,1790713609190937421,1790713609562818523,4.385,227.98,999.51690,0.900,0,-0.21925,0.1797670215,0.49984615,-0.3990170215,-0.8988631715,999.69230,999.51690,998.68375,998.72760,-0.324600,0.000000,0.49984615,-0.324600,-0.82444615,999.69230,999.51690,998.863535,999.012735,0.0744170215,-1.3838515056
NVDA,100,1790713604502943554,1790713614502943554,1790713614960523481,0.438,227.94,99.83772,0.900,0,-0.00438,0.0179562042,0.04991886,-0.0223362042,-0.0722550642,99.83772,99.83772,99.75450,99.75888,-0.011983,0.000000,0.04991886,-0.011983,-0.06190186,99.83772,99.83772,99.772739,99.784722,0.0103532042,-0.11777794908
NVDA,250,1790713604502943554,1790713614502943554,1790713614960523481,1.096,227.94,249.82224,0.900,0,-0.01096,0.0449315064,0.12491112,-0.0558915064,-0.1808026264,249.82224,249.82224,249.61400,249.62496,-0.030407,0.000000,0.12491112,-0.030407,-0.15531812,249.82224,249.82224,249.659217,249.689624,0.0254845064,-0.29513579548
NVDA,500,1790713604502943554,1790713614502943554,1790713614960523481,2.192,227.94,499.64448,0.900,0,-0.02192,0.0898630128,0.24982224,-0.1117830128,-0.3616052528,499.64448,499.64448,499.22800,499.24992,-0.069177,0.000000,0.24982224,-0.069177,-0.31899924,499.64448,499.64448,499.318153,499.387330,0.0426060128,-0.59863677524
NVDA,1000,1790713604502943554,1790713614502943554,1790713614960523481,4.385,227.94,999.51690,0.900,0,-0.04385,0.1797670215,0.49975845,-0.2236170215,-0.7233754715,999.51690,999.51690,998.68375,998.72760,-0.170055,0.000000,0.49975845,-0.170055,-0.66981345,999.51690,999.51690,998.863816,999.033871,0.0535620215,-1.22922480236
NVDA,100,1790713609562818523,1790713619562818523,1790713620392249331,0.438,227.94,99.84210,0.900,0,0.00000,0.0179562042,0.04991886,-0.0179562042,-0.0678750642,99.83772,99.84210,99.75450,99.75888,0.000562,0.000000,0.04991886,0.000562,-0.04935686,99.83772,99.84210,99.780904,99.784722,0.0185182042,-0.10523523528
NVDA,250,1790713609562818523,1790713619562818523,1790713620392249331,1.096,227.94,249.83320,0.900,0,0.00000,0.0449315064,0.12491112,-0.0449315064,-0.1698426264,249.82224,249.83320,249.61400,249.62496,0.000562,0.000000,0.12491112,0.000562,-0.12434912,249.82224,249.83320,249.679226,249.689624,0.0454935064,-0.264172398
NVDA,500,1790713609562818523,1790713619562818523,1790713620392249331,2.193,227.94,499.89435,0.900,0,0.00000,0.0899040087,0.24993621,-0.0899040087,-0.3398402187,499.87242,499.89435,499.45575,499.47768,-0.007538,0.000000,0.24993621,-0.007538,-0.25747421,499.87242,499.89435,499.585699,499.615167,0.0823660087,-0.53725045248
NVDA,1000,1790713609562818523,1790713619562818523,1790713620392249331,4.386,227.94,999.78870,0.900,0,0.00000,0.1798080174,0.49987242,-0.1798080174,-0.6796804374,999.74484,999.78870,998.91150,998.95536,-0.047012,0.000000,0.49987242,-0.047012,-0.54688442,999.74484,999.78870,999.170836,999.261708,0.1327960174,-1.10644553232
NVDA,100,1790713620392249331,1790713630392249331,1790713631440587861,0.438,227.95,99.84210,0.900,0,-0.00438,0.0179562042,0.04992105,-0.0223362042,-0.0722572542,99.84210,99.84210,99.75450,99.75888,-0.003066,0.000000,0.04992105,-0.003066,-0.05298705,99.84210,99.84210,99.781656,99.784722,0.0192702042,-0.10886563584
NVDA,250,1790713620392249331,1790713630392249331,1790713631440587861,1.096,227.95,249.83320,0.900,0,-0.01096,0.0449315064,0.1249166,-0.0558915064,-0.1808081064,249.83320,249.83320,249.61400,249.62496,-0.007672,0.000000,0.1249166,-0.007672,-0.1325886,249.83320,249.83320,249.681952,249.689624,0.0482195064,-0.27241264128
NVDA,500,1790713620392249331,1790713630392249331,1790713631440587861,2.193,227.95,499.89435,0.900,0,-0.02193,0.0899040087,0.249947175,-0.1118340087,-0.3617811837,499.89435,499.89435,499.45575,499.47768,-0.023451,0.000000,0.249947175,-0.023451,-0.273398175,499.89435,499.89435,499.591716,499.615167,0.0883830087,-0.55317610224
NVDA,1000,1790713620392249331,1790713630392249331,1790713631440587861,4.386,227.95,999.78870,0.900,0,-0.04386,0.1798080174,0.49989435,-0.2236680174,-0.7235623674,999.78870,999.78870,998.91150,998.95536,-0.078276,0.000000,0.49989435,-0.078276,-0.57817035,999.78870,999.78870,999.183432,999.261708,0.1453920174,-1.1377349892
NVDA,100,1790713631440587861,1790713641440587861,1790713642068916020,0.438,227.95,99.83772,0.900,0,-0.00876,0.0179562042,0.04992105,-0.0267162042,-0.0766372542,99.84210,99.83772,99.75450,99.75888,-0.004818,0.000000,0.04992105,-0.004818,-0.05473905,99.84210,99.83772,99.784284,99.784722,0.0218982042,-0.11061837168
NVDA,250,1790713631440587861,1790713641440587861,1790713642068916020,1.096,227.95,249.82224,0.900,0,-0.02192,0.0449315064,0.1249166,-0.0668515064,-0.1917681064,249.83320,249.82224,249.61400,249.62496,-0.012056,0.000000,0.1249166,-0.012056,-0.1369726,249.83320,249.82224,249.688528,249.689624,0.0547955064,-0.27679848256
NVDA,500,1790713631440587861,1790713641440587861,1790713642068916020,2.193,227.95,499.87242,0.900,0,-0.04386,0.0899040087,0.249947175,-0.1337640087,-0.3837111837,499.89435,499.87242,499.45575,499.47768,-0.031773,0.000000,0.249947175,-0.031773,-0.281720175,499.89435,499.87242,499.604874,499.614717,0.1019910087,-0.56150166048
NVDA,1000,1790713631440587861,1790713641440587861,1790713642068916020,4.386,227.95,999.74484,0.900,0,-0.08772,0.1798080174,0.49989435,-0.2675280174,-0.7674223674,999.78870,999.74484,998.91150,998.95536,-0.102638,0.000000,0.49989435,-0.102638,-0.60253235,999.78870,999.74484,999.200287,999.259065,0.1648900174,-1.16210096856
NVDA,100,1790713636836719800,1790713646836719800,1790713647468889874,0.438,227.94,99.83772,0.900,0,-0.00438,0.0179562042,0.04991886,-0.0223362042,-0.0722550642,99.83772,99.83772,99.75450,99.75888,-0.003066,0.000000,0.04991886,-0.003066,-0.05298486,99.83772,99.83772,99.781656,99.784722,0.0192702042,-0.10886344584
NVDA,250,1790713636836719800,1790713646836719800,1790713647468889874,1.096,227.94,249.82224,0.900,0,-0.01096,0.0449315064,0.12491112,-0.0558915064,-0.1808026264,249.82224,249.82224,249.61400,249.62496,-0.007672,0.000000,0.12491112,-0.007672,-0.13258312,249.82224,249.82224,249.681952,249.689624,0.0482195064,-0.27240716128
NVDA,500,1790713636836719800,1790713646836719800,1790713647468889874,2.193,227.94,499.87242,0.900,0,-0.02193,0.0899040087,0.24993621,-0.1118340087,-0.3617702187,499.87242,499.87242,499.45575,499.47768,-0.023451,0.000000,0.24993621,-0.023451,-0.27338721,499.87242,499.87242,499.591716,499.615167,0.0883830087,-0.55316513724
NVDA,1000,1790713636836719800,1790713646836719800,1790713647468889874,4.386,227.94,999.74484,0.900,0,-0.04386,0.1798080174,0.49987242,-0.2236680174,-0.7235404374,999.74484,999.74484,998.91150,998.95536,-0.078276,0.000000,0.49987242,-0.078276,-0.57814842,999.74484,999.74484,999.183432,999.261708,0.1453920174,-1.1377130592
NVDA,100,1790713647468889874,1790713657468889874,1790713658178056952,0.438,227.94,99.83772,0.900,0,0.00000,0.01795581,0.04991886,-0.01795581,-0.06787467,99.83772,99.83772,99.75450,99.75450,-0.001314,0.000000,0.04991886,-0.001314,-0.05123286,99.83772,99.83772,99.781656,99.782970,0.01664181,-0.10711095528
NVDA,250,1790713647468889874,1790713657468889874,1790713658178056952,1.096,227.94,249.82224,0.900,0,0.00000,0.04493052,0.12491112,-0.04493052,-0.16984164,249.82224,249.82224,249.61400,249.61400,-0.003288,0.000000,0.12491112,-0.003288,-0.12819912,249.82224,249.82224,249.681952,249.685240,0.04164252,-0.26802193376
NVDA,500,1790713647468889874,1790713657468889874,1790713658178056952,2.193,227.94,499.87242,0.900,0,0.00000,0.089902035,0.24993621,-0.089902035,-0.339838245,499.87242,499.87242,499.45575,499.45575,-0.007021,0.000000,0.24993621,-0.007021,-0.25695721,499.87242,499.87242,499.591716,499.598737,0.082881035,-0.53673053684
NVDA,1000,1790713647468889874,1790713657468889874,1790713658178056952,4.386,227.94,999.74484,0.900,0,0.00000,0.17980407,0.49987242,-0.17980407,-0.67967649,999.74484,999.74484,998.91150,998.91150,-0.015793,0.000000,0.49987242,-0.015793,-0.51566542,999.74484,999.74484,999.183432,999.199225,0.16401107,-1.07521256396
NVDA,100,1790713652794097767,1790713662794097767,1790713663592542272,0.438,227.94,99.8202,0.900,0,-0.01752,0.0179550216,0.04991886,-0.0354750216,-0.0853938816,99.83772,99.8202,99.75012,99.75012,-0.017958,0.000000,0.04991886,-0.017958,-0.06787686,99.83772,99.8202,99.781656,99.782094,0.0175170216,-0.12375471
NVDA,250,1790713652794097767,1790713662794097767,1790713663592542272,1.096,227.94,249.7784,0.900,0,-0.04384,0.0449285472,0.12491112,-0.0887685472,-0.2136796672,249.82224,249.7784,249.60304,249.60304,-0.044936,0.000000,0.12491112,-0.044936,-0.16984712,249.82224,249.7784,249.681952,249.683048,0.0438325472,-0.30966932
NVDA,500,1790713652794097767,1790713662794097767,1790713663592542272,2.193,227.94,499.7847,0.900,0,-0.08772,0.0898980876,0.24993621,-0.1776180876,-0.4275542976,499.87242,499.7847,499.43382,499.43382,-0.090355,0.000000,0.24993621,-0.090355,-0.34029121,499.87242,499.7847,499.591716,499.594351,0.0872630876,-0.62006330876
NVDA,1000,1790713652794097767,1790713662794097767,1790713663592542272,4.386,227.94,999.56063,0.900,0,-0.18421,0.1797961752,0.49987242,-0.3640061752,-0.8638785952,999.74484,999.56063,998.86764,998.86764,-0.192672,0.000000,0.49987242,-0.192672,-0.69254442,999.74484,999.56063,999.183432,999.191894,0.1713341752,-1.25208951128
NVDA,100,1790713658178056952,1790713668178056952,1790713668964239373,0.438,227.94,99.8202,0.900,0,-0.00876,0.0179542332,0.04991886,-0.0267142332,-0.0766330932,99.83772,99.8202,99.75012,99.74136,-0.002190,0.000000,0.04991886,-0.002190,-0.05210886,99.83772,99.8202,99.781656,99.766326,0.0245242332,-0.10798229496
NVDA,250,1790713658178056952,1790713668178056952,1790713668964239373,1.096,227.94,249.7784,0.900,0,-0.02192,0.0449265744,0.12491112,-0.0668465744,-0.1917576944,249.82224,249.7784,249.60304,249.58112,-0.005480,0.000000,0.12491112,-0.005480,-0.13039112,249.82224,249.7784,249.681952,249.643592,0.0613665744,-0.27020227232
NVDA,500,1790713658178056952,1790713668178056952,1790713668964239373,2.193,227.94,499.776299,0.900,0,-0.052261,0.0898941402,0.24993621,-0.1421551402,-0.3920913502,499.87242,499.776299,499.43382,499.38996,-0.019366,0.000000,0.24993621,-0.019366,-0.26930221,499.87242,499.776299,499.591716,499.514961,0.1227891402,-0.54905207956
NVDA,1000,1790713658178056952,1790713668178056952,1790713668964239373,4.386,227.94,999.539069,0.900,0,-0.118051,0.1797882804,0.49987242,-0.2978392804,-0.7977117004,999.74484,999.539069,998.86764,998.77992,-0.052261,0.000000,0.49987242,-0.052261,-0.55213342,999.74484,999.539069,999.183432,999.029922,0.2455782804,-1.11163315912
NVDA,100,1790713663592542272,1790713673592542272,1790713674277516203,0.438,227.9,99.820228,0.900,0,0.004408,0.017953839,0.0499101,-0.013545839,-0.063455939,99.8202,99.820228,99.74574,99.74136,-0.006104,0.000000,0.0499101,-0.006104,-0.0560141,99.8202,99.820228,99.754938,99.761070,0.007441839,-0.11187858224
NVDA,250,1790713663592542272,1790713673592542272,1790713674277516203,1.096,227.9,249.778428,0.900,0,0.010988,0.044925588,0.1248892,-0.033937588,-0.158826788,249.7784,249.778428,249.59208,249.58112,-0.015316,0.000000,0.1248892,-0.015316,-0.1402052,249.7784,249.778428,249.615096,249.630440,0.018621588,-0.27999395008
NVDA,500,1790713663592542272,1790713673592542272,1790713674277516203,2.193,227.9,499.784728,0.900,0,0.021958,0.0898921665,0.24989235,-0.0679341665,-0.3178265165,499.7847,499.784728,499.41189,499.38996,-0.030674,0.000000,0.24989235,-0.030674,-0.28056635,499.7847,499.784728,499.457943,499.488645,0.0372601665,-0.56027139464
NVDA,1000,1790713663592542272,1790713673592542272,1790713674277516203,4.386,227.9,999.559623,0.900,0,0.034083,0.179784333,0.4997847,-0.145701333,-0.645486033,999.5694,999.559623,998.82378,998.77992,-0.074217,0.000000,0.4997847,-0.074217,-0.5740017,999.5694,999.559623,998.912850,998.977290,0.071484333,-1.1334109392
NVDA,100,1790713668964239373,1790713678964239373,1790713679670084487,0.438,227.9,99.82896,0.900,0,0.00438,0.0179530506,0.0499101,-0.0135730506,-0.0634831506,99.8202,99.82896,99.73698,99.74136,0.009636,0.000000,0.0499101,0.009636,-0.0402741,99.8202,99.82896,99.761946,99.761070,0.0232090506,-0.09614054448
NVDA,250,1790713668964239373,1790713678964239373,1790713679670084487,1.096,227.9,249.80032,0.900,0,0.00909,0.0449237835,0.1248892,-0.0358337835,-0.1607229835,249.7784,249.80032,249.57016,249.58299,0.024112,0.000000,0.1248892,0.024112,-0.1007772,249.7784,249.80032,249.632632,249.630440,0.0599457835,-0.24057086016
NVDA,500,1790713668964239373,1790713678964239373,1790713679670084487,2.193,227.9,499.811614,0.900,0,-0.007856,0.0898893747,0.24989235,-0.0977453747,-0.3476377247,499.7847,499.811614,499.36803,499.40280,0.026840,0.000000,0.24989235,0.026840,-0.22305235,499.7847,499.811614,499.493031,499.493105,0.1245853747,-0.50276846808
NVDA,1000,1790713668964239373,1790713678964239373,1790713679670084487,4.386,227.9,999.596314,0.900,0,-0.051716,0.1797795675,0.4997847,-0.2314955675,-0.7312802675,999.5694,999.596314,998.73606,998.81469,0.009296,0.000000,0.4997847,0.009296,-0.4904887,999.5694,999.596314,998.986062,999.003680,0.2407915675,-1.04992582776
NVDA,100,1790713674277516203,1790713684277516203,1790713685145386243,0.438,227.91,99.83334,0.900,0,0.00009,0.0179534367,0.04991229,-0.0178634367,-0.0677757267,99.82458,99.83334,99.73698,99.74565,0.008322,0.000000,0.04991229,0.008322,-0.04159029,99.82458,99.83334,99.760632,99.761070,0.0261854367,-0.09745636656
NVDA,250,1790713674277516203,1790713684277516203,1790713685145386243,1.096,227.91,249.81128,0.900,0,0.00009,0.0449245935,0.12489468,-0.0448345935,-0.1697292735,249.78936,249.81128,249.57016,249.59199,0.020824,0.000000,0.12489468,0.020824,-0.10407068,249.78936,249.81128,249.629344,249.630440,0.0656585935,-0.24386341952
NVDA,500,1790713674277516203,1790713684277516203,1790713685145386243,2.193,227.91,499.85049,0.900,0,0.00009,0.0898901847,0.249903315,-0.0898001847,-0.3397034997,499.80663,499.85049,499.36803,499.41180,0.036761,0.000000,0.249903315,0.036761,-0.213142315,499.80663,499.85049,499.486452,499.493551,0.1265611847,-0.49285671584
NVDA,1000,1790713674277516203,1790713684277516203,1790713685145386243,4.386,227.91,999.625713,0.900,0,-0.075177,0.1797803775,0.49980663,-0.2549573775,-0.7547640075,999.61326,999.625713,998.73606,998.82369,-0.024524,0.000000,0.49980663,-0.024524,-0.52433063,999.61326,999.625713,998.969342,999.006319,0.2304333775,-1.08376381508
NVDA,100,1790713679670084487,1790713689670084487,1790713690505668608,0.438,227.92,99.83334,0.900,0,-0.00429,0.0179534367,0.04991448,-0.0222434367,-0.0721579167,99.82896,99.83334,99.73698,99.74565,0.003942,0.000000,0.04991448,0.003942,-0.04597248,99.82896,99.83334,99.760632,99.761070,0.0261854367,-0.10183855656
NVDA,250,1790713679670084487,1790713689670084487,1790713690505668608,1.096,227.92,249.81128,0.900,0,-0.01087,0.0449245935,0.12490016,-0.0557945935,-0.1806947535,249.80032,249.81128,249.57016,249.59199,0.009864,0.000000,0.12490016,0.009864,-0.11503616,249.80032,249.81128,249.629344,249.630440,0.0656585935,-0.25482889952
NVDA,500,1790713679670084487,1790713689670084487,1790713690505668608,2.193,227.92,499.839615,0.900,0,-0.032715,0.0898901847,0.24991428,-0.1226051847,-0.3725194647,499.82856,499.839615,499.36803,499.41180,0.003956,0.000000,0.24991428,0.003956,-0.24595828,499.82856,499.839615,499.486452,499.493551,0.1265611847,-0.52567268084
NVDA,1000,1790713679670084487,1790713689670084487,1790713690505668608,4.386,227.92,999.602385,0.900,0,-0.142365,0.1797803775,0.49982856,-0.3221453775,-0.8219739375,999.65712,999.602385,998.73606,998.82369,-0.091712,0.000000,0.49982856,-0.091712,-0.59154056,999.65712,999.602385,998.969342,999.006319,0.2304333775,-1.15097374508
NVDA,100,1790713685145386243,1790713695145386243,1790713695912193678,0.438,227.93,99.83334,0.900,0,-0.00876,0.0179534448,0.04991667,-0.0267134448,-0.0766301148,99.83334,99.83334,99.73698,99.74574,-0.000438,0.000000,0.04991667,-0.000438,-0.05035467,99.83334,99.83334,99.760632,99.761070,0.0262754448,-0.10622074656
NVDA,250,1790713685145386243,1790713695145386243,1790713695912193678,1.096,227.93,249.81128,0.900,0,-0.02192,0.0449246016,0.12490564,-0.0668446016,-0.1917502416,249.81128,249.81128,249.57016,249.59208,-0.001564,0.000000,0.12490564,-0.001564,-0.12646964,249.81128,249.81128,249.628876,249.630440,0.0652806016,-0.26626224848
NVDA,500,1790713685145386243,1790713695145386243,1790713695912193678,2.193,227.93,499.824979,0.900,0,-0.069371,0.0898901928,0.249925245,-0.1592611928,-0.4091864378,499.85049,499.824979,499.36803,499.41189,-0.035272,0.000000,0.249925245,-0.035272,-0.285197245,499.85049,499.824979,499.483790,499.493551,0.1239891928,-0.56491090048
NVDA,1000,1790713685145386243,1790713695145386243,1790713695912193678,4.386,227.93,999.587749,0.900,0,-0.200951,0.1797803856,0.49985049,-0.3807313856,-0.8805818756,999.70098,999.587749,998.73606,998.82378,-0.162769,0.000000,0.49985049,-0.162769,-0.66261949,999.70098,999.587749,998.956781,999.006319,0.2179623856,-1.222049158
NVDA,100,1790713690505668608,1790713700505668608,1790713701311492884,0.438,227.93,99.83334,0.900,0,-0.00876,0.0179534448,0.04991667,-0.0267134448,-0.0766301148,99.83334,99.83334,99.73698,99.74574,-0.001314,0.000000,0.04991667,-0.001314,-0.05123067,99.83334,99.83334,99.759756,99.761070,0.0253994448,-0.10709650128
NVDA,250,1790713690505668608,1790713700505668608,1790713701311492884,1.096,227.93,249.81128,0.900,0,-0.02192,0.0449246016,0.12490564,-0.0668446016,-0.1917502416,249.81128,249.81128,249.57016,249.59208,-0.003288,0.000000,0.12490564,-0.003288,-0.12819364,249.81128,249.81128,249.627152,249.630440,0.0635566016,-0.26798576576
NVDA,500,1790713690505668608,1790713700505668608,1790713701311492884,2.193,227.93,499.85049,0.900,0,-0.04386,0.0898901928,0.249925245,-0.1337501928,-0.3836754378,499.85049,499.85049,499.36803,499.41189,-0.011485,0.000000,0.249925245,-0.011485,-0.261410245,499.85049,499.85049,499.482066,499.493551,0.1222651928,-0.54112341776
NVDA,1000,1790713690505668608,1790713700505668608,1790713701311492884,4.386,227.93,999.646161,0.900,0,-0.142539,0.1797803856,0.49985049,-0.3223193856,-0.8221698756,999.70098,999.646161,998.73606,998.82378,-0.098625,0.000000,0.49985049,-0.098625,-0.59847549,999.70098,999.646161,998.962513,999.006319,0.2236943856,-1.15790676296
NVDA,100,1790713695912193678,1790713705912193678,1790713706735086440,0.438,227.93,99.83334,0.900,0,-0.00876,0.0179534448,0.04991667,-0.0267134448,-0.0766301148,99.83334,99.83334,99.73698,99.74574,-0.000438,0.000000,0.04991667,-0.000438,-0.05035467,99.83334,99.83334,99.760632,99.761070,0.0262754448,-0.10622074656
NVDA,250,1790713695912193678,1790713705912193678,1790713706735086440,1.096,227.93,249.81128,0.900,0,-0.02192,0.0449246016,0.12490564,-0.0668446016,-0.1917502416,249.81128,249.81128,249.57016,249.59208,-0.001096,0.000000,0.12490564,-0.001096,-0.12600164,249.81128,249.81128,249.629344,249.630440,0.0657486016,-0.26579437952
NVDA,500,1790713695912193678,1790713705912193678,1790713706735086440,2.193,227.93,499.85049,0.900,0,-0.04386,0.0898901928,0.249925245,-0.1337501928,-0.3836754378,499.85049,499.85049,499.36803,499.41189,-0.007099,0.000000,0.249925245,-0.007099,-0.257024245,499.85049,499.85049,499.486452,499.493551,0.1266511928,-0.53673864584
NVDA,1000,1790713695912193678,1790713705912193678,1790713706735086440,4.386,227.93,999.646161,0.900,0,-0.142539,0.1797803856,0.49985049,-0.3223193856,-0.8221698756,999.70098,999.646161,998.73606,998.82378,-0.090876,0.000000,0.49985049,-0.090876,-0.59072649,999.70098,999.646161,998.970262,999.006319,0.2314433856,-1.15015993268
NVDA,100,1790713701311492884,1790713711311492884,1790713712724826211,0.438,227.93,99.83334,0.900,0,-0.00876,0.0179534448,0.04991667,-0.0267134448,-0.0766301148,99.83334,99.83334,99.73698,99.74574,-0.001752,0.000000,0.04991667,-0.001752,-0.05166867,99.83334,99.83334,99.759318,99.761070,0.0249614448,-0.10753437864
NVDA,250,1790713701311492884,1790713711311492884,1790713712724826211,1.096,227.93,249.81128,0.900,0,-0.02192,0.0449246016,0.12490564,-0.0668446016,-0.1917502416,249.81128,249.81128,249.57016,249.59208,-0.004384,0.000000,0.12490564,-0.004384,-0.12928964,249.81128,249.81128,249.626056,249.630440,0.0624606016,-0.26908145888
NVDA,500,1790713701311492884,1790713711311492884,1790713712724826211,2.193,227.93,499.822263,0.900,0,-0.072087,0.0898901928,0.249925245,-0.1619771928,-0.4119024378,499.85049,499.822263,499.36803,499.41189,-0.041905,0.000000,0.249925245,-0.041905,-0.291830245,499.85049,499.822263,499.479873,499.493551,0.1200721928,-0.57154280372
NVDA,1000,1790713701311492884,1790713711311492884,1790713712724826211,4.386,227.93,999.585033,0.900,0,-0.203667,0.1797803856,0.49985049,-0.3834473856,-0.8832978756,999.70098,999.585033,998.73606,998.82378,-0.162520,0.000000,0.49985049,-0.162520,-0.66237049,999.70098,999.585033,998.959746,999.006319,0.2209273856,-1.2218009882
NVDA,100,1790713706735086440,1790713716735086440,1790713722724703346,0.438,227.93,99.83334,0.900,0,-0.00438,0.0179530506,0.04991667,-0.0223330506,-0.0722497206,99.83334,99.83334,99.73698,99.74136,-0.001314,0.000000,0.04991667,-0.001314,-0.05123067,99.83334,99.83334,99.759756,99.761070,0.0210190506,-0.10709650128
NVDA,250,1790713706735086440,1790713716735086440,1790713722724703346,1.096,227.93,249.81128,0.900,0,-0.01096,0.0449236152,0.12490564,-0.0558836152,-0.1807892552,249.81128,249.81128,249.57016,249.58112,-0.003288,0.000000,0.12490564,-0.003288,-0.12819364,249.81128,249.81128,249.627152,249.630440,0.0525956152,-0.26798576576
NVDA,500,1790713706735086440,1790713716735086440,1790713722724703346,2.193,227.93,499.85049,0.900,0,-0.02238,0.0898882596,0.249925245,-0.1122682596,-0.3621935046,499.85049,499.85049,499.36803,499.39041,-0.010593,0.000000,0.249925245,-0.010593,-0.260518245,499.85049,499.85049,499.482066,499.492659,0.1016752596,-0.540231168
NVDA,1000,1790713706735086440,1790713716735086440,1790713722724703346,4.386,227.93,999.637185,0.900,0,-0.130035,0.1797784524,0.49985049,-0.3098134524,-0.8096639424,999.70098,999.637185,998.73606,998.80230,-0.102136,0.000000,0.49985049,-0.102136,-0.60198649,999.70098,999.637185,998.962700,999.001041,0.2076774524,-1.16141633748
NVDA,100,1790713712724826211,1790713722724826211,1790713723053352740,0.438,227.93,99.83334,0.900,0,-0.00438,0.0179530506,0.04991667,-0.0223330506,-0.0722497206,99.83334,99.83334,99.73698,99.74136,-0.001752,0.000000,0.04991667,-0.001752,-0.05166867,99.83334,99.83334,99.759318,99.761070,0.0205810506,-0.10753437864
NVDA,250,1790713712724826211,1790713722724826211,1790713723053352740,1.096,227.93,249.81128,0.900,0,-0.01096,0.0449236152,0.12490564,-0.0558836152,-0.1807892552,249.81128,249.81128,249.57016,249.58112,-0.004384,0.000000,0.12490564,-0.004384,-0.12928964,249.81128,249.81128,249.626056,249.630440,0.0514996152,-0.26908145888
NVDA,500,1790713712724826211,1790713722724826211,1790713723053352740,2.193,227.93,499.85049,0.900,0,-0.02238,0.0898882596,0.249925245,-0.1122682596,-0.3621935046,499.85049,499.85049,499.36803,499.39041,-0.012786,0.000000,0.249925245,-0.012786,-0.262711245,499.85049,499.85049,499.479873,499.492659,0.0994822596,-0.54242355396
NVDA,1000,1790713712724826211,1790713722724826211,1790713723053352740,4.386,227.93,999.637185,0.900,0,-0.130035,0.1797784524,0.49985049,-0.3098134524,-0.8096639424,999.70098,999.637185,998.73606,998.80230,-0.105090,0.000000,0.49985049,-0.105090,-0.60494049,999.70098,999.637185,998.959746,999.001041,0.2047234524,-1.16436951036
NVDA,100,1790713722724703346,1790713732724703346,1790713733506921689,0.438,227.93,99.82896,0.900,0,-0.01314,0.0179534448,0.04991667,-0.0310934448,-0.0810101148,99.83334,99.82896,99.73698,99.74574,-0.010074,0.000000,0.04991667,-0.010074,-0.05999067,99.83334,99.82896,99.759318,99.765012,0.0210194448,-0.1158574824
NVDA,250,1790713722724703346,1790713732724703346,1790713733506921689,1.096,227.93,249.80032,0.900,0,-0.03288,0.0449246016,0.12490564,-0.0778046016,-0.2027102416,249.81128,249.80032,249.57016,249.59208,-0.025208,0.000000,0.12490564,-0.025208,-0.15011364,249.81128,249.80032,249.626056,249.640304,0.0525966016,-0.2899082208
NVDA,500,1790713722724703346,1790713732724703346,1790713733506921689,2.193,227.93,499.82856,0.900,0,-0.06579,0.0898901928,0.249925245,-0.1556801928,-0.4056054378,499.85049,499.82856,499.36803,499.41189,-0.050439,0.000000,0.249925245,-0.050439,-0.300364245,499.85049,499.82856,499.479873,499.508382,0.1052411928,-0.5800809564
NVDA,1000,1790713722724703346,1790713732724703346,1790713733506921689,4.386,227.93,999.65712,0.900,0,-0.13158,0.1797803856,0.49985049,-0.3113603856,-0.8112108756,999.70098,999.65712,998.73606,998.82378,-0.100878,0.000000,0.49985049,-0.100878,-0.60072849,999.70098,999.65712,998.959746,999.016764,0.2104823856,-1.1601619128
NVDA,100,1790713738851451328,1790713748851451328,1790713749702166195,0.438,227.92,99.82896,0.900,0,-0.00876,0.0179534448,0.04991448,-0.0267134448,-0.0766279248,99.82896,99.82896,99.73698,99.74574,-0.011826,0.000000,0.04991448,-0.011826,-0.06174048,99.82896,99.82896,99.749682,99.761508,0.0148874448,-0.1176036132
NVDA,250,1790713738851451328,1790713748851451328,1790713749702166195,1.096,227.92,249.80032,0.900,0,-0.02192,0.0449246016,0.12490016,-0.0668446016,-0.1917447616,249.80032,249.80032,249.57016,249.59208,-0.029592,0.000000,0.12490016,-0.029592,-0.15449216,249.80032,249.80032,249.601944,249.631536,0.0372526016,-0.2942775344
NVDA,500,1790713738851451328,1790713748851451328,1790713749702166195,2.193,227.92,499.82856,0.900,0,-0.04386,0.0898901928,0.24991428,-0.1337501928,-0.3836644728,499.82856,499.82856,499.36803,499.41189,-0.060979,0.000000,0.24991428,-0.060979,-0.31089328,499.82856,499.82856,499.431627,499.492606,0.0727711928,-0.59059206524
NVDA,1000,1790713738851451328,1790713748851451328,1790713749702166195,4.387,227.92,999.88504,0.900,0,-0.08774,0.1798213752,0.49994252,-0.2675613752,-0.7675038952,999.88504,999.88504,998.96377,999.05151,-0.128993,0.000000,0.49994252,-0.128993,-0.62893552,999.88504,999.88504,999.090993,999.219986,0.1385683752,-1.18846259412
NVDA,100,1790713749702166195,1790713759702166195,1790713760471136039,0.438,227.92,99.83334,0.900,0,-0.02190,0.01795581,0.04991448,-0.03985581,-0.08977029,99.82896,99.83334,99.74136,99.76764,-0.016206,0.000000,0.04991448,-0.016206,-0.06612048,99.82896,99.83334,99.761070,99.781656,0.02364981,-0.12199244328
NVDA,250,1790713749702166195,1790713759702166195,1790713760471136039,1.096,227.92,249.81128,0.900,0,-0.05480,0.04493052,0.12490016,-0.09973052,-0.22463068,249.80032,249.81128,249.58112,249.64688,-0.040552,0.000000,0.12490016,-0.040552,-0.16545216,249.80032,249.81128,249.630440,249.681952,0.05917852,-0.30525962976
NVDA,500,1790713749702166195,1790713759702166195,1790713760471136039,2.193,227.92,499.85049,0.900,0,-0.10965,0.089902035,0.24991428,-0.199552035,-0.449466315,499.82856,499.85049,499.38996,499.52154,-0.081141,0.000000,0.24991428,-0.081141,-0.33105528,499.82856,499.85049,499.488645,499.591716,0.118411035,-0.61079778108
NVDA,1000,1790713749702166195,1790713759702166195,1790713760471136039,4.386,227.92,999.70098,0.900,0,-0.21930,0.17980407,0.49982856,-0.39910407,-0.89893263,999.65712,999.70098,998.77992,999.04308,-0.178493,0.000000,0.49982856,-0.178493,-0.67832156,999.65712,999.70098,998.961079,999.183432,0.22061107,-1.23780202308
NVDA,100,1790713755101019986,1790713765101019986,1790713765983389430,0.438,227.93,99.85086,0.900,0,0.00438,0.0179569926,0.04991667,-0.0135769926,-0.0634936626,99.83334,99.85086,99.75450,99.76764,-0.006570,0.000000,0.04991667,-0.006570,-0.05648667,99.83334,99.85086,99.762822,99.786912,0.0070069926,-0.11236059552
NVDA,250,1790713755101019986,1790713765101019986,1790713765983389430,1.096,227.93,249.85512,0.900,0,0.01096,0.0449334792,0.12490564,-0.0339734792,-0.1588791192,249.81128,249.85512,249.61400,249.64688,-0.016440,0.000000,0.12490564,-0.016440,-0.14134564,249.81128,249.85512,249.634824,249.695104,0.0175334792,-0.28115801984
NVDA,500,1790713755101019986,1790713765101019986,1790713765983389430,2.193,227.93,499.93821,0.900,0,0.02193,0.0899079561,0.249925245,-0.0679779561,-0.3179032011,499.85049,499.93821,499.45575,499.52154,-0.032895,0.000000,0.249925245,-0.032895,-0.282820245,499.85049,499.93821,499.497417,499.618032,0.0350829561,-0.56257257072
NVDA,1000,1790713755101019986,1790713765101019986,1790713765983389430,4.386,227.93,999.87642,0.900,0,0.04386,0.1798159122,0.49985049,-0.1359559122,-0.6358064022,999.70098,999.87642,998.91150,999.04308,-0.067490,0.000000,0.49985049,-0.067490,-0.56734049,999.70098,999.87642,998.994834,999.237764,0.0684659122,-1.12684561744
NVDA,100,1790713760471136039,1790713770471136039,1790713771438249927,0.438,227.93,99.85086,0.900,0,0.00876,0.0179581752,0.04991667,-0.0091981752,-0.0591148452,99.83334,99.85086,99.76326,99.77202,-0.000438,0.000000,0.04991667,-0.000438,-0.05035467,99.83334,99.85086,99.768516,99.786474,0.0087601752,-0.1062300672
NVDA,250,1790713760471136039,1790713770471136039,1790713771438249927,1.096,227.93,249.85512,0.900,0,0.02192,0.0449364384,0.12490564,-0.0230164384,-0.1479220784,249.81128,249.85512,249.63592,249.65784,-0.001096,0.000000,0.12490564,-0.001096,-0.12600164,249.81128,249.85512,249.649072,249.694008,0.0219204384,-0.2658177024
NVDA,500,1790713760471136039,1790713770471136039,1790713771438249927,2.193,227.93,499.93821,0.900,0,0.04386,0.0899138772,0.249925245,-0.0460538772,-0.2959791222,499.85049,499.93821,499.49961,499.54347,-0.002193,0.000000,0.249925245,-0.002193,-0.252118245,499.85049,499.93821,499.525926,499.615839,0.0438608772,-0.5318779392
NVDA,1000,1790713760471136039,1790713770471136039,1790713771438249927,4.386,227.93,999.87642,0.900,0,0.08772,0.1798277544,0.49985049,-0.0921077544,-0.5919582444,999.70098,999.87642,998.99922,999.08694,-0.006110,0.000000,0.49985049,-0.006110,-0.50596049,999.70098,999.87642,999.051852,999.233402,0.0859977544,-1.06548036112
NVDA,100,1790713765983389430,1790713775983389430,1790713777101903558,0.438,227.97,99.85086,0.900,0,-0.00876,0.0179581752,0.04992543,-0.0267181752,-0.0766436052,99.85086,99.85086,99.76326,99.77202,-0.005694,0.000000,0.04992543,-0.005694,-0.05561943,99.85086,99.85086,99.78078,99.786474,0.0210241752,-0.11149826112
NVDA,250,1790713765983389430,1790713775983389430,1790713777101903558,1.096,227.97,249.85512,0.900,0,-0.02192,0.0449364384,0.12492756,-0.0668564384,-0.1917839984,249.85512,249.85512,249.63592,249.65784,-0.014248,0.000000,0.12492756,-0.014248,-0.13917556,249.85512,249.85512,249.67976,249.694008,0.0526084384,-0.27900021504
NVDA,500,1790713765983389430,1790713775983389430,1790713777101903558,2.192,227.97,499.71024,0.900,0,-0.04384,0.0898728768,0.24985512,-0.1337128768,-0.3835679968,499.71024,499.71024,499.27184,499.31568,-0.028496,0.000000,0.24985512,-0.028496,-0.27835112,499.71024,499.71024,499.35952,499.388016,0.1052168768,-0.55800043008
NVDA,1000,1790713765983389430,1790713775983389430,1790713777101903558,4.385,227.97,999.64845,0.900,0,-0.08770,0.179786754,0.499824225,-0.267486754,-0.767310979,999.64845,999.64845,998.77145,998.85915,-0.058728,0.000000,0.499824225,-0.058728,-0.558552225,999.64845,999.64845,998.94685,999.005578,0.208758754,-1.11797890484
NVDA,100,1790713771438249927,1790713781438249927,1790713782421759320,0.438,227.97,99.8640,0.900,0,0.00876,0.0179585694,0.04992543,-0.0091985694,-0.0591239994,99.85086,99.8640,99.76764,99.77202,0.006132,0.000000,0.04992543,0.006132,-0.04379343,99.85086,99.8640,99.78078,99.787788,0.0153305694,-0.09967262904
NVDA,250,1790713771438249927,1790713781438249927,1790713782421759320,1.096,227.97,249.8880,0.900,0,0.02192,0.0449374248,0.12492756,-0.0230174248,-0.1479449848,249.85512,249.8880,249.64688,249.65784,0.015344,0.000000,0.12492756,0.015344,-0.10958356,249.85512,249.8880,249.67976,249.697296,0.0383614248,-0.24940913568
NVDA,500,1790713771438249927,1790713781438249927,1790713782421759320,2.192,227.97,499.769901,0.900,0,0.037741,0.0898748496,0.24985512,-0.0521338496,-0.3019889696,499.71024,499.769901,499.29376,499.31568,0.024589,0.000000,0.24985512,0.024589,-0.22526612,499.71024,499.769901,499.35952,499.394592,0.0767228496,-0.50491727136
NVDA,1000,1790713771438249927,1790713781438249927,1790713782421759320,4.385,227.97,999.714849,0.900,0,0.022549,0.1797907005,0.499824225,-0.1572417005,-0.6570659255,999.64845,999.714849,998.81530,998.85915,-0.003761,0.000000,0.499824225,-0.003761,-0.503585225,999.64845,999.714849,998.94685,999.017010,0.1534807005,-1.0630151058
XAG,100,1790713389931827814,1790713399931827814,1790713400715007445,1.62,61.453,99.55386,0.900,0,-0.00162,0.0179029278,0.04977693,-0.0195229278,-0.0692998578,99.55386,99.55386,99.45990,99.46152,-0.007452,0.000000,0.04977693,-0.007452,-0.05722893,99.55386,99.55386,99.489870,99.497322,0.0120709278,-0.11294534376
XAG,250,1790713389931827814,1790713399931827814,1790713400715007445,4.06,61.453,249.49918,0.900,0,-0.00406,0.0448678314,0.12474959,-0.0489278314,-0.1736774214,249.49918,249.49918,249.26370,249.26776,-0.018676,0.000000,0.12474959,-0.018676,-0.14342559,249.49918,249.49918,249.338810,249.357486,0.0302518314,-0.28306055288
XAG,500,1790713389931827814,1790713399931827814,1790713400715007445,8.13,61.453,499.61289,0.900,0,-0.00813,0.0898461747,0.249806445,-0.0979761747,-0.3477826197,499.61289,499.61289,499.14135,499.14948,-0.037398,0.000000,0.249806445,-0.037398,-0.287204445,499.61289,499.61289,499.291755,499.329153,0.0605781747,-0.56681829924
XAG,1000,1790713389931827814,1790713399931827814,1790713400715007445,16.26,61.453,999.22578,0.900,0,-0.02051,0.1796919669,0.49961289,-0.2002019669,-0.6998148569,999.22578,999.22578,998.27845,998.29896,-0.074796,0.000000,0.49961289,-0.074796,-0.57440889,999.22578,999.22578,998.583510,998.658306,0.1254059669,-1.13363659848
XAG,100,1790713395326785187,1790713405326785187,1790713406111845419,1.62,61.453,99.530694,0.900,0,-0.002106,0.0179008866,0.04977693,-0.0200068866,-0.0697838166,99.55386,99.530694,99.45990,99.43884,-0.005670,0.000000,0.04977693,-0.005670,-0.05544693,99.55386,99.530694,99.489546,99.472050,0.0143368866,-0.11115617688
XAG,250,1790713395326785187,1790713405326785187,1790713406111845419,4.06,61.453,249.441122,0.900,0,-0.005278,0.0448627158,0.12474959,-0.0501407158,-0.1748903058,249.49918,249.441122,249.26370,249.21092,-0.014210,0.000000,0.12474959,-0.014210,-0.13895959,249.49918,249.441122,249.337998,249.294150,0.0359307158,-0.27857659144
XAG,500,1790713395326785187,1790713405326785187,1790713406111845419,8.13,61.453,499.496631,0.900,0,-0.010569,0.0898359309,0.249806445,-0.1004049309,-0.3502113759,499.61289,499.496631,499.14135,499.03566,-0.028455,0.000000,0.249806445,-0.028455,-0.278261445,499.61289,499.496631,499.290129,499.202325,0.0719499309,-0.55783933212
XAG,1000,1790713395326785187,1790713405326785187,1790713406111845419,16.26,61.453,998.992059,0.900,0,-0.026591,0.1796714793,0.49961289,-0.2062624793,-0.7058753693,999.22578,998.992059,998.27845,998.07132,-0.058113,0.000000,0.49961289,-0.058113,-0.55772589,999.22578,998.992059,998.580258,998.404650,0.1481494793,-1.11688166424
XAG,100,1790713400715007445,1790713410715007445,1790713411596222875,1.62,61.453,99.515142,0.900,0,-0.004698,0.0178997202,0.04977693,-0.0225977202,-0.0723746502,99.55386,99.515142,99.45990,99.42588,-0.014256,0.000000,0.04977693,-0.014256,-0.06403293,99.55386,99.515142,99.490194,99.465732,0.0083417202,-0.11974058928
XAG,250,1790713400715007445,1790713410715007445,1790713411596222875,4.06,61.453,249.402146,0.900,0,-0.011774,0.0448597926,0.12474959,-0.0566337926,-0.1813833826,249.49918,249.402146,249.26370,249.17844,-0.035728,0.000000,0.12474959,-0.035728,-0.16047759,249.49918,249.402146,249.339622,249.278316,0.0209057926,-0.30009061264
XAG,500,1790713400715007445,1790713410715007445,1790713411596222875,8.13,61.453,499.418583,0.900,0,-0.023577,0.0898300773,0.249806445,-0.1134070773,-0.3632135223,499.61289,499.418583,499.14135,498.97062,-0.071544,0.000000,0.249806445,-0.071544,-0.321350445,499.61289,499.418583,499.293381,499.170618,0.0418630773,-0.60092036472
XAG,1000,1790713400715007445,1790713410715007445,1790713411596222875,16.26,61.453,998.837166,0.900,0,-0.047154,0.1796601546,0.49961289,-0.2268141546,-0.7264270446,999.22578,998.837166,998.28270,997.94124,-0.143088,0.000000,0.49961289,-0.143088,-0.64270089,999.22578,998.837166,998.586762,998.341236,0.0837261546,-1.20184072944
XAG,100,1790713406111845419,1790713416111845419,1790713417056543524,1.62,61.4387,99.515142,0.900,0,-0.004212,0.017897679,0.049765347,-0.022109679,-0.071875026,99.530694,99.515142,99.43722,99.42588,-0.011664,0.000000,0.049765347,-0.011664,-0.061429347,99.530694,99.515142,99.471888,99.468,0.010445679,-0.11713251564
XAG,250,1790713406111845419,1790713416111845419,1790713417056543524,4.06,61.4387,249.402146,0.900,0,-0.010556,0.044854677,0.124720561,-0.055410677,-0.180131238,249.441122,249.402146,249.20686,249.17844,-0.029232,0.000000,0.124720561,-0.029232,-0.153952561,249.441122,249.402146,249.293744,249.284,0.026178677,-0.29355432932
XAG,500,1790713406111845419,1790713416111845419,1790713417056543524,8.13,61.4387,499.418583,0.900,0,-0.021138,0.0898198335,0.2497483155,-0.1109578335,-0.3607061490,499.496631,499.418583,499.02753,498.97062,-0.058536,0.000000,0.2497483155,-0.058536,-0.3082843155,499.496631,499.418583,499.201512,499.182,0.0524218335,-0.58783169886
XAG,1000,1790713406111845419,1790713416111845419,1790713417056543524,16.27,61.4387,999.451457,0.900,0,-0.042302,0.1797501465,0.4998038245,-0.2220521465,-0.7218559710,999.607649,999.451457,998.66887,998.55498,-0.117345,0.000000,0.4998038245,-0.117345,-0.6171488245,999.607649,999.451457,999.017048,998.978201,0.1047071465,-1.17658749422
XAG,100,1790713411596222875,1790713421596222875,1790713422128978126,1.62,61.4291,99.515142,0.900,0,-0.003240,0.0178966584,0.049757571,-0.0211366584,-0.0708942294,99.515142,99.515142,99.42426,99.42750,-0.010692,0.000000,0.049757571,-0.010692,-0.060449571,99.515142,99.515142,99.457956,99.468648,0.0104446584,-0.11614902012
XAG,250,1790713411596222875,1790713421596222875,1790713422128978126,4.06,61.4291,249.402146,0.900,0,-0.008120,0.0448521192,0.124701073,-0.0529721192,-0.1776731922,249.402146,249.402146,249.17438,249.18250,-0.026796,0.000000,0.124701073,-0.026796,-0.151497073,249.402146,249.402146,249.258828,249.285624,0.0261761192,-0.29108951956
XAG,500,1790713411596222875,1790713421596222875,1790713422128978126,8.13,61.4291,499.418583,0.900,0,-0.016260,0.0898147116,0.2497092915,-0.1060747116,-0.3557840031,499.418583,499.418583,498.96249,498.97875,-0.053658,0.000000,0.2497092915,-0.053658,-0.3033672915,499.418583,499.418583,499.131594,499.185252,0.0524167116,-0.58289600838
XAG,1000,1790713411596222875,1790713421596222875,1790713422128978126,16.27,61.4291,999.451457,0.900,0,-0.032540,0.1797398964,0.4997257285,-0.2122798964,-0.7120056249,999.451457,999.451457,998.53871,998.57125,-0.107382,0.000000,0.4997257285,-0.107382,-0.6071077285,999.451457,999.451457,998.877126,998.984508,0.1048978964,-1.16650898602
XAG,100,1790713417056543524,1790713427056543524,1790713427493432405,1.62,61.4291,99.530532,0.900,0,-0.004050,0.0178981164,0.049757571,-0.0219481164,-0.0717056874,99.515142,99.530532,99.42426,99.44370,-0.004212,0.000000,0.049757571,-0.004212,-0.053969571,99.515142,99.530532,99.457956,99.477558,0.0177361164,-0.10967151492
XAG,250,1790713417056543524,1790713427056543524,1790713427493432405,4.06,61.4291,249.440716,0.900,0,-0.010150,0.0448557732,0.124701073,-0.0550057732,-0.1797068462,249.402146,249.440716,249.17438,249.22310,-0.010556,0.000000,0.124701073,-0.010556,-0.135257073,249.402146,249.440716,249.258828,249.307954,0.0444497732,-0.27485577196
XAG,500,1790713417056543524,1790713427056543524,1790713427493432405,8.13,61.4291,499.495818,0.900,0,-0.020325,0.0898220286,0.2497092915,-0.1101470286,-0.3598563201,499.418583,499.495818,498.96249,499.06005,-0.021138,0.000000,0.2497092915,-0.021138,-0.2708472915,499.418583,499.495818,499.131594,499.229967,0.0890090286,-0.55038852858
XAG,1000,1790713417056543524,1790713427056543524,1790713427493432405,16.27,61.4291,999.582416,0.900,0,-0.064281,0.1797545394,0.4997257285,-0.2440355394,-0.7437612679,999.451457,999.582416,998.53871,998.73395,-0.065908,0.000000,0.4997257285,-0.065908,-0.5656337285,999.451457,999.582416,998.877126,999.073993,0.1781275394,-1.12506004182
XAG,100,1790713422128978126,1790713432128978126,1790713433001638043,1.62,61.4291,99.531504,0.900,0,0.005022,0.017897679,0.049757571,-0.012875679,-0.062633250,99.515142,99.531504,99.42588,99.43722,0.005508,0.000000,0.049757571,0.005508,-0.044249571,99.515142,99.531504,99.464922,99.475776,0.018383679,-0.09995296644
XAG,250,1790713422128978126,1790713432128978126,1790713433001638043,4.06,61.4291,249.443152,0.900,0,0.012586,0.044854677,0.124701073,-0.032268677,-0.156969750,249.402146,249.443152,249.17844,249.20686,0.013804,0.000000,0.124701073,0.013804,-0.110897073,249.402146,249.443152,249.276286,249.303488,0.046072677,-0.25049940972
XAG,500,1790713422128978126,1790713432128978126,1790713433001638043,8.13,61.4291,499.500696,0.900,0,0.025203,0.0898198335,0.2497092915,-0.0646168335,-0.3143261250,499.418583,499.500696,498.97062,499.02753,0.027642,0.000000,0.2497092915,0.027642,-0.2220672915,499.418583,499.500696,499.166553,499.221024,0.0922588335,-0.50161581306
XAG,1000,1790713422128978126,1790713432128978126,1790713433001638043,16.27,61.4291,999.615784,0.900,0,0.050437,0.1797501465,0.4997257285,-0.1293131465,-0.6290388750,999.451457,999.615784,998.55498,998.66887,0.055318,0.000000,0.4997257285,0.055318,-0.4444077285,999.451457,999.615784,998.947087,999.056096,0.1846311465,-1.00384861974
XAG,100,1790713427493432405,1790713437493432405,1790713438471304397,1.62,61.4386,99.531504,0.900,0,-0.003378,0.0178988913,0.049765266,-0.0212768913,-0.0710421573,99.530532,99.531504,99.43611,99.44046,-0.000972,0.000000,0.049765266,-0.000972,-0.050737266,99.530532,99.531504,99.476262,99.478206,0.0203048913,-0.10644451704
XAG,250,1790713427493432405,1790713437493432405,1790713438471304397,4.06,61.4386,249.443152,0.900,0,-0.009234,0.0448576461,0.124720358,-0.0540916461,-0.1788120041,249.440716,249.443152,249.20331,249.21498,-0.002436,0.000000,0.124720358,-0.002436,-0.127156358,249.440716,249.443152,249.304706,249.309578,0.0516556461,-0.26676835752
XAG,500,1790713427493432405,1790713437493432405,1790713438471304397,8.13,61.4386,499.500696,0.900,0,-0.019002,0.089825733,0.249747909,-0.108827733,-0.358575642,499.495818,499.500696,499.01991,499.04379,-0.005722,0.000000,0.249747909,-0.005722,-0.255469909,499.495818,499.500696,499.223463,499.234063,0.103105733,-0.53503801628
XAG,1000,1790713427493432405,1790713437493432405,1790713438471304397,16.27,61.4386,999.615784,0.900,0,-0.038538,0.1797619068,0.499803011,-0.2182999068,-0.7181029178,999.606022,999.615784,998.65311,998.70141,-0.013862,0.000000,0.499803011,-0.013862,-0.513665011,999.606022,999.615784,999.060977,999.084601,0.2044379068,-1.07314577284
XAG,100,1790713433001638043,1790713443001638043,1790713443835892268,1.62,61.4392,99.531504,0.900,0,-0.004860,0.0178988454,0.049765752,-0.0227588454,-0.0725245974,99.531504,99.531504,99.4356,99.44046,-0.004860,0.000000,0.049765752,-0.004860,-0.054625752,99.531504,99.531504,99.473184,99.478044,0.0178988454,-0.11033209584
XAG,250,1790713433001638043,1790713443001638043,1790713443835892268,4.06,61.4392,249.443152,0.900,0,-0.012180,0.0448576002,0.124721576,-0.0570376002,-0.1817591762,249.443152,249.443152,249.2028,249.21498,-0.012180,0.000000,0.124721576,-0.012180,-0.136901576,249.443152,249.443152,249.296992,249.309172,0.0448576002,-0.27651130192
XAG,500,1790713433001638043,1790713443001638043,1790713443835892268,8.13,61.4392,499.500696,0.900,0,-0.024390,0.0898256871,0.249750348,-0.1142156871,-0.3639660351,499.500696,499.500696,499.0194,499.04379,-0.031353,0.000000,0.249750348,-0.031353,-0.281103348,499.500696,499.500696,499.208016,499.239369,0.0828626871,-0.5606686158
XAG,1000,1790713433001638043,1790713443001638043,1790713443835892268,16.27,61.4392,999.615784,0.900,0,-0.048810,0.1797618609,0.499807892,-0.2285718609,-0.7283797529,999.615784,999.615784,998.6526,998.70141,-0.086955,0.000000,0.499807892,-0.086955,-0.586762892,999.615784,999.615784,999.030064,999.117019,0.1416168609,-1.14624407524
XAG,100,1790713438471304397,1790713448471304397,1790713448975433652,1.62,61.4392,99.531504,0.900,0,-0.003240,0.0178992828,0.049765752,-0.0211392828,-0.0709050348,99.531504,99.531504,99.43884,99.44208,-0.005184,0.000000,0.049765752,-0.005184,-0.054949752,99.531504,99.531504,99.473184,99.478368,0.0159552828,-0.11065618656
XAG,250,1790713438471304397,1790713448471304397,1790713448975433652,4.06,61.4392,249.443152,0.900,0,-0.008120,0.0448586964,0.124721576,-0.0529786964,-0.1777002724,249.443152,249.443152,249.21092,249.21904,-0.012992,0.000000,0.124721576,-0.012992,-0.137713576,249.443152,249.443152,249.296992,249.309984,0.0399866964,-0.27732352928
XAG,500,1790713438471304397,1790713448471304397,1790713448975433652,8.13,61.4392,499.500696,0.900,0,-0.016260,0.0898278822,0.249750348,-0.1060878822,-0.3558382302,499.500696,499.500696,499.03566,499.05192,-0.030447,0.000000,0.249750348,-0.030447,-0.280197348,499.500696,499.500696,499.208016,499.238463,0.0756408822,-0.55976236212
XAG,1000,1790713438471304397,1790713448471304397,1790713448975433652,16.27,61.4392,999.615784,0.900,0,-0.032540,0.1797662538,0.499807892,-0.2123062538,-0.7121141458,999.615784,999.615784,998.68514,998.71768,-0.073589,0.000000,0.499807892,-0.073589,-0.573396892,999.615784,999.615784,999.030064,999.103653,0.1387172538,-1.13287433276
XAG,100,1790713443835892268,1790713453835892268,1790713454424801922,1.62,61.4392,99.531504,0.900,0,-0.003240,0.0178992828,0.049765752,-0.0211392828,-0.0709050348,99.531504,99.531504,99.43884,99.44208,-0.000972,0.000000,0.049765752,-0.000972,-0.050737752,99.531504,99.531504,99.477234,99.478206,0.0201672828,-0.1064452752
XAG,250,1790713443835892268,1790713453835892268,1790713454424801922,4.06,61.4392,249.443152,0.900,0,-0.008120,0.0448586964,0.124721576,-0.0529786964,-0.1777002724,249.443152,249.443152,249.21092,249.21904,-0.002436,0.000000,0.124721576,-0.002436,-0.127157576,249.443152,249.443152,249.307142,249.309578,0.0505426964,-0.2667702576
XAG,500,1790713443835892268,1790713453835892268,1790713454424801922,8.13,61.4392,499.500696,0.900,0,-0.016260,0.0898278822,0.249750348,-0.1060878822,-0.3558382302,499.500696,499.500696,499.03566,499.05192,-0.004878,0.000000,0.249750348,-0.004878,-0.254628348,499.500696,499.500696,499.228341,499.233219,0.1012098822,-0.5341975848
XAG,1000,1790713443835892268,1790713453835892268,1790713454424801922,16.27,61.4392,999.615784,0.900,0,-0.032540,0.1797662538,0.499807892,-0.2123062538,-0.7121141458,999.615784,999.615784,998.68514,998.71768,-0.009762,0.000000,0.499807892,-0.009762,-0.509569892,999.615784,999.615784,999.070739,999.080501,0.2025442538,-1.0690522392
XAG,100,1790713448975433652,1790713458975433652,1790713459697106592,1.62,61.4392,99.513522,0.900,0,-0.019602,0.0178994286,0.049765752,-0.0375014286,-0.0872671806,99.531504,99.513522,99.44046,99.44208,-0.011988,0.000000,0.049765752,-0.011988,-0.061753752,99.531504,99.513522,99.477234,99.47124,0.0255134286,-0.11745932472
XAG,250,1790713448975433652,1790713458975433652,1790713459697106592,4.06,61.4392,249.398086,0.900,0,-0.049126,0.0448590618,0.124721576,-0.0939850618,-0.2187066378,249.443152,249.398086,249.21498,249.21904,-0.030044,0.000000,0.124721576,-0.030044,-0.154765576,249.443152,249.398086,249.307142,249.29212,0.0639410618,-0.29437336936
XAG,500,1790713448975433652,1790713458975433652,1790713459697106592,8.13,61.4392,499.410453,0.900,0,-0.098373,0.0898286139,0.249750348,-0.1882016139,-0.4379519619,499.500696,499.410453,499.04379,499.05192,-0.060373,0.000000,0.249750348,-0.060373,-0.310123348,499.500696,499.410453,499.228341,499.198471,0.1278286139,-0.58968285536
XAG,1000,1790713448975433652,1790713458975433652,1790713459697106592,16.27,61.4392,999.435187,0.900,0,-0.196867,0.1797677181,0.499807892,-0.3766347181,-0.8764426101,999.615784,999.435187,998.70141,998.71768,-0.121423,0.000000,0.499807892,-0.121423,-0.621230892,999.615784,999.435187,999.070739,999.011565,0.2552117181,-1.18069393712
XAG,100,1790713454424801922,1790713464424801922,1790713465510862100,1.62,61.4392,99.513522,0.900,0,-0.003402,0.0178979706,0.049765752,-0.0212999706,-0.0710657226,99.531504,99.513522,99.44046,99.42588,-0.013122,0.000000,0.049765752,-0.013122,-0.062887752,99.531504,99.513522,99.472212,99.467352,0.0081779706,-0.11859082992
XAG,250,1790713454424801922,1790713464424801922,1790713465510862100,4.06,61.4392,249.398086,0.900,0,-0.008526,0.0448554078,0.124721576,-0.0533814078,-0.1781029838,249.443152,249.398086,249.21498,249.17844,-0.032886,0.000000,0.124721576,-0.032886,-0.157607576,249.443152,249.398086,249.294556,249.282376,0.0204954078,-0.29720911696
XAG,500,1790713454424801922,1790713464424801922,1790713465510862100,8.13,61.4392,499.410453,0.900,0,-0.017073,0.0898212969,0.249750348,-0.1068942969,-0.3566446449,499.500696,499.410453,499.04379,498.97062,-0.065853,0.000000,0.249750348,-0.065853,-0.315603348,499.500696,499.410453,499.203138,499.178748,0.0410412969,-0.59515027608
XAG,1000,1790713454424801922,1790713464424801922,1790713465510862100,16.27,61.4392,999.435187,0.900,0,-0.034167,0.1797530751,0.499807892,-0.2139200751,-0.7137279671,999.615784,999.435187,998.70141,998.55498,-0.131787,0.000000,0.499807892,-0.131787,-0.631594892,999.615784,999.435187,999.020302,998.971492,0.0821330751,-1.19103259432
XAG,100,1790713459697106592,1790713469697106592,1790713470555251533,1.62,61.4281,99.513522,0.900,0,0.017820,0.017897679,0.049756761,-0.000077679,-0.049834440,99.513522,99.513522,99.44046,99.42264,0.002815,0.000000,0.049756761,0.002815,-0.046941761,99.513522,99.513522,99.463687,99.460872,0.002892679,-0.10264063752
XAG,250,1790713459697106592,1790713469697106592,1790713470555251533,4.06,61.4281,249.398086,0.900,0,0.044660,0.044854677,0.124699043,-0.000194677,-0.124893720,249.398086,249.398086,249.21498,249.17032,0.006963,0.000000,0.124699043,0.006963,-0.117736043,249.398086,249.398086,249.273099,249.266136,0.007157677,-0.2573270288
XAG,500,1790713459697106592,1790713469697106592,1790713470555251533,8.13,61.4281,499.410453,0.900,0,0.089430,0.0898198335,0.2497052265,-0.0003898335,-0.2500950600,499.410453,499.410453,499.04379,498.95436,0.013882,0.000000,0.2497052265,0.013882,-0.2358232265,499.410453,499.410453,499.160110,499.146228,0.0142718335,-0.51534900114
XAG,1000,1790713459697106592,1790713469697106592,1790713470555251533,16.27,61.4281,999.435187,0.900,0,0.163320,0.179748738,0.4997175935,-0.016428738,-0.5161463315,999.435187,999.435187,998.68576,998.52244,0.027720,0.000000,0.4997175935,0.027720,-0.4719975935,999.435187,999.435187,998.934132,998.906412,0.0441487380,-1.03139294582
XAG,100,1790713465510862100,1790713475510862100,1790713475835808432,1.62,61.4281,99.513522,0.900,0,0.003240,0.0178960752,0.049756761,-0.0146560752,-0.0644128362,99.513522,99.513522,99.42426,99.42102,-0.004698,0.000000,0.049756761,-0.004698,-0.054454761,99.513522,99.513522,99.457632,99.462330,0.0099580752,-0.11015235036
XAG,250,1790713465510862100,1790713475510862100,1790713475835808432,4.06,61.4281,249.398086,0.900,0,0.008120,0.0448506576,0.124699043,-0.0367306576,-0.1614297006,249.398086,249.398086,249.17438,249.16626,-0.011774,0.000000,0.124699043,-0.011774,-0.136473043,249.398086,249.398086,249.258016,249.269790,0.0249566576,-0.27606082868
XAG,500,1790713465510862100,1790713475510862100,1790713475835808432,8.13,61.4281,499.410453,0.900,0,0.016260,0.0898117848,0.2497052265,-0.0735517848,-0.3232570113,499.410453,499.410453,498.96249,498.94623,-0.025265,0.000000,0.2497052265,-0.025265,-0.2749702265,499.410453,499.410453,499.129968,499.155233,0.0482867848,-0.55449008278
XAG,1000,1790713465510862100,1790713475510862100,1790713475835808432,16.27,61.4281,999.435187,0.900,0,0.032540,0.1797340392,0.4997175935,-0.1471940392,-0.6469116327,999.435187,999.435187,998.53871,998.50617,-0.055383,0.000000,0.4997175935,-0.055383,-0.5551005935,999.435187,999.435187,998.873872,998.929255,0.0918110392,-1.11448546906
XAG,100,1790713470555251533,1790713480555251533,1790713481271388082,1.62,61.4281,99.513522,0.900,0,-0.003240,0.0178957836,0.049756761,-0.0211357836,-0.0708925446,99.513522,99.513522,99.4194,99.42264,-0.005994,0.000000,0.049756761,-0.005994,-0.055750761,99.513522,99.513522,99.457956,99.463950,0.0151417836,-0.11144889468
XAG,250,1790713470555251533,1790713480555251533,1790713481271388082,4.06,61.4281,249.398086,0.900,0,-0.008120,0.0448499268,0.124699043,-0.0529699268,-0.1776689698,249.398086,249.398086,249.1622,249.17032,-0.015022,0.000000,0.124699043,-0.015022,-0.139721043,249.398086,249.398086,249.258828,249.273850,0.0379479268,-0.27931019284
XAG,500,1790713470555251533,1790713480555251533,1790713481271388082,8.13,61.4281,499.410453,0.900,0,-0.016260,0.0898103214,0.2497052265,-0.1060703214,-0.3557755479,499.410453,499.410453,498.9381,498.95436,-0.030081,0.000000,0.2497052265,-0.030081,-0.2797862265,499.410453,499.410453,499.131594,499.161675,0.0759893214,-0.55930834182
XAG,1000,1790713470555251533,1790713480555251533,1790713481271388082,16.27,61.4281,999.435187,0.900,0,-0.032540,0.1797311106,0.4997175935,-0.2122711106,-0.7119887041,999.435187,999.435187,998.4899,998.52244,-0.060199,0.000000,0.4997175935,-0.060199,-0.5599165935,999.435187,999.435187,998.877126,998.937325,0.1520721106,-1.11930463978
XAG,100,1790713475835808432,1790713485835808432,1790713486628906049,1.62,61.4281,99.513522,0.900,0,-0.001620,0.0178956378,0.049756761,-0.0195156378,-0.0692723988,99.513522,99.513522,99.4194,99.42102,-0.003726,0.000000,0.049756761,-0.003726,-0.053482761,99.513522,99.513522,99.457956,99.461682,0.0157896378,-0.10918025964
XAG,250,1790713475835808432,1790713485835808432,1790713486628906049,4.06,61.4281,249.398086,0.900,0,-0.004060,0.0448495614,0.124699043,-0.0489095614,-0.1736086044,249.398086,249.398086,249.1622,249.16626,-0.009338,0.000000,0.124699043,-0.009338,-0.134037043,249.398086,249.398086,249.258828,249.268166,0.0395715614,-0.27362460132
XAG,500,1790713475835808432,1790713485835808432,1790713486628906049,8.13,61.4281,499.410453,0.900,0,-0.008130,0.0898095897,0.2497052265,-0.0979395897,-0.3476448162,499.410453,499.410453,498.9381,498.94623,-0.018699,0.000000,0.2497052265,-0.018699,-0.2684042265,499.410453,499.410453,499.131594,499.150293,0.0792405897,-0.54792315486
XAG,1000,1790713475835808432,1790713485835808432,1790713486628906049,16.27,61.4281,999.435187,0.900,0,-0.016270,0.1797296463,0.4997175935,-0.1959996463,-0.6957172398,999.435187,999.435187,998.4899,998.50617,-0.037421,0.000000,0.4997175935,-0.037421,-0.5371385935,999.435187,999.435187,998.877126,998.914547,0.1585786463,-1.09652026194
XAG,100,1790713481271388082,1790713491271388082,1790713491995012071,1.62,61.4281,99.512874,0.900,0,-0.008748,0.0178965126,0.049756761,-0.0266445126,-0.0764012736,99.513522,99.512874,99.42102,99.42912,-0.012474,0.000000,0.049756761,-0.012474,-0.062230761,99.513522,99.512874,99.457956,99.469782,0.0141705126,-0.11793052764
XAG,250,1790713481271388082,1790713491271388082,1790713491995012071,4.06,61.4281,249.396462,0.900,0,-0.021924,0.0448517538,0.124699043,-0.0667757538,-0.1914747968,249.398086,249.396462,249.16626,249.18656,-0.031262,0.000000,0.124699043,-0.031262,-0.155961043,249.398086,249.396462,249.258828,249.288466,0.0355137538,-0.29555428532
XAG,500,1790713481271388082,1790713491271388082,1790713491995012071,8.13,61.4281,499.407201,0.900,0,-0.043902,0.0898139799,0.2497052265,-0.1337159799,-0.3834212064,499.410453,499.407201,498.94623,498.98688,-0.068298,0.000000,0.2497052265,-0.068298,-0.3180032265,499.410453,499.407201,499.131594,499.196640,0.0654179799,-0.59753513202
XAG,1000,1790713481271388082,1790713491271388082,1790713491995012071,16.27,61.4281,999.428679,0.900,0,-0.087858,0.1797384321,0.4997175935,-0.2675964321,-0.7673140256,999.435187,999.428679,998.50617,998.58752,-0.152954,0.000000,0.4997175935,-0.152954,-0.6526715935,999.435187,999.428679,998.877126,999.023572,0.1146424321,-1.21208378894
XAG,100,1790713486628906049,1790713496628906049,1790713497452150004,1.62,61.4281,99.528750,0.900,0,0.000648,0.0178968042,0.049756761,-0.0172488042,-0.0670055652,99.513522,99.528750,99.4194,99.43398,-0.005670,0.000000,0.049756761,-0.005670,-0.055426761,99.513522,99.528750,99.455850,99.476748,0.0115788042,-0.11112788844
XAG,250,1790713486628906049,1790713496628906049,1790713497452150004,4.06,61.4281,249.436250,0.900,0,0.001624,0.0448524846,0.124699043,-0.0432284846,-0.1679275276,249.398086,249.436250,249.1622,249.19874,-0.014210,0.000000,0.124699043,-0.014210,-0.138909043,249.398086,249.436250,249.253550,249.305924,0.0290184846,-0.27850569572
XAG,500,1790713486628906049,1790713496628906049,1790713497452150004,8.13,61.4281,499.486875,0.900,0,0.003252,0.0898154433,0.2497052265,-0.0865634433,-0.3362686698,499.410453,499.486875,498.9381,499.01127,-0.028455,0.000000,0.2497052265,-0.028455,-0.2781602265,499.410453,499.486875,499.121025,499.225902,0.0581084433,-0.55769736606
XAG,1000,1790713486628906049,1790713496628906049,1790713497452150004,16.27,61.4281,999.588125,0.900,0,0.006508,0.1797413607,0.4997175935,-0.1732333607,-0.6729509542,999.435187,999.588125,998.4899,998.63633,-0.056945,0.000000,0.4997175935,-0.056945,-0.5566625935,999.435187,999.588125,998.855975,999.065858,0.1162883607,-1.11608070674
XAG,100,1790713491995012071,1790713501995012071,1790713502832432790,1.62,61.4277,99.527292,0.900,0,0.003078,0.0178979706,0.049756437,-0.0148199706,-0.0645764076,99.512874,99.527292,99.42750,99.43884,-0.000120,0.000000,0.049756437,-0.000120,-0.049876437,99.512874,99.527292,99.463020,99.477558,0.0146999706,-0.10557979884
XAG,250,1790713491995012071,1790713501995012071,1790713502832432790,4.06,61.4277,249.432596,0.900,0,0.007714,0.0448554078,0.124698231,-0.0371414078,-0.1618396388,249.396462,249.432596,249.18250,249.21092,-0.000364,0.000000,0.124698231,-0.000364,-0.125062231,249.396462,249.432596,249.271456,249.307954,0.0367774078,-0.2646644658
XAG,500,1790713491995012071,1790713501995012071,1790713502832432790,8.13,61.4277,499.479558,0.900,0,0.015447,0.0898212969,0.2497036005,-0.0743742969,-0.3240778974,499.407201,499.479558,498.97875,499.03566,-0.000771,0.000000,0.2497036005,-0.000771,-0.2504746005,499.407201,499.479558,499.156839,499.229967,0.0736032969,-0.53002290618
XAG,1000,1790713491995012071,1790713501995012071,1790713502832432790,16.27,61.4277,999.571854,0.900,0,0.029285,0.1797530751,0.4997143395,-0.1504680751,-0.6501824146,999.428679,999.571854,998.57125,998.68514,-0.003213,0.000000,0.4997143395,-0.003213,-0.5029273395,999.428679,999.571854,998.927605,999.073993,0.1472550751,-1.06236778694
XAG,100,1790713497452150004,1790713507452150004,1790713508116319165,1.62,61.4375,99.527292,0.900,0,-0.007938,0.017898408,0.049764375,-0.025836408,-0.075600783,99.528750,99.527292,99.43236,99.43884,-0.017172,0.000000,0.049764375,-0.017172,-0.066936375,99.528750,99.527292,99.468162,99.483876,0.008664408,-0.12264294564
XAG,250,1790713497452150004,1790713507452150004,1790713508116319165,4.06,61.4375,249.432596,0.900,0,-0.019894,0.044856504,0.124718125,-0.064750504,-0.189468629,249.436250,249.432596,249.19468,249.21092,-0.043036,0.000000,0.124718125,-0.043036,-0.167754125,249.436250,249.432596,249.284406,249.323788,0.021714504,-0.30736441932
XAG,500,1790713497452150004,1790713507452150004,1790713508116319165,8.13,61.4375,499.479558,0.900,0,-0.039837,0.089823492,0.2497434375,-0.129660492,-0.3794039295,499.486875,499.479558,499.00314,499.03566,-0.086178,0.000000,0.2497434375,-0.086178,-0.3359214375,499.486875,499.479558,499.182813,499.261674,0.0434824920,-0.61548589386
XAG,1000,1790713497452150004,1790713507452150004,1790713508116319165,16.27,61.4375,999.571854,0.900,0,-0.081351,0.179757468,0.4997940625,-0.261108468,-0.7609025305,999.588125,999.571854,998.62006,998.68514,-0.174090,0.000000,0.4997940625,-0.174090,-0.6738840625,999.588125,999.571854,998.979627,999.137446,0.0870184680,-1.23335684294
XAG,100,1790713502832432790,1790713512832432790,1790713514059122964,1.62,61.4366,99.527292,0.900,0,-0.001620,0.0178988454,0.049763646,-0.0195188454,-0.0692824914,99.527292,99.527292,99.43722,99.43884,-0.004050,0.000000,0.049763646,-0.004050,-0.053813646,99.527292,99.527292,99.470106,99.474156,0.0154688454,-0.10951803936
XAG,250,1790713502832432790,1790713512832432790,1790713514059122964,4.06,61.4366,249.432596,0.900,0,-0.004060,0.0448576002,0.124716298,-0.0489176002,-0.1736338982,249.432596,249.432596,249.20686,249.21092,-0.010150,0.000000,0.124716298,-0.010150,-0.134866298,249.432596,249.432596,249.289278,249.299428,0.0387676002,-0.27447113568
XAG,500,1790713502832432790,1790713512832432790,1790713514059122964,8.13,61.4366,499.479558,0.900,0,-0.008130,0.0898256871,0.249739779,-0.0979556871,-0.3476954661,499.479558,499.479558,499.02753,499.03566,-0.020325,0.000000,0.249739779,-0.020325,-0.270064779,499.479558,499.479558,499.192569,499.212894,0.0776306871,-0.54961830864
XAG,1000,1790713502832432790,1790713512832432790,1790713514059122964,16.27,61.4366,999.571854,0.900,0,-0.017898,0.1797618609,0.499786741,-0.1976598609,-0.6974466019,999.573482,999.571854,998.66887,998.68514,-0.042303,0.000000,0.499786741,-0.042303,-0.542089741,999.573482,999.571854,998.999151,999.039826,0.1553568609,-1.10154065456
XAG,100,1790713508116319165,1790713518116319165,1790713519021552582,1.62,61.4366,99.527454,0.900,0,-0.017658,0.0179003034,0.049763646,-0.0355583034,-0.0853219494,99.527292,99.527454,99.43722,99.45504,-0.006156,0.000000,0.049763646,-0.006156,-0.055919646,99.527292,99.527454,99.470106,99.476424,0.0294023034,-0.1116246744
XAG,250,1790713508116319165,1790713518116319165,1790713519021552582,4.06,61.4366,249.433002,0.900,0,-0.044254,0.0448612542,0.124716298,-0.0891152542,-0.2138315522,249.432596,249.433002,249.20686,249.25152,-0.015428,0.000000,0.124716298,-0.015428,-0.140144298,249.432596,249.433002,249.289278,249.305112,0.0736872542,-0.2797507272
XAG,500,1790713508116319165,1790713518116319165,1790713519021552582,8.13,61.4366,499.480371,0.900,0,-0.088617,0.0898330041,0.249739779,-0.1784500041,-0.4281897831,499.479558,499.480371,499.02753,499.11696,-0.030894,0.000000,0.249739779,-0.030894,-0.280633779,499.479558,499.480371,499.192569,499.224276,0.1475560041,-0.5601904956
XAG,1000,1790713508116319165,1790713518116319165,1790713519021552582,16.27,61.4366,999.575109,0.900,0,-0.177343,0.1797765039,0.499786741,-0.3571195039,-0.8569062449,999.573482,999.575109,998.66887,998.84784,-0.061826,0.000000,0.499786741,-0.061826,-0.561612741,999.573482,999.575109,998.999151,999.062604,0.2952935039,-1.1210700324
XAG,100,1790713519021552582,1790713529021552582,1790713529442117248,1.62,61.4367,99.527616,0.900,0,-0.002058,0.017899083,0.049763727,-0.019957083,-0.069720810,99.527454,99.527616,99.43824,99.44046,-0.010044,0.000000,0.049763727,-0.010044,-0.059807727,99.527454,99.527616,99.466542,99.476748,0.009913083,-0.1155118482
XAG,250,1790713519021552582,1790713529021552582,1790713529442117248,4.06,61.4367,249.433408,0.900,0,-0.006694,0.0448580574,0.124716501,-0.0515520574,-0.1762685584,249.433002,249.433408,249.20788,249.21498,-0.025172,0.000000,0.124716501,-0.025172,-0.149888501,249.433002,249.433408,249.280346,249.305924,0.0263800574,-0.2894926566
XAG,500,1790713519021552582,1790713529021552582,1790713529442117248,8.13,61.4367,499.481184,0.900,0,-0.014427,0.0898265106,0.2497401855,-0.1042535106,-0.3539936961,499.480371,499.481184,499.02855,499.04379,-0.050406,0.000000,0.2497401855,-0.050406,-0.3001461855,499.480371,499.481184,499.174683,499.225902,0.0538475106,-0.5796983493
XAG,1000,1790713519021552582,1790713529021552582,1790713529442117248,16.26,61.4367,998.962368,0.900,0,-0.029874,0.1796529294,0.499480371,-0.2095269294,-0.7090073004,998.960742,998.962368,998.05608,998.08758,-0.100812,0.000000,0.499480371,-0.100812,-0.600292371,998.960742,998.962368,998.349366,998.451804,0.1087149294,-1.1593966986
XAG,100,1790713529442117248,1790713539442117248,1790713540261154897,1.62,61.4368,99.529722,0.900,0,-0.005994,0.0178997202,0.049763808,-0.0238937202,-0.0736575282,99.527616,99.529722,99.43884,99.44694,-0.016200,0.000000,0.049763808,-0.016200,-0.065963808,99.527616,99.529722,99.470754,99.48906,0.0076937202,-0.12167255592
XAG,250,1790713529442117248,1790713539442117248,1790713540261154897,4.06,61.4368,249.438686,0.900,0,-0.015022,0.0448597926,0.124716704,-0.0598817926,-0.1845984966,249.433408,249.438686,249.21092,249.23122,-0.040600,0.000000,0.124716704,-0.040600,-0.165316704,249.433408,249.438686,249.290902,249.33678,0.0192817926,-0.30493245496
XAG,500,1790713529442117248,1790713539442117248,1790713540261154897,8.13,61.4368,499.491753,0.900,0,-0.030081,0.0898300773,0.249740592,-0.1199110773,-0.3696516693,499.481184,499.491753,499.03566,499.07631,-0.081300,0.000000,0.249740592,-0.081300,-0.331040592,499.481184,499.491753,499.195821,499.28769,0.0386110773,-0.61061597508
XAG,1000,1790713529442117248,1790713539442117248,1790713540261154897,16.27,61.4368,999.587305,0.900,0,-0.070781,0.1797706467,0.499788368,-0.2505516467,-0.7503400147,999.576736,999.587305,998.68514,998.76649,-0.173282,0.000000,0.499788368,-0.173282,-0.673070368,999.576736,999.587305,999.005659,999.18951,0.0772696467,-1.23256501532
XAG,100,1790713534855243158,1790713544855243158,1790713546044782056,1.62,61.4368,99.545922,0.900,0,0.003726,0.0179003034,0.049763808,-0.0141743034,-0.0639381114,99.527616,99.545922,99.43884,99.45342,-0.001944,0.000000,0.049763808,-0.001944,-0.051707808,99.527616,99.545922,99.47124,99.491490,0.0122303034,-0.1074173724
XAG,250,1790713534855243158,1790713544855243158,1790713546044782056,4.06,61.4368,249.479286,0.900,0,0.009338,0.0448612542,0.124716704,-0.0355232542,-0.1602399582,249.433408,249.479286,249.21092,249.24746,-0.004872,0.000000,0.124716704,-0.004872,-0.129588704,249.433408,249.479286,249.29212,249.342870,0.0306512542,-0.2692065012
XAG,500,1790713534855243158,1790713544855243158,1790713546044782056,8.13,61.4368,499.573053,0.900,0,0.018699,0.0898330041,0.249740592,-0.0711340041,-0.3208745961,499.481184,499.573053,499.03566,499.10883,-0.009756,0.000000,0.249740592,-0.009756,-0.259496592,499.481184,499.573053,499.19826,499.299885,0.0613780041,-0.5390760726
XAG,1000,1790713534855243158,1790713544855243158,1790713546044782056,16.27,61.4368,999.743493,0.900,0,0.020327,0.1797765039,0.499788368,-0.1594495039,-0.6592378719,999.576736,999.743493,998.68514,998.83157,-0.036618,0.000000,0.499788368,-0.036618,-0.536406368,999.576736,999.743493,999.01054,999.213915,0.1228315039,-1.0959092154
XAG,100,1790713540261154897,1790713550261154897,1790713551207628239,1.62,61.4381,99.529722,0.900,0,-0.008100,0.0179008866,0.049764861,-0.0260008866,-0.0757657476,99.529722,99.529722,99.44532,99.45342,-0.004698,0.000000,0.049764861,-0.004698,-0.054462861,99.529722,99.529722,99.476262,99.48096,0.0213028866,-0.11017088316
XAG,250,1790713540261154897,1790713550261154897,1790713551207628239,4.06,61.4381,249.438686,0.900,0,-0.020300,0.0448627158,0.124719343,-0.0651627158,-0.1898820588,249.438686,249.438686,249.22716,249.24746,-0.011774,0.000000,0.124719343,-0.011774,-0.136493343,249.438686,249.438686,249.304706,249.31648,0.0533887158,-0.27610727508
XAG,500,1790713540261154897,1790713550261154897,1790713551207628239,8.13,61.4381,499.491753,0.900,0,-0.040650,0.0898359309,0.2497458765,-0.1304859309,-0.3802318074,499.491753,499.491753,499.06818,499.10883,-0.023577,0.000000,0.2497458765,-0.023577,-0.2733228765,499.491753,499.491753,499.223463,499.24704,0.1069089309,-0.55289461734
XAG,1000,1790713540261154897,1790713550261154897,1790713551207628239,16.27,61.4381,999.587305,0.900,0,-0.091932,0.1797823611,0.4997989435,-0.2717143611,-0.7715133046,999.597887,999.587305,998.75022,998.83157,-0.057765,0.000000,0.4997989435,-0.057765,-0.5575639435,999.597887,999.587305,999.060977,999.10816,0.2139493611,-1.11705130186
XAG,100,1790713546044782056,1790713556044782056,1790713556495402428,1.62,61.4481,99.529884,0.900,0,-0.017658,0.0179014698,0.049772961,-0.0355594698,-0.0853324308,99.545922,99.529884,99.4518,99.45342,-0.022356,0.000000,0.049772961,-0.022356,-0.072128961,99.545922,99.529884,99.484038,99.490356,0.0132034698,-0.12784179132
XAG,250,1790713546044782056,1790713556044782056,1790713556495402428,4.06,61.4481,249.439092,0.900,0,-0.044254,0.0448641774,0.124739643,-0.0891181774,-0.2138578204,249.479286,249.439092,249.2434,249.24746,-0.056028,0.000000,0.124739643,-0.056028,-0.180767643,249.479286,249.439092,249.324194,249.340028,0.0330901774,-0.32039362516
XAG,500,1790713546044782056,1790713556044782056,1790713556495402428,8.13,61.4481,499.492566,0.900,0,-0.088617,0.0898388577,0.2497865265,-0.1784558577,-0.4282423842,499.573053,499.492566,499.1007,499.10883,-0.112194,0.000000,0.2497865265,-0.112194,-0.3619805265,499.573053,499.492566,499.262487,499.294194,0.0662618577,-0.64157639718
XAG,1000,1790713546044782056,1790713556044782056,1790713556495402428,16.27,61.4481,999.599514,0.900,0,-0.177343,0.1797882183,0.4998802935,-0.3571312183,-0.8570115118,999.760587,999.599514,998.8153,998.83157,-0.224526,0.000000,0.4998802935,-0.224526,-0.7244062935,999.760587,999.599514,999.139073,999.202526,0.1326052183,-1.28394194122
XAG,100,1790713551207628239,1790713561207628239,1790713562061534482,1.62,61.4381,99.541710,0.900,0,0.003888,0.017902053,0.049764861,-0.014014053,-0.063778914,99.529722,99.541710,99.4518,99.45990,-0.016524,0.000000,0.049764861,-0.016524,-0.066288861,99.529722,99.541710,99.473508,99.50202,-0.002509947,-0.12200200884
XAG,250,1790713551207628239,1790713561207628239,1790713562061534482,4.06,61.4381,249.468730,0.900,0,0.009744,0.044865639,0.124719343,-0.035121639,-0.159840982,249.438686,249.468730,249.2434,249.26370,-0.041412,0.000000,0.124719343,-0.041412,-0.166131343,249.438686,249.468730,249.297804,249.36926,-0.006290361,-0.30575812092
XAG,500,1790713551207628239,1790713561207628239,1790713562061534482,8.13,61.4381,499.551527,0.900,0,0.019124,0.0898417845,0.2497458765,-0.0707177845,-0.3204636610,499.491753,499.551527,499.1007,499.14135,-0.083314,0.000000,0.2497458765,-0.083314,-0.3330598765,499.491753,499.551527,499.209642,499.35273,-0.0125962155,-0.61265734066
XAG,1000,1790713551207628239,1790713561207628239,1790713562061534482,16.27,61.4381,999.717083,0.900,0,0.037846,0.1797940755,0.4997989435,-0.1419480755,-0.6417470190,999.597887,999.717083,998.8153,998.89665,-0.167156,0.000000,0.4997989435,-0.167156,-0.6669549435,999.597887,999.717083,999.033318,999.31967,-0.0252079245,-1.22649378014
XAG,100,1790713556495402428,1790713566495402428,1790713567417623795,1.62,61.4382,99.546246,0.900,0,0.008262,0.017902053,0.049764942,-0.009640053,-0.059404995,99.529884,99.546246,99.4518,99.45990,0.002106,0.000000,0.049764942,0.002106,-0.047658942,99.529884,99.546246,99.483714,99.497970,0.011746053,-0.10337381352
XAG,250,1790713556495402428,1790713566495402428,1790713567417623795,4.06,61.4382,249.480098,0.900,0,0.020706,0.044865639,0.124719546,-0.024159639,-0.148879185,249.439092,249.480098,249.2434,249.26370,0.005278,0.000000,0.124719546,0.005278,-0.119441546,249.439092,249.480098,249.323382,249.359110,0.029437639,-0.25907264376
XAG,500,1790713556495402428,1790713566495402428,1790713567417623795,8.13,61.4382,499.574679,0.900,0,0.041463,0.0898417845,0.249746283,-0.0483787845,-0.2981250675,499.492566,499.574679,499.1007,499.14135,0.010569,0.000000,0.249746283,0.010569,-0.239177283,499.492566,499.574679,499.260861,499.332405,0.0589477845,-0.51878339748
XAG,1000,1790713556495402428,1790713566495402428,1790713567417623795,16.27,61.4382,999.740660,0.900,0,0.059796,0.1797940755,0.499799757,-0.1199980755,-0.6197978325,999.599514,999.740660,998.8153,998.89665,-0.002030,0.000000,0.499799757,-0.002030,-0.501829757,999.599514,999.740660,999.135819,999.278995,0.1179680755,-1.06138590492
XAG,100,1790713562061534482,1790713572061534482,1790713572869487259,1.62,61.4455,99.542196,0.900,0,-0.015714,0.0179039484,0.049770855,-0.0336179484,-0.0833888034,99.541710,99.542196,99.45828,99.47448,-0.013122,0.000000,0.049770855,-0.013122,-0.062892855,99.541710,99.542196,99.490842,99.504450,0.0204959484,-0.11861153676
XAG,250,1790713562061534482,1790713572061534482,1790713572869487259,4.06,61.4455,249.469948,0.900,0,-0.039382,0.0448703892,0.124734365,-0.0842523892,-0.2089867542,249.468730,249.469948,249.25964,249.30024,-0.032947,0.000000,0.124734365,-0.032947,-0.157681365,249.468730,249.469948,249.341246,249.375411,0.0513053892,-0.29732202896
XAG,500,1790713562061534482,1790713572061534482,1790713572869487259,8.13,61.4455,499.554354,0.900,0,-0.078861,0.0898512966,0.2497759575,-0.1687122966,-0.4184882541,499.551915,499.554354,499.13322,499.21452,-0.066321,0.000000,0.2497759575,-0.066321,-0.3160969575,499.551915,499.554354,499.296633,499.365393,0.1023912966,-0.59572232478
XAG,1000,1790713562061534482,1790713572061534482,1790713572869487259,16.27,61.4455,999.723166,0.900,0,-0.157819,0.1798131114,0.4998591425,-0.3376321114,-0.8374912539,999.718285,999.723166,998.88038,999.04308,-0.133069,0.000000,0.4998591425,-0.133069,-0.6329281425,999.718285,999.723166,999.207407,999.345357,0.2045631114,-1.19252291642
XAG,100,1790713567417623795,1790713577417623795,1790713578335665189,1.62,61.4483,99.543654,0.900,0,-0.009072,0.0179030736,0.049773123,-0.0269750736,-0.0767481966,99.546246,99.543654,99.45828,99.46476,-0.011826,0.000000,0.049773123,-0.011826,-0.061599123,99.546246,99.543654,99.492462,99.501696,0.0151490736,-0.11731748724
XAG,250,1790713567417623795,1790713577417623795,1790713578335665189,4.06,61.4483,249.473602,0.900,0,-0.022736,0.0448681968,0.124740049,-0.0676041968,-0.1923442458,249.480098,249.473602,249.25964,249.27588,-0.029638,0.000000,0.124740049,-0.029638,-0.154378049,249.480098,249.473602,249.345306,249.368448,0.0379661968,-0.29401790012
XAG,500,1790713567417623795,1790713577417623795,1790713578335665189,8.13,61.4483,499.560907,0.900,0,-0.046292,0.0898469064,0.2497873395,-0.1361389064,-0.3859262459,499.574679,499.560907,499.13322,499.16574,-0.060113,0.000000,0.2497873395,-0.060113,-0.3099003395,499.574679,499.560907,499.304763,499.351104,0.0760259064,-0.58952398226
XAG,1000,1790713567417623795,1790713577417623795,1790713578335665189,16.27,61.4483,999.735417,0.900,0,-0.093504,0.1798043256,0.4998819205,-0.2733083256,-0.7731902461,999.763841,999.735417,998.88038,998.94546,-0.121163,0.000000,0.4998819205,-0.121163,-0.6210449205,999.763841,999.735417,999.223677,999.316416,0.1521453256,-1.18063614654
XAG,100,1790713572869487259,1790713582869487259,1790713583741129465,1.62,61.4458,99.543816,0.900,0,0.004860,0.0179039484,0.049771098,-0.0130439484,-0.0628150464,99.542196,99.543816,99.468,99.46476,-0.003078,0.000000,0.049771098,-0.003078,-0.052849098,99.542196,99.543816,99.496998,99.501696,0.0099659484,-0.10856873232
XAG,250,1790713572869487259,1790713582869487259,1790713583741129465,4.06,61.4458,249.474008,0.900,0,0.009750,0.0448701705,0.124734974,-0.0351201705,-0.1598551445,249.469948,249.474008,249.28157,249.27588,-0.007714,0.000000,0.124734974,-0.007714,-0.132448974,249.469948,249.474008,249.356674,249.368448,0.0274061705,-0.27209200816
XAG,500,1790713572869487259,1790713582869487259,1790713583741129465,8.13,61.4458,499.561338,0.900,0,0.016744,0.0898507116,0.249777177,-0.0731067116,-0.3228838886,499.554354,499.561338,499.17550,499.16574,-0.016593,0.000000,0.249777177,-0.016593,-0.266370177,499.554354,499.561338,499.327527,499.351104,0.0565137116,-0.54600019368
XAG,1000,1790713572869487259,1790713582869487259,1790713583741129465,16.26,61.4458,999.121383,0.900,0,0.030565,0.1797012765,0.499554354,-0.1491362765,-0.6486906305,999.108708,999.121383,998.34937,998.33148,-0.034479,0.000000,0.499554354,-0.034479,-0.534033354,999.108708,999.121383,998.655054,998.702208,0.1146572765,-1.09329338736
XAG,100,1790713578335665189,1790713588335665189,1790713589148908365,1.62,61.4467,99.554184,0.900,0,0.005670,0.0179038026,0.049771827,-0.0122338026,-0.0620056296,99.543654,99.554184,99.46314,99.468,0.004536,0.000000,0.049771827,0.004536,-0.045235827,99.543654,99.554184,99.495702,99.501696,0.0167698026,-0.10095509844
XAG,250,1790713578335665189,1790713588335665189,1790713589148908365,4.06,61.4467,249.499992,0.900,0,0.014210,0.0448700238,0.124736801,-0.0306600238,-0.1553968248,249.473602,249.499992,249.27182,249.284,0.011368,0.000000,0.124736801,0.011368,-0.113368801,249.473602,249.499992,249.353426,249.368448,0.0420280238,-0.25301092572
XAG,500,1790713578335665189,1790713588335665189,1790713589148908365,8.13,61.4467,499.614516,0.900,0,0.028455,0.0898505649,0.2497808355,-0.0613955649,-0.3111764004,499.561671,499.614516,499.15761,499.182,0.022764,0.000000,0.2497808355,0.022764,-0.2270168355,499.561671,499.614516,499.321023,499.351104,0.0841595649,-0.50664503106
XAG,1000,1790713578335665189,1790713588335665189,1790713589148908365,16.26,61.4467,999.229032,0.900,0,0.056910,0.1797011298,0.499561671,-0.1227911298,-0.6223528008,999.123342,999.229032,998.31522,998.364,0.045528,0.000000,0.499561671,0.045528,-0.454033671,999.123342,999.229032,998.642046,998.702208,0.1683191298,-1.01329006212
XAG,100,1790713583741129465,1790713593741129465,1790713594176639157,1.62,61.4468,99.554184,0.900,0,0.007128,0.0179036568,0.049771908,-0.0107756568,-0.0605475648,99.543816,99.554184,99.46314,99.46638,0.003888,0.000000,0.049771908,0.003888,-0.045883908,99.543816,99.554184,99.495864,99.502344,0.0146636568,-0.10160340624
XAG,250,1790713583741129465,1790713593741129465,1790713594176639157,4.06,61.4468,249.499992,0.900,0,0.017864,0.0448696584,0.124737004,-0.0270056584,-0.1517426624,249.474008,249.499992,249.27182,249.27994,0.009744,0.000000,0.124737004,0.009744,-0.114993004,249.474008,249.499992,249.353832,249.370072,0.0367496584,-0.25463569712
XAG,500,1790713583741129465,1790713593741129465,1790713594176639157,8.13,61.4468,499.614516,0.900,0,0.035772,0.0898498332,0.249781242,-0.0540778332,-0.3038590752,499.562484,499.614516,499.15761,499.17387,0.019512,0.000000,0.249781242,0.019512,-0.230269242,499.562484,499.614516,499.321836,499.354356,0.0735898332,-0.50989857576
XAG,1000,1790713583741129465,1790713593741129465,1790713594176639157,16.26,61.4468,999.229032,0.900,0,0.071544,0.1796996664,0.499562484,-0.1081556664,-0.6077181504,999.124968,999.229032,998.31522,998.34774,0.039024,0.000000,0.499562484,0.039024,-0.460538484,999.124968,999.229032,998.643672,998.708712,0.1471796664,-1.01979715152
XAG,100,1790713589148908365,1790713599148908365,1790713599191194881,1.62,61.4532,99.554184,0.900,0,-0.003240,0.0179039484,0.049777092,-0.0211439484,-0.0709210404,99.554184,99.554184,99.46476,99.468,-0.004374,0.000000,0.049777092,-0.004374,-0.054151092,99.554184,99.554184,99.500076,99.504450,0.0167699484,-0.10987235928
XAG,250,1790713589148908365,1790713599148908365,1790713599191194881,4.06,61.4532,249.499992,0.900,0,-0.008120,0.0448703892,0.124749996,-0.0529903892,-0.1777403852,249.499992,249.499992,249.27588,249.284,-0.010962,0.000000,0.124749996,-0.010962,-0.135711996,249.499992,249.499992,249.364388,249.375350,0.0420283892,-0.27535912264
XAG,500,1790713589148908365,1790713599148908365,1790713599191194881,8.13,61.4532,499.614516,0.900,0,-0.016260,0.0898512966,0.249807258,-0.1061112966,-0.3559185546,499.614516,499.614516,499.16574,499.182,-0.021951,0.000000,0.249807258,-0.021951,-0.271758258,499.614516,499.614516,499.342974,499.364925,0.0841602966,-0.55139646972
XAG,1000,1790713589148908365,1790713599148908365,1790713599191194881,16.26,61.4532,999.229032,0.900,0,-0.032520,0.1797025932,0.499614516,-0.2122225932,-0.7118371092,999.229032,999.229032,998.33148,998.364,-0.043902,0.000000,0.499614516,-0.043902,-0.543516516,999.229032,999.229032,998.685948,998.729850,0.1683205932,-1.10279293944
XAG,100,1790713594176639157,1790713604176639157,1790713604503271034,1.62,61.4532,99.554184,0.900,0,-0.003240,0.0179039484,0.049777092,-0.0211439484,-0.0709210404,99.554184,99.554184,99.46476,99.468,-0.005832,0.000000,0.049777092,-0.005832,-0.055609092,99.554184,99.554184,99.495864,99.501696,0.0153119484,-0.1113284088
XAG,250,1790713594176639157,1790713604176639157,1790713604503271034,4.06,61.4532,249.499992,0.900,0,-0.008120,0.0448703892,0.124749996,-0.0529903892,-0.1777403852,249.499992,249.499992,249.27588,249.284,-0.014616,0.000000,0.124749996,-0.014616,-0.139365996,249.499992,249.499992,249.353832,249.368448,0.0383743892,-0.2790082344
XAG,500,1790713594176639157,1790713604176639157,1790713604503271034,8.13,61.4532,499.614516,0.900,0,-0.016260,0.0898512966,0.249807258,-0.1061112966,-0.3559185546,499.614516,499.614516,499.16574,499.182,-0.029268,0.000000,0.249807258,-0.029268,-0.279075258,499.614516,499.614516,499.321836,499.351104,0.0768432966,-0.5587036812
XAG,1000,1790713594176639157,1790713604176639157,1790713604503271034,16.26,61.4532,999.229032,0.900,0,-0.032520,0.1797025932,0.499614516,-0.2122225932,-0.7118371092,999.229032,999.229032,998.33148,998.364,-0.058536,0.000000,0.499614516,-0.058536,-0.558150516,999.229032,999.229032,998.643672,998.702208,0.1536865932,-1.1174073624
XAG,100,1790713599191194881,1790713609191194881,1790713609563269532,1.62,61.4532,99.560178,0.900,0,-0.002106,0.0179046774,0.049777092,-0.0200106774,-0.0697877694,99.554184,99.560178,99.46638,99.47448,-0.010854,0.000000,0.049777092,-0.010854,-0.060631092,99.554184,99.560178,99.495864,99.512712,0.0091566774,-0.11635349328
XAG,250,1790713599191194881,1790713609191194881,1790713609563269532,4.06,61.4532,249.515014,0.900,0,-0.005278,0.0448722162,0.124749996,-0.0501502162,-0.1749002122,249.499992,249.515014,249.27994,249.30024,-0.027202,0.000000,0.124749996,-0.027202,-0.151951996,249.499992,249.515014,249.353832,249.396056,0.0229482162,-0.29160196464
XAG,500,1790713599191194881,1790713609191194881,1790713609563269532,8.13,61.4532,499.644597,0.900,0,-0.010569,0.0898549551,0.249807258,-0.1004239551,-0.3502312131,499.614516,499.644597,499.17387,499.21452,-0.054471,0.000000,0.249807258,-0.054471,-0.304278258,499.614516,499.644597,499.321836,499.406388,0.0459529551,-0.58392216072
XAG,1000,1790713599191194881,1790713609191194881,1790713609563269532,16.26,61.4532,999.289194,0.900,0,-0.021138,0.1797099102,0.499614516,-0.2008479102,-0.7004624262,999.229032,999.289194,998.34774,998.42904,-0.108942,0.000000,0.499614516,-0.108942,-0.608556516,999.229032,999.289194,998.643672,998.812776,0.0919059102,-1.16784432144
XAG,100,1790713604503271034,1790713614503271034,1790713614960808351,1.62,61.4532,99.56034,0.900,0,-0.003564,0.0179048232,0.049777092,-0.0214688232,-0.0712459152,99.554184,99.56034,99.46638,99.47610,-0.002916,0.000000,0.049777092,-0.002916,-0.052693092,99.554184,99.56034,99.501534,99.510606,0.0185528232,-0.1084164912
XAG,250,1790713604503271034,1790713614503271034,1790713614960808351,4.06,61.4532,249.51542,0.900,0,-0.008932,0.0448725816,0.124749996,-0.0538045816,-0.1785545776,249.499992,249.51542,249.27994,249.30430,-0.007308,0.000000,0.124749996,-0.007308,-0.132057996,249.499992,249.51542,249.368042,249.390778,0.0464965816,-0.2717104656
XAG,500,1790713604503271034,1790713614503271034,1790713614960808351,8.13,61.4532,499.644646,0.900,0,-0.018650,0.0898556868,0.249807258,-0.1085056868,-0.3583129448,499.614516,499.644646,499.17387,499.22265,-0.015398,0.000000,0.249807258,-0.015398,-0.265205258,499.614516,499.644646,499.350291,499.395819,0.0931076868,-0.5448541688
XAG,1000,1790713604503271034,1790713614503271034,1790713614960808351,16.26,61.4532,999.288430,0.900,0,-0.038162,0.1797113736,0.499614516,-0.2178733736,-0.7174878896,999.229032,999.288430,998.34774,998.44530,-0.031658,0.000000,0.499614516,-0.031658,-0.531272516,999.229032,999.288430,998.700582,998.791638,0.1862153736,-1.0905703376
XAG,100,1790713609563269532,1790713619563269532,1790713620392554681,1.62,61.4569,99.560502,0.900,0,-0.001296,0.0179052606,0.049780089,-0.0192012606,-0.0689813496,99.560178,99.560502,99.47286,99.47448,-0.008262,0.000000,0.049780089,-0.008262,-0.058042089,99.560178,99.560502,99.504126,99.512712,0.0109392606,-0.11376680364
XAG,250,1790713609563269532,1790713619563269532,1790713620392554681,4.06,61.4569,249.515826,0.900,0,-0.003248,0.0448736778,0.124757507,-0.0481216778,-0.1728791848,249.515014,249.515826,249.29618,249.30024,-0.020795,0.000000,0.124757507,-0.020795,-0.145552507,249.515014,249.515826,249.374449,249.396056,0.0273266778,-0.2852082484
XAG,500,1790713609563269532,1790713619563269532,1790713620392554681,8.13,61.4569,499.645077,0.900,0,-0.007650,0.0898578819,0.2498222985,-0.0975078819,-0.3473301804,499.644597,499.645077,499.20639,499.21452,-0.043105,0.000000,0.2498222985,-0.043105,-0.2929272985,499.644597,499.645077,499.362803,499.406388,0.0544028819,-0.57258267198
XAG,1000,1790713609563269532,1790713619563269532,1790713620392554681,16.26,61.4569,999.288861,0.900,0,-0.016593,0.1797157638,0.499644597,-0.1963087638,-0.6959533608,999.289194,999.288861,998.41278,998.42904,-0.087820,0.000000,0.499644597,-0.087820,-0.587464597,999.289194,999.288861,998.725289,998.812776,0.1084887638,-1.1467752552
XAG,100,1790713614960808351,1790713624960808351,1790713625752747922,1.62,61.457,99.560664,0.900,0,-0.001296,0.0179052606,0.04978017,-0.0192012606,-0.0689814306,99.56034,99.560664,99.47286,99.47448,-0.009396,0.000000,0.04978017,-0.009396,-0.05917617,99.56034,99.560664,99.504774,99.514494,0.0098052606,-0.11490156504
XAG,250,1790713614960808351,1790713624960808351,1790713625752747922,4.06,61.457,249.516232,0.900,0,-0.003248,0.0448736778,0.12475771,-0.0481216778,-0.1728793878,249.51542,249.516232,249.29618,249.30024,-0.023548,0.000000,0.12475771,-0.023548,-0.14830571,249.51542,249.516232,249.376162,249.400522,0.0245736778,-0.28796318152
XAG,500,1790713614960808351,1790713624960808351,1790713625752747922,8.13,61.457,499.645508,0.900,0,-0.008032,0.0898578819,0.249822705,-0.0978898819,-0.3477125869,499.64541,499.645508,499.20639,499.21452,-0.048682,0.000000,0.249822705,-0.048682,-0.298504705,499.64541,499.645508,499.366551,499.415331,0.0492078819,-0.57816363196
XAG,1000,1790713614960808351,1790713624960808351,1790713625752747922,16.26,61.457,999.289292,0.900,0,-0.017788,0.1797157638,0.49964541,-0.1975037638,-0.6971491738,999.29082,999.289292,998.41278,998.42904,-0.099088,0.000000,0.49964541,-0.099088,-0.59873341,999.29082,999.289292,998.733102,998.830662,0.0984157638,-1.15805126392
XAG,100,1790713620392554681,1790713630392554681,1790713631440898201,1.62,61.4571,99.560826,0.900,0,-0.001296,0.0179052606,0.049780251,-0.0192012606,-0.0689815116,99.560502,99.560826,99.47286,99.47448,-0.008100,0.000000,0.049780251,-0.008100,-0.057880251,99.560502,99.560826,99.506070,99.514494,0.0111012606,-0.11360600892
XAG,250,1790713620392554681,1790713630392554681,1790713631440898201,4.06,61.4571,249.516638,0.900,0,-0.003248,0.0448736778,0.124757913,-0.0481216778,-0.1728795908,249.515826,249.516638,249.29618,249.30024,-0.020300,0.000000,0.124757913,-0.020300,-0.145057913,249.515826,249.516638,249.379410,249.400522,0.0278216778,-0.28471629396
XAG,500,1790713620392554681,1790713630392554681,1790713631440898201,8.13,61.4571,499.645939,0.900,0,-0.008414,0.0898578819,0.2498231115,-0.0982718819,-0.3480949934,499.646223,499.645939,499.20639,499.21452,-0.042560,0.000000,0.2498231115,-0.042560,-0.2923831115,499.646223,499.645939,499.373055,499.415331,0.0557118819,-0.57204385958
XAG,1000,1790713620392554681,1790713630392554681,1790713631440898201,16.26,61.4571,999.289723,0.900,0,-0.018983,0.1797157638,0.499646223,-0.1986987638,-0.6983449868,999.292446,999.289723,998.41278,998.42904,-0.087275,0.000000,0.499646223,-0.087275,-0.586921223,999.292446,999.289723,998.746110,998.830662,0.1114237638,-1.14624271916
XAG,100,1790713625752747922,1790713635752747922,1790713636837016840,1.62,61.4572,99.560826,0.900,0,-0.001458,0.0179052606,0.049780332,-0.0193632606,-0.0691435926,99.560664,99.560826,99.47286,99.47448,-0.004860,0.000000,0.049780332,-0.004860,-0.054640332,99.560664,99.560826,99.507042,99.512064,0.0145032606,-0.11036568168
XAG,250,1790713625752747922,1790713635752747922,1790713636837016840,4.06,61.4572,249.516638,0.900,0,-0.003654,0.0448736778,0.124758116,-0.0485276778,-0.1732857938,249.516232,249.516638,249.29618,249.30024,-0.012180,0.000000,0.124758116,-0.012180,-0.136938116,249.516232,249.516638,249.381846,249.394432,0.0363476778,-0.27659547384
XAG,500,1790713625752747922,1790713635752747922,1790713636837016840,8.13,61.4572,499.645939,0.900,0,-0.009227,0.0898578819,0.249823518,-0.0990848819,-0.3489083999,499.647036,499.645939,499.20639,499.21452,-0.026300,0.000000,0.249823518,-0.026300,-0.276123518,499.647036,499.645939,499.377933,499.403136,0.0727848819,-0.55578221732
XAG,1000,1790713625752747922,1790713635752747922,1790713636837016840,16.26,61.4572,999.289723,0.900,0,-0.020609,0.1797157638,0.499647036,-0.2003247638,-0.6999717998,999.294072,999.289723,998.41278,998.42904,-0.054755,0.000000,0.499647036,-0.054755,-0.554402036,999.294072,999.289723,998.755866,998.806272,0.1455697638,-1.11371943464
XAG,100,1790713631440898201,1790713641440898201,1790713642039389298,1.62,61.4573,99.560988,0.900,0,-0.001458,0.0179052606,0.049780413,-0.0193632606,-0.0691436736,99.560826,99.560988,99.47286,99.47448,-0.009072,0.000000,0.049780413,-0.009072,-0.058852413,99.560826,99.560988,99.507042,99.516276,0.0102912606,-0.11457894204
XAG,250,1790713631440898201,1790713641440898201,1790713642039389298,4.06,61.4573,249.517044,0.900,0,-0.003654,0.0448736778,0.124758319,-0.0485276778,-0.1732859968,249.516638,249.517044,249.29618,249.30024,-0.022736,0.000000,0.124758319,-0.022736,-0.147494319,249.516638,249.517044,249.381846,249.404988,0.0257916778,-0.28715463252
XAG,500,1790713631440898201,1790713641440898201,1790713642039389298,8.13,61.4573,499.646370,0.900,0,-0.009609,0.0898578819,0.2498239245,-0.0994668819,-0.3492908064,499.647849,499.646370,499.20639,499.21452,-0.047820,0.000000,0.2498239245,-0.047820,-0.2976439245,499.647849,499.646370,499.377933,499.424274,0.0516468819,-0.57730854246
XAG,1000,1790713631440898201,1790713641440898201,1790713642039389298,16.26,61.4573,999.290154,0.900,0,-0.021804,0.1797157638,0.499647849,-0.2015197638,-0.7011676128,999.295698,999.290154,998.41278,998.42904,-0.098226,0.000000,0.499647849,-0.098226,-0.597873849,999.295698,999.290154,998.755866,998.848548,0.1032937638,-1.15720308492
XAG,100,1790713636837016840,1790713646837016840,1790713647469274564,1.62,61.4573,99.560988,0.900,0,-0.001458,0.0179052606,0.049780413,-0.0193632606,-0.0691436736,99.560826,99.560988,99.47286,99.47448,-0.009720,0.000000,0.049780413,-0.009720,-0.059500413,99.560826,99.560988,99.506394,99.516276,0.0096432606,-0.1152267606
XAG,250,1790713636837016840,1790713646837016840,1790713647469274564,4.06,61.4573,249.517044,0.900,0,-0.003654,0.0448736778,0.124758319,-0.0485276778,-0.1732859968,249.516638,249.517044,249.29618,249.30024,-0.024360,0.000000,0.124758319,-0.024360,-0.149118319,249.516638,249.517044,249.380222,249.404988,0.0241676778,-0.2887781778
XAG,500,1790713636837016840,1790713646837016840,1790713647469274564,8.13,61.4573,499.646370,0.900,0,-0.009609,0.0898578819,0.2498239245,-0.0994668819,-0.3492908064,499.647849,499.646370,499.20639,499.21452,-0.051072,0.000000,0.2498239245,-0.051072,-0.3008959245,499.647849,499.646370,499.374681,499.424274,0.0483948819,-0.5805596319
XAG,1000,1790713636837016840,1790713646837016840,1790713647469274564,16.26,61.4573,999.290154,0.900,0,-0.021804,0.1797157638,0.499647849,-0.2015197638,-0.7011676128,999.295698,999.290154,998.41278,998.42904,-0.104730,0.000000,0.499647849,-0.104730,-0.604377849,999.295698,999.290154,998.749362,998.848548,0.0967897638,-1.1637052638
XAG,100,1790713642039389298,1790713652039389298,1790713652794398117,1.62,61.4574,99.560988,0.900,0,-0.001620,0.0179052606,0.049780494,-0.0195252606,-0.0693057546,99.560988,99.560988,99.47286,99.47448,-0.008100,0.000000,0.049780494,-0.008100,-0.057880494,99.560988,99.560988,99.507042,99.515142,0.0114252606,-0.11360670552
XAG,250,1790713642039389298,1790713652039389298,1790713652794398117,4.06,61.4574,249.517044,0.900,0,-0.004060,0.0448736778,0.124758522,-0.0489336778,-0.1736921998,249.517044,249.517044,249.29618,249.30024,-0.020300,0.000000,0.124758522,-0.020300,-0.145058522,249.517044,249.517044,249.381846,249.402146,0.0286336778,-0.28471803976
XAG,500,1790713642039389298,1790713652039389298,1790713652794398117,8.13,61.4574,499.646370,0.900,0,-0.010422,0.0898578819,0.249824331,-0.1002798819,-0.3501042129,499.648662,499.646370,499.20639,499.21452,-0.042942,0.000000,0.249824331,-0.042942,-0.292766331,499.648662,499.646370,499.377933,499.418583,0.0573378819,-0.57242935548
XAG,1000,1790713642039389298,1790713652039389298,1790713652794398117,16.26,61.4574,999.290154,0.900,0,-0.023430,0.1797157638,0.499648662,-0.2031457638,-0.7027944258,999.297324,999.290154,998.41278,998.42904,-0.088470,0.000000,0.499648662,-0.088470,-0.588118662,999.297324,999.290154,998.755866,998.837166,0.1146757638,-1.14744471096
XAG,100,1790713647469274564,1790713657469274564,1790713658178214192,1.62,61.4574,99.560988,0.900,0,-0.001620,0.0179052606,0.049780494,-0.0195252606,-0.0693057546,99.560988,99.560988,99.47286,99.47448,-0.004374,0.000000,0.049780494,-0.004374,-0.054154494,99.560988,99.560988,99.508176,99.512550,0.0151512606,-0.10988029728
XAG,250,1790713647469274564,1790713657469274564,1790713658178214192,4.06,61.4574,249.517044,0.900,0,-0.004060,0.0448736778,0.124758522,-0.0489336778,-0.1736921998,249.517044,249.517044,249.29618,249.30024,-0.010962,0.000000,0.124758522,-0.010962,-0.135720522,249.517044,249.517044,249.384688,249.395650,0.0379716778,-0.27537901664
XAG,500,1790713647469274564,1790713657469274564,1790713658178214192,8.13,61.4574,499.646370,0.900,0,-0.010422,0.0898578819,0.249824331,-0.1002798819,-0.3501042129,499.648662,499.646370,499.20639,499.21452,-0.024243,0.000000,0.249824331,-0.024243,-0.274067331,499.648662,499.646370,499.383624,499.405575,0.0760368819,-0.55372830672
XAG,1000,1790713647469274564,1790713657469274564,1790713658178214192,16.26,61.4574,999.290154,0.900,0,-0.023430,0.1797157638,0.499648662,-0.2031457638,-0.7027944258,999.297324,999.290154,998.41278,998.42904,-0.051072,0.000000,0.499648662,-0.051072,-0.550720662,999.297324,999.290154,998.767248,998.811150,0.1520737638,-1.11004261344
XAG,100,1790713652794398117,1790713662794398117,1790713663592825431,1.62,61.4574,99.560016,0.900,0,-0.002592,0.0179052606,0.049780494,-0.0204972606,-0.0702777546,99.560988,99.560016,99.47286,99.47448,-0.006966,0.000000,0.049780494,-0.006966,-0.056746494,99.560988,99.560016,99.505422,99.511416,0.0135312606,-0.11247120864
XAG,250,1790713652794398117,1790713662794398117,1790713663592825431,4.06,61.4574,249.514608,0.900,0,-0.006496,0.0448736778,0.124758522,-0.0513696778,-0.1761281998,249.517044,249.514608,249.29618,249.30024,-0.017519,0.000000,0.124758522,-0.017519,-0.142277522,249.517044,249.514608,249.377786,249.392869,0.0338506778,-0.2819333054
XAG,500,1790713652794398117,1790713662794398117,1790713663592825431,8.13,61.4574,499.643784,0.900,0,-0.013008,0.0898578819,0.249824331,-0.1028658819,-0.3526902129,499.648662,499.643784,499.20639,499.21452,-0.035427,0.000000,0.249824331,-0.035427,-0.285251331,499.648662,499.643784,499.369803,499.400352,0.0674388819,-0.5649069744
XAG,1000,1790713652794398117,1790713662794398117,1790713663592825431,16.26,61.4574,999.287568,0.900,0,-0.026016,0.1797157638,0.499648662,-0.2057317638,-0.7053804258,999.297324,999.287568,998.41278,998.42904,-0.071199,0.000000,0.499648662,-0.071199,-0.570847662,999.297324,999.287568,998.739606,998.801049,0.1345327638,-1.1301590454
XAG,100,1790713658178214192,1790713668178214192,1790713669102211958,1.62,61.4574,99.560178,0.900,0,-0.002430,0.0179052606,0.049780494,-0.0203352606,-0.0701157546,99.560988,99.560178,99.47286,99.47448,-0.002592,0.000000,0.049780494,-0.002592,-0.052372494,99.560988,99.560178,99.506394,99.508176,0.0177432606,-0.1080965736
XAG,250,1790713658178214192,1790713668178214192,1790713669102211958,4.06,61.4574,249.515014,0.900,0,-0.006090,0.0448736778,0.124758522,-0.0509636778,-0.1757221998,249.517044,249.515014,249.29618,249.30024,-0.006496,0.000000,0.124758522,-0.006496,-0.131254522,249.517044,249.515014,249.380222,249.384688,0.0444676778,-0.2709086968
XAG,500,1790713658178214192,1790713668178214192,1790713669102211958,8.13,61.4574,499.644215,0.900,0,-0.012577,0.0898578819,0.249824331,-0.1024348819,-0.3522592129,499.648662,499.644215,499.20639,499.21452,-0.013390,0.000000,0.249824331,-0.013390,-0.263214331,499.648662,499.644215,499.374681,499.383624,0.0890448819,-0.5428666564
XAG,1000,1790713658178214192,1790713668178214192,1790713669102211958,16.26,61.4574,999.287999,0.900,0,-0.025585,0.1797157638,0.499648662,-0.2053007638,-0.7049494258,999.297324,999.287999,998.41278,998.42904,-0.027211,0.000000,0.499648662,-0.027211,-0.526859662,999.297324,999.287999,998.749362,998.767248,0.1780897638,-1.0861643128
XAG,100,1790713663592825431,1790713673592825431,1790713674277650063,1.62,61.4568,99.548514,0.900,0,-0.013122,0.0179052606,0.049780008,-0.0310272606,-0.0808072686,99.560016,99.548514,99.47286,99.47448,-0.011826,0.000000,0.049780008,-0.011826,-0.061606008,99.560016,99.548514,99.504288,99.504612,0.0192012606,-0.117328500
XAG,250,1790713663592825431,1790713673592825431,1790713674277650063,4.06,61.4568,249.485782,0.900,0,-0.032886,0.0448736778,0.124757304,-0.0777596778,-0.2025169818,249.514608,249.485782,249.29618,249.30024,-0.030614,0.000000,0.124757304,-0.030614,-0.155371304,249.514608,249.485782,249.374944,249.376732,0.0471456778,-0.29502177328
XAG,500,1790713663592825431,1790713673592825431,1790713674277650063,8.13,61.4568,499.571927,0.900,0,-0.079987,0.0898578819,0.249821892,-0.1698448819,-0.4196667739,499.643784,499.571927,499.20639,499.21452,-0.080971,0.000000,0.249821892,-0.080971,-0.330792892,499.643784,499.571927,499.364112,499.373226,0.0888738819,-0.61043934664
XAG,1000,1790713663592825431,1790713673592825431,1790713674277650063,16.26,61.4568,999.127907,0.900,0,-0.175921,0.1797157638,0.499643784,-0.3556367638,-0.8552805478,999.287568,999.127907,998.41278,998.42904,-0.183409,0.000000,0.499643784,-0.183409,-0.683052784,999.287568,999.127907,998.728224,998.751972,0.1722277638,-1.24234723888
XAG,100,1790713674277650063,1790713684277650063,1790713685145643802,1.62,61.4497,99.558558,0.900,0,0.013284,0.0179048232,0.049774257,-0.0046208232,-0.0543950802,99.548514,99.558558,99.47286,99.46962,-0.006804,0.000000,0.049774257,-0.006804,-0.056578257,99.548514,99.558558,99.494082,99.510930,-0.0021831768,-0.11229966036
XAG,250,1790713674277650063,1790713684277650063,1790713685145643802,4.06,61.4497,249.510954,0.900,0,0.033292,0.0448725816,0.124742891,-0.0115805816,-0.1363234726,249.485782,249.510954,249.29618,249.28806,-0.017052,0.000000,0.124742891,-0.017052,-0.141794891,249.485782,249.510954,249.349366,249.391590,-0.0054714184,-0.28144235868
XAG,500,1790713674277650063,1790713684277650063,1790713685145643802,8.13,61.4497,499.636467,0.900,0,0.066666,0.0898556868,0.2497930305,-0.0231896868,-0.2729827173,499.586061,499.636467,499.20639,499.19013,-0.034146,0.000000,0.2497930305,-0.034146,-0.2839390305,499.586061,499.636467,499.312893,499.397445,-0.0109563132,-0.56357792514
XAG,1000,1790713674277650063,1790713684277650063,1790713685145643802,16.26,61.4497,999.272934,0.900,0,0.133332,0.1797113736,0.499586061,-0.0463793736,-0.5459654346,999.172122,999.272934,998.41278,998.38026,-0.068292,0.000000,0.499586061,-0.068292,-0.567878061,999.172122,999.272934,998.625786,998.794890,-0.0219126264,-1.12715585028
XAG,100,1790713679670378767,1790713689670378767,1790713690505875717,1.62,61.4497,99.558558,0.900,0,0.006804,0.01790424,0.049774257,-0.01110024,-0.060874497,99.548514,99.558558,99.46638,99.46962,-0.005346,0.000000,0.049774257,-0.005346,-0.055120257,99.548514,99.558558,99.494406,99.509796,0.005754240,-0.11084143356
XAG,250,1790713679670378767,1790713689670378767,1790713690505875717,4.06,61.4497,249.510954,0.900,0,0.017052,0.04487112,0.124742891,-0.02781912,-0.152562011,249.485782,249.510954,249.27994,249.28806,-0.013398,0.000000,0.124742891,-0.013398,-0.138140891,249.485782,249.510954,249.350178,249.388748,0.014421120,-0.27778779028
XAG,500,1790713679670378767,1790713689670378767,1790713690505875717,8.13,61.4497,499.636467,0.900,0,0.034146,0.08985276,0.2497930305,-0.05570676,-0.3054997905,499.586061,499.636467,499.17387,499.19013,-0.026829,0.000000,0.2497930305,-0.026829,-0.2766220305,499.586061,499.636467,499.314519,499.391754,0.0288777600,-0.55625978694
XAG,1000,1790713679670378767,1790713689670378767,1790713690505875717,16.26,61.4497,999.272934,0.900,0,0.068292,0.17970552,0.499586061,-0.11141352,-0.610999581,999.172122,999.272934,998.34774,998.38026,-0.053658,0.000000,0.499586061,-0.053658,-0.553244061,999.172122,999.272934,998.629038,998.783508,0.057755520,-1.11251957388
XAG,100,1790713685145643802,1790713695145643802,1790713695912478877,1.62,61.4559,99.558558,0.900,0,-0.001620,0.0179043858,0.049779279,-0.0195243858,-0.0693036648,99.558558,99.558558,99.468,99.46962,-0.006318,0.000000,0.049779279,-0.006318,-0.056097279,99.558558,99.558558,99.504288,99.510606,0.0132063858,-0.11182144932
XAG,250,1790713685145643802,1790713695145643802,1790713695912478877,4.06,61.4559,249.510954,0.900,0,-0.004060,0.0448714854,0.124755477,-0.0489314854,-0.1736869624,249.510954,249.510954,249.284,249.28806,-0.017725,0.000000,0.124755477,-0.017725,-0.142480477,249.510954,249.510954,249.374944,249.392669,0.0312064854,-0.28213540864
XAG,500,1790713685145643802,1790713695145643802,1790713695912478877,8.13,61.4559,499.636467,0.900,0,-0.008130,0.0898534917,0.2498182335,-0.0979834917,-0.3478017252,499.636467,499.636467,499.182,499.19013,-0.046215,0.000000,0.2498182335,-0.046215,-0.2960332335,499.636467,499.636467,499.364112,499.410327,0.0517684917,-0.57569007642
XAG,1000,1790713685145643802,1790713695145643802,1790713695912478877,16.26,61.4559,999.272934,0.900,0,-0.016260,0.1797069834,0.499636467,-0.1959669834,-0.6956034504,999.272934,999.272934,998.364,998.38026,-0.103125,0.000000,0.499636467,-0.103125,-0.602761467,999.272934,999.272934,998.728224,998.831349,0.0928419834,-1.16207814744
XAG,100,1790713690505875717,1790713700505875717,1790713701311799104,1.62,61.4559,99.549324,0.900,0,-0.014094,0.0179046774,0.049779279,-0.0319986774,-0.0817779564,99.558558,99.549324,99.468,99.47286,-0.006642,0.000000,0.049779279,-0.006642,-0.056421279,99.558558,99.549324,99.504288,99.501696,0.0253566774,-0.11214295452
XAG,250,1790713690505875717,1790713700505875717,1790713701311799104,4.06,61.4559,249.487812,0.900,0,-0.035322,0.0448722162,0.124755477,-0.0801942162,-0.2049496932,249.510954,249.487812,249.284,249.29618,-0.016646,0.000000,0.124755477,-0.016646,-0.141401477,249.510954,249.487812,249.374944,249.368448,0.0635482162,-0.28104962676
XAG,500,1790713690505875717,1790713700505875717,1790713701311799104,8.13,61.4559,499.589362,0.900,0,-0.071495,0.0898549551,0.2498182335,-0.1613499551,-0.4111681886,499.636467,499.589362,499.182,499.20639,-0.034097,0.000000,0.2498182335,-0.034097,-0.2839152335,499.636467,499.589362,499.364112,499.351104,0.1272529551,-0.56355549398
XAG,1000,1790713690505875717,1790713700505875717,1790713701311799104,16.26,61.4559,999.177862,0.900,0,-0.143852,0.1797099102,0.499636467,-0.3235619102,-0.8231983772,999.272934,999.177862,998.364,998.41278,-0.069056,0.000000,0.499636467,-0.069056,-0.568692467,999.272934,999.177862,998.728224,998.702208,0.2545059102,-1.12797298796
XAG,100,1790713695912478877,1790713705912478877,1790713706855712799,1.62,61.4559,99.549162,0.900,0,0.000324,0.0179033652,0.049779279,-0.0175793652,-0.0673586442,99.558558,99.549162,99.468,99.45828,-0.007776,0.000000,0.049779279,-0.007776,-0.057555279,99.558558,99.549162,99.504288,99.502668,0.0098033652,-0.11327722668
XAG,250,1790713695912478877,1790713705912478877,1790713706855712799,4.06,61.4559,249.487406,0.900,0,0.000812,0.0448689276,0.124755477,-0.0440569276,-0.1688124046,249.510954,249.487406,249.284,249.25964,-0.020708,0.000000,0.124755477,-0.020708,-0.145463477,249.510954,249.487406,249.374944,249.372104,0.0233489276,-0.28511265044
XAG,500,1790713695912478877,1790713705912478877,1790713706855712799,8.13,61.4559,499.588931,0.900,0,0.001244,0.0898483698,0.2498182335,-0.0886043698,-0.3384226033,499.636467,499.588931,499.182,499.13322,-0.048766,0.000000,0.2498182335,-0.048766,-0.2985842335,499.636467,499.588931,499.364112,499.365342,0.0398383698,-0.57822848062
XAG,1000,1790713695912478877,1790713705912478877,1790713706855712799,16.26,61.4559,999.177431,0.900,0,0.002057,0.1796967396,0.499636467,-0.1776397396,-0.6772762066,999.272934,999.177431,998.364,998.26644,-0.104863,0.000000,0.499636467,-0.104863,-0.604499467,999.272934,999.177431,998.728224,998.737584,0.0727767396,-1.16378989324
XAG,100,1790713701311799104,1790713711311799104,1790713712725086501,1.62,61.4502,99.549162,0.900,0,0.011178,0.0179038026,0.049774662,-0.0067258026,-0.0565004646,99.549324,99.549162,99.47124,99.45990,-0.008262,0.000000,0.049774662,-0.008262,-0.058036662,99.549324,99.549162,99.493434,99.501534,-0.0015361974,-0.11375525304
XAG,250,1790713701311799104,1790713711311799104,1790713712725086501,4.06,61.4502,249.487406,0.900,0,0.028014,0.0448700238,0.124743906,-0.0168560238,-0.1415999298,249.487812,249.487406,249.29212,249.26370,-0.020767,0.000000,0.124743906,-0.020767,-0.145510906,249.487812,249.487406,249.347742,249.368103,-0.0039109762,-0.2851513426
XAG,500,1790713701311799104,1790713711311799104,1790713712725086501,8.13,61.4502,499.574033,0.900,0,0.036747,0.0898501986,0.249795063,-0.0531031986,-0.3028982616,499.590126,499.574033,499.19419,499.14135,-0.057211,0.000000,0.249795063,-0.057211,-0.307006063,499.590126,499.574033,499.309641,499.350759,-0.0041078014,-0.586630975
XAG,1000,1790713701311799104,1790713711311799104,1790713712725086501,16.26,61.4502,999.130826,0.900,0,0.044064,0.1796993001,0.499590126,-0.1356353001,-0.6352254261,999.180252,999.130826,998.37619,998.28270,-0.132007,0.000000,0.499590126,-0.132007,-0.631597126,999.180252,999.130826,998.619282,998.701863,0.0036283001,-1.1908470466
XAG,100,1790713712725086501,1790713722725086501,1790713722825614507,1.62,61.4501,99.556614,0.900,0,-0.010368,0.0179040942,0.049774581,-0.0282720942,-0.0780466752,99.549162,99.556614,99.45828,99.47610,-0.011664,0.000000,0.049774581,-0.011664,-0.061438581,99.549162,99.556614,99.497970,99.517086,0.0166080942,-0.11716279668
XAG,250,1790713712725086501,1790713722725086501,1790713722825614507,4.06,61.4501,249.506082,0.900,0,-0.025984,0.0448707546,0.124743703,-0.0708547546,-0.1955984576,249.487406,249.506082,249.25964,249.30430,-0.029232,0.000000,0.124743703,-0.029232,-0.153975703,249.487406,249.506082,249.359110,249.407018,0.0416227546,-0.29363021884
XAG,500,1790713712725086501,1790713722725086501,1790713722825614507,8.13,61.4501,499.626711,0.900,0,-0.052032,0.0898520283,0.2497946565,-0.1418840283,-0.3916786848,499.589313,499.626711,499.13322,499.22265,-0.058536,0.000000,0.2497946565,-0.058536,-0.3083306565,499.589313,499.626711,499.332405,499.428339,0.0833480283,-0.58798366482
XAG,1000,1790713712725086501,1790713722725086501,1790713722825614507,16.26,61.4501,999.253422,0.900,0,-0.104064,0.1797040566,0.499589313,-0.2837680566,-0.7833573696,999.178626,999.253422,998.26644,998.44530,-0.117072,0.000000,0.499589313,-0.117072,-0.616661313,999.178626,999.253422,998.664810,998.856678,0.1666960566,-1.17596732964
XAG,100,1790713722724855156,1790713732724855156,1790713733907221956,1.62,61.4547,99.567144,0.900,0,0.005670,0.0179058438,0.049778307,-0.0122358438,-0.0620141508,99.556614,99.567144,99.47448,99.47934,0.000000,0.000000,0.049778307,0.000000,-0.049778307,99.556614,99.567144,99.509796,99.520326,0.0122358438,-0.10550674116
XAG,250,1790713722724855156,1790713732724855156,1790713733907221956,4.06,61.4547,249.532472,0.900,0,0.014210,0.0448751394,0.124753041,-0.0306651394,-0.1554181804,249.506082,249.532472,249.30024,249.31242,-0.000183,0.000000,0.124753041,-0.000183,-0.124936041,249.506082,249.532472,249.388748,249.415321,0.0304821394,-0.26460118032
XAG,500,1790713722724855156,1790713732724855156,1790713733907221956,8.13,61.4547,499.679174,0.900,0,0.028073,0.0898608087,0.2498133555,-0.0617878087,-0.3116011642,499.626711,499.679174,499.21452,499.23891,-0.001786,0.000000,0.2498133555,-0.001786,-0.2515993555,499.626711,499.679174,499.391754,499.446003,0.0600018087,-0.53127392746
XAG,1000,1790713722724855156,1790713732724855156,1790713733907221956,16.26,61.4547,999.357917,0.900,0,0.055715,0.1797216174,0.499626711,-0.1240066174,-0.6236333284,999.253422,999.357917,998.42904,998.47782,-0.005038,0.000000,0.499626711,-0.005038,-0.504664711,999.253422,999.357917,998.783508,998.893041,0.1189686174,-1.06401414472
XAG,100,1790713728101623858,1790713738101623858,1790713738851732348,1.62,61.4611,99.567144,0.900,0,-0.003078,0.0179062812,0.049783491,-0.0209842812,-0.0707677722,99.566982,99.567144,99.47772,99.48096,-0.010368,0.000000,0.049783491,-0.010368,-0.060151491,99.566982,99.567144,99.509958,99.520488,0.0106162812,-0.11588001588
XAG,250,1790713728101623858,1790713738101623858,1790713738851732348,4.06,61.4611,249.532472,0.900,0,-0.007714,0.0448762356,0.124766033,-0.0525902356,-0.1773562686,249.532066,249.532472,249.30836,249.31648,-0.026045,0.000000,0.124766033,-0.026045,-0.150811033,249.532066,249.532472,249.389154,249.415605,0.0265452356,-0.29047636552
XAG,500,1790713728101623858,1790713738101623858,1790713738851732348,8.13,61.4611,499.679174,0.900,0,-0.015829,0.0898630038,0.2498393715,-0.1056920038,-0.3555313753,499.678743,499.679174,499.23078,499.24704,-0.052882,0.000000,0.2498393715,-0.052882,-0.3027213715,499.678743,499.679174,499.392567,499.445880,0.0528100038,-0.58239613666
XAG,1000,1790713728101623858,1790713738101623858,1790713738851732348,16.26,61.4611,999.357917,0.900,0,-0.032089,0.1797260076,0.499678743,-0.2118150076,-0.7114937506,999.357486,999.357917,998.46156,998.49408,-0.106540,0.000000,0.499678743,-0.106540,-0.606218743,999.357486,999.357917,998.785134,998.892105,0.1052750076,-1.16556836992
XAG,100,1790713738851732348,1790713748851732348,1790713749702451255,1.62,61.4612,99.594522,0.900,0,0.001458,0.017908614,0.049783572,-0.016450614,-0.066234186,99.567144,99.594522,99.47934,99.50526,-0.010206,0.000000,0.049783572,-0.010206,-0.059989572,99.567144,99.594522,99.512874,99.550458,0.006244614,-0.11572730496
XAG,250,1790713738851732348,1790713748851732348,1790713749702451255,4.06,61.4612,249.601086,0.900,0,0.003654,0.044882082,0.124766236,-0.041228082,-0.165994318,249.532472,249.601086,249.31242,249.37738,-0.025578,0.000000,0.124766236,-0.025578,-0.150344236,249.532472,249.601086,249.396462,249.490654,0.015650082,-0.29003262848
XAG,500,1790713738851732348,1790713748851732348,1790713749702451255,8.13,61.4612,499.816953,0.900,0,0.007317,0.089874711,0.249839778,-0.082557711,-0.332397489,499.679556,499.816953,499.23891,499.36899,-0.051219,0.000000,0.249839778,-0.051219,-0.301058778,499.679556,499.816953,499.407201,499.595817,0.031338711,-0.58077962304
XAG,1000,1790713738851732348,1790713748851732348,1790713749702451255,16.26,61.4612,999.633302,0.900,0,0.014030,0.179749422,0.499679556,-0.165719422,-0.665398978,999.359112,999.633302,998.47782,998.73798,-0.103042,0.000000,0.499679556,-0.103042,-0.602721556,999.359112,999.633302,998.814402,999.191634,0.062677422,-1.16216324608
XAG,100,1790713744273424129,1790713754273424129,1790713755101275055,1.62,61.4689,99.594522,0.900,0,-0.004536,0.0179097804,0.049789809,-0.0224457804,-0.0722355894,99.579618,99.594522,99.48906,99.50850,-0.006318,0.000000,0.049789809,-0.006318,-0.056107809,99.579618,99.594522,99.523404,99.544626,0.0161277804,-0.1118468574
XAG,250,1790713744273424129,1790713754273424129,1790713755101275055,4.06,61.4689,249.601086,0.900,0,-0.011368,0.0448850052,0.124781867,-0.0562530052,-0.1810348722,249.563734,249.601086,249.33678,249.38550,-0.015834,0.000000,0.124781867,-0.015834,-0.140615867,249.563734,249.601086,249.422852,249.476038,0.0404190052,-0.2803075562
XAG,500,1790713744273424129,1790713754273424129,1790713755101275055,8.13,61.4689,499.816953,0.900,0,-0.022764,0.0898805646,0.2498710785,-0.1126445646,-0.3625156431,499.742157,499.816953,499.28769,499.38525,-0.031707,0.000000,0.2498710785,-0.031707,-0.2815780785,499.742157,499.816953,499.460046,499.566549,0.0809375646,-0.5613055251
XAG,1000,1790713744273424129,1790713754273424129,1790713755101275055,16.26,61.4689,999.633302,0.900,0,-0.046132,0.1797611292,0.499742157,-0.2258931292,-0.7256352862,999.484314,999.633302,998.57538,998.77050,-0.064018,0.000000,0.499742157,-0.064018,-0.563760157,999.484314,999.633302,998.920092,999.133098,0.1618751292,-1.1232150502
XAG,100,1790713749702451255,1790713759702451255,1790713760471260909,1.62,61.4781,99.594522,0.900,0,-0.014580,0.0179102178,0.049797261,-0.0324902178,-0.0822874788,99.594522,99.594522,99.49392,99.50850,-0.004860,0.000000,0.049797261,-0.004860,-0.054657261,99.594522,99.594522,99.537822,99.542682,0.0276302178,-0.11039980212
XAG,250,1790713749702451255,1790713759702451255,1790713760471260909,4.06,61.4781,249.601086,0.900,0,-0.036540,0.0448861014,0.124800543,-0.0814261014,-0.2062266444,249.601086,249.601086,249.34896,249.38550,-0.012180,0.000000,0.124800543,-0.012180,-0.136980543,249.601086,249.601086,249.458986,249.471166,0.0692461014,-0.27668098556
XAG,500,1790713749702451255,1790713759702451255,1790713760471260909,8.13,61.4781,499.816863,0.900,0,-0.073260,0.0898827597,0.2499084765,-0.1631427597,-0.4130512362,499.816953,499.816863,499.31208,499.38525,-0.024480,0.000000,0.2499084765,-0.024480,-0.2743884765,499.816953,499.816863,499.532403,499.556793,0.1386627597,-0.55413345138
XAG,1000,1790713749702451255,1790713759702451255,1790713760471260909,16.26,61.4781,999.633003,0.900,0,-0.147243,0.1797655194,0.499816953,-0.3270085194,-0.8268254724,999.633906,999.633003,998.62416,998.77050,-0.049683,0.000000,0.499816953,-0.049683,-0.549499953,999.633906,999.633003,999.064806,999.113586,0.2773255194,-1.10898990276
XAG,100,1790713755101275055,1790713765101275055,1790713765983698160,1.62,61.4781,99.594522,0.900,0,-0.005130,0.0179110683,0.049797261,-0.0230410683,-0.0728383293,99.594522,99.594522,99.50337,99.50850,-0.005346,0.000000,0.049797261,-0.005346,-0.055143261,99.594522,99.594522,99.537012,99.542358,0.0176950683,-0.1108854846
XAG,250,1790713755101275055,1790713765101275055,1790713765983698160,4.06,61.4781,249.601086,0.900,0,-0.014890,0.0448880499,0.124800543,-0.0597780499,-0.1845785929,249.601086,249.601086,249.37061,249.38550,-0.013398,0.000000,0.124800543,-0.013398,-0.138198543,249.601086,249.601086,249.456956,249.470354,0.0463800499,-0.2778981898
XAG,500,1790713755101275055,1790713765101275055,1790713765983698160,8.13,61.4781,499.816572,0.900,0,-0.031551,0.0898865397,0.2499084765,-0.1214375397,-0.3713460162,499.816953,499.816572,499.35408,499.38525,-0.027210,0.000000,0.2499084765,-0.027210,-0.2771184765,499.816953,499.816572,499.528338,499.555167,0.0942275397,-0.5568618579
XAG,1000,1790713755101275055,1790713765101275055,1790713765983698160,16.26,61.4781,999.632712,0.900,0,-0.064884,0.1797729579,0.499816953,-0.2446569579,-0.7444739109,999.633906,999.632712,998.70681,998.77050,-0.054852,0.000000,0.499816953,-0.054852,-0.554668953,999.633906,999.632712,999.056676,999.110334,0.1898049579,-1.1141557158
XAG,100,1790713760471260909,1790713770471260909,1790713771438516737,1.62,61.4781,99.594522,0.900,0,-0.001620,0.0179113842,0.049797261,-0.0195313842,-0.0693286452,99.594522,99.594522,99.50688,99.50850,-0.000486,0.000000,0.049797261,-0.000486,-0.050283261,99.594522,99.594522,99.535392,99.535878,0.0190453842,-0.1060232166
XAG,250,1790713760471260909,1790713770471260909,1790713771438516737,4.06,61.4781,249.601086,0.900,0,-0.004060,0.0448890246,0.124800543,-0.0489490246,-0.1737495676,249.601086,249.601086,249.38144,249.38550,-0.001218,0.000000,0.124800543,-0.001218,-0.126018543,249.601086,249.601086,249.452896,249.454114,0.0477310246,-0.2657125058
XAG,500,1790713760471260909,1790713770471260909,1790713771438516737,8.13,61.4781,499.816572,0.900,0,-0.008511,0.0898886133,0.2499084765,-0.0983996133,-0.3483080898,499.816953,499.816572,499.37712,499.38525,-0.002820,0.000000,0.2499084765,-0.002820,-0.2527284765,499.816953,499.816572,499.520208,499.522647,0.0955796133,-0.5324604759
XAG,1000,1790713760471260909,1790713770471260909,1790713771438516737,16.26,61.4781,999.632712,0.900,0,-0.017454,0.1797772266,0.499816953,-0.1972312266,-0.6970481796,999.633906,999.632712,998.75424,998.77050,-0.006072,0.000000,0.499816953,-0.006072,-0.505888953,999.633906,999.632712,999.040416,999.045294,0.1911592266,-1.0653529518
XAG,100,1790713765983698160,1790713775983698160,1790713776884908677,1.62,61.4781,99.582210,0.900,0,0.002268,0.0179099262,0.049797261,-0.0156419262,-0.0654391872,99.594522,99.582210,99.50688,99.49230,-0.011823,0.000000,0.049797261,-0.011823,-0.061620261,99.594522,99.582210,99.535557,99.535068,0.0038189262,-0.117360036
XAG,250,1790713765983698160,1790713775983698160,1790713776884908677,4.06,61.4781,249.570230,0.900,0,0.005684,0.0448853706,0.124800543,-0.0392013706,-0.1640019136,249.601086,249.570230,249.38144,249.34490,-0.029879,0.000000,0.124800543,-0.029879,-0.154679543,249.601086,249.570230,249.453061,249.452084,0.0093223706,-0.2943729836
XAG,500,1790713765983698160,1790713775983698160,1790713776884908677,8.13,61.4781,499.754784,0.900,0,0.011001,0.0898812963,0.2499084765,-0.0788802963,-0.3287887728,499.816953,499.754784,499.37712,499.30395,-0.060378,0.000000,0.2499084765,-0.060378,-0.3102864765,499.816953,499.754784,499.520373,499.518582,0.0185022963,-0.5900173839
XAG,1000,1790713765983698160,1790713775983698160,1790713776884908677,16.26,61.4781,999.509136,0.900,0,0.021570,0.1797625926,0.499816953,-0.1581925926,-0.6580095456,999.633906,999.509136,998.75424,998.60790,-0.121353,0.000000,0.499816953,-0.121353,-0.621169953,999.633906,999.509136,999.040581,999.037164,0.0368395926,-1.1806317216
XAG,100,1790713771438516737,1790713781438516737,1790713782306851316,1.62,61.4781,99.582048,0.900,0,0.002106,0.0179099262,0.049797261,-0.0158039262,-0.0656011872,99.594522,99.582048,99.50688,99.49230,-0.005508,0.000000,0.049797261,-0.005508,-0.055305261,99.594522,99.582048,99.533286,99.52632,0.0102959262,-0.11104195068
XAG,250,1790713771438516737,1790713781438516737,1790713782306851316,4.06,61.4781,249.569824,0.900,0,0.005278,0.0448853706,0.124800543,-0.0396073706,-0.1644079136,249.601086,249.569824,249.38144,249.34490,-0.013804,0.000000,0.124800543,-0.013804,-0.138604543,249.601086,249.569824,249.447618,249.43016,0.0258033706,-0.27829032084
XAG,500,1790713771438516737,1790713781438516737,1790713782306851316,8.13,61.4781,499.754352,0.900,0,0.010569,0.0898812963,0.2499084765,-0.0793122963,-0.3292207728,499.816953,499.754352,499.37712,499.30395,-0.027642,0.000000,0.2499084765,-0.027642,-0.2775504765,499.816953,499.754352,499.509639,499.47468,0.0516702963,-0.55726608582
XAG,1000,1790713771438516737,1790713781438516737,1790713782306851316,16.26,61.4781,999.508704,0.900,0,0.021138,0.1797625926,0.499816953,-0.1586245926,-0.6584415456,999.633906,999.508704,998.75424,998.60790,-0.055284,0.000000,0.499816953,-0.055284,-0.555100953,999.633906,999.508704,999.019278,998.94936,0.1033405926,-1.11453217164
XAG,100,1790713776884908677,1790713786884908677,1790713788062963571,1.62,61.4705,99.582048,0.900,0,0.001458,0.0179081766,0.049791105,-0.0164501766,-0.0662412816,99.582210,99.582048,99.49068,99.48906,-0.005346,0.000000,0.049791105,-0.005346,-0.055137105,99.582210,99.582048,99.523404,99.528588,0.0111041766,-0.11087166276
XAG,250,1790713776884908677,1790713786884908677,1790713788062963571,4.06,61.4705,249.569824,0.900,0,0.003654,0.0448809858,0.124785115,-0.0412269858,-0.1660121008,249.570230,249.569824,249.34084,249.33678,-0.014047,0.000000,0.124785115,-0.014047,-0.138832115,249.570230,249.569824,249.422203,249.435844,0.0271799858,-0.27851236816
XAG,500,1790713776884908677,1790713786884908677,1790713788062963571,8.13,61.4705,499.754352,0.900,0,0.007317,0.0898725159,0.2498775825,-0.0825555159,-0.3324330984,499.755165,499.754352,499.29582,499.28769,-0.031955,0.000000,0.2498775825,-0.031955,-0.2818325825,499.755165,499.754352,499.454920,499.486062,0.0506005159,-0.56153605746
XAG,1000,1790713776884908677,1790713786884908677,1790713788062963571,16.26,61.4705,999.508704,0.900,0,0.014634,0.1797450318,0.499755165,-0.1651110318,-0.6648661968,999.510330,999.508704,998.59164,998.57538,-0.067727,0.000000,0.499755165,-0.067727,-0.567482165,999.510330,999.508704,998.906023,998.972124,0.0973840318,-1.12688804616
XAG,100,1790713782306851316,1790713792306851316,1790713793207993996,1.62,61.4704,99.582048,0.900,0,0.001620,0.0179081766,0.049791024,-0.0162881766,-0.0660792006,99.582048,99.582048,99.49068,99.48906,-0.013122,0.000000,0.049791024,-0.013122,-0.062913024,99.582048,99.582048,99.520488,99.533610,0.0031661766,-0.11864817144
XAG,250,1790713782306851316,1790713792306851316,1790713793207993996,4.06,61.4704,249.569824,0.900,0,-0.003350,0.0448803189,0.124784912,-0.0482303189,-0.1730152309,249.569824,249.569824,249.33343,249.33678,-0.032886,0.000000,0.124784912,-0.032886,-0.157670912,249.569824,249.569824,249.415544,249.448430,0.0153443189,-0.29735282472
XAG,500,1790713782306851316,1790713792306851316,1790713793207993996,8.13,61.4704,499.754352,0.900,0,-0.015560,0.0898703838,0.249877176,-0.1054303838,-0.3553075598,499.754352,499.754352,499.27213,499.28769,-0.065853,0.000000,0.249877176,-0.065853,-0.315730176,499.754352,499.754352,499.445412,499.511265,0.0395773838,-0.59543804556
XAG,1000,1790713782306851316,1790713792306851316,1790713793207993996,16.26,61.4704,999.508704,0.900,0,-0.039950,0.1797399729,0.499754352,-0.2196899729,-0.7194443249,999.508704,999.508704,998.53543,998.57538,-0.131706,0.000000,0.499754352,-0.131706,-0.631460352,999.508704,999.508704,998.890824,999.022530,0.0879839729,-1.19087609112
